{
"type": "FeatureCollection",
"name": "counties",
"crs": { "type": "name", "properties": { "name": "urn:ogc:def:crs:OGC:1.3:CRS84" } },
"features": [
{"type":"Feature","properties":{"COUNTYFP":"085","NAME":"Lake"},"geometry":{"type":"Polygon","coordinates":[[[-81.102257612900246,41.714304323568633],[-81.102251616309431,41.713632323743845],[-81.102251616505896,41.713593323754203],[-81.102244621002072,41.712706323986055],[-81.102238624567207,41.712003324169643],[-81.102238624909759,41.711935324187714],[-81.102238625000439,41.711917324192484],[-81.102238625247296,41.711868324205511],[-81.102234628784316,41.711169324389139],[-81.102232631169912,41.710697324513532],[-81.102230633550462,41.710226324637659],[-81.102219644877366,41.707986325227502],[-81.10219566961743,41.703093326517312],[-81.102183681802515,41.700683327153193],[-81.102179685691141,41.699914327356126],[-81.102178685982039,41.699857327370879],[-81.102134703020681,41.696507328244863],[-81.102134703252361,41.696461328257122],[-81.102134703322875,41.696447328260845],[-81.102112717159031,41.693716328980351],[-81.102097727614009,41.691651329525619],[-81.102080734918147,41.690213329903322],[-81.10207973596421,41.690006329958237],[-81.10206375016277,41.687198330702593],[-81.102063750258452,41.687179330707657],[-81.102009759950562,41.685293331194565],[-81.101928784521789,41.680470332462662],[-81.101926784614477,41.680453332466669],[-81.101898795037826,41.678402333009508],[-81.101860809058266,41.675643333741107],[-81.101727859541384,41.665702336391625],[-81.101727859596735,41.665691336394595],[-81.10172686001772,41.665608336416817],[-81.101635884586415,41.660785337707402],[-81.101617900063616,41.657720338534816],[-81.101603911512569,41.655453339147321],[-81.101497952564884,41.647358341338148],[-81.101421982488844,41.641454342944613],[-81.104227973919066,41.641438342838839],[-81.112631948156107,41.641410342514128],[-81.117754932427573,41.641398342313622],[-81.120634923450666,41.641417342197407],[-81.120677923318127,41.641417342195709],[-81.12252391770177,41.64140334212442],[-81.131110891169115,41.64141534178458],[-81.131697889365086,41.641414341761454],[-81.132092888152911,41.64141334174591],[-81.132632886493766,41.641412341724639],[-81.136666874091915,41.641406341565421],[-81.136683874044977,41.641405341564734],[-81.138841867404182,41.641403341479425],[-81.14081886133242,41.641399341401112],[-81.142743855421102,41.641395341324731],[-81.143068854419397,41.64139534131187],[-81.143951851708849,41.641393341276775],[-81.146067845186892,41.641393341192966],[-81.146247844632086,41.641393341185832],[-81.148162838718463,41.641395341110197],[-81.150882830357247,41.641391341002013],[-81.153098823538429,41.641389340913939],[-81.153477822381589,41.641387340898618],[-81.153994820793784,41.641386340877965],[-81.16845777639783,41.641355340296187],[-81.174906756582729,41.641345340035656],[-81.178876744807695,41.641268339850235],[-81.190920707312785,41.641332339389514],[-81.191242706344994,41.64132833937483],[-81.194300697124845,41.641295339236628],[-81.195704692891553,41.64128033917271],[-81.198178685424395,41.641255339059981],[-81.198195685378209,41.641254339058783],[-81.201099676631699,41.641222338923782],[-81.214005637287912,41.64115833835487],[-81.21745262678256,41.641141338200754],[-81.218044624953251,41.641142338176778],[-81.221188615220498,41.641150338051432],[-81.223058609553163,41.64113633796395],[-81.223652607724176,41.641136337939201],[-81.226200599891655,41.641134337831609],[-81.226477599038745,41.641134337820063],[-81.228657592293501,41.641139337732938],[-81.229791588801746,41.641139337685722],[-81.230803585698837,41.641137337642064],[-81.231813582562481,41.641141337603067],[-81.232198581390222,41.641139337585507],[-81.234585574106617,41.641129337478205],[-81.235980569791408,41.64113233742242],[-81.237632564711475,41.641131337352739],[-81.239055560370105,41.641125337288436],[-81.240489555995083,41.641119337223543],[-81.241402553251191,41.641109337176928],[-81.241528552843107,41.641112337174192],[-81.243045548132116,41.641118337115849],[-81.243333547171247,41.641129337113284],[-81.247408534766763,41.641108336924539],[-81.250586525895073,41.641093336860912],[-81.258302513056492,41.641054337593495],[-81.259097511719887,41.641052337670715],[-81.262356506103472,41.64106433800719],[-81.262399506037227,41.641063338010476],[-81.265425501033718,41.641043338291638],[-81.265560500811219,41.64104233830404],[-81.268499496022855,41.641012338565311],[-81.268549495944711,41.641011338569236],[-81.268886495379107,41.641010338601653],[-81.269531494330991,41.641003338658365],[-81.271816490585252,41.64098333886389],[-81.272182489983891,41.640980338896973],[-81.273271488195036,41.640971338995236],[-81.273537487756727,41.640969339019428],[-81.276414482971248,41.64095433928788],[-81.276473482871026,41.640954339293721],[-81.276710482434709,41.640959339322642],[-81.278666479186484,41.640948339503986],[-81.28718246495643,41.640913340305147],[-81.287517464400821,41.640911340335862],[-81.291011458532665,41.64090134066852],[-81.291084458408662,41.640901340675711],[-81.294668452420979,41.640886341010678],[-81.29466845251487,41.64087234099366],[-81.29468345790211,41.640065340013571],[-81.294685458073104,41.640039339982124],[-81.294691458163484,41.640024339964441],[-81.29468545860297,41.639960339886045],[-81.294731480845854,41.63663233584132],[-81.294838534914291,41.628543326001569],[-81.294838535283176,41.628488325934612],[-81.29491357255624,41.622911319143689],[-81.294917574474042,41.622624318794067],[-81.294972599366375,41.618898314253443],[-81.295007615292974,41.616514311346791],[-81.295014622181512,41.615485310092446],[-81.295007628772808,41.614504308897608],[-81.294996630602938,41.614234308569507],[-81.295004630696127,41.614218308549354],[-81.295002632463436,41.613955308229059],[-81.294985647750607,41.611680305458741],[-81.29508866426643,41.609190302413126],[-81.295092666304683,41.608885302040846],[-81.295107675237375,41.607549300410263],[-81.29523274661247,41.596872287368264],[-81.29522774683609,41.596840287330231],[-81.295241751048835,41.596208286556347],[-81.295241751243296,41.596179286520972],[-81.295241751659063,41.596117286445327],[-81.295241751873647,41.596085286406279],[-81.295246752937501,41.59592528621004],[-81.295251753860555,41.59578628603942],[-81.295258755014643,41.595612285825659],[-81.295263755964513,41.595469285650132],[-81.295265756866158,41.595334285484974],[-81.295265756993558,41.595315285461794],[-81.295270758526797,41.595085285180076],[-81.295328779664814,41.591917281300773],[-81.295380798720799,41.589061277801456],[-81.295384799665641,41.588919277627056],[-81.295387800411149,41.588807277489543],[-81.295394802094805,41.588554277178829],[-81.295399803051225,41.588410277001714],[-81.295402804004596,41.588267276826315],[-81.29542380423436,41.588227276772059],[-81.295404804523969,41.588189276730553],[-81.295407805282878,41.588075276590565],[-81.295410806028386,41.587963276453003],[-81.295574847399124,41.581748268813733],[-81.2956168761322,41.57745126354753],[-81.295616876226077,41.577437263530406],[-81.295640882966723,41.576425262285035],[-81.295643883061686,41.576410262265682],[-81.295879925951468,41.569947254272883],[-81.304428908674737,41.570130251252216],[-81.304906907710546,41.570140251083643],[-81.305522907308898,41.570027250704165],[-81.31052889782265,41.570040248817882],[-81.310951897015087,41.570042248659725],[-81.310993896936225,41.570042248643766],[-81.314177890798092,41.570066247465739],[-81.32303187372959,41.570133244195745],[-81.325040869831952,41.570152243460278],[-81.325165869570753,41.570156243418538],[-81.327863864465982,41.570162242403654],[-81.327926864347702,41.570162242379759],[-81.328014864182492,41.57016224234637],[-81.328083864052971,41.570162242320201],[-81.328172863885897,41.570162242286436],[-81.328759862797142,41.570160242060872],[-81.334115852834714,41.570146240008356],[-81.343315835595959,41.570141236509798],[-81.345933830687585,41.570140235514785],[-81.348736825438451,41.570138234447946],[-81.348836825250714,41.570138234409995],[-81.348856825213161,41.570138234402407],[-81.354479814964805,41.570091232192368],[-81.355243813569729,41.570085231892442],[-81.361591801945508,41.570040229406082],[-81.362697800006103,41.570019228950443],[-81.362812799790177,41.570019228906702],[-81.364576796961217,41.56994522811091],[-81.374375779132563,41.569857224225089],[-81.376221775776131,41.569840223490999],[-81.377077774220453,41.56983222315025],[-81.379869769138949,41.569807222040133],[-81.385765758388885,41.569757219697898],[-81.385964758021572,41.569756219620025],[-81.388144754049733,41.56973721875201],[-81.388207753931397,41.569737218727937],[-81.389388751764756,41.569729218261699],[-81.390990748865434,41.569712217617592],[-81.391004748832685,41.569713217614108],[-81.408992714189438,41.56984621100063],[-81.412635708424261,41.569678209272752],[-81.412725708280831,41.569674209230257],[-81.412793708172316,41.569671209198198],[-81.41282270811783,41.569671209187106],[-81.413104707607303,41.569668209073143],[-81.413119707585537,41.569667209065393],[-81.414364705201891,41.569674208603132],[-81.417142699868108,41.569692207576992],[-81.417629699113206,41.569667207339535],[-81.419935692991757,41.569947207034573],[-81.421525690012345,41.569946206427055],[-81.431941670452531,41.569946202460756],[-81.432038670264021,41.569947202425965],[-81.433531667460358,41.569947201857453],[-81.434384664689333,41.570131201930117],[-81.436999662312743,41.5697322000687],[-81.437818660710874,41.56974219977748],[-81.438488658583225,41.569879199821152],[-81.438903657848229,41.569872199647612],[-81.439306657123112,41.569867199482985],[-81.440892654055773,41.569881198909066],[-81.441977651954758,41.569891198517539],[-81.442738650506598,41.569894198234124],[-81.442874650232184,41.56989719818894],[-81.443675648664609,41.569907197905898],[-81.444040647972827,41.569908197769038],[-81.444347647408947,41.569906197647605],[-81.444478647143939,41.569909197604368],[-81.444876646390199,41.569910197454945],[-81.444999646140218,41.56991319741477],[-81.445519645081447,41.569926197245707],[-81.446460643156229,41.569951196943308],[-81.446502642154073,41.570097197254626],[-81.446848642010309,41.570017196943688],[-81.447060641915712,41.569969196755267],[-81.447154641777118,41.569963196706013],[-81.44727864155692,41.569961196654312],[-81.447346641435544,41.569960196626184],[-81.447653640859059,41.569960196509307],[-81.448329639583335,41.569961196254205],[-81.45768662208809,41.569949192664311],[-81.468154602110971,41.570000188800222],[-81.469870598838668,41.570008188166611],[-81.470226598157666,41.570010188036008],[-81.47815658301775,41.570050185118006],[-81.478171582989589,41.570050185112308],[-81.479691580048268,41.570064184569098],[-81.479817579849154,41.570058184506415],[-81.480079579425862,41.570047184379696],[-81.480669578318071,41.570047184155428],[-81.48079357808524,41.570047184108304],[-81.481679576415445,41.570048183774006],[-81.481847576100009,41.570048183710142],[-81.481938575922911,41.570049183678037],[-81.482126575563683,41.570050183609062],[-81.486286567777782,41.570046182017862],[-81.487038566353363,41.57004818173705],[-81.487841564845638,41.570048181431829],[-81.487928537945265,41.574347192239919],[-81.48794953172407,41.575341194739352],[-81.487949531661883,41.575351194764565],[-81.488138519033555,41.57732519968031],[-81.488139518894897,41.577347199735492],[-81.488122515077009,41.577966201302914],[-81.488107509420786,41.578880203613835],[-81.488102507993489,41.579111204198234],[-81.488054493890672,41.581393209970201],[-81.488037488710518,41.582231212089233],[-81.487939463920867,41.586246222243702],[-81.488039451299045,41.588246227261706],[-81.488137417537857,41.593646240861773],[-81.488152416764308,41.593766241161269],[-81.488237411790408,41.594541243098575],[-81.488210410235027,41.594799243755496],[-81.488206409981103,41.594841243862334],[-81.488170407963153,41.595176244715333],[-81.488072402780176,41.596038246910574],[-81.488071401270759,41.596281247523798],[-81.488069398314138,41.596757248725034],[-81.488066392504791,41.597692251084375],[-81.488065391505344,41.597853251490726],[-81.488064390481014,41.598018251907163],[-81.488061387159249,41.598553253257379],[-81.488148383699979,41.599084254580916],[-81.488157383335491,41.599140254720567],[-81.488236380195602,41.599622255922569],[-81.48824038003292,41.599647255984948],[-81.488193369676466,41.601326260230508],[-81.48819136961167,41.601337260258596],[-81.488340357466697,41.603247265055387],[-81.488342357282761,41.603276265128294],[-81.488345356985135,41.603323265246487],[-81.488357356074374,41.603466265605647],[-81.488361355768731,41.603514265726211],[-81.488386353597278,41.603856266585872],[-81.48842535040589,41.60435826784758],[-81.488464347077809,41.60488226916511],[-81.48849134489673,41.605225270027475],[-81.488500344128255,41.6053462703318],[-81.488528341821109,41.605709271244713],[-81.488538341044659,41.605831271551487],[-81.488539340962035,41.605844271584182],[-81.488539340781728,41.605873271657437],[-81.488542340316258,41.605947271843938],[-81.488538339104693,41.606143272339573],[-81.488254324295795,41.608606278594849],[-81.488279323393144,41.608744278940193],[-81.48831132176916,41.608996279572537],[-81.488318321445789,41.609046279697942],[-81.48834332035662,41.609214280119154],[-81.488474314110803,41.610181282546158],[-81.488495313122172,41.610334282930289],[-81.488560310152792,41.610793284082739],[-81.488580309203272,41.610940284451985],[-81.488584309109129,41.610954284486944],[-81.488640306584941,41.611344285466501],[-81.488563303413628,41.611876286818159],[-81.48853829781838,41.612783289111597],[-81.488539297729545,41.612797289146876],[-81.488639272383878,41.61684529936538],[-81.488639268721741,41.617434300853546],[-81.48863926458084,41.618100302536249],[-81.48863826368104,41.618245302902665],[-81.488693248712352,41.620637308944147],[-81.488738237044529,41.622501313653231],[-81.488738234383533,41.62292931473489],[-81.488738227445012,41.624045317555321],[-81.488738224902121,41.624454318588974],[-81.488738223714606,41.624645319071675],[-81.48892221028315,41.626754324402214],[-81.488933202859855,41.627945327413784],[-81.488901201416965,41.628186328022764],[-81.488755194090814,41.629405331101786],[-81.488726194078751,41.629415331126452],[-81.488691189339363,41.630187333076513],[-81.48868818887199,41.630263333268481],[-81.488677187342844,41.630512333897371],[-81.488639182229178,41.631345336000955],[-81.48864218114214,41.631519336440675],[-81.488690158962697,41.635073345423102],[-81.490272442066683,41.750041637297933],[-81.490272442016646,41.750061637364588],[-81.492110125530843,41.875039053617741],[-81.493574888894017,41.967776360126024],[-81.494083806261287,42.000037466256472],[-81.494051669575668,42.064380665707041],[-81.495178598147447,42.096400763330699],[-81.454283680725396,42.115997885476354],[-81.435420720316145,42.125037943771012],[-81.374834852827391,42.154669141444792],[-81.332081951998887,42.175786289507485],[-81.291424050969965,42.195869436370366],[-81.272426098774659,42.205252507012716],[-81.24983115696233,42.216414592754013],[-81.21191428401707,42.222265695409043],[-81.190974353918477,42.225497752296889],[-81.174169410252517,42.227851797077321],[-81.123757578583607,42.234913931893381],[-81.106953634472205,42.237268976996518],[-81.087542698312916,42.240337030638109],[-81.029311888828602,42.249544192295396],[-81.026139899144042,42.250046201061053],[-81.019437922839217,42.250046215276505],[-81.009825953440753,42.251602239709158],[-81.009811620560995,41.875049208904969],[-81.009809637734506,41.8652281326208],[-81.006109663121563,41.859529089660342],[-81.003417681647349,41.855382058113307],[-81.002115687890864,41.854926054935127],[-81.002134688749607,41.854394050753001],[-81.002137690470519,41.85341104303528],[-81.002212691049095,41.852905039041907],[-81.002264691438128,41.852561036327231],[-81.002239691630876,41.852511035941724],[-81.002263691616861,41.852462035550452],[-81.002268691636502,41.852439035368548],[-81.002265692243228,41.852102032724297],[-81.002268692768439,41.851797030329578],[-81.002268694965338,41.850551020549887],[-81.00226970094883,41.847154993894911],[-81.002269702308226,41.846383987843446],[-81.002257705440627,41.84463597412595],[-81.002260706621698,41.843958968811627],[-81.00227770747945,41.843431964672178],[-81.002280707607895,41.843351964043727],[-81.002279708468976,41.842865960229425],[-81.002273709039017,41.842556957805179],[-81.002271709278403,41.842425956777326],[-81.002265709851969,41.842114954337333],[-81.002268710713892,41.841618950443795],[-81.002267711086574,41.84140994880353],[-81.002263712605625,41.840557942116895],[-81.002263712713173,41.840496941638101],[-81.002272713839005,41.839836936456543],[-81.002269715202189,41.839070930444741],[-81.002267716823908,41.83815592326328],[-81.002258719362018,41.836737912134531],[-81.002260720478503,41.836099907126687],[-81.002264723171606,41.834562895062504],[-81.002272724809316,41.833614887621145],[-81.002269727131704,41.832304877339368],[-81.002266730060668,41.83065086435748],[-81.002272731334742,41.829913858572645],[-81.002271731996629,41.829540855645064],[-81.002281733006896,41.828943850959078],[-81.002279734154342,41.828297845888834],[-81.002284735607176,41.827461839327235],[-81.002283737522646,41.826377830819247],[-81.002282737957088,41.826133828904155],[-81.002282738364357,41.825902827091099],[-81.002281738968051,41.825562824422519],[-81.002285741130336,41.824326814721601],[-81.002284744681987,41.822314798930002],[-81.002290746342055,41.821358791427002],[-81.002290748076959,41.82037478370394],[-81.002306752309124,41.817935764562648],[-81.002328757899591,41.814711739262087],[-81.002352760799695,41.813008725900126],[-81.002353762583084,41.811994717942447],[-81.002368764310262,41.810978709971479],[-81.002384767573901,41.809088695142208],[-81.002392768599222,41.808487690427363],[-81.002422771972036,41.806501674848725],[-81.002422775055251,41.804752661123956],[-81.002467780826024,41.801369634589179],[-81.002467784362111,41.799363618848652],[-81.00247578590367,41.798469611836119],[-81.002477786184173,41.798305610549882],[-81.002479786642709,41.798040608471155],[-81.002485787667524,41.797444603796478],[-81.002487789201297,41.79656959693142],[-81.002509791951695,41.794955584274703],[-81.002525795568559,41.792864567874005],[-81.002535796553119,41.79228156330344],[-81.002533797205075,41.791916560438906],[-81.002534797221927,41.791904560345138],[-81.002535797321627,41.791845559882589],[-81.002549799016862,41.790849552073411],[-81.002550799160602,41.790765551414744],[-81.002552799381121,41.790635550395564],[-81.002556800652314,41.789904544661873],[-81.002564802242901,41.788982537431338],[-81.002567802804563,41.788656534874889],[-81.002568803089289,41.788492533588602],[-81.002564803728745,41.788139530817439],[-81.002564804134138,41.787909529012921],[-81.002574804970479,41.787410525102182],[-81.002582805677974,41.786989521802617],[-81.002589806098953,41.786733519797203],[-81.002599807326533,41.786012514145064],[-81.002610808620275,41.785251508179712],[-81.002614810324914,41.784274500516801],[-81.002608811290244,41.783741496332553],[-81.002646815757501,41.781113475734074],[-81.002653817281626,41.780231468818471],[-81.0026508183538,41.779630464102276],[-81.002659818639088,41.779446462663437],[-81.002667819277647,41.779064459670892],[-81.002671819593402,41.778875458190335],[-81.002675819970818,41.778651456435242],[-81.00270482326043,41.77671344124829],[-81.002709825189541,41.775606432567557],[-81.002720827008019,41.774547424266828],[-81.002723828817153,41.773513416157861],[-81.002761833665403,41.770668393864767],[-81.002767834451646,41.770207390252551],[-81.002773835262545,41.769732386530585],[-81.002773836090753,41.769262382844175],[-81.002808842937284,41.765290351713297],[-81.002814845422037,41.763865340541038],[-81.002816845945446,41.76356333817381],[-81.002821849777206,41.761376321024784],[-81.002828851092801,41.760612315037797],[-81.002816852641217,41.759763308370566],[-81.002825853015949,41.759528306533994],[-81.002843854470157,41.758658299723919],[-81.002886856509107,41.757394289842949],[-81.002887856610442,41.757334289373169],[-81.002912859186054,41.755810277440794],[-81.002915860418554,41.755103271898868],[-81.002911862789901,41.75376726141895],[-81.002923864936037,41.752519251641829],[-81.002924864956327,41.752505251532838],[-81.00292686512725,41.752403250734588],[-81.002921867224629,41.751225241492897],[-81.002913867860542,41.75088423881229],[-81.002933868697667,41.750359234711766],[-81.002945869950892,41.749823232067214],[-81.002966873702789,41.748822233144146],[-81.002965874214055,41.748690233283057],[-81.002974876778424,41.748012234008058],[-81.002996881160456,41.746846235259881],[-81.003005882984013,41.746361235780334],[-81.00301788534388,41.74573323645442],[-81.003029886209788,41.745494236716816],[-81.003027887393799,41.745188237038981],[-81.003032888754902,41.74482823742381],[-81.003033889199969,41.744711237548387],[-81.003032897312721,41.742600239781041],[-81.003031905901693,41.740365242144911],[-81.00303092688938,41.734902247924104],[-81.003029944969285,41.730196252902452],[-81.003020949423714,41.72904625411325],[-81.002995965630745,41.724853258534168],[-81.002992967244523,41.724436258973597],[-81.002984972404178,41.723101260381554],[-81.002961987336164,41.719237264457753],[-81.002949991370372,41.718199265549657],[-81.002935000523252,41.715831268048255],[-81.0029290041834,41.71488426904763],[-81.003631000435348,41.715134269168566],[-81.003843999639429,41.715121269299239],[-81.011037972729838,41.714699273669943],[-81.015257956119044,41.714667276004214],[-81.016161952617708,41.714646276517463],[-81.016210952423378,41.714646276544194],[-81.016999949262271,41.714654276966982],[-81.022698926835957,41.714611280114553],[-81.029404900456171,41.714560283813626],[-81.037493868653286,41.71449728826947],[-81.038526864498692,41.714511288820837],[-81.040213857905485,41.714489289755917],[-81.04910182268739,41.714486294594735],[-81.050916815497359,41.714485295583067],[-81.050929815445826,41.714485295590144],[-81.054310802048448,41.71448429743058],[-81.059167782800515,41.714483300074114],[-81.066037755578108,41.714481303813471],[-81.071714733089507,41.714478306903992],[-81.081700693751444,41.714427312359284],[-81.081796693375779,41.714426312411916],[-81.081916692904997,41.714425312477573],[-81.08293468888013,41.714423313031887],[-81.083241687663445,41.714423313198786],[-81.085259679680362,41.714420314297094],[-81.089078664574615,41.714414316375475],[-81.092146652538972,41.714389318051857],[-81.092276652028758,41.714388318122843],[-81.093508647200963,41.714377318795975],[-81.096758634456862,41.714350320570048],[-81.099481623782765,41.714327322055453],[-81.102257612900246,41.714304323568633]]]}},
{"type":"Feature","properties":{"COUNTYFP":"093","NAME":"Lorain"},"geometry":{"type":"Polygon","coordinates":[[[-81.972482250849282,41.274826259584813],[-81.972493243604887,41.273789259527135],[-81.972668175918884,41.264151258894898],[-81.972718156458654,41.261381258712639],[-81.972893147328236,41.260185258433665],[-81.972928133011308,41.258147258301044],[-81.972946128634206,41.257529258251111],[-81.973017097029739,41.253027257965499],[-81.973141102543579,41.247243275520468],[-81.973247161893042,41.241173314728904],[-81.973245162997515,41.241062315450854],[-81.973305195587827,41.237728336989804],[-81.973507239157072,41.233211366038873],[-81.973507239255696,41.233201366103721],[-81.973613262057526,41.230837381313741],[-81.973997344637041,41.222276436437454],[-81.974011347725622,41.221956438499554],[-81.974188447726803,41.211731504690583],[-81.974232475231986,41.208921522891565],[-81.974227475433665,41.20890352301295],[-81.973797494018086,41.207229534262787],[-81.973890565365807,41.199950581409233],[-81.973892566559513,41.199828582199203],[-81.973913566458521,41.199828582182086],[-81.973930566416229,41.199824582194168],[-81.973973566169946,41.199828582133172],[-81.974041565833048,41.199829582071246],[-81.974068565703163,41.199829582049233],[-81.974141565342208,41.199830581983228],[-81.974508563547516,41.199833581664564],[-81.974604563085805,41.199833581586304],[-81.97470256262433,41.199832581512908],[-81.974890561680667,41.199836581333642],[-81.975239560002123,41.199836581049119],[-81.983590519867064,41.199833574260566],[-81.991048483779863,41.199855568033975],[-81.99976344159704,41.199882560745031],[-81.999860441130522,41.199882560665905],[-82.002604439321573,41.199805562053051],[-82.002741439181861,41.199809562077689],[-82.003949438286213,41.199810562524753],[-82.010375433535799,41.199814564912337],[-82.014104430754628,41.199819566280816],[-82.014127430737773,41.199819566289456],[-82.022784424273269,41.199832569460114],[-82.023730423571138,41.199833569809492],[-82.023846423486177,41.199833569853105],[-82.023896423449543,41.199833569871913],[-82.025693422106031,41.199836570528738],[-82.03828041267964,41.199860575116546],[-82.052654402138472,41.199863580510957],[-82.053294401556428,41.199877580670417],[-82.053457401437257,41.199877580731837],[-82.053568401356117,41.199877580773659],[-82.056954398840588,41.199882582020713],[-82.058156397946092,41.199884582462246],[-82.060299396356157,41.199887583252895],[-82.063060394315116,41.199890584276766],[-82.063124394268343,41.199890584300896],[-82.063175394231081,41.199890584320123],[-82.063193394217947,41.199890584326909],[-82.072462387767914,41.199847588057743],[-82.072633415228538,41.196165608332066],[-82.072644417017159,41.195925609652782],[-82.072647417523982,41.195857610026934],[-82.072649417791979,41.195821610225138],[-82.072651418044956,41.195787610412353],[-82.072658419851749,41.195545611742695],[-82.072662419953133,41.195531611820734],[-82.072666420556402,41.195450612266498],[-82.072866476513525,41.187950653462543],[-82.072867478533183,41.187680654943605],[-82.072867479004685,41.187617655289152],[-82.072867479506129,41.187550655656629],[-82.072866483376671,41.187033658492112],[-82.072866485584569,41.18673866011013],[-82.072866486969176,41.186553661124819],[-82.072866488488501,41.186350662238226],[-82.072866488817795,41.186306662479566],[-82.072866495224417,41.185450667174571],[-82.073166553902198,41.17755171049572],[-82.073349624074652,41.168119762147235],[-82.073366630526394,41.167251766897536],[-82.073366649121212,41.16476178053307],[-82.073366649427385,41.164720780757598],[-82.07336665666368,41.163751786063955],[-82.073413656595477,41.163748786068588],[-82.073666689601041,41.159257810574921],[-82.07366769009117,41.159191810935667],[-82.073727720073137,41.155153833003098],[-82.073727720147687,41.155143833057799],[-82.073746729655795,41.15386284005664],[-82.07374973105803,41.153673841089095],[-82.073804750483632,41.151050855409558],[-82.073854762333539,41.149444864167009],[-82.074062811133146,41.142822900245868],[-82.074067812393068,41.142651901177125],[-82.07416183391247,41.139726917096311],[-82.074167835198352,41.139551918048184],[-82.074167847104377,41.137951926787707],[-82.0741678478485,41.137851927333919],[-82.07426385797956,41.136453934900452],[-82.080710839608074,41.136469930138446],[-82.082560834320276,41.136476928759826],[-82.082958833186424,41.136477928465979],[-82.082979833126984,41.136477928450745],[-82.086450823216538,41.136489925871466],[-82.090097812803847,41.13650292316094],[-82.091017810165752,41.136507922468539],[-82.09524979803453,41.136530919285562],[-82.095466797413863,41.136531919123357],[-82.095490797345988,41.136531919105984],[-82.099544785731567,41.136553916060386],[-82.109639756709115,41.136628908391941],[-82.116547736843728,41.136685903132765],[-82.116564736795709,41.136685903120501],[-82.118244731967636,41.13669990184291],[-82.121471722703333,41.136725899395316],[-82.122768718978179,41.13673689840985],[-82.124823713097626,41.136750896865188],[-82.142571662409836,41.136867883583015],[-82.142651662179219,41.136868883521288],[-82.151015638340667,41.1369238772877],[-82.151467637053145,41.136926876951165],[-82.152158635073278,41.136933876426866],[-82.154985626970088,41.136963874278102],[-82.160571611017644,41.137013870077695],[-82.160719610596743,41.137014869967828],[-82.169872584506635,41.137094863113866],[-82.16988158597627,41.136744864437055],[-82.169890587582358,41.136362865881694],[-82.169892587931159,41.136279866195537],[-82.169893588111975,41.136236866358153],[-82.169893588197397,41.136216866434118],[-82.169894588348313,41.136180866570143],[-82.169897588843725,41.1360628670162],[-82.169912591495546,41.135431869401977],[-82.170050615222181,41.129776890765626],[-82.170050615294699,41.129759890830158],[-82.170159635027446,41.125051908600902],[-82.170162637413,41.124489910730375],[-82.170162637762473,41.124407911041487],[-82.170274659275051,41.11927093041669],[-82.170277659835421,41.119136930921748],[-82.170359674233026,41.115687943911361],[-82.170615724740884,41.103582989464627],[-82.170686738146998,41.100359001575136],[-82.17069073892884,41.100171002281272],[-82.170753750956322,41.097276013149802],[-82.170764753125198,41.096754015109354],[-82.171002798281449,41.08585605596069],[-82.171008799478003,41.085567057043278],[-82.171018801397196,41.085103058780703],[-82.171035804469497,41.084359061564676],[-82.1713528642765,41.069853115783836],[-82.171453883475394,41.065182133210776],[-82.171489890235449,41.06353513935084],[-82.171949887796728,41.063541138411701],[-82.177987855569555,41.063678125880244],[-82.181454837286594,41.063706118879999],[-82.181523836921073,41.063707118739138],[-82.181558836737636,41.063707118669505],[-82.181619836414043,41.06370811854454],[-82.181770835614898,41.063710118236941],[-82.182543831525109,41.063720116663269],[-82.18451582109212,41.063746112648161],[-82.20156573103543,41.063969078013599],[-82.201606730817687,41.063970077928957],[-82.203914718643958,41.0640010732482],[-82.207063702048899,41.064041066873095],[-82.212269674623641,41.064110056334442],[-82.215340658458686,41.064150050125697],[-82.220464631502097,41.06421803977215],[-82.22051563123307,41.064219039668231],[-82.221435626396129,41.064231037811197],[-82.221897623967479,41.064237036878865],[-82.221995623453026,41.064238036681893],[-82.222010623374686,41.064238036652192],[-82.222584620358717,41.064245035495304],[-82.224195611892142,41.06426603224525],[-82.227133596458017,41.064304026321949],[-82.231604572986669,41.06436101731768],[-82.239590531102351,41.064464001253413],[-82.239644530818723,41.0644650011441],[-82.243993508074539,41.064497992465995],[-82.24987847721799,41.064600980590299],[-82.252534468905537,41.064626983044327],[-82.253410466271987,41.064621984006344],[-82.253432466205638,41.064621984030204],[-82.253652465547034,41.06461898427596],[-82.253696465415942,41.064617984326063],[-82.254254463728515,41.064620984924062],[-82.254377463356008,41.064621985055076],[-82.254942461649094,41.064623985663069],[-82.254997461483214,41.064623985722726],[-82.256395457189967,41.06467298712267],[-82.257398454113599,41.06470598813263],[-82.257610453464949,41.064711988348449],[-82.25766945328391,41.064713988407732],[-82.258272451443801,41.064727989028924],[-82.261257442305521,41.064816992059164],[-82.26242643872574,41.064852993243981],[-82.265274429998101,41.064945996120109],[-82.265353429756942,41.064947996201283],[-82.266994424742578,41.064992997879706],[-82.268489420173466,41.065034999407175],[-82.270364414444956,41.065087001325416],[-82.272944406518604,41.065189003897132],[-82.275030400111177,41.065272005977306],[-82.276078396901241,41.065308007035988],[-82.279633386147211,41.065340010832756],[-82.279697385953014,41.065341010900163],[-82.282444377620521,41.065382013798533],[-82.287513362206127,41.065487019085367],[-82.289937354848504,41.065529021633559],[-82.291553349944024,41.065557023332957],[-82.298547328796829,41.065624030809765],[-82.299504325903825,41.06563303183357],[-82.30413631195006,41.065641036865465],[-82.304182311811587,41.065641036915601],[-82.30788930057426,41.065701040830696],[-82.314225281373552,41.065803047529052],[-82.32683824317246,41.066005060886283],[-82.326819243519651,41.065766061341584],[-82.32748124152738,41.065766062063624],[-82.333448223575772,41.065761068581622],[-82.33408622165571,41.065761069277478],[-82.336493214414162,41.065759071906619],[-82.336567211575286,41.068010067622218],[-82.336591210673618,41.068724066264188],[-82.336786203074581,41.074766054770564],[-82.336859200243325,41.077019050488289],[-82.336864199864124,41.077333049885645],[-82.336879198726621,41.07827504807782],[-82.336884198347491,41.078589047475248],[-82.336946195687986,41.080724043411358],[-82.337132187716676,41.087130031226359],[-82.337194185061591,41.089266027166254],[-82.33721518417012,41.089983025803939],[-82.33722418379655,41.090283025234243],[-82.337229183563153,41.090472024874522],[-82.337335179067608,41.094090018003307],[-82.337371177580835,41.095285015735932],[-82.337371177566936,41.095297015712717],[-82.337415175716288,41.096787012885159],[-82.337550170156533,41.101260004404764],[-82.337595168304702,41.102751001579428],[-82.337645166072917,41.104558998148413],[-82.337798159371445,41.109985987859453],[-82.337821158374979,41.110792986330566],[-82.33782815806552,41.111043985854877],[-82.337830157959445,41.111130985689428],[-82.337836157704785,41.111336985299381],[-82.337849157138407,41.111795984429854],[-82.337847157110431,41.111824984371133],[-82.337850157085953,41.111838984348097],[-82.337853156969032,41.111932984170494],[-82.337873156104948,41.112632982844794],[-82.337942153158522,41.11501897832833],[-82.337966152174388,41.115813976825237],[-82.337974152101609,41.11585797675113],[-82.338286149165725,41.117660973696218],[-82.33924814017044,41.123202964348302],[-82.339569137182806,41.125050961244312],[-82.339714135783481,41.125930959757362],[-82.340149131591289,41.128572955300911],[-82.340294130196199,41.129453953817539],[-82.340296130169136,41.129472953783953],[-82.340305130079926,41.129529953687481],[-82.340310130042567,41.129550953654359],[-82.340364129121468,41.130230952427148],[-82.340528126355125,41.132270948750801],[-82.3405831254329,41.132950947526652],[-82.340583125022121,41.133310946836346],[-82.340583123789742,41.134390944765443],[-82.340583123378934,41.134750944075144],[-82.340589122645341,41.135379942877833],[-82.340607120444744,41.137266939286157],[-82.340613119710156,41.137896938087081],[-82.340658115681492,41.141324931581885],[-82.340793103602962,41.151610912072449],[-82.340838099579656,41.155039905572011],[-82.340887095173002,41.158797898449265],[-82.341037081956117,41.17007287709604],[-82.341087077553667,41.173831869981079],[-82.341087077509272,41.173870869906402],[-82.341087077373786,41.173989869678543],[-82.341088077325836,41.174029869603622],[-82.341087077271325,41.174079869506208],[-82.341090077087557,41.174234869214452],[-82.341091077024799,41.174287869114643],[-82.34110907505827,41.175976865910961],[-82.341163069152643,41.181050856288486],[-82.341182067182729,41.182741853084011],[-82.341238063703997,41.185681847553404],[-82.341282061025368,41.187944843299128],[-82.341223060212727,41.188781841593787],[-82.341102058548515,41.190494838101557],[-82.341054057896343,41.191166836730027],[-82.340812054558526,41.194593829735155],[-82.340624051996343,41.197223824356868],[-82.340377048554046,41.200738817168201],[-82.340362047029373,41.202103814521891],[-82.340342042103643,41.206455806134713],[-82.34032103664002,41.211279796839001],[-82.340982004891544,41.237851747184749],[-82.341055000879209,41.241240740842429],[-82.341660009693769,41.256640775824934],[-82.341650009951636,41.256719776403813],[-82.341651010184748,41.256797776998788],[-82.341656010883028,41.25703277879569],[-82.341658011117161,41.257111779400446],[-82.341658011159339,41.257125779506843],[-82.341658011291941,41.257169779841263],[-82.341659011335153,41.257184779957434],[-82.341659011377359,41.257198780063845],[-82.341659011503921,41.257240780383064],[-82.34166001154415,41.257254780491635],[-82.341679012935117,41.257728784135438],[-82.341680012996434,41.257749784297218],[-82.341717014876608,41.258397789302904],[-82.341732016474793,41.25893779344019],[-82.341735017370198,41.259236795719517],[-82.341742018854617,41.259733799512652],[-82.341743019033515,41.259793799970929],[-82.341747019568288,41.25997380134794],[-82.341766021710697,41.260696806885512],[-82.341773022423595,41.260937808732905],[-82.341808026380448,41.262272818958671],[-82.341812026849084,41.262430820168653],[-82.341815027196049,41.26254782106475],[-82.341825028265177,41.262908823831339],[-82.341829028592144,41.263019824684072],[-82.341832028918034,41.263129825526995],[-82.341839029492505,41.263324827025023],[-82.341841029901744,41.263461828071001],[-82.341844030230675,41.263572828921561],[-82.341853031585345,41.264027832400757],[-82.341870033968135,41.264828838528494],[-82.34187203566502,41.265392842820908],[-82.341874036303508,41.265605844444792],[-82.341880037024865,41.265848846305765],[-82.341887037874031,41.266134848495966],[-82.34188803792641,41.266152848635066],[-82.341909039499967,41.26668785275011],[-82.341912040414115,41.266992855075856],[-82.341915041274007,41.267279857264754],[-82.341924044037683,41.268201864295371],[-82.341929044320807,41.268298865044287],[-82.342016048821066,41.269844876998675],[-82.342027050281786,41.270335880757663],[-82.342037053343432,41.271356888544808],[-82.342047056405264,41.272377896332181],[-82.342047056483707,41.272403896529902],[-82.342049056766626,41.272498897256973],[-82.342052057105036,41.27261289813088],[-82.342055057425355,41.272720898959143],[-82.342059060317425,41.273681906276558],[-82.342097062706955,41.27449691256345],[-82.342116063628836,41.274813915018868],[-82.342119064006596,41.274940915991785],[-82.342122064432658,41.275083917086405],[-82.342142065636551,41.275494920259291],[-82.342149066043319,41.275633921332954],[-82.342153066292582,41.275718921988855],[-82.342153066346896,41.275736922125766],[-82.342159066951666,41.275940923691472],[-82.342166067261886,41.276047924521819],[-82.342174067561274,41.27615192533171],[-82.342175067604728,41.276166925448173],[-82.342179067739337,41.276213925815085],[-82.34218206778219,41.276229925943873],[-82.342192067972348,41.276298926492309],[-82.342195068138935,41.276355926932951],[-82.342204068551268,41.27649792803431],[-82.34220506926782,41.276735929846957],[-82.342207069650556,41.276863930825293],[-82.34220706975016,41.276896931076294],[-82.342208070047192,41.276995931831692],[-82.342209070144989,41.277028932085067],[-82.342210070614072,41.277184933274015],[-82.342212071431462,41.277456935347672],[-82.342218072021339,41.277655936875597],[-82.342223072486263,41.277812938081688],[-82.342223072516447,41.277822938157755],[-82.342223072567762,41.277839938287066],[-82.342223072821326,41.277923938926001],[-82.342223072905838,41.277951939138987],[-82.342222073695467,41.278212941121879],[-82.342222073779993,41.27824094133485],[-82.342230075039467,41.278662944563862],[-82.342233075550297,41.278833945871739],[-82.342232076376163,41.279106947945934],[-82.342232077251566,41.279396950151821],[-82.342231078053288,41.279661952165149],[-82.342239079038208,41.279992954702124],[-82.342238079212038,41.280049955133293],[-82.342238080401401,41.280443958130284],[-82.342251083303523,41.281412965532489],[-82.342267085074539,41.282008970104847],[-82.342286087015552,41.28266297512593],[-82.342290087545933,41.282840976489723],[-82.342296088112079,41.283031977957286],[-82.342306089130162,41.283374980590935],[-82.342311089655837,41.283551981949621],[-82.342334091699072,41.284241987254973],[-82.342364094382731,41.285147994221141],[-82.342378095502994,41.285526997138973],[-82.342403098437543,41.286513004702293],[-82.342440100524385,41.287225010211124],[-82.342521105648188,41.288967023667723],[-82.342552108085115,41.289791030015671],[-82.342575110532948,41.290614036336436],[-82.342630114758748,41.292043047350425],[-82.342710118593729,41.293356057546731],[-82.342712118659932,41.293379057726888],[-82.342782120868577,41.294148063758797],[-82.342852129129184,41.296918085025546],[-82.342874131642702,41.297761091500334],[-82.342872132205429,41.297946092903601],[-82.342877136180221,41.299263102943307],[-82.342880139114968,41.300235110351302],[-82.342880139241998,41.300277110671068],[-82.342880139626075,41.30040411163796],[-82.342880139756105,41.300447111965333],[-82.342880140239998,41.300607113183467],[-82.342881141690029,41.301087116840499],[-82.342882142172328,41.301247118061262],[-82.342890142840048,41.301472119795307],[-82.342915144847879,41.302149125015511],[-82.342924145517188,41.302375126759955],[-82.343020150211927,41.303977139212172],[-82.343136156479247,41.306108155749975],[-82.34314715795125,41.306600159526582],[-82.343198160360558,41.307422165924336],[-82.34324616328685,41.308413173602183],[-82.343282165732631,41.309239179991593],[-82.343283165782594,41.309256180123796],[-82.343329168110785,41.310048186282017],[-82.343368170819673,41.310962193351386],[-82.343414173555018,41.311888200532088],[-82.343445175495617,41.312544205615247],[-82.343462177427128,41.313190210584118],[-82.343518180464415,41.314220218586932],[-82.343526180664668,41.31429021914245],[-82.343561183037011,41.315090225335616],[-82.343666189523461,41.317281242325741],[-82.343698191504913,41.317950247514297],[-82.343733193776487,41.318716253451115],[-82.343778196203985,41.319538259843554],[-82.343821198656187,41.320367266284478],[-82.343822198685089,41.320377266363543],[-82.343831199315133,41.320589268005151],[-82.343861201213358,41.321229272969234],[-82.343877202940661,41.3218062774136],[-82.343895204992862,41.322491282687267],[-82.343958210919808,41.324474297986661],[-82.343981213163204,41.325224303771442],[-82.344003213639397,41.325391305108191],[-82.344017216114111,41.326213311416559],[-82.344018216249268,41.326258311762594],[-82.344048218684065,41.327074318071844],[-82.344046220061401,41.327527321520471],[-82.344057220334676,41.327622322276859],[-82.344069220506441,41.327684322784521],[-82.344234234875728,41.332491359929946],[-82.34427123861316,41.333738369551462],[-82.34436924492968,41.3358603860313],[-82.344372245147525,41.335933386597205],[-82.344373245222144,41.335958386790928],[-82.344410248218026,41.336960394546402],[-82.344503254160301,41.338955410048499],[-82.344515255506352,41.339403413503298],[-82.344549257077048,41.339934417658313],[-82.344561258660448,41.340460421708684],[-82.34457426024268,41.340986425762232],[-82.344591261850454,41.341522429904437],[-82.34459126191426,41.341543430064696],[-82.344599263092661,41.341934433073014],[-82.344600263149189,41.341953433221072],[-82.344662267020993,41.343252443324701],[-82.344663267092727,41.343276443510938],[-82.344670267613054,41.343450444860444],[-82.34467126769087,41.343476445061945],[-82.344695269686113,41.344142450218918],[-82.344696270639488,41.344456452618616],[-82.344714272563309,41.345096457559023],[-82.344739273661006,41.345467460468072],[-82.344821276706455,41.346501468615067],[-82.344829277700455,41.346831471159085],[-82.34482527884569,41.347206474009369],[-82.344830279530072,41.347433475757818],[-82.344845283441643,41.348725485667764],[-82.344847283846832,41.348859486696988],[-82.344848284101133,41.34894348734138],[-82.344923288776585,41.350509499532357],[-82.344978291587694,41.35145450692093],[-82.345014293018792,41.351938510730314],[-82.345044296231208,41.353005518972957],[-82.345045297112563,41.353295521190624],[-82.345045297155167,41.353309521297525],[-82.345045297666417,41.353477522580413],[-82.345094301229352,41.354666531816143],[-82.345187308004597,41.356926549374009],[-82.345188308155699,41.356976549759104],[-82.34519230872057,41.357163551200223],[-82.345194308910152,41.35722655168783],[-82.3451993095196,41.357428553246756],[-82.345200309558066,41.357441553349268],[-82.345402321644713,41.361482584872633],[-82.345405321766407,41.361523585195656],[-82.345677340660529,41.36781663417954],[-82.345803348385729,41.370391654282741],[-82.345810348427605,41.370407654428547],[-82.345996360167973,41.374315684934224],[-82.346267386250062,41.382941751835908],[-82.346635411741246,41.391386817748938],[-82.34688444139374,41.401145893350687],[-82.346907443570615,41.401862898924584],[-82.346911443864514,41.401959899681948],[-82.346916444521753,41.402175901354077],[-82.346935446310241,41.402764905933672],[-82.346978448406375,41.403459911413997],[-82.347196459048973,41.406985939226871],[-82.347369472680782,41.411473974255529],[-82.347368473085751,41.411605975262944],[-82.347356473724389,41.411811976795533],[-82.347279476213856,41.412608982608326],[-82.347281476341237,41.412650982937642],[-82.347288476768696,41.41279198404429],[-82.347290476905272,41.412836984396591],[-82.347291476978143,41.412860984584228],[-82.347307477978916,41.413190987172918],[-82.347307478027915,41.413206987295474],[-82.347307478061609,41.413217987379731],[-82.34731047817003,41.41325398766692],[-82.347311478206151,41.413265987762649],[-82.347315478396638,41.413328988260474],[-82.347321478595077,41.413394988788895],[-82.34733047897241,41.413519989780724],[-82.347336479164753,41.413583990293851],[-82.347346479526152,41.413703991251225],[-82.347356479884539,41.413822992200963],[-82.347359479965419,41.413849992419237],[-82.34737748061913,41.414066994150289],[-82.347388480983085,41.414187995119242],[-82.347390481040065,41.414206995272444],[-82.347395481208565,41.414262995720549],[-82.347398481274155,41.414284995900545],[-82.347402481354436,41.41431199612267],[-82.347408481583614,41.414387996727832],[-82.347406481676742,41.414417996950029],[-82.347407481737406,41.414437997107065],[-82.347412481927378,41.414500997608819],[-82.347414481990484,41.414521997777349],[-82.347418482119807,41.414564998122074],[-82.347420482428035,41.414665998903502],[-82.347422482540182,41.414702999194617],[-82.347422482635167,41.414733999432116],[-82.347425482924407,41.414829000171409],[-82.347426483021849,41.414861000420395],[-82.347428483293328,41.414950001109908],[-82.347433484080796,41.415208003105676],[-82.347441484235304,41.415260003534698],[-82.347480485076005,41.415542005844692],[-82.347480485201629,41.415583006158826],[-82.347480485293559,41.415613006388682],[-82.347486486693455,41.416071009920863],[-82.347502490067157,41.417175018441235],[-82.347480491514105,41.417643021942318],[-82.347480491560077,41.417658022057246],[-82.347482491696823,41.417703022409739],[-82.347483491742196,41.417718022528526],[-82.347484492087887,41.417831023398172],[-82.347487493131084,41.418172026022475],[-82.347488493479858,41.4182860268998],[-82.347488493547274,41.418308027068363],[-82.347488493593247,41.418323027183298],[-82.347488493731134,41.418368027528089],[-82.347488493777107,41.418383027643017],[-82.347488493816954,41.418396027742617],[-82.347488493936467,41.418435028041429],[-82.347489493975715,41.418448028144908],[-82.347495494113232,41.418494028520534],[-82.347498494169741,41.418513028677701],[-82.347643497458975,41.419613037667894],[-82.347649497596635,41.419659038043669],[-82.347645498006628,41.419792039047429],[-82.347635499241576,41.420193042081735],[-82.34763249965404,41.420327043096997],[-82.347631499709777,41.420345043231059],[-82.347631499755764,41.420360043346008],[-82.347633499880331,41.420401043667979],[-82.347634499938039,41.420420043817465],[-82.347647500589929,41.420635045515638],[-82.34768850255405,41.421283050641293],[-82.347702503208694,41.421499052351258],[-82.347726504385349,41.421887055418566],[-82.347727504439987,41.421905055560416],[-82.347731504621805,41.421965056035894],[-82.34774450527101,41.422179057726829],[-82.347770506615561,41.422622061223862],[-82.347772506718741,41.42265606149229],[-82.347773506779546,41.42267606164949],[-82.347775506895019,41.422714061948575],[-82.347783507301713,41.42284806300696],[-82.347910513860739,41.425008080062916],[-82.347959517253727,41.426122088796568],[-82.347967517786671,41.426297090169847],[-82.347978518437813,41.426511091854017],[-82.347994519393353,41.42682509432472],[-82.348003519928966,41.427001095709748],[-82.348006520108541,41.427060096173975],[-82.348012520489164,41.427185097156141],[-82.348016520711198,41.427258097731695],[-82.348039522169927,41.427737101495538],[-82.348049522732794,41.427922102953708],[-82.348055523125794,41.428051103966652],[-82.34807352430488,41.428438107005583],[-82.348079524621184,41.428542107826885],[-82.348081524696951,41.428567108026527],[-82.348100526759779,41.429242113278143],[-82.348144531389863,41.430757125071501],[-82.348160532948242,41.43126712904661],[-82.348180535011522,41.43194213430332],[-82.34815956393949,41.441361206454005],[-82.348098650708607,41.469620422905166],[-82.348079679625926,41.479040495056033],[-82.348086692514798,41.483239527286656],[-82.348110731193955,41.495839624019311],[-82.348118743747335,41.500039655775339],[-82.348102743745159,41.50003965569978],[-82.348054743733172,41.500040655468531],[-82.348039743725707,41.500041655393119],[-82.348055525711672,41.540044472646009],[-82.348102871534437,41.660051924264252],[-82.34811865342121,41.700055741415902],[-82.332546670134633,41.707450695049175],[-82.249872831412148,41.746188522740795],[-82.241486854168471,41.750033486145071],[-82.124868096986731,41.804941103443802],[-81.999862359155955,41.863784870336275],[-81.97656835212382,41.875032893774019],[-81.970577351071,41.877842899938408],[-81.970563364495007,41.875032896296723],[-81.970434960549753,41.750033734042873],[-81.97032638844027,41.625036502613092],[-81.968146391753862,41.625036503707634],[-81.967926642099073,41.551962369127821],[-81.967689777107807,41.512606296799952],[-81.9676807822363,41.511111294053762],[-81.96767978274417,41.510963293782005],[-81.967679782809171,41.510944293747002],[-81.967695783335813,41.510783293435885],[-81.968125797527065,41.506445285047313],[-81.968285801592558,41.505186282577661],[-81.968459804836272,41.504161280525302],[-81.968462804985677,41.504116280439483],[-81.968464805092154,41.504084280378578],[-81.968526808258957,41.503131278562329],[-81.968550809474877,41.502765277864505],[-81.968564810192703,41.5025492774528],[-81.968572810618554,41.502421277209088],[-81.968620813046982,41.501690275814994],[-81.968907799597034,41.497267272319242],[-81.969162772119731,41.493338271931947],[-81.969175767735578,41.492705271896099],[-81.969175767570135,41.492681271895215],[-81.969318717302585,41.485424271488299],[-81.969463666796585,41.478137271075184],[-81.969463665948268,41.478014271070585],[-81.969463656651143,41.476666271020079],[-81.969462606918938,41.469455270750927],[-81.969462605291255,41.469219270742087],[-81.969462605194693,41.469205270741561],[-81.969462605077453,41.469188270740922],[-81.969462602711786,41.468845270728075],[-81.969469600725702,41.468559270710415],[-81.969472599940545,41.468446270703211],[-81.969477598337605,41.468215270689583],[-81.969478598052888,41.468174270687058],[-81.96948259685189,41.468001270676602],[-81.969608558338749,41.462454270342526],[-81.969661542266053,41.46014027020211],[-81.969660527827173,41.458047270124084],[-81.969705477776017,41.450807269804884],[-81.969757420923486,41.442585269440286],[-81.969761416097469,41.441887269409705],[-81.969855385594741,41.437499269145746],[-81.969861368455923,41.435018269045088],[-81.969861343497101,41.431402268907462],[-81.969861342447928,41.431250268901671],[-81.969861341005341,41.431041268893715],[-81.970061302546611,41.425542268473158],[-81.970057301196405,41.425345268469833],[-81.969961257123288,41.41892626832599],[-81.969961257012812,41.418910268325384],[-81.969961248466063,41.417672268278075],[-81.969961243302109,41.416924268249488],[-81.969961243088093,41.416893268248309],[-81.969962242029183,41.416740268241384],[-81.96997524029662,41.416494268218081],[-81.969981239466136,41.416376268207152],[-81.970261201881954,41.411042267701312],[-81.970162165560126,41.405744267603993],[-81.970163165253467,41.405700267601219],[-81.970164164725816,41.405624267597211],[-81.970275143299546,41.402567267358378],[-81.97028114206681,41.402391267345024],[-81.970282141960368,41.402376267343364],[-81.97028314179866,41.402353267341368],[-81.970300138517558,41.401885267304706],[-81.970462107369585,41.397444266954793],[-81.970462106678539,41.397344266950903],[-81.970462106491951,41.397317266949841],[-81.970462106402124,41.397304266949341],[-81.970464054872039,41.3898482666566],[-81.970462054781279,41.389834266658276],[-81.970462050876904,41.389269266636262],[-81.970462049045636,41.389004266625939],[-81.970462048347684,41.388903266622002],[-81.970462046447324,41.388628266611285],[-81.970462045217261,41.388450266604345],[-81.970462042418546,41.38804526658857],[-81.970464035709369,41.387075266548557],[-81.970462033434998,41.386745266537922],[-81.970461019610298,41.38474426646107],[-81.970462019455226,41.384722266459093],[-81.970860953833224,41.37541026564476],[-81.970861953664084,41.375386265642675],[-81.970861953574172,41.37537326564216],[-81.970875951074348,41.375018265612262],[-81.97087795064607,41.374957265607591],[-81.970877950563093,41.374945265607117],[-81.970878950338601,41.374913265604711],[-81.970878950248689,41.374900265604204],[-81.970879950003422,41.374865265601677],[-81.970882949191548,41.374749265593692],[-81.970959933693123,41.37254426541891],[-81.970959933492537,41.372515265417761],[-81.970959914124592,41.369715265306567],[-81.970960911575816,41.369347265290813],[-81.970962909888414,41.369104265278885],[-81.971059879413332,41.36474526499444],[-81.97115779820146,41.353056264414306],[-81.971259785449774,41.351265264223521],[-81.971103785990934,41.351264264405678],[-81.961647818810803,41.351205275447576],[-81.958957828162056,41.351190278589073],[-81.956799835671646,41.351179281109388],[-81.956676836097188,41.351178281253027],[-81.956494836730059,41.351177281465588],[-81.956465836831981,41.35117728149946],[-81.956436836933904,41.351177281533332],[-81.954468843736308,41.351160283831703],[-81.954390844003754,41.351159283922804],[-81.951912852586347,41.351140286816978],[-81.95041385774222,41.351123288567749],[-81.947562867559,41.351092291897821],[-81.94744686796021,41.351091292033317],[-81.94621687219869,41.351078293470088],[-81.94256988476549,41.351039297730459],[-81.94077089098046,41.351022299832167],[-81.938580898551805,41.351002302390796],[-81.938385899224613,41.351000302618623],[-81.938196899882797,41.35099930283944],[-81.937933900788281,41.350996303146722],[-81.937918900841041,41.350996303164251],[-81.93749190231685,41.350992303663141],[-81.937313902929915,41.350990303871122],[-81.937146903510751,41.350989304066232],[-81.936470905849461,41.350983304856065],[-81.936432905983096,41.35098330490046],[-81.935424909463805,41.350973306078238],[-81.935085910636786,41.350970306474338],[-81.933106917481865,41.350952308786752],[-81.93036892697225,41.350930311986133],[-81.930171927652495,41.350928312216354],[-81.930009928216009,41.350927312405645],[-81.926787939385662,41.350901316170869],[-81.926756939494737,41.350901316207086],[-81.92376094988407,41.350877319708417],[-81.923041952394968,41.350874320548634],[-81.922795953254237,41.350873320836108],[-81.922459954430153,41.350872321228749],[-81.922263955113507,41.350871321457795],[-81.922182955398512,41.350871321552447],[-81.92186595650135,41.350869321922922],[-81.921834956610411,41.350869321959138],[-81.919070966260918,41.350857325189232],[-81.919050966331284,41.350857325212601],[-81.919036966380531,41.350857325228965],[-81.917657971195567,41.350851326840555],[-81.914606981851151,41.350838330406212],[-81.914261983059035,41.350837330809398],[-81.912436989432024,41.350829332942318],[-81.912400989558705,41.350829332984389],[-81.912324989826161,41.350829333073193],[-81.905154014880139,41.35079934145449],[-81.905135014947007,41.350799341476687],[-81.903556020462133,41.350792343322297],[-81.90353902056404,41.350799343341734],[-81.902734023337203,41.350789344283058],[-81.902707023432214,41.350789344314613],[-81.902607023784171,41.350789344431469],[-81.902559023953117,41.350789344487566],[-81.90254002401997,41.350789344509764],[-81.902527024065748,41.350789344524955],[-81.900692030482347,41.350782346669781],[-81.90039103153579,41.350781347021588],[-81.899460034794743,41.350778348109756],[-81.898791037137528,41.350776348891706],[-81.89812203948037,41.350774349673635],[-81.898102039550764,41.350774349697012],[-81.897856040410687,41.350773349984564],[-81.897620041235413,41.350772350260421],[-81.894991050441817,41.350764353333297],[-81.894953050575566,41.350764353377699],[-81.894140053419591,41.350761354328021],[-81.894095053577999,41.350761354380609],[-81.894056053715275,41.350761354426183],[-81.893354056168647,41.350758355246796],[-81.893341056214425,41.350758355261988],[-81.893060057197673,41.350757355590453],[-81.892273059956182,41.350755356510327],[-81.892249060040655,41.350755356538372],[-81.892151060385615,41.350755356652897],[-81.892102060558116,41.35075535671016],[-81.891177063796604,41.350752357791393],[-81.891156063870525,41.350752357815935],[-81.890091067601901,41.350749359060792],[-81.890063067700481,41.350749359093513],[-81.888978071502336,41.350746360361747],[-81.887884075335961,41.350743361640511],[-81.886822079057069,41.350740362881879],[-81.885666083080281,41.350732364233558],[-81.885650083136611,41.350732364252259],[-81.885626083221098,41.350732364280304],[-81.885590083347836,41.350732364322376],[-81.885536083537914,41.350732364385486],[-81.884354087664448,41.3507263657674],[-81.884252088017789,41.350725365886689],[-81.883499090645699,41.350721366767083],[-81.883480090712595,41.35072136678928],[-81.883100092038902,41.350719367233573],[-81.882827092988549,41.350717367552818],[-81.88015810229372,41.350701370673605],[-81.880123102416945,41.350701370714518],[-81.880093102516881,41.350700370749678],[-81.880065102615461,41.350700370782398],[-81.879865103313932,41.35069937101624],[-81.878424108341989,41.350691372701164],[-81.877553111374709,41.350685373719735],[-81.877537111431039,41.350685373738436],[-81.87695811345273,41.350682374415435],[-81.877019091495356,41.346836374734167],[-81.877024089549693,41.346495374762867],[-81.877025088929884,41.346386374772749],[-81.877063073030854,41.343598375010629],[-81.877064072778452,41.343554375013909],[-81.877067071376743,41.343308375035299],[-81.877068070796412,41.34320637504446],[-81.877071069716948,41.343017375060072],[-81.877092063279775,41.34189237514925],[-81.877093062852069,41.341817375155664],[-81.877100060898428,41.341476375181919],[-81.877101060595109,41.34142337518611],[-81.877130051532191,41.339839375312174],[-81.87713105131931,41.33980237531474],[-81.87713704943684,41.339473375340937],[-81.877165040749333,41.337955375461348],[-81.877194032051321,41.336436375580533],[-81.877194031955185,41.336419375582246],[-81.87720702795913,41.33572137563737],[-81.877213026115612,41.335399375662789],[-81.877219024283335,41.335079375687982],[-81.877223022860036,41.3348303757084],[-81.877259010535795,41.33267537588322],[-81.8772929988789,41.330637376048394],[-81.877292998794047,41.330622376049902],[-81.877261990268323,41.329094376241464],[-81.877447951355009,41.322343376698299],[-81.877448951079472,41.322295376701931],[-81.877449950843555,41.322254376704848],[-81.877449950758674,41.322239376706364],[-81.877454949675226,41.322051376719244],[-81.877459938614521,41.320100376909743],[-81.877633894573947,41.312442377467889],[-81.877712862487755,41.306832377934072],[-81.877744851160315,41.304855378092903],[-81.877804819992974,41.299396378565788],[-81.877834807308943,41.297179378750521],[-81.877834807189998,41.29715837875262],[-81.877842803763102,41.296559378802627],[-81.877842803672465,41.29654337880423],[-81.877860792527301,41.294589378977413],[-81.877860792402672,41.294567378979607],[-81.877875783076533,41.292932379124508],[-81.877876782641707,41.292856379130868],[-81.877907771693472,41.29094737928299],[-81.877908771388874,41.290894379287025],[-81.877909771129609,41.290849379290272],[-81.87793276322293,41.289471379399174],[-81.877932763132279,41.289455379400778],[-81.877940759171196,41.288762379459996],[-81.877961748790327,41.286946379615088],[-81.877963748696573,41.286931379614067],[-81.878004727664091,41.283251379929951],[-81.878007726285148,41.283010379950213],[-81.878002726188328,41.282989379958671],[-81.878019720604883,41.282017380034191],[-81.878022717786479,41.281522380079821],[-81.878023717136003,41.281408380089928],[-81.878050680932816,41.275041380691363],[-81.879332675080192,41.275035379047942],[-81.880145671356047,41.275029378005947],[-81.880452669951225,41.275027377612439],[-81.883517655913465,41.275005373683904],[-81.887201639058176,41.274982368961396],[-81.891738618298973,41.274954363145071],[-81.893438610487323,41.274938360966026],[-81.893614609682416,41.274937360740381],[-81.896071598444834,41.274923357590218],[-81.896710595519963,41.274919356770951],[-81.897117593660226,41.274917356249091],[-81.897129593605726,41.274917356233708],[-81.897176593392331,41.274917356173425],[-81.897553591668782,41.274915355690034],[-81.897850590308437,41.274913355309252],[-81.90423056374874,41.275313347102241],[-81.906224555165522,41.275389344541622],[-81.91449751814261,41.275468333933269],[-81.914542517938642,41.275468333875594],[-81.914565517834376,41.275468333846106],[-81.914688517282997,41.275469333688406],[-81.91476851690804,41.275467333585965],[-81.914789516806707,41.275466333559088],[-81.915786512268866,41.275463332281326],[-81.920321491188091,41.275379326471665],[-81.920363490997659,41.275379326417834],[-81.920394490850867,41.275378326378132],[-81.92041349076473,41.275378326353781],[-81.920438490645125,41.27537732632176],[-81.920468490509109,41.275377326283305],[-81.920510490312438,41.275376326229505],[-81.921395484887171,41.275150325102899],[-81.922320479813507,41.275010323921521],[-81.922354479665444,41.275011323877891],[-81.922976476980125,41.275033323079505],[-81.923044476684041,41.275035322992238],[-81.924508469850608,41.275005321115728],[-81.92499646767962,41.275012320489701],[-81.925653464508244,41.274982319647989],[-81.927002457328143,41.274815317922346],[-81.927102456873996,41.274815317794072],[-81.92772645403366,41.274814316993677],[-81.934590422788844,41.274803308189263],[-81.943250383456572,41.274803297080773],[-81.943366382929725,41.274803296931971],[-81.944064379766075,41.274804296036628],[-81.953153338592315,41.274820284378052],[-81.953640336387238,41.274821283753397],[-81.956647322771019,41.274827279896407],[-81.956745322325972,41.274827279770697],[-81.956865321780981,41.27482727961678],[-81.968344269669629,41.274830264892778],[-81.972482250849282,41.274826259584813]]]}},
{"type":"Feature","properties":{"COUNTYFP":"055","NAME":"Geauga"},"geometry":{"type":"Polygon","coordinates":[[[-81.102257612900246,41.714304323568633],[-81.099481623782765,41.714327322055453],[-81.096758634456862,41.714350320570048],[-81.093508647200963,41.714377318795975],[-81.092276652028758,41.714388318122843],[-81.092146652538972,41.714389318051857],[-81.089078664574615,41.714414316375475],[-81.085259679680362,41.714420314297094],[-81.083241687663445,41.714423313198786],[-81.08293468888013,41.714423313031887],[-81.081916692904997,41.714425312477573],[-81.081796693375779,41.714426312411916],[-81.081700693751444,41.714427312359284],[-81.071714733089507,41.714478306903992],[-81.066037755578108,41.714481303813471],[-81.059167782800515,41.714483300074114],[-81.054310802048448,41.71448429743058],[-81.050929815445826,41.714485295590144],[-81.050916815497359,41.714485295583067],[-81.04910182268739,41.714486294594735],[-81.040213857905485,41.714489289755917],[-81.038526864498692,41.714511288820837],[-81.037493868653286,41.71449728826947],[-81.029404900456171,41.714560283813626],[-81.022698926835957,41.714611280114553],[-81.016999949262271,41.714654276966982],[-81.016210952423378,41.714646276544194],[-81.016161952617708,41.714646276517463],[-81.015257956119044,41.714667276004214],[-81.011037972729838,41.714699273669943],[-81.003843999639429,41.715121269299239],[-81.003631000435348,41.715134269168566],[-81.0029290041834,41.71488426904763],[-81.002893018255421,41.711256272870408],[-81.002894018785156,41.711117273018139],[-81.002881020609877,41.710655273500777],[-81.002861027433269,41.708898275351821],[-81.002831037626464,41.706273278118324],[-81.002799048596913,41.703447281098192],[-81.002776056710132,41.701356283304278],[-81.002773057623457,41.701121283552077],[-81.002761062059477,41.699977284759662],[-81.002753064350145,41.699388285380714],[-81.00274706651804,41.698829285970874],[-81.002742067381192,41.698609286202043],[-81.002734069859642,41.697971286875244],[-81.002735070231935,41.697873286979565],[-81.002735071859007,41.697449287429158],[-81.00274407375548,41.696946287966171],[-81.002729081517174,41.694938290089453],[-81.002715084270747,41.694234290830643],[-81.002698091539841,41.692356292816086],[-81.002702094809564,41.691500293725461],[-81.002718097770483,41.69071329456586],[-81.002715099139877,41.69035929494023],[-81.002705102016051,41.68961929572157],[-81.002660118747059,41.685301300287328],[-81.002626145688183,41.678310307695959],[-81.002591172630829,41.671318315109232],[-81.002595173299824,41.671140315298977],[-81.002596178198473,41.66986231665576],[-81.002600182718695,41.668680317911154],[-81.002614191650949,41.666339320398258],[-81.002654227486275,41.656963330352831],[-81.002662229570205,41.656413330937042],[-81.002664232537015,41.655638331759427],[-81.002674237265836,41.654397333076709],[-81.002691245962737,41.652116335497332],[-81.00269824943959,41.651204336464993],[-81.002704252532226,41.65039333732539],[-81.002710255590472,41.649591338176172],[-81.002722261607545,41.648013339849918],[-81.002727264366115,41.647290340616692],[-81.002741267292194,41.64651634143749],[-81.00278128451032,41.64199734622774],[-81.002759288481244,41.640980347306709],[-81.002757293875533,41.63957634879533],[-81.002769303556249,41.63704435147887],[-81.002800307803327,41.635913352675267],[-81.002795309837296,41.635387353233192],[-81.002788312307047,41.63474935391006],[-81.002790315977947,41.633791354925293],[-81.002790316212057,41.633730354989957],[-81.002781318269271,41.633201355551606],[-81.002780323062041,41.631953356874618],[-81.002799325216444,41.631377357482911],[-81.002837326773729,41.630942357939276],[-81.002843328237759,41.630556358347505],[-81.002827331451769,41.62973135922374],[-81.00285033678918,41.628323360712407],[-81.002941358095725,41.622705366647281],[-81.002907392245447,41.613836376046024],[-81.002918407642895,41.609818380297895],[-81.002920417908598,41.607143383129873],[-81.002934435277183,41.602610387924983],[-81.002893473462976,41.592692398443639],[-81.002891475794584,41.592086399086341],[-81.00285951256285,41.582529409224783],[-81.002851521971621,41.580083411820283],[-81.002836554186175,41.571700420710627],[-81.002836555571932,41.571339421093136],[-81.002811573836979,41.566595426135663],[-81.002823575254112,41.566219426526459],[-81.002839577906371,41.565519427257904],[-81.002849582379966,41.564348428492089],[-81.002858585834801,41.563443429444945],[-81.002858586775332,41.563198429704507],[-81.002916612104102,41.556569436685663],[-81.002915613618953,41.556175437103605],[-81.002953622188727,41.553923439460284],[-81.00290563640381,41.550246443389746],[-81.00290364149123,41.54892244479344],[-81.002908641888382,41.54881644490181],[-81.002892665662245,41.542632451463895],[-81.002936676584071,41.539766454461905],[-81.002977686550494,41.537151457194845],[-81.00304769390155,41.535204459193494],[-81.003056702785656,41.532887461636463],[-81.00306770741814,41.531676462907399],[-81.003068711127213,41.530710463928244],[-81.003081716071691,41.529417465283743],[-81.003078720663737,41.528223466549356],[-81.003078721105524,41.528108466670993],[-81.003096728961822,41.526055468825028],[-81.003114741828995,41.52269847235727],[-81.003117743706653,41.5222084728724],[-81.003135746973697,41.521350473761615],[-81.003136747894217,41.521110474014343],[-81.003138751591081,41.520147475030384],[-81.003127754413683,41.519417475813263],[-81.003135759345781,41.518130477165748],[-81.003119766536756,41.516265479154022],[-81.003126769691676,41.515441480017934],[-81.003116779773435,41.512821482798614],[-81.003121783830707,41.511763483911906],[-81.003118786678385,41.511023484697539],[-81.003124790215608,41.510100485666918],[-81.003121793831667,41.509160486664037],[-81.003126795288082,41.508779487061382],[-81.003115799096463,41.507792488117069],[-81.003113803279504,41.506704489269687],[-81.003126806530219,41.505853490154912],[-81.003120810138924,41.504916491152336],[-81.003120810438617,41.504838491234807],[-81.003125822557223,41.501682494565891],[-81.003126823351153,41.501475494783584],[-81.003135827772581,41.500321495993155],[-81.003142828173253,41.499253498797657],[-81.003147827181465,41.498375501706825],[-81.003144825968519,41.497290505312641],[-81.003144825810352,41.497149505780769],[-81.003148825103693,41.496524507851099],[-81.003160822732383,41.494425514805606],[-81.003170822182184,41.493947516380629],[-81.003171822137048,41.493908516508917],[-81.003170821321746,41.493180518927062],[-81.003181820422313,41.492392521529986],[-81.00317481893336,41.49105652597386],[-81.003175818625678,41.490783526879],[-81.003184816397308,41.488808533424965],[-81.003183815281318,41.487812536732825],[-81.003202812136507,41.485033545935487],[-81.003208811113694,41.484129548929211],[-81.003212808750703,41.482028555899163],[-81.003212808636263,41.481926556237788],[-81.003212808605966,41.481899556327413],[-81.00321480765389,41.481053559133471],[-81.003235805565794,41.479219565195578],[-81.003243803731962,41.477595570576675],[-81.003243803642192,41.47751557084225],[-81.003245803187099,41.477112572177539],[-81.003239802046821,41.476088575584491],[-81.003248799811956,41.474108582145966],[-81.003264798477858,41.472940586002792],[-81.003269797596332,41.47216158858231],[-81.003271797221956,41.471830589678511],[-81.003286794659161,41.46956659717452],[-81.003286794350558,41.469291598087381],[-81.003284792682521,41.467802603032702],[-81.003298791023226,41.466342607860817],[-81.003311787040971,41.462811619564526],[-81.003318784850876,41.460869626001426],[-81.003318784757724,41.460786626276928],[-81.003325782526019,41.458807632836532],[-81.003350779998541,41.456589640164999],[-81.003356778017235,41.454832645988709],[-81.003351776956308,41.453880649155394],[-81.003356775348024,41.452454653881759],[-81.003342773520941,41.450807659367719],[-81.003348772443132,41.449855662519376],[-81.003336770194437,41.447835669240874],[-81.003347762625637,41.441107691557391],[-81.003331761486947,41.440070695022172],[-81.003326759674394,41.438448700413211],[-81.003296757762456,41.436702706251815],[-81.003297757203114,41.436205707900136],[-81.003287756793711,41.435826709172595],[-81.00328375599544,41.435109711558439],[-81.003270755310353,41.434480713665188],[-81.003252754301172,41.433555716761852],[-81.003241751808702,41.431318724203912],[-81.003224750636633,41.430249727777515],[-81.003184746414419,41.42642874052143],[-81.003173746115948,41.426146741473929],[-81.003165746023498,41.426052741797847],[-81.003160745958724,41.42598774202105],[-81.003066746042137,41.425925742366097],[-81.003153745610021,41.425666743097146],[-81.003176745443554,41.425551743444856],[-81.003202745302502,41.425463743698458],[-81.003194744211541,41.424479746977077],[-81.003163739894958,41.420586759947959],[-81.003160738820711,41.419624763146331],[-81.003162737535206,41.418481766938086],[-81.003117730087752,41.411775789271402],[-81.003116728947575,41.410757792652909],[-81.0031127248334,41.407083804857578],[-81.003109721110178,41.403759815898724],[-81.003126716786326,41.39993082858485],[-81.003146711858932,41.395568843035221],[-81.003177704267557,41.388849865292066],[-81.00318970127239,41.386198874073472],[-81.00319170055981,41.385566876168348],[-81.003200698475112,41.383722882275286],[-81.003212694267773,41.379991894641556],[-81.003209688674517,41.375001911212443],[-81.003206684419865,41.371204923822901],[-81.003204679851535,41.367129937354647],[-81.003204679762902,41.367050937616916],[-81.003204679672024,41.366969937885813],[-81.003204679593495,41.366899938118216],[-81.003197668584505,41.357075970744653],[-81.003189658992582,41.348512999187093],[-81.003191658252831,41.347857001361326],[-81.00331965801189,41.347858001126333],[-81.003547657585173,41.34786200070041],[-81.004232656286305,41.347858999470574],[-81.004735655335011,41.347858998560199],[-81.005869653190345,41.347858996507767],[-81.008339648497355,41.347839992099978],[-81.009994645375286,41.347846989081411],[-81.011666642201561,41.347836986088019],[-81.011902641747156,41.347829985683845],[-81.013233639236702,41.347835983255038],[-81.014901636064579,41.347820980285015],[-81.016145633714061,41.347822978026763],[-81.017423631294562,41.347820975720033],[-81.01749663115649,41.347820975587901],[-81.019260627817772,41.347818972401463],[-81.019738626909003,41.347814971549248],[-81.02011762619334,41.347815970859969],[-81.020554625372711,41.34782097005273],[-81.020889624739112,41.34782096944636],[-81.020993624542399,41.347820969258116],[-81.021198624154678,41.347820968887049],[-81.021431623715173,41.347821968462071],[-81.021906622819145,41.347823967595801],[-81.022178622297574,41.347817967122914],[-81.022274622107687,41.347810966971821],[-81.022927620869041,41.347807965799539],[-81.024140618586713,41.347817963571543],[-81.025207616563819,41.34781396165311],[-81.025342616308492,41.347813961408747],[-81.026347614398048,41.347805959615386],[-81.027362612473439,41.347801957790978],[-81.027621611984756,41.347802957318933],[-81.027887611484061,41.347804956831006],[-81.028145610998479,41.347806956357559],[-81.02909960920374,41.34781495460502],[-81.030516606540658,41.347828951995268],[-81.033445600977686,41.347809946754346],[-81.03361060066436,41.347808946458862],[-81.036431595306496,41.347790941409784],[-81.03718559387292,41.347784940063953],[-81.038090592154916,41.347779938441576],[-81.039704589088345,41.347768935554683],[-81.039747589008257,41.347769935473671],[-81.039788588929454,41.34776893540262],[-81.04119158627563,41.347768932862799],[-81.053623562757437,41.347766910363596],[-81.055318559492846,41.347721907434668],[-81.056639556987392,41.347716905058498],[-81.057158556002989,41.347714904125034],[-81.059652551351988,41.347765899452448],[-81.063529543970716,41.347729892544294],[-81.074043523949612,41.347632873802347],[-81.076249519669091,41.347554870042551],[-81.079132514074431,41.347453865123896],[-81.086135500932727,41.347533852199575],[-81.086262500691006,41.347532851972517],[-81.0896764942065,41.347515845839062],[-81.092882488116686,41.347499840078953],[-81.096241481735532,41.347482834044186],[-81.098520477406609,41.347471829947906],[-81.099037476425295,41.347469829017179],[-81.102852469180405,41.347452822155446],[-81.104602465858079,41.34744581900538],[-81.107175460973608,41.347435814372837],[-81.107946459508454,41.347431812987544],[-81.108080459138179,41.34735281297214],[-81.108261458912267,41.347431812416858],[-81.109013457483059,41.347427811065955],[-81.112931450037621,41.347407804024805],[-81.113529448901261,41.347404802949903],[-81.113719448462362,41.34735180275694],[-81.113857448280427,41.347404802355626],[-81.115863444492561,41.347410798704061],[-81.118594439337073,41.347419793730559],[-81.120965434860068,41.347426789415124],[-81.121562433733175,41.347428788327889],[-81.122811431375311,41.347432786053787],[-81.124583428029155,41.347437782829431],[-81.12612942511079,41.347442780014568],[-81.131354415243507,41.347456770509751],[-81.131672414643234,41.347457769930884],[-81.13402141021318,41.347467765647771],[-81.134091410074433,41.347463765532034],[-81.135431407539954,41.347464763101776],[-81.136419405671674,41.347465761309188],[-81.136589405349937,41.347465761001231],[-81.136793404963854,41.347465760631671],[-81.138130402435081,41.347466758206863],[-81.14156039594836,41.347469751985031],[-81.14304939313196,41.347470749284916],[-81.143116392966874,41.347446749229071],[-81.143144392921855,41.347451749164691],[-81.14326639272447,41.347472748886354],[-81.147419384879228,41.347481741338662],[-81.148945381996114,41.347484738566216],[-81.151383377450372,41.34752673403662],[-81.152566375245868,41.347547731837352],[-81.153028374384675,41.34755573097906],[-81.15317737398216,41.347481730908108],[-81.1617043577983,41.347453715535785],[-81.162987355376757,41.347457713200903],[-81.163022355310503,41.347457713137494],[-81.163206354963933,41.347458712801519],[-81.164497352527263,41.347462710452199],[-81.164646352246947,41.347463710179625],[-81.169844342427908,41.347474700734317],[-81.171583339143552,41.347478697573649],[-81.171663338990456,41.34747769743133],[-81.171802338729094,41.347478697176932],[-81.172603337219968,41.347482695715492],[-81.173421335678682,41.347486694223285],[-81.174378333874373,41.347490692479312],[-81.175340332062333,41.347495690723726],[-81.176953329021757,41.347502687783766],[-81.178252326573755,41.347508685415256],[-81.179730323787084,41.34751468272259],[-81.181540320375632,41.347522679423491],[-81.183322317017286,41.347530676175239],[-81.185878312201325,41.347542671514994],[-81.187039310013077,41.347547669399425],[-81.18784930848733,41.347551667922183],[-81.191320301945609,41.347566661597618],[-81.191420301756381,41.347566661416501],[-81.196290292516423,41.347552652631371],[-81.196391292325288,41.347552652448442],[-81.196509292102022,41.347552652234718],[-81.203215279374689,41.3475316401409],[-81.209022268364052,41.347519629652226],[-81.212298262149972,41.347511623737816],[-81.213249260346629,41.347509622020084],[-81.215525256032123,41.347505617907103],[-81.218817249787449,41.347497611963298],[-81.221271245132186,41.347491607532469],[-81.221873243992931,41.347491606441977],[-81.223739240454094,41.347487603071386],[-81.223817240341972,41.347506602884671],[-81.225248237628293,41.347503600299731],[-81.235572218085082,41.347500581605892],[-81.236347216612685,41.347497580209051],[-81.238735212103109,41.347502575871736],[-81.240491208797309,41.34751157267003],[-81.241688206512791,41.34750157052499],[-81.241787206323522,41.347500570347975],[-81.243622202848954,41.34749956702634],[-81.244632200947265,41.347504565185297],[-81.245515199266549,41.347499563597331],[-81.248899192862496,41.347499557467508],[-81.249957190852456,41.347495555560158],[-81.251467188463337,41.347491553981015],[-81.252422186962178,41.347489553002333],[-81.253728184941906,41.347503551625863],[-81.254519183686227,41.347495550829692],[-81.256662180289666,41.347476548666521],[-81.257984178193951,41.34746454733267],[-81.259995175037474,41.347462545266694],[-81.260543174187987,41.347467544691135],[-81.261775172260428,41.34746954341815],[-81.262396171300281,41.347476542762905],[-81.273349153946327,41.347379531704476],[-81.274387152291183,41.347364530669431],[-81.280740142450711,41.347427523986291],[-81.280844142289553,41.347428523876957],[-81.281871140661096,41.347418522841956],[-81.282441139758333,41.347413522266272],[-81.284402136669627,41.347405520265049],[-81.286539133327238,41.347409518055713],[-81.289109129274891,41.347396515438547],[-81.289240129065902,41.347394515308132],[-81.290181127585413,41.347391514345908],[-81.2923751240954,41.347363512149258],[-81.293341122563135,41.347353511176863],[-81.294396120886006,41.34734051011948],[-81.294848120184838,41.347344509645119],[-81.295871118548888,41.347326508631795],[-81.296287117900533,41.347328508198963],[-81.297138116559566,41.34732450733155],[-81.297932115309763,41.347321506520601],[-81.298567114305555,41.347316505877821],[-81.300386111474523,41.347327503980239],[-81.301982108978564,41.347330502330095],[-81.303974105894028,41.347351500232271],[-81.305818103025217,41.347363498306876],[-81.307568100307151,41.347377496473889],[-81.309100097930596,41.347391494865441],[-81.310012096515209,41.347399493908682],[-81.310162096281857,41.347400493752019],[-81.310325096028109,41.347401493581977],[-81.31240209281637,41.347426491388156],[-81.313963090407924,41.347448489732365],[-81.317206085388534,41.347485486311854],[-81.318343083616412,41.347491485128025],[-81.319233082236721,41.347500484191919],[-81.319661081569151,41.347502483746865],[-81.320017081014484,41.34750448337595],[-81.321428078816126,41.347512481905675],[-81.322451077226006,41.347520480834895],[-81.322787076694027,41.347517480495554],[-81.322962076426549,41.347521480306611],[-81.323916074942829,41.347528479309076],[-81.324246074434029,41.347533478958361],[-81.324715073710706,41.347540478460161],[-81.325640072280947,41.347552477481564],[-81.326595070797225,41.347560476480865],[-81.328383068034597,41.347584474587599],[-81.329048066986729,41.347581473909578],[-81.330579064621702,41.347602472287555],[-81.331221063642104,41.34761847159168],[-81.331826062715407,41.347631470940478],[-81.332386061850741,41.347639470346536],[-81.333199060597735,41.347652469481254],[-81.33584305638891,41.347615466840267],[-81.336124055948247,41.347615466550998],[-81.336526055296005,41.347602466165519],[-81.33682605481043,41.347593465876308],[-81.336977054573666,41.347593465720855],[-81.337257054137936,41.347595465428249],[-81.337497053764949,41.347597465176825],[-81.337697053466414,41.347606464951333],[-81.337919053135053,41.347616464701019],[-81.339626050588478,41.347694462774037],[-81.33965405054623,41.347695462743047],[-81.339681050505561,41.347696462713074],[-81.339863050218426,41.347695462527916],[-81.347187038828395,41.347754454861239],[-81.354140028014356,41.347811447581698],[-81.357012023544286,41.34783344457842],[-81.357449022863534,41.347836444122208],[-81.364087012616508,41.34794143706506],[-81.364689011671842,41.347941436445581],[-81.367365007475797,41.347943433687576],[-81.367663007008161,41.347943433380919],[-81.36784100676519,41.34796643314845],[-81.368075006366382,41.347946432950522],[-81.368448005790526,41.347952432553832],[-81.373018998739482,41.348030427683391],[-81.373052998697062,41.348037427633436],[-81.373113998604452,41.348039427566398],[-81.37392599735341,41.348054426698859],[-81.3759889941729,41.348091424497248],[-81.376034994088243,41.348083424466992],[-81.376174993871615,41.348085424318676],[-81.378442990370345,41.348123421904184],[-81.378578990209448,41.348157421691802],[-81.379368988959953,41.348151420891838],[-81.385867978859295,41.348218414063432],[-81.386907977252235,41.348235412957493],[-81.391636969878135,41.348269408020798],[-81.391693969788633,41.348269407962171],[-81.391710971586832,41.349482405377678],[-81.391733974126126,41.351194401731078],[-81.391760979692975,41.354923393812129],[-81.391761981070815,41.355840391870572],[-81.391761981619879,41.356205391098165],[-81.391761982107269,41.356529390412511],[-81.391760982184095,41.356579390307736],[-81.391760982209661,41.356596390271754],[-81.39176098230142,41.356657390142658],[-81.391760982448844,41.35675538993528],[-81.391760982645906,41.356886389658058],[-81.391760983038523,41.357147389105734],[-81.391760983190451,41.357248388891996],[-81.391760983234079,41.357277388830632],[-81.391760983249114,41.357287388809468],[-81.391760983354416,41.357357388661335],[-81.391746987855214,41.360334382375648],[-81.391762989718856,41.361590379701482],[-81.391761989876912,41.361694379482415],[-81.39176099026966,41.36195437893322],[-81.39176799270578,41.363581375483108],[-81.391768993253223,41.363946374709691],[-81.391788001235369,41.369273363417726],[-81.39182801736878,41.380043340587036],[-81.39183602052745,41.382152336116249],[-81.391841021266572,41.382649335059604],[-81.391843021547473,41.382838334657684],[-81.391844021651067,41.382908334508564],[-81.391864024699075,41.384957330152972],[-81.391867025071505,41.385208329618884],[-81.39187802662002,41.386250327403104],[-81.391880026927936,41.386457326963111],[-81.391881027177391,41.386624326608747],[-81.391882027265936,41.386684326480804],[-81.391882027308057,41.386712326421559],[-81.391889029176056,41.387962323769621],[-81.391891029676458,41.388297323058787],[-81.391892029939441,41.388473322685378],[-81.391894030305991,41.388719322162864],[-81.391894030372171,41.388763322069757],[-81.391895030493799,41.388845321895268],[-81.391895030629144,41.388935321704821],[-81.391895030972023,41.38916332122237],[-81.391901032172413,41.389968319513073],[-81.391902032229353,41.390007319429564],[-81.391902032244388,41.390017319408408],[-81.391902032266941,41.390032319376672],[-81.391902032313567,41.390063319311068],[-81.391902032337626,41.39007931927722],[-81.391903032505866,41.390192319037126],[-81.391905033022766,41.390538318303022],[-81.391905033037816,41.390548318281866],[-81.391905033126548,41.390607318157024],[-81.391909034101715,41.391260316771344],[-81.391909034213,41.391334316614753],[-81.391915035810314,41.392403314346865],[-81.391927038887516,41.394463309976189],[-81.391931039957356,41.39517930845723],[-81.391933040490741,41.395536307699878],[-81.391945043850413,41.397784302931477],[-81.391945043910567,41.397824302846843],[-81.391942045518704,41.398890300594118],[-81.391941045688853,41.399002300358106],[-81.391940046066537,41.399252299830067],[-81.391940046150737,41.399308299711578],[-81.391940046183819,41.399330299665024],[-81.391936048904967,41.401135295849549],[-81.391934049983632,41.401850294338566],[-81.391907056533199,41.406174285214995],[-81.391907056569281,41.406198285164216],[-81.391889058625097,41.407544282333333],[-81.391885058791544,41.407650282112876],[-81.391876059139761,41.407871281653861],[-81.391876059181854,41.407899281594617],[-81.391875059234749,41.407933281523626],[-81.39185106029673,41.408611280111955],[-81.391851060329827,41.408633280065402],[-81.391821064631785,41.411458274116143],[-81.391821064910047,41.411643273724657],[-81.391816068080558,41.413745269281335],[-81.391816068477652,41.41400926872268],[-81.391817068767679,41.414203268311205],[-81.391833071216368,41.415850264810743],[-81.391833071284054,41.415895264715516],[-81.391826071926744,41.416314263835517],[-81.391826071941793,41.41632426381436],[-81.391826071956828,41.416334263793196],[-81.391826071973384,41.416345263769912],[-81.391826071989911,41.416356263746636],[-81.391826072006467,41.416367263723366],[-81.391826072024514,41.416379263697969],[-81.391825072062403,41.416403263648128],[-81.391818072332129,41.416574263292922],[-81.391818072353175,41.416588263263293],[-81.39181107293426,41.416966262470048],[-81.391780075560462,41.418675258882949],[-81.391779075619411,41.418713258803493],[-81.391779079259663,41.421133253682356],[-81.391779079886931,41.421550252799925],[-81.391779079929051,41.421578252740673],[-81.391776080313534,41.421830252210221],[-81.391775080425148,41.421903252056687],[-81.391774080490137,41.421945251968751],[-81.391774080506693,41.421956251945474],[-81.391772080746463,41.422113251615123],[-81.39176908116103,41.42238525104235],[-81.391766081571106,41.422654250475929],[-81.391765083128348,41.423688248288741],[-81.391765083174974,41.423719248223129],[-81.39176208348276,41.423920247800609],[-81.39176408393493,41.424223247157521],[-81.391764083999604,41.424266247066519],[-81.391020085340799,41.424261247777096],[-81.390801085734779,41.424259247987379],[-81.390517086252629,41.424261248250346],[-81.389808087546939,41.424267248904698],[-81.389524088061762,41.424267249171898],[-81.388895089202009,41.424267249763687],[-81.387284092120879,41.424266251281509],[-81.387239092202449,41.42426625132385],[-81.387184092300643,41.424265251377712],[-81.387171092325715,41.42426625138782],[-81.387128092415821,41.424274251411298],[-81.386702093312749,41.424356251638102],[-81.386684093345394,41.424356251655034],[-81.386637093430593,41.424356251699244],[-81.386545093600446,41.424358251781541],[-81.386421093826783,41.424359251896078],[-81.386248094143482,41.424361252054574],[-81.385620095288203,41.424365252636868],[-81.385194096065163,41.42436825303124],[-81.383474099200541,41.424379254625912],[-81.381403102975526,41.424392256546462],[-81.3782111087895,41.424409259512927],[-81.376367112148642,41.424419261226198],[-81.376345112188531,41.424419261246896],[-81.375966112880434,41.424422261597016],[-81.374772115048586,41.424424262715895],[-81.374775115895659,41.424971261544776],[-81.374778116656984,41.425463260491142],[-81.374782117701685,41.426138259045707],[-81.374784118190547,41.426454258368913],[-81.374788119285071,41.42716125685515],[-81.37478811943312,41.427256256652257],[-81.374789119582488,41.427353256444142],[-81.374789119608977,41.427370256407841],[-81.37478911971651,41.427439256260463],[-81.374790119884551,41.427548256026732],[-81.37479011990483,41.42756125599896],[-81.374790119932882,41.427579255960516],[-81.374790119964047,41.427599255917798],[-81.374790119988987,41.42761525588363],[-81.374791120019879,41.427636255837839],[-81.374794120698553,41.428075254897415],[-81.374805123014511,41.429574251685573],[-81.374807123587459,41.42994425089347],[-81.374809124026385,41.43022825028504],[-81.374812124675429,41.430648249385207],[-81.374810125318021,41.431058248511413],[-81.374811125492258,41.431171248269138],[-81.374811125556164,41.431212248181573],[-81.374819126387678,41.431755247014394],[-81.374819127318005,41.432352245739345],[-81.374819127925775,41.432742244906386],[-81.374821128824365,41.433321243667919],[-81.37482212897369,41.433418243459826],[-81.374822129036033,41.433458243374389],[-81.374823129133915,41.433522243236773],[-81.374833131155327,41.434831240431777],[-81.374848135948895,41.437925233809892],[-81.374848135997198,41.437956233743684],[-81.37484813606109,41.43799723365612],[-81.374849136082602,41.438012233623162],[-81.374849136105993,41.438027233591122],[-81.374849136140256,41.438049233544135],[-81.3748491362322,41.438108233418127],[-81.374850136381497,41.438205233210041],[-81.374851136494954,41.43827923305107],[-81.374852136639575,41.438373232849379],[-81.374852136703467,41.438414232761822],[-81.374852136745531,41.438441232704157],[-81.374868139126349,41.43998822938542],[-81.374881141152656,41.441304226562856],[-81.374898141974754,41.441852225376849],[-81.374899142022727,41.441884225307589],[-81.374928143616913,41.44294222302139],[-81.374933143911363,41.443137222600342],[-81.37494214442421,41.443477221865962],[-81.374942144484962,41.443516221782666],[-81.374942144508339,41.443531221750639],[-81.374943144575013,41.443575221655756],[-81.374944144612087,41.443600221601443],[-81.374945144669411,41.443638221519372],[-81.374946144729847,41.443678221433025],[-81.374947144793424,41.44372022134241],[-81.374949144883146,41.443780221212442],[-81.374950144926444,41.443809221149586],[-81.374954145152643,41.443959220825569],[-81.374957145323052,41.444072220581489],[-81.374959145417463,41.444135220445126],[-81.374960145471675,41.444171220367309],[-81.3749921471439,41.445283217963201],[-81.375340146492817,41.445285217639963],[-81.37549214620708,41.445285217500647],[-81.37564314592322,41.44528521736224],[-81.375692145832673,41.445286217315207],[-81.375707145812257,41.445291217290773],[-81.375717145785671,41.445286217292285],[-81.37573114575936,41.44528621727946],[-81.375746145731171,41.445286217265711],[-81.375761145702967,41.445286217251962],[-81.375776145674763,41.445286217238213],[-81.375790145648438,41.44528621722538],[-81.375803145624019,41.445286217213464],[-81.375860145516853,41.445286217161225],[-81.37596314532324,41.445286217066815],[-81.376177144920945,41.44528621687067],[-81.376227144826956,41.445286216824847],[-81.376259144766792,41.445286216795516],[-81.376296144698784,41.445287216759468],[-81.376414144476954,41.445287216651316],[-81.376549144223176,41.445287216527575],[-81.376702143935574,41.445287216387349],[-81.376729143884802,41.445287216362601],[-81.376838143679905,41.445287216262692],[-81.376948143473115,41.44528721616188],[-81.377311142792294,41.445288215827034],[-81.377581142284726,41.445288215579559],[-81.377596142256536,41.44528821556581],[-81.377789141893714,41.445288215388921],[-81.377811141853897,41.445289215366628],[-81.377832141814423,41.44528921534738],[-81.377865141752395,41.445289215317132],[-81.377907141673433,41.445289215278642],[-81.377949141594485,41.445289215240138],[-81.377981141534335,41.445289215210813],[-81.378022141457265,41.445289215173233],[-81.378038141427169,41.445289215158567],[-81.378178141162451,41.445288215032377],[-81.378293140944706,41.44528721492911],[-81.37833314086798,41.44528621489458],[-81.378370140798424,41.445286214860673],[-81.378392140757072,41.445286214840507],[-81.37921613920652,41.445285214087392],[-81.379905137909745,41.445284213458017],[-81.380587136621543,41.445280212841446],[-81.380623136553851,41.445280212808449],[-81.381426135036676,41.445275212083089],[-81.381811134309856,41.445273211734467],[-81.382996132062374,41.445260210675961],[-81.383917130312739,41.445248209857297],[-81.384079130006697,41.445247209710935],[-81.384097129972858,41.445247209694436],[-81.384743128753982,41.445244209108687],[-81.38486412852501,41.445243208999898],[-81.387817122959021,41.445233206314377],[-81.388009122596614,41.445232206140503],[-81.388655121379301,41.445230205552612],[-81.389287120186808,41.445227204979666],[-81.389337120094353,41.445228204931716],[-81.389881119065763,41.445224204441551],[-81.389895119039437,41.445224204428719],[-81.389917118998099,41.445224204408547],[-81.38994611894357,41.445224204381965],[-81.389989118862758,41.445224204342551],[-81.39020411845712,41.445223204147595],[-81.390637117641717,41.445222203752813],[-81.390720117482687,41.445220203680968],[-81.390749117428186,41.445220203654387],[-81.390763117401875,41.445220203641547],[-81.390847117245471,41.44522120356244],[-81.390883117177822,41.445221203529442],[-81.391518115981256,41.445219202951613],[-81.391505117455083,41.446182200925357],[-81.391497118346138,41.44676419970088],[-81.391497118450005,41.446833199554838],[-81.391486119712496,41.447658197818782],[-81.391481120224668,41.447992197116442],[-81.391480120349982,41.4480741969438],[-81.391479120475296,41.448156196771158],[-81.39146412217444,41.449266194435509],[-81.391459122829659,41.449695193532072],[-81.391456123160481,41.449911193077632],[-81.391436125549703,41.451473189789787],[-81.391433126113867,41.451844189007268],[-81.391431126218535,41.451911188867278],[-81.391431126335945,41.451989188702186],[-81.391420127363958,41.452658187296194],[-81.391412128128877,41.453156186249394],[-81.391409128641925,41.453493185538825],[-81.391409128681062,41.453519185483792],[-81.391394130654703,41.454811182762732],[-81.391394130779673,41.454894182587061],[-81.391392130906937,41.454976182415308],[-81.391374132918074,41.456289179652458],[-81.391358134565721,41.457363177393638],[-81.39134713591325,41.45824417553878],[-81.391183136818739,41.458636174856828],[-81.391169136952598,41.458707174719159],[-81.391174137098133,41.458810174496612],[-81.391194137211784,41.458911174264792],[-81.391334137344515,41.459178173573527],[-81.391332137473341,41.459261173399639],[-81.391330137564509,41.459319173278672],[-81.391315138555541,41.459958171939604],[-81.391314138637256,41.46001117182832],[-81.391313138688872,41.460044171759371],[-81.39131313871448,41.460061171723389],[-81.391299139655473,41.460668170451122],[-81.391296139777182,41.460745170290842],[-81.391278140783172,41.461390168941712],[-81.39127714082727,41.461418168883341],[-81.391275140919959,41.461477168760247],[-81.391263141632848,41.461935167801542],[-81.391233143442292,41.463098165366624],[-81.391232143530061,41.463155165246867],[-81.3912311436073,41.463205165141922],[-81.391230143648386,41.463231165087777],[-81.391229143709069,41.463270165006122],[-81.391213144693381,41.463903163680506],[-81.391135149456915,41.466965157268341],[-81.391134149583877,41.467048157093522],[-81.391134149600433,41.467059157070238],[-81.391131149744879,41.46715115687816],[-81.391068152978619,41.46921615256273],[-81.391100154738766,41.470426149972774],[-81.39110215487797,41.470521149769887],[-81.391090157209348,41.472053146537348],[-81.391084158414259,41.472845144866021],[-81.39108315850207,41.472902144746229],[-81.391079159275236,41.47341014367435],[-81.391079159300844,41.473427143638368],[-81.391079159323439,41.473442143606611],[-81.391079159341515,41.473454143581208],[-81.391079159362619,41.473468143551578],[-81.391079159380695,41.473480143526167],[-81.39107815940676,41.473496143493179],[-81.391078159474546,41.47354114339791],[-81.391073160490748,41.47420914198819],[-81.391071160811052,41.474419141545383],[-81.391061162760636,41.475700138842349],[-81.391060162837931,41.475750138737368],[-81.391060162917782,41.475803138625174],[-81.391056163713614,41.476326137521518],[-81.391046165548829,41.477531134979309],[-81.391042166246763,41.477989134013242],[-81.391042166423034,41.47810613376555],[-81.391042166495353,41.478154133663935],[-81.391041166571171,41.478203133561074],[-81.391038167221936,41.478631132657625],[-81.391031168662607,41.47957813065895],[-81.391029168939298,41.479759130277515],[-81.390975176592804,41.484767119722434],[-81.39096617785701,41.485594117979431],[-81.390953179977657,41.486984115047946],[-81.390944181314325,41.487859113203271],[-81.390933182202971,41.488434111995446],[-81.390927182588797,41.488682111475597],[-81.390907183949309,41.489558109638281],[-81.390906184108076,41.489662109418958],[-81.390906184123139,41.489672109397787],[-81.390906184139723,41.489683109374496],[-81.390906184172877,41.489705109327922],[-81.390906184234666,41.489746109241118],[-81.390906184329609,41.489809109107739],[-81.39090618444564,41.48988610894471],[-81.390906184551127,41.489956108796505],[-81.390906184624981,41.49000510869277],[-81.3909051846707,41.490034108632237],[-81.390905184712906,41.490062108572957],[-81.390905184887714,41.490178108327356],[-81.390905185219268,41.49039810786158],[-81.390904186773525,41.491428105681756],[-81.390905188007252,41.49224810394481],[-81.390904189599198,41.493303101712044],[-81.39090119047485,41.493880100493016],[-81.390899191074212,41.494275099658452],[-81.390897191675052,41.494671098821769],[-81.390891193504814,41.495877096273588],[-81.390884195558201,41.49723009341502],[-81.390881196518336,41.497863092077402],[-81.390881196555995,41.497888092024475],[-81.39086619787534,41.49874309022708],[-81.390866198313915,41.499034089610973],[-81.390866198580682,41.499211089236226],[-81.390851194960703,41.500745088980629],[-81.390836184260479,41.502405092090711],[-81.390833182185077,41.502727092694016],[-81.390831179002177,41.503220093615539],[-81.390806176448123,41.503623094388196],[-81.390805176353211,41.503638094417013],[-81.390772173434044,41.5041000953062],[-81.390772173324137,41.504117095337904],[-81.390788169057132,41.504772096546631],[-81.390794167564493,41.505001096968918],[-81.390795167387907,41.505028097018474],[-81.390795167297412,41.505042097044587],[-81.390802165485951,41.505320097557501],[-81.390802165395456,41.505334097583621],[-81.390802165324345,41.505345097604142],[-81.390821160210947,41.506130099053244],[-81.390822160034361,41.506157099102808],[-81.390823159857774,41.506184099152371],[-81.390809155826602,41.506812100335388],[-81.390804150348373,41.507661101923368],[-81.390804150025147,41.50771110201665],[-81.390804149740703,41.507755102098741],[-81.390804149482122,41.507795102173368],[-81.390804149249405,41.50783110224053],[-81.390804149042538,41.507863102300227],[-81.390804148855054,41.507892102354333],[-81.39080414868053,41.507919102404713],[-81.39080414851891,41.507944102451347],[-81.390804148370222,41.507967102494263],[-81.390804148234466,41.507988102533432],[-81.390804148105175,41.508008102570756],[-81.390804147988817,41.508026102604333],[-81.390804147878924,41.508043102636051],[-81.390804147775484,41.508059102665896],[-81.390804147678523,41.508074102693882],[-81.390804147588014,41.508088102720009],[-81.390804147503971,41.508101102744263],[-81.390804147426394,41.508113102766643],[-81.390804147348831,41.508125102789037],[-81.390804147277706,41.508136102809559],[-81.390804147213061,41.508146102828213],[-81.390804145306035,41.508441103378573],[-81.390797144770787,41.508526103542735],[-81.39079614421037,41.508613103705834],[-81.390761120756636,41.512252110521722],[-81.390723095646862,41.516148117817465],[-81.390723095543422,41.516164117847303],[-81.390711072992573,41.5196561243689],[-81.39071307272998,41.519696124442063],[-81.390715072564348,41.519721124487248],[-81.390744069441951,41.520195125350497],[-81.39074506914902,41.520240125433709],[-81.390749068190701,41.520387125705049],[-81.390745055728317,41.522316129305992],[-81.390745055599012,41.522336129343294],[-81.390746054905307,41.522443129542168],[-81.390747054444304,41.522514129673901],[-81.390747054327946,41.522532129707479],[-81.390738033814003,41.525708135637686],[-81.39073803334206,41.525781135773848],[-81.390738031396197,41.526082136335283],[-81.390729975446888,41.53473915248734],[-81.390735959486619,41.537206157085066],[-81.390735959357343,41.537226157122369],[-81.390735944482017,41.539527161414178],[-81.390735939820956,41.540248162758985],[-81.390734932045845,41.541451165003387],[-81.390734931425229,41.54154716518245],[-81.390766923340209,41.542788167479095],[-81.390766923178589,41.542813167525729],[-81.390766922984653,41.54284316758168],[-81.390811883747901,41.548899178855038],[-81.390841848659122,41.554318188950731],[-81.390841848355279,41.554365189038421],[-81.390841848044985,41.554413189127992],[-81.390850837400208,41.556057192191282],[-81.390878825200119,41.557936195684498],[-81.390878825038499,41.55796119573116],[-81.390879824577624,41.558032195863184],[-81.390879824461265,41.558050195896783],[-81.390879824390154,41.558061195917311],[-81.390880824278355,41.558078195948582],[-81.390880824142613,41.558099195987765],[-81.390894818336804,41.558993197649762],[-81.39089581763028,41.559102197852731],[-81.390900811421488,41.560061199640238],[-81.39090081133746,41.560074199664513],[-81.390900811259883,41.5600861996869],[-81.39090081118232,41.560098199709302],[-81.39090081096252,41.560132199772752],[-81.390901810611552,41.560186199873087],[-81.390901810533975,41.560198199895481],[-81.390901810424069,41.560215199927214],[-81.390902809446075,41.560366200208584],[-81.390902808903078,41.560450200365352],[-81.390910804621441,41.561110201593607],[-81.390912803964738,41.561211201781227],[-81.390912803861312,41.561227201811086],[-81.390912803790201,41.561238201831628],[-81.390912803686774,41.56125420186148],[-81.390920799780105,41.561856202981566],[-81.390921799319244,41.56192720311364],[-81.390920798474326,41.562058203358582],[-81.390920798396749,41.562070203380983],[-81.390920798267473,41.562090203418308],[-81.390919797997867,41.562132203497136],[-81.390916795346754,41.562543204265538],[-81.390916795282109,41.5625532042842],[-81.390918795032661,41.562591204354263],[-81.390922794553191,41.562664204488783],[-81.390927793729233,41.562790204721821],[-81.390928793617434,41.562807204753121],[-81.390945791645947,41.563107205305812],[-81.390945791219309,41.563173205429003],[-81.390944785952897,41.563988206950718],[-81.390971773031708,41.565979210656124],[-81.390972771950317,41.566146210967482],[-81.390982764536517,41.567290213099106],[-81.390987761107567,41.5678192140847],[-81.390987760861947,41.567857214155644],[-81.39098975940378,41.568082214574915],[-81.39099075867145,41.568195214785476],[-81.390991758398073,41.568237214863494],[-81.390991758268797,41.568257214900839],[-81.390992757723922,41.568341215057266],[-81.390992757413642,41.56838921514688],[-81.390997752627314,41.569128216524611],[-81.391004748832685,41.569713217614108],[-81.390990748865434,41.569712217617592],[-81.389388751764756,41.569729218261699],[-81.388207753931397,41.569737218727937],[-81.388144754049733,41.56973721875201],[-81.385964758021572,41.569756219620025],[-81.385765758388885,41.569757219697898],[-81.379869769138949,41.569807222040133],[-81.377077774220453,41.56983222315025],[-81.376221775776131,41.569840223490999],[-81.374375779132563,41.569857224225089],[-81.364576796961217,41.56994522811091],[-81.362812799790177,41.570019228906702],[-81.362697800006103,41.570019228950443],[-81.361591801945508,41.570040229406082],[-81.355243813569729,41.570085231892442],[-81.354479814964805,41.570091232192368],[-81.348856825213161,41.570138234402407],[-81.348836825250714,41.570138234409995],[-81.348736825438451,41.570138234447946],[-81.345933830687585,41.570140235514785],[-81.343315835595959,41.570141236509798],[-81.334115852834714,41.570146240008356],[-81.328759862797142,41.570160242060872],[-81.328172863885897,41.570162242286436],[-81.328083864052971,41.570162242320201],[-81.328014864182492,41.57016224234637],[-81.327926864347702,41.570162242379759],[-81.327863864465982,41.570162242403654],[-81.325165869570753,41.570156243418538],[-81.325040869831952,41.570152243460278],[-81.32303187372959,41.570133244195745],[-81.314177890798092,41.570066247465739],[-81.310993896936225,41.570042248643766],[-81.310951897015087,41.570042248659725],[-81.31052889782265,41.570040248817882],[-81.305522907308898,41.570027250704165],[-81.304906907710546,41.570140251083643],[-81.304428908674737,41.570130251252216],[-81.295879925951468,41.569947254272883],[-81.295643883061686,41.576410262265682],[-81.295640882966723,41.576425262285035],[-81.295616876226077,41.577437263530406],[-81.2956168761322,41.57745126354753],[-81.295574847399124,41.581748268813733],[-81.295410806028386,41.587963276453003],[-81.295407805282878,41.588075276590565],[-81.295404804523969,41.588189276730553],[-81.29542380423436,41.588227276772059],[-81.295402804004596,41.588267276826315],[-81.295399803051225,41.588410277001714],[-81.295394802094805,41.588554277178829],[-81.295387800411149,41.588807277489543],[-81.295384799665641,41.588919277627056],[-81.295380798720799,41.589061277801456],[-81.295328779664814,41.591917281300773],[-81.295270758526797,41.595085285180076],[-81.295265756993558,41.595315285461794],[-81.295265756866158,41.595334285484974],[-81.295263755964513,41.595469285650132],[-81.295258755014643,41.595612285825659],[-81.295251753860555,41.59578628603942],[-81.295246752937501,41.59592528621004],[-81.295241751873647,41.596085286406279],[-81.295241751659063,41.596117286445327],[-81.295241751243296,41.596179286520972],[-81.295241751048835,41.596208286556347],[-81.29522774683609,41.596840287330231],[-81.29523274661247,41.596872287368264],[-81.295107675237375,41.607549300410263],[-81.295092666304683,41.608885302040846],[-81.29508866426643,41.609190302413126],[-81.294985647750607,41.611680305458741],[-81.295002632463436,41.613955308229059],[-81.295004630696127,41.614218308549354],[-81.294996630602938,41.614234308569507],[-81.295007628772808,41.614504308897608],[-81.295014622181512,41.615485310092446],[-81.295007615292974,41.616514311346791],[-81.294972599366375,41.618898314253443],[-81.294917574474042,41.622624318794067],[-81.29491357255624,41.622911319143689],[-81.294838535283176,41.628488325934612],[-81.294838534914291,41.628543326001569],[-81.294731480845854,41.63663233584132],[-81.29468545860297,41.639960339886045],[-81.294691458163484,41.640024339964441],[-81.294685458073104,41.640039339982124],[-81.29468345790211,41.640065340013571],[-81.29466845251487,41.64087234099366],[-81.294668452420979,41.640886341010678],[-81.291084458408662,41.640901340675711],[-81.291011458532665,41.64090134066852],[-81.287517464400821,41.640911340335862],[-81.28718246495643,41.640913340305147],[-81.278666479186484,41.640948339503986],[-81.276710482434709,41.640959339322642],[-81.276473482871026,41.640954339293721],[-81.276414482971248,41.64095433928788],[-81.273537487756727,41.640969339019428],[-81.273271488195036,41.640971338995236],[-81.272182489983891,41.640980338896973],[-81.271816490585252,41.64098333886389],[-81.269531494330991,41.641003338658365],[-81.268886495379107,41.641010338601653],[-81.268549495944711,41.641011338569236],[-81.268499496022855,41.641012338565311],[-81.265560500811219,41.64104233830404],[-81.265425501033718,41.641043338291638],[-81.262399506037227,41.641063338010476],[-81.262356506103472,41.64106433800719],[-81.259097511719887,41.641052337670715],[-81.258302513056492,41.641054337593495],[-81.250586525895073,41.641093336860912],[-81.247408534766763,41.641108336924539],[-81.243333547171247,41.641129337113284],[-81.243045548132116,41.641118337115849],[-81.241528552843107,41.641112337174192],[-81.241402553251191,41.641109337176928],[-81.240489555995083,41.641119337223543],[-81.239055560370105,41.641125337288436],[-81.237632564711475,41.641131337352739],[-81.235980569791408,41.64113233742242],[-81.234585574106617,41.641129337478205],[-81.232198581390222,41.641139337585507],[-81.231813582562481,41.641141337603067],[-81.230803585698837,41.641137337642064],[-81.229791588801746,41.641139337685722],[-81.228657592293501,41.641139337732938],[-81.226477599038745,41.641134337820063],[-81.226200599891655,41.641134337831609],[-81.223652607724176,41.641136337939201],[-81.223058609553163,41.64113633796395],[-81.221188615220498,41.641150338051432],[-81.218044624953251,41.641142338176778],[-81.21745262678256,41.641141338200754],[-81.214005637287912,41.64115833835487],[-81.201099676631699,41.641222338923782],[-81.198195685378209,41.641254339058783],[-81.198178685424395,41.641255339059981],[-81.195704692891553,41.64128033917271],[-81.194300697124845,41.641295339236628],[-81.191242706344994,41.64132833937483],[-81.190920707312785,41.641332339389514],[-81.178876744807695,41.641268339850235],[-81.174906756582729,41.641345340035656],[-81.16845777639783,41.641355340296187],[-81.153994820793784,41.641386340877965],[-81.153477822381589,41.641387340898618],[-81.153098823538429,41.641389340913939],[-81.150882830357247,41.641391341002013],[-81.148162838718463,41.641395341110197],[-81.146247844632086,41.641393341185832],[-81.146067845186892,41.641393341192966],[-81.143951851708849,41.641393341276775],[-81.143068854419397,41.64139534131187],[-81.142743855421102,41.641395341324731],[-81.14081886133242,41.641399341401112],[-81.138841867404182,41.641403341479425],[-81.136683874044977,41.641405341564734],[-81.136666874091915,41.641406341565421],[-81.132632886493766,41.641412341724639],[-81.132092888152911,41.64141334174591],[-81.131697889365086,41.641414341761454],[-81.131110891169115,41.64141534178458],[-81.12252391770177,41.64140334212442],[-81.120677923318127,41.641417342195709],[-81.120634923450666,41.641417342197407],[-81.117754932427573,41.641398342313622],[-81.112631948156107,41.641410342514128],[-81.104227973919066,41.641438342838839],[-81.101421982488844,41.641454342944613],[-81.101497952564884,41.647358341338148],[-81.101603911512569,41.655453339147321],[-81.101617900063616,41.657720338534816],[-81.101635884586415,41.660785337707402],[-81.10172686001772,41.665608336416817],[-81.101727859596735,41.665691336394595],[-81.101727859541384,41.665702336391625],[-81.101860809058266,41.675643333741107],[-81.101898795037826,41.678402333009508],[-81.101926784614477,41.680453332466669],[-81.101928784521789,41.680470332462662],[-81.102009759950562,41.685293331194565],[-81.102063750258452,41.687179330707657],[-81.10206375016277,41.687198330702593],[-81.10207973596421,41.690006329958237],[-81.102080734918147,41.690213329903322],[-81.102097727614009,41.691651329525619],[-81.102112717159031,41.693716328980351],[-81.102134703322875,41.696447328260845],[-81.102134703252361,41.696461328257122],[-81.102134703020681,41.696507328244863],[-81.102178685982039,41.699857327370879],[-81.102179685691141,41.699914327356126],[-81.102183681802515,41.700683327153193],[-81.10219566961743,41.703093326517312],[-81.102219644877366,41.707986325227502],[-81.102230633550462,41.710226324637659],[-81.102232631169912,41.710697324513532],[-81.102234628784316,41.711169324389139],[-81.102238625247296,41.711868324205511],[-81.102238625000439,41.711917324192484],[-81.102238624909759,41.711935324187714],[-81.102238624567207,41.712003324169643],[-81.102244621002072,41.712706323986055],[-81.102251616505896,41.713593323754203],[-81.102251616309431,41.713632323743845],[-81.102257612900246,41.714304323568633]]]}},
{"type":"Feature","properties":{"COUNTYFP":"035","NAME":"Cuyahoga"},"geometry":{"type":"Polygon","coordinates":[[[-81.419935692991757,41.569947207034573],[-81.417629699113206,41.569667207339535],[-81.417142699868108,41.569692207576992],[-81.414364705201891,41.569674208603132],[-81.413119707585537,41.569667209065393],[-81.413104707607303,41.569668209073143],[-81.41282270811783,41.569671209187106],[-81.412793708172316,41.569671209198198],[-81.412725708280831,41.569674209230257],[-81.412635708424261,41.569678209272752],[-81.408992714189438,41.56984621100063],[-81.391004748832685,41.569713217614108],[-81.390997752627314,41.569128216524611],[-81.390992757413642,41.56838921514688],[-81.390992757723922,41.568341215057266],[-81.390991758268797,41.568257214900839],[-81.390991758398073,41.568237214863494],[-81.39099075867145,41.568195214785476],[-81.39098975940378,41.568082214574915],[-81.390987760861947,41.567857214155644],[-81.390987761107567,41.5678192140847],[-81.390982764536517,41.567290213099106],[-81.390972771950317,41.566146210967482],[-81.390971773031708,41.565979210656124],[-81.390944785952897,41.563988206950718],[-81.390945791219309,41.563173205429003],[-81.390945791645947,41.563107205305812],[-81.390928793617434,41.562807204753121],[-81.390927793729233,41.562790204721821],[-81.390922794553191,41.562664204488783],[-81.390918795032661,41.562591204354263],[-81.390916795282109,41.5625532042842],[-81.390916795346754,41.562543204265538],[-81.390919797997867,41.562132203497136],[-81.390920798267473,41.562090203418308],[-81.390920798396749,41.562070203380983],[-81.390920798474326,41.562058203358582],[-81.390921799319244,41.56192720311364],[-81.390920799780105,41.561856202981566],[-81.390912803686774,41.56125420186148],[-81.390912803790201,41.561238201831628],[-81.390912803861312,41.561227201811086],[-81.390912803964738,41.561211201781227],[-81.390910804621441,41.561110201593607],[-81.390902808903078,41.560450200365352],[-81.390902809446075,41.560366200208584],[-81.390901810424069,41.560215199927214],[-81.390901810533975,41.560198199895481],[-81.390901810611552,41.560186199873087],[-81.39090081096252,41.560132199772752],[-81.39090081118232,41.560098199709302],[-81.390900811259883,41.5600861996869],[-81.39090081133746,41.560074199664513],[-81.390900811421488,41.560061199640238],[-81.39089581763028,41.559102197852731],[-81.390894818336804,41.558993197649762],[-81.390880824142613,41.558099195987765],[-81.390880824278355,41.558078195948582],[-81.390879824390154,41.558061195917311],[-81.390879824461265,41.558050195896783],[-81.390879824577624,41.558032195863184],[-81.390878825038499,41.55796119573116],[-81.390878825200119,41.557936195684498],[-81.390850837400208,41.556057192191282],[-81.390841848044985,41.554413189127992],[-81.390841848355279,41.554365189038421],[-81.390841848659122,41.554318188950731],[-81.390811883747901,41.548899178855038],[-81.390766922984653,41.54284316758168],[-81.390766923178589,41.542813167525729],[-81.390766923340209,41.542788167479095],[-81.390734931425229,41.54154716518245],[-81.390734932045845,41.541451165003387],[-81.390735939820956,41.540248162758985],[-81.390735944482017,41.539527161414178],[-81.390735959357343,41.537226157122369],[-81.390735959486619,41.537206157085066],[-81.390729975446888,41.53473915248734],[-81.390738031396197,41.526082136335283],[-81.39073803334206,41.525781135773848],[-81.390738033814003,41.525708135637686],[-81.390747054327946,41.522532129707479],[-81.390747054444304,41.522514129673901],[-81.390746054905307,41.522443129542168],[-81.390745055599012,41.522336129343294],[-81.390745055728317,41.522316129305992],[-81.390749068190701,41.520387125705049],[-81.39074506914902,41.520240125433709],[-81.390744069441951,41.520195125350497],[-81.390715072564348,41.519721124487248],[-81.39071307272998,41.519696124442063],[-81.390711072992573,41.5196561243689],[-81.390723095543422,41.516164117847303],[-81.390723095646862,41.516148117817465],[-81.390761120756636,41.512252110521722],[-81.39079614421037,41.508613103705834],[-81.390797144770787,41.508526103542735],[-81.390804145306035,41.508441103378573],[-81.390804147213061,41.508146102828213],[-81.390804147277706,41.508136102809559],[-81.390804147348831,41.508125102789037],[-81.390804147426394,41.508113102766643],[-81.390804147503971,41.508101102744263],[-81.390804147588014,41.508088102720009],[-81.390804147678523,41.508074102693882],[-81.390804147775484,41.508059102665896],[-81.390804147878924,41.508043102636051],[-81.390804147988817,41.508026102604333],[-81.390804148105175,41.508008102570756],[-81.390804148234466,41.507988102533432],[-81.390804148370222,41.507967102494263],[-81.39080414851891,41.507944102451347],[-81.39080414868053,41.507919102404713],[-81.390804148855054,41.507892102354333],[-81.390804149042538,41.507863102300227],[-81.390804149249405,41.50783110224053],[-81.390804149482122,41.507795102173368],[-81.390804149740703,41.507755102098741],[-81.390804150025147,41.50771110201665],[-81.390804150348373,41.507661101923368],[-81.390809155826602,41.506812100335388],[-81.390823159857774,41.506184099152371],[-81.390822160034361,41.506157099102808],[-81.390821160210947,41.506130099053244],[-81.390802165324345,41.505345097604142],[-81.390802165395456,41.505334097583621],[-81.390802165485951,41.505320097557501],[-81.390795167297412,41.505042097044587],[-81.390795167387907,41.505028097018474],[-81.390794167564493,41.505001096968918],[-81.390788169057132,41.504772096546631],[-81.390772173324137,41.504117095337904],[-81.390772173434044,41.5041000953062],[-81.390805176353211,41.503638094417013],[-81.390806176448123,41.503623094388196],[-81.390831179002177,41.503220093615539],[-81.390833182185077,41.502727092694016],[-81.390836184260479,41.502405092090711],[-81.390851194960703,41.500745088980629],[-81.390866198580682,41.499211089236226],[-81.390866198313915,41.499034089610973],[-81.39086619787534,41.49874309022708],[-81.390881196555995,41.497888092024475],[-81.390881196518336,41.497863092077402],[-81.390884195558201,41.49723009341502],[-81.390891193504814,41.495877096273588],[-81.390897191675052,41.494671098821769],[-81.390899191074212,41.494275099658452],[-81.39090119047485,41.493880100493016],[-81.390904189599198,41.493303101712044],[-81.390905188007252,41.49224810394481],[-81.390904186773525,41.491428105681756],[-81.390905185219268,41.49039810786158],[-81.390905184887714,41.490178108327356],[-81.390905184712906,41.490062108572957],[-81.3909051846707,41.490034108632237],[-81.390906184624981,41.49000510869277],[-81.390906184551127,41.489956108796505],[-81.39090618444564,41.48988610894471],[-81.390906184329609,41.489809109107739],[-81.390906184234666,41.489746109241118],[-81.390906184172877,41.489705109327922],[-81.390906184139723,41.489683109374496],[-81.390906184123139,41.489672109397787],[-81.390906184108076,41.489662109418958],[-81.390907183949309,41.489558109638281],[-81.390927182588797,41.488682111475597],[-81.390933182202971,41.488434111995446],[-81.390944181314325,41.487859113203271],[-81.390953179977657,41.486984115047946],[-81.39096617785701,41.485594117979431],[-81.390975176592804,41.484767119722434],[-81.391029168939298,41.479759130277515],[-81.391031168662607,41.47957813065895],[-81.391038167221936,41.478631132657625],[-81.391041166571171,41.478203133561074],[-81.391042166495353,41.478154133663935],[-81.391042166423034,41.47810613376555],[-81.391042166246763,41.477989134013242],[-81.391046165548829,41.477531134979309],[-81.391056163713614,41.476326137521518],[-81.391060162917782,41.475803138625174],[-81.391060162837931,41.475750138737368],[-81.391061162760636,41.475700138842349],[-81.391071160811052,41.474419141545383],[-81.391073160490748,41.47420914198819],[-81.391078159474546,41.47354114339791],[-81.39107815940676,41.473496143493179],[-81.391079159380695,41.473480143526167],[-81.391079159362619,41.473468143551578],[-81.391079159341515,41.473454143581208],[-81.391079159323439,41.473442143606611],[-81.391079159300844,41.473427143638368],[-81.391079159275236,41.47341014367435],[-81.39108315850207,41.472902144746229],[-81.391084158414259,41.472845144866021],[-81.391090157209348,41.472053146537348],[-81.39110215487797,41.470521149769887],[-81.391100154738766,41.470426149972774],[-81.391068152978619,41.46921615256273],[-81.391131149744879,41.46715115687816],[-81.391134149600433,41.467059157070238],[-81.391134149583877,41.467048157093522],[-81.391135149456915,41.466965157268341],[-81.391213144693381,41.463903163680506],[-81.391229143709069,41.463270165006122],[-81.391230143648386,41.463231165087777],[-81.3912311436073,41.463205165141922],[-81.391232143530061,41.463155165246867],[-81.391233143442292,41.463098165366624],[-81.391263141632848,41.461935167801542],[-81.391275140919959,41.461477168760247],[-81.39127714082727,41.461418168883341],[-81.391278140783172,41.461390168941712],[-81.391296139777182,41.460745170290842],[-81.391299139655473,41.460668170451122],[-81.39131313871448,41.460061171723389],[-81.391313138688872,41.460044171759371],[-81.391314138637256,41.46001117182832],[-81.391315138555541,41.459958171939604],[-81.391330137564509,41.459319173278672],[-81.391332137473341,41.459261173399639],[-81.391334137344515,41.459178173573527],[-81.391194137211784,41.458911174264792],[-81.391174137098133,41.458810174496612],[-81.391169136952598,41.458707174719159],[-81.391183136818739,41.458636174856828],[-81.39134713591325,41.45824417553878],[-81.391358134565721,41.457363177393638],[-81.391374132918074,41.456289179652458],[-81.391392130906937,41.454976182415308],[-81.391394130779673,41.454894182587061],[-81.391394130654703,41.454811182762732],[-81.391409128681062,41.453519185483792],[-81.391409128641925,41.453493185538825],[-81.391412128128877,41.453156186249394],[-81.391420127363958,41.452658187296194],[-81.391431126335945,41.451989188702186],[-81.391431126218535,41.451911188867278],[-81.391433126113867,41.451844189007268],[-81.391436125549703,41.451473189789787],[-81.391456123160481,41.449911193077632],[-81.391459122829659,41.449695193532072],[-81.39146412217444,41.449266194435509],[-81.391479120475296,41.448156196771158],[-81.391480120349982,41.4480741969438],[-81.391481120224668,41.447992197116442],[-81.391486119712496,41.447658197818782],[-81.391497118450005,41.446833199554838],[-81.391497118346138,41.44676419970088],[-81.391505117455083,41.446182200925357],[-81.391518115981256,41.445219202951613],[-81.390883117177822,41.445221203529442],[-81.390847117245471,41.44522120356244],[-81.390763117401875,41.445220203641547],[-81.390749117428186,41.445220203654387],[-81.390720117482687,41.445220203680968],[-81.390637117641717,41.445222203752813],[-81.39020411845712,41.445223204147595],[-81.389989118862758,41.445224204342551],[-81.38994611894357,41.445224204381965],[-81.389917118998099,41.445224204408547],[-81.389895119039437,41.445224204428719],[-81.389881119065763,41.445224204441551],[-81.389337120094353,41.445228204931716],[-81.389287120186808,41.445227204979666],[-81.388655121379301,41.445230205552612],[-81.388009122596614,41.445232206140503],[-81.387817122959021,41.445233206314377],[-81.38486412852501,41.445243208999898],[-81.384743128753982,41.445244209108687],[-81.384097129972858,41.445247209694436],[-81.384079130006697,41.445247209710935],[-81.383917130312739,41.445248209857297],[-81.382996132062374,41.445260210675961],[-81.381811134309856,41.445273211734467],[-81.381426135036676,41.445275212083089],[-81.380623136553851,41.445280212808449],[-81.380587136621543,41.445280212841446],[-81.379905137909745,41.445284213458017],[-81.37921613920652,41.445285214087392],[-81.378392140757072,41.445286214840507],[-81.378370140798424,41.445286214860673],[-81.37833314086798,41.44528621489458],[-81.378293140944706,41.44528721492911],[-81.378178141162451,41.445288215032377],[-81.378038141427169,41.445289215158567],[-81.378022141457265,41.445289215173233],[-81.377981141534335,41.445289215210813],[-81.377949141594485,41.445289215240138],[-81.377907141673433,41.445289215278642],[-81.377865141752395,41.445289215317132],[-81.377832141814423,41.44528921534738],[-81.377811141853897,41.445289215366628],[-81.377789141893714,41.445288215388921],[-81.377596142256536,41.44528821556581],[-81.377581142284726,41.445288215579559],[-81.377311142792294,41.445288215827034],[-81.376948143473115,41.44528721616188],[-81.376838143679905,41.445287216262692],[-81.376729143884802,41.445287216362601],[-81.376702143935574,41.445287216387349],[-81.376549144223176,41.445287216527575],[-81.376414144476954,41.445287216651316],[-81.376296144698784,41.445287216759468],[-81.376259144766792,41.445286216795516],[-81.376227144826956,41.445286216824847],[-81.376177144920945,41.44528621687067],[-81.37596314532324,41.445286217066815],[-81.375860145516853,41.445286217161225],[-81.375803145624019,41.445286217213464],[-81.375790145648438,41.44528621722538],[-81.375776145674763,41.445286217238213],[-81.375761145702967,41.445286217251962],[-81.375746145731171,41.445286217265711],[-81.37573114575936,41.44528621727946],[-81.375717145785671,41.445286217292285],[-81.375707145812257,41.445291217290773],[-81.375692145832673,41.445286217315207],[-81.37564314592322,41.44528521736224],[-81.37549214620708,41.445285217500647],[-81.375340146492817,41.445285217639963],[-81.3749921471439,41.445283217963201],[-81.374960145471675,41.444171220367309],[-81.374959145417463,41.444135220445126],[-81.374957145323052,41.444072220581489],[-81.374954145152643,41.443959220825569],[-81.374950144926444,41.443809221149586],[-81.374949144883146,41.443780221212442],[-81.374947144793424,41.44372022134241],[-81.374946144729847,41.443678221433025],[-81.374945144669411,41.443638221519372],[-81.374944144612087,41.443600221601443],[-81.374943144575013,41.443575221655756],[-81.374942144508339,41.443531221750639],[-81.374942144484962,41.443516221782666],[-81.37494214442421,41.443477221865962],[-81.374933143911363,41.443137222600342],[-81.374928143616913,41.44294222302139],[-81.374899142022727,41.441884225307589],[-81.374898141974754,41.441852225376849],[-81.374881141152656,41.441304226562856],[-81.374868139126349,41.43998822938542],[-81.374852136745531,41.438441232704157],[-81.374852136703467,41.438414232761822],[-81.374852136639575,41.438373232849379],[-81.374851136494954,41.43827923305107],[-81.374850136381497,41.438205233210041],[-81.3748491362322,41.438108233418127],[-81.374849136140256,41.438049233544135],[-81.374849136105993,41.438027233591122],[-81.374849136082602,41.438012233623162],[-81.37484813606109,41.43799723365612],[-81.374848135997198,41.437956233743684],[-81.374848135948895,41.437925233809892],[-81.374833131155327,41.434831240431777],[-81.374823129133915,41.433522243236773],[-81.374822129036033,41.433458243374389],[-81.37482212897369,41.433418243459826],[-81.374821128824365,41.433321243667919],[-81.374819127925775,41.432742244906386],[-81.374819127318005,41.432352245739345],[-81.374819126387678,41.431755247014394],[-81.374811125556164,41.431212248181573],[-81.374811125492258,41.431171248269138],[-81.374810125318021,41.431058248511413],[-81.374812124675429,41.430648249385207],[-81.374809124026385,41.43022825028504],[-81.374807123587459,41.42994425089347],[-81.374805123014511,41.429574251685573],[-81.374794120698553,41.428075254897415],[-81.374791120019879,41.427636255837839],[-81.374790119988987,41.42761525588363],[-81.374790119964047,41.427599255917798],[-81.374790119932882,41.427579255960516],[-81.37479011990483,41.42756125599896],[-81.374790119884551,41.427548256026732],[-81.37478911971651,41.427439256260463],[-81.374789119608977,41.427370256407841],[-81.374789119582488,41.427353256444142],[-81.37478811943312,41.427256256652257],[-81.374788119285071,41.42716125685515],[-81.374784118190547,41.426454258368913],[-81.374782117701685,41.426138259045707],[-81.374778116656984,41.425463260491142],[-81.374775115895659,41.424971261544776],[-81.374772115048586,41.424424262715895],[-81.375966112880434,41.424422261597016],[-81.376345112188531,41.424419261246896],[-81.376367112148642,41.424419261226198],[-81.3782111087895,41.424409259512927],[-81.381403102975526,41.424392256546462],[-81.383474099200541,41.424379254625912],[-81.385194096065163,41.42436825303124],[-81.385620095288203,41.424365252636868],[-81.386248094143482,41.424361252054574],[-81.386421093826783,41.424359251896078],[-81.386545093600446,41.424358251781541],[-81.386637093430593,41.424356251699244],[-81.386684093345394,41.424356251655034],[-81.386702093312749,41.424356251638102],[-81.387128092415821,41.424274251411298],[-81.387171092325715,41.42426625138782],[-81.387184092300643,41.424265251377712],[-81.387239092202449,41.42426625132385],[-81.387284092120879,41.424266251281509],[-81.388895089202009,41.424267249763687],[-81.389524088061762,41.424267249171898],[-81.389808087546939,41.424267248904698],[-81.390517086252629,41.424261248250346],[-81.390801085734779,41.424259247987379],[-81.391020085340799,41.424261247777096],[-81.391764083999604,41.424266247066519],[-81.39176408393493,41.424223247157521],[-81.39176208348276,41.423920247800609],[-81.391765083174974,41.423719248223129],[-81.391765083128348,41.423688248288741],[-81.391766081571106,41.422654250475929],[-81.39176908116103,41.42238525104235],[-81.391772080746463,41.422113251615123],[-81.391774080506693,41.421956251945474],[-81.391774080490137,41.421945251968751],[-81.391775080425148,41.421903252056687],[-81.391776080313534,41.421830252210221],[-81.391779079929051,41.421578252740673],[-81.391779079886931,41.421550252799925],[-81.391779079259663,41.421133253682356],[-81.391779075619411,41.418713258803493],[-81.391780075560462,41.418675258882949],[-81.39181107293426,41.416966262470048],[-81.391818072353175,41.416588263263293],[-81.391818072332129,41.416574263292922],[-81.391825072062403,41.416403263648128],[-81.391826072024514,41.416379263697969],[-81.391826072006467,41.416367263723366],[-81.391826071989911,41.416356263746636],[-81.391826071973384,41.416345263769912],[-81.391826071956828,41.416334263793196],[-81.391826071941793,41.41632426381436],[-81.391826071926744,41.416314263835517],[-81.391833071284054,41.415895264715516],[-81.391833071216368,41.415850264810743],[-81.391817068767679,41.414203268311205],[-81.391816068477652,41.41400926872268],[-81.391816068080558,41.413745269281335],[-81.391821064910047,41.411643273724657],[-81.391821064631785,41.411458274116143],[-81.391851060329827,41.408633280065402],[-81.39185106029673,41.408611280111955],[-81.391875059234749,41.407933281523626],[-81.391876059181854,41.407899281594617],[-81.391876059139761,41.407871281653861],[-81.391885058791544,41.407650282112876],[-81.391889058625097,41.407544282333333],[-81.391907056569281,41.406198285164216],[-81.391907056533199,41.406174285214995],[-81.391934049983632,41.401850294338566],[-81.391936048904967,41.401135295849549],[-81.391940046183819,41.399330299665024],[-81.391940046150737,41.399308299711578],[-81.391940046066537,41.399252299830067],[-81.391941045688853,41.399002300358106],[-81.391942045518704,41.398890300594118],[-81.391945043910567,41.397824302846843],[-81.391945043850413,41.397784302931477],[-81.391933040490741,41.395536307699878],[-81.391931039957356,41.39517930845723],[-81.391927038887516,41.394463309976189],[-81.391915035810314,41.392403314346865],[-81.391909034213,41.391334316614753],[-81.391909034101715,41.391260316771344],[-81.391905033126548,41.390607318157024],[-81.391905033037816,41.390548318281866],[-81.391905033022766,41.390538318303022],[-81.391903032505866,41.390192319037126],[-81.391902032337626,41.39007931927722],[-81.391902032313567,41.390063319311068],[-81.391902032266941,41.390032319376672],[-81.391902032244388,41.390017319408408],[-81.391902032229353,41.390007319429564],[-81.391901032172413,41.389968319513073],[-81.391895030972023,41.38916332122237],[-81.391895030629144,41.388935321704821],[-81.391895030493799,41.388845321895268],[-81.391894030372171,41.388763322069757],[-81.391894030305991,41.388719322162864],[-81.391892029939441,41.388473322685378],[-81.391891029676458,41.388297323058787],[-81.391889029176056,41.387962323769621],[-81.391882027308057,41.386712326421559],[-81.391882027265936,41.386684326480804],[-81.391881027177391,41.386624326608747],[-81.391880026927936,41.386457326963111],[-81.39187802662002,41.386250327403104],[-81.391867025071505,41.385208329618884],[-81.391864024699075,41.384957330152972],[-81.391844021651067,41.382908334508564],[-81.391843021547473,41.382838334657684],[-81.391841021266572,41.382649335059604],[-81.39183602052745,41.382152336116249],[-81.39182801736878,41.380043340587036],[-81.391788001235369,41.369273363417726],[-81.391768993253223,41.363946374709691],[-81.39176799270578,41.363581375483108],[-81.39176099026966,41.36195437893322],[-81.391761989876912,41.361694379482415],[-81.391762989718856,41.361590379701482],[-81.391746987855214,41.360334382375648],[-81.391760983354416,41.357357388661335],[-81.391760983249114,41.357287388809468],[-81.391760983234079,41.357277388830632],[-81.391760983190451,41.357248388891996],[-81.391760983038523,41.357147389105734],[-81.391760982645906,41.356886389658058],[-81.391760982448844,41.35675538993528],[-81.39176098230142,41.356657390142658],[-81.391760982209661,41.356596390271754],[-81.391760982184095,41.356579390307736],[-81.391761982107269,41.356529390412511],[-81.391761981619879,41.356205391098165],[-81.391761981070815,41.355840391870572],[-81.391760979692975,41.354923393812129],[-81.391733974126126,41.351194401731078],[-81.391710971586832,41.349482405377678],[-81.391693969788633,41.348269407962171],[-81.392074969191881,41.34827040756813],[-81.392321968803998,41.348270407314047],[-81.392736968152334,41.348270406887153],[-81.392967967788096,41.348269406651646],[-81.394140965949191,41.348271405440805],[-81.394232965806211,41.348272405344055],[-81.395527963826439,41.348308403935917],[-81.395811963384929,41.348311403637453],[-81.396320962591545,41.348315403105445],[-81.396674962044557,41.348321402728644],[-81.39724296114214,41.348314402159176],[-81.397620960550029,41.348315401768247],[-81.397749960372693,41.348332401599698],[-81.399584957842961,41.348570399210736],[-81.39973995760235,41.348572399047129],[-81.405156949200631,41.348647393319204],[-81.406933946413972,41.348651391483664],[-81.411800938823163,41.348691386395579],[-81.419011927573891,41.348750378858412],[-81.420333925514342,41.348763377472167],[-81.428884912194107,41.348850368500578],[-81.429366911448824,41.348859367986428],[-81.431054908835023,41.348888366191147],[-81.434941902818025,41.348957362052943],[-81.440052894904042,41.349048356612016],[-81.448806881245943,41.349131347444811],[-81.450330878867121,41.349145345849962],[-81.4509358779233,41.349151345215944],[-81.45426487277004,41.349215341664106],[-81.460827862606379,41.349341334663585],[-81.461167862068734,41.349339334318323],[-81.4612538619334,41.349339334229967],[-81.461678861317125,41.34938033370986],[-81.464037857678377,41.349438331168379],[-81.464163857500424,41.34945433100642],[-81.46422985739018,41.349449330948779],[-81.465023856052724,41.349380330273277],[-81.465051856015009,41.349385330234348],[-81.465139855867619,41.349378330158167],[-81.465227855720244,41.349371330081972],[-81.465979854597606,41.349419329211919],[-81.46617785430368,41.349433328980084],[-81.468441850925359,41.349580326356183],[-81.468625850650781,41.349592326142854],[-81.468809850376189,41.34960432592954],[-81.469231849714248,41.34960632549204],[-81.469652849056388,41.349610325051522],[-81.473099843655078,41.349631321468593],[-81.475102840517238,41.349644319385071],[-81.481442830592414,41.349692312776824],[-81.488987818779776,41.349750304911744],[-81.489008818747877,41.349751304888173],[-81.489099818605752,41.349752304792723],[-81.493903811190307,41.349880299603491],[-81.496228807598911,41.349941297094453],[-81.49632380745274,41.349944296990927],[-81.496449807260063,41.349949296851591],[-81.496539807120598,41.349951296755194],[-81.499408802627968,41.34997529376173],[-81.502321790172019,41.350000295240434],[-81.508231760830412,41.35005230057449],[-81.508312760427415,41.350052300649004],[-81.508760758197297,41.350051301063068],[-81.508883757585338,41.350051301176215],[-81.508987757067928,41.35005130127189],[-81.509044756784334,41.350051301324328],[-81.509072756646304,41.350052301348157],[-81.510339750341487,41.350051302515624],[-81.511068746714585,41.350051303186248],[-81.511514744495656,41.350051303596537],[-81.512036741898612,41.350051304076736],[-81.517539714655641,41.350151308951872],[-81.517585714426829,41.350151308994221],[-81.517605714327374,41.350151309012631],[-81.517657714068704,41.350151309060507],[-81.517707713820002,41.350151309106536],[-81.517757713571314,41.350151309152565],[-81.517799713362393,41.350151309191226],[-81.517855713083847,41.350151309242783],[-81.517910712810277,41.350151309293416],[-81.517972712501873,41.350151309350494],[-81.518639709184185,41.350151309964538],[-81.518850708145607,41.350159310143873],[-81.520723698930809,41.350232311733194],[-81.521243696372679,41.350252312175257],[-81.521389695655003,41.350258312298699],[-81.521471695251421,41.350261312368715],[-81.521554694842891,41.350264312439649],[-81.521658694331322,41.350268312528094],[-81.522666689379463,41.350311313377865],[-81.526618669976443,41.350481316712639],[-81.526662669760668,41.350483316749624],[-81.528617660093857,41.350517318492734],[-81.532405641316188,41.350549321932718],[-81.533920633808734,41.350563323306886],[-81.534523630824481,41.350571323849643],[-81.535760624700714,41.350586324965732],[-81.536040623346778,41.350610325182423],[-81.536076623169464,41.350611325213933],[-81.536215622488157,41.350617325331854],[-81.536445621335915,41.350611325554787],[-81.536463621244906,41.350610325573157],[-81.536855619308071,41.350617325923068],[-81.537041618383867,41.350617326094884],[-81.538065613272011,41.350602327066817],[-81.543073588432961,41.350630331644979],[-81.546039573734163,41.350653334346539],[-81.547041568782703,41.350669335245662],[-81.552415542110978,41.350685340185734],[-81.554471532006033,41.350747341985446],[-81.555283528016858,41.350772342695883],[-81.556484522099595,41.350799343763192],[-81.558351512859076,41.350817345461479],[-81.559748505937094,41.350826346739616],[-81.561608496723323,41.350839348440026],[-81.563635486669511,41.35084635030465],[-81.566360473153381,41.350855352812296],[-81.570281453805137,41.350919356343866],[-81.570599452231932,41.350922356633745],[-81.571658446995016,41.350933357597668],[-81.578949410947601,41.351009364237967],[-81.579799406746218,41.351018365012401],[-81.580364403974201,41.351034365512753],[-81.581438398650889,41.351038366502173],[-81.582084395450238,41.351041367096471],[-81.585248379836472,41.35108536996627],[-81.588761362493656,41.351129373161577],[-81.589316359736955,41.351128373677582],[-81.589410359270417,41.351128373764745],[-81.589722357801776,41.351165374002932],[-81.592220345326069,41.351129376368924],[-81.592366344603633,41.351130376502937],[-81.597928317043568,41.351150381633815],[-81.598051316442138,41.351154381742582],[-81.598060315848116,41.350910382074161],[-81.598082314450863,41.350338382852193],[-81.59803631381962,41.349956383315899],[-81.597846314193816,41.349702383478089],[-81.597623314639137,41.349406383666469],[-81.597242316304218,41.349302383456006],[-81.596569320496215,41.349677382339742],[-81.5959813242129,41.350031381326367],[-81.595462327341863,41.350277380518769],[-81.594954329686189,41.350195380161026],[-81.593950333614302,41.349712379889787],[-81.593316336590675,41.349630379419281],[-81.592947337886187,41.349383379416686],[-81.592774337702323,41.348906379907341],[-81.592868336046678,41.348365380728858],[-81.593271332908657,41.347853381789896],[-81.593565331062308,41.347682382287708],[-81.594717324487874,41.347315383823435],[-81.595010323125436,41.347362384024294],[-81.596014318454635,41.3475213847167],[-81.596422316337339,41.347487385130428],[-81.596814313753811,41.347209385854839],[-81.596838313476994,41.347139385969768],[-81.596829312756739,41.346797386417592],[-81.596679312285303,41.346250387012674],[-81.596381312358233,41.345613387597353],[-81.596033312553246,41.344916388220661],[-81.595489313643725,41.344175388733781],[-81.595235314349068,41.343916388858339],[-81.59472531608202,41.343537388921106],[-81.594471317297803,41.343507388739162],[-81.593754321274261,41.34366938789212],[-81.592952325518894,41.343759387066768],[-81.592572327420768,41.343752386742985],[-81.592009330239463,41.343742386262818],[-81.590995335275181,41.343705385424286],[-81.589741341684757,41.343743384272294],[-81.589064344653082,41.343535383966788],[-81.58865234603077,41.343208384060112],[-81.588098347630591,41.342648384355996],[-81.58781234801485,41.342151384800296],[-81.587806346673091,41.341509385690316],[-81.58813634317795,41.340658387159465],[-81.588072341596117,41.3397673883455],[-81.587868340913388,41.338962389294245],[-81.587777339971282,41.338304390135043],[-81.587912337738018,41.337582391254706],[-81.587793336895501,41.33690339210218],[-81.58790033507519,41.33630839302036],[-81.588565329017058,41.335074395284337],[-81.589457322270363,41.334072397400085],[-81.589929318180623,41.333305398841482],[-81.590149315896312,41.332774399750811],[-81.590393312402171,41.33174340136614],[-81.590899309499193,41.331613401947209],[-81.59123430702185,41.331272402680952],[-81.591287306098621,41.330974403131442],[-81.591284305422221,41.330656403564973],[-81.59161930275458,41.330230404411971],[-81.591697301006022,41.329614405315894],[-81.591661299250745,41.328723406506867],[-81.591541298026428,41.327874407576168],[-81.591196298170757,41.327112408355781],[-81.590314300658065,41.326130409034477],[-81.588415307492482,41.32467540961909],[-81.587677310020851,41.324042409950671],[-81.587336311095598,41.32370441016964],[-81.587050311612558,41.323239410608537],[-81.586958310382741,41.322433411669216],[-81.58709530866247,41.321965412424376],[-81.587325306083912,41.321326413485174],[-81.587334305987213,41.321303413523843],[-81.587456304692623,41.320999414036869],[-81.587482303633138,41.320567414658989],[-81.587663300968899,41.319769415902748],[-81.587458301149155,41.31934341635138],[-81.587308301277417,41.319029416683598],[-81.586679302913822,41.318224417366231],[-81.58591830520065,41.317388418007226],[-81.585087308312183,41.316759418315925],[-81.584256311458418,41.316141418616134],[-81.583644313770563,41.315680418850036],[-81.583424314266452,41.315353419164744],[-81.583418313022634,41.314742420030846],[-81.583600310492386,41.313999421211889],[-81.584057306566223,41.313298422515679],[-81.584082305538828,41.312872423137229],[-81.584021305205511,41.312556423545288],[-81.583787305760225,41.312218423870199],[-81.583667305611101,41.311837424332637],[-81.583621305198903,41.311521424751895],[-81.583812302055065,41.310512426311938],[-81.584264297821946,41.309661427813424],[-81.584890293632256,41.309284428750644],[-81.585443289736872,41.308861429702787],[-81.585380289387061,41.308533430125237],[-81.585049290344358,41.308133430479387],[-81.584780291082609,41.307788430796727],[-81.584668290799087,41.307363431327559],[-81.584292292040828,41.306978431636779],[-81.58351329563844,41.306666431592333],[-81.582564300172123,41.306355431443862],[-81.58225030104046,41.305947431832571],[-81.581627304115216,41.305787431676002],[-81.580215311754429,41.30574743085964],[-81.578554320974447,41.305814429734085],[-81.577915323787465,41.305478429829463],[-81.577382325479149,41.304872430388528],[-81.57646433007011,41.304654430146662],[-81.575950332422153,41.30442243017459],[-81.575683333117425,41.304038430578849],[-81.575509333348222,41.303676431008228],[-81.574933336142692,41.303491430934017],[-81.573939341498601,41.303438430413017],[-81.573333344533879,41.303289430269928],[-81.573035345435954,41.302916430648047],[-81.573001345092408,41.302647431029811],[-81.57343334210799,41.302340431746131],[-81.573977339199544,41.302384432004708],[-81.574398337505599,41.302698431789153],[-81.574617336648785,41.302873431660444],[-81.574974334680988,41.302871431877364],[-81.575516331271473,41.302657432518465],[-81.575821328440838,41.302082433549423],[-81.575911327311488,41.301766434069059],[-81.575729326592551,41.300906435231134],[-81.575018329745276,41.300518435389272],[-81.574021335420412,41.300601434684189],[-81.573379339440592,41.300840433952636],[-81.572858342137025,41.300748433785216],[-81.572917341099426,41.300387434359642],[-81.573286337848415,41.299774435489816],[-81.573218336893873,41.299100436457145],[-81.572758337929002,41.298331437344189],[-81.572395338753054,41.297725438046321],[-81.572410337374293,41.297066439042652],[-81.572509335712041,41.296501439944656],[-81.572320336334855,41.296282440167992],[-81.571903338449602,41.296175440097514],[-81.571404341143804,41.296130439888927],[-81.571069342494823,41.295865440103171],[-81.571087341844205,41.295583440538365],[-81.571170340750456,41.295260441070909],[-81.571456338599646,41.294977441653586],[-81.572098334391555,41.294661442478258],[-81.572199333117965,41.294300443074832],[-81.572049333159015,41.293893443604773],[-81.571673334838223,41.293675443730265],[-81.570551341105713,41.293665443143063],[-81.569883344368279,41.293417443160543],[-81.569818344188434,41.293136443551937],[-81.569795343649332,41.292791444062978],[-81.570083341481848,41.29250744464607],[-81.570766336968191,41.292159445532846],[-81.571116334232315,41.29176544631121],[-81.571092333510805,41.291326446960646],[-81.570900333586039,41.290810447639444],[-81.570786334109656,41.290749447672582],[-81.570461335606964,41.29057744776469],[-81.56992833809835,41.290312447891509],[-81.568605344820654,41.289927447798611],[-81.567400351754785,41.289996447076668],[-81.566486356951671,41.290016446578079],[-81.566027359131198,41.289799446677797],[-81.56551336137241,41.289449446956475],[-81.565336361863061,41.289179447284262],[-81.565212361728825,41.288736447907233],[-81.565168361676172,41.288576448132808],[-81.565076361204049,41.288049448902868],[-81.565137360483376,41.287850449241418],[-81.56551135809336,41.287707449648458],[-81.565897355740091,41.287620449974284],[-81.566085354761157,41.287666449996536],[-81.56628335381113,41.287757449954533],[-81.566612352234898,41.287909449884076],[-81.566888350775372,41.287964449936915],[-81.567349347853607,41.287802450414908],[-81.567455347071217,41.287707450613183],[-81.567723344832217,41.287331451321798],[-81.567984341854597,41.286550452644896],[-81.56806434038576,41.286021453492573],[-81.567948339857708,41.285401454384548],[-81.56767934073747,41.285060454777401],[-81.567012343477515,41.284503455313789],[-81.566756344704089,41.284380455381431],[-81.565342352554765,41.284264454891151],[-81.564784355628973,41.284205454718787],[-81.564472356974605,41.283973454931683],[-81.564470356458528,41.283692455367124],[-81.564815353283109,41.283052456521332],[-81.564790352372896,41.282492457378176],[-81.564393353597993,41.281933458063655],[-81.563396358076403,41.281269458644033],[-81.56241836205426,41.280386459585088],[-81.562166362553754,41.279873460277287],[-81.562182361424661,41.279313461162758],[-81.562590358028103,41.278750462223485],[-81.563146354496126,41.278576462737355],[-81.563725351382402,41.27869846279868],[-81.564450347865346,41.279053462562715],[-81.565193343543314,41.279033462918704],[-81.565748339779248,41.278735463621622],[-81.565889338316396,41.278392464212374],[-81.565680338935067,41.278081464602309],[-81.565110341996231,41.277958464547204],[-81.565120341804658,41.277887464661447],[-81.565130341611166,41.277815464777248],[-81.565138341451842,41.277755464873579],[-81.568839320250007,41.277855466307614],[-81.568887319966819,41.277852466332789],[-81.569859314345138,41.277850466753094],[-81.571525304669294,41.277826467504383],[-81.579816256504202,41.277707471234557],[-81.579873256172618,41.277706471260416],[-81.584536229073848,41.277639473352487],[-81.587417212326301,41.277597474643777],[-81.587810210040985,41.27759147482017],[-81.590541194162157,41.277551476042753],[-81.592585182308852,41.277536476936461],[-81.595804163641688,41.277513478342257],[-81.600552136102294,41.277478480415361],[-81.602594124257209,41.277463481306178],[-81.604516113107906,41.277449482144128],[-81.609656083484651,41.277494484280531],[-81.610072081088191,41.277498484453133],[-81.615957047194001,41.27755648689557],[-81.61851603239549,41.277556487988974],[-81.624919995359036,41.277555490726407],[-81.625678990959557,41.277551491055256],[-81.62735298125304,41.277541491781712],[-81.635970931277924,41.27749049551754],[-81.636114930445075,41.277490495579009],[-81.636394928820309,41.277488495700645],[-81.636540927970529,41.277486495765089],[-81.636668927227532,41.277485495820777],[-81.636715926955702,41.277485495840835],[-81.63784792038966,41.277478496331355],[-81.638546916335969,41.277474496633843],[-81.638707915402065,41.2774734967036],[-81.639088913193007,41.277471496868273],[-81.641459899441131,41.277457497894389],[-81.641994896338446,41.277454498125699],[-81.642614892738607,41.277449498395292],[-81.647155866391728,41.277420500360996],[-81.647951861776093,41.277416500704327],[-81.649595852235294,41.277405501415927],[-81.66114378516572,41.27731450641982],[-81.661800781388237,41.277322506692336],[-81.661995780248233,41.277318506778904],[-81.663250772906906,41.277291507336905],[-81.670197732596264,41.277253510324421],[-81.670508730793671,41.277252510457487],[-81.672029721968073,41.277244511110815],[-81.67416470953971,41.277220512037907],[-81.676878693743902,41.277191513214227],[-81.678126686480866,41.277178513754521],[-81.679235680025059,41.277166514234807],[-81.679379679185374,41.277164514297496],[-81.681757665356315,41.277143515323104],[-81.68425065086376,41.277123516396095],[-81.684357650241253,41.277122516442233],[-81.684408649946079,41.277122516463869],[-81.684619648744146,41.277128516548991],[-81.684767647913318,41.277136516605907],[-81.68493464696931,41.27714351667165],[-81.684948646888287,41.27714351667759],[-81.686625637163175,41.277137517393776],[-81.686834635950319,41.277136517483193],[-81.695275587003735,41.277108521084351],[-81.695994582835525,41.277106521390699],[-81.696461580122502,41.277103521590774],[-81.700457556932676,41.277085523297195],[-81.700976553921834,41.277083523518542],[-81.701051553487702,41.277083523550345],[-81.701214552540833,41.277082523620095],[-81.701612550230308,41.277080523790104],[-81.70209154745092,41.277078523994469],[-81.702401545714608,41.277095524115445],[-81.702482545262825,41.277100524146718],[-81.704651533128214,41.277222524993526],[-81.705149530346375,41.277251525187864],[-81.717619457104988,41.276948530645392],[-81.717651456919711,41.276948530658927],[-81.717692456682329,41.276948530676279],[-81.717996454918662,41.27694753080543],[-81.718401452566653,41.276945530977805],[-81.718837450035139,41.276943531163298],[-81.719543445933141,41.276939531464009],[-81.71982244431058,41.276937531583052],[-81.720249441831086,41.276935531764693],[-81.720326441385268,41.276935531797271],[-81.720416440860561,41.276934531835835],[-81.727756397908294,41.276811534995566],[-81.728174395469054,41.276806535174252],[-81.728261394961507,41.276805535211423],[-81.731465376394965,41.276802536565327],[-81.733989361864275,41.276825537621626],[-81.735340354089686,41.276838538187064],[-81.735586352672698,41.276840538290195],[-81.736357348234435,41.276847538613183],[-81.736475347547312,41.276846538663413],[-81.740531323959857,41.276820540386161],[-81.742615311848638,41.276809541269941],[-81.743120308912452,41.276806541484177],[-81.743217308346843,41.276805541525469],[-81.7434163071905,41.27680454160982],[-81.743429307115221,41.276804541615299],[-81.743475306848808,41.276804541634718],[-81.743651305825665,41.276803541709356],[-81.744819299038099,41.276797542204413],[-81.744856298823791,41.276797542220031],[-81.749872269624362,41.276759544348515],[-81.75039226709967,41.276755543898602],[-81.75313425462231,41.276731540396277],[-81.754172249898815,41.276722539070377],[-81.755365244467015,41.276711537546639],[-81.757597234310055,41.276692534695314],[-81.75766923398082,41.276691534603444],[-81.758189231607943,41.276685533939563],[-81.758921228261201,41.276675533005459],[-81.759156227183539,41.276671532705798],[-81.759346226317234,41.276669532463167],[-81.760036223168044,41.276661531582228],[-81.761308217357069,41.27664552995855],[-81.762791210608896,41.276633528063627],[-81.762880210202766,41.276632527949978],[-81.768441184885404,41.276585520844399],[-81.768453184831188,41.276585520829038],[-81.771249172101975,41.276562517255982],[-81.771467171108526,41.276560516977447],[-81.773456162053691,41.276544514435443],[-81.77372716082067,41.276542514089044],[-81.773777160594761,41.276542514025039],[-81.77575415158455,41.276524511498799],[-81.775813151313656,41.276523511423527],[-81.784146113346722,41.276452500773125],[-81.785095109035495,41.276447499559353],[-81.785114108949628,41.276447499535031],[-81.785870105488442,41.276437498569535],[-81.790393084699616,41.276360492796655],[-81.793856068821583,41.276311488373729],[-81.793884068694965,41.276311488337875],[-81.794738064765383,41.276296487247734],[-81.795150062870562,41.27628948672173],[-81.795779059976169,41.276278485918759],[-81.797688051201519,41.276247483481079],[-81.797708051111059,41.276247483455464],[-81.801445033914092,41.276183478683755],[-81.801712032687831,41.276179478342669],[-81.802731027999457,41.276162477041296],[-81.80285702742016,41.276160476880349],[-81.803403024903673,41.276150476183211],[-81.804974017670432,41.276123474176863],[-81.805098017095418,41.276120474018683],[-81.805249016393518,41.276116473826129],[-81.805680014391967,41.276105473276417],[-81.805875013486244,41.276100473027704],[-81.805950013137533,41.276098472932063],[-81.805966013065131,41.276098472911571],[-81.806259011701869,41.276090472537966],[-81.80648601064658,41.276084472248463],[-81.806612010062366,41.276081472087697],[-81.807813004481886,41.276050470555809],[-81.807886004142119,41.276048470462719],[-81.810735991012308,41.2759994668221],[-81.810901990246734,41.275996466610067],[-81.811880985729999,41.275978465359607],[-81.811903985625904,41.275978465330148],[-81.813253979405474,41.275955463605371],[-81.814783972350156,41.275928461650693],[-81.815770967795359,41.275910460389788],[-81.816131966132147,41.275904459928469],[-81.816256965556605,41.27590245976873],[-81.816304965334467,41.27590145970742],[-81.81635296511233,41.275900459646124],[-81.816365965053478,41.275900459629469],[-81.816810963000179,41.27589245906092],[-81.817179961300567,41.275886458589348],[-81.817277960847193,41.275884458464176],[-81.817304960724954,41.275884458429587],[-81.817628959228998,41.275878458015647],[-81.817871958109407,41.275874457705108],[-81.817966957669597,41.27587245758378],[-81.819104952424738,41.275853456129425],[-81.819145952234237,41.275852456077089],[-81.819260951703797,41.275850455930126],[-81.820999943683034,41.275820453707759],[-81.821276942404239,41.275815453353786],[-81.821628940780855,41.275809452903907],[-81.821807939955548,41.275806452675127],[-81.822106938576994,41.275801452292953],[-81.82213093846832,41.275801452262208],[-81.822555936504386,41.275793451719146],[-81.82268393591491,41.275791451555513],[-81.8231999335338,41.275782450896024],[-81.823625931570064,41.275775450351489],[-81.823810930717414,41.275772450114985],[-81.823904930281827,41.275770449994909],[-81.823926930182211,41.275770449966721],[-81.824078929479001,41.275767449772502],[-81.82517492443111,41.275750448371269],[-81.825279923945644,41.275748448237088],[-81.825309923809769,41.275748448198648],[-81.825840921365099,41.275740447519695],[-81.825883921165371,41.275739447464773],[-81.826066920326582,41.275737447230647],[-81.826198919718777,41.275735447061862],[-81.826923916380267,41.275724446134845],[-81.827377914289016,41.275717445554342],[-81.827781912429103,41.275711445037722],[-81.82828291011981,41.275703444397152],[-81.829253905646283,41.275688443155531],[-81.829336905265293,41.275687443049335],[-81.831492895332403,41.275654440292236],[-81.833197887491636,41.275631438111191],[-81.834931879513306,41.275607435893036],[-81.834983879272613,41.275606435826568],[-81.835011879145739,41.275606435790685],[-81.835227878151755,41.275603435514363],[-81.83529187785669,41.275602435432504],[-81.835414877294269,41.275601435275043],[-81.835485876967454,41.275600435184209],[-81.835625876322922,41.275598435005129],[-81.835914874993009,41.275594434635416],[-81.837194869141925,41.275584432996652],[-81.838995860857594,41.275560430692352],[-81.83910786034491,41.275559430548981],[-81.839420858911055,41.275556430148313],[-81.848319817998771,41.275445418759354],[-81.848423817516789,41.275443418626345],[-81.848485817230454,41.275442418547016],[-81.848720816149353,41.275439418246229],[-81.850158809540517,41.275422416405434],[-81.850224809236011,41.275421416320981],[-81.850261809068272,41.275421416273552],[-81.856747779222673,41.275339407970563],[-81.857933773769048,41.275325406452019],[-81.858129772864046,41.275322406201148],[-81.858159772727987,41.275322406162687],[-81.859346767258472,41.275306404643054],[-81.860700761014755,41.27528740290964],[-81.861940755292849,41.275269401322191],[-81.862337753459499,41.275263400813962],[-81.862465752868033,41.275261400650109],[-81.862603752225709,41.275258400473554],[-81.869448720612525,41.275156391709409],[-81.869624719802886,41.275154391483959],[-81.874159698878984,41.275092385675705],[-81.874236698523944,41.275091385577078],[-81.874903695452119,41.275083384722613],[-81.874944695260439,41.275082384670135],[-81.877451683696734,41.275049381458707],[-81.878050680932816,41.275041380691363],[-81.878023717136003,41.281408380089928],[-81.878022717786479,41.281522380079821],[-81.878019720604883,41.282017380034191],[-81.878002726188328,41.282989379958671],[-81.878007726285148,41.283010379950213],[-81.878004727664091,41.283251379929951],[-81.877963748696573,41.286931379614067],[-81.877961748790327,41.286946379615088],[-81.877940759171196,41.288762379459996],[-81.877932763132279,41.289455379400778],[-81.87793276322293,41.289471379399174],[-81.877909771129609,41.290849379290272],[-81.877908771388874,41.290894379287025],[-81.877907771693472,41.29094737928299],[-81.877876782641707,41.292856379130868],[-81.877875783076533,41.292932379124508],[-81.877860792402672,41.294567378979607],[-81.877860792527301,41.294589378977413],[-81.877842803672465,41.29654337880423],[-81.877842803763102,41.296559378802627],[-81.877834807189998,41.29715837875262],[-81.877834807308943,41.297179378750521],[-81.877804819992974,41.299396378565788],[-81.877744851160315,41.304855378092903],[-81.877712862487755,41.306832377934072],[-81.877633894573947,41.312442377467889],[-81.877459938614521,41.320100376909743],[-81.877454949675226,41.322051376719244],[-81.877449950758674,41.322239376706364],[-81.877449950843555,41.322254376704848],[-81.877448951079472,41.322295376701931],[-81.877447951355009,41.322343376698299],[-81.877261990268323,41.329094376241464],[-81.877292998794047,41.330622376049902],[-81.8772929988789,41.330637376048394],[-81.877259010535795,41.33267537588322],[-81.877223022860036,41.3348303757084],[-81.877219024283335,41.335079375687982],[-81.877213026115612,41.335399375662789],[-81.87720702795913,41.33572137563737],[-81.877194031955185,41.336419375582246],[-81.877194032051321,41.336436375580533],[-81.877165040749333,41.337955375461348],[-81.87713704943684,41.339473375340937],[-81.87713105131931,41.33980237531474],[-81.877130051532191,41.339839375312174],[-81.877101060595109,41.34142337518611],[-81.877100060898428,41.341476375181919],[-81.877093062852069,41.341817375155664],[-81.877092063279775,41.34189237514925],[-81.877071069716948,41.343017375060072],[-81.877068070796412,41.34320637504446],[-81.877067071376743,41.343308375035299],[-81.877064072778452,41.343554375013909],[-81.877063073030854,41.343598375010629],[-81.877025088929884,41.346386374772749],[-81.877024089549693,41.346495374762867],[-81.877019091495356,41.346836374734167],[-81.87695811345273,41.350682374415435],[-81.877537111431039,41.350685373738436],[-81.877553111374709,41.350685373719735],[-81.878424108341989,41.350691372701164],[-81.879865103313932,41.35069937101624],[-81.880065102615461,41.350700370782398],[-81.880093102516881,41.350700370749678],[-81.880123102416945,41.350701370714518],[-81.88015810229372,41.350701370673605],[-81.882827092988549,41.350717367552818],[-81.883100092038902,41.350719367233573],[-81.883480090712595,41.35072136678928],[-81.883499090645699,41.350721366767083],[-81.884252088017789,41.350725365886689],[-81.884354087664448,41.3507263657674],[-81.885536083537914,41.350732364385486],[-81.885590083347836,41.350732364322376],[-81.885626083221098,41.350732364280304],[-81.885650083136611,41.350732364252259],[-81.885666083080281,41.350732364233558],[-81.886822079057069,41.350740362881879],[-81.887884075335961,41.350743361640511],[-81.888978071502336,41.350746360361747],[-81.890063067700481,41.350749359093513],[-81.890091067601901,41.350749359060792],[-81.891156063870525,41.350752357815935],[-81.891177063796604,41.350752357791393],[-81.892102060558116,41.35075535671016],[-81.892151060385615,41.350755356652897],[-81.892249060040655,41.350755356538372],[-81.892273059956182,41.350755356510327],[-81.893060057197673,41.350757355590453],[-81.893341056214425,41.350758355261988],[-81.893354056168647,41.350758355246796],[-81.894056053715275,41.350761354426183],[-81.894095053577999,41.350761354380609],[-81.894140053419591,41.350761354328021],[-81.894953050575566,41.350764353377699],[-81.894991050441817,41.350764353333297],[-81.897620041235413,41.350772350260421],[-81.897856040410687,41.350773349984564],[-81.898102039550764,41.350774349697012],[-81.89812203948037,41.350774349673635],[-81.898791037137528,41.350776348891706],[-81.899460034794743,41.350778348109756],[-81.90039103153579,41.350781347021588],[-81.900692030482347,41.350782346669781],[-81.902527024065748,41.350789344524955],[-81.90254002401997,41.350789344509764],[-81.902559023953117,41.350789344487566],[-81.902607023784171,41.350789344431469],[-81.902707023432214,41.350789344314613],[-81.902734023337203,41.350789344283058],[-81.90353902056404,41.350799343341734],[-81.903556020462133,41.350792343322297],[-81.905135014947007,41.350799341476687],[-81.905154014880139,41.35079934145449],[-81.912324989826161,41.350829333073193],[-81.912400989558705,41.350829332984389],[-81.912436989432024,41.350829332942318],[-81.914261983059035,41.350837330809398],[-81.914606981851151,41.350838330406212],[-81.917657971195567,41.350851326840555],[-81.919036966380531,41.350857325228965],[-81.919050966331284,41.350857325212601],[-81.919070966260918,41.350857325189232],[-81.921834956610411,41.350869321959138],[-81.92186595650135,41.350869321922922],[-81.922182955398512,41.350871321552447],[-81.922263955113507,41.350871321457795],[-81.922459954430153,41.350872321228749],[-81.922795953254237,41.350873320836108],[-81.923041952394968,41.350874320548634],[-81.92376094988407,41.350877319708417],[-81.926756939494737,41.350901316207086],[-81.926787939385662,41.350901316170869],[-81.930009928216009,41.350927312405645],[-81.930171927652495,41.350928312216354],[-81.93036892697225,41.350930311986133],[-81.933106917481865,41.350952308786752],[-81.935085910636786,41.350970306474338],[-81.935424909463805,41.350973306078238],[-81.936432905983096,41.35098330490046],[-81.936470905849461,41.350983304856065],[-81.937146903510751,41.350989304066232],[-81.937313902929915,41.350990303871122],[-81.93749190231685,41.350992303663141],[-81.937918900841041,41.350996303164251],[-81.937933900788281,41.350996303146722],[-81.938196899882797,41.35099930283944],[-81.938385899224613,41.351000302618623],[-81.938580898551805,41.351002302390796],[-81.94077089098046,41.351022299832167],[-81.94256988476549,41.351039297730459],[-81.94621687219869,41.351078293470088],[-81.94744686796021,41.351091292033317],[-81.947562867559,41.351092291897821],[-81.95041385774222,41.351123288567749],[-81.951912852586347,41.351140286816978],[-81.954390844003754,41.351159283922804],[-81.954468843736308,41.351160283831703],[-81.956436836933904,41.351177281533332],[-81.956465836831981,41.35117728149946],[-81.956494836730059,41.351177281465588],[-81.956676836097188,41.351178281253027],[-81.956799835671646,41.351179281109388],[-81.958957828162056,41.351190278589073],[-81.961647818810803,41.351205275447576],[-81.971103785990934,41.351264264405678],[-81.971259785449774,41.351265264223521],[-81.97115779820146,41.353056264414306],[-81.971059879413332,41.36474526499444],[-81.970962909888414,41.369104265278885],[-81.970960911575816,41.369347265290813],[-81.970959914124592,41.369715265306567],[-81.970959933492537,41.372515265417761],[-81.970959933693123,41.37254426541891],[-81.970882949191548,41.374749265593692],[-81.970879950003422,41.374865265601677],[-81.970878950248689,41.374900265604204],[-81.970878950338601,41.374913265604711],[-81.970877950563093,41.374945265607117],[-81.97087795064607,41.374957265607591],[-81.970875951074348,41.375018265612262],[-81.970861953574172,41.37537326564216],[-81.970861953664084,41.375386265642675],[-81.970860953833224,41.37541026564476],[-81.970462019455226,41.384722266459093],[-81.970461019610298,41.38474426646107],[-81.970462033434998,41.386745266537922],[-81.970464035709369,41.387075266548557],[-81.970462042418546,41.38804526658857],[-81.970462045217261,41.388450266604345],[-81.970462046447324,41.388628266611285],[-81.970462048347684,41.388903266622002],[-81.970462049045636,41.389004266625939],[-81.970462050876904,41.389269266636262],[-81.970462054781279,41.389834266658276],[-81.970464054872039,41.3898482666566],[-81.970462106402124,41.397304266949341],[-81.970462106491951,41.397317266949841],[-81.970462106678539,41.397344266950903],[-81.970462107369585,41.397444266954793],[-81.970300138517558,41.401885267304706],[-81.97028314179866,41.402353267341368],[-81.970282141960368,41.402376267343364],[-81.97028114206681,41.402391267345024],[-81.970275143299546,41.402567267358378],[-81.970164164725816,41.405624267597211],[-81.970163165253467,41.405700267601219],[-81.970162165560126,41.405744267603993],[-81.970261201881954,41.411042267701312],[-81.969981239466136,41.416376268207152],[-81.96997524029662,41.416494268218081],[-81.969962242029183,41.416740268241384],[-81.969961243088093,41.416893268248309],[-81.969961243302109,41.416924268249488],[-81.969961248466063,41.417672268278075],[-81.969961257012812,41.418910268325384],[-81.969961257123288,41.41892626832599],[-81.970057301196405,41.425345268469833],[-81.970061302546611,41.425542268473158],[-81.969861341005341,41.431041268893715],[-81.969861342447928,41.431250268901671],[-81.969861343497101,41.431402268907462],[-81.969861368455923,41.435018269045088],[-81.969855385594741,41.437499269145746],[-81.969761416097469,41.441887269409705],[-81.969757420923486,41.442585269440286],[-81.969705477776017,41.450807269804884],[-81.969660527827173,41.458047270124084],[-81.969661542266053,41.46014027020211],[-81.969608558338749,41.462454270342526],[-81.96948259685189,41.468001270676602],[-81.969478598052888,41.468174270687058],[-81.969477598337605,41.468215270689583],[-81.969472599940545,41.468446270703211],[-81.969469600725702,41.468559270710415],[-81.969462602711786,41.468845270728075],[-81.969462605077453,41.469188270740922],[-81.969462605194693,41.469205270741561],[-81.969462605291255,41.469219270742087],[-81.969462606918938,41.469455270750927],[-81.969463656651143,41.476666271020079],[-81.969463665948268,41.478014271070585],[-81.969463666796585,41.478137271075184],[-81.969318717302585,41.485424271488299],[-81.969175767570135,41.492681271895215],[-81.969175767735578,41.492705271896099],[-81.969162772119731,41.493338271931947],[-81.968907799597034,41.497267272319242],[-81.968620813046982,41.501690275814994],[-81.968572810618554,41.502421277209088],[-81.968564810192703,41.5025492774528],[-81.968550809474877,41.502765277864505],[-81.968526808258957,41.503131278562329],[-81.968464805092154,41.504084280378578],[-81.968462804985677,41.504116280439483],[-81.968459804836272,41.504161280525302],[-81.968285801592558,41.505186282577661],[-81.968125797527065,41.506445285047313],[-81.967695783335813,41.510783293435885],[-81.967679782809171,41.510944293747002],[-81.96767978274417,41.510963293782005],[-81.9676807822363,41.511111294053762],[-81.967689777107807,41.512606296799952],[-81.967926642099073,41.551962369127821],[-81.968146391753862,41.625036503707634],[-81.97032638844027,41.625036502613092],[-81.970434960549753,41.750033734042873],[-81.970563364495007,41.875032896296723],[-81.970577351071,41.877842899938408],[-81.874856353626399,41.92275501160524],[-81.788363387517023,41.963313133759229],[-81.749850412102219,41.981372194665525],[-81.709199413828969,42.000035268040968],[-81.686444454766871,42.000035288902609],[-81.665833461399373,42.010305333548644],[-81.624844480826638,42.030730426666807],[-81.624844483900148,42.029617423719245],[-81.553040534773587,42.066553603796812],[-81.49983858954954,42.093920749019645],[-81.495178598147447,42.096400763330699],[-81.494051669575668,42.064380665707041],[-81.494083806261287,42.000037466256472],[-81.493574888894017,41.967776360126024],[-81.492110125530843,41.875039053617741],[-81.490272442016646,41.750061637364588],[-81.490272442066683,41.750041637297933],[-81.488690158962697,41.635073345423102],[-81.48864218114214,41.631519336440675],[-81.488639182229178,41.631345336000955],[-81.488677187342844,41.630512333897371],[-81.48868818887199,41.630263333268481],[-81.488691189339363,41.630187333076513],[-81.488726194078751,41.629415331126452],[-81.488755194090814,41.629405331101786],[-81.488901201416965,41.628186328022764],[-81.488933202859855,41.627945327413784],[-81.48892221028315,41.626754324402214],[-81.488738223714606,41.624645319071675],[-81.488738224902121,41.624454318588974],[-81.488738227445012,41.624045317555321],[-81.488738234383533,41.62292931473489],[-81.488738237044529,41.622501313653231],[-81.488693248712352,41.620637308944147],[-81.48863826368104,41.618245302902665],[-81.48863926458084,41.618100302536249],[-81.488639268721741,41.617434300853546],[-81.488639272383878,41.61684529936538],[-81.488539297729545,41.612797289146876],[-81.48853829781838,41.612783289111597],[-81.488563303413628,41.611876286818159],[-81.488640306584941,41.611344285466501],[-81.488584309109129,41.610954284486944],[-81.488580309203272,41.610940284451985],[-81.488560310152792,41.610793284082739],[-81.488495313122172,41.610334282930289],[-81.488474314110803,41.610181282546158],[-81.48834332035662,41.609214280119154],[-81.488318321445789,41.609046279697942],[-81.48831132176916,41.608996279572537],[-81.488279323393144,41.608744278940193],[-81.488254324295795,41.608606278594849],[-81.488538339104693,41.606143272339573],[-81.488542340316258,41.605947271843938],[-81.488539340781728,41.605873271657437],[-81.488539340962035,41.605844271584182],[-81.488538341044659,41.605831271551487],[-81.488528341821109,41.605709271244713],[-81.488500344128255,41.6053462703318],[-81.48849134489673,41.605225270027475],[-81.488464347077809,41.60488226916511],[-81.48842535040589,41.60435826784758],[-81.488386353597278,41.603856266585872],[-81.488361355768731,41.603514265726211],[-81.488357356074374,41.603466265605647],[-81.488345356985135,41.603323265246487],[-81.488342357282761,41.603276265128294],[-81.488340357466697,41.603247265055387],[-81.48819136961167,41.601337260258596],[-81.488193369676466,41.601326260230508],[-81.48824038003292,41.599647255984948],[-81.488236380195602,41.599622255922569],[-81.488157383335491,41.599140254720567],[-81.488148383699979,41.599084254580916],[-81.488061387159249,41.598553253257379],[-81.488064390481014,41.598018251907163],[-81.488065391505344,41.597853251490726],[-81.488066392504791,41.597692251084375],[-81.488069398314138,41.596757248725034],[-81.488071401270759,41.596281247523798],[-81.488072402780176,41.596038246910574],[-81.488170407963153,41.595176244715333],[-81.488206409981103,41.594841243862334],[-81.488210410235027,41.594799243755496],[-81.488237411790408,41.594541243098575],[-81.488152416764308,41.593766241161269],[-81.488137417537857,41.593646240861773],[-81.488039451299045,41.588246227261706],[-81.487939463920867,41.586246222243702],[-81.488037488710518,41.582231212089233],[-81.488054493890672,41.581393209970201],[-81.488102507993489,41.579111204198234],[-81.488107509420786,41.578880203613835],[-81.488122515077009,41.577966201302914],[-81.488139518894897,41.577347199735492],[-81.488138519033555,41.57732519968031],[-81.487949531661883,41.575351194764565],[-81.48794953172407,41.575341194739352],[-81.487928537945265,41.574347192239919],[-81.487841564845638,41.570048181431829],[-81.487038566353363,41.57004818173705],[-81.486286567777782,41.570046182017862],[-81.482126575563683,41.570050183609062],[-81.481938575922911,41.570049183678037],[-81.481847576100009,41.570048183710142],[-81.481679576415445,41.570048183774006],[-81.48079357808524,41.570047184108304],[-81.480669578318071,41.570047184155428],[-81.480079579425862,41.570047184379696],[-81.479817579849154,41.570058184506415],[-81.479691580048268,41.570064184569098],[-81.478171582989589,41.570050185112308],[-81.47815658301775,41.570050185118006],[-81.470226598157666,41.570010188036008],[-81.469870598838668,41.570008188166611],[-81.468154602110971,41.570000188800222],[-81.45768662208809,41.569949192664311],[-81.448329639583335,41.569961196254205],[-81.447653640859059,41.569960196509307],[-81.447346641435544,41.569960196626184],[-81.44727864155692,41.569961196654312],[-81.447154641777118,41.569963196706013],[-81.447060641915712,41.569969196755267],[-81.446848642010309,41.570017196943688],[-81.446502642154073,41.570097197254626],[-81.446460643156229,41.569951196943308],[-81.445519645081447,41.569926197245707],[-81.444999646140218,41.56991319741477],[-81.444876646390199,41.569910197454945],[-81.444478647143939,41.569909197604368],[-81.444347647408947,41.569906197647605],[-81.444040647972827,41.569908197769038],[-81.443675648664609,41.569907197905898],[-81.442874650232184,41.56989719818894],[-81.442738650506598,41.569894198234124],[-81.441977651954758,41.569891198517539],[-81.440892654055773,41.569881198909066],[-81.439306657123112,41.569867199482985],[-81.438903657848229,41.569872199647612],[-81.438488658583225,41.569879199821152],[-81.437818660710874,41.56974219977748],[-81.436999662312743,41.5697322000687],[-81.434384664689333,41.570131201930117],[-81.433531667460358,41.569947201857453],[-81.432038670264021,41.569947202425965],[-81.431941670452531,41.569946202460756],[-81.421525690012345,41.569946206427055],[-81.419935692991757,41.569947207034573]]]}},
{"type":"Feature","properties":{"COUNTYFP":"153","NAME":"Summit"},"geometry":{"type":"Polygon","coordinates":[[[-81.391739914763676,41.311740485217946],[-81.391748912733291,41.310399488046137],[-81.391755911190245,41.309380490195025],[-81.391755911113535,41.30932949030295],[-81.391761909857792,41.308500492050833],[-81.391753909073572,41.307971493178904],[-81.391758908708326,41.307733493677169],[-81.391768907994432,41.307268494650437],[-81.391765907759591,41.307109494990137],[-81.39174590755367,41.306953495341794],[-81.391745907514562,41.306927495396813],[-81.391743874139024,41.284739542353371],[-81.391746873948378,41.284615542612478],[-81.391748873810272,41.284525542800729],[-81.391749873760759,41.284493542867338],[-81.391749873708093,41.284458542941408],[-81.391758873082054,41.284050543794891],[-81.391759871277031,41.282851546331102],[-81.391800868384351,41.280965550276868],[-81.391830867119381,41.280151551966199],[-81.391830865164096,41.278851554717136],[-81.391830861855141,41.276651559372567],[-81.39183086160547,41.276485559723838],[-81.3918308585462,41.274451564027991],[-81.391830857944569,41.274051564874441],[-81.39183085493643,41.272051569106644],[-81.391930852096991,41.270251572803758],[-81.392025850114692,41.26901657531058],[-81.391955845384643,41.265809582174889],[-81.391950845051355,41.265583582658721],[-81.39194584493309,41.265500582839969],[-81.391930844575228,41.265249583387941],[-81.39193084118277,41.262993588161621],[-81.391931831489813,41.256548601798052],[-81.391948828214112,41.254384606357725],[-81.391930827939248,41.254186606797155],[-81.39194882515261,41.252348610665841],[-81.391949821697366,41.250051615525081],[-81.391988802674831,41.244933623741915],[-81.392133783126496,41.239740631924512],[-81.392120781243563,41.239231632758539],[-81.392131776810302,41.238046634651198],[-81.392122775314121,41.237642635311673],[-81.392121772435729,41.23687063655445],[-81.392121771935905,41.236736636769947],[-81.392121768631085,41.235850638194862],[-81.392112765579341,41.235029639526097],[-81.392116763638711,41.234510640355964],[-81.392119762150628,41.234112640992429],[-81.392121761241867,41.233869641380814],[-81.392121761152353,41.233845641419414],[-81.39212276080427,41.233752641567776],[-81.392122758126092,41.233034642722494],[-81.392122755485232,41.232326643861136],[-81.392136753003385,41.231665644907082],[-81.392137752871676,41.231630644962159],[-81.392132751944985,41.231380645370315],[-81.392133751518614,41.231266645552424],[-81.39213475099524,41.231126645776357],[-81.392139748497826,41.23045864684449],[-81.392144746011624,41.229793647907783],[-81.392157742527843,41.228863649387328],[-81.392151741535116,41.228595649825706],[-81.392149741022706,41.228457650050096],[-81.392161739431202,41.2280346507155],[-81.392155739001694,41.227917650911067],[-81.392157738238495,41.227713651236641],[-81.392156738012105,41.22765265133598],[-81.392143735822614,41.227061652302503],[-81.392143735755482,41.22704365233146],[-81.392141735407151,41.226949652485096],[-81.3921277326629,41.226209653692571],[-81.39214173145713,41.225890654188156],[-81.392141731371339,41.225867654225148],[-81.392136729142763,41.225268655194682],[-81.392133727251334,41.224760656015398],[-81.392132726696673,41.224611656256279],[-81.392142723514937,41.223761657610694],[-81.392143722764104,41.223560657932673],[-81.392145719050589,41.222565659530275],[-81.392139717505643,41.222149660206846],[-81.392130715188159,41.221525661221726],[-81.392129710993018,41.220400663032237],[-81.392131707812851,41.219548664399902],[-81.39213170768231,41.219513664456187],[-81.392124703482537,41.218385666279197],[-81.392134699066474,41.217204668165699],[-81.392127696694374,41.216566669200731],[-81.392126693703972,41.215764670491822],[-81.392118693220283,41.215632670714427],[-81.392127691774476,41.215247671321983],[-81.392135691527102,41.215183671414579],[-81.392156691254485,41.215116671495167],[-81.392186691005719,41.215058671549642],[-81.392239690646335,41.214977671611329],[-81.392047679729728,41.211995676656457],[-81.392037679139776,41.211834676928518],[-81.392014677858569,41.211484677521618],[-81.392013677788739,41.211465677553498],[-81.392012677715201,41.21144567758698],[-81.392010677612859,41.211417677634643],[-81.392001648161497,41.203520690350906],[-81.391930645741823,41.202852691521123],[-81.392230629331948,41.198534698059774],[-81.392212623162521,41.196875700751768],[-81.392178611208735,41.193661705966555],[-81.392152600999211,41.190917710415263],[-81.392136594688566,41.189221713165118],[-81.392229592478017,41.188652713949296],[-81.39222759236803,41.188622714000353],[-81.392225592261752,41.188593714049787],[-81.392223592121937,41.188555714113704],[-81.39221359147875,41.188380714409149],[-81.392202591425757,41.188363714451981],[-81.392191591316802,41.188331714518924],[-81.392182591056809,41.18825971464738],[-81.3921765907007,41.18816271481181],[-81.392178588087972,41.187462715934601],[-81.392179586002072,41.186903716832063],[-81.392180585568497,41.186787717017182],[-81.392179584894336,41.186606717309637],[-81.392189582367422,41.185931718380857],[-81.392190582221019,41.185892718442147],[-81.39219458124758,41.185632718854528],[-81.392199578710461,41.184953719939209],[-81.392200578041951,41.184774720225597],[-81.392214571535732,41.183033723004939],[-81.392213568437384,41.182202724342503],[-81.392218567578723,41.181973724703518],[-81.392223566962528,41.181809724960026],[-81.392235565567916,41.181438725539252],[-81.392239564557315,41.181168725967595],[-81.392237562810024,41.180699726724505],[-81.392229562362274,41.180577726932192],[-81.392228562269949,41.180552726973836],[-81.392222561723429,41.180404727220441],[-81.392216561120946,41.180241727491172],[-81.39221956022314,41.180001727872728],[-81.392221559579866,41.17982972814638],[-81.392240556996811,41.179141729225051],[-81.392243552470319,41.177928731170873],[-81.392243552406924,41.177911731198208],[-81.392244550917994,41.177512731838235],[-81.392240549004612,41.176998732670427],[-81.392240548784557,41.176939732765284],[-81.392236547087478,41.176483733504263],[-81.392234546190465,41.176242733894647],[-81.392234545955503,41.176179733995944],[-81.392233545669228,41.176102734121201],[-81.392237545027939,41.175931734390282],[-81.392237544949623,41.175910734424043],[-81.392243543456274,41.175511735056752],[-81.392253540609389,41.174750736265565],[-81.392256539790026,41.174531736613247],[-81.392260538757228,41.174255737051084],[-81.392261538495291,41.174185737162148],[-81.39226253822963,41.174114737274827],[-81.392264537646099,41.173958737522668],[-81.392265537093294,41.173810737759133],[-81.392266536853754,41.173746737860547],[-81.392268536411947,41.173628738047306],[-81.3922705356606,41.173427738367494],[-81.392272535084544,41.173273738612117],[-81.392273534714477,41.173174738769788],[-81.3922735345392,41.173127738845345],[-81.392272533980687,41.172977739087962],[-81.392272533100567,41.172741739467355],[-81.392267528193415,41.171424741591984],[-81.392267528025599,41.171379741664317],[-81.392267527951006,41.17135974169647],[-81.392270526583488,41.170993742280416],[-81.392294517191459,41.168480746284473],[-81.392309513136397,41.167396748004535],[-81.392344508777683,41.166235749818128],[-81.392366505235557,41.165290751303829],[-81.39238448401909,41.159604760414773],[-81.392386482768359,41.159269760950089],[-81.392398469954571,41.155835766450316],[-81.392398468202089,41.15536576720563],[-81.392415465836095,41.154734768193272],[-81.392436460969037,41.153433770251212],[-81.392433460926597,41.153421770275173],[-81.392406460388145,41.153271770558334],[-81.392405460239758,41.153231770624167],[-81.392415460045626,41.153181770688924],[-81.392429455307109,41.15191377270466],[-81.39242645322517,41.151354773607629],[-81.392426452971634,41.151286773716897],[-81.392436450130404,41.150526774922454],[-81.392430446928444,41.149666776313836],[-81.392432444577977,41.14903677732304],[-81.39244344172495,41.148273778531717],[-81.392443441616834,41.148244778578309],[-81.392442436725887,41.146932780688111],[-81.392442436688597,41.14692278070418],[-81.392448432101958,41.145693782669461],[-81.392448431799949,41.145612782799617],[-81.392377425442177,41.143893785675409],[-81.392339419369108,41.142257788365804],[-81.392453410563192,41.139917791942494],[-81.392448409992539,41.139763792198032],[-81.392356399564164,41.1369497968697],[-81.392354399520784,41.136937796892255],[-81.392350399434051,41.136913796937343],[-81.39211339514344,41.135719799244136],[-81.392202394232356,41.135491799465143],[-81.392208392706578,41.135083800111339],[-81.392531339807121,41.120952822283272],[-81.3923353285753,41.117908827509126],[-81.392387315598413,41.114436832999928],[-81.39243130556585,41.111752837236871],[-81.392441301425393,41.110643839001497],[-81.392455295441025,41.10904084155279],[-81.392455288871659,41.107278844383991],[-81.392527265022068,41.100891854518089],[-81.392528264693496,41.100803854657677],[-81.392533263307882,41.10043285524474],[-81.392544260532489,41.099689856418642],[-81.392631238638415,41.093827865677454],[-81.392628234446377,41.092702867489734],[-81.392627232128334,41.092080868490534],[-81.39262523080599,41.091725869064341],[-81.392651229970255,41.091504869371775],[-81.392663229319908,41.09133186962768],[-81.392628225358749,41.090264871405317],[-81.392689221182707,41.089151873080809],[-81.392706219989876,41.088833873560198],[-81.392724218778,41.088510874045724],[-81.392736217397413,41.08814187461612],[-81.39273621730797,41.088117874654657],[-81.392738217064846,41.08805287475532],[-81.392745216025659,41.087774875188792],[-81.392752215008841,41.087502875612593],[-81.39276121378623,41.08717587612098],[-81.392765213329795,41.087053876309461],[-81.392733209523684,41.086028878014297],[-81.392732209430932,41.086003878056282],[-81.392731209345641,41.085980878095071],[-81.392730209293887,41.0859668781194],[-81.392743208181372,41.085669878572197],[-81.392773205611888,41.084983879617958],[-81.392788204327218,41.084640880140782],[-81.392807202672003,41.084198880815045],[-81.392831198994983,41.083214882349935],[-81.392831192809027,41.081554885014548],[-81.392877161009025,41.073025898617495],[-81.39288516093157,41.073005898634335],[-81.392895160782572,41.072966898677855],[-81.392900160609344,41.072920898742147],[-81.392905160432392,41.072873898808041],[-81.39290816017791,41.072805898911454],[-81.392924158491624,41.072354899604683],[-81.392917157912905,41.072198899868404],[-81.392937153386086,41.070985901776737],[-81.392940150855097,41.070306902860594],[-81.392943148342781,41.069632903936402],[-81.392942145038248,41.068745905361702],[-81.392958142078129,41.067952906603381],[-81.392965139307464,41.067209907782093],[-81.392965139169604,41.067172907841474],[-81.39296213842546,41.066972908168196],[-81.392965137381211,41.066692908611692],[-81.392965136513098,41.066459908985557],[-81.392960136246529,41.066387909110759],[-81.392958136075819,41.066341909188452],[-81.392945135793241,41.066264909337178],[-81.39293413553608,41.066194909470802],[-81.392928135407658,41.066159909538584],[-81.392789132338407,41.065323911149839],[-81.392783126310533,41.063705913759001],[-81.392843125069049,41.063377914168676],[-81.392924122911978,41.062805914928788],[-81.393125116299956,41.061047917356348],[-81.393128116179852,41.061015917401789],[-81.393088115685501,41.060879917698294],[-81.39306211515327,41.06073491798184],[-81.393059115046157,41.060705918034238],[-81.393055114890913,41.060663918109455],[-81.393049114669225,41.060603918217474],[-81.393043114432629,41.060539918331905],[-81.393035113187025,41.060204918885034],[-81.393041106986118,41.058540921542786],[-81.393062101354701,41.057030923923755],[-81.393066100064615,41.056684924470893],[-81.393072098598878,41.056291925089461],[-81.393076097413129,41.055973925591658],[-81.393076096641991,41.055766925923713],[-81.393077095792364,41.055538926287475],[-81.393076094712313,41.055248926754651],[-81.393079093109634,41.054818927438468],[-81.393091090942008,41.054237928346609],[-81.393091089757405,41.053919928856708],[-81.393091089131573,41.053751929126186],[-81.393091089083143,41.053738929147052],[-81.393094088415538,41.053559929428197],[-81.393094088337307,41.053538929461887],[-81.393093086959269,41.053168930057367],[-81.393092086419372,41.053023930291957],[-81.393098086108594,41.052940930413122],[-81.393116085198628,41.052697930767003],[-81.393116084729272,41.052571930969108],[-81.393115083969619,41.052367931298313],[-81.393115083932372,41.052357931314354],[-81.393114082938041,41.052090931744601],[-81.39312108149835,41.051704932349743],[-81.393120080775958,41.051510932662907],[-81.393124080123044,41.051335932935594],[-81.393125079981232,41.051297932994537],[-81.393118079130019,41.051068933375852],[-81.393123076647882,41.050402934434047],[-81.393125076595211,41.050388934452499],[-81.393125076341917,41.050320934561569],[-81.393131070939177,41.048870936875183],[-81.393136069164896,41.048394937628572],[-81.393148064740544,41.047207939508148],[-81.393156064090519,41.047033939771055],[-81.393158063967121,41.047000939819938],[-81.393155063174447,41.046787940167611],[-81.393158061922193,41.046451940700408],[-81.393161060833847,41.046159941162657],[-81.393174057992567,41.045397942358385],[-81.39317405789572,41.045371942400074],[-81.393175057772581,41.045338942450975],[-81.393175057660827,41.045308942499084],[-81.393175057623594,41.045298942515124],[-81.393175057437361,41.0452489425953],[-81.393181055223508,41.044654943535726],[-81.393182055029584,41.044602943617086],[-81.393194053216746,41.044116944372092],[-81.393194049812408,41.043202945837798],[-81.393194049771438,41.04319194585544],[-81.393198048850564,41.042944946243388],[-81.39319604837425,41.042816946452717],[-81.393196048255064,41.042784946504035],[-81.393196048106077,41.042744946568185],[-81.393197047845135,41.042674946678396],[-81.39319904737539,41.04254894687638],[-81.393199047334434,41.042537946894022],[-81.393200047077229,41.042468947002625],[-81.393200047028813,41.042455947023477],[-81.393201046928027,41.042428947064728],[-81.393202046659638,41.042356947178149],[-81.393202046592592,41.042338947207014],[-81.393206045656882,41.04208794760136],[-81.393207045336354,41.042001947737219],[-81.39320704527303,41.041984947764476],[-81.393208044952516,41.041898947900343],[-81.393209044821916,41.041863947954425],[-81.393210044516309,41.041781948083873],[-81.393206042837377,41.041330948815251],[-81.393206042766593,41.041311948845724],[-81.393205042424142,41.041219948995291],[-81.393205042334756,41.041195949033778],[-81.393212040921696,41.040816949627214],[-81.393215040254375,41.04063794990811],[-81.393214040027388,41.040576950007967],[-81.393211039413444,41.040411950278695],[-81.39322103506862,41.039245952127899],[-81.393221034785554,41.039169952249765],[-81.393221034148667,41.038998952523968],[-81.393221033552749,41.03883895278053],[-81.393222032338372,41.038512953301208],[-81.393222031936119,41.038404953474398],[-81.393222031727547,41.038348953564181],[-81.393227029082183,41.037638954692376],[-81.393227029041213,41.037627954710018],[-81.393227028869887,41.037581954783775],[-81.393230027208219,41.03713595549273],[-81.393232026142641,41.036849955947204],[-81.393234025013783,41.036546956428921],[-81.393235024097365,41.0363009568213],[-81.393238021761604,41.035673957820464],[-81.393244017864802,41.034627959485206],[-81.393244017794032,41.034608959515673],[-81.393246015756461,41.034061960388584],[-81.393248014616447,41.033755960875069],[-81.393253010533712,41.032659962621977],[-81.393259008152896,41.032020963634018],[-81.393270003525558,41.030778965602387],[-81.393265002170708,41.030414966196439],[-81.393256000425367,41.029945966967226],[-81.393265997023576,41.029032968410121],[-81.393272994166068,41.028265969625153],[-81.393290991403902,41.027524970775325],[-81.393283988399446,41.026717972083858],[-81.393280983614218,41.025432974150348],[-81.393288982432622,41.025115974641665],[-81.393296977653563,41.023832976681625],[-81.39328797460081,41.023012978015338],[-81.393280973718987,41.022775978410166],[-81.393269965988651,41.020699981761965],[-81.393272964673699,41.020346982321527],[-81.393282963134567,41.019933982962314],[-81.39330895959408,41.018983984429738],[-81.393304958499584,41.018689984909635],[-81.39327895563811,41.017920986198206],[-81.39327295397392,41.01747398692774],[-81.393269953270277,41.017284987237204],[-81.393268952525517,41.017084987560004],[-81.393281950379247,41.016508988455548],[-81.393282949898747,41.016379988660205],[-81.393293946251902,41.015400990206068],[-81.393304942158267,41.014301991944208],[-81.393310940206419,41.013777992771267],[-81.393306938236663,41.013248993627975],[-81.393301936252058,41.012715994493291],[-81.393294934397886,41.012217995306841],[-81.393290932617973,41.011739996081843],[-81.393291930692541,41.011222996908536],[-81.393292928767082,41.010705997735208],[-81.39329392678205,41.010172998587535],[-81.393294924510286,41.0095629995633],[-81.39329392239874,41.008996000474482],[-81.393285920890804,41.008591001141248],[-81.393280918935801,41.008066001993882],[-81.393279916976908,41.007540002839384],[-81.39329491486474,41.006973003715537],[-81.393312911404479,41.006044005165364],[-81.393312911073025,41.005955005308053],[-81.393316909415702,41.005510006012635],[-81.393316909181095,41.00544700611362],[-81.393320907419522,41.00497400686308],[-81.393314906324804,41.004680007347602],[-81.393327902604241,41.003681008920417],[-81.393320899494825,41.002846010274418],[-81.393318896202828,41.001962011695959],[-81.393317893860427,41.00133301270651],[-81.39332989002466,41.000303014331038],[-81.393342888948425,41.000014014765434],[-81.393341888706516,40.99987901458627],[-81.39334688856097,40.999784014409876],[-81.39332288705296,40.998800012751339],[-81.393287882410974,40.995772007561641],[-81.393274877772996,40.992747002328407],[-81.393266874535982,40.990635998674072],[-81.393254872228709,40.989131996084744],[-81.393247871303231,40.988528995051553],[-81.394186871427394,40.988529992940343],[-81.395675871609782,40.988521989575823],[-81.398654871976987,40.988506982846125],[-81.39907987202966,40.988504981886251],[-81.399297872055271,40.988502981392188],[-81.400726872226386,40.988491978157214],[-81.401231872286772,40.988487977013769],[-81.401806872356389,40.988483975712803],[-81.40322487252952,40.98847497250599],[-81.403343872543715,40.988473972236427],[-81.405217872772852,40.98846196799807],[-81.40559687282402,40.988462967146944],[-81.409126873282275,40.988458959196038],[-81.410837873504406,40.988456955342073],[-81.411024873528987,40.988456954921247],[-81.414783874019108,40.988453946456687],[-81.416332874222732,40.988453942970828],[-81.416331870553478,40.98556593778666],[-81.41633187036544,40.985417937520864],[-81.416330870336054,40.985394937481828],[-81.416330870319541,40.985381937458484],[-81.416332870284307,40.98535393740368],[-81.416505865092063,40.981237929619581],[-81.416516864729132,40.980949929077291],[-81.416578864274811,40.980580928273753],[-81.416578863261961,40.979781926838378],[-81.416698860478434,40.97756192257701],[-81.416732859717456,40.976953921407123],[-81.416774859251404,40.976576920633981],[-81.416824858686709,40.97611991969876],[-81.416832858600344,40.976049919554718],[-81.416895856467377,40.974348916353954],[-81.417004852781531,40.971404910813085],[-81.417032851871554,40.970676909440286],[-81.417079850569763,40.969632907455704],[-81.417218846738422,40.966554901602223],[-81.417299844517387,40.964766898200402],[-81.417391841992199,40.962730894326434],[-81.417434840864487,40.961819892588494],[-81.417446840540165,40.961557892089488],[-81.417884828579886,40.95185787361855],[-81.417890828449146,40.951750873411939],[-81.417839826993628,40.950611871481613],[-81.417832826796669,40.950457871220891],[-81.417989823141738,40.947466865469522],[-81.418049821725333,40.946305863238656],[-81.418337815105602,40.94085885275225],[-81.418410814607398,40.940419851788889],[-81.418433814417341,40.940254851437281],[-81.41870080931038,40.936001843142677],[-81.418929804972862,40.932371836056078],[-81.41894780404381,40.931611834643412],[-81.418933803893935,40.931499834475012],[-81.418933802604712,40.93046083260252],[-81.418965802272766,40.930172832006917],[-81.419025801644793,40.929627830881053],[-81.419237800417676,40.928498828338007],[-81.419241800268722,40.928375828106667],[-81.419243800180055,40.928302827970256],[-81.419313797474814,40.926068823774266],[-81.419328797023823,40.925693823062034],[-81.419493794162449,40.923262818280982],[-81.419526792912777,40.922226816332895],[-81.41955979210924,40.921551815035777],[-81.41962979106215,40.92065181324331],[-81.419657790532767,40.920201812363885],[-81.419700789183267,40.919074810226768],[-81.419734788327759,40.918354808845514],[-81.419781787413584,40.917576807327983],[-81.419783787356366,40.917528807236522],[-81.419784787346231,40.917519807217865],[-81.419802787006162,40.917229806650987],[-81.419914784265032,40.914914802201842],[-81.420105779641986,40.910997794667331],[-81.420388774922742,40.906908786593256],[-81.420361774393257,40.906499785920872],[-81.420416774454267,40.906501785789708],[-81.420638774699185,40.906508785258382],[-81.420731774801823,40.90651178503591],[-81.422035776251406,40.906562781932983],[-81.422695776971565,40.906577780343021],[-81.423023777328822,40.906584779552055],[-81.423698778080023,40.906612777948993],[-81.424083778502421,40.906623777025672],[-81.425141779661246,40.906652774486211],[-81.425470780022593,40.906662773698351],[-81.425574780136628,40.906665773449021],[-81.425644780213332,40.90666777328115],[-81.42568778026137,40.906669773179445],[-81.425725780302898,40.906670773088159],[-81.425878780470157,40.906674772720599],[-81.427482782230655,40.906723768880234],[-81.427653782424812,40.906734768481378],[-81.42815878296112,40.906734767244231],[-81.428322783142065,40.906740766853417],[-81.428686783543284,40.906753765985449],[-81.429041783941585,40.9067727651505],[-81.430350785355557,40.906794761984109],[-81.430638785672286,40.906804761296925],[-81.431346786452167,40.906830759610244],[-81.431902787056231,40.906843758272132],[-81.433189788467729,40.906886755198599],[-81.435218790699139,40.90696275036872],[-81.435276790760582,40.906962750226668],[-81.436783792395431,40.906999746603972],[-81.436956792587949,40.907008746196887],[-81.43763179332116,40.907026744576996],[-81.437718793415314,40.907028744367629],[-81.438187793928137,40.907044743248591],[-81.438776794577947,40.907070741854234],[-81.441350797412937,40.907183735760434],[-81.442785798991537,40.907247732365626],[-81.44387180015282,40.90726272973447],[-81.446001802430899,40.907293724577087],[-81.44652280299475,40.907308723329507],[-81.447353803894757,40.907333721341679],[-81.447767804337957,40.907340720341182],[-81.450809807646635,40.90745371310588],[-81.451937808872486,40.907496710425455],[-81.453655810736137,40.907560706340682],[-81.455144812348934,40.907615702799937],[-81.458835816340923,40.907754694029755],[-81.464011821703991,40.907653681169428],[-81.464149821845453,40.907648680822099],[-81.464517822269244,40.907699680018986],[-81.465537823427866,40.907821677756345],[-81.465860823790919,40.907855677031094],[-81.465998823946265,40.907870676722162],[-81.466575824583671,40.907916675398482],[-81.467155825213936,40.907948674040711],[-81.467582825671101,40.907962673022816],[-81.468689826854828,40.907997670381548],[-81.46894082712312,40.908005669782817],[-81.469912828157121,40.908029667450876],[-81.470670828968494,40.908056665648409],[-81.471032829355266,40.908068664785901],[-81.471104829432562,40.908071664615541],[-81.472366830776949,40.908108661599535],[-81.473035831486925,40.908124659993817],[-81.473496831979105,40.908140658897004],[-81.474205832742683,40.908176657232261],[-81.474303832846374,40.908178656996405],[-81.474435832981314,40.908173656663813],[-81.47454683309131,40.908163656372899],[-81.474609833151106,40.908153656199396],[-81.477836836582924,40.908253648499709],[-81.482334841333696,40.908353637692947],[-81.483723842832447,40.908451634487783],[-81.484708843867566,40.908468632112239],[-81.486188845421438,40.908492628540017],[-81.487831847144747,40.908517624571331],[-81.487822847169596,40.908592624741104],[-81.490437849927559,40.908677618514787],[-81.49051785001204,40.908680618325121],[-81.490734850240202,40.90868661780641],[-81.491058850582945,40.908700617041923],[-81.491770851330941,40.908719615338697],[-81.493354852998522,40.908773611573039],[-81.493850853520328,40.908790610394163],[-81.494108853791744,40.908799609781283],[-81.494142853827427,40.908800609700144],[-81.495624855381806,40.90884260616059],[-81.496767856583432,40.908885603452028],[-81.496877856698973,40.908889603191099],[-81.497143856978425,40.90889960256078],[-81.497910857782912,40.908925600737724],[-81.501333865797577,40.909041599101471],[-81.503761876405804,40.909130605167739],[-81.503997877437214,40.909138605756276],[-81.504457879447642,40.909153606902336],[-81.504516879705562,40.909155607049485],[-81.506043886382997,40.909207610859475],[-81.506792889660034,40.909233612729892],[-81.506961890399623,40.909239613152245],[-81.507132891147521,40.909244613577414],[-81.507206891471611,40.909247613763135],[-81.510453905694774,40.909365621888149],[-81.510828907338919,40.909379622827799],[-81.51212591302469,40.909423626069156],[-81.515873929474225,40.909554635450569],[-81.516445931986894,40.909574636883193],[-81.516941934165899,40.909591638124908],[-81.517844938134076,40.909622640386075],[-81.518591941418066,40.909648642257807],[-81.519793946711957,40.909699645290573],[-81.520688950652399,40.909733647540783],[-81.520994952000322,40.909745648311088],[-81.523766964204881,40.90983865525741],[-81.523871964667862,40.909842655521686],[-81.524980969560929,40.909886658317532],[-81.525694972707328,40.909909660106052],[-81.527470980552337,40.909981664589864],[-81.528610985584905,40.910021667455133],[-81.529075987639061,40.910038668625688],[-81.529724990509138,40.910064670264909],[-81.532003000591956,40.910157676025328],[-81.532156001269257,40.910163676411806],[-81.533133005591552,40.910198678872391],[-81.534049009638665,40.910225681166359],[-81.536440020225498,40.91030968718853],[-81.539689034599675,40.91040269532747],[-81.542540047289208,40.910529702584483],[-81.542801048452333,40.910541703250104],[-81.55892112054957,40.911255744411832],[-81.565298149069392,40.911455760540022],[-81.567830160394053,40.911526766928297],[-81.568742164478238,40.911553769234004],[-81.569051165868245,40.911565770022996],[-81.574517190489047,40.911778783994023],[-81.574630190997752,40.911782784281989],[-81.58934325756158,40.912353821998408],[-81.593743277359678,40.912453833102475],[-81.594177279167596,40.912409834039771],[-81.594732281675206,40.912425835450811],[-81.597166292763788,40.912526841732777],[-81.597543294514196,40.912553842740024],[-81.603344320875692,40.912752857607707],[-81.604308325172767,40.912755859989126],[-81.606455334986606,40.912842865539332],[-81.606935337183643,40.912862866782376],[-81.608921346273632,40.912943871922103],[-81.611304357190889,40.9130408780929],[-81.611998360371743,40.913068879890119],[-81.612058360639111,40.913068880037962],[-81.612286361658334,40.913069880602883],[-81.613827368760099,40.913142884629082],[-81.614044369759711,40.913152885195352],[-81.615438376098439,40.913190888751252],[-81.617554385729761,40.913249894155115],[-81.61899039226941,40.913289897823674],[-81.619476394481566,40.913302899063808],[-81.622107406471727,40.913375905788001],[-81.622416407882028,40.913384906579353],[-81.622795409611882,40.913395907549933],[-81.62476541859921,40.913450912589163],[-81.630046442996402,40.913674926361253],[-81.633860460334503,40.91375093603596],[-81.634167461734052,40.913757936817916],[-81.637459476709864,40.913822945171574],[-81.639137484350883,40.913856949434198],[-81.63937048540933,40.913860950023725],[-81.642553499910321,40.913924958111224],[-81.645904515190367,40.913992966632129],[-81.647734523474043,40.914013971231263],[-81.647735524985976,40.914383972520355],[-81.647846538954866,40.917687984288193],[-81.647847539208144,40.9177489845029],[-81.647871543836004,40.918856988417566],[-81.647950560469454,40.922845002493084],[-81.647941561336822,40.923068003245945],[-81.647938561591914,40.923134003467894],[-81.647871564195825,40.923850005786818],[-81.647859567820902,40.924753008897135],[-81.64784956957547,40.925195010408814],[-81.647846570515185,40.92542901121503],[-81.647846570714961,40.925478011385479],[-81.647824582358382,40.928360021352852],[-81.647795583921521,40.928778022730754],[-81.647766583874443,40.928801022734731],[-81.647563583564192,40.928967022779553],[-81.647570584273836,40.929133023374867],[-81.64766459419134,40.931456031697849],[-81.647668594663074,40.931567032094357],[-81.647661594872929,40.93162703228441],[-81.64766860000212,40.932878036652298],[-81.647668602254228,40.933431038574909],[-81.647668611413295,40.935680046393976],[-81.647756618579379,40.937330052368708],[-81.64772261856578,40.937369052412286],[-81.647694618651798,40.937425052531204],[-81.647688618751687,40.937457052626215],[-81.647682619478758,40.937643053256672],[-81.647684621802341,40.938211055236934],[-81.647686622346114,40.938342055697838],[-81.647693623876634,40.938709056992884],[-81.647700625773908,40.939166058600925],[-81.647703628514364,40.939835060935238],[-81.647706630595025,40.940342062706307],[-81.64772163545905,40.941517066833093],[-81.647727639873779,40.942593070591137],[-81.64772664314404,40.943397073384105],[-81.647725645098404,40.943878075053902],[-81.647710645594174,40.944019075502588],[-81.647716654722274,40.94625208328376],[-81.647713659627328,40.947460087475747],[-81.647724661975516,40.948022089460849],[-81.647721662207985,40.948083089664522],[-81.647718662468961,40.948151089892519],[-81.647698664480117,40.948671091644265],[-81.647687669263917,40.949860095747255],[-81.647680670981572,40.950291097225943],[-81.647667673994192,40.951048099820916],[-81.647667684273131,40.953572108596049],[-81.647672687982194,40.954476111753358],[-81.64767969213834,40.955487115288555],[-81.647672694054464,40.955967116937174],[-81.647681698523414,40.957052120735554],[-81.647666702776959,40.958117124394647],[-81.64766470330332,40.958249124847733],[-81.64765470644798,40.959035127551154],[-81.647653706552319,40.959062127642085],[-81.64764570858398,40.959572129391695],[-81.647638710690302,40.960099131203251],[-81.647639712243219,40.960479132527212],[-81.647645716283989,40.96146313596568],[-81.647644722325069,40.96294814112526],[-81.64763772547721,40.963732143830008],[-81.647641728839105,40.964552146692547],[-81.64764673259377,40.965467149888411],[-81.647649734239934,40.965867151287981],[-81.647647734733269,40.965991151713077],[-81.647670744070695,40.968251159639287],[-81.647668748632384,40.96937416353758],[-81.647673751382342,40.970042165875178],[-81.647674752520459,40.970320166844751],[-81.647686758073633,40.971666171561054],[-81.647683764299515,40.973199176881906],[-81.647682765336171,40.973455177768905],[-81.647680766932979,40.973850179136114],[-81.647661771217045,40.974930182832495],[-81.64766077204176,40.975134183538636],[-81.647659772642513,40.975283184053566],[-81.647658773650463,40.975532184916155],[-81.647658774016961,40.975622185229049],[-81.647657774821297,40.975821185917795],[-81.647661779919616,40.977067190262026],[-81.647663780257588,40.977147190546368],[-81.647662781245131,40.977391191391561],[-81.647661783201926,40.977873193064177],[-81.647659785608653,40.978467195123059],[-81.647658787927782,40.979038197105076],[-81.647656788375656,40.979151197491682],[-81.647650789780343,40.97950519870362],[-81.647652790183571,40.979601199043614],[-81.647655790755834,40.979737199525822],[-81.647652793025898,40.980299201470231],[-81.647643794521784,40.980680202766536],[-81.647644795916477,40.981021203955152],[-81.647656802738311,40.982678209753544],[-81.647656804200238,40.983037211001637],[-81.647660814047583,40.985449219399868],[-81.647661817568306,40.986312222403384],[-81.647667818416636,40.986511223114427],[-81.647670818834726,40.98660922346474],[-81.647658819760593,40.986855224281584],[-81.647664820873686,40.987119225218635],[-81.647660821410312,40.987257225685582],[-81.647659821652383,40.987318225894441],[-81.647656822142366,40.9874432263194],[-81.647654822443229,40.987520226580678],[-81.647665824455643,40.987997228274345],[-81.647688826899127,40.988561230309209],[-81.649482838316828,40.988556236066557],[-81.649569838871528,40.988556236346604],[-81.65054784509455,40.98855323948419],[-81.653324862803984,40.988554248426567],[-81.65413986798319,40.98855025103579],[-81.656517883157235,40.988553258700925],[-81.657186887400968,40.988548260836495],[-81.657932892183126,40.988554263259225],[-81.65817089369618,40.988553264021732],[-81.658283894416627,40.988553264385473],[-81.658413895245474,40.988553264803926],[-81.658925898501096,40.988551266444823],[-81.66016390643361,40.98856027046218],[-81.661411914395075,40.988561274483054],[-81.662229919628317,40.988565277130654],[-81.662846923575643,40.988568279127669],[-81.663193925792612,40.988569280248299],[-81.663378926976662,40.988570280847455],[-81.663655928742827,40.988570281739136],[-81.664869936492423,40.988572285654357],[-81.665789942367539,40.988574288623226],[-81.666734948420384,40.988580291687271],[-81.667868955577774,40.988564295278934],[-81.668124957164096,40.988554296066191],[-81.668794961440426,40.988555298226537],[-81.669702967280514,40.988566301189962],[-81.670909974990337,40.988569305086443],[-81.671525978885228,40.98856230704336],[-81.672034982144623,40.988565308692984],[-81.672129982750349,40.988565308998787],[-81.672282983725864,40.9885653094913],[-81.67340799092247,40.988570313131341],[-81.6754260037942,40.988571319631156],[-81.675567004688446,40.98857032008128],[-81.676524010766329,40.988565323143092],[-81.677837019167001,40.988571327392307],[-81.678011020300673,40.988576327971323],[-81.678094020858978,40.988582328261202],[-81.678227021711905,40.988583328693139],[-81.678678024592529,40.988584330148775],[-81.679043026919913,40.988584331323779],[-81.679570030280303,40.988584333020299],[-81.681361041705458,40.988585338789683],[-81.681565042942125,40.988572339396796],[-81.681800044435562,40.988571340149463],[-81.683150053028385,40.988568344483703],[-81.683844057463347,40.988570346725382],[-81.68542706753658,40.98856635180573],[-81.686008071256168,40.988569353687559],[-81.687889083341247,40.988587359812406],[-81.688491087185028,40.98858836175426],[-81.68844209782165,40.99073136992083],[-81.688350117892483,40.994777385335333],[-81.688333120304009,40.995271387197917],[-81.688321122936813,40.995802389220465],[-81.688306126172478,40.996455391706739],[-81.688246139324562,40.999109401812909],[-81.688224143484575,41.000034405066124],[-81.688221142418669,41.000197404490336],[-81.688213140151873,41.000542403266174],[-81.688207138450352,41.000801402347236],[-81.688195133341324,41.001585399586226],[-81.688154116673033,41.004142390576767],[-81.688145112863552,41.004727388517161],[-81.688132106079507,41.005772384848392],[-81.688038075347606,41.010475368227645],[-81.688035074489875,41.010606367763614],[-81.687953049592778,41.01441635428862],[-81.687943044232355,41.01524435138581],[-81.687940042819008,41.015462350620425],[-81.687936040170683,41.015872349186125],[-81.687862000241253,41.022045327554054],[-81.687823985229741,41.024359319416888],[-81.687810979595071,41.025229316361987],[-81.687803976941751,41.02563831492327],[-81.687800976778576,41.025661314834494],[-81.687799974861122,41.02596031379516],[-81.687799972725173,41.026294312637546],[-81.687789941875934,41.031110295916122],[-81.687788940591957,41.031310295220017],[-81.687768920242533,41.034477284185698],[-81.687746896425438,41.038186271269026],[-81.687746895786205,41.038286270922505],[-81.687745894982456,41.038411270486485],[-81.687742891823405,41.038903268773012],[-81.687740890765753,41.03906726819902],[-81.687739889501856,41.039264267513524],[-81.687731881034082,41.040583262920293],[-81.68772687481794,41.04155225954851],[-81.687725874244563,41.041641259237309],[-81.687725873918609,41.041692259060589],[-81.687724873428351,41.041768258794434],[-81.687723872624915,41.041893258358492],[-81.687723872375656,41.041932258223362],[-81.687708859859271,41.043880251431702],[-81.687704855949931,41.044489249310502],[-81.687691843912447,41.046364242778196],[-81.687686838332269,41.047234239750253],[-81.68768683808949,41.047272239618607],[-81.687685834500897,41.047833237672258],[-81.68768583285248,41.048091236778411],[-81.687685832584137,41.0481332366329],[-81.687685830871828,41.048401235704404],[-81.687684811732083,41.051396225325455],[-81.687683801460736,41.053003219755311],[-81.687675787252516,41.055222212046395],[-81.68765476404846,41.058842199450552],[-81.687653762786425,41.059039198765518],[-81.687641754809974,41.060281194432015],[-81.687632748959572,41.061192191253149],[-81.687630748007265,41.061340190735351],[-81.68762874672295,41.061540190037441],[-81.687626745310936,41.06176018927026],[-81.687623742797044,41.062152187904758],[-81.687613734799328,41.063399183559959],[-81.687610733147991,41.063656182662172],[-81.687596726600532,41.06467417910077],[-81.687596726447296,41.064698179017647],[-81.687557690994296,41.070232159754958],[-81.687545679482341,41.072030153499291],[-81.687489625748583,41.08042712429129],[-81.687485621509069,41.081090121986598],[-81.687484620562444,41.081238121471884],[-81.687447578029776,41.087893098348943],[-81.687441571448616,41.088923094770124],[-81.687440570451727,41.089079094227884],[-81.68742355687337,41.091203086838192],[-81.687410545218867,41.093027080496448],[-81.687410544772618,41.093097080254175],[-81.687408542059373,41.093522078778847],[-81.687407539634961,41.093902077461458],[-81.687390504506965,41.099408058368965],[-81.687386501727929,41.0998430568551],[-81.687334459423553,41.106470033815391],[-81.687332458439911,41.106624033278493],[-81.687308443791409,41.108919025289779],[-81.68729143341001,41.110546019627179],[-81.687241403410454,41.115250003257621],[-81.687233399240696,41.115904000980223],[-81.687210387830092,41.117693994745565],[-81.687160372349069,41.120121986255619],[-81.687144367003086,41.120960983324949],[-81.687121359880749,41.122078979417175],[-81.687089349927959,41.123641973955323],[-81.687089346894808,41.124118972306263],[-81.687100346402431,41.12419697205636],[-81.687066333637844,41.126202965060813],[-81.687055326954066,41.1272539614083],[-81.687050322465296,41.127959958959096],[-81.687034309484162,41.130001951872991],[-81.687017295286239,41.132235944122385],[-81.686989271665453,41.135953931225785],[-81.686965264900223,41.137019927502479],[-81.686885242256125,41.140590915034977],[-81.686858230178771,41.142495908411519],[-81.686779205882146,41.146333895033663],[-81.686723188726219,41.14904688558142],[-81.686684179832397,41.150455880659294],[-81.686669176374679,41.151003878745556],[-81.686663175126171,41.151201878053293],[-81.686637170027822,41.152010875222949],[-81.686627167967089,41.152337874079812],[-81.686617164132997,41.152944871970377],[-81.686605159579756,41.15366586946481],[-81.68660215829118,41.153869868756487],[-81.686572146858694,41.155680862464294],[-81.686569144836199,41.156000861355835],[-81.686518115627479,41.160625845327644],[-81.686510112038377,41.161194843353833],[-81.68649910741658,41.161927840810371],[-81.686490103602353,41.162532838711314],[-81.686488102694355,41.162676838211901],[-81.686494102285849,41.162739838002494],[-81.686438084096636,41.165629827960707],[-81.686436082860411,41.16582582728212],[-81.686434081832971,41.16598882671736],[-81.68639206946456,41.167956819876935],[-81.686387065699265,41.168553817811926],[-81.686356056100138,41.170081812504577],[-81.686342051969291,41.170739810218649],[-81.686286034412873,41.173536800508437],[-81.686275028789339,41.174430797413706],[-81.686265023594032,41.175256794554763],[-81.686227012042323,41.177099788158635],[-81.686205005749216,41.178104784670062],[-81.686179997976041,41.179345780365466],[-81.686161992302544,41.180251777223624],[-81.686148987741163,41.180979774700944],[-81.686143985721984,41.181301773586043],[-81.686119977247472,41.18265476889858],[-81.68608896569188,41.184499762509702],[-81.686072957820613,41.185754758169949],[-81.686059950541861,41.186914754160973],[-81.68605494800228,41.187319752760907],[-81.686049944687298,41.187847750937237],[-81.686048943883065,41.187975750495362],[-81.686044941750893,41.188315749320296],[-81.686007941664357,41.188346749176418],[-81.685976941591775,41.188372749055802],[-81.685951941533091,41.18839374895844],[-81.685729874908915,41.199090711934673],[-81.685702866451422,41.200450707232804],[-81.685713865663885,41.200569706832809],[-81.685716865414207,41.200607706704631],[-81.68572886444683,41.200754706209118],[-81.68573486403541,41.200816706000914],[-81.6857428634721,41.200901705715253],[-81.68574686313697,41.200952705543173],[-81.685645857201564,41.201954702011477],[-81.685644856105299,41.202129701408765],[-81.685546816131819,41.208551679247918],[-81.685574813558148,41.208943677921134],[-81.685653806749528,41.209976674427331],[-81.685652806156455,41.210071674099858],[-81.685446747504173,41.219551641367481],[-81.685451717159367,41.22438362476349],[-81.685353635261848,41.237519579577793],[-81.685320623343429,41.23944957293471],[-81.685319622490212,41.239586572463708],[-81.685280583635091,41.24582155103348],[-81.685255559986516,41.249619537982078],[-81.685178593631321,41.261028528582841],[-81.685025627325771,41.271207521065818],[-81.684951646758236,41.277108516704558],[-81.684948646888287,41.27714351667759],[-81.68493464696931,41.27714351667165],[-81.684767647913318,41.277136516605907],[-81.684619648744146,41.277128516548991],[-81.684408649946079,41.277122516463869],[-81.684357650241253,41.277122516442233],[-81.68425065086376,41.277123516396095],[-81.681757665356315,41.277143515323104],[-81.679379679185374,41.277164514297496],[-81.679235680025059,41.277166514234807],[-81.678126686480866,41.277178513754521],[-81.676878693743902,41.277191513214227],[-81.67416470953971,41.277220512037907],[-81.672029721968073,41.277244511110815],[-81.670508730793671,41.277252510457487],[-81.670197732596264,41.277253510324421],[-81.663250772906906,41.277291507336905],[-81.661995780248233,41.277318506778904],[-81.661800781388237,41.277322506692336],[-81.66114378516572,41.27731450641982],[-81.649595852235294,41.277405501415927],[-81.647951861776093,41.277416500704327],[-81.647155866391728,41.277420500360996],[-81.642614892738607,41.277449498395292],[-81.641994896338446,41.277454498125699],[-81.641459899441131,41.277457497894389],[-81.639088913193007,41.277471496868273],[-81.638707915402065,41.2774734967036],[-81.638546916335969,41.277474496633843],[-81.63784792038966,41.277478496331355],[-81.636715926955702,41.277485495840835],[-81.636668927227532,41.277485495820777],[-81.636540927970529,41.277486495765089],[-81.636394928820309,41.277488495700645],[-81.636114930445075,41.277490495579009],[-81.635970931277924,41.27749049551754],[-81.62735298125304,41.277541491781712],[-81.625678990959557,41.277551491055256],[-81.624919995359036,41.277555490726407],[-81.61851603239549,41.277556487988974],[-81.615957047194001,41.27755648689557],[-81.610072081088191,41.277498484453133],[-81.609656083484651,41.277494484280531],[-81.604516113107906,41.277449482144128],[-81.602594124257209,41.277463481306178],[-81.600552136102294,41.277478480415361],[-81.595804163641688,41.277513478342257],[-81.592585182308852,41.277536476936461],[-81.590541194162157,41.277551476042753],[-81.587810210040985,41.27759147482017],[-81.587417212326301,41.277597474643777],[-81.584536229073848,41.277639473352487],[-81.579873256172618,41.277706471260416],[-81.579816256504202,41.277707471234557],[-81.571525304669294,41.277826467504383],[-81.569859314345138,41.277850466753094],[-81.568887319966819,41.277852466332789],[-81.568839320250007,41.277855466307614],[-81.565138341451842,41.277755464873579],[-81.565130341611166,41.277815464777248],[-81.565120341804658,41.277887464661447],[-81.565110341996231,41.277958464547204],[-81.565680338935067,41.278081464602309],[-81.565889338316396,41.278392464212374],[-81.565748339779248,41.278735463621622],[-81.565193343543314,41.279033462918704],[-81.564450347865346,41.279053462562715],[-81.563725351382402,41.27869846279868],[-81.563146354496126,41.278576462737355],[-81.562590358028103,41.278750462223485],[-81.562182361424661,41.279313461162758],[-81.562166362553754,41.279873460277287],[-81.56241836205426,41.280386459585088],[-81.563396358076403,41.281269458644033],[-81.564393353597993,41.281933458063655],[-81.564790352372896,41.282492457378176],[-81.564815353283109,41.283052456521332],[-81.564470356458528,41.283692455367124],[-81.564472356974605,41.283973454931683],[-81.564784355628973,41.284205454718787],[-81.565342352554765,41.284264454891151],[-81.566756344704089,41.284380455381431],[-81.567012343477515,41.284503455313789],[-81.56767934073747,41.285060454777401],[-81.567948339857708,41.285401454384548],[-81.56806434038576,41.286021453492573],[-81.567984341854597,41.286550452644896],[-81.567723344832217,41.287331451321798],[-81.567455347071217,41.287707450613183],[-81.567349347853607,41.287802450414908],[-81.566888350775372,41.287964449936915],[-81.566612352234898,41.287909449884076],[-81.56628335381113,41.287757449954533],[-81.566085354761157,41.287666449996536],[-81.565897355740091,41.287620449974284],[-81.56551135809336,41.287707449648458],[-81.565137360483376,41.287850449241418],[-81.565076361204049,41.288049448902868],[-81.565168361676172,41.288576448132808],[-81.565212361728825,41.288736447907233],[-81.565336361863061,41.289179447284262],[-81.56551336137241,41.289449446956475],[-81.566027359131198,41.289799446677797],[-81.566486356951671,41.290016446578079],[-81.567400351754785,41.289996447076668],[-81.568605344820654,41.289927447798611],[-81.56992833809835,41.290312447891509],[-81.570461335606964,41.29057744776469],[-81.570786334109656,41.290749447672582],[-81.570900333586039,41.290810447639444],[-81.571092333510805,41.291326446960646],[-81.571116334232315,41.29176544631121],[-81.570766336968191,41.292159445532846],[-81.570083341481848,41.29250744464607],[-81.569795343649332,41.292791444062978],[-81.569818344188434,41.293136443551937],[-81.569883344368279,41.293417443160543],[-81.570551341105713,41.293665443143063],[-81.571673334838223,41.293675443730265],[-81.572049333159015,41.293893443604773],[-81.572199333117965,41.294300443074832],[-81.572098334391555,41.294661442478258],[-81.571456338599646,41.294977441653586],[-81.571170340750456,41.295260441070909],[-81.571087341844205,41.295583440538365],[-81.571069342494823,41.295865440103171],[-81.571404341143804,41.296130439888927],[-81.571903338449602,41.296175440097514],[-81.572320336334855,41.296282440167992],[-81.572509335712041,41.296501439944656],[-81.572410337374293,41.297066439042652],[-81.572395338753054,41.297725438046321],[-81.572758337929002,41.298331437344189],[-81.573218336893873,41.299100436457145],[-81.573286337848415,41.299774435489816],[-81.572917341099426,41.300387434359642],[-81.572858342137025,41.300748433785216],[-81.573379339440592,41.300840433952636],[-81.574021335420412,41.300601434684189],[-81.575018329745276,41.300518435389272],[-81.575729326592551,41.300906435231134],[-81.575911327311488,41.301766434069059],[-81.575821328440838,41.302082433549423],[-81.575516331271473,41.302657432518465],[-81.574974334680988,41.302871431877364],[-81.574617336648785,41.302873431660444],[-81.574398337505599,41.302698431789153],[-81.573977339199544,41.302384432004708],[-81.57343334210799,41.302340431746131],[-81.573001345092408,41.302647431029811],[-81.573035345435954,41.302916430648047],[-81.573333344533879,41.303289430269928],[-81.573939341498601,41.303438430413017],[-81.574933336142692,41.303491430934017],[-81.575509333348222,41.303676431008228],[-81.575683333117425,41.304038430578849],[-81.575950332422153,41.30442243017459],[-81.57646433007011,41.304654430146662],[-81.577382325479149,41.304872430388528],[-81.577915323787465,41.305478429829463],[-81.578554320974447,41.305814429734085],[-81.580215311754429,41.30574743085964],[-81.581627304115216,41.305787431676002],[-81.58225030104046,41.305947431832571],[-81.582564300172123,41.306355431443862],[-81.58351329563844,41.306666431592333],[-81.584292292040828,41.306978431636779],[-81.584668290799087,41.307363431327559],[-81.584780291082609,41.307788430796727],[-81.585049290344358,41.308133430479387],[-81.585380289387061,41.308533430125237],[-81.585443289736872,41.308861429702787],[-81.584890293632256,41.309284428750644],[-81.584264297821946,41.309661427813424],[-81.583812302055065,41.310512426311938],[-81.583621305198903,41.311521424751895],[-81.583667305611101,41.311837424332637],[-81.583787305760225,41.312218423870199],[-81.584021305205511,41.312556423545288],[-81.584082305538828,41.312872423137229],[-81.584057306566223,41.313298422515679],[-81.583600310492386,41.313999421211889],[-81.583418313022634,41.314742420030846],[-81.583424314266452,41.315353419164744],[-81.583644313770563,41.315680418850036],[-81.584256311458418,41.316141418616134],[-81.585087308312183,41.316759418315925],[-81.58591830520065,41.317388418007226],[-81.586679302913822,41.318224417366231],[-81.587308301277417,41.319029416683598],[-81.587458301149155,41.31934341635138],[-81.587663300968899,41.319769415902748],[-81.587482303633138,41.320567414658989],[-81.587456304692623,41.320999414036869],[-81.587334305987213,41.321303413523843],[-81.587325306083912,41.321326413485174],[-81.58709530866247,41.321965412424376],[-81.586958310382741,41.322433411669216],[-81.587050311612558,41.323239410608537],[-81.587336311095598,41.32370441016964],[-81.587677310020851,41.324042409950671],[-81.588415307492482,41.32467540961909],[-81.590314300658065,41.326130409034477],[-81.591196298170757,41.327112408355781],[-81.591541298026428,41.327874407576168],[-81.591661299250745,41.328723406506867],[-81.591697301006022,41.329614405315894],[-81.59161930275458,41.330230404411971],[-81.591284305422221,41.330656403564973],[-81.591287306098621,41.330974403131442],[-81.59123430702185,41.331272402680952],[-81.590899309499193,41.331613401947209],[-81.590393312402171,41.33174340136614],[-81.590149315896312,41.332774399750811],[-81.589929318180623,41.333305398841482],[-81.589457322270363,41.334072397400085],[-81.588565329017058,41.335074395284337],[-81.58790033507519,41.33630839302036],[-81.587793336895501,41.33690339210218],[-81.587912337738018,41.337582391254706],[-81.587777339971282,41.338304390135043],[-81.587868340913388,41.338962389294245],[-81.588072341596117,41.3397673883455],[-81.58813634317795,41.340658387159465],[-81.587806346673091,41.341509385690316],[-81.58781234801485,41.342151384800296],[-81.588098347630591,41.342648384355996],[-81.58865234603077,41.343208384060112],[-81.589064344653082,41.343535383966788],[-81.589741341684757,41.343743384272294],[-81.590995335275181,41.343705385424286],[-81.592009330239463,41.343742386262818],[-81.592572327420768,41.343752386742985],[-81.592952325518894,41.343759387066768],[-81.593754321274261,41.34366938789212],[-81.594471317297803,41.343507388739162],[-81.59472531608202,41.343537388921106],[-81.595235314349068,41.343916388858339],[-81.595489313643725,41.344175388733781],[-81.596033312553246,41.344916388220661],[-81.596381312358233,41.345613387597353],[-81.596679312285303,41.346250387012674],[-81.596829312756739,41.346797386417592],[-81.596838313476994,41.347139385969768],[-81.596814313753811,41.347209385854839],[-81.596422316337339,41.347487385130428],[-81.596014318454635,41.3475213847167],[-81.595010323125436,41.347362384024294],[-81.594717324487874,41.347315383823435],[-81.593565331062308,41.347682382287708],[-81.593271332908657,41.347853381789896],[-81.592868336046678,41.348365380728858],[-81.592774337702323,41.348906379907341],[-81.592947337886187,41.349383379416686],[-81.593316336590675,41.349630379419281],[-81.593950333614302,41.349712379889787],[-81.594954329686189,41.350195380161026],[-81.595462327341863,41.350277380518769],[-81.5959813242129,41.350031381326367],[-81.596569320496215,41.349677382339742],[-81.597242316304218,41.349302383456006],[-81.597623314639137,41.349406383666469],[-81.597846314193816,41.349702383478089],[-81.59803631381962,41.349956383315899],[-81.598082314450863,41.350338382852193],[-81.598060315848116,41.350910382074161],[-81.598051316442138,41.351154381742582],[-81.597928317043568,41.351150381633815],[-81.592366344603633,41.351130376502937],[-81.592220345326069,41.351129376368924],[-81.589722357801776,41.351165374002932],[-81.589410359270417,41.351128373764745],[-81.589316359736955,41.351128373677582],[-81.588761362493656,41.351129373161577],[-81.585248379836472,41.35108536996627],[-81.582084395450238,41.351041367096471],[-81.581438398650889,41.351038366502173],[-81.580364403974201,41.351034365512753],[-81.579799406746218,41.351018365012401],[-81.578949410947601,41.351009364237967],[-81.571658446995016,41.350933357597668],[-81.570599452231932,41.350922356633745],[-81.570281453805137,41.350919356343866],[-81.566360473153381,41.350855352812296],[-81.563635486669511,41.35084635030465],[-81.561608496723323,41.350839348440026],[-81.559748505937094,41.350826346739616],[-81.558351512859076,41.350817345461479],[-81.556484522099595,41.350799343763192],[-81.555283528016858,41.350772342695883],[-81.554471532006033,41.350747341985446],[-81.552415542110978,41.350685340185734],[-81.547041568782703,41.350669335245662],[-81.546039573734163,41.350653334346539],[-81.543073588432961,41.350630331644979],[-81.538065613272011,41.350602327066817],[-81.537041618383867,41.350617326094884],[-81.536855619308071,41.350617325923068],[-81.536463621244906,41.350610325573157],[-81.536445621335915,41.350611325554787],[-81.536215622488157,41.350617325331854],[-81.536076623169464,41.350611325213933],[-81.536040623346778,41.350610325182423],[-81.535760624700714,41.350586324965732],[-81.534523630824481,41.350571323849643],[-81.533920633808734,41.350563323306886],[-81.532405641316188,41.350549321932718],[-81.528617660093857,41.350517318492734],[-81.526662669760668,41.350483316749624],[-81.526618669976443,41.350481316712639],[-81.522666689379463,41.350311313377865],[-81.521658694331322,41.350268312528094],[-81.521554694842891,41.350264312439649],[-81.521471695251421,41.350261312368715],[-81.521389695655003,41.350258312298699],[-81.521243696372679,41.350252312175257],[-81.520723698930809,41.350232311733194],[-81.518850708145607,41.350159310143873],[-81.518639709184185,41.350151309964538],[-81.517972712501873,41.350151309350494],[-81.517910712810277,41.350151309293416],[-81.517855713083847,41.350151309242783],[-81.517799713362393,41.350151309191226],[-81.517757713571314,41.350151309152565],[-81.517707713820002,41.350151309106536],[-81.517657714068704,41.350151309060507],[-81.517605714327374,41.350151309012631],[-81.517585714426829,41.350151308994221],[-81.517539714655641,41.350151308951872],[-81.512036741898612,41.350051304076736],[-81.511514744495656,41.350051303596537],[-81.511068746714585,41.350051303186248],[-81.510339750341487,41.350051302515624],[-81.509072756646304,41.350052301348157],[-81.509044756784334,41.350051301324328],[-81.508987757067928,41.35005130127189],[-81.508883757585338,41.350051301176215],[-81.508760758197297,41.350051301063068],[-81.508312760427415,41.350052300649004],[-81.508231760830412,41.35005230057449],[-81.502321790172019,41.350000295240434],[-81.499408802627968,41.34997529376173],[-81.496539807120598,41.349951296755194],[-81.496449807260063,41.349949296851591],[-81.49632380745274,41.349944296990927],[-81.496228807598911,41.349941297094453],[-81.493903811190307,41.349880299603491],[-81.489099818605752,41.349752304792723],[-81.489008818747877,41.349751304888173],[-81.488987818779776,41.349750304911744],[-81.481442830592414,41.349692312776824],[-81.475102840517238,41.349644319385071],[-81.473099843655078,41.349631321468593],[-81.469652849056388,41.349610325051522],[-81.469231849714248,41.34960632549204],[-81.468809850376189,41.34960432592954],[-81.468625850650781,41.349592326142854],[-81.468441850925359,41.349580326356183],[-81.46617785430368,41.349433328980084],[-81.465979854597606,41.349419329211919],[-81.465227855720244,41.349371330081972],[-81.465139855867619,41.349378330158167],[-81.465051856015009,41.349385330234348],[-81.465023856052724,41.349380330273277],[-81.46422985739018,41.349449330948779],[-81.464163857500424,41.34945433100642],[-81.464037857678377,41.349438331168379],[-81.461678861317125,41.34938033370986],[-81.4612538619334,41.349339334229967],[-81.461167862068734,41.349339334318323],[-81.460827862606379,41.349341334663585],[-81.45426487277004,41.349215341664106],[-81.4509358779233,41.349151345215944],[-81.450330878867121,41.349145345849962],[-81.448806881245943,41.349131347444811],[-81.440052894904042,41.349048356612016],[-81.434941902818025,41.348957362052943],[-81.431054908835023,41.348888366191147],[-81.429366911448824,41.348859367986428],[-81.428884912194107,41.348850368500578],[-81.420333925514342,41.348763377472167],[-81.419011927573891,41.348750378858412],[-81.411800938823163,41.348691386395579],[-81.406933946413972,41.348651391483664],[-81.405156949200631,41.348647393319204],[-81.39973995760235,41.348572399047129],[-81.399584957842961,41.348570399210736],[-81.397749960372693,41.348332401599698],[-81.397620960550029,41.348315401768247],[-81.39724296114214,41.348314402159176],[-81.396674962044557,41.348321402728644],[-81.396320962591545,41.348315403105445],[-81.395811963384929,41.348311403637453],[-81.395527963826439,41.348308403935917],[-81.394232965806211,41.348272405344055],[-81.394140965949191,41.348271405440805],[-81.392967967788096,41.348269406651646],[-81.392736968152334,41.348270406887153],[-81.392321968803998,41.348270407314047],[-81.392074969191881,41.34827040756813],[-81.391693969788633,41.348269407962171],[-81.391670967608505,41.346796411103121],[-81.391704966047783,41.345794413188578],[-81.391673964609694,41.344806415311446],[-81.391684963044383,41.343777417477732],[-81.391695961131617,41.34251742013285],[-81.391685959311616,41.341297422725056],[-81.39170695835233,41.340681424006902],[-81.391708958274023,41.340631424110633],[-81.391713955239354,41.33861942836333],[-81.39171895227696,41.336655432514419],[-81.391720950236916,41.335301435377708],[-81.391720949675772,41.334928436167068],[-81.391719949385447,41.33473443657865],[-81.391721948574514,41.334197437712987],[-81.391721948457175,41.334119437878051],[-81.391722948326262,41.334033438059002],[-81.391733946520787,41.332844440563697],[-81.391596944833111,41.331584443373693],[-81.391592944783497,41.331547443456195],[-81.391590944583385,41.331412443744],[-81.391584944280979,41.331205444188377],[-81.391604943884985,41.330962444681688],[-81.391570942482772,41.329996446761797],[-81.391531940816975,41.328850449228199],[-81.391625934755623,41.324916457455089],[-81.391698922730882,41.316996474138797],[-81.391731916597124,41.31295148266377],[-81.391735915681139,41.312346483939798],[-81.391736915369805,41.312140484374673],[-81.391739914763676,41.311740485217946]]]}},
{"type":"Feature","properties":{"COUNTYFP":"103","NAME":"Medina"},"geometry":{"type":"Polygon","coordinates":[[[-81.838995860857594,41.275560430692352],[-81.837194869141925,41.275584432996652],[-81.835914874993009,41.275594434635416],[-81.835625876322922,41.275598435005129],[-81.835485876967454,41.275600435184209],[-81.835414877294269,41.275601435275043],[-81.83529187785669,41.275602435432504],[-81.835227878151755,41.275603435514363],[-81.835011879145739,41.275606435790685],[-81.834983879272613,41.275606435826568],[-81.834931879513306,41.275607435893036],[-81.833197887491636,41.275631438111191],[-81.831492895332403,41.275654440292236],[-81.829336905265293,41.275687443049335],[-81.829253905646283,41.275688443155531],[-81.82828291011981,41.275703444397152],[-81.827781912429103,41.275711445037722],[-81.827377914289016,41.275717445554342],[-81.826923916380267,41.275724446134845],[-81.826198919718777,41.275735447061862],[-81.826066920326582,41.275737447230647],[-81.825883921165371,41.275739447464773],[-81.825840921365099,41.275740447519695],[-81.825309923809769,41.275748448198648],[-81.825279923945644,41.275748448237088],[-81.82517492443111,41.275750448371269],[-81.824078929479001,41.275767449772502],[-81.823926930182211,41.275770449966721],[-81.823904930281827,41.275770449994909],[-81.823810930717414,41.275772450114985],[-81.823625931570064,41.275775450351489],[-81.8231999335338,41.275782450896024],[-81.82268393591491,41.275791451555513],[-81.822555936504386,41.275793451719146],[-81.82213093846832,41.275801452262208],[-81.822106938576994,41.275801452292953],[-81.821807939955548,41.275806452675127],[-81.821628940780855,41.275809452903907],[-81.821276942404239,41.275815453353786],[-81.820999943683034,41.275820453707759],[-81.819260951703797,41.275850455930126],[-81.819145952234237,41.275852456077089],[-81.819104952424738,41.275853456129425],[-81.817966957669597,41.27587245758378],[-81.817871958109407,41.275874457705108],[-81.817628959228998,41.275878458015647],[-81.817304960724954,41.275884458429587],[-81.817277960847193,41.275884458464176],[-81.817179961300567,41.275886458589348],[-81.816810963000179,41.27589245906092],[-81.816365965053478,41.275900459629469],[-81.81635296511233,41.275900459646124],[-81.816304965334467,41.27590145970742],[-81.816256965556605,41.27590245976873],[-81.816131966132147,41.275904459928469],[-81.815770967795359,41.275910460389788],[-81.814783972350156,41.275928461650693],[-81.813253979405474,41.275955463605371],[-81.811903985625904,41.275978465330148],[-81.811880985729999,41.275978465359607],[-81.810901990246734,41.275996466610067],[-81.810735991012308,41.2759994668221],[-81.807886004142119,41.276048470462719],[-81.807813004481886,41.276050470555809],[-81.806612010062366,41.276081472087697],[-81.80648601064658,41.276084472248463],[-81.806259011701869,41.276090472537966],[-81.805966013065131,41.276098472911571],[-81.805950013137533,41.276098472932063],[-81.805875013486244,41.276100473027704],[-81.805680014391967,41.276105473276417],[-81.805249016393518,41.276116473826129],[-81.805098017095418,41.276120474018683],[-81.804974017670432,41.276123474176863],[-81.803403024903673,41.276150476183211],[-81.80285702742016,41.276160476880349],[-81.802731027999457,41.276162477041296],[-81.801712032687831,41.276179478342669],[-81.801445033914092,41.276183478683755],[-81.797708051111059,41.276247483455464],[-81.797688051201519,41.276247483481079],[-81.795779059976169,41.276278485918759],[-81.795150062870562,41.27628948672173],[-81.794738064765383,41.276296487247734],[-81.793884068694965,41.276311488337875],[-81.793856068821583,41.276311488373729],[-81.790393084699616,41.276360492796655],[-81.785870105488442,41.276437498569535],[-81.785114108949628,41.276447499535031],[-81.785095109035495,41.276447499559353],[-81.784146113346722,41.276452500773125],[-81.775813151313656,41.276523511423527],[-81.77575415158455,41.276524511498799],[-81.773777160594761,41.276542514025039],[-81.77372716082067,41.276542514089044],[-81.773456162053691,41.276544514435443],[-81.771467171108526,41.276560516977447],[-81.771249172101975,41.276562517255982],[-81.768453184831188,41.276585520829038],[-81.768441184885404,41.276585520844399],[-81.762880210202766,41.276632527949978],[-81.762791210608896,41.276633528063627],[-81.761308217357069,41.27664552995855],[-81.760036223168044,41.276661531582228],[-81.759346226317234,41.276669532463167],[-81.759156227183539,41.276671532705798],[-81.758921228261201,41.276675533005459],[-81.758189231607943,41.276685533939563],[-81.75766923398082,41.276691534603444],[-81.757597234310055,41.276692534695314],[-81.755365244467015,41.276711537546639],[-81.754172249898815,41.276722539070377],[-81.75313425462231,41.276731540396277],[-81.75039226709967,41.276755543898602],[-81.749872269624362,41.276759544348515],[-81.744856298823791,41.276797542220031],[-81.744819299038099,41.276797542204413],[-81.743651305825665,41.276803541709356],[-81.743475306848808,41.276804541634718],[-81.743429307115221,41.276804541615299],[-81.7434163071905,41.27680454160982],[-81.743217308346843,41.276805541525469],[-81.743120308912452,41.276806541484177],[-81.742615311848638,41.276809541269941],[-81.740531323959857,41.276820540386161],[-81.736475347547312,41.276846538663413],[-81.736357348234435,41.276847538613183],[-81.735586352672698,41.276840538290195],[-81.735340354089686,41.276838538187064],[-81.733989361864275,41.276825537621626],[-81.731465376394965,41.276802536565327],[-81.728261394961507,41.276805535211423],[-81.728174395469054,41.276806535174252],[-81.727756397908294,41.276811534995566],[-81.720416440860561,41.276934531835835],[-81.720326441385268,41.276935531797271],[-81.720249441831086,41.276935531764693],[-81.71982244431058,41.276937531583052],[-81.719543445933141,41.276939531464009],[-81.718837450035139,41.276943531163298],[-81.718401452566653,41.276945530977805],[-81.717996454918662,41.27694753080543],[-81.717692456682329,41.276948530676279],[-81.717651456919711,41.276948530658927],[-81.717619457104988,41.276948530645392],[-81.705149530346375,41.277251525187864],[-81.704651533128214,41.277222524993526],[-81.702482545262825,41.277100524146718],[-81.702401545714608,41.277095524115445],[-81.70209154745092,41.277078523994469],[-81.701612550230308,41.277080523790104],[-81.701214552540833,41.277082523620095],[-81.701051553487702,41.277083523550345],[-81.700976553921834,41.277083523518542],[-81.700457556932676,41.277085523297195],[-81.696461580122502,41.277103521590774],[-81.695994582835525,41.277106521390699],[-81.695275587003735,41.277108521084351],[-81.686834635950319,41.277136517483193],[-81.686625637163175,41.277137517393776],[-81.684948646888287,41.27714351667759],[-81.684951646758236,41.277108516704558],[-81.685025627325771,41.271207521065818],[-81.685178593631321,41.261028528582841],[-81.685255559986516,41.249619537982078],[-81.685280583635091,41.24582155103348],[-81.685319622490212,41.239586572463708],[-81.685320623343429,41.23944957293471],[-81.685353635261848,41.237519579577793],[-81.685451717159367,41.22438362476349],[-81.685446747504173,41.219551641367481],[-81.685652806156455,41.210071674099858],[-81.685653806749528,41.209976674427331],[-81.685574813558148,41.208943677921134],[-81.685546816131819,41.208551679247918],[-81.685644856105299,41.202129701408765],[-81.685645857201564,41.201954702011477],[-81.68574686313697,41.200952705543173],[-81.6857428634721,41.200901705715253],[-81.68573486403541,41.200816706000914],[-81.68572886444683,41.200754706209118],[-81.685716865414207,41.200607706704631],[-81.685713865663885,41.200569706832809],[-81.685702866451422,41.200450707232804],[-81.685729874908915,41.199090711934673],[-81.685951941533091,41.18839374895844],[-81.685976941591775,41.188372749055802],[-81.686007941664357,41.188346749176418],[-81.686044941750893,41.188315749320296],[-81.686048943883065,41.187975750495362],[-81.686049944687298,41.187847750937237],[-81.68605494800228,41.187319752760907],[-81.686059950541861,41.186914754160973],[-81.686072957820613,41.185754758169949],[-81.68608896569188,41.184499762509702],[-81.686119977247472,41.18265476889858],[-81.686143985721984,41.181301773586043],[-81.686148987741163,41.180979774700944],[-81.686161992302544,41.180251777223624],[-81.686179997976041,41.179345780365466],[-81.686205005749216,41.178104784670062],[-81.686227012042323,41.177099788158635],[-81.686265023594032,41.175256794554763],[-81.686275028789339,41.174430797413706],[-81.686286034412873,41.173536800508437],[-81.686342051969291,41.170739810218649],[-81.686356056100138,41.170081812504577],[-81.686387065699265,41.168553817811926],[-81.68639206946456,41.167956819876935],[-81.686434081832971,41.16598882671736],[-81.686436082860411,41.16582582728212],[-81.686438084096636,41.165629827960707],[-81.686494102285849,41.162739838002494],[-81.686488102694355,41.162676838211901],[-81.686490103602353,41.162532838711314],[-81.68649910741658,41.161927840810371],[-81.686510112038377,41.161194843353833],[-81.686518115627479,41.160625845327644],[-81.686569144836199,41.156000861355835],[-81.686572146858694,41.155680862464294],[-81.68660215829118,41.153869868756487],[-81.686605159579756,41.15366586946481],[-81.686617164132997,41.152944871970377],[-81.686627167967089,41.152337874079812],[-81.686637170027822,41.152010875222949],[-81.686663175126171,41.151201878053293],[-81.686669176374679,41.151003878745556],[-81.686684179832397,41.150455880659294],[-81.686723188726219,41.14904688558142],[-81.686779205882146,41.146333895033663],[-81.686858230178771,41.142495908411519],[-81.686885242256125,41.140590915034977],[-81.686965264900223,41.137019927502479],[-81.686989271665453,41.135953931225785],[-81.687017295286239,41.132235944122385],[-81.687034309484162,41.130001951872991],[-81.687050322465296,41.127959958959096],[-81.687055326954066,41.1272539614083],[-81.687066333637844,41.126202965060813],[-81.687100346402431,41.12419697205636],[-81.687089346894808,41.124118972306263],[-81.687089349927959,41.123641973955323],[-81.687121359880749,41.122078979417175],[-81.687144367003086,41.120960983324949],[-81.687160372349069,41.120121986255619],[-81.687210387830092,41.117693994745565],[-81.687233399240696,41.115904000980223],[-81.687241403410454,41.115250003257621],[-81.68729143341001,41.110546019627179],[-81.687308443791409,41.108919025289779],[-81.687332458439911,41.106624033278493],[-81.687334459423553,41.106470033815391],[-81.687386501727929,41.0998430568551],[-81.687390504506965,41.099408058368965],[-81.687407539634961,41.093902077461458],[-81.687408542059373,41.093522078778847],[-81.687410544772618,41.093097080254175],[-81.687410545218867,41.093027080496448],[-81.68742355687337,41.091203086838192],[-81.687440570451727,41.089079094227884],[-81.687441571448616,41.088923094770124],[-81.687447578029776,41.087893098348943],[-81.687484620562444,41.081238121471884],[-81.687485621509069,41.081090121986598],[-81.687489625748583,41.08042712429129],[-81.687545679482341,41.072030153499291],[-81.687557690994296,41.070232159754958],[-81.687596726447296,41.064698179017647],[-81.687596726600532,41.06467417910077],[-81.687610733147991,41.063656182662172],[-81.687613734799328,41.063399183559959],[-81.687623742797044,41.062152187904758],[-81.687626745310936,41.06176018927026],[-81.68762874672295,41.061540190037441],[-81.687630748007265,41.061340190735351],[-81.687632748959572,41.061192191253149],[-81.687641754809974,41.060281194432015],[-81.687653762786425,41.059039198765518],[-81.68765476404846,41.058842199450552],[-81.687675787252516,41.055222212046395],[-81.687683801460736,41.053003219755311],[-81.687684811732083,41.051396225325455],[-81.687685830871828,41.048401235704404],[-81.687685832584137,41.0481332366329],[-81.68768583285248,41.048091236778411],[-81.687685834500897,41.047833237672258],[-81.68768683808949,41.047272239618607],[-81.687686838332269,41.047234239750253],[-81.687691843912447,41.046364242778196],[-81.687704855949931,41.044489249310502],[-81.687708859859271,41.043880251431702],[-81.687723872375656,41.041932258223362],[-81.687723872624915,41.041893258358492],[-81.687724873428351,41.041768258794434],[-81.687725873918609,41.041692259060589],[-81.687725874244563,41.041641259237309],[-81.68772687481794,41.04155225954851],[-81.687731881034082,41.040583262920293],[-81.687739889501856,41.039264267513524],[-81.687740890765753,41.03906726819902],[-81.687742891823405,41.038903268773012],[-81.687745894982456,41.038411270486485],[-81.687746895786205,41.038286270922505],[-81.687746896425438,41.038186271269026],[-81.687768920242533,41.034477284185698],[-81.687788940591957,41.031310295220017],[-81.687789941875934,41.031110295916122],[-81.687799972725173,41.026294312637546],[-81.687799974861122,41.02596031379516],[-81.687800976778576,41.025661314834494],[-81.687803976941751,41.02563831492327],[-81.687810979595071,41.025229316361987],[-81.687823985229741,41.024359319416888],[-81.687862000241253,41.022045327554054],[-81.687936040170683,41.015872349186125],[-81.687940042819008,41.015462350620425],[-81.687943044232355,41.01524435138581],[-81.687953049592778,41.01441635428862],[-81.688035074489875,41.010606367763614],[-81.688038075347606,41.010475368227645],[-81.688132106079507,41.005772384848392],[-81.688145112863552,41.004727388517161],[-81.688154116673033,41.004142390576767],[-81.688195133341324,41.001585399586226],[-81.688207138450352,41.000801402347236],[-81.688213140151873,41.000542403266174],[-81.688221142418669,41.000197404490336],[-81.688224143484575,41.000034405066124],[-81.688246139324562,40.999109401812909],[-81.688306126172478,40.996455391706739],[-81.688321122936813,40.995802389220465],[-81.688333120304009,40.995271387197917],[-81.688350117892483,40.994777385335333],[-81.68844209782165,40.99073136992083],[-81.688491087185028,40.98858836175426],[-81.695876134201669,40.988574385472873],[-81.695952134686266,40.988574385717534],[-81.700923166333482,40.988565401683559],[-81.703986185830033,40.988559411519127],[-81.705982198539488,40.988556417931953],[-81.708468214367073,40.988552425917845],[-81.709332219869992,40.988551428694855],[-81.711748235256351,40.988548436459276],[-81.712175237961574,40.988545437821351],[-81.712596240634198,40.988543439168218],[-81.713311245163908,40.988538441448988],[-81.7151882570666,40.988527447444874],[-81.715559259414334,40.988524448626514],[-81.720784292533494,40.988492465309015],[-81.721288295728201,40.988489466918388],[-81.722173301309553,40.988479469724318],[-81.722724304779646,40.988472471467922],[-81.726160326430531,40.988431482350499],[-81.728203339339501,40.988413488847115],[-81.728744342756158,40.988408490566336],[-81.729059344744883,40.988405491566951],[-81.729818349513366,40.988394493961678],[-81.729841349629112,40.988389494014186],[-81.729871349820257,40.988389494110699],[-81.730169351718956,40.988389495069441],[-81.731815362212629,40.988390500369341],[-81.73655639218569,40.988353515460815],[-81.737434397728208,40.988345518250242],[-81.739185408786739,40.988330523816998],[-81.742072427008594,40.988304532988529],[-81.742561430110214,40.988302534552496],[-81.743700437332265,40.988297538193763],[-81.7483704667777,40.988252553012224],[-81.748526467764478,40.988251553509421],[-81.749862476232067,40.988245557778825],[-81.751565470249886,40.988237560158922],[-81.752844464679796,40.988236561766321],[-81.753167463274792,40.988236562173391],[-81.753985459683562,40.988231563181898],[-81.757534444108742,40.988210567561069],[-81.759447435768763,40.988207569958902],[-81.760980429094715,40.988206571886707],[-81.764649413117652,40.988203576498002],[-81.764879412117295,40.988203576787896],[-81.764998411599748,40.988203576937892],[-81.766564404814332,40.988207578929405],[-81.766764403944464,40.988207579181484],[-81.772111380682091,40.988206585916643],[-81.775543365748902,40.988205590238103],[-81.776063363487239,40.988205590893543],[-81.778261353908817,40.988202593650961],[-81.780570343847842,40.988199596548355],[-81.782118337102943,40.988197598490935],[-81.784763325581054,40.988194601811998],[-81.785284323327318,40.988196602477323],[-81.785454322594035,40.988197602695926],[-81.785478322513981,40.988201602743388],[-81.785722321452766,40.988201603050939],[-81.786210319330308,40.988201603666049],[-81.786316318869297,40.988201603799659],[-81.787171315156726,40.988202604881657],[-81.791201297641095,40.988204609969848],[-81.793431287948081,40.988205612784917],[-81.793790286386667,40.988205613237412],[-81.79388928595607,40.988205613362197],[-81.794640282701579,40.988207614317297],[-81.794687282497165,40.988207614376535],[-81.796275275613979,40.988211616395084],[-81.796322275409551,40.988211616454329],[-81.796356275261687,40.988211616497182],[-81.803011246576631,40.988256625074584],[-81.803453244648082,40.988255625627367],[-81.805484235789905,40.988251628169998],[-81.806433231650203,40.988249629357533],[-81.807552226771051,40.988247630759339],[-81.811776208345748,40.988238636045025],[-81.815528192315043,40.98829064098878],[-81.818352180227635,40.98832664469542],[-81.821067168463046,40.988335648152699],[-81.822274163303675,40.988352649742922],[-81.822321163104618,40.988353649806221],[-81.828875134138443,40.988270657724357],[-81.832905116955203,40.98833666306939],[-81.833008116517576,40.98833866320723],[-81.852782032134641,40.988674689438753],[-81.854534024633836,40.988701691748496],[-81.856008018142077,40.988687693547533],[-81.859116005079315,40.988786697842812],[-81.860996996870284,40.988784700199908],[-81.862981988246347,40.988790702718831],[-81.865611976838736,40.988802706071709],[-81.869439960235411,40.988820710953277],[-81.874859937128974,40.988934718201229],[-81.880006915184083,40.989046725091953],[-81.885183892974197,40.989132731916349],[-81.889497874222386,40.989150737399086],[-81.890475869970572,40.989154738641631],[-81.892369861737194,40.989162741048744],[-81.893172858253237,40.98916774207521],[-81.894220853695302,40.989171743405436],[-81.895684847431312,40.989201745353903],[-81.896835842376504,40.989194746772519],[-81.89699684168626,40.989197746985646],[-81.8974458397512,40.989203747571267],[-81.898095836951043,40.989212748420151],[-81.901109823944779,40.989249752338168],[-81.901457822445835,40.98925475279313],[-81.909564787475972,40.989362763355942],[-81.919037746518256,40.989473775632064],[-81.925682717632839,40.989515784109749],[-81.93998065555212,40.989635802443075],[-81.940061655183897,40.989631802530717],[-81.947079624597507,40.989662811427323],[-81.948198619716777,40.98966681284243],[-81.94826561942709,40.989667812929753],[-81.94856061802956,40.989635813190169],[-81.953066598657841,40.989737819179304],[-81.957427579908568,40.989840824985286],[-81.958082577048231,40.989842825811692],[-81.958641574608009,40.989844826517945],[-81.959830569416695,40.989848828019277],[-81.977380492921952,40.989959850342025],[-81.979774482422428,40.989953853317004],[-81.985586457132584,40.990011860772618],[-81.98708645058764,40.990020862677149],[-81.98716945022683,40.990021862784126],[-81.987529448655522,40.99002386324068],[-81.988473444526406,40.990025864427466],[-81.9935144225025,40.990046870797237],[-81.993589422220751,40.99006487094789],[-81.994783417029183,40.990079872487939],[-81.996755408441388,40.990099875016057],[-82.000840388343178,40.990142876761432],[-82.005682353870469,40.990156862732206],[-82.018610261972498,40.99027082547358],[-82.030079180441561,40.990400792445527],[-82.030747175696931,40.990411790528725],[-82.036084137774324,40.990497775199728],[-82.050306036581048,40.990700734208133],[-82.054990003218307,40.990762720673153],[-82.055081002564819,40.990759720401421],[-82.057940982211065,40.99081771217206],[-82.058121980921896,40.99082071164969],[-82.061278958441903,40.990881702552016],[-82.064282937042179,40.990938693886378],[-82.065871925714276,40.990963689290375],[-82.068806904786825,40.991010680798652],[-82.074471864368135,40.991091664376881],[-82.078625834717258,40.991151652324916],[-82.078834833225116,40.991154651718261],[-82.082171809399568,40.991206642035117],[-82.08307180297237,40.991220639422352],[-82.086858775921897,40.991279628423229],[-82.090849747403581,40.99134261682336],[-82.092555735209231,40.991368611860658],[-82.095704712695436,40.991417602697084],[-82.096546706674317,40.991430600245728],[-82.097976696447546,40.991453596082671],[-82.107330629514436,40.99160156881706],[-82.110002610383432,40.991630561005486],[-82.114719576602752,40.991675547202419],[-82.116441564268172,40.991692542161893],[-82.116546563516025,40.991693541854467],[-82.123141516264511,40.99175652253772],[-82.124481506662406,40.991766518608884],[-82.127425485563847,40.991789509976044],[-82.127482485155497,40.991789509808576],[-82.127692483650264,40.991791509192922],[-82.128328479091792,40.991796507327571],[-82.128437478310488,40.991797507007959],[-82.129332471894955,40.991805504383343],[-82.133210444093848,40.991838493006853],[-82.134850432335028,40.991852488194283],[-82.134866432220392,40.991852488147252],[-82.135191429890469,40.991854487193045],[-82.135292429166157,40.991855486896696],[-82.137866410708014,40.991877479341198],[-82.137883410586213,40.991877479291226],[-82.141835382241226,40.991911467686677],[-82.144627362204389,40.991945459488477],[-82.14464336208971,40.991945459441418],[-82.144876360417243,40.991948458757136],[-82.14585235341589,40.991955455888821],[-82.146036352096203,40.991956455347939],[-82.146183351041699,40.991957454915891],[-82.146439349205068,40.991959454163542],[-82.146576348222226,40.991960453760875],[-82.146869346121207,40.991961452899361],[-82.146980345325559,40.991961452572873],[-82.147924338555598,40.991965449797377],[-82.148521334274562,40.991967448041883],[-82.148576333880328,40.9919674478801],[-82.148773332467343,40.991968447300899],[-82.148968331068659,40.991969446727566],[-82.150940316927631,40.991975440928279],[-82.153102301422095,40.991983434569953],[-82.156564276591297,40.991996424387018],[-82.157682268573453,40.991999421098129],[-82.163053230050735,40.992015405296094],[-82.163089229792647,40.992015405190173],[-82.163308228222633,40.992015404545803],[-82.164223221659171,40.992018401853421],[-82.164518219543027,40.992019400985363],[-82.164904216771916,40.992022399849397],[-82.168592190295286,40.992049388993941],[-82.173357156138309,40.992044374971755],[-82.173357156085672,40.992080374963578],[-82.173371145788281,40.999052373336696],[-82.173367144209678,41.000052372932053],[-82.173130105305958,41.009814337131843],[-82.172959089992787,41.01377532279654],[-82.172953089179401,41.013980322045846],[-82.172938087356172,41.014442320358093],[-82.172904082793053,41.015592316146503],[-82.172538033505845,41.027972270721669],[-82.172461021669164,41.030918259863142],[-82.172088976130638,41.042326217914841],[-82.172084975654855,41.042445217476775],[-82.172070973802462,41.042906215776036],[-82.172062972644795,41.043193214715444],[-82.172015956473743,41.047109200094418],[-82.17190194389029,41.050259188498131],[-82.17170391816768,41.056635164918404],[-82.171701917909132,41.056699164681525],[-82.171699917688471,41.056754164478541],[-82.171698917550771,41.056788164352568],[-82.17169791741307,41.056822164226588],[-82.171692916880303,41.056955163736063],[-82.171618911844831,41.058246159026552],[-82.171489890235449,41.06353513935084],[-82.171453883475394,41.065182133210776],[-82.1713528642765,41.069853115783836],[-82.171035804469497,41.084359061564676],[-82.171018801397196,41.085103058780703],[-82.171008799478003,41.085567057043278],[-82.171002798281449,41.08585605596069],[-82.170764753125198,41.096754015109354],[-82.170753750956322,41.097276013149802],[-82.17069073892884,41.100171002281272],[-82.170686738146998,41.100359001575136],[-82.170615724740884,41.103582989464627],[-82.170359674233026,41.115687943911361],[-82.170277659835421,41.119136930921748],[-82.170274659275051,41.11927093041669],[-82.170162637762473,41.124407911041487],[-82.170162637413,41.124489910730375],[-82.170159635027446,41.125051908600902],[-82.170050615294699,41.129759890830158],[-82.170050615222181,41.129776890765626],[-82.169912591495546,41.135431869401977],[-82.169897588843725,41.1360628670162],[-82.169894588348313,41.136180866570143],[-82.169893588197397,41.136216866434118],[-82.169893588111975,41.136236866358153],[-82.169892587931159,41.136279866195537],[-82.169890587582358,41.136362865881694],[-82.16988158597627,41.136744864437055],[-82.169872584506635,41.137094863113866],[-82.160719610596743,41.137014869967828],[-82.160571611017644,41.137013870077695],[-82.154985626970088,41.136963874278102],[-82.152158635073278,41.136933876426866],[-82.151467637053145,41.136926876951165],[-82.151015638340667,41.1369238772877],[-82.142651662179219,41.136868883521288],[-82.142571662409836,41.136867883583015],[-82.124823713097626,41.136750896865188],[-82.122768718978179,41.13673689840985],[-82.121471722703333,41.136725899395316],[-82.118244731967636,41.13669990184291],[-82.116564736795709,41.136685903120501],[-82.116547736843728,41.136685903132765],[-82.109639756709115,41.136628908391941],[-82.099544785731567,41.136553916060386],[-82.095490797345988,41.136531919105984],[-82.095466797413863,41.136531919123357],[-82.09524979803453,41.136530919285562],[-82.091017810165752,41.136507922468539],[-82.090097812803847,41.13650292316094],[-82.086450823216538,41.136489925871466],[-82.082979833126984,41.136477928450745],[-82.082958833186424,41.136477928465979],[-82.082560834320276,41.136476928759826],[-82.080710839608074,41.136469930138446],[-82.07426385797956,41.136453934900452],[-82.0741678478485,41.137851927333919],[-82.074167847104377,41.137951926787707],[-82.074167835198352,41.139551918048184],[-82.07416183391247,41.139726917096311],[-82.074067812393068,41.142651901177125],[-82.074062811133146,41.142822900245868],[-82.073854762333539,41.149444864167009],[-82.073804750483632,41.151050855409558],[-82.07374973105803,41.153673841089095],[-82.073746729655795,41.15386284005664],[-82.073727720147687,41.155143833057799],[-82.073727720073137,41.155153833003098],[-82.07366769009117,41.159191810935667],[-82.073666689601041,41.159257810574921],[-82.073413656595477,41.163748786068588],[-82.07336665666368,41.163751786063955],[-82.073366649427385,41.164720780757598],[-82.073366649121212,41.16476178053307],[-82.073366630526394,41.167251766897536],[-82.073349624074652,41.168119762147235],[-82.073166553902198,41.17755171049572],[-82.072866495224417,41.185450667174571],[-82.072866488817795,41.186306662479566],[-82.072866488488501,41.186350662238226],[-82.072866486969176,41.186553661124819],[-82.072866485584569,41.18673866011013],[-82.072866483376671,41.187033658492112],[-82.072867479506129,41.187550655656629],[-82.072867479004685,41.187617655289152],[-82.072867478533183,41.187680654943605],[-82.072866476513525,41.187950653462543],[-82.072666420556402,41.195450612266498],[-82.072662419953133,41.195531611820734],[-82.072658419851749,41.195545611742695],[-82.072651418044956,41.195787610412353],[-82.072649417791979,41.195821610225138],[-82.072647417523982,41.195857610026934],[-82.072644417017159,41.195925609652782],[-82.072633415228538,41.196165608332066],[-82.072462387767914,41.199847588057743],[-82.063193394217947,41.199890584326909],[-82.063175394231081,41.199890584320123],[-82.063124394268343,41.199890584300896],[-82.063060394315116,41.199890584276766],[-82.060299396356157,41.199887583252895],[-82.058156397946092,41.199884582462246],[-82.056954398840588,41.199882582020713],[-82.053568401356117,41.199877580773659],[-82.053457401437257,41.199877580731837],[-82.053294401556428,41.199877580670417],[-82.052654402138472,41.199863580510957],[-82.03828041267964,41.199860575116546],[-82.025693422106031,41.199836570528738],[-82.023896423449543,41.199833569871913],[-82.023846423486177,41.199833569853105],[-82.023730423571138,41.199833569809492],[-82.022784424273269,41.199832569460114],[-82.014127430737773,41.199819566289456],[-82.014104430754628,41.199819566280816],[-82.010375433535799,41.199814564912337],[-82.003949438286213,41.199810562524753],[-82.002741439181861,41.199809562077689],[-82.002604439321573,41.199805562053051],[-81.999860441130522,41.199882560665905],[-81.99976344159704,41.199882560745031],[-81.991048483779863,41.199855568033975],[-81.983590519867064,41.199833574260566],[-81.975239560002123,41.199836581049119],[-81.974890561680667,41.199836581333642],[-81.97470256262433,41.199832581512908],[-81.974604563085805,41.199833581586304],[-81.974508563547516,41.199833581664564],[-81.974141565342208,41.199830581983228],[-81.974068565703163,41.199829582049233],[-81.974041565833048,41.199829582071246],[-81.973973566169946,41.199828582133172],[-81.973930566416229,41.199824582194168],[-81.973913566458521,41.199828582182086],[-81.973892566559513,41.199828582199203],[-81.973890565365807,41.199950581409233],[-81.973797494018086,41.207229534262787],[-81.974227475433665,41.20890352301295],[-81.974232475231986,41.208921522891565],[-81.974188447726803,41.211731504690583],[-81.974011347725622,41.221956438499554],[-81.973997344637041,41.222276436437454],[-81.973613262057526,41.230837381313741],[-81.973507239255696,41.233201366103721],[-81.973507239157072,41.233211366038873],[-81.973305195587827,41.237728336989804],[-81.973245162997515,41.241062315450854],[-81.973247161893042,41.241173314728904],[-81.973141102543579,41.247243275520468],[-81.973017097029739,41.253027257965499],[-81.972946128634206,41.257529258251111],[-81.972928133011308,41.258147258301044],[-81.972893147328236,41.260185258433665],[-81.972718156458654,41.261381258712639],[-81.972668175918884,41.264151258894898],[-81.972493243604887,41.273789259527135],[-81.972482250849282,41.274826259584813],[-81.968344269669629,41.274830264892778],[-81.956865321780981,41.27482727961678],[-81.956745322325972,41.274827279770697],[-81.956647322771019,41.274827279896407],[-81.953640336387238,41.274821283753397],[-81.953153338592315,41.274820284378052],[-81.944064379766075,41.274804296036628],[-81.943366382929725,41.274803296931971],[-81.943250383456572,41.274803297080773],[-81.934590422788844,41.274803308189263],[-81.92772645403366,41.274814316993677],[-81.927102456873996,41.274815317794072],[-81.927002457328143,41.274815317922346],[-81.925653464508244,41.274982319647989],[-81.92499646767962,41.275012320489701],[-81.924508469850608,41.275005321115728],[-81.923044476684041,41.275035322992238],[-81.922976476980125,41.275033323079505],[-81.922354479665444,41.275011323877891],[-81.922320479813507,41.275010323921521],[-81.921395484887171,41.275150325102899],[-81.920510490312438,41.275376326229505],[-81.920468490509109,41.275377326283305],[-81.920438490645125,41.27537732632176],[-81.92041349076473,41.275378326353781],[-81.920394490850867,41.275378326378132],[-81.920363490997659,41.275379326417834],[-81.920321491188091,41.275379326471665],[-81.915786512268866,41.275463332281326],[-81.914789516806707,41.275466333559088],[-81.91476851690804,41.275467333585965],[-81.914688517282997,41.275469333688406],[-81.914565517834376,41.275468333846106],[-81.914542517938642,41.275468333875594],[-81.91449751814261,41.275468333933269],[-81.906224555165522,41.275389344541622],[-81.90423056374874,41.275313347102241],[-81.897850590308437,41.274913355309252],[-81.897553591668782,41.274915355690034],[-81.897176593392331,41.274917356173425],[-81.897129593605726,41.274917356233708],[-81.897117593660226,41.274917356249091],[-81.896710595519963,41.274919356770951],[-81.896071598444834,41.274923357590218],[-81.893614609682416,41.274937360740381],[-81.893438610487323,41.274938360966026],[-81.891738618298973,41.274954363145071],[-81.887201639058176,41.274982368961396],[-81.883517655913465,41.275005373683904],[-81.880452669951225,41.275027377612439],[-81.880145671356047,41.275029378005947],[-81.879332675080192,41.275035379047942],[-81.878050680932816,41.275041380691363],[-81.877451683696734,41.275049381458707],[-81.874944695260439,41.275082384670135],[-81.874903695452119,41.275083384722613],[-81.874236698523944,41.275091385577078],[-81.874159698878984,41.275092385675705],[-81.869624719802886,41.275154391483959],[-81.869448720612525,41.275156391709409],[-81.862603752225709,41.275258400473554],[-81.862465752868033,41.275261400650109],[-81.862337753459499,41.275263400813962],[-81.861940755292849,41.275269401322191],[-81.860700761014755,41.27528740290964],[-81.859346767258472,41.275306404643054],[-81.858159772727987,41.275322406162687],[-81.858129772864046,41.275322406201148],[-81.857933773769048,41.275325406452019],[-81.856747779222673,41.275339407970563],[-81.850261809068272,41.275421416273552],[-81.850224809236011,41.275421416320981],[-81.850158809540517,41.275422416405434],[-81.848720816149353,41.275439418246229],[-81.848485817230454,41.275442418547016],[-81.848423817516789,41.275443418626345],[-81.848319817998771,41.275445418759354],[-81.839420858911055,41.275556430148313],[-81.83910786034491,41.275559430548981],[-81.838995860857594,41.275560430692352]]]}}
]
}
