{
"type": "FeatureCollection",
"name": "grocery",
"crs": { "type": "name", "properties": { "name": "urn:ogc:def:crs:OGC:1.3:CRS84" } },
"features": [
{"type":"Feature","properties":{"name":"Marc's","chain":"Marc's","is_major":true},"geometry":{"type":"Point","coordinates":[-81.3569108,41.3158135]}},
{"type":"Feature","properties":{"name":"Mentor Family Foods","chain":null,"is_major":false},"geometry":{"type":"Point","coordinates":[-81.3792461,41.6999067]}},
{"type":"Feature","properties":{"name":"Giant Eagle","chain":"Giant Eagle","is_major":true},"geometry":{"type":"Point","coordinates":[-81.3597646,41.7067374]}},
{"type":"Feature","properties":{"name":"Marc's","chain":"Marc's","is_major":true},"geometry":{"type":"Point","coordinates":[-81.3592458,41.7102002]}},
{"type":"Feature","properties":{"name":"Marc's","chain":"Marc's","is_major":true},"geometry":{"type":"Point","coordinates":[-81.3787687,41.6538433]}},
{"type":"Feature","properties":{"name":"Heinen's","chain":"Heinen's","is_major":true},"geometry":{"type":"Point","coordinates":[-81.442469,41.6067326]}},
{"type":"Feature","properties":{"name":"Giant Eagle","chain":"Giant Eagle","is_major":true},"geometry":{"type":"Point","coordinates":[-81.4085807,41.1532501]}},
{"type":"Feature","properties":{"name":"Miles Farmers Market","chain":null,"is_major":false},"geometry":{"type":"Point","coordinates":[-81.4767382,41.424116]}},
{"type":"Feature","properties":{"name":"Grocery Outlet","chain":null,"is_major":false},"geometry":{"type":"Point","coordinates":[-81.5930249,41.5008183]}},
{"type":"Feature","properties":{"name":"Giant Eagle","chain":"Giant Eagle","is_major":true},"geometry":{"type":"Point","coordinates":[-81.8607053,41.441444]}},
{"type":"Feature","properties":{"name":"Marc's","chain":"Marc's","is_major":true},"geometry":{"type":"Point","coordinates":[-81.2109585,41.5789999]}},
{"type":"Feature","properties":{"name":"ALDI","chain":"Aldi","is_major":true},"geometry":{"type":"Point","coordinates":[-81.6083491,41.4697388]}},
{"type":"Feature","properties":{"name":"Marc's","chain":"Marc's","is_major":true},"geometry":{"type":"Point","coordinates":[-81.8018921,41.4347211]}},
{"type":"Feature","properties":{"name":"Save-A-Lot","chain":null,"is_major":false},"geometry":{"type":"Point","coordinates":[-81.6491083,41.4660646]}},
{"type":"Feature","properties":{"name":"Giant Eagle","chain":"Giant Eagle","is_major":true},"geometry":{"type":"Point","coordinates":[-81.7713985,41.468969]}},
{"type":"Feature","properties":{"name":null,"chain":null,"is_major":false},"geometry":{"type":"Point","coordinates":[-81.2993147,41.1551514]}},
{"type":"Feature","properties":{"name":"Giant Eagle","chain":"Giant Eagle","is_major":true},"geometry":{"type":"Point","coordinates":[-81.5875193,41.0092538]}},
{"type":"Feature","properties":{"name":null,"chain":null,"is_major":false},"geometry":{"type":"Point","coordinates":[-81.3623195,41.2520344]}},
{"type":"Feature","properties":{"name":"Village Market","chain":null,"is_major":false},"geometry":{"type":"Point","coordinates":[-82.2155072,41.1822918]}},
{"type":"Feature","properties":{"name":"Dave's Supermarket","chain":"Dave's","is_major":true},"geometry":{"type":"Point","coordinates":[-81.5911706,41.4830725]}},
{"type":"Feature","properties":{"name":"Marc's","chain":"Marc's","is_major":true},"geometry":{"type":"Point","coordinates":[-81.8010806,41.4839974]}},
{"type":"Feature","properties":{"name":"Save-A-Lot","chain":null,"is_major":false},"geometry":{"type":"Point","coordinates":[-81.6447763,41.4483698]}},
{"type":"Feature","properties":{"name":"Dave's Market","chain":"Dave's","is_major":true},"geometry":{"type":"Point","coordinates":[-81.5529645,41.5175272]}},
{"type":"Feature","properties":{"name":"Save-A-Lot","chain":null,"is_major":false},"geometry":{"type":"Point","coordinates":[-81.7022304,41.4706705]}},
{"type":"Feature","properties":{"name":"Simon's","chain":null,"is_major":false},"geometry":{"type":"Point","coordinates":[-81.6327789,41.5051866]}},
{"type":"Feature","properties":{"name":"Giant Eagle","chain":"Giant Eagle","is_major":true},"geometry":{"type":"Point","coordinates":[-81.4419927,41.3094451]}},
{"type":"Feature","properties":{"name":"Giant Eagle","chain":"Giant Eagle","is_major":true},"geometry":{"type":"Point","coordinates":[-81.6358906,41.1330191]}},
{"type":"Feature","properties":{"name":"Simon's","chain":null,"is_major":false},"geometry":{"type":"Point","coordinates":[-81.6044853,41.4822298]}},
{"type":"Feature","properties":{"name":"Acme Fresh Market","chain":null,"is_major":false},"geometry":{"type":"Point","coordinates":[-81.4476929,41.2384718]}},
{"type":"Feature","properties":{"name":"Gordon Food Service","chain":null,"is_major":false},"geometry":{"type":"Point","coordinates":[-81.540803,41.5022968]}},
{"type":"Feature","properties":{"name":null,"chain":null,"is_major":false},"geometry":{"type":"Point","coordinates":[-81.6633228,41.5123254]}},
{"type":"Feature","properties":{"name":"Marc's","chain":"Marc's","is_major":true},"geometry":{"type":"Point","coordinates":[-81.4378364,41.5250902]}},
{"type":"Feature","properties":{"name":"Save-A-Lot","chain":null,"is_major":false},"geometry":{"type":"Point","coordinates":[-81.6034204,41.5242325]}},
{"type":"Feature","properties":{"name":"Marc's","chain":"Marc's","is_major":true},"geometry":{"type":"Point","coordinates":[-81.513606,41.0275684]}},
{"type":"Feature","properties":{"name":"ALDI","chain":"Aldi","is_major":true},"geometry":{"type":"Point","coordinates":[-81.3281596,40.8379551]}},
{"type":"Feature","properties":{"name":"Acme Fresh Market #14","chain":null,"is_major":false},"geometry":{"type":"Point","coordinates":[-81.5523387,41.0125148]}},
{"type":"Feature","properties":{"name":"Marc's","chain":"Marc's","is_major":true},"geometry":{"type":"Point","coordinates":[-81.8369725,41.298508]}},
{"type":"Feature","properties":{"name":"Gordon Food Service","chain":null,"is_major":false},"geometry":{"type":"Point","coordinates":[-81.824273,41.3446032]}},
{"type":"Feature","properties":{"name":null,"chain":null,"is_major":false},"geometry":{"type":"Point","coordinates":[-81.3294342,40.8345841]}},
{"type":"Feature","properties":{"name":"Acme Fresh Market","chain":null,"is_major":false},"geometry":{"type":"Point","coordinates":[-81.6423618,41.1376665]}},
{"type":"Feature","properties":{"name":"Mustard Seed Market","chain":null,"is_major":false},"geometry":{"type":"Point","coordinates":[-81.6389123,41.1381689]}},
{"type":"Feature","properties":{"name":"Earth Fare","chain":null,"is_major":false},"geometry":{"type":"Point","coordinates":[-81.6332625,41.1366512]}},
{"type":"Feature","properties":{"name":"Sam's Club","chain":"Sam's Club","is_major":true},"geometry":{"type":"Point","coordinates":[-81.6333277,41.1331153]}},
{"type":"Feature","properties":{"name":"Save-A-Lot","chain":null,"is_major":false},"geometry":{"type":"Point","coordinates":[-81.5248492,41.4344047]}},
{"type":"Feature","properties":{"name":"Giant Eagle","chain":"Giant Eagle","is_major":true},"geometry":{"type":"Point","coordinates":[-81.4352567,40.8748875]}},
{"type":"Feature","properties":{"name":"ALDI","chain":"Aldi","is_major":true},"geometry":{"type":"Point","coordinates":[-81.9029742,41.4207507]}},
{"type":"Feature","properties":{"name":"Save-A-Lot","chain":null,"is_major":false},"geometry":{"type":"Point","coordinates":[-81.6041796,41.0159062]}},
{"type":"Feature","properties":{"name":"Marc's","chain":"Marc's","is_major":true},"geometry":{"type":"Point","coordinates":[-82.0041621,41.3968308]}},
{"type":"Feature","properties":{"name":"Save-A-Lot","chain":null,"is_major":false},"geometry":{"type":"Point","coordinates":[-81.6157357,41.4296948]}},
{"type":"Feature","properties":{"name":"ALDI","chain":"Aldi","is_major":true},"geometry":{"type":"Point","coordinates":[-81.5260735,41.6090794]}},
{"type":"Feature","properties":{"name":"Marc's","chain":"Marc's","is_major":true},"geometry":{"type":"Point","coordinates":[-81.5212732,41.6118584]}},
{"type":"Feature","properties":{"name":"International Foods","chain":null,"is_major":false},"geometry":{"type":"Point","coordinates":[-81.5562306,41.5025108]}},
{"type":"Feature","properties":{"name":"Unger's Kosher Market","chain":null,"is_major":false},"geometry":{"type":"Point","coordinates":[-81.5555969,41.5096898]}},
{"type":"Feature","properties":{"name":"Save-A-Lot","chain":null,"is_major":false},"geometry":{"type":"Point","coordinates":[-81.7629645,40.8573912]}},
{"type":"Feature","properties":{"name":"Buhler's Foods","chain":null,"is_major":false},"geometry":{"type":"Point","coordinates":[-81.7776313,40.8431584]}},
{"type":"Feature","properties":{"name":"Marc's","chain":"Marc's","is_major":true},"geometry":{"type":"Point","coordinates":[-81.7860588,41.4556229]}},
{"type":"Feature","properties":{"name":"Sayre's Food Center","chain":null,"is_major":false},"geometry":{"type":"Point","coordinates":[-81.858944,40.863456]}},
{"type":"Feature","properties":{"name":"Constantino's Market","chain":null,"is_major":false},"geometry":{"type":"Point","coordinates":[-81.7011032,41.4992518]}},
{"type":"Feature","properties":{"name":null,"chain":null,"is_major":false},"geometry":{"type":"Point","coordinates":[-81.7695659,41.4779882]}},
{"type":"Feature","properties":{"name":"Trader Joe's","chain":"Trader Joe's","is_major":true},"geometry":{"type":"Point","coordinates":[-81.9510194,41.4571758]}},
{"type":"Feature","properties":{"name":"Marc's","chain":"Marc's","is_major":true},"geometry":{"type":"Point","coordinates":[-81.6933253,41.4063093]}},
{"type":"Feature","properties":{"name":null,"chain":null,"is_major":false},"geometry":{"type":"Point","coordinates":[-81.7689222,41.4861211]}},
{"type":"Feature","properties":{"name":"Marc's","chain":"Marc's","is_major":true},"geometry":{"type":"Point","coordinates":[-81.4357584,41.388799]}},
{"type":"Feature","properties":{"name":"Mustard Seed","chain":null,"is_major":false},"geometry":{"type":"Point","coordinates":[-81.445951,41.3939107]}},
{"type":"Feature","properties":{"name":"Marc's","chain":"Marc's","is_major":true},"geometry":{"type":"Point","coordinates":[-81.4763347,41.6341817]}},
{"type":"Feature","properties":{"name":"Giant Eagle","chain":"Giant Eagle","is_major":true},"geometry":{"type":"Point","coordinates":[-81.2410573,41.1053827]}},
{"type":"Feature","properties":{"name":"Sunny's Asian Food & Spices","chain":null,"is_major":false},"geometry":{"type":"Point","coordinates":[-81.441239,41.3868541]}},
{"type":"Feature","properties":{"name":null,"chain":null,"is_major":false},"geometry":{"type":"Point","coordinates":[-81.7057603,41.4851366]}},
{"type":"Feature","properties":{"name":null,"chain":null,"is_major":false},"geometry":{"type":"Point","coordinates":[-81.7862368,41.4703476]}},
{"type":"Feature","properties":{"name":"Smart Buys Outlet","chain":null,"is_major":false},"geometry":{"type":"Point","coordinates":[-81.7684281,41.462228]}},
{"type":"Feature","properties":{"name":null,"chain":null,"is_major":false},"geometry":{"type":"Point","coordinates":[-81.3427319,41.1510057]}},
{"type":"Feature","properties":{"name":null,"chain":null,"is_major":false},"geometry":{"type":"Point","coordinates":[-81.3427607,41.1511589]}},
{"type":"Feature","properties":{"name":"ALDI","chain":"Aldi","is_major":true},"geometry":{"type":"Point","coordinates":[-81.4709416,41.6411718]}},
{"type":"Feature","properties":{"name":"Giant Eagle","chain":"Giant Eagle","is_major":true},"geometry":{"type":"Point","coordinates":[-81.4743233,41.6360639]}},
{"type":"Feature","properties":{"name":null,"chain":null,"is_major":false},"geometry":{"type":"Point","coordinates":[-81.4792911,41.4631698]}},
{"type":"Feature","properties":{"name":"Heinen's","chain":"Heinen's","is_major":true},"geometry":{"type":"Point","coordinates":[-81.5637228,41.4650805]}},
{"type":"Feature","properties":{"name":"Highland Food Mart","chain":null,"is_major":false},"geometry":{"type":"Point","coordinates":[-81.4981764,41.5531709]}},
{"type":"Feature","properties":{"name":null,"chain":null,"is_major":false},"geometry":{"type":"Point","coordinates":[-81.803463,41.4632828]}},
{"type":"Feature","properties":{"name":null,"chain":null,"is_major":false},"geometry":{"type":"Point","coordinates":[-81.8034377,41.4636026]}},
{"type":"Feature","properties":{"name":"Save-A-Lot","chain":null,"is_major":false},"geometry":{"type":"Point","coordinates":[-81.4230766,40.8142158]}},
{"type":"Feature","properties":{"name":"Acme Fresh Market","chain":null,"is_major":false},"geometry":{"type":"Point","coordinates":[-81.4265586,40.8315216]}},
{"type":"Feature","properties":{"name":"Discount Drug Mart","chain":null,"is_major":false},"geometry":{"type":"Point","coordinates":[-81.8931032,41.426514]}},
{"type":"Feature","properties":{"name":"Marc's","chain":"Marc's","is_major":true},"geometry":{"type":"Point","coordinates":[-81.6829524,41.3479459]}},
{"type":"Feature","properties":{"name":"ALDI","chain":"Aldi","is_major":true},"geometry":{"type":"Point","coordinates":[-81.6836236,41.3673845]}},
{"type":"Feature","properties":{"name":null,"chain":null,"is_major":false},"geometry":{"type":"Point","coordinates":[-81.581762,41.4646917]}},
{"type":"Feature","properties":{"name":"ALDI","chain":"Aldi","is_major":true},"geometry":{"type":"Point","coordinates":[-81.959743,41.4617714]}},
{"type":"Feature","properties":{"name":"Dave's Market","chain":"Dave's","is_major":true},"geometry":{"type":"Point","coordinates":[-81.4962597,41.5381902]}},
{"type":"Feature","properties":{"name":"Save-A-Lot","chain":null,"is_major":false},"geometry":{"type":"Point","coordinates":[-81.758573,41.3913442]}},
{"type":"Feature","properties":{"name":"ALDI","chain":"Aldi","is_major":true},"geometry":{"type":"Point","coordinates":[-81.8299191,41.3727263]}},
{"type":"Feature","properties":{"name":"Marc's","chain":"Marc's","is_major":true},"geometry":{"type":"Point","coordinates":[-81.7363304,41.3832876]}},
{"type":"Feature","properties":{"name":"Save-A-Lot","chain":null,"is_major":false},"geometry":{"type":"Point","coordinates":[-81.697444,41.4198388]}},
{"type":"Feature","properties":{"name":"ALDI","chain":"Aldi","is_major":true},"geometry":{"type":"Point","coordinates":[-81.3590191,41.662131]}},
{"type":"Feature","properties":{"name":"Marc's","chain":"Marc's","is_major":true},"geometry":{"type":"Point","coordinates":[-81.5103919,41.1508058]}},
{"type":"Feature","properties":{"name":"Raisin Rack","chain":null,"is_major":false},"geometry":{"type":"Point","coordinates":[-81.3931087,40.8488182]}},
{"type":"Feature","properties":{"name":"Simon's Supermarket","chain":null,"is_major":false},"geometry":{"type":"Point","coordinates":[-81.5041182,41.5874852]}},
{"type":"Feature","properties":{"name":"Giant Eagle","chain":"Giant Eagle","is_major":true},"geometry":{"type":"Point","coordinates":[-81.6641027,41.2506737]}},
{"type":"Feature","properties":{"name":"Marc's","chain":"Marc's","is_major":true},"geometry":{"type":"Point","coordinates":[-81.7859961,41.3773196]}},
{"type":"Feature","properties":{"name":"Whole Foods Market","chain":"Whole Foods","is_major":true},"geometry":{"type":"Point","coordinates":[-81.8398259,41.478913]}},
{"type":"Feature","properties":{"name":"Save-A-Lot","chain":null,"is_major":false},"geometry":{"type":"Point","coordinates":[-81.7918946,41.4312637]}},
{"type":"Feature","properties":{"name":"Save-A-Lot","chain":null,"is_major":false},"geometry":{"type":"Point","coordinates":[-81.0907922,40.9024367]}},
{"type":"Feature","properties":{"name":"Sky International Market","chain":null,"is_major":false},"geometry":{"type":"Point","coordinates":[-81.7697114,41.3861547]}},
{"type":"Feature","properties":{"name":"Coast 2 Coast Forklifts","chain":null,"is_major":false},"geometry":{"type":"Point","coordinates":[-81.4786721,41.6076571]}},
{"type":"Feature","properties":{"name":null,"chain":null,"is_major":false},"geometry":{"type":"Point","coordinates":[-81.6407055,41.3958369]}},
{"type":"Feature","properties":{"name":"Marc's","chain":"Marc's","is_major":true},"geometry":{"type":"Point","coordinates":[-81.3572508,41.1365025]}},
{"type":"Feature","properties":{"name":"Giant Eagle","chain":"Giant Eagle","is_major":true},"geometry":{"type":"Point","coordinates":[-81.1317334,40.9009907]}},
{"type":"Feature","properties":{"name":"Heinen's","chain":"Heinen's","is_major":true},"geometry":{"type":"Point","coordinates":[-81.8047893,41.370255]}},
{"type":"Feature","properties":{"name":"Discount Drug Mart","chain":null,"is_major":false},"geometry":{"type":"Point","coordinates":[-81.6881586,41.1352609]}},
{"type":"Feature","properties":{"name":"Apples","chain":null,"is_major":false},"geometry":{"type":"Point","coordinates":[-82.1120595,41.4873425]}},
{"type":"Feature","properties":{"name":"Discount Drug Mart","chain":null,"is_major":false},"geometry":{"type":"Point","coordinates":[-81.3370906,41.5265972]}},
{"type":"Feature","properties":{"name":"Giant Eagle","chain":"Giant Eagle","is_major":true},"geometry":{"type":"Point","coordinates":[-81.4834018,41.1174839]}},
{"type":"Feature","properties":{"name":"Aldi","chain":"Aldi","is_major":true},"geometry":{"type":"Point","coordinates":[-81.7338046,41.3795236]}},
{"type":"Feature","properties":{"name":"Grocery Outlet","chain":null,"is_major":false},"geometry":{"type":"Point","coordinates":[-81.7358454,41.4268566]}},
{"type":"Feature","properties":{"name":"Marc's","chain":"Marc's","is_major":true},"geometry":{"type":"Point","coordinates":[-81.4414343,41.1657555]}},
{"type":"Feature","properties":{"name":"Keiper's Fresh Produce","chain":null,"is_major":false},"geometry":{"type":"Point","coordinates":[-81.7813781,41.0152393]}},
{"type":"Feature","properties":{"name":"BJ's Wholesale Club","chain":null,"is_major":false},"geometry":{"type":"Point","coordinates":[-81.4821766,41.1156085]}},
{"type":"Feature","properties":{"name":"Giant Eagle","chain":"Giant Eagle","is_major":true},"geometry":{"type":"Point","coordinates":[-81.509454,41.0277859]}},
{"type":"Feature","properties":{"name":"Park to Shop","chain":null,"is_major":false},"geometry":{"type":"Point","coordinates":[-81.6702417,41.5088103]}},
{"type":"Feature","properties":{"name":"Marc's","chain":"Marc's","is_major":true},"geometry":{"type":"Point","coordinates":[-81.1507015,40.9010871]}},
{"type":"Feature","properties":{"name":"Marc's","chain":"Marc's","is_major":true},"geometry":{"type":"Point","coordinates":[-81.0546698,41.8010357]}},
{"type":"Feature","properties":{"name":"Giant Eagle","chain":"Giant Eagle","is_major":true},"geometry":{"type":"Point","coordinates":[-81.4264441,41.0320778]}},
{"type":"Feature","properties":{"name":"Arabian Village Market","chain":null,"is_major":false},"geometry":{"type":"Point","coordinates":[-81.7789151,41.4588633]}},
{"type":"Feature","properties":{"name":"Shaffers Market","chain":null,"is_major":false},"geometry":{"type":"Point","coordinates":[-81.5233614,40.9765856]}},
{"type":"Feature","properties":{"name":null,"chain":null,"is_major":false},"geometry":{"type":"Point","coordinates":[-81.7276162,41.4846508]}},
{"type":"Feature","properties":{"name":"Miller's","chain":null,"is_major":false},"geometry":{"type":"Point","coordinates":[-82.3361255,40.8526215]}},
{"type":"Feature","properties":{"name":"Save-A-Lot","chain":null,"is_major":false},"geometry":{"type":"Point","coordinates":[-82.3143187,40.8677964]}},
{"type":"Feature","properties":{"name":"Discount Drug Mart","chain":null,"is_major":false},"geometry":{"type":"Point","coordinates":[-82.3368383,40.8532049]}},
{"type":"Feature","properties":{"name":null,"chain":null,"is_major":false},"geometry":{"type":"Point","coordinates":[-81.7679727,41.4879304]}},
{"type":"Feature","properties":{"name":"El Canelo","chain":null,"is_major":false},"geometry":{"type":"Point","coordinates":[-81.5264197,41.0375682]}},
{"type":"Feature","properties":{"name":"Giant Eagle","chain":"Giant Eagle","is_major":true},"geometry":{"type":"Point","coordinates":[-81.5259773,41.3894347]}},
{"type":"Feature","properties":{"name":"Save-A-Lot","chain":null,"is_major":false},"geometry":{"type":"Point","coordinates":[-81.4383965,41.0487688]}},
{"type":"Feature","properties":{"name":"Acme","chain":null,"is_major":false},"geometry":{"type":"Point","coordinates":[-81.4429329,41.0482238]}},
{"type":"Feature","properties":{"name":null,"chain":null,"is_major":false},"geometry":{"type":"Point","coordinates":[-81.9553875,41.4618312]}},
{"type":"Feature","properties":{"name":null,"chain":null,"is_major":false},"geometry":{"type":"Point","coordinates":[-81.768384,41.4846563]}},
{"type":"Feature","properties":{"name":"Miles Supermarket","chain":null,"is_major":false},"geometry":{"type":"Point","coordinates":[-81.5908027,41.4466671]}},
{"type":"Feature","properties":{"name":"Simon's Supermarket","chain":null,"is_major":false},"geometry":{"type":"Point","coordinates":[-81.5765007,41.5514458]}},
{"type":"Feature","properties":{"name":"Save-A-Lot","chain":null,"is_major":false},"geometry":{"type":"Point","coordinates":[-81.5718361,41.0836124]}},
{"type":"Feature","properties":{"name":"Save-A-Lot","chain":null,"is_major":false},"geometry":{"type":"Point","coordinates":[-81.4960803,41.1016514]}},
{"type":"Feature","properties":{"name":"ALDI","chain":"Aldi","is_major":true},"geometry":{"type":"Point","coordinates":[-82.0069768,41.3924496]}},
{"type":"Feature","properties":{"name":"India Grocers","chain":null,"is_major":false},"geometry":{"type":"Point","coordinates":[-81.7836861,41.3781005]}},
{"type":"Feature","properties":{"name":"Dale's Market & Deli","chain":null,"is_major":false},"geometry":{"type":"Point","coordinates":[-82.0866149,41.3743038]}},
{"type":"Feature","properties":{"name":"Dave's","chain":"Dave's","is_major":true},"geometry":{"type":"Point","coordinates":[-81.5623583,41.4484014]}},
{"type":"Feature","properties":{"name":null,"chain":null,"is_major":false},"geometry":{"type":"Point","coordinates":[-81.0863315,41.4583774]}},
{"type":"Feature","properties":{"name":"Acme Fresh Market","chain":null,"is_major":false},"geometry":{"type":"Point","coordinates":[-81.6393748,41.0242144]}},
{"type":"Feature","properties":{"name":null,"chain":null,"is_major":false},"geometry":{"type":"Point","coordinates":[-81.3285991,40.8345552]}},
{"type":"Feature","properties":{"name":null,"chain":null,"is_major":false},"geometry":{"type":"Point","coordinates":[-81.3279943,40.8335443]}},
{"type":"Feature","properties":{"name":null,"chain":null,"is_major":false},"geometry":{"type":"Point","coordinates":[-81.3300887,40.8335988]}},
{"type":"Feature","properties":{"name":null,"chain":null,"is_major":false},"geometry":{"type":"Point","coordinates":[-81.9406825,40.8469858]}},
{"type":"Feature","properties":{"name":null,"chain":null,"is_major":false},"geometry":{"type":"Point","coordinates":[-81.9414648,40.8484884]}},
{"type":"Feature","properties":{"name":null,"chain":null,"is_major":false},"geometry":{"type":"Point","coordinates":[-81.4898087,40.9929139]}},
{"type":"Feature","properties":{"name":null,"chain":null,"is_major":false},"geometry":{"type":"Point","coordinates":[-81.4898095,40.9923652]}},
{"type":"Feature","properties":{"name":null,"chain":null,"is_major":false},"geometry":{"type":"Point","coordinates":[-81.4885633,40.9933039]}},
{"type":"Feature","properties":{"name":null,"chain":null,"is_major":false},"geometry":{"type":"Point","coordinates":[-81.7257439,41.0523701]}},
{"type":"Feature","properties":{"name":null,"chain":null,"is_major":false},"geometry":{"type":"Point","coordinates":[-81.7257446,41.0530052]}},
{"type":"Feature","properties":{"name":null,"chain":null,"is_major":false},"geometry":{"type":"Point","coordinates":[-81.7241996,41.0532975]}},
{"type":"Feature","properties":{"name":null,"chain":null,"is_major":false},"geometry":{"type":"Point","coordinates":[-81.7242171,41.0521146]}},
{"type":"Feature","properties":{"name":null,"chain":null,"is_major":false},"geometry":{"type":"Point","coordinates":[-81.8586052,41.1615236]}},
{"type":"Feature","properties":{"name":null,"chain":null,"is_major":false},"geometry":{"type":"Point","coordinates":[-81.8585896,41.1623703]}},
{"type":"Feature","properties":{"name":null,"chain":null,"is_major":false},"geometry":{"type":"Point","coordinates":[-81.3629939,41.252545]}},
{"type":"Feature","properties":{"name":null,"chain":null,"is_major":false},"geometry":{"type":"Point","coordinates":[-81.3615189,41.2529635]}},
{"type":"Feature","properties":{"name":null,"chain":null,"is_major":false},"geometry":{"type":"Point","coordinates":[-81.361914,41.2532524]}},
{"type":"Feature","properties":{"name":"Apples","chain":null,"is_major":false},"geometry":{"type":"Point","coordinates":[-82.1819181,41.4398251]}},
{"type":"Feature","properties":{"name":"Discount Drug Mart","chain":null,"is_major":false},"geometry":{"type":"Point","coordinates":[-81.404788,41.1650481]}},
{"type":"Feature","properties":{"name":"Marc's","chain":"Marc's","is_major":true},"geometry":{"type":"Point","coordinates":[-81.6023849,41.125612]}},
{"type":"Feature","properties":{"name":"ACME","chain":null,"is_major":false},"geometry":{"type":"Point","coordinates":[-81.5704171,41.0455363]}},
{"type":"Feature","properties":{"name":"Marc's","chain":"Marc's","is_major":true},"geometry":{"type":"Point","coordinates":[-81.4238304,41.0319253]}},
{"type":"Feature","properties":{"name":"Acme","chain":null,"is_major":false},"geometry":{"type":"Point","coordinates":[-81.5092789,41.1372992]}},
{"type":"Feature","properties":{"name":"la Loma","chain":null,"is_major":false},"geometry":{"type":"Point","coordinates":[-81.4414287,41.0760235]}},
{"type":"Feature","properties":{"name":"BDI - Bearing Distributors","chain":null,"is_major":false},"geometry":{"type":"Point","coordinates":[-81.4096404,40.8919249]}},
{"type":"Feature","properties":{"name":"Robertson Heating Supply Company","chain":null,"is_major":false},"geometry":{"type":"Point","coordinates":[-81.1440075,40.9159954]}},
{"type":"Feature","properties":{"name":"Marc's","chain":"Marc's","is_major":true},"geometry":{"type":"Point","coordinates":[-82.1114264,41.3998191]}},
{"type":"Feature","properties":{"name":"Save-A-Lot","chain":null,"is_major":false},"geometry":{"type":"Point","coordinates":[-81.4800126,41.1645851]}},
{"type":"Feature","properties":{"name":null,"chain":null,"is_major":false},"geometry":{"type":"Point","coordinates":[-81.6383535,41.5189201]}},
{"type":"Feature","properties":{"name":"Dollar General Market","chain":null,"is_major":false},"geometry":{"type":"Point","coordinates":[-81.8390682,41.2289302]}},
{"type":"Feature","properties":{"name":"Fresh Thyme","chain":"Fresh Thyme","is_major":true},"geometry":{"type":"Point","coordinates":[-81.4488003,41.5182535]}},
{"type":"Feature","properties":{"name":"Buehler's Fresh Foods","chain":null,"is_major":false},"geometry":{"type":"Point","coordinates":[-81.7321085,41.047473]}},
{"type":"Feature","properties":{"name":"Sav-Mor Family Foods","chain":null,"is_major":false},"geometry":{"type":"Point","coordinates":[-81.58801,41.523873]}},
{"type":"Feature","properties":{"name":"ALDI","chain":"Aldi","is_major":true},"geometry":{"type":"Point","coordinates":[-81.4906088,41.0360794]}},
{"type":"Feature","properties":{"name":"Save-A-Lot","chain":null,"is_major":false},"geometry":{"type":"Point","coordinates":[-81.4925319,41.0330911]}},
{"type":"Feature","properties":{"name":"Save-A-Lot","chain":null,"is_major":false},"geometry":{"type":"Point","coordinates":[-82.1792033,41.4665899]}},
{"type":"Feature","properties":{"name":"Holyland International Import Supermarket","chain":null,"is_major":false},"geometry":{"type":"Point","coordinates":[-81.7695509,41.4614017]}},
{"type":"Feature","properties":{"name":"Giant Eagle","chain":"Giant Eagle","is_major":true},"geometry":{"type":"Point","coordinates":[-81.5355257,41.4156194]}},
{"type":"Feature","properties":{"name":"Giant Eagle","chain":"Giant Eagle","is_major":true},"geometry":{"type":"Point","coordinates":[-81.6122992,41.4043106]}},
{"type":"Feature","properties":{"name":"Giant Eagle","chain":"Giant Eagle","is_major":true},"geometry":{"type":"Point","coordinates":[-81.4955575,40.8007946]}},
{"type":"Feature","properties":{"name":"Giant Eagle","chain":"Giant Eagle","is_major":true},"geometry":{"type":"Point","coordinates":[-81.739826,41.3784238]}},
{"type":"Feature","properties":{"name":"Giant Eagle","chain":"Giant Eagle","is_major":true},"geometry":{"type":"Point","coordinates":[-81.4525178,41.5215453]}},
{"type":"Feature","properties":{"name":"Marc's","chain":"Marc's","is_major":true},"geometry":{"type":"Point","coordinates":[-81.5949853,41.3980842]}},
{"type":"Feature","properties":{"name":"ALDI","chain":"Aldi","is_major":true},"geometry":{"type":"Point","coordinates":[-81.5269828,41.4305849]}},
{"type":"Feature","properties":{"name":"CAM Asia Supermarket","chain":null,"is_major":false},"geometry":{"type":"Point","coordinates":[-81.5291997,41.4267119]}},
{"type":"Feature","properties":{"name":"Giant Eagle","chain":"Giant Eagle","is_major":true},"geometry":{"type":"Point","coordinates":[-81.7876668,41.3767177]}},
{"type":"Feature","properties":{"name":"Nipa Hut Oriental Market","chain":null,"is_major":false},"geometry":{"type":"Point","coordinates":[-81.7843844,41.3795308]}},
{"type":"Feature","properties":{"name":"ALDI","chain":"Aldi","is_major":true},"geometry":{"type":"Point","coordinates":[-81.4369394,41.5223935]}},
{"type":"Feature","properties":{"name":"Costco","chain":"Costco","is_major":true},"geometry":{"type":"Point","coordinates":[-81.4464399,41.5239324]}},
{"type":"Feature","properties":{"name":"Giant Eagle","chain":"Giant Eagle","is_major":true},"geometry":{"type":"Point","coordinates":[-81.5057814,41.4658762]}},
{"type":"Feature","properties":{"name":"Save-A-Lot","chain":null,"is_major":false},"geometry":{"type":"Point","coordinates":[-81.570957,41.4152844]}},
{"type":"Feature","properties":{"name":"Save-A-Lot","chain":null,"is_major":false},"geometry":{"type":"Point","coordinates":[-81.5390261,41.4131093]}},
{"type":"Feature","properties":{"name":"Meijer","chain":"Meijer","is_major":true},"geometry":{"type":"Point","coordinates":[-81.3089473,41.6751794]}},
{"type":"Feature","properties":{"name":"The Olive & The Grape","chain":null,"is_major":false},"geometry":{"type":"Point","coordinates":[-81.3634423,41.6612186]}},
{"type":"Feature","properties":{"name":"Giant Eagle","chain":"Giant Eagle","is_major":true},"geometry":{"type":"Point","coordinates":[-81.4277514,41.6303254]}},
{"type":"Feature","properties":{"name":"BJ's Wholesale Club","chain":null,"is_major":false},"geometry":{"type":"Point","coordinates":[-81.4261265,41.6309999]}},
{"type":"Feature","properties":{"name":"Sam's Club","chain":"Sam's Club","is_major":true},"geometry":{"type":"Point","coordinates":[-81.7573068,41.4202983]}},
{"type":"Feature","properties":{"name":"Gordon Food Service","chain":null,"is_major":false},"geometry":{"type":"Point","coordinates":[-81.7624939,41.4189613]}},
{"type":"Feature","properties":{"name":"ALDI","chain":"Aldi","is_major":true},"geometry":{"type":"Point","coordinates":[-81.7593793,41.4202593]}},
{"type":"Feature","properties":{"name":"Marc's","chain":"Marc's","is_major":true},"geometry":{"type":"Point","coordinates":[-81.7393983,41.4231373]}},
{"type":"Feature","properties":{"name":"Giant Eagle","chain":"Giant Eagle","is_major":true},"geometry":{"type":"Point","coordinates":[-81.7300356,41.4317292]}},
{"type":"Feature","properties":{"name":"Athens Imported Foods","chain":null,"is_major":false},"geometry":{"type":"Point","coordinates":[-81.7276281,41.4200931]}},
{"type":"Feature","properties":{"name":"Sugarland Food Mart","chain":null,"is_major":false},"geometry":{"type":"Point","coordinates":[-81.734961,41.4156859]}},
{"type":"Feature","properties":{"name":"Giant Eagle","chain":"Giant Eagle","is_major":true},"geometry":{"type":"Point","coordinates":[-81.5216098,41.5216397]}},
{"type":"Feature","properties":{"name":"Marc's","chain":"Marc's","is_major":true},"geometry":{"type":"Point","coordinates":[-81.5174135,41.521154]}},
{"type":"Feature","properties":{"name":"Save-A-Lot","chain":null,"is_major":false},"geometry":{"type":"Point","coordinates":[-81.4929264,41.5939965]}},
{"type":"Feature","properties":{"name":"Alesci's","chain":null,"is_major":false},"geometry":{"type":"Point","coordinates":[-81.4760944,41.6346387]}},
{"type":"Feature","properties":{"name":"Marc's","chain":"Marc's","is_major":true},"geometry":{"type":"Point","coordinates":[-81.8018583,41.4069948]}},
{"type":"Feature","properties":{"name":"Giant Eagle","chain":"Giant Eagle","is_major":true},"geometry":{"type":"Point","coordinates":[-81.7979527,41.4059639]}},
{"type":"Feature","properties":{"name":"Marc's","chain":"Marc's","is_major":true},"geometry":{"type":"Point","coordinates":[-81.8048581,41.2400918]}},
{"type":"Feature","properties":{"name":"Giant Eagle","chain":"Giant Eagle","is_major":true},"geometry":{"type":"Point","coordinates":[-81.8099931,41.2369674]}},
{"type":"Feature","properties":{"name":"Giant Eagle","chain":"Giant Eagle","is_major":true},"geometry":{"type":"Point","coordinates":[-81.9262437,41.4174356]}},
{"type":"Feature","properties":{"name":"Marc's","chain":"Marc's","is_major":true},"geometry":{"type":"Point","coordinates":[-81.9160571,41.4168401]}},
{"type":"Feature","properties":{"name":"Arabica Roastery & Market","chain":null,"is_major":false},"geometry":{"type":"Point","coordinates":[-81.922183,41.4162226]}},
{"type":"Feature","properties":{"name":null,"chain":null,"is_major":false},"geometry":{"type":"Point","coordinates":[-81.3399637,41.5237715]}},
{"type":"Feature","properties":{"name":"Heinen's","chain":"Heinen's","is_major":true},"geometry":{"type":"Point","coordinates":[-81.8300872,41.3157074]}},
{"type":"Feature","properties":{"name":"Giant Eagle","chain":"Giant Eagle","is_major":true},"geometry":{"type":"Point","coordinates":[-81.7911745,41.4865569]}},
{"type":"Feature","properties":{"name":"Giant Eagle","chain":"Giant Eagle","is_major":true},"geometry":{"type":"Point","coordinates":[-82.1098582,41.3898799]}},
{"type":"Feature","properties":{"name":"Giant Eagle","chain":"Giant Eagle","is_major":true},"geometry":{"type":"Point","coordinates":[-82.2047673,41.415304]}},
{"type":"Feature","properties":{"name":"Save-A-Lot","chain":null,"is_major":false},"geometry":{"type":"Point","coordinates":[-82.2022969,41.416251]}},
{"type":"Feature","properties":{"name":"ALDI","chain":"Aldi","is_major":true},"geometry":{"type":"Point","coordinates":[-82.2067862,41.415296]}},
{"type":"Feature","properties":{"name":"Heinen's","chain":"Heinen's","is_major":true},"geometry":{"type":"Point","coordinates":[-81.3472306,41.3203063]}},
{"type":"Feature","properties":{"name":"Acme Fresh Market","chain":null,"is_major":false},"geometry":{"type":"Point","coordinates":[-81.4640327,40.9568883]}},
{"type":"Feature","properties":{"name":"ALDI","chain":"Aldi","is_major":true},"geometry":{"type":"Point","coordinates":[-81.3881523,41.3560835]}},
{"type":"Feature","properties":{"name":"Marc's","chain":"Marc's","is_major":true},"geometry":{"type":"Point","coordinates":[-81.4875527,41.5838972]}},
{"type":"Feature","properties":{"name":"BJ's Wholesale Club","chain":null,"is_major":false},"geometry":{"type":"Point","coordinates":[-81.496757,41.4420236]}},
{"type":"Feature","properties":{"name":"ALDI","chain":"Aldi","is_major":true},"geometry":{"type":"Point","coordinates":[-81.6897844,41.4558352]}},
{"type":"Feature","properties":{"name":"Plum Market","chain":null,"is_major":false},"geometry":{"type":"Point","coordinates":[-81.6039503,41.5104162]}},
{"type":"Feature","properties":{"name":"Fligner's Market","chain":null,"is_major":false},"geometry":{"type":"Point","coordinates":[-82.1666094,41.4532854]}},
{"type":"Feature","properties":{"name":"Heinen's","chain":"Heinen's","is_major":true},"geometry":{"type":"Point","coordinates":[-82.0178588,41.460367]}},
{"type":"Feature","properties":{"name":"Costco","chain":"Costco","is_major":true},"geometry":{"type":"Point","coordinates":[-82.0115382,41.4599333]}},
{"type":"Feature","properties":{"name":"ALDI","chain":"Aldi","is_major":true},"geometry":{"type":"Point","coordinates":[-82.0185519,41.4678074]}},
{"type":"Feature","properties":{"name":"Marc's","chain":"Marc's","is_major":true},"geometry":{"type":"Point","coordinates":[-82.0175186,41.4574553]}},
{"type":"Feature","properties":{"name":"Sam's Club","chain":"Sam's Club","is_major":true},"geometry":{"type":"Point","coordinates":[-82.0813979,41.4219817]}},
{"type":"Feature","properties":{"name":"ALDI","chain":"Aldi","is_major":true},"geometry":{"type":"Point","coordinates":[-82.079072,41.4245336]}},
{"type":"Feature","properties":{"name":"Giant Eagle","chain":"Giant Eagle","is_major":true},"geometry":{"type":"Point","coordinates":[-82.079294,41.4276973]}},
{"type":"Feature","properties":{"name":"Giant Eagle","chain":"Giant Eagle","is_major":true},"geometry":{"type":"Point","coordinates":[-81.056104,41.8014355]}},
{"type":"Feature","properties":{"name":"Sam's Club","chain":"Sam's Club","is_major":true},"geometry":{"type":"Point","coordinates":[-81.4690636,41.11796]}},
{"type":"Feature","properties":{"name":null,"chain":null,"is_major":false},"geometry":{"type":"Point","coordinates":[-81.5203355,40.9774791]}},
{"type":"Feature","properties":{"name":null,"chain":null,"is_major":false},"geometry":{"type":"Point","coordinates":[-81.7374492,41.459551]}},
{"type":"Feature","properties":{"name":"ALDI","chain":"Aldi","is_major":true},"geometry":{"type":"Point","coordinates":[-81.5826335,41.0562903]}},
{"type":"Feature","properties":{"name":"Giant Eagle","chain":"Giant Eagle","is_major":true},"geometry":{"type":"Point","coordinates":[-81.266471,41.7060924]}},
{"type":"Feature","properties":{"name":"Save-A-Lot","chain":null,"is_major":false},"geometry":{"type":"Point","coordinates":[-81.2742048,41.7003645]}},
{"type":"Feature","properties":{"name":"787 Market","chain":null,"is_major":false},"geometry":{"type":"Point","coordinates":[-81.7292315,41.4397817]}},
{"type":"Feature","properties":{"name":null,"chain":null,"is_major":false},"geometry":{"type":"Point","coordinates":[-81.5366681,41.5004904]}},
{"type":"Feature","properties":{"name":null,"chain":null,"is_major":false},"geometry":{"type":"Point","coordinates":[-81.5372867,41.5006087]}},
{"type":"Feature","properties":{"name":"Marc's","chain":"Marc's","is_major":true},"geometry":{"type":"Point","coordinates":[-81.9141886,40.8274251]}},
{"type":"Feature","properties":{"name":"ALDI","chain":"Aldi","is_major":true},"geometry":{"type":"Point","coordinates":[-81.8613326,41.1579813]}},
{"type":"Feature","properties":{"name":"Marc's","chain":"Marc's","is_major":true},"geometry":{"type":"Point","coordinates":[-81.8644761,41.1562849]}},
{"type":"Feature","properties":{"name":"Save-A-Lot","chain":null,"is_major":false},"geometry":{"type":"Point","coordinates":[-81.7624596,41.4661667]}},
{"type":"Feature","properties":{"name":"Giant Eagle","chain":"Giant Eagle","is_major":true},"geometry":{"type":"Point","coordinates":[-81.4991569,41.5037477]}},
{"type":"Feature","properties":{"name":"ALDI","chain":"Aldi","is_major":true},"geometry":{"type":"Point","coordinates":[-81.4248712,40.8539841]}},
{"type":"Feature","properties":{"name":"Target","chain":null,"is_major":false},"geometry":{"type":"Point","coordinates":[-81.4318423,40.8623939]}},
{"type":"Feature","properties":{"name":null,"chain":null,"is_major":false},"geometry":{"type":"Point","coordinates":[-81.3399341,41.5235286]}},
{"type":"Feature","properties":{"name":"Newbury Beverages","chain":null,"is_major":false},"geometry":{"type":"Point","coordinates":[-81.2364516,41.463778]}},
{"type":"Feature","properties":{"name":"Marc's","chain":"Marc's","is_major":true},"geometry":{"type":"Point","coordinates":[-81.5177011,40.8139341]}},
{"type":"Feature","properties":{"name":"Save-A-Lot","chain":null,"is_major":false},"geometry":{"type":"Point","coordinates":[-81.9311634,40.8236103]}},
{"type":"Feature","properties":{"name":"Trader Joe's","chain":"Trader Joe's","is_major":true},"geometry":{"type":"Point","coordinates":[-81.2999721,41.6802091]}},
{"type":"Feature","properties":{"name":"Gordon Food Service","chain":null,"is_major":false},"geometry":{"type":"Point","coordinates":[-81.5021376,41.3141899]}},
{"type":"Feature","properties":{"name":null,"chain":null,"is_major":false},"geometry":{"type":"Point","coordinates":[-81.5251431,41.3151896]}},
{"type":"Feature","properties":{"name":"Zaiqa Indian Grocery","chain":null,"is_major":false},"geometry":{"type":"Point","coordinates":[-81.4396065,41.2832699]}},
{"type":"Feature","properties":{"name":null,"chain":null,"is_major":false},"geometry":{"type":"Point","coordinates":[-81.4446013,41.0855034]}},
{"type":"Feature","properties":{"name":null,"chain":null,"is_major":false},"geometry":{"type":"Point","coordinates":[-81.7262918,41.0490559]}},
{"type":"Feature","properties":{"name":null,"chain":null,"is_major":false},"geometry":{"type":"Point","coordinates":[-81.6380471,41.1325638]}},
{"type":"Feature","properties":{"name":null,"chain":null,"is_major":false},"geometry":{"type":"Point","coordinates":[-81.4695851,40.9620414]}},
{"type":"Feature","properties":{"name":null,"chain":null,"is_major":false},"geometry":{"type":"Point","coordinates":[-81.3533944,40.9684695]}},
{"type":"Feature","properties":{"name":"Giant Eagle","chain":"Giant Eagle","is_major":true},"geometry":{"type":"Point","coordinates":[-81.3470124,40.970172]}},
{"type":"Feature","properties":{"name":"Giant Eagle","chain":"Giant Eagle","is_major":true},"geometry":{"type":"Point","coordinates":[-81.2608539,40.8367551]}},
{"type":"Feature","properties":{"name":null,"chain":null,"is_major":false},"geometry":{"type":"Point","coordinates":[-81.4382705,40.8778658]}},
{"type":"Feature","properties":{"name":"ALDI","chain":"Aldi","is_major":true},"geometry":{"type":"Point","coordinates":[-81.8102007,41.135476]}},
{"type":"Feature","properties":{"name":"Rego's","chain":null,"is_major":false},"geometry":{"type":"Point","coordinates":[-81.7859597,41.278765]}},
{"type":"Feature","properties":{"name":"Zam Zam Market & Grill","chain":null,"is_major":false},"geometry":{"type":"Point","coordinates":[-81.888949,41.4288485]}},
{"type":"Feature","properties":{"name":"Nee How Chinese Food Market","chain":null,"is_major":false},"geometry":{"type":"Point","coordinates":[-81.8856069,41.43094]}},
{"type":"Feature","properties":{"name":"Gordon Food Service","chain":null,"is_major":false},"geometry":{"type":"Point","coordinates":[-81.8873759,41.429839]}},
{"type":"Feature","properties":{"name":null,"chain":null,"is_major":false},"geometry":{"type":"Point","coordinates":[-82.1493781,41.418539]}},
{"type":"Feature","properties":{"name":null,"chain":null,"is_major":false},"geometry":{"type":"Point","coordinates":[-82.1526632,41.4208561]}},
{"type":"Feature","properties":{"name":"Kennicott","chain":null,"is_major":false},"geometry":{"type":"Point","coordinates":[-81.6186093,41.4163558]}},
{"type":"Feature","properties":{"name":"Marc's","chain":"Marc's","is_major":true},"geometry":{"type":"Point","coordinates":[-81.4387233,41.6271505]}},
{"type":"Feature","properties":{"name":"Giant Eagle","chain":"Giant Eagle","is_major":true},"geometry":{"type":"Point","coordinates":[-81.9973981,41.3963959]}},
{"type":"Feature","properties":{"name":null,"chain":null,"is_major":false},"geometry":{"type":"Point","coordinates":[-81.2452054,41.7331304]}},
{"type":"Feature","properties":{"name":"Green Farms Country Market","chain":null,"is_major":false},"geometry":{"type":"Point","coordinates":[-81.162207,40.9025809]}},
{"type":"Feature","properties":{"name":"Discount Drug Mart (Closed)","chain":null,"is_major":false},"geometry":{"type":"Point","coordinates":[-81.3306518,41.155409]}},
{"type":"Feature","properties":{"name":"Save-A-Lot","chain":null,"is_major":false},"geometry":{"type":"Point","coordinates":[-81.5301324,41.0567278]}},
{"type":"Feature","properties":{"name":"Gordon Food Service","chain":null,"is_major":false},"geometry":{"type":"Point","coordinates":[-82.0763839,41.4200005]}},
{"type":"Feature","properties":{"name":"Save-A-Lot","chain":null,"is_major":false},"geometry":{"type":"Point","coordinates":[-81.5541275,41.0090695]}},
{"type":"Feature","properties":{"name":"Meijer","chain":"Meijer","is_major":true},"geometry":{"type":"Point","coordinates":[-81.9917421,41.4613193]}},
{"type":"Feature","properties":{"name":"Fresh Thyme","chain":"Fresh Thyme","is_major":true},"geometry":{"type":"Point","coordinates":[-81.4349798,40.8614183]}},
{"type":"Feature","properties":{"name":"Costco","chain":"Costco","is_major":true},"geometry":{"type":"Point","coordinates":[-81.5074649,41.2654255]}},
{"type":"Feature","properties":{"name":"BJ's Wholesale Club","chain":null,"is_major":false},"geometry":{"type":"Point","coordinates":[-81.7867272,41.3760475]}},
{"type":"Feature","properties":{"name":"Marc's","chain":"Marc's","is_major":true},"geometry":{"type":"Point","coordinates":[-81.6040322,41.0162663]}},
{"type":"Feature","properties":{"name":"Aldi","chain":"Aldi","is_major":true},"geometry":{"type":"Point","coordinates":[-81.7986899,41.4529913]}},
{"type":"Feature","properties":{"name":"Apples","chain":null,"is_major":false},"geometry":{"type":"Point","coordinates":[-82.2125213,41.1690866]}},
{"type":"Feature","properties":{"name":"ALDI","chain":"Aldi","is_major":true},"geometry":{"type":"Point","coordinates":[-81.4050497,40.9038807]}},
{"type":"Feature","properties":{"name":"Camy's Caribbean Mart and Eatery","chain":null,"is_major":false},"geometry":{"type":"Point","coordinates":[-81.4739445,41.5189665]}},
{"type":"Feature","properties":{"name":null,"chain":null,"is_major":false},"geometry":{"type":"Point","coordinates":[-81.6157044,41.4991458]}},
{"type":"Feature","properties":{"name":null,"chain":null,"is_major":false},"geometry":{"type":"Point","coordinates":[-81.6155659,41.498467]}},
{"type":"Feature","properties":{"name":null,"chain":null,"is_major":false},"geometry":{"type":"Point","coordinates":[-81.6161739,41.4987096]}},
{"type":"Feature","properties":{"name":null,"chain":null,"is_major":false},"geometry":{"type":"Point","coordinates":[-81.616174,41.4987819]}},
{"type":"Feature","properties":{"name":"Aldi","chain":"Aldi","is_major":true},"geometry":{"type":"Point","coordinates":[-82.2161885,41.2675791]}},
{"type":"Feature","properties":{"name":"ALDI","chain":"Aldi","is_major":true},"geometry":{"type":"Point","coordinates":[-81.6899687,41.3145107]}},
{"type":"Feature","properties":{"name":"Aldi","chain":"Aldi","is_major":true},"geometry":{"type":"Point","coordinates":[-81.3386642,41.2373655]}},
{"type":"Feature","properties":{"name":"ALDI","chain":"Aldi","is_major":true},"geometry":{"type":"Point","coordinates":[-81.4357023,41.3900048]}},
{"type":"Feature","properties":{"name":"Aldi","chain":"Aldi","is_major":true},"geometry":{"type":"Point","coordinates":[-80.8583392,41.2550585]}},
{"type":"Feature","properties":{"name":"Meijer","chain":"Meijer","is_major":true},"geometry":{"type":"Point","coordinates":[-81.3845912,41.1027032]}},
{"type":"Feature","properties":{"name":"ALDI","chain":"Aldi","is_major":true},"geometry":{"type":"Point","coordinates":[-81.389459,41.100961]}},
{"type":"Feature","properties":{"name":"Zak Supercenter","chain":null,"is_major":false},"geometry":{"type":"Point","coordinates":[-81.5231724,41.4074851]}},
{"type":"Feature","properties":{"name":null,"chain":null,"is_major":false},"geometry":{"type":"Point","coordinates":[-81.5553328,41.5377678]}},
{"type":"Feature","properties":{"name":"Miller Brothers","chain":null,"is_major":false},"geometry":{"type":"Point","coordinates":[-81.9970398,41.0260643]}},
{"type":"Feature","properties":{"name":"Save-A-Lot","chain":null,"is_major":false},"geometry":{"type":"Point","coordinates":[-82.1186094,41.4249651]}},
{"type":"Feature","properties":{"name":"Key Food","chain":null,"is_major":false},"geometry":{"type":"Point","coordinates":[-82.1455536,41.4450524]}},
{"type":"Feature","properties":{"name":null,"chain":null,"is_major":false},"geometry":{"type":"Point","coordinates":[-81.3830399,41.0976617]}},
{"type":"Feature","properties":{"name":null,"chain":null,"is_major":false},"geometry":{"type":"Point","coordinates":[-81.3830963,41.097662]}},
{"type":"Feature","properties":{"name":null,"chain":null,"is_major":false},"geometry":{"type":"Point","coordinates":[-81.3831523,41.0976624]}},
{"type":"Feature","properties":{"name":null,"chain":null,"is_major":false},"geometry":{"type":"Point","coordinates":[-81.3831581,41.0972631]}},
{"type":"Feature","properties":{"name":null,"chain":null,"is_major":false},"geometry":{"type":"Point","coordinates":[-81.3830995,41.0972619]}},
{"type":"Feature","properties":{"name":null,"chain":null,"is_major":false},"geometry":{"type":"Point","coordinates":[-81.3830511,41.097261]}},
{"type":"Feature","properties":{"name":null,"chain":null,"is_major":false},"geometry":{"type":"Point","coordinates":[-82.2084899,41.4307385]}},
{"type":"Feature","properties":{"name":null,"chain":null,"is_major":false},"geometry":{"type":"Point","coordinates":[-82.2084897,41.4307036]}},
{"type":"Feature","properties":{"name":null,"chain":null,"is_major":false},"geometry":{"type":"Point","coordinates":[-82.2084895,41.4306701]}},
{"type":"Feature","properties":{"name":null,"chain":null,"is_major":false},"geometry":{"type":"Point","coordinates":[-82.2079573,41.4307425]}},
{"type":"Feature","properties":{"name":null,"chain":null,"is_major":false},"geometry":{"type":"Point","coordinates":[-82.2079556,41.4307081]}},
{"type":"Feature","properties":{"name":null,"chain":null,"is_major":false},"geometry":{"type":"Point","coordinates":[-82.2079547,41.4306781]}},
{"type":"Feature","properties":{"name":null,"chain":null,"is_major":false},"geometry":{"type":"Point","coordinates":[-81.7549147,41.4209223]}},
{"type":"Feature","properties":{"name":null,"chain":null,"is_major":false},"geometry":{"type":"Point","coordinates":[-81.7549057,41.4209525]}},
{"type":"Feature","properties":{"name":null,"chain":null,"is_major":false},"geometry":{"type":"Point","coordinates":[-81.7539709,41.4210679]}},
{"type":"Feature","properties":{"name":null,"chain":null,"is_major":false},"geometry":{"type":"Point","coordinates":[-81.7539728,41.4210335]}},
{"type":"Feature","properties":{"name":null,"chain":null,"is_major":false},"geometry":{"type":"Point","coordinates":[-81.7539744,41.4210037]}},
{"type":"Feature","properties":{"name":null,"chain":null,"is_major":false},"geometry":{"type":"Point","coordinates":[-81.8963887,41.4170751]}},
{"type":"Feature","properties":{"name":null,"chain":null,"is_major":false},"geometry":{"type":"Point","coordinates":[-81.896349,41.4170648]}},
{"type":"Feature","properties":{"name":null,"chain":null,"is_major":false},"geometry":{"type":"Point","coordinates":[-81.8963073,41.417054]}},
{"type":"Feature","properties":{"name":null,"chain":null,"is_major":false},"geometry":{"type":"Point","coordinates":[-81.8962649,41.4170431]}},
{"type":"Feature","properties":{"name":null,"chain":null,"is_major":false},"geometry":{"type":"Point","coordinates":[-81.896227,41.4170332]}},
{"type":"Feature","properties":{"name":null,"chain":null,"is_major":false},"geometry":{"type":"Point","coordinates":[-81.8191787,41.3468154]}},
{"type":"Feature","properties":{"name":null,"chain":null,"is_major":false},"geometry":{"type":"Point","coordinates":[-81.8191354,41.3468096]}},
{"type":"Feature","properties":{"name":null,"chain":null,"is_major":false},"geometry":{"type":"Point","coordinates":[-81.8190851,41.3468029]}},
{"type":"Feature","properties":{"name":null,"chain":null,"is_major":false},"geometry":{"type":"Point","coordinates":[-81.8190774,41.3454278]}},
{"type":"Feature","properties":{"name":null,"chain":null,"is_major":false},"geometry":{"type":"Point","coordinates":[-81.8190378,41.3454275]}},
{"type":"Feature","properties":{"name":null,"chain":null,"is_major":false},"geometry":{"type":"Point","coordinates":[-81.0719729,41.8052032]}},
{"type":"Feature","properties":{"name":null,"chain":null,"is_major":false},"geometry":{"type":"Point","coordinates":[-81.0719719,41.8051634]}},
{"type":"Feature","properties":{"name":null,"chain":null,"is_major":false},"geometry":{"type":"Point","coordinates":[-81.0719706,41.8051123]}},
{"type":"Feature","properties":{"name":null,"chain":null,"is_major":false},"geometry":{"type":"Point","coordinates":[-81.0714372,41.8052118]}},
{"type":"Feature","properties":{"name":null,"chain":null,"is_major":false},"geometry":{"type":"Point","coordinates":[-81.0714362,41.805167]}},
{"type":"Feature","properties":{"name":null,"chain":null,"is_major":false},"geometry":{"type":"Point","coordinates":[-81.0714353,41.8051246]}},
{"type":"Feature","properties":{"name":null,"chain":null,"is_major":false},"geometry":{"type":"Point","coordinates":[-81.5410243,41.5089197]}},
{"type":"Feature","properties":{"name":null,"chain":null,"is_major":false},"geometry":{"type":"Point","coordinates":[-81.5409808,41.5089193]}},
{"type":"Feature","properties":{"name":null,"chain":null,"is_major":false},"geometry":{"type":"Point","coordinates":[-81.5409381,41.5089188]}},
{"type":"Feature","properties":{"name":null,"chain":null,"is_major":false},"geometry":{"type":"Point","coordinates":[-81.5410318,41.5085214]}},
{"type":"Feature","properties":{"name":null,"chain":null,"is_major":false},"geometry":{"type":"Point","coordinates":[-81.5409859,41.5085219]}},
{"type":"Feature","properties":{"name":null,"chain":null,"is_major":false},"geometry":{"type":"Point","coordinates":[-81.5409433,41.5085223]}},
{"type":"Feature","properties":{"name":null,"chain":null,"is_major":false},"geometry":{"type":"Point","coordinates":[-82.067272,41.3514919]}},
{"type":"Feature","properties":{"name":null,"chain":null,"is_major":false},"geometry":{"type":"Point","coordinates":[-82.0672712,41.35145]}},
{"type":"Feature","properties":{"name":null,"chain":null,"is_major":false},"geometry":{"type":"Point","coordinates":[-82.0672705,41.3514067]}},
{"type":"Feature","properties":{"name":null,"chain":null,"is_major":false},"geometry":{"type":"Point","coordinates":[-82.0667365,41.3514966]}},
{"type":"Feature","properties":{"name":null,"chain":null,"is_major":false},"geometry":{"type":"Point","coordinates":[-82.0667354,41.3514546]}},
{"type":"Feature","properties":{"name":null,"chain":null,"is_major":false},"geometry":{"type":"Point","coordinates":[-82.0667343,41.3514147]}},
{"type":"Feature","properties":{"name":null,"chain":null,"is_major":false},"geometry":{"type":"Point","coordinates":[-81.390739,41.3499637]}},
{"type":"Feature","properties":{"name":null,"chain":null,"is_major":false},"geometry":{"type":"Point","coordinates":[-81.3907136,41.3499873]}},
{"type":"Feature","properties":{"name":null,"chain":null,"is_major":false},"geometry":{"type":"Point","coordinates":[-81.3906871,41.350012]}},
{"type":"Feature","properties":{"name":null,"chain":null,"is_major":false},"geometry":{"type":"Point","coordinates":[-81.3893711,41.3492595]}},
{"type":"Feature","properties":{"name":null,"chain":null,"is_major":false},"geometry":{"type":"Point","coordinates":[-81.3893931,41.3492291]}},
{"type":"Feature","properties":{"name":null,"chain":null,"is_major":false},"geometry":{"type":"Point","coordinates":[-81.3894145,41.3491994]}},
{"type":"Feature","properties":{"name":null,"chain":null,"is_major":false},"geometry":{"type":"Point","coordinates":[-81.7446203,41.3818541]}},
{"type":"Feature","properties":{"name":null,"chain":null,"is_major":false},"geometry":{"type":"Point","coordinates":[-81.74462,41.3818876]}},
{"type":"Feature","properties":{"name":null,"chain":null,"is_major":false},"geometry":{"type":"Point","coordinates":[-81.7446197,41.3819183]}},
{"type":"Feature","properties":{"name":null,"chain":null,"is_major":false},"geometry":{"type":"Point","coordinates":[-81.7440963,41.3818516]}},
{"type":"Feature","properties":{"name":null,"chain":null,"is_major":false},"geometry":{"type":"Point","coordinates":[-81.7440959,41.3818901]}},
{"type":"Feature","properties":{"name":null,"chain":null,"is_major":false},"geometry":{"type":"Point","coordinates":[-81.520117,41.3102938]}},
{"type":"Feature","properties":{"name":null,"chain":null,"is_major":false},"geometry":{"type":"Point","coordinates":[-81.5200734,41.3102926]}},
{"type":"Feature","properties":{"name":null,"chain":null,"is_major":false},"geometry":{"type":"Point","coordinates":[-81.5200308,41.3102914]}},
{"type":"Feature","properties":{"name":null,"chain":null,"is_major":false},"geometry":{"type":"Point","coordinates":[-81.5200476,41.3099602]}},
{"type":"Feature","properties":{"name":null,"chain":null,"is_major":false},"geometry":{"type":"Point","coordinates":[-81.5200015,41.3099592]}},
{"type":"Feature","properties":{"name":null,"chain":null,"is_major":false},"geometry":{"type":"Point","coordinates":[-81.5199567,41.3099582]}},
{"type":"Feature","properties":{"name":null,"chain":null,"is_major":false},"geometry":{"type":"Point","coordinates":[-81.4468255,41.6401976]}},
{"type":"Feature","properties":{"name":null,"chain":null,"is_major":false},"geometry":{"type":"Point","coordinates":[-81.4468253,41.6401633]}},
{"type":"Feature","properties":{"name":null,"chain":null,"is_major":false},"geometry":{"type":"Point","coordinates":[-81.4463967,41.6402015]}},
{"type":"Feature","properties":{"name":null,"chain":null,"is_major":false},"geometry":{"type":"Point","coordinates":[-81.4463965,41.6401667]}},
{"type":"Feature","properties":{"name":"ALDI","chain":"Aldi","is_major":true},"geometry":{"type":"Point","coordinates":[-82.0654556,41.3420216]}},
{"type":"Feature","properties":{"name":"ALDI","chain":"Aldi","is_major":true},"geometry":{"type":"Point","coordinates":[-81.4960635,41.4457586]}},
{"type":"Feature","properties":{"name":"A-Wing Visuals | Cleveland Video Production","chain":null,"is_major":false},"geometry":{"type":"Point","coordinates":[-81.698571,41.4992481]}},
{"type":"Feature","properties":{"name":null,"chain":null,"is_major":false},"geometry":{"type":"Point","coordinates":[-81.7437789,41.3829589]}},
{"type":"Feature","properties":{"name":"Aldi","chain":"Aldi","is_major":true},"geometry":{"type":"Point","coordinates":[-81.596041,41.3999067]}},
{"type":"Feature","properties":{"name":"IGA","chain":null,"is_major":false},"geometry":{"type":"Point","coordinates":[-82.1173417,41.2454845]}},
{"type":"Feature","properties":{"name":"Walmart Supercenter","chain":null,"is_major":false},"geometry":{"type":"Point","coordinates":[-82.223766,41.2665459]}},
{"type":"Feature","properties":{"name":null,"chain":null,"is_major":false},"geometry":{"type":"Point","coordinates":[-81.64718,41.5059426]}},
{"type":"Feature","properties":{"name":null,"chain":null,"is_major":false},"geometry":{"type":"Point","coordinates":[-81.6470756,41.5059918]}},
{"type":"Feature","properties":{"name":"Meijer","chain":"Meijer","is_major":true},"geometry":{"type":"Point","coordinates":[-81.4947512,41.5408276]}},
{"type":"Feature","properties":{"name":"BJ's Wholesale Club","chain":null,"is_major":false},"geometry":{"type":"Point","coordinates":[-82.049485,41.4635157]}},
{"type":"Feature","properties":{"name":"Meijer","chain":"Meijer","is_major":true},"geometry":{"type":"Point","coordinates":[-81.8663002,41.1583469]}},
{"type":"Feature","properties":{"name":"Aldi","chain":"Aldi","is_major":true},"geometry":{"type":"Point","coordinates":[-81.5763146,41.1110858]}},
{"type":"Feature","properties":{"name":"Meijer","chain":"Meijer","is_major":true},"geometry":{"type":"Point","coordinates":[-81.3799445,41.3518575]}},
{"type":"Feature","properties":{"name":"Aldi","chain":"Aldi","is_major":true},"geometry":{"type":"Point","coordinates":[-81.6944472,41.4066683]}},
{"type":"Feature","properties":{"name":null,"chain":null,"is_major":false},"geometry":{"type":"Point","coordinates":[-81.6829981,41.3568486]}},
{"type":"Feature","properties":{"name":null,"chain":null,"is_major":false},"geometry":{"type":"Point","coordinates":[-81.6829839,41.3561537]}},
{"type":"Feature","properties":{"name":"Roman's Grocery","chain":null,"is_major":false},"geometry":{"type":"Point","coordinates":[-82.1362989,41.4437602]}},
{"type":"Feature","properties":{"name":"Euro PV Market","chain":null,"is_major":false},"geometry":{"type":"Point","coordinates":[-81.7181711,41.3636681]}},
{"type":"Feature","properties":{"name":"Heinen's","chain":"Heinen's","is_major":true},"geometry":{"type":"Point","coordinates":[-81.440053,41.5375348]}},
{"type":"Feature","properties":{"name":"Walmart Supercenter","chain":null,"is_major":false},"geometry":{"type":"Point","coordinates":[-81.5198971,41.3099568]}},
{"type":"Feature","properties":{"name":"Heinen's","chain":"Heinen's","is_major":true},"geometry":{"type":"Point","coordinates":[-81.6235187,41.321604]}},
{"type":"Feature","properties":{"name":"Marc's","chain":"Marc's","is_major":true},"geometry":{"type":"Point","coordinates":[-81.5577618,41.3132401]}},
{"type":"Feature","properties":{"name":"Marc's","chain":"Marc's","is_major":true},"geometry":{"type":"Point","coordinates":[-81.8191122,41.4507672]}},
{"type":"Feature","properties":{"name":"Save-A-Lot","chain":null,"is_major":false},"geometry":{"type":"Point","coordinates":[-81.5818765,41.4646745]}},
{"type":"Feature","properties":{"name":"Save-A-Lot","chain":null,"is_major":false},"geometry":{"type":"Point","coordinates":[-81.7223462,41.4418702]}},
{"type":"Feature","properties":{"name":"Walmart Supercenter","chain":null,"is_major":false},"geometry":{"type":"Point","coordinates":[-81.6922652,41.4611891]}},
{"type":"Feature","properties":{"name":"Giant Eagle","chain":"Giant Eagle","is_major":true},"geometry":{"type":"Point","coordinates":[-81.4343038,41.2020618]}},
{"type":"Feature","properties":{"name":"Heinen's Fine Foods","chain":"Heinen's","is_major":true},"geometry":{"type":"Point","coordinates":[-81.4421414,41.242546]}},
{"type":"Feature","properties":{"name":"ALDI","chain":"Aldi","is_major":true},"geometry":{"type":"Point","coordinates":[-81.9078743,40.8273467]}},
{"type":"Feature","properties":{"name":"Buehlers Fresh Foods","chain":null,"is_major":false},"geometry":{"type":"Point","coordinates":[-81.8165638,41.1348315]}},
{"type":"Feature","properties":{"name":"Walmart Supercenter","chain":null,"is_major":false},"geometry":{"type":"Point","coordinates":[-81.7541943,41.4200898]}},
{"type":"Feature","properties":{"name":"Newton Falls IGA","chain":null,"is_major":false},"geometry":{"type":"Point","coordinates":[-80.971027,41.1849981]}},
{"type":"Feature","properties":{"name":null,"chain":null,"is_major":false},"geometry":{"type":"Point","coordinates":[-80.9791637,41.1903037]}},
{"type":"Feature","properties":{"name":"Walmart Supercenter","chain":null,"is_major":false},"geometry":{"type":"Point","coordinates":[-81.3843433,41.0980055]}},
{"type":"Feature","properties":{"name":"Walmart Supercenter","chain":null,"is_major":false},"geometry":{"type":"Point","coordinates":[-81.3001294,41.1561513]}},
{"type":"Feature","properties":{"name":"Marc's","chain":"Marc's","is_major":true},"geometry":{"type":"Point","coordinates":[-81.579597,41.509672]}},
{"type":"Feature","properties":{"name":"Dave's Market and eatery","chain":"Dave's","is_major":true},"geometry":{"type":"Point","coordinates":[-81.5659631,41.5065995]}},
{"type":"Feature","properties":{"name":"Buehlers","chain":null,"is_major":false},"geometry":{"type":"Point","coordinates":[-81.9447897,40.842827]}},
{"type":"Feature","properties":{"name":"Sam's Club","chain":"Sam's Club","is_major":true},"geometry":{"type":"Point","coordinates":[-81.4369532,40.8783932]}},
{"type":"Feature","properties":{"name":"Fisher's Foods","chain":null,"is_major":false},"geometry":{"type":"Point","coordinates":[-81.3933713,40.8468859]}},
{"type":"Feature","properties":{"name":"Acme Fresh Market","chain":null,"is_major":false},"geometry":{"type":"Point","coordinates":[-81.3321757,41.1565325]}},
{"type":"Feature","properties":{"name":"Dave's","chain":"Dave's","is_major":true},"geometry":{"type":"Point","coordinates":[-81.634927,41.448257]}},
{"type":"Feature","properties":{"name":"Walmart Supercenter","chain":null,"is_major":false},"geometry":{"type":"Point","coordinates":[-81.8962689,41.4177733]}},
{"type":"Feature","properties":{"name":"Giant Eagle","chain":"Giant Eagle","is_major":true},"geometry":{"type":"Point","coordinates":[-81.3474124,41.2376315]}},
{"type":"Feature","properties":{"name":"Walmart Supercenter","chain":null,"is_major":false},"geometry":{"type":"Point","coordinates":[-81.8202278,41.3464434]}},
{"type":"Feature","properties":{"name":"Save-A-Lot","chain":null,"is_major":false},"geometry":{"type":"Point","coordinates":[-81.6382901,41.518552]}},
{"type":"Feature","properties":{"name":"ALDI","chain":"Aldi","is_major":true},"geometry":{"type":"Point","coordinates":[-81.636804,41.5036672]}},
{"type":"Feature","properties":{"name":"Walmart Supercenter","chain":null,"is_major":false},"geometry":{"type":"Point","coordinates":[-81.7246244,41.052025]}},
{"type":"Feature","properties":{"name":"ALDI","chain":"Aldi","is_major":true},"geometry":{"type":"Point","coordinates":[-81.5251427,41.3151628]}},
{"type":"Feature","properties":{"name":"Walmart Supercenter","chain":null,"is_major":false},"geometry":{"type":"Point","coordinates":[-81.1603884,40.9004474]}},
{"type":"Feature","properties":{"name":"Acme Fresh Market No. 1","chain":null,"is_major":false},"geometry":{"type":"Point","coordinates":[-81.5738033,41.1129432]}},
{"type":"Feature","properties":{"name":"Szalay's","chain":null,"is_major":false},"geometry":{"type":"Point","coordinates":[-81.5729127,41.2008092]}},
{"type":"Feature","properties":{"name":"Walmart Supercenter","chain":null,"is_major":false},"geometry":{"type":"Point","coordinates":[-81.2262575,41.5855413]}},
{"type":"Feature","properties":{"name":"ALDI","chain":"Aldi","is_major":true},"geometry":{"type":"Point","coordinates":[-81.211961,41.5844967]}},
{"type":"Feature","properties":{"name":"Giant Eagle","chain":"Giant Eagle","is_major":true},"geometry":{"type":"Point","coordinates":[-81.2186534,41.5834646]}},
{"type":"Feature","properties":{"name":"Heinen's","chain":"Heinen's","is_major":true},"geometry":{"type":"Point","coordinates":[-81.218689,41.5884386]}},
{"type":"Feature","properties":{"name":"ALDI","chain":"Aldi","is_major":true},"geometry":{"type":"Point","coordinates":[-81.6375862,41.1327421]}},
{"type":"Feature","properties":{"name":"Giant Eagle","chain":"Giant Eagle","is_major":true},"geometry":{"type":"Point","coordinates":[-81.2277226,41.1587914]}},
{"type":"Feature","properties":{"name":"Giant Eagle","chain":"Giant Eagle","is_major":true},"geometry":{"type":"Point","coordinates":[-81.8323946,41.300004]}},
{"type":"Feature","properties":{"name":"Buehler's","chain":null,"is_major":false},"geometry":{"type":"Point","coordinates":[-81.482168,40.8590303]}},
{"type":"Feature","properties":{"name":"Save-A-Lot","chain":null,"is_major":false},"geometry":{"type":"Point","coordinates":[-81.7274069,41.4842106]}},
{"type":"Feature","properties":{"name":"Fisher's","chain":null,"is_major":false},"geometry":{"type":"Point","coordinates":[-81.4452863,40.8514986]}},
{"type":"Feature","properties":{"name":"Closed","chain":null,"is_major":false},"geometry":{"type":"Point","coordinates":[-82.2055173,41.293155]}},
{"type":"Feature","properties":{"name":"Giant Eagle","chain":"Giant Eagle","is_major":true},"geometry":{"type":"Point","coordinates":[-81.5692607,40.8815259]}},
{"type":"Feature","properties":{"name":"Giant Eagle","chain":"Giant Eagle","is_major":true},"geometry":{"type":"Point","coordinates":[-81.6018522,41.125982]}},
{"type":"Feature","properties":{"name":"Dave's Supermarket","chain":"Dave's","is_major":true},"geometry":{"type":"Point","coordinates":[-81.4934605,41.0712783]}},
{"type":"Feature","properties":{"name":"Shaker's MarketPlace","chain":null,"is_major":false},"geometry":{"type":"Point","coordinates":[-81.9429673,41.3719952]}},
{"type":"Feature","properties":{"name":"Marc's","chain":"Marc's","is_major":true},"geometry":{"type":"Point","coordinates":[-81.6246316,41.3186488]}},
{"type":"Feature","properties":{"name":"Costco","chain":"Costco","is_major":true},"geometry":{"type":"Point","coordinates":[-81.8157581,41.3169077]}},
{"type":"Feature","properties":{"name":"ALDI","chain":"Aldi","is_major":true},"geometry":{"type":"Point","coordinates":[-81.8337562,41.3116159]}},
{"type":"Feature","properties":{"name":"Dave's","chain":"Dave's","is_major":true},"geometry":{"type":"Point","coordinates":[-81.6139741,41.4245941]}},
{"type":"Feature","properties":{"name":"IGA","chain":null,"is_major":false},"geometry":{"type":"Point","coordinates":[-81.090681,41.2791548]}},
{"type":"Feature","properties":{"name":"Save-A-Lot","chain":null,"is_major":false},"geometry":{"type":"Point","coordinates":[-81.1004821,41.2874069]}},
{"type":"Feature","properties":{"name":"Giant Eagle","chain":"Giant Eagle","is_major":true},"geometry":{"type":"Point","coordinates":[-81.3817044,40.8339039]}},
{"type":"Feature","properties":{"name":"Walmart Supercenter","chain":null,"is_major":false},"geometry":{"type":"Point","coordinates":[-81.5408613,41.5089181]}},
{"type":"Feature","properties":{"name":"Dave's Market","chain":"Dave's","is_major":true},"geometry":{"type":"Point","coordinates":[-81.5231974,41.6097538]}},
{"type":"Feature","properties":{"name":"Save-A-Lot","chain":null,"is_major":false},"geometry":{"type":"Point","coordinates":[-81.554775,41.5380783]}},
{"type":"Feature","properties":{"name":"Fisher Foods","chain":null,"is_major":false},"geometry":{"type":"Point","coordinates":[-81.3688013,40.8120832]}},
{"type":"Feature","properties":{"name":"Classic Drive Thru","chain":null,"is_major":false},"geometry":{"type":"Point","coordinates":[-81.3726493,40.8087852]}},
{"type":"Feature","properties":{"name":"ALDI","chain":"Aldi","is_major":true},"geometry":{"type":"Point","coordinates":[-81.7699619,41.4782945]}},
{"type":"Feature","properties":{"name":"Giant Eagle","chain":"Giant Eagle","is_major":true},"geometry":{"type":"Point","coordinates":[-81.656652,41.315058]}},
{"type":"Feature","properties":{"name":"La Plaza Supermarket","chain":null,"is_major":false},"geometry":{"type":"Point","coordinates":[-81.7862368,41.4703476]}},
{"type":"Feature","properties":{"name":"Sapell's","chain":null,"is_major":false},"geometry":{"type":"Point","coordinates":[-81.7693759,41.4861236]}},
{"type":"Feature","properties":{"name":"Meijer","chain":"Meijer","is_major":true},"geometry":{"type":"Point","coordinates":[-81.7867352,41.3752684]}},
{"type":"Feature","properties":{"name":"Jim Alesci's Place","chain":null,"is_major":false},"geometry":{"type":"Point","coordinates":[-81.445513,41.388166]}},
{"type":"Feature","properties":{"name":"Market District","chain":"Giant Eagle","is_major":true},"geometry":{"type":"Point","coordinates":[-81.4366803,41.3823091]}},
{"type":"Feature","properties":{"name":"Dave's Markets - Ohio City","chain":"Dave's","is_major":true},"geometry":{"type":"Point","coordinates":[-81.706162,41.4848214]}},
{"type":"Feature","properties":{"name":"West Town Village Market","chain":null,"is_major":false},"geometry":{"type":"Point","coordinates":[-81.7682933,41.4536883]}},
{"type":"Feature","properties":{"name":"Trader Joe's","chain":"Trader Joe's","is_major":true},"geometry":{"type":"Point","coordinates":[-81.478929,41.4631694]}},
{"type":"Feature","properties":{"name":"ALDI","chain":"Aldi","is_major":true},"geometry":{"type":"Point","coordinates":[-81.4941779,41.5188227]}},
{"type":"Feature","properties":{"name":"Aldi","chain":"Aldi","is_major":true},"geometry":{"type":"Point","coordinates":[-81.49144,40.9903556]}},
{"type":"Feature","properties":{"name":"Gordon Food Service","chain":null,"is_major":false},"geometry":{"type":"Point","coordinates":[-81.768244,41.4846319]}},
{"type":"Feature","properties":{"name":"Sav-Mor Bi-Rite","chain":null,"is_major":false},"geometry":{"type":"Point","coordinates":[-81.5929988,41.5409243]}},
{"type":"Feature","properties":{"name":"Save-A-Lot","chain":null,"is_major":false},"geometry":{"type":"Point","coordinates":[-81.5506713,41.5573812]}},
{"type":"Feature","properties":{"name":null,"chain":null,"is_major":false},"geometry":{"type":"Point","coordinates":[-81.5868435,41.5387337]}},
{"type":"Feature","properties":{"name":"Giant Eagle","chain":"Giant Eagle","is_major":true},"geometry":{"type":"Point","coordinates":[-81.8041086,41.463538]}},
{"type":"Feature","properties":{"name":"Save-A-Lot","chain":null,"is_major":false},"geometry":{"type":"Point","coordinates":[-81.5982966,41.5406464]}},
{"type":"Feature","properties":{"name":"Giant Eagle","chain":"Giant Eagle","is_major":true},"geometry":{"type":"Point","coordinates":[-81.0923473,41.4648916]}},
{"type":"Feature","properties":{"name":"Walmart Supercenter","chain":null,"is_major":false},"geometry":{"type":"Point","coordinates":[-81.0851925,41.4592013]}},
{"type":"Feature","properties":{"name":"Giant Eagle","chain":"Giant Eagle","is_major":true},"geometry":{"type":"Point","coordinates":[-81.3403902,41.5234251]}},
{"type":"Feature","properties":{"name":"Walmart Supercenter","chain":null,"is_major":false},"geometry":{"type":"Point","coordinates":[-81.3621189,41.2520734]}},
{"type":"Feature","properties":{"name":"Discount Drug Mart","chain":null,"is_major":false},"geometry":{"type":"Point","coordinates":[-81.9336394,40.8058397]}},
{"type":"Feature","properties":{"name":"Buehler's Towne Market","chain":null,"is_major":false},"geometry":{"type":"Point","coordinates":[-81.9412725,40.8011758]}},
{"type":"Feature","properties":{"name":"Heinen's Fine Foods","chain":"Heinen's","is_major":true},"geometry":{"type":"Point","coordinates":[-81.3389113,41.4137456]}},
{"type":"Feature","properties":{"name":"Walmart Supercenter","chain":null,"is_major":false},"geometry":{"type":"Point","coordinates":[-81.9418801,40.8470438]}},
{"type":"Feature","properties":{"name":"Discount Drug Mart","chain":null,"is_major":false},"geometry":{"type":"Point","coordinates":[-81.6408447,41.3963798]}},
{"type":"Feature","properties":{"name":"Giant Eagle","chain":"Giant Eagle","is_major":true},"geometry":{"type":"Point","coordinates":[-81.9854304,41.4935394]}},
{"type":"Feature","properties":{"name":"Heinen's","chain":"Heinen's","is_major":true},"geometry":{"type":"Point","coordinates":[-81.3896882,41.4310497]}},
{"type":"Feature","properties":{"name":"Walmart Supercenter","chain":null,"is_major":false},"geometry":{"type":"Point","coordinates":[-82.0161625,41.4669012]}},
{"type":"Feature","properties":{"name":"Giant Eagle","chain":"Giant Eagle","is_major":true},"geometry":{"type":"Point","coordinates":[-81.9553875,41.4618312]}},
{"type":"Feature","properties":{"name":"ALDI","chain":"Aldi","is_major":true},"geometry":{"type":"Point","coordinates":[-81.2882664,41.6880312]}},
{"type":"Feature","properties":{"name":"Buehler's Fresh Foods","chain":null,"is_major":false},"geometry":{"type":"Point","coordinates":[-82.2817332,40.8602725]}},
{"type":"Feature","properties":{"name":"SweetBerry Fresh Market","chain":null,"is_major":false},"geometry":{"type":"Point","coordinates":[-81.463421,41.6136346]}},
{"type":"Feature","properties":{"name":"Discount Supermarket","chain":null,"is_major":false},"geometry":{"type":"Point","coordinates":[-81.471726,41.6071934]}},
{"type":"Feature","properties":{"name":"ALDI","chain":"Aldi","is_major":true},"geometry":{"type":"Point","coordinates":[-81.1415752,40.9012216]}},
{"type":"Feature","properties":{"name":"Walmart Supercenter","chain":null,"is_major":false},"geometry":{"type":"Point","coordinates":[-81.4468257,41.640233]}},
{"type":"Feature","properties":{"name":"Giant Eagle","chain":"Giant Eagle","is_major":true},"geometry":{"type":"Point","coordinates":[-81.4499039,41.0997214]}},
{"type":"Feature","properties":{"name":"ALDI","chain":"Aldi","is_major":true},"geometry":{"type":"Point","coordinates":[-81.4676715,41.1068847]}},
{"type":"Feature","properties":{"name":"Gordon Food Service","chain":null,"is_major":false},"geometry":{"type":"Point","coordinates":[-81.4647683,41.1025148]}},
{"type":"Feature","properties":{"name":"ALDI","chain":"Aldi","is_major":true},"geometry":{"type":"Point","coordinates":[-82.2704751,40.8576603]}},
{"type":"Feature","properties":{"name":"Las Americas","chain":null,"is_major":false},"geometry":{"type":"Point","coordinates":[-81.4975224,41.4081222]}},
{"type":"Feature","properties":{"name":"Giant Eagle","chain":"Giant Eagle","is_major":true},"geometry":{"type":"Point","coordinates":[-81.7267496,41.3148926]}},
{"type":"Feature","properties":{"name":"ALDI","chain":"Aldi","is_major":true},"geometry":{"type":"Point","coordinates":[-81.4015194,41.1593218]}},
{"type":"Feature","properties":{"name":"Walmart Supercenter","chain":null,"is_major":false},"geometry":{"type":"Point","coordinates":[-81.4805207,41.1658387]}},
{"type":"Feature","properties":{"name":"Giant Eagle","chain":"Giant Eagle","is_major":true},"geometry":{"type":"Point","coordinates":[-81.8555671,41.367434]}},
{"type":"Feature","properties":{"name":"Giant Eagle","chain":"Giant Eagle","is_major":true},"geometry":{"type":"Point","coordinates":[-82.3435311,41.4229286]}},
{"type":"Feature","properties":{"name":"Walmart Supercenter","chain":null,"is_major":false},"geometry":{"type":"Point","coordinates":[-81.389855,41.3506638]}},
{"type":"Feature","properties":{"name":"Discount Drug Mart","chain":null,"is_major":false},"geometry":{"type":"Point","coordinates":[-81.4392994,41.2249893]}},
{"type":"Feature","properties":{"name":"Giant Eagle","chain":"Giant Eagle","is_major":true},"geometry":{"type":"Point","coordinates":[-81.6947661,41.4027123]}},
{"type":"Feature","properties":{"name":"Dollar General Market","chain":null,"is_major":false},"geometry":{"type":"Point","coordinates":[-81.73533,41.4111942]}},
{"type":"Feature","properties":{"name":"Market District Supermarket","chain":null,"is_major":false},"geometry":{"type":"Point","coordinates":[-81.50701,41.1462685]}},
{"type":"Feature","properties":{"name":"Walmart Supercenter","chain":null,"is_major":false},"geometry":{"type":"Point","coordinates":[-82.2718375,40.8619024]}},
{"type":"Feature","properties":{"name":"Whole Foods Market","chain":"Whole Foods","is_major":true},"geometry":{"type":"Point","coordinates":[-81.5715084,41.1113585]}},
{"type":"Feature","properties":{"name":"Walmart Supercenter","chain":null,"is_major":false},"geometry":{"type":"Point","coordinates":[-81.3293689,40.8345528]}},
{"type":"Feature","properties":{"name":"Giant Eagle","chain":"Giant Eagle","is_major":true},"geometry":{"type":"Point","coordinates":[-81.5288541,41.3132439]}},
{"type":"Feature","properties":{"name":"Dave's","chain":"Dave's","is_major":true},"geometry":{"type":"Point","coordinates":[-81.6477496,41.5061478]}},
{"type":"Feature","properties":{"name":"Walmart Supercenter","chain":null,"is_major":false},"geometry":{"type":"Point","coordinates":[-81.0720618,41.8041287]}},
{"type":"Feature","properties":{"name":"Save-A-Lot","chain":null,"is_major":false},"geometry":{"type":"Point","coordinates":[-80.86696,41.5346685]}},
{"type":"Feature","properties":{"name":"Krieger's","chain":null,"is_major":false},"geometry":{"type":"Point","coordinates":[-81.4906041,41.1605139]}},
{"type":"Feature","properties":{"name":"Walmart Supercenter","chain":null,"is_major":false},"geometry":{"type":"Point","coordinates":[-81.7443533,41.382813]}},
{"type":"Feature","properties":{"name":"Lucky's Market","chain":null,"is_major":false},"geometry":{"type":"Point","coordinates":[-81.7676265,41.4876932]}},
{"type":"Feature","properties":{"name":"Vermilion Farm Market","chain":null,"is_major":false},"geometry":{"type":"Point","coordinates":[-82.3031352,41.4243091]}},
{"type":"Feature","properties":{"name":"Giant Eagle","chain":"Giant Eagle","is_major":true},"geometry":{"type":"Point","coordinates":[-81.688323,41.3648755]}},
{"type":"Feature","properties":{"name":"ALDI","chain":"Aldi","is_major":true},"geometry":{"type":"Point","coordinates":[-82.1129931,41.3446899]}},
{"type":"Feature","properties":{"name":"Giant Eagle","chain":"Giant Eagle","is_major":true},"geometry":{"type":"Point","coordinates":[-81.368752,40.8766409]}},
{"type":"Feature","properties":{"name":"Fresh Thyme","chain":"Fresh Thyme","is_major":true},"geometry":{"type":"Point","coordinates":[-81.9523998,41.4660682]}},
{"type":"Feature","properties":{"name":"Costco Gasoline","chain":"Costco","is_major":true},"geometry":{"type":"Point","coordinates":[-81.507448,41.2638494]}},
{"type":"Feature","properties":{"name":"Acme","chain":null,"is_major":false},"geometry":{"type":"Point","coordinates":[-81.4746382,41.1452429]}},
{"type":"Feature","properties":{"name":"Save-A-Lot","chain":null,"is_major":false},"geometry":{"type":"Point","coordinates":[-81.5489774,41.5821411]}},
{"type":"Feature","properties":{"name":"Save-A-Lot","chain":null,"is_major":false},"geometry":{"type":"Point","coordinates":[-82.0935436,41.3723662]}},
{"type":"Feature","properties":{"name":"Apples","chain":null,"is_major":false},"geometry":{"type":"Point","coordinates":[-82.0784784,41.3793084]}},
{"type":"Feature","properties":{"name":"ALDI","chain":"Aldi","is_major":true},"geometry":{"type":"Point","coordinates":[-81.7266964,41.0487845]}},
{"type":"Feature","properties":{"name":"Walmart Supercenter","chain":null,"is_major":false},"geometry":{"type":"Point","coordinates":[-81.4886189,40.9926991]}},
{"type":"Feature","properties":{"name":"Walmart Supercenter","chain":null,"is_major":false},"geometry":{"type":"Point","coordinates":[-81.8598111,41.1620145]}},
{"type":"Feature","properties":{"name":"Walmart Supercenter","chain":null,"is_major":false},"geometry":{"type":"Point","coordinates":[-82.2079527,41.4306094]}},
{"type":"Feature","properties":{"name":"Marc's","chain":"Marc's","is_major":true},"geometry":{"type":"Point","coordinates":[-82.1495268,41.4189322]}},
{"type":"Feature","properties":{"name":"Apples","chain":null,"is_major":false},"geometry":{"type":"Point","coordinates":[-82.1526593,41.420814]}},
{"type":"Feature","properties":{"name":"Meijer","chain":"Meijer","is_major":true},"geometry":{"type":"Point","coordinates":[-81.4045468,41.1587358]}},
{"type":"Feature","properties":{"name":"Giant Eagle","chain":"Giant Eagle","is_major":true},"geometry":{"type":"Point","coordinates":[-80.9464511,41.7953012]}},
{"type":"Feature","properties":{"name":"Acme Fresh Market","chain":null,"is_major":false},"geometry":{"type":"Point","coordinates":[-81.4053058,40.8926136]}},
{"type":"Feature","properties":{"name":"Marc's","chain":"Marc's","is_major":true},"geometry":{"type":"Point","coordinates":[-81.4044006,40.8974905]}},
{"type":"Feature","properties":{"name":"BJ's Wholesale Club","chain":null,"is_major":false},"geometry":{"type":"Point","coordinates":[-81.4402038,40.8814683]}},
{"type":"Feature","properties":{"name":"Giant Eagle","chain":"Giant Eagle","is_major":true},"geometry":{"type":"Point","coordinates":[-81.3367736,41.3903492]}},
{"type":"Feature","properties":{"name":"Giant Eagle","chain":"Giant Eagle","is_major":true},"geometry":{"type":"Point","coordinates":[-81.6958843,41.0455388]}},
{"type":"Feature","properties":{"name":"The Mustard Seed Market & Cafe","chain":null,"is_major":false},"geometry":{"type":"Point","coordinates":[-81.5451448,41.0976551]}},
{"type":"Feature","properties":{"name":"Giant Eagle","chain":"Giant Eagle","is_major":true},"geometry":{"type":"Point","coordinates":[-81.8615369,41.150734]}},
{"type":"Feature","properties":{"name":"Buehler's Fresh Food Supermarket","chain":null,"is_major":false},"geometry":{"type":"Point","coordinates":[-81.8607987,41.1520461]}},
{"type":"Feature","properties":{"name":"Lake Road Market","chain":null,"is_major":false},"geometry":{"type":"Point","coordinates":[-81.8454021,41.4832108]}},
{"type":"Feature","properties":{"name":"Walmart Supercenter","chain":null,"is_major":false},"geometry":{"type":"Point","coordinates":[-82.0673492,41.3504181]}},
{"type":"Feature","properties":{"name":"Meijer","chain":"Meijer","is_major":true},"geometry":{"type":"Point","coordinates":[-82.2119754,41.4193575]}},
{"type":"Feature","properties":{"name":"Save-A-Lot","chain":null,"is_major":false},"geometry":{"type":"Point","coordinates":[-81.7307583,41.0282151]}},
{"type":"Feature","properties":{"name":"ALDI","chain":"Aldi","is_major":true},"geometry":{"type":"Point","coordinates":[-81.3535577,40.9688571]}},
{"type":"Feature","properties":{"name":"Marc's","chain":"Marc's","is_major":true},"geometry":{"type":"Point","coordinates":[-81.3477428,40.9666503]}},
{"type":"Feature","properties":{"name":"Sommers Market","chain":null,"is_major":false},"geometry":{"type":"Point","coordinates":[-81.3540298,40.9672833]}},
{"type":"Feature","properties":{"name":"El Tule Mexican Grocery","chain":null,"is_major":false},"geometry":{"type":"Point","coordinates":[-81.5742889,41.0839768]}},
{"type":"Feature","properties":{"name":"Giant Eagle","chain":"Giant Eagle","is_major":true},"geometry":{"type":"Point","coordinates":[-81.3410085,41.685343]}},
{"type":"Feature","properties":{"name":"Marc's","chain":"Marc's","is_major":true},"geometry":{"type":"Point","coordinates":[-81.912744,41.4695615]}},
{"type":"Feature","properties":{"name":"RSVP","chain":null,"is_major":false},"geometry":{"type":"Point","coordinates":[-81.5679141,41.067687]}},
{"type":"Feature","properties":{"name":null,"chain":null,"is_major":false},"geometry":{"type":"Point","coordinates":[-81.3843316,41.102257]}},
{"type":"Feature","properties":{"name":"ALDI","chain":"Aldi","is_major":true},"geometry":{"type":"Point","coordinates":[-81.2216133,41.156145]}},
{"type":"Feature","properties":{"name":"Marc's","chain":"Marc's","is_major":true},"geometry":{"type":"Point","coordinates":[-81.2244131,41.1586594]}},
{"type":"Feature","properties":{"name":"Acme","chain":null,"is_major":false},"geometry":{"type":"Point","coordinates":[-81.4440262,41.0851549]}},
{"type":"Feature","properties":{"name":"Heinen's","chain":"Heinen's","is_major":true},"geometry":{"type":"Point","coordinates":[-81.8349746,41.4811636]}},
{"type":"Feature","properties":{"name":"R Spanish Imports","chain":null,"is_major":false},"geometry":{"type":"Point","coordinates":[-80.9479555,41.8055937]}},
{"type":"Feature","properties":{"name":"Giant Eagle","chain":"Giant Eagle","is_major":true},"geometry":{"type":"Point","coordinates":[-81.4688004,40.962038]}},
{"type":"Feature","properties":{"name":"Giant Eagle","chain":"Giant Eagle","is_major":true},"geometry":{"type":"Point","coordinates":[-81.8644169,41.4595667]}},
{"type":"Feature","properties":{"name":null,"chain":null,"is_major":false},"geometry":{"type":"Point","coordinates":[-81.62204,41.493799]}},
{"type":"Feature","properties":{"name":"Meijer","chain":"Meijer","is_major":true},"geometry":{"type":"Point","coordinates":[-81.6825212,41.3559309]}},
{"type":"Feature","properties":{"name":"Whole Foods Market","chain":"Whole Foods","is_major":true},"geometry":{"type":"Point","coordinates":[-81.5368471,41.5006078]}},
{"type":"Feature","properties":{"name":"M&M Wintergreens","chain":null,"is_major":false},"geometry":{"type":"Point","coordinates":[-81.716384,41.453755]}},
{"type":"Feature","properties":{"name":"Heinen's","chain":"Heinen's","is_major":true},"geometry":{"type":"Point","coordinates":[-81.5197925,41.5001148]}},
{"type":"Feature","properties":{"name":"Marc's","chain":"Marc's","is_major":true},"geometry":{"type":"Point","coordinates":[-81.8597053,41.4572264]}},
{"type":"Feature","properties":{"name":"IGA","chain":null,"is_major":false},"geometry":{"type":"Point","coordinates":[-81.9998197,41.3128946]}},
{"type":"Feature","properties":{"name":"ALDI","chain":"Aldi","is_major":true},"geometry":{"type":"Point","coordinates":[-81.4643625,40.9513653]}},
{"type":"Feature","properties":{"name":"Whole Foods Market","chain":"Whole Foods","is_major":true},"geometry":{"type":"Point","coordinates":[-81.4844315,41.4501766]}},
{"type":"Feature","properties":{"name":"Heinen's","chain":"Heinen's","is_major":true},"geometry":{"type":"Point","coordinates":[-81.3234452,41.6721966]}},
{"type":"Feature","properties":{"name":"Marc's","chain":"Marc's","is_major":true},"geometry":{"type":"Point","coordinates":[-81.2765949,41.6969012]}},
{"type":"Feature","properties":{"name":"Dave's Mercado","chain":"Dave's","is_major":true},"geometry":{"type":"Point","coordinates":[-81.7373823,41.4589684]}},
{"type":"Feature","properties":{"name":"Marc's","chain":"Marc's","is_major":true},"geometry":{"type":"Point","coordinates":[-81.3861039,40.8332875]}},
{"type":"Feature","properties":{"name":"Heinen's","chain":"Heinen's","is_major":true},"geometry":{"type":"Point","coordinates":[-81.9224535,41.483566]}},
{"type":"Feature","properties":{"name":"Gordon Food Service","chain":null,"is_major":false},"geometry":{"type":"Point","coordinates":[-81.422865,40.8466535]}},
{"type":"Feature","properties":{"name":"Marc's","chain":"Marc's","is_major":true},"geometry":{"type":"Point","coordinates":[-81.4365648,40.8514143]}},
{"type":"Feature","properties":{"name":"Aldi","chain":"Aldi","is_major":true},"geometry":{"type":"Point","coordinates":[-81.0841452,41.4618483]}},
{"type":"Feature","properties":{"name":"Sam's Club","chain":"Sam's Club","is_major":true},"geometry":{"type":"Point","coordinates":[-81.2928032,41.7177594]}},
{"type":"Feature","properties":{"name":"Heinen's","chain":"Heinen's","is_major":true},"geometry":{"type":"Point","coordinates":[-81.4383019,41.3389774]}},
{"type":"Feature","properties":{"name":"Meijer","chain":"Meijer","is_major":true},"geometry":{"type":"Point","coordinates":[-81.822063,41.2366778]}},
{"type":"Feature","properties":{"name":"ALDI","chain":"Aldi","is_major":true},"geometry":{"type":"Point","coordinates":[-81.8375254,41.2389717]}},
{"type":"Feature","properties":{"name":"Meijer","chain":"Meijer","is_major":true},"geometry":{"type":"Point","coordinates":[-81.4422995,40.8466496]}},
{"type":"Feature","properties":{"name":"Meijer","chain":"Meijer","is_major":true},"geometry":{"type":"Point","coordinates":[-81.6157044,41.4991458]}},
{"type":"Feature","properties":{"name":"Cleveland Ave Market","chain":null,"is_major":false},"geometry":{"type":"Point","coordinates":[-82.2934298,40.872779]}},
{"type":"Feature","properties":{"name":"ALDI","chain":"Aldi","is_major":true},"geometry":{"type":"Point","coordinates":[-81.5272639,41.0654414]}},
{"type":"Feature","properties":{"name":"Meijer","chain":"Meijer","is_major":true},"geometry":{"type":"Point","coordinates":[-81.9490397,40.8597892]}},
{"type":"Feature","properties":{"name":"ALDI","chain":"Aldi","is_major":true},"geometry":{"type":"Point","coordinates":[-81.855882,41.459547]}},
{"type":"Feature","properties":{"name":"ALDI","chain":"Aldi","is_major":true},"geometry":{"type":"Point","coordinates":[-81.4206913,41.6284049]}},
{"type":"Feature","properties":{"name":"ALDI","chain":"Aldi","is_major":true},"geometry":{"type":"Point","coordinates":[-81.3892613,41.1011587]}},
{"type":"Feature","properties":{"name":"Costco","chain":"Costco","is_major":true},"geometry":{"type":"Point","coordinates":[-81.4395768,40.8870225]}},
{"type":"Feature","properties":{"name":"Seven Grains","chain":null,"is_major":false},"geometry":{"type":"Point","coordinates":[-81.4456736,41.102082]}},
{"type":"Feature","properties":{"name":"Heinen's","chain":"Heinen's","is_major":true},"geometry":{"type":"Point","coordinates":[-81.4601534,41.4633696]}},
{"type":"Feature","properties":{"name":"Bonner Farms Beef & Market","chain":null,"is_major":false},"geometry":{"type":"Point","coordinates":[-81.0894946,41.3304455]}},
{"type":"Feature","properties":{"name":"Sam's Club","chain":"Sam's Club","is_major":true},"geometry":{"type":"Point","coordinates":[-81.5116949,41.3660546]}},
{"type":"Feature","properties":{"name":"DiViti's Italian Market","chain":null,"is_major":false},"geometry":{"type":"Point","coordinates":[-81.4946842,41.1020862]}},
{"type":"Feature","properties":{"name":"Acme","chain":null,"is_major":false},"geometry":{"type":"Point","coordinates":[-81.8668317,41.1142043]}},
{"type":"Feature","properties":{"name":"Meijer","chain":"Meijer","is_major":true},"geometry":{"type":"Point","coordinates":[-81.4094951,40.8939093]}},
{"type":"Feature","properties":{"name":"Meijer","chain":"Meijer","is_major":true},"geometry":{"type":"Point","coordinates":[-81.1552136,40.8992596]}},
{"type":"Feature","properties":{"name":"Aldi","chain":"Aldi","is_major":true},"geometry":{"type":"Point","coordinates":[-81.7864277,41.3809533]}},
{"type":"Feature","properties":{"name":"Heinen's","chain":"Heinen's","is_major":true},"geometry":{"type":"Point","coordinates":[-81.440036156407871,41.53783925]}},
{"type":"Feature","properties":{"name":"Walmart Supercenter","chain":null,"is_major":false},"geometry":{"type":"Point","coordinates":[-81.519325203506611,41.3098805]}},
{"type":"Feature","properties":{"name":"Heinen's","chain":"Heinen's","is_major":true},"geometry":{"type":"Point","coordinates":[-81.623390953624806,41.32120865]}},
{"type":"Feature","properties":{"name":"Marc's","chain":"Marc's","is_major":true},"geometry":{"type":"Point","coordinates":[-81.558236615468559,41.31305305]}},
{"type":"Feature","properties":{"name":"Marc's","chain":"Marc's","is_major":true},"geometry":{"type":"Point","coordinates":[-81.818956268612723,41.4504546]}},
{"type":"Feature","properties":{"name":"Save-A-Lot","chain":null,"is_major":false},"geometry":{"type":"Point","coordinates":[-81.581998786201837,41.46486805]}},
{"type":"Feature","properties":{"name":"Save-A-Lot","chain":null,"is_major":false},"geometry":{"type":"Point","coordinates":[-81.722635898397229,41.4420186]}},
{"type":"Feature","properties":{"name":"Walmart Supercenter","chain":null,"is_major":false},"geometry":{"type":"Point","coordinates":[-81.692707747864574,41.46154405]}},
{"type":"Feature","properties":{"name":"Giant Eagle","chain":"Giant Eagle","is_major":true},"geometry":{"type":"Point","coordinates":[-81.433902893625714,41.20190005]}},
{"type":"Feature","properties":{"name":"Heinen's Fine Foods","chain":"Heinen's","is_major":true},"geometry":{"type":"Point","coordinates":[-81.441870319340438,41.24258915]}},
{"type":"Feature","properties":{"name":"ALDI","chain":"Aldi","is_major":true},"geometry":{"type":"Point","coordinates":[-81.907695121880352,40.8272058]}},
{"type":"Feature","properties":{"name":"Buehlers Fresh Foods","chain":null,"is_major":false},"geometry":{"type":"Point","coordinates":[-81.81712316661924,41.13489625]}},
{"type":"Feature","properties":{"name":"Walmart Supercenter","chain":null,"is_major":false},"geometry":{"type":"Point","coordinates":[-81.75405564671928,41.42053825]}},
{"type":"Feature","properties":{"name":"Newton Falls IGA","chain":null,"is_major":false},"geometry":{"type":"Point","coordinates":[-80.970813393723049,41.1851206]}},
{"type":"Feature","properties":{"name":null,"chain":null,"is_major":false},"geometry":{"type":"Point","coordinates":[-80.978929993361774,41.19011325]}},
{"type":"Feature","properties":{"name":"Walmart Supercenter","chain":null,"is_major":false},"geometry":{"type":"Point","coordinates":[-81.3838330372852,41.09770485]}},
{"type":"Feature","properties":{"name":"Walmart Supercenter","chain":null,"is_major":false},"geometry":{"type":"Point","coordinates":[-81.299570742257444,41.1560212]}},
{"type":"Feature","properties":{"name":"Marc's","chain":"Marc's","is_major":true},"geometry":{"type":"Point","coordinates":[-81.579607242672239,41.50954465]}},
{"type":"Feature","properties":{"name":"Dave's Market and eatery","chain":"Dave's","is_major":true},"geometry":{"type":"Point","coordinates":[-81.566083974739826,41.5068387]}},
{"type":"Feature","properties":{"name":"Buehlers","chain":null,"is_major":false},"geometry":{"type":"Point","coordinates":[-81.944915209174525,40.84247555]}},
{"type":"Feature","properties":{"name":"Sam's Club","chain":"Sam's Club","is_major":true},"geometry":{"type":"Point","coordinates":[-81.437281508469596,40.878183]}},
{"type":"Feature","properties":{"name":"Fisher's Foods","chain":null,"is_major":false},"geometry":{"type":"Point","coordinates":[-81.393258754631816,40.84700715]}},
{"type":"Feature","properties":{"name":"Acme Fresh Market","chain":null,"is_major":false},"geometry":{"type":"Point","coordinates":[-81.332119919340869,41.1563924]}},
{"type":"Feature","properties":{"name":"Dave's","chain":"Dave's","is_major":true},"geometry":{"type":"Point","coordinates":[-81.634847720816225,41.448392]}},
{"type":"Feature","properties":{"name":"Walmart Supercenter","chain":null,"is_major":false},"geometry":{"type":"Point","coordinates":[-81.896877927323771,41.41780795]}},
{"type":"Feature","properties":{"name":"Giant Eagle","chain":"Giant Eagle","is_major":true},"geometry":{"type":"Point","coordinates":[-81.34732290322296,41.2374449]}},
{"type":"Feature","properties":{"name":"Walmart Supercenter","chain":null,"is_major":false},"geometry":{"type":"Point","coordinates":[-81.819723651299199,41.3463137]}},
{"type":"Feature","properties":{"name":"Save-A-Lot","chain":null,"is_major":false},"geometry":{"type":"Point","coordinates":[-81.638087845794985,41.5187586]}},
{"type":"Feature","properties":{"name":"ALDI","chain":"Aldi","is_major":true},"geometry":{"type":"Point","coordinates":[-81.636516357360321,41.5035825]}},
{"type":"Feature","properties":{"name":"Walmart Supercenter","chain":null,"is_major":false},"geometry":{"type":"Point","coordinates":[-81.725006253193868,41.05268845]}},
{"type":"Feature","properties":{"name":"ALDI","chain":"Aldi","is_major":true},"geometry":{"type":"Point","coordinates":[-81.525253097122885,41.31494945]}},
{"type":"Feature","properties":{"name":"Walmart Supercenter","chain":null,"is_major":false},"geometry":{"type":"Point","coordinates":[-81.160842490907925,40.9000248]}},
{"type":"Feature","properties":{"name":"Acme Fresh Market No. 1","chain":null,"is_major":false},"geometry":{"type":"Point","coordinates":[-81.574252776530443,41.1130215]}},
{"type":"Feature","properties":{"name":"Szalay's","chain":null,"is_major":false},"geometry":{"type":"Point","coordinates":[-81.573035626151153,41.20085955]}},
{"type":"Feature","properties":{"name":"Walmart Supercenter","chain":null,"is_major":false},"geometry":{"type":"Point","coordinates":[-81.226456077962297,41.5862626]}},
{"type":"Feature","properties":{"name":"ALDI","chain":"Aldi","is_major":true},"geometry":{"type":"Point","coordinates":[-81.211744356570108,41.5846188]}},
{"type":"Feature","properties":{"name":"Giant Eagle","chain":"Giant Eagle","is_major":true},"geometry":{"type":"Point","coordinates":[-81.218225047884403,41.58356625]}},
{"type":"Feature","properties":{"name":"Heinen's","chain":"Heinen's","is_major":true},"geometry":{"type":"Point","coordinates":[-81.218786386993628,41.5881486]}},
{"type":"Feature","properties":{"name":"ALDI","chain":"Aldi","is_major":true},"geometry":{"type":"Point","coordinates":[-81.637696603322709,41.13260555]}},
{"type":"Feature","properties":{"name":"Giant Eagle","chain":"Giant Eagle","is_major":true},"geometry":{"type":"Point","coordinates":[-81.227763785304063,41.15906105]}},
{"type":"Feature","properties":{"name":"Giant Eagle","chain":"Giant Eagle","is_major":true},"geometry":{"type":"Point","coordinates":[-81.832551787609788,41.30026515]}},
{"type":"Feature","properties":{"name":"Buehler's","chain":null,"is_major":false},"geometry":{"type":"Point","coordinates":[-81.481704148897549,40.8591023]}},
{"type":"Feature","properties":{"name":"Save-A-Lot","chain":null,"is_major":false},"geometry":{"type":"Point","coordinates":[-81.727370790333367,41.48446825]}},
{"type":"Feature","properties":{"name":"Fisher's","chain":null,"is_major":false},"geometry":{"type":"Point","coordinates":[-81.44530199142163,40.85124805]}},
{"type":"Feature","properties":{"name":"Closed","chain":null,"is_major":false},"geometry":{"type":"Point","coordinates":[-82.20535897944896,41.293043]}},
{"type":"Feature","properties":{"name":"Giant Eagle","chain":"Giant Eagle","is_major":true},"geometry":{"type":"Point","coordinates":[-81.569558481848162,40.8817042]}},
{"type":"Feature","properties":{"name":"Giant Eagle","chain":"Giant Eagle","is_major":true},"geometry":{"type":"Point","coordinates":[-81.602222112205098,41.126279]}},
{"type":"Feature","properties":{"name":"Dave's Supermarket","chain":"Dave's","is_major":true},"geometry":{"type":"Point","coordinates":[-81.493556837113559,41.07154475]}},
{"type":"Feature","properties":{"name":"Shaker's MarketPlace","chain":null,"is_major":false},"geometry":{"type":"Point","coordinates":[-81.942491402111642,41.3720796]}},
{"type":"Feature","properties":{"name":"Marc's","chain":"Marc's","is_major":true},"geometry":{"type":"Point","coordinates":[-81.624811027630329,41.3188822]}},
{"type":"Feature","properties":{"name":"Costco","chain":"Costco","is_major":true},"geometry":{"type":"Point","coordinates":[-81.815394168304692,41.3173225]}},
{"type":"Feature","properties":{"name":"ALDI","chain":"Aldi","is_major":true},"geometry":{"type":"Point","coordinates":[-81.833945410371271,41.3117482]}},
{"type":"Feature","properties":{"name":"Dave's","chain":"Dave's","is_major":true},"geometry":{"type":"Point","coordinates":[-81.613511957947154,41.4246187]}},
{"type":"Feature","properties":{"name":"IGA","chain":null,"is_major":false},"geometry":{"type":"Point","coordinates":[-81.090836572982425,41.2790388]}},
{"type":"Feature","properties":{"name":"Save-A-Lot","chain":null,"is_major":false},"geometry":{"type":"Point","coordinates":[-81.100438099844098,41.28758645]}},
{"type":"Feature","properties":{"name":"Giant Eagle","chain":"Giant Eagle","is_major":true},"geometry":{"type":"Point","coordinates":[-81.381628457432043,40.8342747]}},
{"type":"Feature","properties":{"name":"Walmart Supercenter","chain":null,"is_major":false},"geometry":{"type":"Point","coordinates":[-81.540361241412114,41.50884455]}},
{"type":"Feature","properties":{"name":"Dave's Market","chain":"Dave's","is_major":true},"geometry":{"type":"Point","coordinates":[-81.523446760659652,41.609519]}},
{"type":"Feature","properties":{"name":"Save-A-Lot","chain":null,"is_major":false},"geometry":{"type":"Point","coordinates":[-81.554902476501667,41.5379897]}},
{"type":"Feature","properties":{"name":"Fisher Foods","chain":null,"is_major":false},"geometry":{"type":"Point","coordinates":[-81.368579796263191,40.81205635]}},
{"type":"Feature","properties":{"name":"Classic Drive Thru","chain":null,"is_major":false},"geometry":{"type":"Point","coordinates":[-81.372513123718761,40.80873775]}},
{"type":"Feature","properties":{"name":"ALDI","chain":"Aldi","is_major":true},"geometry":{"type":"Point","coordinates":[-81.769885115927622,41.47820475]}},
{"type":"Feature","properties":{"name":"Giant Eagle","chain":"Giant Eagle","is_major":true},"geometry":{"type":"Point","coordinates":[-81.656226884188669,41.3151135]}},
{"type":"Feature","properties":{"name":"La Plaza Supermarket","chain":null,"is_major":false},"geometry":{"type":"Point","coordinates":[-81.786086486037945,41.47019275]}},
{"type":"Feature","properties":{"name":"Sapell's","chain":null,"is_major":false},"geometry":{"type":"Point","coordinates":[-81.769131296560872,41.4860292]}},
{"type":"Feature","properties":{"name":"Meijer","chain":"Meijer","is_major":true},"geometry":{"type":"Point","coordinates":[-81.786585758694869,41.37475645]}},
{"type":"Feature","properties":{"name":"Jim Alesci's Place","chain":null,"is_major":false},"geometry":{"type":"Point","coordinates":[-81.445367129626248,41.38829065]}},
{"type":"Feature","properties":{"name":"Market District","chain":"Giant Eagle","is_major":true},"geometry":{"type":"Point","coordinates":[-81.436554086928481,41.3818687]}},
{"type":"Feature","properties":{"name":"Dave's Markets - Ohio City","chain":"Dave's","is_major":true},"geometry":{"type":"Point","coordinates":[-81.705962115918993,41.4848984]}},
{"type":"Feature","properties":{"name":"Munchies Market","chain":null,"is_major":false},"geometry":{"type":"Point","coordinates":[-81.342740420667965,41.1510843]}},
{"type":"Feature","properties":{"name":"West Town Village Market","chain":null,"is_major":false},"geometry":{"type":"Point","coordinates":[-81.768507249819947,41.45377165]}},
{"type":"Feature","properties":{"name":"Trader Joe's","chain":"Trader Joe's","is_major":true},"geometry":{"type":"Point","coordinates":[-81.47910965,41.46334095]}},
{"type":"Feature","properties":{"name":"ALDI","chain":"Aldi","is_major":true},"geometry":{"type":"Point","coordinates":[-81.494511086102477,41.51889295]}},
{"type":"Feature","properties":{"name":"Eastway Market","chain":null,"is_major":false},"geometry":{"type":"Point","coordinates":[-81.33927458517806,41.1476025]}},
{"type":"Feature","properties":{"name":"Aldi","chain":"Aldi","is_major":true},"geometry":{"type":"Point","coordinates":[-81.49150252425234,40.9905665]}},
{"type":"Feature","properties":{"name":"Gordon Food Service","chain":null,"is_major":false},"geometry":{"type":"Point","coordinates":[-81.768055305832959,41.48471695]}},
{"type":"Feature","properties":{"name":"Sav-Mor Bi-Rite","chain":null,"is_major":false},"geometry":{"type":"Point","coordinates":[-81.5932647,41.54121865]}},
{"type":"Feature","properties":{"name":"Save-A-Lot","chain":null,"is_major":false},"geometry":{"type":"Point","coordinates":[-81.55091417037471,41.5573227]}},
{"type":"Feature","properties":{"name":null,"chain":null,"is_major":false},"geometry":{"type":"Point","coordinates":[-81.586950575561559,41.53851045]}},
{"type":"Feature","properties":{"name":"Giant Eagle","chain":"Giant Eagle","is_major":true},"geometry":{"type":"Point","coordinates":[-81.803787463528124,41.4634104]}},
{"type":"Feature","properties":{"name":"Save-A-Lot","chain":null,"is_major":false},"geometry":{"type":"Point","coordinates":[-81.598334267009164,41.54073625]}},
{"type":"Feature","properties":{"name":"Giant Eagle","chain":"Giant Eagle","is_major":true},"geometry":{"type":"Point","coordinates":[-81.092393829594116,41.4647417]}},
{"type":"Feature","properties":{"name":"Walmart Supercenter","chain":null,"is_major":false},"geometry":{"type":"Point","coordinates":[-81.085456804288299,41.4586829]}},
{"type":"Feature","properties":{"name":"Giant Eagle","chain":"Giant Eagle","is_major":true},"geometry":{"type":"Point","coordinates":[-81.340260866148981,41.52365005]}},
{"type":"Feature","properties":{"name":"Walmart Supercenter","chain":null,"is_major":false},"geometry":{"type":"Point","coordinates":[-81.362141706062914,41.25261205]}},
{"type":"Feature","properties":{"name":"Discount Drug Mart","chain":null,"is_major":false},"geometry":{"type":"Point","coordinates":[-81.933928993924098,40.8057413]}},
{"type":"Feature","properties":{"name":"Buehler's Towne Market","chain":null,"is_major":false},"geometry":{"type":"Point","coordinates":[-81.941473156361297,40.8013887]}},
{"type":"Feature","properties":{"name":"Heinen's Fine Foods","chain":"Heinen's","is_major":true},"geometry":{"type":"Point","coordinates":[-81.338899234100666,41.41348905]}},
{"type":"Feature","properties":{"name":"Walmart Supercenter","chain":null,"is_major":false},"geometry":{"type":"Point","coordinates":[-81.941693201091937,40.8477935]}},
{"type":"Feature","properties":{"name":"Discount Drug Mart","chain":null,"is_major":false},"geometry":{"type":"Point","coordinates":[-81.640660225465666,41.3961937]}},
{"type":"Feature","properties":{"name":"Giant Eagle","chain":"Giant Eagle","is_major":true},"geometry":{"type":"Point","coordinates":[-81.98582676309266,41.4938032]}},
{"type":"Feature","properties":{"name":"Heinen's","chain":"Heinen's","is_major":true},"geometry":{"type":"Point","coordinates":[-81.389473503228515,41.43128615]}},
{"type":"Feature","properties":{"name":"Walmart Supercenter","chain":null,"is_major":false},"geometry":{"type":"Point","coordinates":[-82.016003647309077,41.4663957]}},
{"type":"Feature","properties":{"name":"Giant Eagle","chain":"Giant Eagle","is_major":true},"geometry":{"type":"Point","coordinates":[-81.955535933767038,41.46146525]}},
{"type":"Feature","properties":{"name":"ALDI","chain":"Aldi","is_major":true},"geometry":{"type":"Point","coordinates":[-81.28839535,41.68829615]}},
{"type":"Feature","properties":{"name":"Buehler's Fresh Foods","chain":null,"is_major":false},"geometry":{"type":"Point","coordinates":[-82.281357615933487,40.860188]}},
{"type":"Feature","properties":{"name":"SweetBerry Fresh Market","chain":null,"is_major":false},"geometry":{"type":"Point","coordinates":[-81.463479447090634,41.613843]}},
{"type":"Feature","properties":{"name":"Discount Supermarket","chain":null,"is_major":false},"geometry":{"type":"Point","coordinates":[-81.47171165,41.60739945]}},
{"type":"Feature","properties":{"name":"ALDI","chain":"Aldi","is_major":true},"geometry":{"type":"Point","coordinates":[-81.141720315719368,40.90108475]}},
{"type":"Feature","properties":{"name":"Walmart Supercenter","chain":null,"is_major":false},"geometry":{"type":"Point","coordinates":[-81.446881102253542,41.64070005]}},
{"type":"Feature","properties":{"name":"Giant Eagle","chain":"Giant Eagle","is_major":true},"geometry":{"type":"Point","coordinates":[-81.449933583857614,41.0999566]}},
{"type":"Feature","properties":{"name":"ALDI","chain":"Aldi","is_major":true},"geometry":{"type":"Point","coordinates":[-81.467364890537297,41.1069818]}},
{"type":"Feature","properties":{"name":"Gordon Food Service","chain":null,"is_major":false},"geometry":{"type":"Point","coordinates":[-81.464892848754317,41.1026325]}},
{"type":"Feature","properties":{"name":"ALDI","chain":"Aldi","is_major":true},"geometry":{"type":"Point","coordinates":[-82.270644970009357,40.8575498]}},
{"type":"Feature","properties":{"name":"Las Americas","chain":null,"is_major":false},"geometry":{"type":"Point","coordinates":[-81.497420073915663,41.4082462]}},
{"type":"Feature","properties":{"name":"Giant Eagle","chain":"Giant Eagle","is_major":true},"geometry":{"type":"Point","coordinates":[-81.72637945,41.3150921]}},
{"type":"Feature","properties":{"name":"ALDI","chain":"Aldi","is_major":true},"geometry":{"type":"Point","coordinates":[-81.401641745732164,41.15920725]}},
{"type":"Feature","properties":{"name":"Walmart Supercenter","chain":null,"is_major":false},"geometry":{"type":"Point","coordinates":[-81.479950279128701,41.1656278]}},
{"type":"Feature","properties":{"name":"Giant Eagle","chain":"Giant Eagle","is_major":true},"geometry":{"type":"Point","coordinates":[-81.855916152065106,41.3672794]}},
{"type":"Feature","properties":{"name":"Giant Eagle","chain":"Giant Eagle","is_major":true},"geometry":{"type":"Point","coordinates":[-82.343594165614917,41.4230511]}},
{"type":"Feature","properties":{"name":"Walmart Supercenter","chain":null,"is_major":false},"geometry":{"type":"Point","coordinates":[-81.389868206384676,41.35004475]}},
{"type":"Feature","properties":{"name":"Discount Drug Mart","chain":null,"is_major":false},"geometry":{"type":"Point","coordinates":[-81.439288643148316,41.22464135]}},
{"type":"Feature","properties":{"name":"Giant Eagle","chain":"Giant Eagle","is_major":true},"geometry":{"type":"Point","coordinates":[-81.694778715270274,41.40289925]}},
{"type":"Feature","properties":{"name":"Dollar General Market","chain":null,"is_major":false},"geometry":{"type":"Point","coordinates":[-81.735076931012102,41.41099765]}},
{"type":"Feature","properties":{"name":"Market District Supermarket","chain":null,"is_major":false},"geometry":{"type":"Point","coordinates":[-81.506839921150458,41.14659125]}},
{"type":"Feature","properties":{"name":"Walmart Supercenter","chain":null,"is_major":false},"geometry":{"type":"Point","coordinates":[-82.271358605263174,40.862027]}},
{"type":"Feature","properties":{"name":"Whole Foods Market","chain":"Whole Foods","is_major":true},"geometry":{"type":"Point","coordinates":[-81.571409639989895,41.1109905]}},
{"type":"Feature","properties":{"name":"Walmart Supercenter","chain":null,"is_major":false},"geometry":{"type":"Point","coordinates":[-81.329087285676394,40.8340679]}},
{"type":"Feature","properties":{"name":"Giant Eagle","chain":"Giant Eagle","is_major":true},"geometry":{"type":"Point","coordinates":[-81.529244279953588,41.3131877]}},
{"type":"Feature","properties":{"name":"Dave's","chain":"Dave's","is_major":true},"geometry":{"type":"Point","coordinates":[-81.647399404755447,41.5060761]}},
{"type":"Feature","properties":{"name":"Walmart Supercenter","chain":null,"is_major":false},"geometry":{"type":"Point","coordinates":[-81.07196480182651,41.8046765]}},
{"type":"Feature","properties":{"name":"Save-A-Lot","chain":null,"is_major":false},"geometry":{"type":"Point","coordinates":[-80.867175,41.5345287]}},
{"type":"Feature","properties":{"name":"Krieger's","chain":null,"is_major":false},"geometry":{"type":"Point","coordinates":[-81.490599600068492,41.16030755]}},
{"type":"Feature","properties":{"name":"Walmart Supercenter","chain":null,"is_major":false},"geometry":{"type":"Point","coordinates":[-81.744320372666579,41.3823327]}},
{"type":"Feature","properties":{"name":"Lucky's Market","chain":null,"is_major":false},"geometry":{"type":"Point","coordinates":[-81.767908089609094,41.4877647]}},
{"type":"Feature","properties":{"name":"Vermilion Farm Market","chain":null,"is_major":false},"geometry":{"type":"Point","coordinates":[-82.303236243702941,41.4243337]}},
{"type":"Feature","properties":{"name":"Giant Eagle","chain":"Giant Eagle","is_major":true},"geometry":{"type":"Point","coordinates":[-81.688016686826728,41.3647852]}},
{"type":"Feature","properties":{"name":"ALDI","chain":"Aldi","is_major":true},"geometry":{"type":"Point","coordinates":[-82.112674199008268,41.34454335]}},
{"type":"Feature","properties":{"name":"Giant Eagle","chain":"Giant Eagle","is_major":true},"geometry":{"type":"Point","coordinates":[-81.368772697272874,40.8762282]}},
{"type":"Feature","properties":{"name":"Fresh Thyme","chain":"Fresh Thyme","is_major":true},"geometry":{"type":"Point","coordinates":[-81.952601649168898,41.4658141]}},
{"type":"Feature","properties":{"name":"Costco Gasoline","chain":"Costco","is_major":true},"geometry":{"type":"Point","coordinates":[-81.50738875,41.2636744]}},
{"type":"Feature","properties":{"name":"Acme","chain":null,"is_major":false},"geometry":{"type":"Point","coordinates":[-81.474929555546808,41.14535895]}},
{"type":"Feature","properties":{"name":"Save-A-Lot","chain":null,"is_major":false},"geometry":{"type":"Point","coordinates":[-81.549064828957995,41.5822397]}},
{"type":"Feature","properties":{"name":"Save-A-Lot","chain":null,"is_major":false},"geometry":{"type":"Point","coordinates":[-82.09336406888373,41.37246925]}},
{"type":"Feature","properties":{"name":"Apples","chain":null,"is_major":false},"geometry":{"type":"Point","coordinates":[-82.078232386882348,41.37906985]}},
{"type":"Feature","properties":{"name":"ALDI","chain":"Aldi","is_major":true},"geometry":{"type":"Point","coordinates":[-81.726596608114292,41.0489849]}},
{"type":"Feature","properties":{"name":"Walmart Supercenter","chain":null,"is_major":false},"geometry":{"type":"Point","coordinates":[-81.489190867509791,40.9925745]}},
{"type":"Feature","properties":{"name":"Walmart Supercenter","chain":null,"is_major":false},"geometry":{"type":"Point","coordinates":[-81.859273162808364,41.16195375]}},
{"type":"Feature","properties":{"name":"Walmart Supercenter","chain":null,"is_major":false},"geometry":{"type":"Point","coordinates":[-82.20807308524283,41.43019275]}},
{"type":"Feature","properties":{"name":"Marc's","chain":"Marc's","is_major":true},"geometry":{"type":"Point","coordinates":[-82.149734319559457,41.41873565]}},
{"type":"Feature","properties":{"name":"Apples","chain":null,"is_major":false},"geometry":{"type":"Point","coordinates":[-82.152625459698427,41.4204948]}},
{"type":"Feature","properties":{"name":"Meijer","chain":"Meijer","is_major":true},"geometry":{"type":"Point","coordinates":[-81.404809980145444,41.15928485]}},
{"type":"Feature","properties":{"name":"Giant Eagle","chain":"Giant Eagle","is_major":true},"geometry":{"type":"Point","coordinates":[-80.9461545526012,41.79524715]}},
{"type":"Feature","properties":{"name":"Acme Fresh Market","chain":null,"is_major":false},"geometry":{"type":"Point","coordinates":[-81.404857561335788,40.89270545]}},
{"type":"Feature","properties":{"name":"Marc's","chain":"Marc's","is_major":true},"geometry":{"type":"Point","coordinates":[-81.404408019827997,40.89719275]}},
{"type":"Feature","properties":{"name":"BJ's Wholesale Club","chain":null,"is_major":false},"geometry":{"type":"Point","coordinates":[-81.439792024043371,40.88181655]}},
{"type":"Feature","properties":{"name":"Giant Eagle","chain":"Giant Eagle","is_major":true},"geometry":{"type":"Point","coordinates":[-81.337149371077942,41.3902184]}},
{"type":"Feature","properties":{"name":"Giant Eagle","chain":"Giant Eagle","is_major":true},"geometry":{"type":"Point","coordinates":[-81.695757395004165,41.0451943]}},
{"type":"Feature","properties":{"name":"The Mustard Seed Market & Cafe","chain":null,"is_major":false},"geometry":{"type":"Point","coordinates":[-81.545033601865882,41.09749695]}},
{"type":"Feature","properties":{"name":"Giant Eagle","chain":"Giant Eagle","is_major":true},"geometry":{"type":"Point","coordinates":[-81.861125047478438,41.1506376]}},
{"type":"Feature","properties":{"name":"Buehler's Fresh Food Supermarket","chain":null,"is_major":false},"geometry":{"type":"Point","coordinates":[-81.861141973918308,41.1518689]}},
{"type":"Feature","properties":{"name":"Lake Road Market","chain":null,"is_major":false},"geometry":{"type":"Point","coordinates":[-81.845491762484926,41.48332945]}},
{"type":"Feature","properties":{"name":"Walmart Supercenter","chain":null,"is_major":false},"geometry":{"type":"Point","coordinates":[-82.067191304365622,41.35090895]}},
{"type":"Feature","properties":{"name":"Meijer","chain":"Meijer","is_major":true},"geometry":{"type":"Point","coordinates":[-82.212202056764625,41.4199343]}},
{"type":"Feature","properties":{"name":"Save-A-Lot","chain":null,"is_major":false},"geometry":{"type":"Point","coordinates":[-81.7304625,41.0283468]}},
{"type":"Feature","properties":{"name":"ALDI","chain":"Aldi","is_major":true},"geometry":{"type":"Point","coordinates":[-81.353509546372806,40.96868185]}},
{"type":"Feature","properties":{"name":"Marc's","chain":"Marc's","is_major":true},"geometry":{"type":"Point","coordinates":[-81.347392822906471,40.9665396]}},
{"type":"Feature","properties":{"name":"Sommers Market","chain":null,"is_major":false},"geometry":{"type":"Point","coordinates":[-81.354215772515147,40.9672008]}},
{"type":"Feature","properties":{"name":"El Tule Mexican Grocery","chain":null,"is_major":false},"geometry":{"type":"Point","coordinates":[-81.574261982466567,41.08408]}},
{"type":"Feature","properties":{"name":"Giant Eagle","chain":"Giant Eagle","is_major":true},"geometry":{"type":"Point","coordinates":[-81.341005478433686,41.68515505]}},
{"type":"Feature","properties":{"name":"Marc's","chain":"Marc's","is_major":true},"geometry":{"type":"Point","coordinates":[-81.912664682969364,41.4697843]}},
{"type":"Feature","properties":{"name":"RSVP","chain":null,"is_major":false},"geometry":{"type":"Point","coordinates":[-81.56822525,41.0674864]}},
{"type":"Feature","properties":{"name":null,"chain":null,"is_major":false},"geometry":{"type":"Point","coordinates":[-81.384591750578323,41.1028201]}},
{"type":"Feature","properties":{"name":"ALDI","chain":"Aldi","is_major":true},"geometry":{"type":"Point","coordinates":[-81.221492724707332,41.1563494]}},
{"type":"Feature","properties":{"name":"Marc's","chain":"Marc's","is_major":true},"geometry":{"type":"Point","coordinates":[-81.224469802306885,41.1584131]}},
{"type":"Feature","properties":{"name":"Acme","chain":null,"is_major":false},"geometry":{"type":"Point","coordinates":[-81.444085063011698,41.08547205]}},
{"type":"Feature","properties":{"name":"Heinen's","chain":"Heinen's","is_major":true},"geometry":{"type":"Point","coordinates":[-81.834910561887028,41.48146975]}},
{"type":"Feature","properties":{"name":"R Spanish Imports","chain":null,"is_major":false},"geometry":{"type":"Point","coordinates":[-80.947764822758145,41.8054904]}},
{"type":"Feature","properties":{"name":"Giant Eagle","chain":"Giant Eagle","is_major":true},"geometry":{"type":"Point","coordinates":[-81.469191012019223,40.96205565]}},
{"type":"Feature","properties":{"name":"Giant Eagle","chain":"Giant Eagle","is_major":true},"geometry":{"type":"Point","coordinates":[-81.864540984517674,41.45977605]}},
{"type":"Feature","properties":{"name":null,"chain":null,"is_major":false},"geometry":{"type":"Point","coordinates":[-81.622012251111101,41.493687]}},
{"type":"Feature","properties":{"name":"Meijer","chain":"Meijer","is_major":true},"geometry":{"type":"Point","coordinates":[-81.682284594379496,41.35651125]}},
{"type":"Feature","properties":{"name":"Whole Foods Market","chain":"Whole Foods","is_major":true},"geometry":{"type":"Point","coordinates":[-81.536910768613012,41.50082165]}},
{"type":"Feature","properties":{"name":"M&M Wintergreens","chain":null,"is_major":false},"geometry":{"type":"Point","coordinates":[-81.71628059468766,41.45359]}},
{"type":"Feature","properties":{"name":"Heinen's","chain":"Heinen's","is_major":true},"geometry":{"type":"Point","coordinates":[-81.520034119349319,41.5003176]}},
{"type":"Feature","properties":{"name":"Marc's","chain":"Marc's","is_major":true},"geometry":{"type":"Point","coordinates":[-81.859683983448065,41.4574857]}},
{"type":"Feature","properties":{"name":"IGA","chain":null,"is_major":false},"geometry":{"type":"Point","coordinates":[-82.000095701519712,41.31271465]}},
{"type":"Feature","properties":{"name":"ALDI","chain":"Aldi","is_major":true},"geometry":{"type":"Point","coordinates":[-81.464604324466848,40.9511383]}},
{"type":"Feature","properties":{"name":"Whole Foods Market","chain":"Whole Foods","is_major":true},"geometry":{"type":"Point","coordinates":[-81.484863303872487,41.45011315]}},
{"type":"Feature","properties":{"name":"Heinen's","chain":"Heinen's","is_major":true},"geometry":{"type":"Point","coordinates":[-81.323258622820944,41.67253685]}},
{"type":"Feature","properties":{"name":"Marc's","chain":"Marc's","is_major":true},"geometry":{"type":"Point","coordinates":[-81.276787433545309,41.6970789]}},
{"type":"Feature","properties":{"name":"Dave's Mercado","chain":"Dave's","is_major":true},"geometry":{"type":"Point","coordinates":[-81.737312879531686,41.4592468]}},
{"type":"Feature","properties":{"name":"Marc's","chain":"Marc's","is_major":true},"geometry":{"type":"Point","coordinates":[-81.386396581513594,40.8330405]}},
{"type":"Feature","properties":{"name":"Heinen's","chain":"Heinen's","is_major":true},"geometry":{"type":"Point","coordinates":[-81.922077306642478,41.48364735]}},
{"type":"Feature","properties":{"name":"Gordon Food Service","chain":null,"is_major":false},"geometry":{"type":"Point","coordinates":[-81.422801764141283,40.846743]}},
{"type":"Feature","properties":{"name":"Marc's","chain":"Marc's","is_major":true},"geometry":{"type":"Point","coordinates":[-81.436287439302674,40.8515275]}},
{"type":"Feature","properties":{"name":"Aldi","chain":"Aldi","is_major":true},"geometry":{"type":"Point","coordinates":[-81.084363425446583,41.4619543]}},
{"type":"Feature","properties":{"name":"Sam's Club","chain":"Sam's Club","is_major":true},"geometry":{"type":"Point","coordinates":[-81.292933780517387,41.71727665]}},
{"type":"Feature","properties":{"name":"Heinen's","chain":"Heinen's","is_major":true},"geometry":{"type":"Point","coordinates":[-81.437988217248375,41.3393072]}},
{"type":"Feature","properties":{"name":"Meijer","chain":"Meijer","is_major":true},"geometry":{"type":"Point","coordinates":[-81.82170794965846,41.2361641]}},
{"type":"Feature","properties":{"name":"ALDI","chain":"Aldi","is_major":true},"geometry":{"type":"Point","coordinates":[-81.837709670472435,41.23913705]}},
{"type":"Feature","properties":{"name":"Meijer","chain":"Meijer","is_major":true},"geometry":{"type":"Point","coordinates":[-81.442532465779124,40.84613375]}},
{"type":"Feature","properties":{"name":"Meijer","chain":"Meijer","is_major":true},"geometry":{"type":"Point","coordinates":[-81.61577986592502,41.4988849]}},
{"type":"Feature","properties":{"name":"Cleveland Ave Market","chain":null,"is_major":false},"geometry":{"type":"Point","coordinates":[-82.293556269911534,40.87274175]}},
{"type":"Feature","properties":{"name":"ALDI","chain":"Aldi","is_major":true},"geometry":{"type":"Point","coordinates":[-81.527422949142419,41.06529115]}},
{"type":"Feature","properties":{"name":"Meijer","chain":"Meijer","is_major":true},"geometry":{"type":"Point","coordinates":[-81.94896036057068,40.8591961]}},
{"type":"Feature","properties":{"name":"ALDI","chain":"Aldi","is_major":true},"geometry":{"type":"Point","coordinates":[-81.855956978443757,41.4597791]}},
{"type":"Feature","properties":{"name":"ALDI","chain":"Aldi","is_major":true},"geometry":{"type":"Point","coordinates":[-81.420574106513385,41.62854615]}},
{"type":"Feature","properties":{"name":"ALDI","chain":"Aldi","is_major":true},"geometry":{"type":"Point","coordinates":[-81.389437247681357,41.1009484]}},
{"type":"Feature","properties":{"name":"Costco","chain":"Costco","is_major":true},"geometry":{"type":"Point","coordinates":[-81.439892371925282,40.8866318]}},
{"type":"Feature","properties":{"name":"Seven Grains","chain":null,"is_major":false},"geometry":{"type":"Point","coordinates":[-81.445776179286469,41.1019892]}},
{"type":"Feature","properties":{"name":"Heinen's","chain":"Heinen's","is_major":true},"geometry":{"type":"Point","coordinates":[-81.460063037508903,41.46317785]}},
{"type":"Feature","properties":{"name":"Bonner Farms Beef & Market","chain":null,"is_major":false},"geometry":{"type":"Point","coordinates":[-81.089347289194365,41.33058535]}},
{"type":"Feature","properties":{"name":"Sam's Club","chain":"Sam's Club","is_major":true},"geometry":{"type":"Point","coordinates":[-81.512361319467573,41.36618675]}},
{"type":"Feature","properties":{"name":"DiViti's Italian Market","chain":null,"is_major":false},"geometry":{"type":"Point","coordinates":[-81.494750014514494,41.1020083]}},
{"type":"Feature","properties":{"name":"Acme","chain":null,"is_major":false},"geometry":{"type":"Point","coordinates":[-81.866469391473203,41.11426625]}},
{"type":"Feature","properties":{"name":"Meijer","chain":"Meijer","is_major":true},"geometry":{"type":"Point","coordinates":[-81.409321652085936,40.8933496]}},
{"type":"Feature","properties":{"name":"Meijer","chain":"Meijer","is_major":true},"geometry":{"type":"Point","coordinates":[-81.15454207820865,40.8995546]}},
{"type":"Feature","properties":{"name":"Aldi","chain":"Aldi","is_major":true},"geometry":{"type":"Point","coordinates":[-81.786593267448012,41.3806946]}}
]
}
