{
"type": "FeatureCollection",
"name": "housing",
"crs": { "type": "name", "properties": { "name": "urn:ogc:def:crs:OGC:1.3:CRS84" } },
"features": [
{"type":"Feature","properties":{"kind":"ph","name":"Scattered Sites","owner":"Akron Metropolitan Housing Authority","addr":"1209 Welton Ave","city":"Akron","units":1,"btype":"single-family house","status":null,"built":null,"rad":null,"eld":-4,"dis":-4,"aunits":null,"prog":null,"pop":null,"reac":null,"expires":null,"rentassist":null},"geometry":{"type":"Point","coordinates":[-81.483758999983607,41.048286998835799]}},
{"type":"Feature","properties":{"kind":"ph","name":"Valley View","owner":"Akron Metropolitan Housing Authority","addr":"942 Springdale St","city":"Akron","units":6,"btype":"row / townhouse","status":null,"built":1970,"rad":null,"eld":-4,"dis":-4,"aunits":null,"prog":null,"pop":null,"reac":null,"expires":null,"rentassist":null},"geometry":{"type":"Point","coordinates":[-81.521575000308502,41.111199998728303]}},
{"type":"Feature","properties":{"kind":"ph","name":"Scattered Sites","owner":"Akron Metropolitan Housing Authority","addr":"1565 Bronson Rd","city":"Akron","units":1,"btype":"single-family house","status":null,"built":1972,"rad":null,"eld":-4,"dis":-4,"aunits":null,"prog":null,"pop":null,"reac":null,"expires":null,"rentassist":null},"geometry":{"type":"Point","coordinates":[-81.461230000056204,41.086480999334903]}},
{"type":"Feature","properties":{"kind":"ph","name":"Scattered Sites","owner":"Akron Metropolitan Housing Authority","addr":"835 Sheridan Ave","city":"Akron","units":1,"btype":"single-family house","status":null,"built":1948,"rad":null,"eld":-4,"dis":-4,"aunits":null,"prog":null,"pop":null,"reac":null,"expires":null,"rentassist":null},"geometry":{"type":"Point","coordinates":[-81.556217000307896,41.064071999221603]}},
{"type":"Feature","properties":{"kind":"ph","name":"Scattered Sites","owner":"Akron Metropolitan Housing Authority","addr":"1020 Independence Ave","city":"Akron","units":4,"btype":"row / townhouse","status":null,"built":1973,"rad":null,"eld":-4,"dis":-4,"aunits":null,"prog":null,"pop":null,"reac":null,"expires":null,"rentassist":null},"geometry":{"type":"Point","coordinates":[-81.4777519998147,41.1106879991139]}},
{"type":"Feature","properties":{"kind":"ph","name":"Mohawk","owner":"Akron Metropolitan Housing Authority","addr":"1648 Mohawk Dr","city":"Akron","units":4,"btype":"row / townhouse","status":null,"built":1970,"rad":null,"eld":-4,"dis":-4,"aunits":null,"prog":null,"pop":null,"reac":null,"expires":null,"rentassist":null},"geometry":{"type":"Point","coordinates":[-81.488581000121897,41.0234449988058]}},
{"type":"Feature","properties":{"kind":"ph","name":"COLONIAL HILLS","owner":"Akron Metropolitan Housing Authority","addr":"73 Colonial Hills Dr","city":"Akron","units":6,"btype":"row / townhouse","status":null,"built":1967,"rad":null,"eld":-4,"dis":-4,"aunits":null,"prog":null,"pop":null,"reac":null,"expires":null,"rentassist":null},"geometry":{"type":"Point","coordinates":[-81.501485000039295,41.106895998942498]}},
{"type":"Feature","properties":{"kind":"ph","name":"OBERLIN HOMES","owner":"Lorain Metropolitan Housing Authority","addr":"4708 Clifton Ave Apt","city":"Lorain","units":1,"btype":"single-family house","status":null,"built":1997,"rad":null,"eld":-4,"dis":-4,"aunits":null,"prog":null,"pop":null,"reac":null,"expires":null,"rentassist":null},"geometry":{"type":"Point","coordinates":[-82.156702000047403,41.425709998922102]}},
{"type":"Feature","properties":{"kind":"ph","name":"Tremont Pointe I","owner":"Cuyahoga Metropolitan Housing Authority","addr":"2556 W 7th St","city":"Cleveland","units":10,"btype":"row / townhouse","status":null,"built":2007,"rad":null,"eld":-4,"dis":-4,"aunits":null,"prog":null,"pop":null,"reac":null,"expires":null,"rentassist":null},"geometry":{"type":"Point","coordinates":[-81.680395000058894,41.477418998785602]}},
{"type":"Feature","properties":{"kind":"ph","name":"Riverview Replacement","owner":"Cuyahoga Metropolitan Housing Authority","addr":"18305 Flamingo Ave","city":"Cleveland","units":1,"btype":"single-family house","status":null,"built":null,"rad":null,"eld":-4,"dis":-4,"aunits":null,"prog":null,"pop":null,"reac":null,"expires":null,"rentassist":null},"geometry":{"type":"Point","coordinates":[-81.826858000238005,41.432978998930999]}},
{"type":"Feature","properties":{"kind":"ph","name":"Scattered Sites","owner":"Akron Metropolitan Housing Authority","addr":"1306 Hartford Ave","city":"Akron","units":1,"btype":"single-family house","status":null,"built":null,"rad":null,"eld":-4,"dis":-4,"aunits":null,"prog":null,"pop":null,"reac":null,"expires":null,"rentassist":null},"geometry":{"type":"Point","coordinates":[-81.564634999647694,41.071478998779902]}},
{"type":"Feature","properties":{"kind":"ph","name":"Scattered Sites","owner":"Akron Metropolitan Housing Authority","addr":"981 Diana Ave","city":"Akron","units":1,"btype":"single-family house","status":null,"built":null,"rad":null,"eld":-4,"dis":-4,"aunits":null,"prog":null,"pop":null,"reac":null,"expires":null,"rentassist":null},"geometry":{"type":"Point","coordinates":[-81.5533169996189,41.0707059989453]}},
{"type":"Feature","properties":{"kind":"ph","name":"Heritage Homes III (former Garden Valley","owner":"Cuyahoga Metropolitan Housing Authority","addr":"3048 E 73rd St","city":"Cleveland","units":1,"btype":"single-family house","status":null,"built":2011,"rad":null,"eld":-4,"dis":-4,"aunits":null,"prog":null,"pop":null,"reac":null,"expires":null,"rentassist":null},"geometry":{"type":"Point","coordinates":[-81.637683999800799,41.475786999286498]}},
{"type":"Feature","properties":{"kind":"ph","name":"Bon Sue","owner":"Akron Metropolitan Housing Authority","addr":"11 Rhoda Ct","city":"Akron","units":4,"btype":"row / townhouse","status":null,"built":1970,"rad":null,"eld":-4,"dis":-4,"aunits":null,"prog":null,"pop":null,"reac":null,"expires":null,"rentassist":null},"geometry":{"type":"Point","coordinates":[-81.560799000246703,41.062212999071797]}},
{"type":"Feature","properties":{"kind":"ph","name":"OBERLIN HOMES","owner":"Lorain Metropolitan Housing Authority","addr":"1615 E 30th St Apt","city":"Lorain","units":4,"btype":"row / townhouse","status":"demolition/disposition proposed","built":1972,"rad":"PBV","eld":-4,"dis":-4,"aunits":null,"prog":null,"pop":null,"reac":null,"expires":null,"rentassist":null},"geometry":{"type":"Point","coordinates":[-82.143500000204199,41.443297999381599]}},
{"type":"Feature","properties":{"kind":"ph","name":"Riverview Replacement","owner":"Cuyahoga Metropolitan Housing Authority","addr":"10818 Dale Ave","city":"Cleveland","units":1,"btype":"single-family house","status":null,"built":null,"rad":null,"eld":-4,"dis":-4,"aunits":null,"prog":null,"pop":null,"reac":null,"expires":null,"rentassist":null},"geometry":{"type":"Point","coordinates":[-81.761685999824607,41.455590999305997]}},
{"type":"Feature","properties":{"kind":"ph","name":"Scattered Sites","owner":"Akron Metropolitan Housing Authority","addr":"843 Carpenter St","city":"Akron","units":1,"btype":"single-family house","status":null,"built":null,"rad":null,"eld":-4,"dis":-4,"aunits":null,"prog":null,"pop":null,"reac":null,"expires":null,"rentassist":null},"geometry":{"type":"Point","coordinates":[-81.519103999964898,41.107638999144697]}},
{"type":"Feature","properties":{"kind":"ph","name":"OBERLIN HOMES","owner":"Lorain Metropolitan Housing Authority","addr":"4925 Vincent Ave Apt","city":"Lorain","units":1,"btype":"single-family house","status":null,"built":1997,"rad":null,"eld":-4,"dis":-4,"aunits":null,"prog":null,"pop":null,"reac":null,"expires":null,"rentassist":null},"geometry":{"type":"Point","coordinates":[-82.117001000083206,41.423741998781203]}},
{"type":"Feature","properties":{"kind":"ph","name":"SOUTHEAST","owner":"Cuyahoga Metropolitan Housing Authority","addr":"1264 E 170th St","city":"Cleveland","units":1,"btype":"single-family house","status":null,"built":null,"rad":null,"eld":-4,"dis":-4,"aunits":null,"prog":null,"pop":null,"reac":null,"expires":null,"rentassist":null},"geometry":{"type":"Point","coordinates":[-81.560993000415493,41.573233998747803]}},
{"type":"Feature","properties":{"kind":"ph","name":"Oberlin Homes LIHTC","owner":"Lorain Metropolitan Housing Authority","addr":"75 Berger Ct Apt","city":"Oberlin","units":1,"btype":"single-family house","status":null,"built":1966,"rad":null,"eld":-4,"dis":-4,"aunits":null,"prog":null,"pop":null,"reac":null,"expires":null,"rentassist":null},"geometry":{"type":"Point","coordinates":[-82.206308000404107,41.293597998910002]}},
{"type":"Feature","properties":{"kind":"ph","name":"Scattered Sites","owner":"Akron Metropolitan Housing Authority","addr":"944 Jean Ave","city":"Akron","units":1,"btype":"single-family house","status":null,"built":1968,"rad":null,"eld":-4,"dis":-4,"aunits":null,"prog":null,"pop":null,"reac":null,"expires":null,"rentassist":null},"geometry":{"type":"Point","coordinates":[-81.480800999568302,41.112475998967199]}},
{"type":"Feature","properties":{"kind":"ph","name":"Joy Park","owner":"Akron Metropolitan Housing Authority","addr":"1401 Minson Way","city":"Akron","units":4,"btype":"row / townhouse","status":null,"built":1970,"rad":null,"eld":-4,"dis":-4,"aunits":null,"prog":null,"pop":null,"reac":null,"expires":null,"rentassist":null},"geometry":{"type":"Point","coordinates":[-81.482943999848899,41.055612999233702]}},
{"type":"Feature","properties":{"kind":"ph","name":"SCRANTON WOODS/CLOVERDALE","owner":"Geauga Metropolitian Housing Authority","addr":"14576 Linda Dr","city":"Newbury","units":3,"btype":"row / townhouse","status":null,"built":1985,"rad":null,"eld":-4,"dis":-4,"aunits":null,"prog":null,"pop":null,"reac":null,"expires":null,"rentassist":null},"geometry":{"type":"Point","coordinates":[-81.244634000306505,41.471524999109597]}},
{"type":"Feature","properties":{"kind":"ph","name":"Willow Run","owner":"Akron Metropolitan Housing Authority","addr":"873 N Jenkins Blvd","city":"Akron","units":6,"btype":"row / townhouse","status":null,"built":1970,"rad":null,"eld":-4,"dis":-4,"aunits":null,"prog":null,"pop":null,"reac":null,"expires":null,"rentassist":null},"geometry":{"type":"Point","coordinates":[-81.4937139997065,41.035699999219801]}},
{"type":"Feature","properties":{"kind":"ph","name":"SUMMIT LAKE","owner":"Akron Metropolitan Housing Authority","addr":"359 Ira Ave","city":"Akron","units":3,"btype":"row / townhouse","status":null,"built":1965,"rad":null,"eld":-4,"dis":-4,"aunits":null,"prog":null,"pop":null,"reac":null,"expires":null,"rentassist":null},"geometry":{"type":"Point","coordinates":[-81.540298999898695,41.0544519993432]}},
{"type":"Feature","properties":{"kind":"ph","name":"OBERLIN HOMES","owner":"Lorain Metropolitan Housing Authority","addr":"1533 E 30th St Apt","city":"Lorain","units":2,"btype":"semi-detached / duplex","status":"demolition/disposition proposed","built":1973,"rad":"PBV","eld":-4,"dis":-4,"aunits":null,"prog":null,"pop":null,"reac":null,"expires":null,"rentassist":null},"geometry":{"type":"Point","coordinates":[-82.146562000376605,41.443280999048298]}},
{"type":"Feature","properties":{"kind":"ph","name":"Scattered Sites","owner":"Akron Metropolitan Housing Authority","addr":"254 Sherman Ct","city":"Akron","units":6,"btype":"row / townhouse","status":null,"built":1971,"rad":null,"eld":-4,"dis":-4,"aunits":null,"prog":null,"pop":null,"reac":null,"expires":null,"rentassist":null},"geometry":{"type":"Point","coordinates":[-81.516536000435195,41.064752998765002]}},
{"type":"Feature","properties":{"kind":"ph","name":"Scattered Sites","owner":"Akron Metropolitan Housing Authority","addr":"1368 Laffer Ave","city":"Akron","units":1,"btype":"single-family house","status":null,"built":null,"rad":null,"eld":-4,"dis":-4,"aunits":null,"prog":null,"pop":null,"reac":null,"expires":null,"rentassist":null},"geometry":{"type":"Point","coordinates":[-81.473333999907396,41.073628999227097]}},
{"type":"Feature","properties":{"kind":"ph","name":"Scattered Sites","owner":"Akron Metropolitan Housing Authority","addr":"1148 Belleflower Rd","city":"Akron","units":1,"btype":"single-family house","status":null,"built":null,"rad":null,"eld":-4,"dis":-4,"aunits":null,"prog":null,"pop":null,"reac":null,"expires":null,"rentassist":null},"geometry":{"type":"Point","coordinates":[-81.5544749998854,41.0729449987615]}},
{"type":"Feature","properties":{"kind":"ph","name":"Riverview Replacement","owner":"Cuyahoga Metropolitan Housing Authority","addr":"4119 W 130th St","city":"Cleveland","units":1,"btype":"single-family house","status":null,"built":null,"rad":null,"eld":-4,"dis":-4,"aunits":null,"prog":null,"pop":null,"reac":null,"expires":null,"rentassist":null},"geometry":{"type":"Point","coordinates":[-81.780016000127901,41.442549999357198]}},
{"type":"Feature","properties":{"kind":"ph","name":"Scattered Sites","owner":"Akron Metropolitan Housing Authority","addr":"1036 Forbes Ave","city":"Akron","units":1,"btype":"single-family house","status":null,"built":null,"rad":null,"eld":-4,"dis":-4,"aunits":null,"prog":null,"pop":null,"reac":null,"expires":null,"rentassist":null},"geometry":{"type":"Point","coordinates":[-81.489346000027993,41.049642999108002]}},
{"type":"Feature","properties":{"kind":"ph","name":"OBERLIN HOMES","owner":"Lorain Metropolitan Housing Authority","addr":"1516 E 29th St Apt","city":"Lorain","units":2,"btype":"semi-detached / duplex","status":"demolition/disposition proposed","built":1973,"rad":"PBV","eld":-4,"dis":-4,"aunits":null,"prog":null,"pop":null,"reac":null,"expires":null,"rentassist":null},"geometry":{"type":"Point","coordinates":[-82.148178000402496,41.444256999247798]}},
{"type":"Feature","properties":{"kind":"ph","name":"Scattered Sites","owner":"Akron Metropolitan Housing Authority","addr":"1254 Laffer Ave","city":"Akron","units":1,"btype":"single-family house","status":null,"built":null,"rad":null,"eld":-4,"dis":-4,"aunits":null,"prog":null,"pop":null,"reac":null,"expires":null,"rentassist":null},"geometry":{"type":"Point","coordinates":[-81.476539000195004,41.073619999115699]}},
{"type":"Feature","properties":{"kind":"ph","name":"Scattered Sites","owner":"Akron Metropolitan Housing Authority","addr":"430 Pauline Ave","city":"Akron","units":1,"btype":"single-family house","status":null,"built":null,"rad":null,"eld":-4,"dis":-4,"aunits":null,"prog":null,"pop":null,"reac":null,"expires":null,"rentassist":null},"geometry":{"type":"Point","coordinates":[-81.426432000421201,41.045738998883202]}},
{"type":"Feature","properties":{"kind":"ph","name":"Scattered Sites","owner":"Akron Metropolitan Housing Authority","addr":"688 Garfield St","city":"Akron","units":1,"btype":"single-family house","status":null,"built":null,"rad":null,"eld":-4,"dis":-4,"aunits":null,"prog":null,"pop":null,"reac":null,"expires":null,"rentassist":null},"geometry":{"type":"Point","coordinates":[-81.520193999560902,41.104295999263698]}},
{"type":"Feature","properties":{"kind":"ph","name":"Scattered Sites","owner":"Akron Metropolitan Housing Authority","addr":"805 Lakewood Blvd","city":"Akron","units":1,"btype":"single-family house","status":null,"built":1955,"rad":null,"eld":-4,"dis":-4,"aunits":null,"prog":null,"pop":null,"reac":null,"expires":null,"rentassist":null},"geometry":{"type":"Point","coordinates":[-81.555417000241803,41.056066999172998]}},
{"type":"Feature","properties":{"kind":"ph","name":"Heritage Homes III (former Garden Valley","owner":"Cuyahoga Metropolitan Housing Authority","addr":"3044 E 73rd St","city":"Cleveland","units":1,"btype":"single-family house","status":null,"built":2011,"rad":null,"eld":-4,"dis":-4,"aunits":null,"prog":null,"pop":null,"reac":null,"expires":null,"rentassist":null},"geometry":{"type":"Point","coordinates":[-81.637661000234601,41.475862999358903]}},
{"type":"Feature","properties":{"kind":"ph","name":"Riverview Replacement","owner":"Cuyahoga Metropolitan Housing Authority","addr":"3433 W 90th St","city":"Cleveland","units":1,"btype":"single-family house","status":null,"built":1914,"rad":null,"eld":-4,"dis":-4,"aunits":null,"prog":null,"pop":null,"reac":null,"expires":null,"rentassist":null},"geometry":{"type":"Point","coordinates":[-81.745598000434399,41.460237999333998]}},
{"type":"Feature","properties":{"kind":"ph","name":"Heritage Homes II (former Garden Valley)","owner":"Cuyahoga Metropolitan Housing Authority","addr":"7028 Roy Ave","city":"Cleveland","units":1,"btype":"single-family house","status":null,"built":null,"rad":null,"eld":-4,"dis":-4,"aunits":null,"prog":null,"pop":null,"reac":null,"expires":null,"rentassist":null},"geometry":{"type":"Point","coordinates":[-81.639995000310805,41.478097999288103]}},
{"type":"Feature","properties":{"kind":"ph","name":"East Side Neighborhood Homes","owner":"Cuyahoga Metropolitan Housing Authority","addr":"2207 E 76th St","city":"Cleveland","units":1,"btype":"single-family house","status":null,"built":2005,"rad":null,"eld":-4,"dis":-4,"aunits":null,"prog":null,"pop":null,"reac":null,"expires":null,"rentassist":null},"geometry":{"type":"Point","coordinates":[-81.6359270002079,41.4994629991292]}},
{"type":"Feature","properties":{"kind":"ph","name":"CRIMSON TERRACE","owner":"Akron Metropolitan Housing Authority","addr":"406 Herms Ct Apt 1","city":"Barberton","units":8,"btype":"row / townhouse","status":null,"built":1980,"rad":null,"eld":-4,"dis":-4,"aunits":null,"prog":null,"pop":null,"reac":null,"expires":null,"rentassist":null},"geometry":{"type":"Point","coordinates":[-81.588387000138894,41.000119999076396]}},
{"type":"Feature","properties":{"kind":"ph","name":"SAFERSTEIN TOWERS","owner":"Akron Metropolitan Housing Authority","addr":"585 Diagonal Rd","city":"Akron","units":211,"btype":"elevator high-rise","status":null,"built":1972,"rad":null,"eld":50,"dis":71,"aunits":null,"prog":null,"pop":null,"reac":null,"expires":null,"rentassist":null},"geometry":{"type":"Point","coordinates":[-81.543597000072694,41.082253999350698]}},
{"type":"Feature","properties":{"kind":"ph","name":"Scattered Sites","owner":"Akron Metropolitan Housing Authority","addr":"1372 Brownstone Ave","city":"Akron","units":1,"btype":"single-family house","status":null,"built":1974,"rad":null,"eld":-4,"dis":-4,"aunits":null,"prog":null,"pop":null,"reac":null,"expires":null,"rentassist":null},"geometry":{"type":"Point","coordinates":[-81.474445000318198,41.101766998928902]}},
{"type":"Feature","properties":{"kind":"ph","name":"OBERLIN HOMES","owner":"Lorain Metropolitan Housing Authority","addr":"1624 E 29th St Apt","city":"Lorain","units":1,"btype":"single-family house","status":"demolition/disposition proposed","built":1972,"rad":"PBV","eld":-4,"dis":-4,"aunits":null,"prog":null,"pop":null,"reac":null,"expires":null,"rentassist":null},"geometry":{"type":"Point","coordinates":[-82.143305000210503,41.444322998930097]}},
{"type":"Feature","properties":{"kind":"ph","name":"Scattered Sites","owner":"Akron Metropolitan Housing Authority","addr":"796 Reed Ave","city":"Akron","units":1,"btype":"single-family house","status":null,"built":1954,"rad":null,"eld":-4,"dis":-4,"aunits":null,"prog":null,"pop":null,"reac":null,"expires":null,"rentassist":null},"geometry":{"type":"Point","coordinates":[-81.498282000299895,41.042761999225696]}},
{"type":"Feature","properties":{"kind":"ph","name":"Scattered Sites","owner":"Akron Metropolitan Housing Authority","addr":"1442 Hart St","city":"Akron","units":1,"btype":"single-family house","status":null,"built":null,"rad":null,"eld":-4,"dis":-4,"aunits":null,"prog":null,"pop":null,"reac":null,"expires":null,"rentassist":null},"geometry":{"type":"Point","coordinates":[-81.486160999831895,41.058132999136703]}},
{"type":"Feature","properties":{"kind":"ph","name":"Scattered Sites","owner":"Akron Metropolitan Housing Authority","addr":"848 S Hawkins Ave","city":"Akron","units":1,"btype":"single-family house","status":null,"built":null,"rad":null,"eld":-4,"dis":-4,"aunits":null,"prog":null,"pop":null,"reac":null,"expires":null,"rentassist":null},"geometry":{"type":"Point","coordinates":[-81.569666999848295,41.0856759988025]}},
{"type":"Feature","properties":{"kind":"ph","name":"Edgewood Village 4","owner":"Akron Metropolitan Housing Authority","addr":"703 Raymond St","city":"Akron","units":1,"btype":"single-family house","status":null,"built":null,"rad":null,"eld":-4,"dis":-4,"aunits":null,"prog":null,"pop":null,"reac":null,"expires":null,"rentassist":null},"geometry":{"type":"Point","coordinates":[-81.542165999994694,41.073446998992203]}},
{"type":"Feature","properties":{"kind":"ph","name":"LEAVITT HOMES","owner":"Lorain Metropolitan Housing Authority","addr":"4302 Princess Anne Ct Apt","city":"Lorain","units":1,"btype":"single-family house","status":null,"built":1996,"rad":null,"eld":-4,"dis":-4,"aunits":null,"prog":null,"pop":null,"reac":null,"expires":null,"rentassist":null},"geometry":{"type":"Point","coordinates":[-82.183438999819799,41.430599998762403]}},
{"type":"Feature","properties":{"kind":"ph","name":"Scattered Sites","owner":"Akron Metropolitan Housing Authority","addr":"1233 Laffer Ave","city":"Akron","units":1,"btype":"single-family house","status":null,"built":null,"rad":null,"eld":-4,"dis":-4,"aunits":null,"prog":null,"pop":null,"reac":null,"expires":null,"rentassist":null},"geometry":{"type":"Point","coordinates":[-81.477347999583699,41.073985999266299]}},
{"type":"Feature","properties":{"kind":"ph","name":"VAN BUREN HOMES","owner":"Akron Metropolitan Housing Authority","addr":"141 Iowa Pl","city":"Barberton","units":4,"btype":"row / townhouse","status":null,"built":1972,"rad":null,"eld":-4,"dis":-4,"aunits":null,"prog":null,"pop":null,"reac":null,"expires":null,"rentassist":null},"geometry":{"type":"Point","coordinates":[-81.600251999615494,41.007745999158402]}},
{"type":"Feature","properties":{"kind":"ph","name":"DOWNTOWN","owner":"Cuyahoga Metropolitan Housing Authority","addr":"2815 Division Ave","city":"Cleveland","units":12,"btype":"row / townhouse","status":null,"built":1937,"rad":null,"eld":-4,"dis":-4,"aunits":null,"prog":null,"pop":null,"reac":null,"expires":null,"rentassist":null},"geometry":{"type":"Point","coordinates":[-81.711420999867002,41.492205998974299]}},
{"type":"Feature","properties":{"kind":"ph","name":"Scattered Sites","owner":"Akron Metropolitan Housing Authority","addr":"1490 Seminola Ave","city":"Akron","units":1,"btype":"single-family house","status":null,"built":null,"rad":null,"eld":-4,"dis":-4,"aunits":null,"prog":null,"pop":null,"reac":null,"expires":null,"rentassist":null},"geometry":{"type":"Point","coordinates":[-81.464982999616495,41.080046998776801]}},
{"type":"Feature","properties":{"kind":"ph","name":"SCRANTON WOODS/CLOVERDALE","owner":"Geauga Metropolitian Housing Authority","addr":"15601 Cloverdale Dr","city":"Middlefield","units":2,"btype":"semi-detached / duplex","status":null,"built":1985,"rad":null,"eld":-4,"dis":-4,"aunits":null,"prog":null,"pop":null,"reac":null,"expires":null,"rentassist":null},"geometry":{"type":"Point","coordinates":[-81.087393999698605,41.452141998993902]}},
{"type":"Feature","properties":{"kind":"ph","name":"Willow Run","owner":"Akron Metropolitan Housing Authority","addr":"1412 Doty Dr","city":"Akron","units":4,"btype":"row / townhouse","status":null,"built":1981,"rad":null,"eld":-4,"dis":-4,"aunits":null,"prog":null,"pop":null,"reac":null,"expires":null,"rentassist":null},"geometry":{"type":"Point","coordinates":[-81.458844999926299,41.023247999168802]}},
{"type":"Feature","properties":{"kind":"ph","name":"EASTSIDE","owner":"Cuyahoga Metropolitan Housing Authority","addr":"2491 Woodhill Rd Apt A","city":"Cleveland","units":8,"btype":"row / townhouse","status":"demolition/disposition approved","built":1940,"rad":null,"eld":-4,"dis":-4,"aunits":null,"prog":null,"pop":null,"reac":null,"expires":null,"rentassist":null},"geometry":{"type":"Point","coordinates":[-81.613888999651905,41.489674999364198]}},
{"type":"Feature","properties":{"kind":"ph","name":"Riverview Replacement","owner":"Cuyahoga Metropolitan Housing Authority","addr":"12522 Brighton Ave","city":"Cleveland","units":1,"btype":"single-family house","status":null,"built":null,"rad":null,"eld":-4,"dis":-4,"aunits":null,"prog":null,"pop":null,"reac":null,"expires":null,"rentassist":null},"geometry":{"type":"Point","coordinates":[-81.775397000379201,41.452100999335102]}},
{"type":"Feature","properties":{"kind":"ph","name":"Riverview Replacement","owner":"Cuyahoga Metropolitan Housing Authority","addr":"12022 Milligan Ave","city":"Cleveland","units":1,"btype":"single-family house","status":null,"built":null,"rad":null,"eld":-4,"dis":-4,"aunits":null,"prog":null,"pop":null,"reac":null,"expires":null,"rentassist":null},"geometry":{"type":"Point","coordinates":[-81.771911999709204,41.430843999372698]}},
{"type":"Feature","properties":{"kind":"ph","name":"Scattered Sites","owner":"Akron Metropolitan Housing Authority","addr":"1643 Newberry St","city":"Cuyahoga Falls","units":1,"btype":"single-family house","status":null,"built":1988,"rad":null,"eld":-4,"dis":-4,"aunits":null,"prog":null,"pop":null,"reac":null,"expires":null,"rentassist":null},"geometry":{"type":"Point","coordinates":[-81.480625999666103,41.127477998934097]}},
{"type":"Feature","properties":{"kind":"ph","name":"Scattered Sites","owner":"Akron Metropolitan Housing Authority","addr":"922 Carpenter St","city":"Akron","units":1,"btype":"single-family house","status":null,"built":1948,"rad":null,"eld":-4,"dis":-4,"aunits":null,"prog":null,"pop":null,"reac":null,"expires":null,"rentassist":null},"geometry":{"type":"Point","coordinates":[-81.519575000143107,41.110508999019402]}},
{"type":"Feature","properties":{"kind":"ph","name":"Scattered Sites","owner":"Akron Metropolitan Housing Authority","addr":"1185 Myrtle Ave","city":"Cuyahoga Falls","units":1,"btype":"single-family house","status":null,"built":1950,"rad":null,"eld":-4,"dis":-4,"aunits":null,"prog":null,"pop":null,"reac":null,"expires":null,"rentassist":null},"geometry":{"type":"Point","coordinates":[-81.465821000215797,41.135521998904302]}},
{"type":"Feature","properties":{"kind":"ph","name":"Heritage Homes II (former Garden Valley)","owner":"Cuyahoga Metropolitan Housing Authority","addr":"3017 E 77th St","city":"Cleveland","units":1,"btype":"single-family house","status":null,"built":2011,"rad":null,"eld":-4,"dis":-4,"aunits":null,"prog":null,"pop":null,"reac":null,"expires":null,"rentassist":null},"geometry":{"type":"Point","coordinates":[-81.634879000444599,41.476618999335798]}},
{"type":"Feature","properties":{"kind":"ph","name":"SCRANTON WOODS/CLOVERDALE","owner":"Geauga Metropolitian Housing Authority","addr":"15570 Cloverdale Dr","city":"Middlefield","units":2,"btype":"semi-detached / duplex","status":null,"built":1985,"rad":null,"eld":-4,"dis":-4,"aunits":null,"prog":null,"pop":null,"reac":null,"expires":null,"rentassist":null},"geometry":{"type":"Point","coordinates":[-81.083642999788196,41.452134998741997]}},
{"type":"Feature","properties":{"kind":"ph","name":"Scattered Sites","owner":"Akron Metropolitan Housing Authority","addr":"1106 Juneau Ave","city":"Akron","units":1,"btype":"single-family house","status":null,"built":null,"rad":null,"eld":-4,"dis":-4,"aunits":null,"prog":null,"pop":null,"reac":null,"expires":null,"rentassist":null},"geometry":{"type":"Point","coordinates":[-81.5763150000747,41.078468999361398]}},
{"type":"Feature","properties":{"kind":"ph","name":"Scattered Sites","owner":"Akron Metropolitan Housing Authority","addr":"1109 Mercer Ave","city":"Akron","units":1,"btype":"single-family house","status":null,"built":null,"rad":null,"eld":-4,"dis":-4,"aunits":null,"prog":null,"pop":null,"reac":null,"expires":null,"rentassist":null},"geometry":{"type":"Point","coordinates":[-81.557079000298401,41.073463999020603]}},
{"type":"Feature","properties":{"kind":"ph","name":"Cascade Village North","owner":"Akron Metropolitan Housing Authority","addr":"112 Elizabeth Pkwy","city":"Akron","units":4,"btype":"row / townhouse","status":null,"built":2006,"rad":null,"eld":-4,"dis":-4,"aunits":null,"prog":null,"pop":null,"reac":null,"expires":null,"rentassist":null},"geometry":{"type":"Point","coordinates":[-81.507253999658502,41.090733999018603]}},
{"type":"Feature","properties":{"kind":"ph","name":"OBERLIN HOMES","owner":"Lorain Metropolitan Housing Authority","addr":"4936 Vincent Ave Apt","city":"Lorain","units":1,"btype":"single-family house","status":null,"built":1997,"rad":null,"eld":-4,"dis":-4,"aunits":null,"prog":null,"pop":null,"reac":null,"expires":null,"rentassist":null},"geometry":{"type":"Point","coordinates":[-82.117037000068194,41.423741998781203]}},
{"type":"Feature","properties":{"kind":"ph","name":"Heritage Homes II (former Garden Valley)","owner":"Cuyahoga Metropolitan Housing Authority","addr":"2957 E 73rd St","city":"Cleveland","units":1,"btype":"single-family house","status":null,"built":2011,"rad":null,"eld":-4,"dis":-4,"aunits":null,"prog":null,"pop":null,"reac":null,"expires":null,"rentassist":null},"geometry":{"type":"Point","coordinates":[-81.637169999964897,41.478517999042303]}},
{"type":"Feature","properties":{"kind":"ph","name":"SMALL OR SCATTERED","owner":"Cuyahoga Metropolitan Housing Authority","addr":"1911 W 58th St","city":"Cleveland","units":2,"btype":"semi-detached / duplex","status":"demolition/disposition draft","built":null,"rad":null,"eld":-4,"dis":-4,"aunits":null,"prog":null,"pop":null,"reac":null,"expires":null,"rentassist":null},"geometry":{"type":"Point","coordinates":[-81.7261450000248,41.479599999270498]}},
{"type":"Feature","properties":{"kind":"ph","name":"Edgewood Village 4","owner":"Akron Metropolitan Housing Authority","addr":"751 Raymond St","city":"Akron","units":1,"btype":"single-family house","status":null,"built":null,"rad":null,"eld":-4,"dis":-4,"aunits":null,"prog":null,"pop":null,"reac":null,"expires":null,"rentassist":null},"geometry":{"type":"Point","coordinates":[-81.541730999801601,41.073461999216597]}},
{"type":"Feature","properties":{"kind":"ph","name":"Scattered Sites","owner":"Akron Metropolitan Housing Authority","addr":"1320 Laffer Ave","city":"Akron","units":1,"btype":"single-family house","status":null,"built":null,"rad":null,"eld":-4,"dis":-4,"aunits":null,"prog":null,"pop":null,"reac":null,"expires":null,"rentassist":null},"geometry":{"type":"Point","coordinates":[-81.475173000414401,41.073667999018497]}},
{"type":"Feature","properties":{"kind":"ph","name":"OUTHWAITE","owner":"Cuyahoga Metropolitan Housing Authority","addr":"4872 Scovill Ave","city":"Cleveland","units":14,"btype":"row / townhouse","status":"demolition/disposition proposed","built":1942,"rad":"PBRA","eld":-4,"dis":-4,"aunits":null,"prog":null,"pop":null,"reac":null,"expires":null,"rentassist":null},"geometry":{"type":"Point","coordinates":[-81.653078000328307,41.491801998942499]}},
{"type":"Feature","properties":{"kind":"ph","name":"DOWNTOWN","owner":"Cuyahoga Metropolitan Housing Authority","addr":"1291 Spruce Ct","city":"Cleveland","units":24,"btype":"walk-up apartments","status":"demolition/disposition proposed","built":1937,"rad":"PBRA","eld":9,"dis":6,"aunits":null,"prog":null,"pop":null,"reac":null,"expires":null,"rentassist":null},"geometry":{"type":"Point","coordinates":[-81.709219999860196,41.494124998865402]}},
{"type":"Feature","properties":{"kind":"ph","name":"SOUTHEAST","owner":"Cuyahoga Metropolitan Housing Authority","addr":"7811 Worley Ave","city":"Cleveland","units":2,"btype":"semi-detached / duplex","status":"demolition/disposition proposed","built":null,"rad":"PBRA","eld":-4,"dis":-4,"aunits":null,"prog":null,"pop":null,"reac":null,"expires":null,"rentassist":null},"geometry":{"type":"Point","coordinates":[-81.63325,41.452036999175498]}},
{"type":"Feature","properties":{"kind":"ph","name":"FAR WEST","owner":"Cuyahoga Metropolitan Housing Authority","addr":"4520 State Rd","city":"Cleveland","units":2,"btype":"semi-detached / duplex","status":"demolition/disposition draft","built":null,"rad":null,"eld":-4,"dis":-4,"aunits":null,"prog":null,"pop":null,"reac":null,"expires":null,"rentassist":null},"geometry":{"type":"Point","coordinates":[-81.707540000260195,41.431355999085298]}},
{"type":"Feature","properties":{"kind":"ph","name":"Riverview Replacement","owner":"Cuyahoga Metropolitan Housing Authority","addr":"3355 W 90th St","city":"Cleveland","units":1,"btype":"single-family house","status":null,"built":1915,"rad":null,"eld":-4,"dis":-4,"aunits":null,"prog":null,"pop":null,"reac":null,"expires":null,"rentassist":null},"geometry":{"type":"Point","coordinates":[-81.745595999886305,41.462324998854598]}},
{"type":"Feature","properties":{"kind":"ph","name":"PINEWOOD GARDENS","owner":"Akron Metropolitan Housing Authority","addr":"8812 Ray Ct Apt 1","city":"Twinsburg","units":5,"btype":"walk-up apartments","status":null,"built":1980,"rad":null,"eld":-4,"dis":-4,"aunits":null,"prog":null,"pop":null,"reac":null,"expires":null,"rentassist":null},"geometry":{"type":"Point","coordinates":[-81.458577999962699,41.308857999314696]}},
{"type":"Feature","properties":{"kind":"ph","name":"Scattered Sites","owner":"Akron Metropolitan Housing Authority","addr":"1280 Bee Bee Cir","city":"Akron","units":1,"btype":"single-family house","status":null,"built":1974,"rad":null,"eld":-4,"dis":-4,"aunits":null,"prog":null,"pop":null,"reac":null,"expires":null,"rentassist":null},"geometry":{"type":"Point","coordinates":[-81.4720969999983,41.090205999166699]}},
{"type":"Feature","properties":{"kind":"ph","name":"Scattered Sites","owner":"Akron Metropolitan Housing Authority","addr":"483 Hammel St","city":"Akron","units":1,"btype":"single-family house","status":null,"built":1914,"rad":null,"eld":-4,"dis":-4,"aunits":null,"prog":null,"pop":null,"reac":null,"expires":null,"rentassist":null},"geometry":{"type":"Point","coordinates":[-81.502843000322301,41.063939999272897]}},
{"type":"Feature","properties":{"kind":"ph","name":"Scattered Sites","owner":"Akron Metropolitan Housing Authority","addr":"812 Cree Ave","city":"Akron","units":1,"btype":"single-family house","status":null,"built":1960,"rad":null,"eld":-4,"dis":-4,"aunits":null,"prog":null,"pop":null,"reac":null,"expires":null,"rentassist":null},"geometry":{"type":"Point","coordinates":[-81.4691910003598,41.085139999104499]}},
{"type":"Feature","properties":{"kind":"ph","name":"Scattered Sites","owner":"Akron Metropolitan Housing Authority","addr":"460 Bacon Ave","city":"Akron","units":1,"btype":"single-family house","status":null,"built":1925,"rad":null,"eld":-4,"dis":-4,"aunits":null,"prog":null,"pop":null,"reac":null,"expires":null,"rentassist":null},"geometry":{"type":"Point","coordinates":[-81.553002999799602,41.0867719988644]}},
{"type":"Feature","properties":{"kind":"ph","name":"Heritage Homes III (former Garden Valley","owner":"Cuyahoga Metropolitan Housing Authority","addr":"3034 E 73rd St","city":"Cleveland","units":1,"btype":"single-family house","status":null,"built":2011,"rad":null,"eld":-4,"dis":-4,"aunits":null,"prog":null,"pop":null,"reac":null,"expires":null,"rentassist":null},"geometry":{"type":"Point","coordinates":[-81.6376550003868,41.476133999307798]}},
{"type":"Feature","properties":{"kind":"ph","name":"SUMMIT LAKE","owner":"Akron Metropolitan Housing Authority","addr":"1295 Roulhac Cir","city":"Akron","units":1,"btype":"single-family house","status":null,"built":1999,"rad":null,"eld":-4,"dis":-4,"aunits":null,"prog":null,"pop":null,"reac":null,"expires":null,"rentassist":null},"geometry":{"type":"Point","coordinates":[-81.556625999663495,41.068448999125799]}},
{"type":"Feature","properties":{"kind":"ph","name":"Edgewood Village I","owner":"Akron Metropolitan Housing Authority","addr":"516 Euclid Ave","city":"Akron","units":2,"btype":"semi-detached / duplex","status":null,"built":null,"rad":null,"eld":-4,"dis":-4,"aunits":null,"prog":null,"pop":null,"reac":null,"expires":null,"rentassist":null},"geometry":{"type":"Point","coordinates":[-81.5414959996249,41.075724998837302]}},
{"type":"Feature","properties":{"kind":"ph","name":"Edgewood Village I","owner":"Akron Metropolitan Housing Authority","addr":"703 Edgewood Ave","city":"Akron","units":2,"btype":"semi-detached / duplex","status":null,"built":null,"rad":null,"eld":-4,"dis":-4,"aunits":null,"prog":null,"pop":null,"reac":null,"expires":null,"rentassist":null},"geometry":{"type":"Point","coordinates":[-81.539426999862499,41.074819999036002]}},
{"type":"Feature","properties":{"kind":"ph","name":"Riverview Replacement","owner":"Cuyahoga Metropolitan Housing Authority","addr":"13013 Wesley Ave","city":"Cleveland","units":1,"btype":"single-family house","status":null,"built":1927,"rad":null,"eld":-4,"dis":-4,"aunits":null,"prog":null,"pop":null,"reac":null,"expires":null,"rentassist":null},"geometry":{"type":"Point","coordinates":[-81.779735999745398,41.4511559989676]}},
{"type":"Feature","properties":{"kind":"ph","name":"SOUTHEAST","owner":"Cuyahoga Metropolitan Housing Authority","addr":"14605 Hale Ave","city":"Cleveland","units":1,"btype":"single-family house","status":null,"built":null,"rad":null,"eld":-4,"dis":-4,"aunits":null,"prog":null,"pop":null,"reac":null,"expires":null,"rentassist":null},"geometry":{"type":"Point","coordinates":[-81.580286999918101,41.567717998749998]}},
{"type":"Feature","properties":{"kind":"ph","name":"Oberlin Homes LIHTC","owner":"Lorain Metropolitan Housing Authority","addr":"118 E Vine St Apt","city":"Oberlin","units":2,"btype":"semi-detached / duplex","status":null,"built":1966,"rad":null,"eld":-4,"dis":-4,"aunits":null,"prog":null,"pop":null,"reac":null,"expires":null,"rentassist":null},"geometry":{"type":"Point","coordinates":[-82.212745999670005,41.288868999226402]}},
{"type":"Feature","properties":{"kind":"ph","name":"SOUTHEAST","owner":"Cuyahoga Metropolitan Housing Authority","addr":"11621 Puritan Ave","city":"Cleveland","units":1,"btype":"single-family house","status":"demolition/disposition approved","built":null,"rad":null,"eld":-4,"dis":-4,"aunits":null,"prog":null,"pop":null,"reac":null,"expires":null,"rentassist":null},"geometry":{"type":"Point","coordinates":[-81.601793000196594,41.441846998907202]}},
{"type":"Feature","properties":{"kind":"ph","name":"Edgewood Village I","owner":"Akron Metropolitan Housing Authority","addr":"681 Raymond St","city":"Akron","units":1,"btype":"single-family house","status":null,"built":null,"rad":null,"eld":-4,"dis":-4,"aunits":null,"prog":null,"pop":null,"reac":null,"expires":null,"rentassist":null},"geometry":{"type":"Point","coordinates":[-81.541708000235303,41.075297998811102]}},
{"type":"Feature","properties":{"kind":"ph","name":"VAN BUREN HOMES","owner":"Akron Metropolitan Housing Authority","addr":"483 Pasadena Pl","city":"Barberton","units":3,"btype":"row / townhouse","status":null,"built":1972,"rad":null,"eld":-4,"dis":-4,"aunits":null,"prog":null,"pop":null,"reac":null,"expires":null,"rentassist":null},"geometry":{"type":"Point","coordinates":[-81.598748999567505,41.004859998855601]}},
{"type":"Feature","properties":{"kind":"ph","name":"LAKEVIEW PLAZA","owner":"Lorain Metropolitan Housing Authority","addr":"1759 Livingston Ave Apt","city":"Lorain","units":4,"btype":"row / townhouse","status":null,"built":1966,"rad":null,"eld":-4,"dis":-4,"aunits":null,"prog":null,"pop":null,"reac":null,"expires":null,"rentassist":null},"geometry":{"type":"Point","coordinates":[-82.168076000152695,41.454921998731102]}},
{"type":"Feature","properties":{"kind":"ph","name":"KING KENNEDY","owner":"Cuyahoga Metropolitan Housing Authority","addr":"2515 E 64th St","city":"Cleveland","units":5,"btype":"row / townhouse","status":null,"built":2005,"rad":null,"eld":-4,"dis":-4,"aunits":null,"prog":null,"pop":null,"reac":null,"expires":null,"rentassist":null},"geometry":{"type":"Point","coordinates":[-81.645394999859107,41.491536999370297]}},
{"type":"Feature","properties":{"kind":"ph","name":"Scattered Sites","owner":"Akron Metropolitan Housing Authority","addr":"1309 Ottawa Ave","city":"Akron","units":1,"btype":"single-family house","status":null,"built":null,"rad":null,"eld":-4,"dis":-4,"aunits":null,"prog":null,"pop":null,"reac":null,"expires":null,"rentassist":null},"geometry":{"type":"Point","coordinates":[-81.473812999583302,41.076603998778801]}},
{"type":"Feature","properties":{"kind":"ph","name":"SCRANTON WOODS/CLOVERDALE","owner":"Geauga Metropolitian Housing Authority","addr":"15545 Cloverdale Dr","city":"Middlefield","units":2,"btype":"semi-detached / duplex","status":null,"built":1985,"rad":null,"eld":-4,"dis":-4,"aunits":null,"prog":null,"pop":null,"reac":null,"expires":null,"rentassist":null},"geometry":{"type":"Point","coordinates":[-81.085199000437896,41.452141998993902]}},
{"type":"Feature","properties":{"kind":"ph","name":"Cascade Village South","owner":"Akron Metropolitan Housing Authority","addr":"182 E North St","city":"Akron","units":2,"btype":"semi-detached / duplex","status":null,"built":2008,"rad":null,"eld":-4,"dis":-4,"aunits":null,"prog":null,"pop":null,"reac":null,"expires":null,"rentassist":null},"geometry":{"type":"Point","coordinates":[-81.509703000260799,41.090000999052698]}},
{"type":"Feature","properties":{"kind":"ph","name":"Scattered Sites","owner":"Akron Metropolitan Housing Authority","addr":"862 Shoshone Ave","city":"Akron","units":1,"btype":"single-family house","status":null,"built":1940,"rad":null,"eld":-4,"dis":-4,"aunits":null,"prog":null,"pop":null,"reac":null,"expires":null,"rentassist":null},"geometry":{"type":"Point","coordinates":[-81.476611000164993,41.088409998794702]}},
{"type":"Feature","properties":{"kind":"ph","name":"Tremont Pointe II","owner":"Cuyahoga Metropolitan Housing Authority","addr":"2524 W 5th St","city":"Cleveland","units":3,"btype":"row / townhouse","status":null,"built":2009,"rad":null,"eld":-4,"dis":-4,"aunits":null,"prog":null,"pop":null,"reac":null,"expires":null,"rentassist":null},"geometry":{"type":"Point","coordinates":[-81.6800989997828,41.4794249988677]}},
{"type":"Feature","properties":{"kind":"ph","name":"EASTSIDE","owner":"Cuyahoga Metropolitan Housing Authority","addr":"2477 Woodhill Rd Apt A","city":"Cleveland","units":8,"btype":"row / townhouse","status":"demolition/disposition approved","built":1940,"rad":null,"eld":-4,"dis":-4,"aunits":null,"prog":null,"pop":null,"reac":null,"expires":null,"rentassist":null},"geometry":{"type":"Point","coordinates":[-81.613257999640098,41.4906419992517]}},
{"type":"Feature","properties":{"kind":"ph","name":"Riverview Replacement","owner":"Cuyahoga Metropolitan Housing Authority","addr":"3084 W 146th St","city":"Cleveland","units":1,"btype":"single-family house","status":null,"built":1951,"rad":null,"eld":-4,"dis":-4,"aunits":null,"prog":null,"pop":null,"reac":null,"expires":null,"rentassist":null},"geometry":{"type":"Point","coordinates":[-81.796730000405304,41.467852999132297]}},
{"type":"Feature","properties":{"kind":"ph","name":"East Side Neighborhood Homes","owner":"Cuyahoga Metropolitan Housing Authority","addr":"7617 Colfax Rd","city":"Cleveland","units":1,"btype":"single-family house","status":null,"built":2005,"rad":null,"eld":-4,"dis":-4,"aunits":null,"prog":null,"pop":null,"reac":null,"expires":null,"rentassist":null},"geometry":{"type":"Point","coordinates":[-81.635661000069106,41.479433999057598]}},
{"type":"Feature","properties":{"kind":"ph","name":"OBERLIN HOMES","owner":"Lorain Metropolitan Housing Authority","addr":"1537 E 29th St Apt","city":"Lorain","units":1,"btype":"single-family house","status":"demolition/disposition proposed","built":1973,"rad":"PBV","eld":-4,"dis":-4,"aunits":null,"prog":null,"pop":null,"reac":null,"expires":null,"rentassist":null},"geometry":{"type":"Point","coordinates":[-82.148180000052307,41.444284998937498]}},
{"type":"Feature","properties":{"kind":"ph","name":"Joy Park","owner":"Akron Metropolitan Housing Authority","addr":"1346 Minson Way","city":"Akron","units":4,"btype":"row / townhouse","status":null,"built":1970,"rad":null,"eld":-4,"dis":-4,"aunits":null,"prog":null,"pop":null,"reac":null,"expires":null,"rentassist":null},"geometry":{"type":"Point","coordinates":[-81.482996999552299,41.0570259991132]}},
{"type":"Feature","properties":{"kind":"ph","name":"Cascade Village North","owner":"Akron Metropolitan Housing Authority","addr":"269 Turner St","city":"Akron","units":3,"btype":"row / townhouse","status":null,"built":2006,"rad":null,"eld":-4,"dis":-4,"aunits":null,"prog":null,"pop":null,"reac":null,"expires":null,"rentassist":null},"geometry":{"type":"Point","coordinates":[-81.510798999704704,41.0948369989597]}},
{"type":"Feature","properties":{"kind":"ph","name":"OBERLIN HOMES","owner":"Lorain Metropolitan Housing Authority","addr":"4600 Riverside Dr Apt","city":"Lorain","units":1,"btype":"single-family house","status":null,"built":1996,"rad":null,"eld":-4,"dis":-4,"aunits":null,"prog":null,"pop":null,"reac":null,"expires":null,"rentassist":null},"geometry":{"type":"Point","coordinates":[-82.105941999622203,41.426590999079004]}},
{"type":"Feature","properties":{"kind":"ph","name":"SUMMIT LAKE","owner":"Akron Metropolitan Housing Authority","addr":"2 Socrates Pl","city":"Akron","units":10,"btype":"row / townhouse","status":null,"built":1965,"rad":null,"eld":-4,"dis":-4,"aunits":null,"prog":null,"pop":null,"reac":null,"expires":null,"rentassist":null},"geometry":{"type":"Point","coordinates":[-81.541899000031094,41.055194999255498]}},
{"type":"Feature","properties":{"kind":"ph","name":"Scattered Sites","owner":"Akron Metropolitan Housing Authority","addr":"1169 Frederick Blvd","city":"Akron","units":1,"btype":"single-family house","status":null,"built":null,"rad":null,"eld":-4,"dis":-4,"aunits":null,"prog":null,"pop":null,"reac":null,"expires":null,"rentassist":null},"geometry":{"type":"Point","coordinates":[-81.572638999608998,41.077650999285403]}},
{"type":"Feature","properties":{"kind":"ph","name":"Scattered Sites","owner":"Akron Metropolitan Housing Authority","addr":"570 Noble Ave","city":"Akron","units":1,"btype":"single-family house","status":null,"built":null,"rad":null,"eld":-4,"dis":-4,"aunits":null,"prog":null,"pop":null,"reac":null,"expires":null,"rentassist":null},"geometry":{"type":"Point","coordinates":[-81.554166000088898,41.081950998791797]}},
{"type":"Feature","properties":{"kind":"ph","name":"Oberlin Homes LIHTC","owner":"Lorain Metropolitan Housing Authority","addr":"78 Berger Ct Apt","city":"Oberlin","units":1,"btype":"single-family house","status":null,"built":1966,"rad":null,"eld":-4,"dis":-4,"aunits":null,"prog":null,"pop":null,"reac":null,"expires":null,"rentassist":null},"geometry":{"type":"Point","coordinates":[-82.206308000404107,41.293597998910002]}},
{"type":"Feature","properties":{"kind":"ph","name":"Willow Run","owner":"Akron Metropolitan Housing Authority","addr":"1352 Doty Dr","city":"Akron","units":4,"btype":"row / townhouse","status":null,"built":1981,"rad":null,"eld":-4,"dis":-4,"aunits":null,"prog":null,"pop":null,"reac":null,"expires":null,"rentassist":null},"geometry":{"type":"Point","coordinates":[-81.460151000330796,41.023631999391903]}},
{"type":"Feature","properties":{"kind":"ph","name":"SCRANTON WOODS/CLOVERDALE","owner":"Geauga Metropolitian Housing Authority","addr":"10992 Dianne Dr","city":"Newbury","units":4,"btype":"row / townhouse","status":null,"built":1985,"rad":null,"eld":-4,"dis":-4,"aunits":null,"prog":null,"pop":null,"reac":null,"expires":null,"rentassist":null},"geometry":{"type":"Point","coordinates":[-81.246651000190298,41.472278998788298]}},
{"type":"Feature","properties":{"kind":"ph","name":"Scattered Sites","owner":"Akron Metropolitan Housing Authority","addr":"828 Shoshone Ave","city":"Akron","units":1,"btype":"single-family house","status":null,"built":1950,"rad":null,"eld":-4,"dis":-4,"aunits":null,"prog":null,"pop":null,"reac":null,"expires":null,"rentassist":null},"geometry":{"type":"Point","coordinates":[-81.476658999845597,41.087540999250002]}},
{"type":"Feature","properties":{"kind":"ph","name":"Riverview Replacement","owner":"Cuyahoga Metropolitan Housing Authority","addr":"3470 W 90th St","city":"Cleveland","units":1,"btype":"single-family house","status":null,"built":null,"rad":null,"eld":-4,"dis":-4,"aunits":null,"prog":null,"pop":null,"reac":null,"expires":null,"rentassist":null},"geometry":{"type":"Point","coordinates":[-81.746031999904403,41.459249999031499]}},
{"type":"Feature","properties":{"kind":"ph","name":"Scattered Sites","owner":"Akron Metropolitan Housing Authority","addr":"589 Sunset View Dr","city":"Akron","units":1,"btype":"single-family house","status":null,"built":null,"rad":null,"eld":-4,"dis":-4,"aunits":null,"prog":null,"pop":null,"reac":null,"expires":null,"rentassist":null},"geometry":{"type":"Point","coordinates":[-81.557104000412707,41.088377999044098]}},
{"type":"Feature","properties":{"kind":"ph","name":"Mohawk","owner":"Akron Metropolitan Housing Authority","addr":"69 Safer Plz","city":"Akron","units":6,"btype":"row / townhouse","status":null,"built":1970,"rad":null,"eld":-4,"dis":-4,"aunits":null,"prog":null,"pop":null,"reac":null,"expires":null,"rentassist":null},"geometry":{"type":"Point","coordinates":[-81.489807999985302,41.023374999167402]}},
{"type":"Feature","properties":{"kind":"ph","name":"OBERLIN HOMES","owner":"Lorain Metropolitan Housing Authority","addr":"3036 Vine Ave Apt","city":"Lorain","units":1,"btype":"single-family house","status":"demolition/disposition proposed","built":1973,"rad":"PBV","eld":-4,"dis":-4,"aunits":null,"prog":null,"pop":null,"reac":null,"expires":null,"rentassist":null},"geometry":{"type":"Point","coordinates":[-82.145995999763798,41.4423869992088]}},
{"type":"Feature","properties":{"kind":"ph","name":"Valley View","owner":"Akron Metropolitan Housing Authority","addr":"916 Springdale St","city":"Akron","units":4,"btype":"row / townhouse","status":null,"built":1970,"rad":null,"eld":-4,"dis":-4,"aunits":null,"prog":null,"pop":null,"reac":null,"expires":null,"rentassist":null},"geometry":{"type":"Point","coordinates":[-81.521534000300605,41.109904999287998]}},
{"type":"Feature","properties":{"kind":"ph","name":"PINEWOOD GARDENS","owner":"Akron Metropolitan Housing Authority","addr":"8794 Ray Ct Apt 1","city":"Twinsburg","units":8,"btype":"walk-up apartments","status":null,"built":1980,"rad":null,"eld":-4,"dis":-4,"aunits":null,"prog":null,"pop":null,"reac":null,"expires":null,"rentassist":null},"geometry":{"type":"Point","coordinates":[-81.458906999850598,41.3088569992901]}},
{"type":"Feature","properties":{"kind":"ph","name":"Scattered Sites","owner":"Akron Metropolitan Housing Authority","addr":"807 Staeger St","city":"Akron","units":1,"btype":"single-family house","status":null,"built":null,"rad":null,"eld":-4,"dis":-4,"aunits":null,"prog":null,"pop":null,"reac":null,"expires":null,"rentassist":null},"geometry":{"type":"Point","coordinates":[-81.483651000028601,41.044653999003899]}},
{"type":"Feature","properties":{"kind":"ph","name":"Oberlin Homes LIHTC","owner":"Lorain Metropolitan Housing Authority","addr":"210 S Park St Apt","city":"Oberlin","units":1,"btype":"single-family house","status":null,"built":1966,"rad":null,"eld":-4,"dis":-4,"aunits":null,"prog":null,"pop":null,"reac":null,"expires":null,"rentassist":null},"geometry":{"type":"Point","coordinates":[-82.2126860002938,41.285650999283398]}},
{"type":"Feature","properties":{"kind":"ph","name":"Riverview Replacement","owner":"Cuyahoga Metropolitan Housing Authority","addr":"13307 Bellaire Rd","city":"Cleveland","units":1,"btype":"single-family house","status":null,"built":1947,"rad":null,"eld":-4,"dis":-4,"aunits":null,"prog":null,"pop":null,"reac":null,"expires":null,"rentassist":null},"geometry":{"type":"Point","coordinates":[-81.783335000218202,41.437171999247397]}},
{"type":"Feature","properties":{"kind":"ph","name":"Riverview Replacement","owner":"Cuyahoga Metropolitan Housing Authority","addr":"3432 W 119th St","city":"Cleveland","units":1,"btype":"single-family house","status":null,"built":1920,"rad":null,"eld":-4,"dis":-4,"aunits":null,"prog":null,"pop":null,"reac":null,"expires":null,"rentassist":null},"geometry":{"type":"Point","coordinates":[-81.771103000320494,41.459330998978103]}},
{"type":"Feature","properties":{"kind":"ph","name":"EASTSIDE","owner":"Cuyahoga Metropolitan Housing Authority","addr":"2507 Woodhill Rd Apt A","city":"Cleveland","units":8,"btype":"row / townhouse","status":"demolition/disposition approved","built":1940,"rad":null,"eld":-4,"dis":-4,"aunits":null,"prog":null,"pop":null,"reac":null,"expires":null,"rentassist":null},"geometry":{"type":"Point","coordinates":[-81.613779999871994,41.490693999255598]}},
{"type":"Feature","properties":{"kind":"ph","name":"EASTSIDE","owner":"Cuyahoga Metropolitan Housing Authority","addr":"2581 Woodhill Rd Apt F","city":"Cleveland","units":1,"btype":"row / townhouse","status":"demolition/disposition approved","built":1940,"rad":"PBRA","eld":-4,"dis":-4,"aunits":null,"prog":null,"pop":null,"reac":null,"expires":null,"rentassist":null},"geometry":{"type":"Point","coordinates":[-81.614282000012295,41.488973998827497]}},
{"type":"Feature","properties":{"kind":"ph","name":"Joy Park","owner":"Akron Metropolitan Housing Authority","addr":"1275 Minson Way","city":"Akron","units":4,"btype":"row / townhouse","status":null,"built":1970,"rad":null,"eld":-4,"dis":-4,"aunits":null,"prog":null,"pop":null,"reac":null,"expires":null,"rentassist":null},"geometry":{"type":"Point","coordinates":[-81.484718999883398,41.054572998980099]}},
{"type":"Feature","properties":{"kind":"ph","name":"Willow Run","owner":"Akron Metropolitan Housing Authority","addr":"1369 Doty Dr","city":"Akron","units":4,"btype":"row / townhouse","status":null,"built":1981,"rad":null,"eld":-4,"dis":-4,"aunits":null,"prog":null,"pop":null,"reac":null,"expires":null,"rentassist":null},"geometry":{"type":"Point","coordinates":[-81.458972000147995,41.023663998801098]}},
{"type":"Feature","properties":{"kind":"ph","name":"VAN BUREN HOMES","owner":"Akron Metropolitan Housing Authority","addr":"464 Pasadena Pl","city":"Barberton","units":4,"btype":"row / townhouse","status":null,"built":1972,"rad":null,"eld":-4,"dis":-4,"aunits":null,"prog":null,"pop":null,"reac":null,"expires":null,"rentassist":null},"geometry":{"type":"Point","coordinates":[-81.598787999925605,41.004635999053598]}},
{"type":"Feature","properties":{"kind":"ph","name":"SUMMIT LAKE","owner":"Akron Metropolitan Housing Authority","addr":"18 W Bartges St","city":"Akron","units":8,"btype":"row / townhouse","status":null,"built":1982,"rad":null,"eld":-4,"dis":-4,"aunits":null,"prog":null,"pop":null,"reac":null,"expires":null,"rentassist":null},"geometry":{"type":"Point","coordinates":[-81.527149999758905,41.069298998826397]}},
{"type":"Feature","properties":{"kind":"ph","name":"DOWNTOWN","owner":"Cuyahoga Metropolitan Housing Authority","addr":"2604 Loop Dr","city":"Cleveland","units":4,"btype":"row / townhouse","status":null,"built":1937,"rad":null,"eld":-4,"dis":-4,"aunits":null,"prog":null,"pop":null,"reac":null,"expires":null,"rentassist":null},"geometry":{"type":"Point","coordinates":[-81.711225999873406,41.4932779992576]}},
{"type":"Feature","properties":{"kind":"ph","name":"Heritage Homes III (former Garden Valley","owner":"Cuyahoga Metropolitan Housing Authority","addr":"7204 Port Ave","city":"Cleveland","units":1,"btype":"single-family house","status":null,"built":2011,"rad":null,"eld":-4,"dis":-4,"aunits":null,"prog":null,"pop":null,"reac":null,"expires":null,"rentassist":null},"geometry":{"type":"Point","coordinates":[-81.638344999949794,41.477664999251203]}},
{"type":"Feature","properties":{"kind":"ph","name":"DOWNTOWN","owner":"Cuyahoga Metropolitan Housing Authority","addr":"2835 Division Ave","city":"Cleveland","units":12,"btype":"row / townhouse","status":null,"built":1937,"rad":null,"eld":-4,"dis":-4,"aunits":null,"prog":null,"pop":null,"reac":null,"expires":null,"rentassist":null},"geometry":{"type":"Point","coordinates":[-81.711882999824397,41.492007999216902]}},
{"type":"Feature","properties":{"kind":"ph","name":"FAR WEST","owner":"Cuyahoga Metropolitan Housing Authority","addr":"18010 Fairville Ave","city":"Cleveland","units":1,"btype":"single-family house","status":"removal proposed","built":null,"rad":null,"eld":-4,"dis":-4,"aunits":null,"prog":null,"pop":null,"reac":null,"expires":null,"rentassist":null},"geometry":{"type":"Point","coordinates":[-81.821744999846601,41.431030998893903]}},
{"type":"Feature","properties":{"kind":"ph","name":"East Side Neighborhood Homes","owner":"Cuyahoga Metropolitan Housing Authority","addr":"2187 E 71st St","city":"Cleveland","units":1,"btype":"single-family house","status":null,"built":2005,"rad":null,"eld":-4,"dis":-4,"aunits":null,"prog":null,"pop":null,"reac":null,"expires":null,"rentassist":null},"geometry":{"type":"Point","coordinates":[-81.639697000384999,41.498919998987297]}},
{"type":"Feature","properties":{"kind":"ph","name":"OBERLIN HOMES","owner":"Lorain Metropolitan Housing Authority","addr":"1649 E 29th St Apt","city":"Lorain","units":1,"btype":"single-family house","status":"demolition/disposition proposed","built":1973,"rad":"PBV","eld":-4,"dis":-4,"aunits":null,"prog":null,"pop":null,"reac":null,"expires":null,"rentassist":null},"geometry":{"type":"Point","coordinates":[-82.143306000035395,41.444349999301103]}},
{"type":"Feature","properties":{"kind":"ph","name":"Cascade Village North","owner":"Akron Metropolitan Housing Authority","addr":"155 Elizabeth Pkwy","city":"Akron","units":3,"btype":"row / townhouse","status":null,"built":2006,"rad":null,"eld":-4,"dis":-4,"aunits":null,"prog":null,"pop":null,"reac":null,"expires":null,"rentassist":null},"geometry":{"type":"Point","coordinates":[-81.508187999618997,41.0910019992793]}},
{"type":"Feature","properties":{"kind":"ph","name":"Scattered Sites","owner":"Akron Metropolitan Housing Authority","addr":"626 Storer Ave","city":"Akron","units":1,"btype":"single-family house","status":null,"built":null,"rad":null,"eld":-4,"dis":-4,"aunits":null,"prog":null,"pop":null,"reac":null,"expires":null,"rentassist":null},"geometry":{"type":"Point","coordinates":[-81.556540000348093,41.086267998743899]}},
{"type":"Feature","properties":{"kind":"ph","name":"Heritage Homes II (former Garden Valley)","owner":"Cuyahoga Metropolitan Housing Authority","addr":"7025 Roy Ave","city":"Cleveland","units":1,"btype":"single-family house","status":null,"built":null,"rad":null,"eld":-4,"dis":-4,"aunits":null,"prog":null,"pop":null,"reac":null,"expires":null,"rentassist":null},"geometry":{"type":"Point","coordinates":[-81.640144000273693,41.478424998845803]}},
{"type":"Feature","properties":{"kind":"ph","name":"Scattered Sites","owner":"Akron Metropolitan Housing Authority","addr":"818 Roslyn Ave","city":"Akron","units":1,"btype":"single-family house","status":null,"built":null,"rad":null,"eld":-4,"dis":-4,"aunits":null,"prog":null,"pop":null,"reac":null,"expires":null,"rentassist":null},"geometry":{"type":"Point","coordinates":[-81.567333999596897,41.086014998877097]}},
{"type":"Feature","properties":{"kind":"ph","name":"Scattered Sites","owner":"Akron Metropolitan Housing Authority","addr":"334 Noah Ave","city":"Akron","units":1,"btype":"single-family house","status":null,"built":null,"rad":null,"eld":-4,"dis":-4,"aunits":null,"prog":null,"pop":null,"reac":null,"expires":null,"rentassist":null},"geometry":{"type":"Point","coordinates":[-81.555362999815102,41.088425999002602]}},
{"type":"Feature","properties":{"kind":"ph","name":"SUMMIT LAKE","owner":"Akron Metropolitan Housing Authority","addr":"22 Brutus Pl","city":"Akron","units":9,"btype":"row / townhouse","status":null,"built":1965,"rad":null,"eld":-4,"dis":-4,"aunits":null,"prog":null,"pop":null,"reac":null,"expires":null,"rentassist":null},"geometry":{"type":"Point","coordinates":[-81.543171000100301,41.055533999373303]}},
{"type":"Feature","properties":{"kind":"ph","name":"Scattered Sites","owner":"Akron Metropolitan Housing Authority","addr":"1246 Welton Ave","city":"Akron","units":1,"btype":"single-family house","status":null,"built":null,"rad":null,"eld":-4,"dis":-4,"aunits":null,"prog":null,"pop":null,"reac":null,"expires":null,"rentassist":null},"geometry":{"type":"Point","coordinates":[-81.481715000335598,41.0483919991851]}},
{"type":"Feature","properties":{"kind":"ph","name":"Scattered Sites","owner":"Akron Metropolitan Housing Authority","addr":"921 Oakland Ave","city":"Akron","units":1,"btype":"single-family house","status":null,"built":1938,"rad":null,"eld":-4,"dis":-4,"aunits":null,"prog":null,"pop":null,"reac":null,"expires":null,"rentassist":null},"geometry":{"type":"Point","coordinates":[-81.508914000065303,41.109542998959903]}},
{"type":"Feature","properties":{"kind":"ph","name":"Edgewood Village I","owner":"Akron Metropolitan Housing Authority","addr":"706 Rhodes Ave","city":"Akron","units":3,"btype":"row / townhouse","status":null,"built":null,"rad":null,"eld":-4,"dis":-4,"aunits":null,"prog":null,"pop":null,"reac":null,"expires":null,"rentassist":null},"geometry":{"type":"Point","coordinates":[-81.538872000018699,41.0747509994005]}},
{"type":"Feature","properties":{"kind":"ph","name":"Bon Sue","owner":"Akron Metropolitan Housing Authority","addr":"10 April Ct","city":"Akron","units":8,"btype":"row / townhouse","status":null,"built":1970,"rad":null,"eld":-4,"dis":-4,"aunits":null,"prog":null,"pop":null,"reac":null,"expires":null,"rentassist":null},"geometry":{"type":"Point","coordinates":[-81.562503000136104,41.062767999007598]}},
{"type":"Feature","properties":{"kind":"ph","name":"Oberlin Homes LIHTC","owner":"Lorain Metropolitan Housing Authority","addr":"86 Berger Ct Apt","city":"Oberlin","units":1,"btype":"single-family house","status":null,"built":1966,"rad":null,"eld":-4,"dis":-4,"aunits":null,"prog":null,"pop":null,"reac":null,"expires":null,"rentassist":null},"geometry":{"type":"Point","coordinates":[-82.206308000404107,41.293597998910002]}},
{"type":"Feature","properties":{"kind":"ph","name":"Edgewood Village 4","owner":"Akron Metropolitan Housing Authority","addr":"714 Rita Dove Ln","city":"Akron","units":2,"btype":"semi-detached / duplex","status":null,"built":null,"rad":null,"eld":-4,"dis":-4,"aunits":null,"prog":null,"pop":null,"reac":null,"expires":null,"rentassist":null},"geometry":{"type":"Point","coordinates":[-81.540519000006796,41.074802999358297]}},
{"type":"Feature","properties":{"kind":"ph","name":"Scattered Sites","owner":"Akron Metropolitan Housing Authority","addr":"136 Hall St","city":"Akron","units":1,"btype":"single-family house","status":null,"built":null,"rad":null,"eld":-4,"dis":-4,"aunits":null,"prog":null,"pop":null,"reac":null,"expires":null,"rentassist":null},"geometry":{"type":"Point","coordinates":[-81.529543000284704,41.086546999397001]}},
{"type":"Feature","properties":{"kind":"ph","name":"Oberlin Homes LIHTC","owner":"Lorain Metropolitan Housing Authority","addr":"115 S Pleasant St Apt","city":"Oberlin","units":1,"btype":"single-family house","status":null,"built":1966,"rad":null,"eld":-4,"dis":-4,"aunits":null,"prog":null,"pop":null,"reac":null,"expires":null,"rentassist":null},"geometry":{"type":"Point","coordinates":[-82.214969000316501,41.288245999244801]}},
{"type":"Feature","properties":{"kind":"ph","name":"VAN BUREN HOMES","owner":"Akron Metropolitan Housing Authority","addr":"433 Pasadena Pl","city":"Barberton","units":3,"btype":"row / townhouse","status":null,"built":1972,"rad":null,"eld":-4,"dis":-4,"aunits":null,"prog":null,"pop":null,"reac":null,"expires":null,"rentassist":null},"geometry":{"type":"Point","coordinates":[-81.598650999658204,41.004921999095899]}},
{"type":"Feature","properties":{"kind":"ph","name":"Riverview Replacement","owner":"Cuyahoga Metropolitan Housing Authority","addr":"3324 W 99th St","city":"Cleveland","units":1,"btype":"single-family house","status":"demolition/disposition approved","built":1910,"rad":null,"eld":-4,"dis":-4,"aunits":null,"prog":null,"pop":null,"reac":null,"expires":null,"rentassist":null},"geometry":{"type":"Point","coordinates":[-81.752547000061398,41.464221999284199]}},
{"type":"Feature","properties":{"kind":"ph","name":"KING KENNEDY","owner":"Cuyahoga Metropolitan Housing Authority","addr":"6546 Scovill Ave","city":"Cleveland","units":5,"btype":"row / townhouse","status":null,"built":2005,"rad":null,"eld":-4,"dis":-4,"aunits":null,"prog":null,"pop":null,"reac":null,"expires":null,"rentassist":null},"geometry":{"type":"Point","coordinates":[-81.645054000275593,41.491542998824102]}},
{"type":"Feature","properties":{"kind":"ph","name":"SCRANTON WOODS/CLOVERDALE","owner":"Geauga Metropolitian Housing Authority","addr":"14556 Linda Dr","city":"Newbury","units":6,"btype":"row / townhouse","status":null,"built":1985,"rad":null,"eld":-4,"dis":-4,"aunits":null,"prog":null,"pop":null,"reac":null,"expires":null,"rentassist":null},"geometry":{"type":"Point","coordinates":[-81.246775000038895,41.471793999267497]}},
{"type":"Feature","properties":{"kind":"ph","name":"Scattered Sites","owner":"Akron Metropolitan Housing Authority","addr":"503 Whitney Ave","city":"Akron","units":1,"btype":"single-family house","status":"demolition/disposition approved","built":1950,"rad":null,"eld":-4,"dis":-4,"aunits":null,"prog":null,"pop":null,"reac":null,"expires":null,"rentassist":null},"geometry":{"type":"Point","coordinates":[-81.493154999664796,41.058575998900103]}},
{"type":"Feature","properties":{"kind":"ph","name":"Scattered Sites","owner":"Akron Metropolitan Housing Authority","addr":"916 Kelly Ave","city":"Akron","units":1,"btype":"single-family house","status":null,"built":null,"rad":null,"eld":-4,"dis":-4,"aunits":null,"prog":null,"pop":null,"reac":null,"expires":null,"rentassist":null},"geometry":{"type":"Point","coordinates":[-81.481952000162096,41.046726998782503]}},
{"type":"Feature","properties":{"kind":"ph","name":"Willow Run","owner":"Akron Metropolitan Housing Authority","addr":"1336 Doty Dr","city":"Akron","units":4,"btype":"row / townhouse","status":null,"built":1981,"rad":null,"eld":-4,"dis":-4,"aunits":null,"prog":null,"pop":null,"reac":null,"expires":null,"rentassist":null},"geometry":{"type":"Point","coordinates":[-81.460415999746402,41.023634998998297]}},
{"type":"Feature","properties":{"kind":"ph","name":"Heritage Homes III (former Garden Valley","owner":"Cuyahoga Metropolitan Housing Authority","addr":"7225 Carson Ave","city":"Cleveland","units":5,"btype":"row / townhouse","status":null,"built":2012,"rad":null,"eld":-4,"dis":-4,"aunits":null,"prog":null,"pop":null,"reac":null,"expires":null,"rentassist":null},"geometry":{"type":"Point","coordinates":[-81.637744999900093,41.4750609992223]}},
{"type":"Feature","properties":{"kind":"ph","name":"Riverview Replacement","owner":"Cuyahoga Metropolitan Housing Authority","addr":"3443 W 90th St","city":"Cleveland","units":1,"btype":"single-family house","status":null,"built":null,"rad":null,"eld":-4,"dis":-4,"aunits":null,"prog":null,"pop":null,"reac":null,"expires":null,"rentassist":null},"geometry":{"type":"Point","coordinates":[-81.745599000259304,41.459980999067]}},
{"type":"Feature","properties":{"kind":"ph","name":"Tremont Pointe II","owner":"Cuyahoga Metropolitan Housing Authority","addr":"513 Marquardt Ave","city":"Cleveland","units":5,"btype":"row / townhouse","status":null,"built":2009,"rad":null,"eld":-4,"dis":-4,"aunits":null,"prog":null,"pop":null,"reac":null,"expires":null,"rentassist":null},"geometry":{"type":"Point","coordinates":[-81.679979000132207,41.479359999328402]}},
{"type":"Feature","properties":{"kind":"ph","name":"Scattered Sites","owner":"Akron Metropolitan Housing Authority","addr":"421 S Hawkins Ave","city":"Akron","units":5,"btype":"walk-up apartments","status":null,"built":1956,"rad":null,"eld":-4,"dis":-4,"aunits":null,"prog":null,"pop":null,"reac":null,"expires":null,"rentassist":null},"geometry":{"type":"Point","coordinates":[-81.569108999631396,41.097763999273702]}},
{"type":"Feature","properties":{"kind":"ph","name":"VAN BUREN HOMES","owner":"Akron Metropolitan Housing Authority","addr":"334 Michigan Pl","city":"Barberton","units":4,"btype":"row / townhouse","status":null,"built":1972,"rad":null,"eld":-4,"dis":-4,"aunits":null,"prog":null,"pop":null,"reac":null,"expires":null,"rentassist":null},"geometry":{"type":"Point","coordinates":[-81.599705999992494,41.0055929988076]}},
{"type":"Feature","properties":{"kind":"ph","name":"WILKES-VILLA","owner":"Lorain Metropolitan Housing Authority","addr":"748 16th St Apt","city":"Elyria","units":1,"btype":"single-family house","status":null,"built":2006,"rad":null,"eld":-4,"dis":-4,"aunits":null,"prog":null,"pop":null,"reac":null,"expires":null,"rentassist":null},"geometry":{"type":"Point","coordinates":[-82.121838000290097,41.351539998820201]}},
{"type":"Feature","properties":{"kind":"ph","name":"DOWNTOWN","owner":"Cuyahoga Metropolitan Housing Authority","addr":"2550 Loop Dr","city":"Cleveland","units":18,"btype":"walk-up apartments","status":"demolition/disposition proposed","built":1937,"rad":"PBRA","eld":8,"dis":10,"aunits":null,"prog":null,"pop":null,"reac":null,"expires":null,"rentassist":null},"geometry":{"type":"Point","coordinates":[-81.710875000244101,41.494094998749098]}},
{"type":"Feature","properties":{"kind":"ph","name":"East Side Neighborhood Homes","owner":"Cuyahoga Metropolitan Housing Authority","addr":"7302 Colfax Rd","city":"Cleveland","units":1,"btype":"single-family house","status":null,"built":2005,"rad":null,"eld":-4,"dis":-4,"aunits":null,"prog":null,"pop":null,"reac":null,"expires":null,"rentassist":null},"geometry":{"type":"Point","coordinates":[-81.637344999867096,41.480267998894]}},
{"type":"Feature","properties":{"kind":"ph","name":"EASTSIDE","owner":"Cuyahoga Metropolitan Housing Authority","addr":"2719 E 99th Pl","city":"Cleveland","units":2,"btype":"semi-detached / duplex","status":"demolition/disposition proposed","built":1972,"rad":"PBRA","eld":-4,"dis":-4,"aunits":null,"prog":null,"pop":null,"reac":null,"expires":null,"rentassist":null},"geometry":{"type":"Point","coordinates":[-81.615522000294504,41.485366999108699]}},
{"type":"Feature","properties":{"kind":"ph","name":"Oberlin Homes LIHTC","owner":"Lorain Metropolitan Housing Authority","addr":"221 Groveland St Apt","city":"Oberlin","units":2,"btype":"semi-detached / duplex","status":null,"built":1966,"rad":null,"eld":-4,"dis":-4,"aunits":null,"prog":null,"pop":null,"reac":null,"expires":null,"rentassist":null},"geometry":{"type":"Point","coordinates":[-82.209158999791001,41.287358998885999]}},
{"type":"Feature","properties":{"kind":"ph","name":"Scattered Sites","owner":"Akron Metropolitan Housing Authority","addr":"1173 Delos St","city":"Akron","units":1,"btype":"single-family house","status":null,"built":null,"rad":null,"eld":-4,"dis":-4,"aunits":null,"prog":null,"pop":null,"reac":null,"expires":null,"rentassist":null},"geometry":{"type":"Point","coordinates":[-81.488078000156705,41.052782999005899]}},
{"type":"Feature","properties":{"kind":"ph","name":"EASTSIDE","owner":"Cuyahoga Metropolitan Housing Authority","addr":"2471 Baldwin Rd","city":"Cleveland","units":2,"btype":"semi-detached / duplex","status":"demolition/disposition proposed","built":1972,"rad":"PBRA","eld":-4,"dis":-4,"aunits":null,"prog":null,"pop":null,"reac":null,"expires":null,"rentassist":null},"geometry":{"type":"Point","coordinates":[-81.611003999929807,41.491210999275403]}},
{"type":"Feature","properties":{"kind":"ph","name":"Heritage Homes III (former Garden Valley","owner":"Cuyahoga Metropolitan Housing Authority","addr":"7232 Port Ave","city":"Cleveland","units":1,"btype":"single-family house","status":null,"built":2011,"rad":null,"eld":-4,"dis":-4,"aunits":null,"prog":null,"pop":null,"reac":null,"expires":null,"rentassist":null},"geometry":{"type":"Point","coordinates":[-81.638999000426097,41.477583999324096]}},
{"type":"Feature","properties":{"kind":"ph","name":"SUMMIT LAKE","owner":"Akron Metropolitan Housing Authority","addr":"1269 Roulhac Cir","city":"Akron","units":1,"btype":"single-family house","status":null,"built":1999,"rad":null,"eld":-4,"dis":-4,"aunits":null,"prog":null,"pop":null,"reac":null,"expires":null,"rentassist":null},"geometry":{"type":"Point","coordinates":[-81.556646999579897,41.069122999280502]}},
{"type":"Feature","properties":{"kind":"ph","name":"Cascade Village South","owner":"Akron Metropolitan Housing Authority","addr":"188 E North St","city":"Akron","units":2,"btype":"semi-detached / duplex","status":null,"built":2008,"rad":null,"eld":-4,"dis":-4,"aunits":null,"prog":null,"pop":null,"reac":null,"expires":null,"rentassist":null},"geometry":{"type":"Point","coordinates":[-81.509489999825504,41.089949998921703]}},
{"type":"Feature","properties":{"kind":"ph","name":"VAN BUREN HOMES","owner":"Akron Metropolitan Housing Authority","addr":"634 Kentucky Pl","city":"Barberton","units":4,"btype":"row / townhouse","status":null,"built":1972,"rad":null,"eld":-4,"dis":-4,"aunits":null,"prog":null,"pop":null,"reac":null,"expires":null,"rentassist":null},"geometry":{"type":"Point","coordinates":[-81.599572999923197,41.003024999346799]}},
{"type":"Feature","properties":{"kind":"ph","name":"Scattered Sites","owner":"Akron Metropolitan Housing Authority","addr":"1011 Cree Ave","city":"Akron","units":1,"btype":"single-family house","status":null,"built":1975,"rad":null,"eld":-4,"dis":-4,"aunits":null,"prog":null,"pop":null,"reac":null,"expires":null,"rentassist":null},"geometry":{"type":"Point","coordinates":[-81.468504000271494,41.091853999080499]}},
{"type":"Feature","properties":{"kind":"ph","name":"OBERLIN HOMES","owner":"Lorain Metropolitan Housing Authority","addr":"1691 E 30th St Apt","city":"Lorain","units":2,"btype":"semi-detached / duplex","status":"demolition/disposition proposed","built":1972,"rad":"PBV","eld":-4,"dis":-4,"aunits":null,"prog":null,"pop":null,"reac":null,"expires":null,"rentassist":null},"geometry":{"type":"Point","coordinates":[-82.143500000204199,41.443297999381599]}},
{"type":"Feature","properties":{"kind":"ph","name":"Edgewood Village 4","owner":"Akron Metropolitan Housing Authority","addr":"492 Mary Peavey Eagle Ct","city":"Akron","units":2,"btype":"semi-detached / duplex","status":null,"built":null,"rad":null,"eld":-4,"dis":-4,"aunits":null,"prog":null,"pop":null,"reac":null,"expires":null,"rentassist":null},"geometry":{"type":"Point","coordinates":[-81.540544000121102,41.074294999311299]}},
{"type":"Feature","properties":{"kind":"ph","name":"Scattered Sites","owner":"Akron Metropolitan Housing Authority","addr":"1576 Brittain Rd","city":"Akron","units":2,"btype":"semi-detached / duplex","status":null,"built":1965,"rad":null,"eld":-4,"dis":-4,"aunits":null,"prog":null,"pop":null,"reac":null,"expires":null,"rentassist":null},"geometry":{"type":"Point","coordinates":[-81.466432999961,41.1055659991125]}},
{"type":"Feature","properties":{"kind":"ph","name":"Edgewood Village 4","owner":"Akron Metropolitan Housing Authority","addr":"689 Raymond St","city":"Akron","units":1,"btype":"single-family house","status":null,"built":null,"rad":null,"eld":-4,"dis":-4,"aunits":null,"prog":null,"pop":null,"reac":null,"expires":null,"rentassist":null},"geometry":{"type":"Point","coordinates":[-81.541715999733,41.074630999184699]}},
{"type":"Feature","properties":{"kind":"ph","name":"Scattered Sites","owner":"Akron Metropolitan Housing Authority","addr":"499 Gibbs Rd","city":"Akron","units":1,"btype":"single-family house","status":null,"built":1966,"rad":null,"eld":-4,"dis":-4,"aunits":null,"prog":null,"pop":null,"reac":null,"expires":null,"rentassist":null},"geometry":{"type":"Point","coordinates":[-81.460332999905702,41.047669998740602]}},
{"type":"Feature","properties":{"kind":"ph","name":"Scattered Sites","owner":"Akron Metropolitan Housing Authority","addr":"703 Tallkron Dr","city":"Akron","units":1,"btype":"single-family house","status":null,"built":1959,"rad":null,"eld":-4,"dis":-4,"aunits":null,"prog":null,"pop":null,"reac":null,"expires":null,"rentassist":null},"geometry":{"type":"Point","coordinates":[-81.429839000375097,41.078752999391298]}},
{"type":"Feature","properties":{"kind":"ph","name":"Scattered Sites","owner":"Akron Metropolitan Housing Authority","addr":"812 Eugene St","city":"Akron","units":1,"btype":"single-family house","status":null,"built":null,"rad":null,"eld":-4,"dis":-4,"aunits":null,"prog":null,"pop":null,"reac":null,"expires":null,"rentassist":null},"geometry":{"type":"Point","coordinates":[-81.483061000024705,41.045061998932297]}},
{"type":"Feature","properties":{"kind":"ph","name":"VAN BUREN HOMES","owner":"Akron Metropolitan Housing Authority","addr":"621 Alabama Pl","city":"Barberton","units":3,"btype":"row / townhouse","status":null,"built":1972,"rad":null,"eld":-4,"dis":-4,"aunits":null,"prog":null,"pop":null,"reac":null,"expires":null,"rentassist":null},"geometry":{"type":"Point","coordinates":[-81.598519000312095,41.003336999008098]}},
{"type":"Feature","properties":{"kind":"ph","name":"Scattered Sites","owner":"Akron Metropolitan Housing Authority","addr":"858 Shoshone Ave","city":"Akron","units":1,"btype":"single-family house","status":null,"built":1949,"rad":null,"eld":-4,"dis":-4,"aunits":null,"prog":null,"pop":null,"reac":null,"expires":null,"rentassist":null},"geometry":{"type":"Point","coordinates":[-81.476632000081395,41.088146998879999]}},
{"type":"Feature","properties":{"kind":"ph","name":"Scattered Sites","owner":"Akron Metropolitan Housing Authority","addr":"949 Rosamond Ave","city":"Akron","units":1,"btype":"single-family house","status":null,"built":null,"rad":null,"eld":-4,"dis":-4,"aunits":null,"prog":null,"pop":null,"reac":null,"expires":null,"rentassist":null},"geometry":{"type":"Point","coordinates":[-81.561852999857805,41.060813998824798]}},
{"type":"Feature","properties":{"kind":"ph","name":"Scattered Sites","owner":"Akron Metropolitan Housing Authority","addr":"992 Cordova Ave","city":"Akron","units":1,"btype":"single-family house","status":null,"built":null,"rad":null,"eld":-4,"dis":-4,"aunits":null,"prog":null,"pop":null,"reac":null,"expires":null,"rentassist":null},"geometry":{"type":"Point","coordinates":[-81.575222999930503,41.082486998769902]}},
{"type":"Feature","properties":{"kind":"ph","name":"Scattered Sites","owner":"Akron Metropolitan Housing Authority","addr":"899 Mercer Ave","city":"Akron","units":1,"btype":"single-family house","status":null,"built":null,"rad":null,"eld":-4,"dis":-4,"aunits":null,"prog":null,"pop":null,"reac":null,"expires":null,"rentassist":null},"geometry":{"type":"Point","coordinates":[-81.556978000016002,41.079069999262799]}},
{"type":"Feature","properties":{"kind":"ph","name":"KING KENNEDY","owner":"Cuyahoga Metropolitan Housing Authority","addr":"6460 Scovill Ave","city":"Cleveland","units":5,"btype":"row / townhouse","status":null,"built":2005,"rad":null,"eld":-4,"dis":-4,"aunits":null,"prog":null,"pop":null,"reac":null,"expires":null,"rentassist":null},"geometry":{"type":"Point","coordinates":[-81.645831999702096,41.491528998751797]}},
{"type":"Feature","properties":{"kind":"ph","name":"Riverview Replacement","owner":"Cuyahoga Metropolitan Housing Authority","addr":"13212 Saint James Ave","city":"Cleveland","units":1,"btype":"single-family house","status":null,"built":null,"rad":null,"eld":-4,"dis":-4,"aunits":null,"prog":null,"pop":null,"reac":null,"expires":null,"rentassist":null},"geometry":{"type":"Point","coordinates":[-81.781740999933703,41.4400339991777]}},
{"type":"Feature","properties":{"kind":"ph","name":"Tremont Pointe II","owner":"Cuyahoga Metropolitan Housing Authority","addr":"2530 W 5th St","city":"Cleveland","units":3,"btype":"row / townhouse","status":null,"built":2009,"rad":null,"eld":-4,"dis":-4,"aunits":null,"prog":null,"pop":null,"reac":null,"expires":null,"rentassist":null},"geometry":{"type":"Point","coordinates":[-81.679897000116497,41.4792419992216]}},
{"type":"Feature","properties":{"kind":"ph","name":"Edgewood Village South","owner":"Akron Metropolitan Housing Authority","addr":"842 Mallison Ave","city":"Akron","units":2,"btype":"semi-detached / duplex","status":null,"built":2012,"rad":null,"eld":-4,"dis":-4,"aunits":null,"prog":null,"pop":null,"reac":null,"expires":null,"rentassist":null},"geometry":{"type":"Point","coordinates":[-81.542762999671297,41.071487999184498]}},
{"type":"Feature","properties":{"kind":"ph","name":"VAN BUREN HOMES","owner":"Akron Metropolitan Housing Authority","addr":"314 Michigan Pl","city":"Barberton","units":4,"btype":"row / townhouse","status":null,"built":1972,"rad":null,"eld":-4,"dis":-4,"aunits":null,"prog":null,"pop":null,"reac":null,"expires":null,"rentassist":null},"geometry":{"type":"Point","coordinates":[-81.599690000099002,41.005572999115103]}},
{"type":"Feature","properties":{"kind":"ph","name":"CEDAR CENTRAL","owner":"Cuyahoga Metropolitan Housing Authority","addr":"2708 Cedar Ave","city":"Cleveland","units":54,"btype":"walk-up apartments","status":null,"built":1935,"rad":null,"eld":6,"dis":8,"aunits":null,"prog":null,"pop":null,"reac":null,"expires":null,"rentassist":null},"geometry":{"type":"Point","coordinates":[-81.668943999960703,41.498547998804803]}},
{"type":"Feature","properties":{"kind":"ph","name":"Lee Road and Belmore Elderly","owner":"Cuyahoga Metropolitan Housing Authority","addr":"4345 Lee Rd","city":"Cleveland","units":40,"btype":"elevator high-rise","status":null,"built":2013,"rad":null,"eld":100,"dis":85,"aunits":null,"prog":null,"pop":null,"reac":null,"expires":null,"rentassist":null},"geometry":{"type":"Point","coordinates":[-81.564559000377997,41.440639999138298]}},
{"type":"Feature","properties":{"kind":"ph","name":"OUTHWAITE","owner":"Cuyahoga Metropolitan Housing Authority","addr":"4705 Woodland Ave","city":"Cleveland","units":17,"btype":"row / townhouse","status":null,"built":1942,"rad":null,"eld":8,"dis":12,"aunits":null,"prog":null,"pop":null,"reac":null,"expires":null,"rentassist":null},"geometry":{"type":"Point","coordinates":[-81.655733999721605,41.4889729988789]}},
{"type":"Feature","properties":{"kind":"ph","name":"Riverview Replacement","owner":"Cuyahoga Metropolitan Housing Authority","addr":"3568 W 99th St","city":"Cleveland","units":1,"btype":"single-family house","status":null,"built":1923,"rad":null,"eld":-4,"dis":-4,"aunits":null,"prog":null,"pop":null,"reac":null,"expires":null,"rentassist":null},"geometry":{"type":"Point","coordinates":[-81.752536000190702,41.458181998976698]}},
{"type":"Feature","properties":{"kind":"ph","name":"SOUTHEAST","owner":"Cuyahoga Metropolitan Housing Authority","addr":"1387 Ansel Rd","city":"Cleveland","units":2,"btype":"semi-detached / duplex","status":"demolition/disposition proposed","built":null,"rad":"PBRA","eld":-4,"dis":-4,"aunits":null,"prog":null,"pop":null,"reac":null,"expires":null,"rentassist":null},"geometry":{"type":"Point","coordinates":[-81.619951999897296,41.5191729991408]}},
{"type":"Feature","properties":{"kind":"ph","name":"Riverview Replacement","owner":"Cuyahoga Metropolitan Housing Authority","addr":"13508 Puritas Ave","city":"Cleveland","units":1,"btype":"single-family house","status":null,"built":null,"rad":null,"eld":-4,"dis":-4,"aunits":null,"prog":null,"pop":null,"reac":null,"expires":null,"rentassist":null},"geometry":{"type":"Point","coordinates":[-81.785733999693505,41.4335929991257]}},
{"type":"Feature","properties":{"kind":"ph","name":"EASTSIDE","owner":"Cuyahoga Metropolitan Housing Authority","addr":"10520 Mount Carmel Rd","city":"Cleveland","units":8,"btype":"row / townhouse","status":"demolition/disposition approved","built":1940,"rad":null,"eld":-4,"dis":-4,"aunits":null,"prog":null,"pop":null,"reac":null,"expires":null,"rentassist":null},"geometry":{"type":"Point","coordinates":[-81.611522999788605,41.491080998879099]}},
{"type":"Feature","properties":{"kind":"ph","name":"EASTSIDE","owner":"Cuyahoga Metropolitan Housing Authority","addr":"1667 Allegheny Cir","city":"East Cleveland","units":1,"btype":"semi-detached / duplex","status":null,"built":null,"rad":null,"eld":-4,"dis":-4,"aunits":null,"prog":null,"pop":null,"reac":null,"expires":null,"rentassist":null},"geometry":{"type":"Point","coordinates":[-81.583575999871201,41.533298999305103]}},
{"type":"Feature","properties":{"kind":"ph","name":"Riverview Replacement","owner":"Cuyahoga Metropolitan Housing Authority","addr":"6702 Fir Ave","city":"Cleveland","units":1,"btype":"single-family house","status":null,"built":null,"rad":null,"eld":-4,"dis":-4,"aunits":null,"prog":null,"pop":null,"reac":null,"expires":null,"rentassist":null},"geometry":{"type":"Point","coordinates":[-81.730829999895704,41.479615998741501]}},
{"type":"Feature","properties":{"kind":"ph","name":"DOWNTOWN","owner":"Cuyahoga Metropolitan Housing Authority","addr":"1280 Spruce Ct","city":"Cleveland","units":9,"btype":"walk-up apartments","status":"demolition/disposition proposed","built":1937,"rad":"PBRA","eld":-4,"dis":-4,"aunits":null,"prog":null,"pop":null,"reac":null,"expires":null,"rentassist":null},"geometry":{"type":"Point","coordinates":[-81.708819000002194,41.493985998748002]}},
{"type":"Feature","properties":{"kind":"ph","name":"COLONIAL HILLS","owner":"Akron Metropolitan Housing Authority","addr":"19 Colonial Hills Dr","city":"Akron","units":6,"btype":"row / townhouse","status":null,"built":1967,"rad":null,"eld":-4,"dis":-4,"aunits":null,"prog":null,"pop":null,"reac":null,"expires":null,"rentassist":null},"geometry":{"type":"Point","coordinates":[-81.502013000118893,41.106901999363103]}},
{"type":"Feature","properties":{"kind":"ph","name":"OBERLIN HOMES","owner":"Lorain Metropolitan Housing Authority","addr":"1529 E 29th St Apt","city":"Lorain","units":4,"btype":"row / townhouse","status":"demolition/disposition proposed","built":1973,"rad":"PBV","eld":-4,"dis":-4,"aunits":null,"prog":null,"pop":null,"reac":null,"expires":null,"rentassist":null},"geometry":{"type":"Point","coordinates":[-82.148180000052307,41.444284998937498]}},
{"type":"Feature","properties":{"kind":"ph","name":"Riverview Replacement","owner":"Cuyahoga Metropolitan Housing Authority","addr":"2210 Hood Ave","city":"Cleveland","units":1,"btype":"single-family house","status":null,"built":1912,"rad":null,"eld":-4,"dis":-4,"aunits":null,"prog":null,"pop":null,"reac":null,"expires":null,"rentassist":null},"geometry":{"type":"Point","coordinates":[-81.698394999750903,41.434261998739501]}},
{"type":"Feature","properties":{"kind":"ph","name":"Scattered Sites","owner":"Akron Metropolitan Housing Authority","addr":"1271 Seward Ave","city":"Akron","units":1,"btype":"single-family house","status":null,"built":2018,"rad":null,"eld":-4,"dis":-4,"aunits":null,"prog":null,"pop":null,"reac":null,"expires":null,"rentassist":null},"geometry":{"type":"Point","coordinates":[-81.571532000294496,41.074629998961903]}},
{"type":"Feature","properties":{"kind":"ph","name":"Scattered Sites","owner":"Akron Metropolitan Housing Authority","addr":"190 Oakdale Ave","city":"Akron","units":1,"btype":"single-family house","status":null,"built":null,"rad":null,"eld":-4,"dis":-4,"aunits":null,"prog":null,"pop":null,"reac":null,"expires":null,"rentassist":null},"geometry":{"type":"Point","coordinates":[-81.532648000114904,41.0871719993253]}},
{"type":"Feature","properties":{"kind":"ph","name":"Scattered Sites","owner":"Akron Metropolitan Housing Authority","addr":"1401 Diagonal Rd","city":"Akron","units":1,"btype":"single-family house","status":null,"built":null,"rad":null,"eld":-4,"dis":-4,"aunits":null,"prog":null,"pop":null,"reac":null,"expires":null,"rentassist":null},"geometry":{"type":"Point","coordinates":[-81.562021999912204,41.069183998991797]}},
{"type":"Feature","properties":{"kind":"ph","name":"HOUGH","owner":"Cuyahoga Metropolitan Housing Authority","addr":"5520 Perkins Ct","city":"Cleveland","units":8,"btype":"row / townhouse","status":null,"built":1971,"rad":null,"eld":-4,"dis":-4,"aunits":null,"prog":null,"pop":null,"reac":null,"expires":null,"rentassist":null},"geometry":{"type":"Point","coordinates":[-81.651023999736296,41.507472999041099]}},
{"type":"Feature","properties":{"kind":"ph","name":"Scattered Sites","owner":"Akron Metropolitan Housing Authority","addr":"1397 Alphada Ave","city":"Akron","units":1,"btype":"single-family house","status":null,"built":1959,"rad":null,"eld":-4,"dis":-4,"aunits":null,"prog":null,"pop":null,"reac":null,"expires":null,"rentassist":null},"geometry":{"type":"Point","coordinates":[-81.471118999656895,41.104331999143497]}},
{"type":"Feature","properties":{"kind":"ph","name":"FAR WEST","owner":"Cuyahoga Metropolitan Housing Authority","addr":"18120 Fairville Ave","city":"Cleveland","units":1,"btype":"single-family house","status":null,"built":null,"rad":null,"eld":-4,"dis":-4,"aunits":null,"prog":null,"pop":null,"reac":null,"expires":null,"rentassist":null},"geometry":{"type":"Point","coordinates":[-81.823740999814007,41.431236999007197]}},
{"type":"Feature","properties":{"kind":"ph","name":"FAR WEST","owner":"Cuyahoga Metropolitan Housing Authority","addr":"3021 W 116th St","city":"Cleveland","units":2,"btype":"semi-detached / duplex","status":"demolition/disposition draft","built":null,"rad":null,"eld":-4,"dis":-4,"aunits":null,"prog":null,"pop":null,"reac":null,"expires":null,"rentassist":null},"geometry":{"type":"Point","coordinates":[-81.7675180000914,41.469746999321103]}},
{"type":"Feature","properties":{"kind":"ph","name":"OBERLIN HOMES","owner":"Lorain Metropolitan Housing Authority","addr":"1681 E 30th St Apt","city":"Lorain","units":1,"btype":"single-family house","status":"demolition/disposition proposed","built":1972,"rad":"PBV","eld":-4,"dis":-4,"aunits":null,"prog":null,"pop":null,"reac":null,"expires":null,"rentassist":null},"geometry":{"type":"Point","coordinates":[-82.143500000204199,41.443297999381599]}},
{"type":"Feature","properties":{"kind":"ph","name":"Scattered Sites","owner":"Akron Metropolitan Housing Authority","addr":"290 Madison Ave","city":"Akron","units":1,"btype":"single-family house","status":null,"built":null,"rad":null,"eld":-4,"dis":-4,"aunits":null,"prog":null,"pop":null,"reac":null,"expires":null,"rentassist":null},"geometry":{"type":"Point","coordinates":[-81.550833999579794,41.090149999261797]}},
{"type":"Feature","properties":{"kind":"ph","name":"Cascade Village South","owner":"Akron Metropolitan Housing Authority","addr":"189 Spring St","city":"Akron","units":3,"btype":"row / townhouse","status":null,"built":2008,"rad":null,"eld":-4,"dis":-4,"aunits":null,"prog":null,"pop":null,"reac":null,"expires":null,"rentassist":null},"geometry":{"type":"Point","coordinates":[-81.511494000188904,41.090190999378201]}},
{"type":"Feature","properties":{"kind":"ph","name":"Scattered Sites","owner":"Akron Metropolitan Housing Authority","addr":"1524 Preston Ave","city":"Akron","units":1,"btype":"single-family house","status":null,"built":1919,"rad":null,"eld":-4,"dis":-4,"aunits":null,"prog":null,"pop":null,"reac":null,"expires":null,"rentassist":null},"geometry":{"type":"Point","coordinates":[-81.468541999906407,41.068316999158696]}},
{"type":"Feature","properties":{"kind":"ph","name":"Scattered Sites","owner":"Akron Metropolitan Housing Authority","addr":"830 Crestview Ave","city":"Akron","units":1,"btype":"single-family house","status":null,"built":1927,"rad":null,"eld":-4,"dis":-4,"aunits":null,"prog":null,"pop":null,"reac":null,"expires":null,"rentassist":null},"geometry":{"type":"Point","coordinates":[-81.564638999845599,41.084633999190402]}},
{"type":"Feature","properties":{"kind":"ph","name":"Scattered Sites","owner":"Akron Metropolitan Housing Authority","addr":"820 Sheridan Ave","city":"Akron","units":1,"btype":"single-family house","status":null,"built":1929,"rad":null,"eld":-4,"dis":-4,"aunits":null,"prog":null,"pop":null,"reac":null,"expires":null,"rentassist":null},"geometry":{"type":"Point","coordinates":[-81.555582000098198,41.063725999070201]}},
{"type":"Feature","properties":{"kind":"ph","name":"Cascade Village South","owner":"Akron Metropolitan Housing Authority","addr":"214 E North St","city":"Akron","units":2,"btype":"semi-detached / duplex","status":null,"built":2008,"rad":null,"eld":-4,"dis":-4,"aunits":null,"prog":null,"pop":null,"reac":null,"expires":null,"rentassist":null},"geometry":{"type":"Point","coordinates":[-81.5085269995527,41.089717998874697]}},
{"type":"Feature","properties":{"kind":"ph","name":"KING KENNEDY","owner":"Cuyahoga Metropolitan Housing Authority","addr":"2500 E 66th St","city":"Cleveland","units":5,"btype":"row / townhouse","status":null,"built":2005,"rad":null,"eld":-4,"dis":-4,"aunits":null,"prog":null,"pop":null,"reac":null,"expires":null,"rentassist":null},"geometry":{"type":"Point","coordinates":[-81.644604999838705,41.490909998876703]}},
{"type":"Feature","properties":{"kind":"ph","name":"DOWNTOWN","owner":"Cuyahoga Metropolitan Housing Authority","addr":"2768 Division Ave","city":"Cleveland","units":12,"btype":"row / townhouse","status":null,"built":1937,"rad":null,"eld":-4,"dis":-4,"aunits":null,"prog":null,"pop":null,"reac":null,"expires":null,"rentassist":null},"geometry":{"type":"Point","coordinates":[-81.710968999955398,41.492785998852099]}},
{"type":"Feature","properties":{"kind":"ph","name":"NEAR WEST","owner":"Cuyahoga Metropolitan Housing Authority","addr":"2447 W 6th St","city":"Cleveland","units":2,"btype":"semi-detached / duplex","status":"demolition/disposition draft","built":1990,"rad":null,"eld":-4,"dis":-4,"aunits":null,"prog":null,"pop":null,"reac":null,"expires":null,"rentassist":null},"geometry":{"type":"Point","coordinates":[-81.681541999556302,41.480307998834398]}},
{"type":"Feature","properties":{"kind":"ph","name":"Riverview Replacement","owner":"Cuyahoga Metropolitan Housing Authority","addr":"12308 Mortimer Ave","city":"Cleveland","units":1,"btype":"single-family house","status":null,"built":null,"rad":null,"eld":-4,"dis":-4,"aunits":null,"prog":null,"pop":null,"reac":null,"expires":null,"rentassist":null},"geometry":{"type":"Point","coordinates":[-81.773824999835895,41.4492879989036]}},
{"type":"Feature","properties":{"kind":"ph","name":"Heritage Homes III (former Garden Valley","owner":"Cuyahoga Metropolitan Housing Authority","addr":"7209 Rouse Ave","city":"Cleveland","units":3,"btype":"row / townhouse","status":null,"built":2012,"rad":null,"eld":-4,"dis":-4,"aunits":null,"prog":null,"pop":null,"reac":null,"expires":null,"rentassist":null},"geometry":{"type":"Point","coordinates":[-81.638852000113005,41.476737998971402]}},
{"type":"Feature","properties":{"kind":"ph","name":"EASTSIDE","owner":"Cuyahoga Metropolitan Housing Authority","addr":"2505 Woodhill Rd Apt A","city":"Cleveland","units":8,"btype":"row / townhouse","status":"demolition/disposition approved","built":1940,"rad":null,"eld":-4,"dis":-4,"aunits":null,"prog":null,"pop":null,"reac":null,"expires":null,"rentassist":null},"geometry":{"type":"Point","coordinates":[-81.613875000306507,41.490558998874299]}},
{"type":"Feature","properties":{"kind":"ph","name":"Oberlin Homes LIHTC","owner":"Lorain Metropolitan Housing Authority","addr":"112 S Park St Apt","city":"Oberlin","units":1,"btype":"single-family house","status":null,"built":1966,"rad":null,"eld":-4,"dis":-4,"aunits":null,"prog":null,"pop":null,"reac":null,"expires":null,"rentassist":null},"geometry":{"type":"Point","coordinates":[-82.212593000407395,41.288334999124302]}},
{"type":"Feature","properties":{"kind":"ph","name":"SOUTHEAST","owner":"Cuyahoga Metropolitan Housing Authority","addr":"7805 Worley Ave","city":"Cleveland","units":2,"btype":"semi-detached / duplex","status":"demolition/disposition proposed","built":null,"rad":"PBRA","eld":-4,"dis":-4,"aunits":null,"prog":null,"pop":null,"reac":null,"expires":null,"rentassist":null},"geometry":{"type":"Point","coordinates":[-81.633395999589894,41.451945999060797]}},
{"type":"Feature","properties":{"kind":"ph","name":"FAR WEST","owner":"Cuyahoga Metropolitan Housing Authority","addr":"12201 Wanda Ave","city":"Cleveland","units":1,"btype":"single-family house","status":null,"built":null,"rad":null,"eld":-4,"dis":-4,"aunits":null,"prog":null,"pop":null,"reac":null,"expires":null,"rentassist":null},"geometry":{"type":"Point","coordinates":[-81.773161000212198,41.439779999100402]}},
{"type":"Feature","properties":{"kind":"ph","name":"SUMMIT LAKE","owner":"Akron Metropolitan Housing Authority","addr":"380 W Miller Ave","city":"Akron","units":8,"btype":"walk-up apartments","status":null,"built":1965,"rad":null,"eld":-4,"dis":-4,"aunits":null,"prog":null,"pop":null,"reac":null,"expires":null,"rentassist":null},"geometry":{"type":"Point","coordinates":[-81.542577999723406,41.056025998768597]}},
{"type":"Feature","properties":{"kind":"ph","name":"Scattered Sites","owner":"Akron Metropolitan Housing Authority","addr":"1032 Marion Pl","city":"Akron","units":1,"btype":"single-family house","status":null,"built":null,"rad":null,"eld":-4,"dis":-4,"aunits":null,"prog":null,"pop":null,"reac":null,"expires":null,"rentassist":null},"geometry":{"type":"Point","coordinates":[-81.536347000146804,41.058403998950197]}},
{"type":"Feature","properties":{"kind":"ph","name":"Cascade Village North","owner":"Akron Metropolitan Housing Authority","addr":"257 Elizabeth Pkwy","city":"Akron","units":2,"btype":"semi-detached / duplex","status":null,"built":2006,"rad":null,"eld":-4,"dis":-4,"aunits":null,"prog":null,"pop":null,"reac":null,"expires":null,"rentassist":null},"geometry":{"type":"Point","coordinates":[-81.511967000016895,41.091678998954201]}},
{"type":"Feature","properties":{"kind":"ph","name":"OBERLIN HOMES","owner":"Lorain Metropolitan Housing Authority","addr":"149 Brunswick Dr Apt","city":"Elyria","units":2,"btype":"semi-detached / duplex","status":null,"built":1996,"rad":null,"eld":-4,"dis":-4,"aunits":null,"prog":null,"pop":null,"reac":null,"expires":null,"rentassist":null},"geometry":{"type":"Point","coordinates":[-82.155527999887497,41.360018999037202]}},
{"type":"Feature","properties":{"kind":"ph","name":"Cascade Village North","owner":"Akron Metropolitan Housing Authority","addr":"146 Elizabeth Pkwy","city":"Akron","units":4,"btype":"row / townhouse","status":null,"built":2006,"rad":null,"eld":-4,"dis":-4,"aunits":null,"prog":null,"pop":null,"reac":null,"expires":null,"rentassist":null},"geometry":{"type":"Point","coordinates":[-81.5079370004472,41.090888998772201]}},
{"type":"Feature","properties":{"kind":"ph","name":"SCRANTON WOODS/CLOVERDALE","owner":"Geauga Metropolitian Housing Authority","addr":"16731 Elyria St","city":"Chagrin Falls","units":2,"btype":"semi-detached / duplex","status":null,"built":1982,"rad":null,"eld":-4,"dis":-4,"aunits":null,"prog":null,"pop":null,"reac":null,"expires":null,"rentassist":null},"geometry":{"type":"Point","coordinates":[-81.386995999872497,41.414284998954898]}},
{"type":"Feature","properties":{"kind":"ph","name":"OBERLIN HOMES","owner":"Lorain Metropolitan Housing Authority","addr":"1655 E 29th St Apt","city":"Lorain","units":4,"btype":"row / townhouse","status":"demolition/disposition proposed","built":1973,"rad":"PBV","eld":-4,"dis":-4,"aunits":null,"prog":null,"pop":null,"reac":null,"expires":null,"rentassist":null},"geometry":{"type":"Point","coordinates":[-82.143306000035395,41.444349999301103]}},
{"type":"Feature","properties":{"kind":"ph","name":"Cascade Village North","owner":"Akron Metropolitan Housing Authority","addr":"245 Elizabeth Pkwy","city":"Akron","units":2,"btype":"semi-detached / duplex","status":null,"built":2006,"rad":null,"eld":-4,"dis":-4,"aunits":null,"prog":null,"pop":null,"reac":null,"expires":null,"rentassist":null},"geometry":{"type":"Point","coordinates":[-81.512444000042905,41.0912549989011]}},
{"type":"Feature","properties":{"kind":"ph","name":"Scattered Sites","owner":"Akron Metropolitan Housing Authority","addr":"705 Inman St","city":"Akron","units":1,"btype":"single-family house","status":null,"built":null,"rad":null,"eld":-4,"dis":-4,"aunits":null,"prog":null,"pop":null,"reac":null,"expires":null,"rentassist":null},"geometry":{"type":"Point","coordinates":[-81.500074000052905,41.059196998799401]}},
{"type":"Feature","properties":{"kind":"ph","name":"VAN BUREN HOMES","owner":"Akron Metropolitan Housing Authority","addr":"626 Kentucky Pl","city":"Barberton","units":6,"btype":"row / townhouse","status":null,"built":1972,"rad":null,"eld":-4,"dis":-4,"aunits":null,"prog":null,"pop":null,"reac":null,"expires":null,"rentassist":null},"geometry":{"type":"Point","coordinates":[-81.599546000158995,41.003351998948098]}},
{"type":"Feature","properties":{"kind":"ph","name":"Scattered Sites","owner":"Akron Metropolitan Housing Authority","addr":"979 Kickapoo Ave","city":"Akron","units":1,"btype":"single-family house","status":null,"built":1975,"rad":null,"eld":-4,"dis":-4,"aunits":null,"prog":null,"pop":null,"reac":null,"expires":null,"rentassist":null},"geometry":{"type":"Point","coordinates":[-81.469558999707502,41.090203999195197]}},
{"type":"Feature","properties":{"kind":"ph","name":"OBERLIN HOMES","owner":"Lorain Metropolitan Housing Authority","addr":"129 Milan Ave","city":"Amherst","units":8,"btype":"walk-up apartments","status":null,"built":1970,"rad":null,"eld":-4,"dis":-4,"aunits":null,"prog":null,"pop":null,"reac":null,"expires":null,"rentassist":null},"geometry":{"type":"Point","coordinates":[-82.228510000093394,41.3986449987325]}},
{"type":"Feature","properties":{"kind":"ph","name":"Valley View","owner":"Akron Metropolitan Housing Authority","addr":"1002 Springdale St","city":"Akron","units":4,"btype":"row / townhouse","status":null,"built":1970,"rad":null,"eld":-4,"dis":-4,"aunits":null,"prog":null,"pop":null,"reac":null,"expires":null,"rentassist":null},"geometry":{"type":"Point","coordinates":[-81.520506999555394,41.111211998782402]}},
{"type":"Feature","properties":{"kind":"ph","name":"LEAVITT HOMES","owner":"Lorain Metropolitan Housing Authority","addr":"3942 Oberlin Ave Apt","city":"Lorain","units":1,"btype":"single-family house","status":null,"built":1996,"rad":null,"eld":-4,"dis":-4,"aunits":null,"prog":null,"pop":null,"reac":null,"expires":null,"rentassist":null},"geometry":{"type":"Point","coordinates":[-82.185459999901596,41.434676999022201]}},
{"type":"Feature","properties":{"kind":"ph","name":"VAN BUREN HOMES","owner":"Akron Metropolitan Housing Authority","addr":"347 Michigan Pl","city":"Barberton","units":2,"btype":"semi-detached / duplex","status":null,"built":2009,"rad":null,"eld":-4,"dis":-4,"aunits":null,"prog":null,"pop":null,"reac":null,"expires":null,"rentassist":null},"geometry":{"type":"Point","coordinates":[-81.600228000224405,41.005588999140798]}},
{"type":"Feature","properties":{"kind":"ph","name":"Edgewood Village I","owner":"Akron Metropolitan Housing Authority","addr":"730 Rhodes Ave","city":"Akron","units":2,"btype":"semi-detached / duplex","status":null,"built":null,"rad":null,"eld":-4,"dis":-4,"aunits":null,"prog":null,"pop":null,"reac":null,"expires":null,"rentassist":null},"geometry":{"type":"Point","coordinates":[-81.538876000216703,41.074050998778397]}},
{"type":"Feature","properties":{"kind":"ph","name":"Scattered Sites","owner":"Akron Metropolitan Housing Authority","addr":"792 Eugene St","city":"Akron","units":1,"btype":"single-family house","status":null,"built":null,"rad":null,"eld":-4,"dis":-4,"aunits":null,"prog":null,"pop":null,"reac":null,"expires":null,"rentassist":null},"geometry":{"type":"Point","coordinates":[-81.483057999651706,41.045291998750102]}},
{"type":"Feature","properties":{"kind":"ph","name":"Edgewood Village South","owner":"Akron Metropolitan Housing Authority","addr":"445 W Bartges St","city":"Akron","units":2,"btype":"semi-detached / duplex","status":null,"built":2012,"rad":null,"eld":-4,"dis":-4,"aunits":null,"prog":null,"pop":null,"reac":null,"expires":null,"rentassist":null},"geometry":{"type":"Point","coordinates":[-81.542180000238403,41.070695998828299]}},
{"type":"Feature","properties":{"kind":"ph","name":"KING KENNEDY","owner":"Cuyahoga Metropolitan Housing Authority","addr":"2580 E 66th St Apt A","city":"Cleveland","units":12,"btype":"row / townhouse","status":null,"built":1970,"rad":null,"eld":-4,"dis":-4,"aunits":null,"prog":null,"pop":null,"reac":null,"expires":null,"rentassist":null},"geometry":{"type":"Point","coordinates":[-81.644563000005903,41.488605999209298]}},
{"type":"Feature","properties":{"kind":"ph","name":"KING KENNEDY","owner":"Cuyahoga Metropolitan Housing Authority","addr":"6040 Scovill Ave","city":"Cleveland","units":5,"btype":"row / townhouse","status":null,"built":2004,"rad":null,"eld":-4,"dis":-4,"aunits":null,"prog":null,"pop":null,"reac":null,"expires":null,"rentassist":null},"geometry":{"type":"Point","coordinates":[-81.647754000049702,41.491515999258802]}},
{"type":"Feature","properties":{"kind":"ph","name":"Scattered Sites","owner":"Akron Metropolitan Housing Authority","addr":"1146 Welton Ave","city":"Akron","units":1,"btype":"single-family house","status":null,"built":null,"rad":null,"eld":-4,"dis":-4,"aunits":null,"prog":null,"pop":null,"reac":null,"expires":null,"rentassist":null},"geometry":{"type":"Point","coordinates":[-81.485985000104804,41.047845998790997]}},
{"type":"Feature","properties":{"kind":"ph","name":"Tremont Pointe II","owner":"Cuyahoga Metropolitan Housing Authority","addr":"2592 W 5th St","city":"Cleveland","units":3,"btype":"row / townhouse","status":null,"built":2009,"rad":null,"eld":-4,"dis":-4,"aunits":null,"prog":null,"pop":null,"reac":null,"expires":null,"rentassist":null},"geometry":{"type":"Point","coordinates":[-81.679404000196996,41.478670998858099]}},
{"type":"Feature","properties":{"kind":"ph","name":"Valley View","owner":"Akron Metropolitan Housing Authority","addr":"926 Springdale St","city":"Akron","units":4,"btype":"row / townhouse","status":null,"built":1970,"rad":null,"eld":-4,"dis":-4,"aunits":null,"prog":null,"pop":null,"reac":null,"expires":null,"rentassist":null},"geometry":{"type":"Point","coordinates":[-81.521534000300605,41.110779998836598]}},
{"type":"Feature","properties":{"kind":"ph","name":"Scattered Sites","owner":"Akron Metropolitan Housing Authority","addr":"449 Robert St","city":"Akron","units":1,"btype":"single-family house","status":null,"built":null,"rad":null,"eld":-4,"dis":-4,"aunits":null,"prog":null,"pop":null,"reac":null,"expires":null,"rentassist":null},"geometry":{"type":"Point","coordinates":[-81.486646000253799,41.058341998928903]}},
{"type":"Feature","properties":{"kind":"ph","name":"LAKEVIEW PLAZA","owner":"Lorain Metropolitan Housing Authority","addr":"1515 Colorado Ave Apt","city":"Lorain","units":1,"btype":"single-family house","status":null,"built":1996,"rad":null,"eld":-4,"dis":-4,"aunits":null,"prog":null,"pop":null,"reac":null,"expires":null,"rentassist":null},"geometry":{"type":"Point","coordinates":[-82.155250000053101,41.465494998930197]}},
{"type":"Feature","properties":{"kind":"ph","name":"Riverview Replacement","owner":"Cuyahoga Metropolitan Housing Authority","addr":"3621 Riverside Ave","city":"Cleveland","units":1,"btype":"single-family house","status":null,"built":null,"rad":null,"eld":-4,"dis":-4,"aunits":null,"prog":null,"pop":null,"reac":null,"expires":null,"rentassist":null},"geometry":{"type":"Point","coordinates":[-81.7102070004224,41.455513999240999]}},
{"type":"Feature","properties":{"kind":"ph","name":"EASTSIDE","owner":"Cuyahoga Metropolitan Housing Authority","addr":"2479 Woodhill Rd Apt A","city":"Cleveland","units":8,"btype":"row / townhouse","status":"demolition/disposition approved","built":1940,"rad":null,"eld":-4,"dis":-4,"aunits":null,"prog":null,"pop":null,"reac":null,"expires":null,"rentassist":null},"geometry":{"type":"Point","coordinates":[-81.613348000051801,41.490502999062201]}},
{"type":"Feature","properties":{"kind":"ph","name":"EASTSIDE","owner":"Cuyahoga Metropolitan Housing Authority","addr":"1639 Allegheny Cir","city":"East Cleveland","units":1,"btype":"semi-detached / duplex","status":null,"built":null,"rad":null,"eld":-4,"dis":-4,"aunits":null,"prog":null,"pop":null,"reac":null,"expires":null,"rentassist":null},"geometry":{"type":"Point","coordinates":[-81.583486000357894,41.533573998767899]}},
{"type":"Feature","properties":{"kind":"ph","name":"East Side Neighborhood Homes","owner":"Cuyahoga Metropolitan Housing Authority","addr":"2197 E 76th St","city":"Cleveland","units":1,"btype":"single-family house","status":null,"built":2005,"rad":null,"eld":-4,"dis":-4,"aunits":null,"prog":null,"pop":null,"reac":null,"expires":null,"rentassist":null},"geometry":{"type":"Point","coordinates":[-81.635914999614002,41.498860998941801]}},
{"type":"Feature","properties":{"kind":"ph","name":"Riverview Replacement","owner":"Cuyahoga Metropolitan Housing Authority","addr":"3219 W 95th St","city":"Cleveland","units":1,"btype":"single-family house","status":null,"built":2006,"rad":null,"eld":-4,"dis":-4,"aunits":null,"prog":null,"pop":null,"reac":null,"expires":null,"rentassist":null},"geometry":{"type":"Point","coordinates":[-81.748656000408801,41.466066999212401]}},
{"type":"Feature","properties":{"kind":"ph","name":"Riverview Replacement","owner":"Cuyahoga Metropolitan Housing Authority","addr":"13806 West Ave","city":"Cleveland","units":1,"btype":"single-family house","status":null,"built":null,"rad":null,"eld":-4,"dis":-4,"aunits":null,"prog":null,"pop":null,"reac":null,"expires":null,"rentassist":null},"geometry":{"type":"Point","coordinates":[-81.788041000005506,41.4484079989709]}},
{"type":"Feature","properties":{"kind":"ph","name":"Scattered Sites","owner":"Akron Metropolitan Housing Authority","addr":"1012 Independence Ave","city":"Akron","units":4,"btype":"row / townhouse","status":null,"built":1973,"rad":null,"eld":-4,"dis":-4,"aunits":null,"prog":null,"pop":null,"reac":null,"expires":null,"rentassist":null},"geometry":{"type":"Point","coordinates":[-81.4779419997855,41.1106889987879]}},
{"type":"Feature","properties":{"kind":"ph","name":"VAN BUREN HOMES","owner":"Akron Metropolitan Housing Authority","addr":"541 Tennessee Pl","city":"Barberton","units":4,"btype":"row / townhouse","status":null,"built":1972,"rad":null,"eld":-4,"dis":-4,"aunits":null,"prog":null,"pop":null,"reac":null,"expires":null,"rentassist":null},"geometry":{"type":"Point","coordinates":[-81.600423000218001,41.003798999117997]}},
{"type":"Feature","properties":{"kind":"ph","name":"Cascade Village South","owner":"Akron Metropolitan Housing Authority","addr":"202 Cascade Ct","city":"Akron","units":2,"btype":"semi-detached / duplex","status":null,"built":2008,"rad":null,"eld":-4,"dis":-4,"aunits":null,"prog":null,"pop":null,"reac":null,"expires":null,"rentassist":null},"geometry":{"type":"Point","coordinates":[-81.5089309997838,41.0895629990667]}},
{"type":"Feature","properties":{"kind":"ph","name":"OBERLIN HOMES","owner":"Lorain Metropolitan Housing Authority","addr":"155 Brunswick Dr Apt","city":"Elyria","units":2,"btype":"semi-detached / duplex","status":null,"built":1996,"rad":null,"eld":-4,"dis":-4,"aunits":null,"prog":null,"pop":null,"reac":null,"expires":null,"rentassist":null},"geometry":{"type":"Point","coordinates":[-82.155527999887497,41.360018999037202]}},
{"type":"Feature","properties":{"kind":"ph","name":"OBERLIN HOMES","owner":"Lorain Metropolitan Housing Authority","addr":"3733 Dallas Ave Apt","city":"Lorain","units":1,"btype":"single-family house","status":null,"built":1997,"rad":null,"eld":-4,"dis":-4,"aunits":null,"prog":null,"pop":null,"reac":null,"expires":null,"rentassist":null},"geometry":{"type":"Point","coordinates":[-82.154164999581596,41.435762999191802]}},
{"type":"Feature","properties":{"kind":"ph","name":"Riverview Replacement","owner":"Cuyahoga Metropolitan Housing Authority","addr":"4541 Pearl Rd","city":"Cleveland","units":1,"btype":"single-family house","status":null,"built":null,"rad":null,"eld":-4,"dis":-4,"aunits":null,"prog":null,"pop":null,"reac":null,"expires":null,"rentassist":null},"geometry":{"type":"Point","coordinates":[-81.700153000067004,41.433148998743697]}},
{"type":"Feature","properties":{"kind":"ph","name":"Mohawk","owner":"Akron Metropolitan Housing Authority","addr":"1060 Boylston Rd","city":"Akron","units":6,"btype":"row / townhouse","status":null,"built":1970,"rad":null,"eld":-4,"dis":-4,"aunits":null,"prog":null,"pop":null,"reac":null,"expires":null,"rentassist":null},"geometry":{"type":"Point","coordinates":[-81.488530000068295,41.023842998937198]}},
{"type":"Feature","properties":{"kind":"ph","name":"Scattered Sites","owner":"Akron Metropolitan Housing Authority","addr":"911 Kennebec Ave","city":"Akron","units":1,"btype":"single-family house","status":null,"built":1955,"rad":null,"eld":-4,"dis":-4,"aunits":null,"prog":null,"pop":null,"reac":null,"expires":null,"rentassist":null},"geometry":{"type":"Point","coordinates":[-81.473652999749703,41.089056999358803]}},
{"type":"Feature","properties":{"kind":"ph","name":"OBERLIN HOMES","owner":"Lorain Metropolitan Housing Authority","addr":"4969 Clifton Ave Apt","city":"Lorain","units":1,"btype":"single-family house","status":null,"built":1997,"rad":null,"eld":-4,"dis":-4,"aunits":null,"prog":null,"pop":null,"reac":null,"expires":null,"rentassist":null},"geometry":{"type":"Point","coordinates":[-82.156179999815606,41.422692999149497]}},
{"type":"Feature","properties":{"kind":"ph","name":"SUMMIT LAKE","owner":"Akron Metropolitan Housing Authority","addr":"1 Brutus Pl","city":"Akron","units":8,"btype":"row / townhouse","status":null,"built":1965,"rad":null,"eld":-4,"dis":-4,"aunits":null,"prog":null,"pop":null,"reac":null,"expires":null,"rentassist":null},"geometry":{"type":"Point","coordinates":[-81.543289999926003,41.055205998861098]}},
{"type":"Feature","properties":{"kind":"ph","name":"Scattered Sites","owner":"Akron Metropolitan Housing Authority","addr":"481 Ardella Ave","city":"Akron","units":1,"btype":"single-family house","status":null,"built":null,"rad":null,"eld":-4,"dis":-4,"aunits":null,"prog":null,"pop":null,"reac":null,"expires":null,"rentassist":null},"geometry":{"type":"Point","coordinates":[-81.485458999675103,41.054505998800003]}},
{"type":"Feature","properties":{"kind":"ph","name":"Scattered Sites","owner":"Akron Metropolitan Housing Authority","addr":"1101 7th Ave","city":"Akron","units":1,"btype":"single-family house","status":null,"built":null,"rad":null,"eld":-4,"dis":-4,"aunits":null,"prog":null,"pop":null,"reac":null,"expires":null,"rentassist":null},"geometry":{"type":"Point","coordinates":[-81.489341000005098,41.057653999402397]}},
{"type":"Feature","properties":{"kind":"ph","name":"Valley View","owner":"Akron Metropolitan Housing Authority","addr":"897 Springdale St","city":"Akron","units":6,"btype":"row / townhouse","status":null,"built":1970,"rad":null,"eld":-4,"dis":-4,"aunits":null,"prog":null,"pop":null,"reac":null,"expires":null,"rentassist":null},"geometry":{"type":"Point","coordinates":[-81.521505999813201,41.109874999228197]}},
{"type":"Feature","properties":{"kind":"ph","name":"OBERLIN HOMES","owner":"Lorain Metropolitan Housing Authority","addr":"1553 E 30th St Apt","city":"Lorain","units":3,"btype":"row / townhouse","status":"demolition/disposition proposed","built":2017,"rad":"PBV","eld":-4,"dis":-4,"aunits":null,"prog":null,"pop":null,"reac":null,"expires":null,"rentassist":null},"geometry":{"type":"Point","coordinates":[-82.146562000376605,41.443280999048298]}},
{"type":"Feature","properties":{"kind":"ph","name":"Scattered Sites","owner":"Akron Metropolitan Housing Authority","addr":"742 Eugene St","city":"Akron","units":1,"btype":"single-family house","status":null,"built":null,"rad":null,"eld":-4,"dis":-4,"aunits":null,"prog":null,"pop":null,"reac":null,"expires":null,"rentassist":null},"geometry":{"type":"Point","coordinates":[-81.483035999910399,41.046265998912503]}},
{"type":"Feature","properties":{"kind":"ph","name":"Scattered Sites","owner":"Akron Metropolitan Housing Authority","addr":"579 Ardella Ave","city":"Akron","units":1,"btype":"single-family house","status":null,"built":null,"rad":null,"eld":-4,"dis":-4,"aunits":null,"prog":null,"pop":null,"reac":null,"expires":null,"rentassist":null},"geometry":{"type":"Point","coordinates":[-81.485523000147495,41.0521579992959]}},
{"type":"Feature","properties":{"kind":"ph","name":"EASTSIDE","owner":"Cuyahoga Metropolitan Housing Authority","addr":"2539 Woodhill Rd","city":"Cleveland","units":15,"btype":"walk-up apartments","status":"demolition/disposition approved","built":1940,"rad":null,"eld":-4,"dis":-4,"aunits":null,"prog":null,"pop":null,"reac":null,"expires":null,"rentassist":null},"geometry":{"type":"Point","coordinates":[-81.613168000126805,41.490779999222198]}},
{"type":"Feature","properties":{"kind":"ph","name":"Heritage Homes I (former Garden Valley)","owner":"Cuyahoga Metropolitan Housing Authority","addr":"2857 Sidaway Ave","city":"Cleveland","units":5,"btype":"row / townhouse","status":null,"built":2010,"rad":null,"eld":-4,"dis":-4,"aunits":null,"prog":null,"pop":null,"reac":null,"expires":null,"rentassist":null},"geometry":{"type":"Point","coordinates":[-81.641165000272807,41.480738999232798]}},
{"type":"Feature","properties":{"kind":"ph","name":"Scattered Sites","owner":"Akron Metropolitan Housing Authority","addr":"1066 Sawyer Ave","city":"Akron","units":1,"btype":"single-family house","status":null,"built":1925,"rad":null,"eld":-4,"dis":-4,"aunits":null,"prog":null,"pop":null,"reac":null,"expires":null,"rentassist":null},"geometry":{"type":"Point","coordinates":[-81.505390999760493,41.113760998800103]}},
{"type":"Feature","properties":{"kind":"ph","name":"Scattered Sites","owner":"Akron Metropolitan Housing Authority","addr":"689 Ocean Ave","city":"Akron","units":1,"btype":"single-family house","status":null,"built":1974,"rad":null,"eld":-4,"dis":-4,"aunits":null,"prog":null,"pop":null,"reac":null,"expires":null,"rentassist":null},"geometry":{"type":"Point","coordinates":[-81.487769000360203,41.1150629992934]}},
{"type":"Feature","properties":{"kind":"ph","name":"Scattered Sites","owner":"Akron Metropolitan Housing Authority","addr":"1198 Diagonal Rd","city":"Akron","units":1,"btype":"single-family house","status":null,"built":null,"rad":null,"eld":-4,"dis":-4,"aunits":null,"prog":null,"pop":null,"reac":null,"expires":null,"rentassist":null},"geometry":{"type":"Point","coordinates":[-81.556572000135205,41.073203998942397]}},
{"type":"Feature","properties":{"kind":"ph","name":"Scattered Sites","owner":"Akron Metropolitan Housing Authority","addr":"1009 Clement St","city":"Akron","units":1,"btype":"single-family house","status":null,"built":null,"rad":null,"eld":-4,"dis":-4,"aunits":null,"prog":null,"pop":null,"reac":null,"expires":null,"rentassist":null},"geometry":{"type":"Point","coordinates":[-81.487658000032098,41.0431269990057]}},
{"type":"Feature","properties":{"kind":"ph","name":"Scattered Sites","owner":"Akron Metropolitan Housing Authority","addr":"872 Carpenter St","city":"Akron","units":1,"btype":"single-family house","status":null,"built":null,"rad":null,"eld":-4,"dis":-4,"aunits":null,"prog":null,"pop":null,"reac":null,"expires":null,"rentassist":null},"geometry":{"type":"Point","coordinates":[-81.519550000028701,41.109152999024303]}},
{"type":"Feature","properties":{"kind":"ph","name":"COLONIAL HILLS","owner":"Akron Metropolitan Housing Authority","addr":"119 Colonial Hills Dr","city":"Akron","units":6,"btype":"row / townhouse","status":null,"built":1967,"rad":null,"eld":-4,"dis":-4,"aunits":null,"prog":null,"pop":null,"reac":null,"expires":null,"rentassist":null},"geometry":{"type":"Point","coordinates":[-81.502100000157597,41.107230998914801]}},
{"type":"Feature","properties":{"kind":"ph","name":"Scattered Sites","owner":"Akron Metropolitan Housing Authority","addr":"983 Chalker St","city":"Akron","units":1,"btype":"single-family house","status":null,"built":null,"rad":null,"eld":-4,"dis":-4,"aunits":null,"prog":null,"pop":null,"reac":null,"expires":null,"rentassist":null},"geometry":{"type":"Point","coordinates":[-81.513311000056206,41.112216999252901]}},
{"type":"Feature","properties":{"kind":"ph","name":"Scattered Sites","owner":"Akron Metropolitan Housing Authority","addr":"1270 Diagonal Rd","city":"Akron","units":1,"btype":"single-family house","status":null,"built":null,"rad":null,"eld":-4,"dis":-4,"aunits":null,"prog":null,"pop":null,"reac":null,"expires":null,"rentassist":null},"geometry":{"type":"Point","coordinates":[-81.558563999904706,41.070953998786401]}},
{"type":"Feature","properties":{"kind":"ph","name":"Riverview Replacement","owner":"Cuyahoga Metropolitan Housing Authority","addr":"4212 W 144th St","city":"Cleveland","units":1,"btype":"single-family house","status":null,"built":null,"rad":null,"eld":-4,"dis":-4,"aunits":null,"prog":null,"pop":null,"reac":null,"expires":null,"rentassist":null},"geometry":{"type":"Point","coordinates":[-81.795193000022095,41.440428999115198]}},
{"type":"Feature","properties":{"kind":"ph","name":"East Side Neighborhood Homes","owner":"Cuyahoga Metropolitan Housing Authority","addr":"2204 E 74th St","city":"Cleveland","units":1,"btype":"single-family house","status":null,"built":2005,"rad":null,"eld":-4,"dis":-4,"aunits":null,"prog":null,"pop":null,"reac":null,"expires":null,"rentassist":null},"geometry":{"type":"Point","coordinates":[-81.6367309995737,41.498548999278398]}},
{"type":"Feature","properties":{"kind":"ph","name":"DOWNTOWN","owner":"Cuyahoga Metropolitan Housing Authority","addr":"1296 W 25th St","city":"Cleveland","units":24,"btype":"walk-up apartments","status":null,"built":1937,"rad":null,"eld":29,"dis":11,"aunits":null,"prog":null,"pop":null,"reac":null,"expires":null,"rentassist":null},"geometry":{"type":"Point","coordinates":[-81.709378999868804,41.493572998808197]}},
{"type":"Feature","properties":{"kind":"ph","name":"East Side Neighborhood Homes","owner":"Cuyahoga Metropolitan Housing Authority","addr":"2208 E 76th St","city":"Cleveland","units":1,"btype":"single-family house","status":null,"built":2005,"rad":null,"eld":-4,"dis":-4,"aunits":null,"prog":null,"pop":null,"reac":null,"expires":null,"rentassist":null},"geometry":{"type":"Point","coordinates":[-81.635492000014807,41.499587999254402]}},
{"type":"Feature","properties":{"kind":"ph","name":"East Side Neighborhood Homes","owner":"Cuyahoga Metropolitan Housing Authority","addr":"2330 E 76th St","city":"Cleveland","units":1,"btype":"single-family house","status":null,"built":2005,"rad":null,"eld":-4,"dis":-4,"aunits":null,"prog":null,"pop":null,"reac":null,"expires":null,"rentassist":null},"geometry":{"type":"Point","coordinates":[-81.635964000017907,41.495276999278602]}},
{"type":"Feature","properties":{"kind":"ph","name":"Scattered Sites","owner":"Akron Metropolitan Housing Authority","addr":"687 Russell Ave","city":"Akron","units":1,"btype":"single-family house","status":null,"built":null,"rad":null,"eld":-4,"dis":-4,"aunits":null,"prog":null,"pop":null,"reac":null,"expires":null,"rentassist":null},"geometry":{"type":"Point","coordinates":[-81.551908000180603,41.061684999017999]}},
{"type":"Feature","properties":{"kind":"ph","name":"SUMMIT LAKE","owner":"Akron Metropolitan Housing Authority","addr":"1100 Lakeshore Blvd","city":"Akron","units":12,"btype":"row / townhouse","status":null,"built":1965,"rad":null,"eld":-4,"dis":-4,"aunits":null,"prog":null,"pop":null,"reac":null,"expires":null,"rentassist":null},"geometry":{"type":"Point","coordinates":[-81.541519999914399,41.055799999219701]}},
{"type":"Feature","properties":{"kind":"ph","name":"Scattered Sites","owner":"Akron Metropolitan Housing Authority","addr":"1001 Biruta St","city":"Akron","units":1,"btype":"single-family house","status":null,"built":null,"rad":null,"eld":-4,"dis":-4,"aunits":null,"prog":null,"pop":null,"reac":null,"expires":null,"rentassist":null},"geometry":{"type":"Point","coordinates":[-81.564217999896201,41.062524998773704]}},
{"type":"Feature","properties":{"kind":"ph","name":"Scattered Sites","owner":"Akron Metropolitan Housing Authority","addr":"1045 Dover Ave","city":"Akron","units":1,"btype":"single-family house","status":null,"built":null,"rad":null,"eld":-4,"dis":-4,"aunits":null,"prog":null,"pop":null,"reac":null,"expires":null,"rentassist":null},"geometry":{"type":"Point","coordinates":[-81.562122000369598,41.077354999090701]}},
{"type":"Feature","properties":{"kind":"ph","name":"Mohawk","owner":"Akron Metropolitan Housing Authority","addr":"85 Safer Plz","city":"Akron","units":6,"btype":"row / townhouse","status":null,"built":1970,"rad":null,"eld":-4,"dis":-4,"aunits":null,"prog":null,"pop":null,"reac":null,"expires":null,"rentassist":null},"geometry":{"type":"Point","coordinates":[-81.489991000283496,41.023439999221303]}},
{"type":"Feature","properties":{"kind":"ph","name":"Scattered Sites","owner":"Akron Metropolitan Housing Authority","addr":"1195 Dover Ave","city":"Akron","units":1,"btype":"single-family house","status":null,"built":null,"rad":null,"eld":-4,"dis":-4,"aunits":null,"prog":null,"pop":null,"reac":null,"expires":null,"rentassist":null},"geometry":{"type":"Point","coordinates":[-81.561925999652701,41.073041999087401]}},
{"type":"Feature","properties":{"kind":"ph","name":"OBERLIN HOMES","owner":"Lorain Metropolitan Housing Authority","addr":"5035 Clifton Ave Apt","city":"Lorain","units":1,"btype":"single-family house","status":null,"built":1997,"rad":null,"eld":-4,"dis":-4,"aunits":null,"prog":null,"pop":null,"reac":null,"expires":null,"rentassist":null},"geometry":{"type":"Point","coordinates":[-82.155948000012003,41.4211639994002]}},
{"type":"Feature","properties":{"kind":"ph","name":"CRIMSON TERRACE","owner":"Akron Metropolitan Housing Authority","addr":"402 Herms Ct Apt 1","city":"Barberton","units":8,"btype":"row / townhouse","status":null,"built":1980,"rad":null,"eld":-4,"dis":-4,"aunits":null,"prog":null,"pop":null,"reac":null,"expires":null,"rentassist":null},"geometry":{"type":"Point","coordinates":[-81.588168999680704,41.000119999076396]}},
{"type":"Feature","properties":{"kind":"ph","name":"WILLIAM FOWLER SR APTS","owner":"Akron Metropolitan Housing Authority","addr":"65 Byers Ave","city":"Akron","units":180,"btype":"elevator high-rise","status":null,"built":1973,"rad":null,"eld":43,"dis":77,"aunits":null,"prog":null,"pop":null,"reac":null,"expires":null,"rentassist":null},"geometry":{"type":"Point","coordinates":[-81.540831000176297,41.093384998934802]}},
{"type":"Feature","properties":{"kind":"ph","name":"Edgewood Village South","owner":"Akron Metropolitan Housing Authority","addr":"455 W Bartges St","city":"Akron","units":3,"btype":"row / townhouse","status":null,"built":2012,"rad":null,"eld":-4,"dis":-4,"aunits":null,"prog":null,"pop":null,"reac":null,"expires":null,"rentassist":null},"geometry":{"type":"Point","coordinates":[-81.542382999729696,41.070699999281601]}},
{"type":"Feature","properties":{"kind":"ph","name":"DOWNTOWN","owner":"Cuyahoga Metropolitan Housing Authority","addr":"2751 Loop Dr","city":"Cleveland","units":4,"btype":"walk-up apartments","status":null,"built":1937,"rad":null,"eld":-4,"dis":-4,"aunits":null,"prog":null,"pop":null,"reac":null,"expires":null,"rentassist":null},"geometry":{"type":"Point","coordinates":[-81.710133999729194,41.493970999332298]}},
{"type":"Feature","properties":{"kind":"ph","name":"SUMMIT LAKE","owner":"Akron Metropolitan Housing Authority","addr":"1171 Lakeshore Blvd","city":"Akron","units":4,"btype":"row / townhouse","status":null,"built":null,"rad":null,"eld":-4,"dis":-4,"aunits":null,"prog":null,"pop":null,"reac":null,"expires":null,"rentassist":null},"geometry":{"type":"Point","coordinates":[-81.5411309997519,41.054880998960698]}},
{"type":"Feature","properties":{"kind":"ph","name":"Tremont Pointe II","owner":"Cuyahoga Metropolitan Housing Authority","addr":"2523 W 6th St","city":"Cleveland","units":4,"btype":"row / townhouse","status":null,"built":2009,"rad":null,"eld":-4,"dis":-4,"aunits":null,"prog":null,"pop":null,"reac":null,"expires":null,"rentassist":null},"geometry":{"type":"Point","coordinates":[-81.680384000188198,41.479184998950501]}},
{"type":"Feature","properties":{"kind":"ph","name":"OUTHWAITE","owner":"Cuyahoga Metropolitan Housing Authority","addr":"2583 E 40th St","city":"Cleveland","units":14,"btype":"row / townhouse","status":null,"built":1942,"rad":null,"eld":0,"dis":5,"aunits":null,"prog":null,"pop":null,"reac":null,"expires":null,"rentassist":null},"geometry":{"type":"Point","coordinates":[-81.658954000077699,41.489988999246997]}},
{"type":"Feature","properties":{"kind":"ph","name":"HONEY LOCUST GARDEN","owner":"Akron Metropolitan Housing Authority","addr":"3457 Prange Dr","city":"Cuyahoga Falls","units":6,"btype":"walk-up apartments","status":null,"built":1981,"rad":null,"eld":-4,"dis":-4,"aunits":null,"prog":null,"pop":null,"reac":null,"expires":null,"rentassist":null},"geometry":{"type":"Point","coordinates":[-81.5011150001435,41.1561939993802]}},
{"type":"Feature","properties":{"kind":"ph","name":"Cascade Village South","owner":"Akron Metropolitan Housing Authority","addr":"156 E North St","city":"Akron","units":2,"btype":"semi-detached / duplex","status":null,"built":2008,"rad":null,"eld":-4,"dis":-4,"aunits":null,"prog":null,"pop":null,"reac":null,"expires":null,"rentassist":null},"geometry":{"type":"Point","coordinates":[-81.510622999977599,41.090218998980703]}},
{"type":"Feature","properties":{"kind":"ph","name":"Scattered Sites","owner":"Akron Metropolitan Housing Authority","addr":"485 Cuyahoga St","city":"Akron","units":1,"btype":"single-family house","status":null,"built":null,"rad":null,"eld":-4,"dis":-4,"aunits":null,"prog":null,"pop":null,"reac":null,"expires":null,"rentassist":null},"geometry":{"type":"Point","coordinates":[-81.523382999954904,41.103652998987897]}},
{"type":"Feature","properties":{"kind":"ph","name":"Scattered Sites","owner":"Akron Metropolitan Housing Authority","addr":"408 Noble Ave","city":"Akron","units":1,"btype":"single-family house","status":null,"built":null,"rad":null,"eld":-4,"dis":-4,"aunits":null,"prog":null,"pop":null,"reac":null,"expires":null,"rentassist":null},"geometry":{"type":"Point","coordinates":[-81.554151000020298,41.086040998806602]}},
{"type":"Feature","properties":{"kind":"ph","name":"CRIMSON TERRACE","owner":"Akron Metropolitan Housing Authority","addr":"694 Charles Ave","city":"Barberton","units":1,"btype":"single-family house","status":null,"built":1930,"rad":null,"eld":-4,"dis":-4,"aunits":null,"prog":null,"pop":null,"reac":null,"expires":null,"rentassist":null},"geometry":{"type":"Point","coordinates":[-81.595803999571004,41.028611998900502]}},
{"type":"Feature","properties":{"kind":"ph","name":"CRIMSON TERRACE","owner":"Akron Metropolitan Housing Authority","addr":"1083 Columbus Ave","city":"Barberton","units":1,"btype":"single-family house","status":"demolition/disposition approved","built":1924,"rad":null,"eld":-4,"dis":-4,"aunits":null,"prog":null,"pop":null,"reac":null,"expires":null,"rentassist":null},"geometry":{"type":"Point","coordinates":[-81.628888000169297,41.012350998965701]}},
{"type":"Feature","properties":{"kind":"ph","name":"LAKEVIEW PLAZA","owner":"Lorain Metropolitan Housing Authority","addr":"1750 Broadway Apt","city":"Lorain","units":4,"btype":"row / townhouse","status":null,"built":1966,"rad":null,"eld":-4,"dis":-4,"aunits":null,"prog":null,"pop":null,"reac":null,"expires":null,"rentassist":null},"geometry":{"type":"Point","coordinates":[-82.166723999717505,41.455062998755899]}},
{"type":"Feature","properties":{"kind":"ph","name":"OBERLIN HOMES","owner":"Lorain Metropolitan Housing Authority","addr":"1684 E 29th St Apt","city":"Lorain","units":4,"btype":"row / townhouse","status":"demolition/disposition proposed","built":1972,"rad":"PBV","eld":-4,"dis":-4,"aunits":null,"prog":null,"pop":null,"reac":null,"expires":null,"rentassist":null},"geometry":{"type":"Point","coordinates":[-82.143305000210503,41.444322998930097]}},
{"type":"Feature","properties":{"kind":"ph","name":"OBERLIN HOMES","owner":"Lorain Metropolitan Housing Authority","addr":"3038 Vine Ave Apt","city":"Lorain","units":2,"btype":"semi-detached / duplex","status":"demolition/disposition proposed","built":1973,"rad":"PBV","eld":-4,"dis":-4,"aunits":null,"prog":null,"pop":null,"reac":null,"expires":null,"rentassist":null},"geometry":{"type":"Point","coordinates":[-82.145995999763798,41.4423869992088]}},
{"type":"Feature","properties":{"kind":"ph","name":"LAKEVIEW PLAZA","owner":"Lorain Metropolitan Housing Authority","addr":"1425 Pennsylvania Ave Apt","city":"Lorain","units":1,"btype":"single-family house","status":null,"built":1996,"rad":null,"eld":-4,"dis":-4,"aunits":null,"prog":null,"pop":null,"reac":null,"expires":null,"rentassist":null},"geometry":{"type":"Point","coordinates":[-82.137514999776599,41.468434998769503]}},
{"type":"Feature","properties":{"kind":"ph","name":"WILKES-VILLA","owner":"Lorain Metropolitan Housing Authority","addr":"138 Brace Ave Apt","city":"Elyria","units":1,"btype":"single-family house","status":null,"built":1996,"rad":null,"eld":-4,"dis":-4,"aunits":null,"prog":null,"pop":null,"reac":null,"expires":null,"rentassist":null},"geometry":{"type":"Point","coordinates":[-82.126653999682304,41.387404999320502]}},
{"type":"Feature","properties":{"kind":"ph","name":"OBERLIN HOMES","owner":"Lorain Metropolitan Housing Authority","addr":"4710 Clifton Ave Apt","city":"Lorain","units":1,"btype":"single-family house","status":null,"built":1997,"rad":null,"eld":-4,"dis":-4,"aunits":null,"prog":null,"pop":null,"reac":null,"expires":null,"rentassist":null},"geometry":{"type":"Point","coordinates":[-82.156702000047403,41.425709998922102]}},
{"type":"Feature","properties":{"kind":"ph","name":"DOWNTOWN","owner":"Cuyahoga Metropolitan Housing Authority","addr":"2648 Loop Dr","city":"Cleveland","units":4,"btype":"row / townhouse","status":null,"built":1937,"rad":null,"eld":-4,"dis":-4,"aunits":null,"prog":null,"pop":null,"reac":null,"expires":null,"rentassist":null},"geometry":{"type":"Point","coordinates":[-81.710906000206194,41.494014999043998]}},
{"type":"Feature","properties":{"kind":"ph","name":"SOUTHEAST","owner":"Cuyahoga Metropolitan Housing Authority","addr":"1373 Ansel Rd","city":"Cleveland","units":2,"btype":"semi-detached / duplex","status":"demolition/disposition proposed","built":null,"rad":"PBRA","eld":-4,"dis":-4,"aunits":null,"prog":null,"pop":null,"reac":null,"expires":null,"rentassist":null},"geometry":{"type":"Point","coordinates":[-81.619725000116603,41.519442999380402]}},
{"type":"Feature","properties":{"kind":"ph","name":"OBERLIN HOMES","owner":"Lorain Metropolitan Housing Authority","addr":"5126 Liberty Ave Apt","city":"Lorain","units":1,"btype":"single-family house","status":null,"built":1997,"rad":null,"eld":-4,"dis":-4,"aunits":null,"prog":null,"pop":null,"reac":null,"expires":null,"rentassist":null},"geometry":{"type":"Point","coordinates":[-82.114970999780596,41.422028999060998]}},
{"type":"Feature","properties":{"kind":"ph","name":"Oberlin Homes LIHTC","owner":"Lorain Metropolitan Housing Authority","addr":"148 Groveland St Apt","city":"Oberlin","units":1,"btype":"single-family house","status":null,"built":1966,"rad":null,"eld":-4,"dis":-4,"aunits":null,"prog":null,"pop":null,"reac":null,"expires":null,"rentassist":null},"geometry":{"type":"Point","coordinates":[-82.211717000173294,41.287424999280702]}},
{"type":"Feature","properties":{"kind":"ph","name":"CEDAR CENTRAL","owner":"Cuyahoga Metropolitan Housing Authority","addr":"2804 Cedar Ave","city":"Cleveland","units":54,"btype":"walk-up apartments","status":null,"built":1935,"rad":null,"eld":4,"dis":10,"aunits":null,"prog":null,"pop":null,"reac":null,"expires":null,"rentassist":null},"geometry":{"type":"Point","coordinates":[-81.6685070001177,41.498590998971302]}},
{"type":"Feature","properties":{"kind":"ph","name":"Scattered Sites","owner":"Akron Metropolitan Housing Authority","addr":"666 Sanford Ave","city":"Akron","units":1,"btype":"single-family house","status":null,"built":null,"rad":null,"eld":-4,"dis":-4,"aunits":null,"prog":null,"pop":null,"reac":null,"expires":null,"rentassist":null},"geometry":{"type":"Point","coordinates":[-81.477183999552096,41.082180998961597]}},
{"type":"Feature","properties":{"kind":"ph","name":"Mohawk","owner":"Akron Metropolitan Housing Authority","addr":"34 Safer Plz","city":"Akron","units":4,"btype":"row / townhouse","status":null,"built":1970,"rad":null,"eld":-4,"dis":-4,"aunits":null,"prog":null,"pop":null,"reac":null,"expires":null,"rentassist":null},"geometry":{"type":"Point","coordinates":[-81.488622000129794,41.023018999235397]}},
{"type":"Feature","properties":{"kind":"ph","name":"Scattered Sites","owner":"Akron Metropolitan Housing Authority","addr":"1229 Laffer Ave","city":"Akron","units":1,"btype":"single-family house","status":null,"built":null,"rad":null,"eld":-4,"dis":-4,"aunits":null,"prog":null,"pop":null,"reac":null,"expires":null,"rentassist":null},"geometry":{"type":"Point","coordinates":[-81.477412999880997,41.073984999033698]}},
{"type":"Feature","properties":{"kind":"ph","name":"Heritage Homes III (former Garden Valley","owner":"Cuyahoga Metropolitan Housing Authority","addr":"7212 Port Ave","city":"Cleveland","units":1,"btype":"single-family house","status":null,"built":2011,"rad":null,"eld":-4,"dis":-4,"aunits":null,"prog":null,"pop":null,"reac":null,"expires":null,"rentassist":null},"geometry":{"type":"Point","coordinates":[-81.638493000087806,41.477657999062103]}},
{"type":"Feature","properties":{"kind":"ph","name":"VAN BUREN HOMES","owner":"Akron Metropolitan Housing Authority","addr":"154 Iowa Pl","city":"Barberton","units":4,"btype":"row / townhouse","status":null,"built":1972,"rad":null,"eld":-4,"dis":-4,"aunits":null,"prog":null,"pop":null,"reac":null,"expires":null,"rentassist":null},"geometry":{"type":"Point","coordinates":[-81.600130000315104,41.0073219988411]}},
{"type":"Feature","properties":{"kind":"ph","name":"Scattered Sites","owner":"Akron Metropolitan Housing Authority","addr":"1398 Chippewa Ave","city":"Akron","units":1,"btype":"single-family house","status":null,"built":1928,"rad":null,"eld":-4,"dis":-4,"aunits":null,"prog":null,"pop":null,"reac":null,"expires":null,"rentassist":null},"geometry":{"type":"Point","coordinates":[-81.470764999654605,41.075232999177601]}},
{"type":"Feature","properties":{"kind":"ph","name":"Scattered Sites","owner":"Akron Metropolitan Housing Authority","addr":"1452 Superior Ave","city":"Akron","units":1,"btype":"single-family house","status":null,"built":null,"rad":null,"eld":-4,"dis":-4,"aunits":null,"prog":null,"pop":null,"reac":null,"expires":null,"rentassist":null},"geometry":{"type":"Point","coordinates":[-81.558533999767405,41.065183998985297]}},
{"type":"Feature","properties":{"kind":"ph","name":"OBERLIN HOMES","owner":"Lorain Metropolitan Housing Authority","addr":"4604 Riverside Dr Apt","city":"Lorain","units":1,"btype":"single-family house","status":null,"built":1996,"rad":null,"eld":-4,"dis":-4,"aunits":null,"prog":null,"pop":null,"reac":null,"expires":null,"rentassist":null},"geometry":{"type":"Point","coordinates":[-82.105941999622203,41.426590999079004]}},
{"type":"Feature","properties":{"kind":"ph","name":"COLONIAL HILLS","owner":"Akron Metropolitan Housing Authority","addr":"13 Colonial Hills Dr","city":"Akron","units":6,"btype":"row / townhouse","status":null,"built":1967,"rad":null,"eld":-4,"dis":-4,"aunits":null,"prog":null,"pop":null,"reac":null,"expires":null,"rentassist":null},"geometry":{"type":"Point","coordinates":[-81.502073000393395,41.106901999363103]}},
{"type":"Feature","properties":{"kind":"ph","name":"Scattered Sites","owner":"Akron Metropolitan Housing Authority","addr":"730 Tallkron Dr","city":"Akron","units":1,"btype":"single-family house","status":null,"built":1959,"rad":null,"eld":-4,"dis":-4,"aunits":null,"prog":null,"pop":null,"reac":null,"expires":null,"rentassist":null},"geometry":{"type":"Point","coordinates":[-81.429661000099799,41.076427999149999]}},
{"type":"Feature","properties":{"kind":"ph","name":"Oberlin Homes LIHTC","owner":"Lorain Metropolitan Housing Authority","addr":"83 Berger Ct Apt","city":"Oberlin","units":1,"btype":"single-family house","status":null,"built":1966,"rad":null,"eld":-4,"dis":-4,"aunits":null,"prog":null,"pop":null,"reac":null,"expires":null,"rentassist":null},"geometry":{"type":"Point","coordinates":[-82.206308000404107,41.293597998910002]}},
{"type":"Feature","properties":{"kind":"ph","name":"VAN BUREN HOMES","owner":"Akron Metropolitan Housing Authority","addr":"513 Florida Pl","city":"Barberton","units":3,"btype":"row / townhouse","status":null,"built":1972,"rad":null,"eld":-4,"dis":-4,"aunits":null,"prog":null,"pop":null,"reac":null,"expires":null,"rentassist":null},"geometry":{"type":"Point","coordinates":[-81.598580000411502,41.0035689987374]}},
{"type":"Feature","properties":{"kind":"ph","name":"Bon Sue","owner":"Akron Metropolitan Housing Authority","addr":"19 Rhoda Ct","city":"Akron","units":6,"btype":"row / townhouse","status":null,"built":1970,"rad":null,"eld":-4,"dis":-4,"aunits":null,"prog":null,"pop":null,"reac":null,"expires":null,"rentassist":null},"geometry":{"type":"Point","coordinates":[-81.560799000246703,41.062231998763899]}},
{"type":"Feature","properties":{"kind":"ph","name":"Joy Park","owner":"Akron Metropolitan Housing Authority","addr":"1398 Minson Way","city":"Akron","units":4,"btype":"row / townhouse","status":null,"built":1970,"rad":null,"eld":-4,"dis":-4,"aunits":null,"prog":null,"pop":null,"reac":null,"expires":null,"rentassist":null},"geometry":{"type":"Point","coordinates":[-81.482996999552299,41.057004998967599]}},
{"type":"Feature","properties":{"kind":"ph","name":"Riverview Replacement","owner":"Cuyahoga Metropolitan Housing Authority","addr":"13813 Clifford Ave","city":"Cleveland","units":1,"btype":"single-family house","status":null,"built":null,"rad":null,"eld":-4,"dis":-4,"aunits":null,"prog":null,"pop":null,"reac":null,"expires":null,"rentassist":null},"geometry":{"type":"Point","coordinates":[-81.789669999551904,41.445140999398298]}},
{"type":"Feature","properties":{"kind":"ph","name":"Scattered Sites","owner":"Akron Metropolitan Housing Authority","addr":"1151 Seward Ave","city":"Akron","units":1,"btype":"single-family house","status":null,"built":1951,"rad":null,"eld":-4,"dis":-4,"aunits":null,"prog":null,"pop":null,"reac":null,"expires":null,"rentassist":null},"geometry":{"type":"Point","coordinates":[-81.571492000111505,41.078052999401201]}},
{"type":"Feature","properties":{"kind":"ph","name":"Willow Run","owner":"Akron Metropolitan Housing Authority","addr":"1343 Doty Dr","city":"Akron","units":4,"btype":"row / townhouse","status":null,"built":1981,"rad":null,"eld":-4,"dis":-4,"aunits":null,"prog":null,"pop":null,"reac":null,"expires":null,"rentassist":null},"geometry":{"type":"Point","coordinates":[-81.460260000110793,41.023962998968102]}},
{"type":"Feature","properties":{"kind":"ph","name":"DOWNTOWN","owner":"Cuyahoga Metropolitan Housing Authority","addr":"2565 Loop Dr","city":"Cleveland","units":6,"btype":"row / townhouse","status":null,"built":1937,"rad":null,"eld":-4,"dis":-4,"aunits":null,"prog":null,"pop":null,"reac":null,"expires":null,"rentassist":null},"geometry":{"type":"Point","coordinates":[-81.710717999885205,41.493702998913498]}},
{"type":"Feature","properties":{"kind":"ph","name":"Riverview Replacement","owner":"Cuyahoga Metropolitan Housing Authority","addr":"4449 W 51st St","city":"Cleveland","units":1,"btype":"single-family house","status":null,"built":null,"rad":null,"eld":-4,"dis":-4,"aunits":null,"prog":null,"pop":null,"reac":null,"expires":null,"rentassist":null},"geometry":{"type":"Point","coordinates":[-81.720961000386595,41.435242999059703]}},
{"type":"Feature","properties":{"kind":"ph","name":"Riverview Replacement","owner":"Cuyahoga Metropolitan Housing Authority","addr":"3236 W 88th St","city":"Cleveland","units":1,"btype":"single-family house","status":"demolition/disposition approved","built":null,"rad":null,"eld":-4,"dis":-4,"aunits":null,"prog":null,"pop":null,"reac":null,"expires":null,"rentassist":null},"geometry":{"type":"Point","coordinates":[-81.745039000392694,41.4656519990817]}},
{"type":"Feature","properties":{"kind":"ph","name":"SOUTHEAST","owner":"Cuyahoga Metropolitan Housing Authority","addr":"870 Alhambra Rd","city":"Cleveland","units":1,"btype":"single-family house","status":null,"built":null,"rad":null,"eld":-4,"dis":-4,"aunits":null,"prog":null,"pop":null,"reac":null,"expires":null,"rentassist":null},"geometry":{"type":"Point","coordinates":[-81.565229999674401,41.557266999314997]}},
{"type":"Feature","properties":{"kind":"ph","name":"East Side Neighborhood Homes","owner":"Cuyahoga Metropolitan Housing Authority","addr":"2243 E 71st St","city":"Cleveland","units":1,"btype":"single-family house","status":null,"built":2005,"rad":null,"eld":-4,"dis":-4,"aunits":null,"prog":null,"pop":null,"reac":null,"expires":null,"rentassist":null},"geometry":{"type":"Point","coordinates":[-81.639257999993802,41.497761999227301]}},
{"type":"Feature","properties":{"kind":"ph","name":"Willow Run","owner":"Akron Metropolitan Housing Authority","addr":"1392 Doty Dr","city":"Akron","units":4,"btype":"row / townhouse","status":null,"built":1981,"rad":null,"eld":-4,"dis":-4,"aunits":null,"prog":null,"pop":null,"reac":null,"expires":null,"rentassist":null},"geometry":{"type":"Point","coordinates":[-81.459066999684197,41.023892999202502]}},
{"type":"Feature","properties":{"kind":"ph","name":"Scattered Sites","owner":"Akron Metropolitan Housing Authority","addr":"804 Danmead Ave","city":"Akron","units":1,"btype":"single-family house","status":null,"built":1968,"rad":null,"eld":-4,"dis":-4,"aunits":null,"prog":null,"pop":null,"reac":null,"expires":null,"rentassist":null},"geometry":{"type":"Point","coordinates":[-81.477905999800498,41.085892998810003]}},
{"type":"Feature","properties":{"kind":"ph","name":"Scattered Sites","owner":"Akron Metropolitan Housing Authority","addr":"1288 Dayton St","city":"Akron","units":1,"btype":"single-family house","status":null,"built":1929,"rad":null,"eld":-4,"dis":-4,"aunits":null,"prog":null,"pop":null,"reac":null,"expires":null,"rentassist":null},"geometry":{"type":"Point","coordinates":[-81.507243999612797,41.120578998926597]}},
{"type":"Feature","properties":{"kind":"ph","name":"Scattered Sites","owner":"Akron Metropolitan Housing Authority","addr":"651 Glendora Ave","city":"Akron","units":1,"btype":"single-family house","status":null,"built":null,"rad":null,"eld":-4,"dis":-4,"aunits":null,"prog":null,"pop":null,"reac":null,"expires":null,"rentassist":null},"geometry":{"type":"Point","coordinates":[-81.561183000386293,41.0880199992908]}},
{"type":"Feature","properties":{"kind":"ph","name":"Scattered Sites","owner":"Akron Metropolitan Housing Authority","addr":"121 N Arlington St","city":"Akron","units":1,"btype":"single-family house","status":null,"built":1948,"rad":null,"eld":-4,"dis":-4,"aunits":null,"prog":null,"pop":null,"reac":null,"expires":null,"rentassist":null},"geometry":{"type":"Point","coordinates":[-81.490327999669006,41.075701998832002]}},
{"type":"Feature","properties":{"kind":"ph","name":"Scattered Sites","owner":"Akron Metropolitan Housing Authority","addr":"777 Bulger St","city":"Akron","units":1,"btype":"single-family house","status":null,"built":null,"rad":null,"eld":-4,"dis":-4,"aunits":null,"prog":null,"pop":null,"reac":null,"expires":null,"rentassist":null},"geometry":{"type":"Point","coordinates":[-81.488146999753695,41.049343999041]}},
{"type":"Feature","properties":{"kind":"ph","name":"Riverview Replacement","owner":"Cuyahoga Metropolitan Housing Authority","addr":"3276 W 33rd St","city":"Cleveland","units":1,"btype":"single-family house","status":"demolition/disposition approved","built":null,"rad":null,"eld":-4,"dis":-4,"aunits":null,"prog":null,"pop":null,"reac":null,"expires":null,"rentassist":null},"geometry":{"type":"Point","coordinates":[-81.705577999729599,41.464876999073901]}},
{"type":"Feature","properties":{"kind":"ph","name":"SOUTHEAST","owner":"Cuyahoga Metropolitan Housing Authority","addr":"5815 Hosmer Ave","city":"Cleveland","units":1,"btype":"single-family house","status":null,"built":null,"rad":null,"eld":-4,"dis":-4,"aunits":null,"prog":null,"pop":null,"reac":null,"expires":null,"rentassist":null},"geometry":{"type":"Point","coordinates":[-81.647796999707396,41.453549999105498]}},
{"type":"Feature","properties":{"kind":"ph","name":"SMALL OR SCATTERED","owner":"Cuyahoga Metropolitan Housing Authority","addr":"1929 W 58th St","city":"Cleveland","units":2,"btype":"semi-detached / duplex","status":"demolition/disposition draft","built":null,"rad":null,"eld":-4,"dis":-4,"aunits":null,"prog":null,"pop":null,"reac":null,"expires":null,"rentassist":null},"geometry":{"type":"Point","coordinates":[-81.726139000177,41.479106999206699]}},
{"type":"Feature","properties":{"kind":"ph","name":"OBERLIN HOMES","owner":"Lorain Metropolitan Housing Authority","addr":"1634 E 30th St Apt","city":"Lorain","units":4,"btype":"row / townhouse","status":"demolition/disposition proposed","built":1972,"rad":"PBV","eld":-4,"dis":-4,"aunits":null,"prog":null,"pop":null,"reac":null,"expires":null,"rentassist":null},"geometry":{"type":"Point","coordinates":[-82.142335000265007,41.443288998888796]}},
{"type":"Feature","properties":{"kind":"ph","name":"SCRANTON WOODS/CLOVERDALE","owner":"Geauga Metropolitian Housing Authority","addr":"15482 Cloverdale Dr","city":"Middlefield","units":2,"btype":"semi-detached / duplex","status":null,"built":1985,"rad":null,"eld":-4,"dis":-4,"aunits":null,"prog":null,"pop":null,"reac":null,"expires":null,"rentassist":null},"geometry":{"type":"Point","coordinates":[-81.088650999699297,41.452467999020499]}},
{"type":"Feature","properties":{"kind":"ph","name":"MAPLEWOOD GARDENS","owner":"Akron Metropolitan Housing Authority","addr":"393 Hardman Dr","city":"Cuyahoga Falls","units":8,"btype":"walk-up apartments","status":null,"built":1981,"rad":null,"eld":-4,"dis":-4,"aunits":null,"prog":null,"pop":null,"reac":null,"expires":null,"rentassist":null},"geometry":{"type":"Point","coordinates":[-81.493938000012506,41.186870999082402]}},
{"type":"Feature","properties":{"kind":"ph","name":"Scattered Sites","owner":"Akron Metropolitan Housing Authority","addr":"1048 Bertha Ave","city":"Akron","units":1,"btype":"single-family house","status":null,"built":1952,"rad":null,"eld":-4,"dis":-4,"aunits":null,"prog":null,"pop":null,"reac":null,"expires":null,"rentassist":null},"geometry":{"type":"Point","coordinates":[-81.498246000314893,41.0482709990195]}},
{"type":"Feature","properties":{"kind":"ph","name":"CRIMSON TERRACE","owner":"Akron Metropolitan Housing Authority","addr":"957 Wilbur Ave","city":"Barberton","units":1,"btype":"single-family house","status":null,"built":1950,"rad":null,"eld":-4,"dis":-4,"aunits":null,"prog":null,"pop":null,"reac":null,"expires":null,"rentassist":null},"geometry":{"type":"Point","coordinates":[-81.623836999702107,41.0203129989331]}},
{"type":"Feature","properties":{"kind":"ph","name":"Edgewood Village I","owner":"Akron Metropolitan Housing Authority","addr":"741 Edgewood Ave","city":"Akron","units":3,"btype":"row / townhouse","status":null,"built":null,"rad":null,"eld":-4,"dis":-4,"aunits":null,"prog":null,"pop":null,"reac":null,"expires":null,"rentassist":null},"geometry":{"type":"Point","coordinates":[-81.539421000014798,41.074137999233201]}},
{"type":"Feature","properties":{"kind":"ph","name":"OBERLIN HOMES","owner":"Lorain Metropolitan Housing Authority","addr":"4603 Riverside Dr Apt","city":"Lorain","units":1,"btype":"single-family house","status":null,"built":1996,"rad":null,"eld":-4,"dis":-4,"aunits":null,"prog":null,"pop":null,"reac":null,"expires":null,"rentassist":null},"geometry":{"type":"Point","coordinates":[-82.105902000337593,41.426595998918202]}},
{"type":"Feature","properties":{"kind":"ph","name":"Scattered Sites","owner":"Akron Metropolitan Housing Authority","addr":"1397 Betana Ave","city":"Akron","units":1,"btype":"single-family house","status":null,"built":1961,"rad":null,"eld":-4,"dis":-4,"aunits":null,"prog":null,"pop":null,"reac":null,"expires":null,"rentassist":null},"geometry":{"type":"Point","coordinates":[-81.471321000221593,41.106091999210797]}},
{"type":"Feature","properties":{"kind":"ph","name":"Joy Park","owner":"Akron Metropolitan Housing Authority","addr":"1446 Minson Way","city":"Akron","units":4,"btype":"row / townhouse","status":null,"built":1970,"rad":null,"eld":-4,"dis":-4,"aunits":null,"prog":null,"pop":null,"reac":null,"expires":null,"rentassist":null},"geometry":{"type":"Point","coordinates":[-81.482996999552299,41.0569859991204]}},
{"type":"Feature","properties":{"kind":"ph","name":"Scattered Sites","owner":"Akron Metropolitan Housing Authority","addr":"3041 8th St","city":"Cuyahoga Falls","units":1,"btype":"single-family house","status":null,"built":1954,"rad":null,"eld":-4,"dis":-4,"aunits":null,"prog":null,"pop":null,"reac":null,"expires":null,"rentassist":null},"geometry":{"type":"Point","coordinates":[-81.492224999902305,41.153767998978999]}},
{"type":"Feature","properties":{"kind":"ph","name":"SCRANTON WOODS/CLOVERDALE","owner":"Geauga Metropolitian Housing Authority","addr":"11002 Dianne Dr","city":"Newbury","units":6,"btype":"row / townhouse","status":null,"built":1985,"rad":null,"eld":-4,"dis":-4,"aunits":null,"prog":null,"pop":null,"reac":null,"expires":null,"rentassist":null},"geometry":{"type":"Point","coordinates":[-81.244600999796205,41.472053999114898]}},
{"type":"Feature","properties":{"kind":"ph","name":"Scattered Sites","owner":"Akron Metropolitan Housing Authority","addr":"969 Rosamond Ave","city":"Akron","units":1,"btype":"single-family house","status":null,"built":null,"rad":null,"eld":-4,"dis":-4,"aunits":null,"prog":null,"pop":null,"reac":null,"expires":null,"rentassist":null},"geometry":{"type":"Point","coordinates":[-81.562317000363294,41.060814999257801]}},
{"type":"Feature","properties":{"kind":"ph","name":"Scattered Sites","owner":"Akron Metropolitan Housing Authority","addr":"553 Storer Ave","city":"Akron","units":1,"btype":"single-family house","status":null,"built":null,"rad":null,"eld":-4,"dis":-4,"aunits":null,"prog":null,"pop":null,"reac":null,"expires":null,"rentassist":null},"geometry":{"type":"Point","coordinates":[-81.556097999583898,41.087361999029703]}},
{"type":"Feature","properties":{"kind":"ph","name":"Scattered Sites","owner":"Akron Metropolitan Housing Authority","addr":"2259 Lyndhurst Ave","city":"Stow","units":1,"btype":"single-family house","status":null,"built":1963,"rad":null,"eld":-4,"dis":-4,"aunits":null,"prog":null,"pop":null,"reac":null,"expires":null,"rentassist":null},"geometry":{"type":"Point","coordinates":[-81.427308999581896,41.165541999163302]}},
{"type":"Feature","properties":{"kind":"ph","name":"Edgewood Village South","owner":"Akron Metropolitan Housing Authority","addr":"856 Mallison Ave","city":"Akron","units":3,"btype":"row / townhouse","status":null,"built":2012,"rad":null,"eld":-4,"dis":-4,"aunits":null,"prog":null,"pop":null,"reac":null,"expires":null,"rentassist":null},"geometry":{"type":"Point","coordinates":[-81.542759000371703,41.071472999186803]}},
{"type":"Feature","properties":{"kind":"ph","name":"Scattered Sites","owner":"Akron Metropolitan Housing Authority","addr":"618 Morgan Ave","city":"Akron","units":1,"btype":"single-family house","status":null,"built":1928,"rad":null,"eld":-4,"dis":-4,"aunits":null,"prog":null,"pop":null,"reac":null,"expires":null,"rentassist":null},"geometry":{"type":"Point","coordinates":[-81.506753000241403,41.055058999053003]}},
{"type":"Feature","properties":{"kind":"ph","name":"Scattered Sites","owner":"Akron Metropolitan Housing Authority","addr":"1611 Manchester Rd","city":"Akron","units":1,"btype":"single-family house","status":null,"built":null,"rad":null,"eld":-4,"dis":-4,"aunits":null,"prog":null,"pop":null,"reac":null,"expires":null,"rentassist":null},"geometry":{"type":"Point","coordinates":[-81.549304999592593,41.055081998828001]}},
{"type":"Feature","properties":{"kind":"ph","name":"SCRANTON WOODS/CLOVERDALE","owner":"Geauga Metropolitian Housing Authority","addr":"14569 Linda Dr","city":"Newbury","units":4,"btype":"row / townhouse","status":null,"built":1985,"rad":null,"eld":-4,"dis":-4,"aunits":null,"prog":null,"pop":null,"reac":null,"expires":null,"rentassist":null},"geometry":{"type":"Point","coordinates":[-81.245290000432604,41.471338999381103]}},
{"type":"Feature","properties":{"kind":"ph","name":"Oberlin Homes LIHTC","owner":"Lorain Metropolitan Housing Authority","addr":"73 Berger Ct Apt","city":"Oberlin","units":1,"btype":"single-family house","status":null,"built":1966,"rad":null,"eld":-4,"dis":-4,"aunits":null,"prog":null,"pop":null,"reac":null,"expires":null,"rentassist":null},"geometry":{"type":"Point","coordinates":[-82.206308000404107,41.293597998910002]}},
{"type":"Feature","properties":{"kind":"ph","name":"Scattered Sites","owner":"Akron Metropolitan Housing Authority","addr":"1011 Bye St","city":"Akron","units":1,"btype":"single-family house","status":"demolition/disposition approved","built":null,"rad":null,"eld":-4,"dis":-4,"aunits":null,"prog":null,"pop":null,"reac":null,"expires":null,"rentassist":null},"geometry":{"type":"Point","coordinates":[-81.5528930001947,41.089237999024903]}},
{"type":"Feature","properties":{"kind":"ph","name":"Scattered Sites","owner":"Akron Metropolitan Housing Authority","addr":"809 Mercer Ave","city":"Akron","units":1,"btype":"single-family house","status":null,"built":null,"rad":null,"eld":-4,"dis":-4,"aunits":null,"prog":null,"pop":null,"reac":null,"expires":null,"rentassist":null},"geometry":{"type":"Point","coordinates":[-81.556933999635106,41.081909998950799]}},
{"type":"Feature","properties":{"kind":"ph","name":"KING KENNEDY","owner":"Cuyahoga Metropolitan Housing Authority","addr":"6402 Haltnorth Walk Apt A","city":"Cleveland","units":12,"btype":"row / townhouse","status":null,"built":1970,"rad":null,"eld":9,"dis":9,"aunits":null,"prog":null,"pop":null,"reac":null,"expires":null,"rentassist":null},"geometry":{"type":"Point","coordinates":[-81.645852999618498,41.488895998753797]}},
{"type":"Feature","properties":{"kind":"ph","name":"Scattered Sites","owner":"Akron Metropolitan Housing Authority","addr":"3210 Wilson St","city":"Cuyahoga Falls","units":1,"btype":"single-family house","status":null,"built":1949,"rad":null,"eld":-4,"dis":-4,"aunits":null,"prog":null,"pop":null,"reac":null,"expires":null,"rentassist":null},"geometry":{"type":"Point","coordinates":[-81.487350999885393,41.158159999252]}},
{"type":"Feature","properties":{"kind":"ph","name":"Scattered Sites","owner":"Akron Metropolitan Housing Authority","addr":"1179 Flanders Ave","city":"Akron","units":1,"btype":"single-family house","status":null,"built":1954,"rad":null,"eld":-4,"dis":-4,"aunits":null,"prog":null,"pop":null,"reac":null,"expires":null,"rentassist":null},"geometry":{"type":"Point","coordinates":[-81.570743000099,41.027484999122997]}},
{"type":"Feature","properties":{"kind":"ph","name":"Edgewood Village South","owner":"Akron Metropolitan Housing Authority","addr":"889 Mallison Ave","city":"Akron","units":2,"btype":"semi-detached / duplex","status":null,"built":2012,"rad":null,"eld":-4,"dis":-4,"aunits":null,"prog":null,"pop":null,"reac":null,"expires":null,"rentassist":null},"geometry":{"type":"Point","coordinates":[-81.542197999781806,41.071176998939798]}},
{"type":"Feature","properties":{"kind":"ph","name":"Scattered Sites","owner":"Akron Metropolitan Housing Authority","addr":"441 Bacon Ave","city":"Akron","units":1,"btype":"single-family house","status":null,"built":null,"rad":null,"eld":-4,"dis":-4,"aunits":null,"prog":null,"pop":null,"reac":null,"expires":null,"rentassist":null},"geometry":{"type":"Point","coordinates":[-81.552561999758595,41.088133999333103]}},
{"type":"Feature","properties":{"kind":"ph","name":"VAN BUREN HOMES","owner":"Akron Metropolitan Housing Authority","addr":"353 Michigan Pl","city":"Barberton","units":3,"btype":"row / townhouse","status":null,"built":1972,"rad":null,"eld":-4,"dis":-4,"aunits":null,"prog":null,"pop":null,"reac":null,"expires":null,"rentassist":null},"geometry":{"type":"Point","coordinates":[-81.600270000057193,41.005315998932304]}},
{"type":"Feature","properties":{"kind":"ph","name":"Riverview Replacement","owner":"Cuyahoga Metropolitan Housing Authority","addr":"13604 Belleshire Ave","city":"Cleveland","units":1,"btype":"single-family house","status":null,"built":null,"rad":null,"eld":-4,"dis":-4,"aunits":null,"prog":null,"pop":null,"reac":null,"expires":null,"rentassist":null},"geometry":{"type":"Point","coordinates":[-81.786742000172097,41.435646998730697]}},
{"type":"Feature","properties":{"kind":"ph","name":"CRIMSON TERRACE","owner":"Akron Metropolitan Housing Authority","addr":"400 Herms Ct Apt 1","city":"Barberton","units":16,"btype":"row / townhouse","status":null,"built":1980,"rad":null,"eld":-4,"dis":-4,"aunits":null,"prog":null,"pop":null,"reac":null,"expires":null,"rentassist":null},"geometry":{"type":"Point","coordinates":[-81.588059999900693,41.000119999076396]}},
{"type":"Feature","properties":{"kind":"ph","name":"SUMMIT LAKE","owner":"Akron Metropolitan Housing Authority","addr":"1287 Roulhac Cir","city":"Akron","units":1,"btype":"single-family house","status":null,"built":1999,"rad":null,"eld":-4,"dis":-4,"aunits":null,"prog":null,"pop":null,"reac":null,"expires":null,"rentassist":null},"geometry":{"type":"Point","coordinates":[-81.556632000409607,41.068655999371899]}},
{"type":"Feature","properties":{"kind":"ph","name":"SCRANTON WOODS/CLOVERDALE","owner":"Geauga Metropolitian Housing Authority","addr":"15515 Cloverdale Dr","city":"Middlefield","units":2,"btype":"semi-detached / duplex","status":null,"built":1985,"rad":null,"eld":-4,"dis":-4,"aunits":null,"prog":null,"pop":null,"reac":null,"expires":null,"rentassist":null},"geometry":{"type":"Point","coordinates":[-81.088156000129999,41.452139999306702]}},
{"type":"Feature","properties":{"kind":"ph","name":"Scattered Sites","owner":"Akron Metropolitan Housing Authority","addr":"987 Chalker St","city":"Akron","units":1,"btype":"single-family house","status":null,"built":1919,"rad":null,"eld":-4,"dis":-4,"aunits":null,"prog":null,"pop":null,"reac":null,"expires":null,"rentassist":null},"geometry":{"type":"Point","coordinates":[-81.513302999660297,41.112318998739703]}},
{"type":"Feature","properties":{"kind":"ph","name":"Scattered Sites","owner":"Akron Metropolitan Housing Authority","addr":"572 Anderson Ave","city":"Akron","units":1,"btype":"single-family house","status":null,"built":null,"rad":null,"eld":-4,"dis":-4,"aunits":null,"prog":null,"pop":null,"reac":null,"expires":null,"rentassist":null},"geometry":{"type":"Point","coordinates":[-81.480752000062793,41.047531999326502]}},
{"type":"Feature","properties":{"kind":"ph","name":"Joy Park","owner":"Akron Metropolitan Housing Authority","addr":"1331 Minson Way","city":"Akron","units":6,"btype":"row / townhouse","status":null,"built":1970,"rad":null,"eld":-4,"dis":-4,"aunits":null,"prog":null,"pop":null,"reac":null,"expires":null,"rentassist":null},"geometry":{"type":"Point","coordinates":[-81.483822999557702,41.0549629991391]}},
{"type":"Feature","properties":{"kind":"ph","name":"Scattered Sites","owner":"Akron Metropolitan Housing Authority","addr":"817 Staeger St","city":"Akron","units":1,"btype":"single-family house","status":null,"built":null,"rad":null,"eld":-4,"dis":-4,"aunits":null,"prog":null,"pop":null,"reac":null,"expires":null,"rentassist":null},"geometry":{"type":"Point","coordinates":[-81.483656999876402,41.0443819987754]}},
{"type":"Feature","properties":{"kind":"ph","name":"Edgewood Village 4","owner":"Akron Metropolitan Housing Authority","addr":"742 Rita Dove Ln","city":"Akron","units":2,"btype":"semi-detached / duplex","status":null,"built":null,"rad":null,"eld":-4,"dis":-4,"aunits":null,"prog":null,"pop":null,"reac":null,"expires":null,"rentassist":null},"geometry":{"type":"Point","coordinates":[-81.540968000443598,41.073921999246402]}},
{"type":"Feature","properties":{"kind":"ph","name":"Edgewood Village I","owner":"Akron Metropolitan Housing Authority","addr":"729 Edgewood Ave","city":"Akron","units":2,"btype":"semi-detached / duplex","status":null,"built":null,"rad":null,"eld":-4,"dis":-4,"aunits":null,"prog":null,"pop":null,"reac":null,"expires":null,"rentassist":null},"geometry":{"type":"Point","coordinates":[-81.539877000124307,41.074056998813397]}},
{"type":"Feature","properties":{"kind":"ph","name":"Scattered Sites","owner":"Akron Metropolitan Housing Authority","addr":"1029 Kling St","city":"Akron","units":1,"btype":"single-family house","status":"demolition/disposition approved","built":1925,"rad":null,"eld":-4,"dis":-4,"aunits":null,"prog":null,"pop":null,"reac":null,"expires":null,"rentassist":null},"geometry":{"type":"Point","coordinates":[-81.511898000419905,41.053787999187897]}},
{"type":"Feature","properties":{"kind":"ph","name":"Scattered Sites","owner":"Akron Metropolitan Housing Authority","addr":"965 Chinook Ave","city":"Akron","units":1,"btype":"single-family house","status":null,"built":1975,"rad":null,"eld":-4,"dis":-4,"aunits":null,"prog":null,"pop":null,"reac":null,"expires":null,"rentassist":null},"geometry":{"type":"Point","coordinates":[-81.470523999630103,41.089910999312501]}},
{"type":"Feature","properties":{"kind":"ph","name":"HONEY LOCUST GARDEN","owner":"Akron Metropolitan Housing Authority","addr":"3327 Prange Dr","city":"Cuyahoga Falls","units":16,"btype":"walk-up apartments","status":null,"built":1981,"rad":null,"eld":-4,"dis":-4,"aunits":null,"prog":null,"pop":null,"reac":null,"expires":null,"rentassist":null},"geometry":{"type":"Point","coordinates":[-81.501117999618202,41.155415999079104]}},
{"type":"Feature","properties":{"kind":"ph","name":"OBERLIN HOMES","owner":"Lorain Metropolitan Housing Authority","addr":"1610 E 29th St Apt","city":"Lorain","units":4,"btype":"row / townhouse","status":"demolition/disposition proposed","built":1972,"rad":"PBV","eld":-4,"dis":-4,"aunits":null,"prog":null,"pop":null,"reac":null,"expires":null,"rentassist":null},"geometry":{"type":"Point","coordinates":[-82.143305000210503,41.444322998930097]}},
{"type":"Feature","properties":{"kind":"ph","name":"Scattered Sites","owner":"Akron Metropolitan Housing Authority","addr":"1094 Juneau Ave","city":"Akron","units":1,"btype":"single-family house","status":null,"built":null,"rad":null,"eld":-4,"dis":-4,"aunits":null,"prog":null,"pop":null,"reac":null,"expires":null,"rentassist":null},"geometry":{"type":"Point","coordinates":[-81.576305000028995,41.079701998868103]}},
{"type":"Feature","properties":{"kind":"ph","name":"COLONIAL HILLS","owner":"Akron Metropolitan Housing Authority","addr":"115 Colonial Hills Dr","city":"Akron","units":6,"btype":"row / townhouse","status":null,"built":1967,"rad":null,"eld":-4,"dis":-4,"aunits":null,"prog":null,"pop":null,"reac":null,"expires":null,"rentassist":null},"geometry":{"type":"Point","coordinates":[-81.502120000248993,41.1072299991881]}},
{"type":"Feature","properties":{"kind":"ph","name":"Scattered Sites","owner":"Akron Metropolitan Housing Authority","addr":"66 Kimlyn Cir","city":"Akron","units":6,"btype":"row / townhouse","status":null,"built":1973,"rad":null,"eld":-4,"dis":-4,"aunits":null,"prog":null,"pop":null,"reac":null,"expires":null,"rentassist":null},"geometry":{"type":"Point","coordinates":[-81.4774940000719,41.110185999092202]}},
{"type":"Feature","properties":{"kind":"ph","name":"SUMMIT LAKE","owner":"Akron Metropolitan Housing Authority","addr":"1152 Lakeshore Blvd","city":"Akron","units":8,"btype":"row / townhouse","status":null,"built":1965,"rad":null,"eld":-4,"dis":-4,"aunits":null,"prog":null,"pop":null,"reac":null,"expires":null,"rentassist":null},"geometry":{"type":"Point","coordinates":[-81.541556999724307,41.055271999165797]}},
{"type":"Feature","properties":{"kind":"ph","name":"Scattered Sites","owner":"Akron Metropolitan Housing Authority","addr":"918 Sheridan Ave","city":"Akron","units":1,"btype":"single-family house","status":null,"built":null,"rad":null,"eld":-4,"dis":-4,"aunits":null,"prog":null,"pop":null,"reac":null,"expires":null,"rentassist":null},"geometry":{"type":"Point","coordinates":[-81.558834000241404,41.063812998964401]}},
{"type":"Feature","properties":{"kind":"ph","name":"Scattered Sites","owner":"Akron Metropolitan Housing Authority","addr":"1502 Overlook Dr","city":"Akron","units":1,"btype":"single-family house","status":null,"built":1928,"rad":null,"eld":-4,"dis":-4,"aunits":null,"prog":null,"pop":null,"reac":null,"expires":null,"rentassist":null},"geometry":{"type":"Point","coordinates":[-81.551380999925897,41.057718998802997]}},
{"type":"Feature","properties":{"kind":"ph","name":"Scattered Sites","owner":"Akron Metropolitan Housing Authority","addr":"876 Orlando Ave","city":"Akron","units":1,"btype":"single-family house","status":null,"built":null,"rad":null,"eld":-4,"dis":-4,"aunits":null,"prog":null,"pop":null,"reac":null,"expires":null,"rentassist":null},"geometry":{"type":"Point","coordinates":[-81.568496999886193,41.084898999080004]}},
{"type":"Feature","properties":{"kind":"ph","name":"Scattered Sites","owner":"Akron Metropolitan Housing Authority","addr":"43 W Crosier St","city":"Akron","units":1,"btype":"single-family house","status":null,"built":null,"rad":null,"eld":-4,"dis":-4,"aunits":null,"prog":null,"pop":null,"reac":null,"expires":null,"rentassist":null},"geometry":{"type":"Point","coordinates":[-81.5302400004188,41.059769999078298]}},
{"type":"Feature","properties":{"kind":"ph","name":"SCRANTON WOODS/CLOVERDALE","owner":"Geauga Metropolitian Housing Authority","addr":"385 Center St","city":"Chardon","units":76,"btype":"walk-up apartments","status":null,"built":1982,"rad":null,"eld":55,"dis":79,"aunits":null,"prog":null,"pop":null,"reac":null,"expires":null,"rentassist":null},"geometry":{"type":"Point","coordinates":[-81.218149000429193,41.586704998779403]}},
{"type":"Feature","properties":{"kind":"ph","name":"RAY C SUTLIFF APTS","owner":"Akron Metropolitan Housing Authority","addr":"1850 2nd St","city":"Cuyahoga Falls","units":185,"btype":"elevator high-rise","status":null,"built":1974,"rad":null,"eld":54,"dis":77,"aunits":null,"prog":null,"pop":null,"reac":null,"expires":null,"rentassist":null},"geometry":{"type":"Point","coordinates":[-81.485356999567799,41.131267998963501]}},
{"type":"Feature","properties":{"kind":"ph","name":"Riverview Replacement","owner":"Cuyahoga Metropolitan Housing Authority","addr":"4321 Trent Ave","city":"Cleveland","units":1,"btype":"single-family house","status":null,"built":null,"rad":null,"eld":-4,"dis":-4,"aunits":null,"prog":null,"pop":null,"reac":null,"expires":null,"rentassist":null},"geometry":{"type":"Point","coordinates":[-81.715936999683606,41.467609999285301]}},
{"type":"Feature","properties":{"kind":"ph","name":"Edgewood Village I","owner":"Akron Metropolitan Housing Authority","addr":"490 Euclid Ave","city":"Akron","units":2,"btype":"semi-detached / duplex","status":null,"built":null,"rad":null,"eld":-4,"dis":-4,"aunits":null,"prog":null,"pop":null,"reac":null,"expires":null,"rentassist":null},"geometry":{"type":"Point","coordinates":[-81.540515999633698,41.075726999249497]}},
{"type":"Feature","properties":{"kind":"ph","name":"Scattered Sites","owner":"Akron Metropolitan Housing Authority","addr":"958 Chinook Ave","city":"Akron","units":1,"btype":"single-family house","status":null,"built":1975,"rad":null,"eld":-4,"dis":-4,"aunits":null,"prog":null,"pop":null,"reac":null,"expires":null,"rentassist":null},"geometry":{"type":"Point","coordinates":[-81.4709630000213,41.089818998788601]}},
{"type":"Feature","properties":{"kind":"ph","name":"Scattered Sites","owner":"Akron Metropolitan Housing Authority","addr":"1268 Bee Bee Cir","city":"Akron","units":1,"btype":"single-family house","status":null,"built":1974,"rad":null,"eld":-4,"dis":-4,"aunits":null,"prog":null,"pop":null,"reac":null,"expires":null,"rentassist":null},"geometry":{"type":"Point","coordinates":[-81.472445000152803,41.090160999113998]}},
{"type":"Feature","properties":{"kind":"ph","name":"East Side Neighborhood Homes","owner":"Cuyahoga Metropolitan Housing Authority","addr":"2334 E 76th St","city":"Cleveland","units":1,"btype":"single-family house","status":null,"built":2005,"rad":null,"eld":-4,"dis":-4,"aunits":null,"prog":null,"pop":null,"reac":null,"expires":null,"rentassist":null},"geometry":{"type":"Point","coordinates":[-81.635964000017907,41.495166999394897]}},
{"type":"Feature","properties":{"kind":"ph","name":"KING KENNEDY","owner":"Cuyahoga Metropolitan Housing Authority","addr":"2478 E 64th St","city":"Cleveland","units":5,"btype":"row / townhouse","status":null,"built":2005,"rad":null,"eld":-4,"dis":-4,"aunits":null,"prog":null,"pop":null,"reac":null,"expires":null,"rentassist":null},"geometry":{"type":"Point","coordinates":[-81.645831999702096,41.491644998874797]}},
{"type":"Feature","properties":{"kind":"ph","name":"Riverview Replacement","owner":"Cuyahoga Metropolitan Housing Authority","addr":"5305 Ira Ave","city":"Cleveland","units":1,"btype":"single-family house","status":null,"built":null,"rad":null,"eld":-4,"dis":-4,"aunits":null,"prog":null,"pop":null,"reac":null,"expires":null,"rentassist":null},"geometry":{"type":"Point","coordinates":[-81.722690000390301,41.427897999011797]}},
{"type":"Feature","properties":{"kind":"ph","name":"Scattered Sites","owner":"Akron Metropolitan Housing Authority","addr":"677 Copley Rd Apt A","city":"Akron","units":4,"btype":"row / townhouse","status":null,"built":1953,"rad":null,"eld":-4,"dis":-4,"aunits":null,"prog":null,"pop":null,"reac":null,"expires":null,"rentassist":null},"geometry":{"type":"Point","coordinates":[-81.5462459997932,41.084307999068798]}},
{"type":"Feature","properties":{"kind":"ph","name":"Scattered Sites","owner":"Akron Metropolitan Housing Authority","addr":"1840 8th St SW","city":"Akron","units":1,"btype":"single-family house","status":null,"built":1950,"rad":null,"eld":-4,"dis":-4,"aunits":null,"prog":null,"pop":null,"reac":null,"expires":null,"rentassist":null},"geometry":{"type":"Point","coordinates":[-81.552657000193193,41.052314999016303]}},
{"type":"Feature","properties":{"kind":"ph","name":"Heritage Homes III (former Garden Valley","owner":"Cuyahoga Metropolitan Housing Authority","addr":"3025 E 72nd St","city":"Cleveland","units":4,"btype":"row / townhouse","status":null,"built":2012,"rad":null,"eld":-4,"dis":-4,"aunits":null,"prog":null,"pop":null,"reac":null,"expires":null,"rentassist":null},"geometry":{"type":"Point","coordinates":[-81.638082000183999,41.4803159988194]}},
{"type":"Feature","properties":{"kind":"ph","name":"EASTSIDE","owner":"Cuyahoga Metropolitan Housing Authority","addr":"1625 Allegheny Cir","city":"East Cleveland","units":1,"btype":"semi-detached / duplex","status":null,"built":null,"rad":null,"eld":-4,"dis":-4,"aunits":null,"prog":null,"pop":null,"reac":null,"expires":null,"rentassist":null},"geometry":{"type":"Point","coordinates":[-81.583910999606999,41.533480998941002]}},
{"type":"Feature","properties":{"kind":"ph","name":"EASTSIDE","owner":"Cuyahoga Metropolitan Housing Authority","addr":null,"city":"Cleveland","units":7,"btype":"row / townhouse","status":"demolition/disposition approved","built":1940,"rad":"PBV","eld":-4,"dis":-4,"aunits":null,"prog":null,"pop":null,"reac":null,"expires":null,"rentassist":null},"geometry":{"type":"Point","coordinates":[-81.625800000057595,41.475299998771099]}},
{"type":"Feature","properties":{"kind":"ph","name":"KING KENNEDY","owner":"Cuyahoga Metropolitan Housing Authority","addr":"6501 Woodland Ave Apt A","city":"Cleveland","units":6,"btype":"row / townhouse","status":null,"built":1970,"rad":null,"eld":-4,"dis":-4,"aunits":null,"prog":null,"pop":null,"reac":null,"expires":null,"rentassist":null},"geometry":{"type":"Point","coordinates":[-81.644464000271697,41.488227999246398]}},
{"type":"Feature","properties":{"kind":"ph","name":"Valley View","owner":"Akron Metropolitan Housing Authority","addr":"953 Garfield St","city":"Akron","units":4,"btype":"row / townhouse","status":null,"built":1970,"rad":null,"eld":-4,"dis":-4,"aunits":null,"prog":null,"pop":null,"reac":null,"expires":null,"rentassist":null},"geometry":{"type":"Point","coordinates":[-81.520319999957593,41.110210999250199]}},
{"type":"Feature","properties":{"kind":"ph","name":"Scattered Sites","owner":"Akron Metropolitan Housing Authority","addr":"443 S Hawkins Ave","city":"Akron","units":8,"btype":"walk-up apartments","status":null,"built":1949,"rad":null,"eld":-4,"dis":-4,"aunits":null,"prog":null,"pop":null,"reac":null,"expires":null,"rentassist":null},"geometry":{"type":"Point","coordinates":[-81.569118999677201,41.096944999161003]}},
{"type":"Feature","properties":{"kind":"ph","name":"Mohawk","owner":"Akron Metropolitan Housing Authority","addr":"45 Safer Plz","city":"Akron","units":6,"btype":"row / townhouse","status":null,"built":1970,"rad":null,"eld":-4,"dis":-4,"aunits":null,"prog":null,"pop":null,"reac":null,"expires":null,"rentassist":null},"geometry":{"type":"Point","coordinates":[-81.489817000206202,41.023304998776901]}},
{"type":"Feature","properties":{"kind":"ph","name":"OUTHWAITE","owner":"Cuyahoga Metropolitan Housing Authority","addr":"2512 E 55th St","city":"Cleveland","units":33,"btype":"row / townhouse","status":null,"built":1942,"rad":null,"eld":0,"dis":3,"aunits":null,"prog":null,"pop":null,"reac":null,"expires":null,"rentassist":null},"geometry":{"type":"Point","coordinates":[-81.651850999566605,41.4904639992847]}},
{"type":"Feature","properties":{"kind":"ph","name":"Scattered Sites","owner":"Akron Metropolitan Housing Authority","addr":"895 Indian Trl","city":"Akron","units":1,"btype":"single-family house","status":null,"built":null,"rad":null,"eld":-4,"dis":-4,"aunits":null,"prog":null,"pop":null,"reac":null,"expires":null,"rentassist":null},"geometry":{"type":"Point","coordinates":[-81.558647999570297,41.053898998729501]}},
{"type":"Feature","properties":{"kind":"ph","name":"Scattered Sites","owner":"Akron Metropolitan Housing Authority","addr":"1302 Stoner St","city":"Akron","units":1,"btype":"single-family house","status":null,"built":null,"rad":null,"eld":-4,"dis":-4,"aunits":null,"prog":null,"pop":null,"reac":null,"expires":null,"rentassist":null},"geometry":{"type":"Point","coordinates":[-81.570783000281907,41.0762929990345]}},
{"type":"Feature","properties":{"kind":"ph","name":"VAN BUREN HOMES","owner":"Akron Metropolitan Housing Authority","addr":"301 Michigan Pl","city":"Barberton","units":4,"btype":"row / townhouse","status":null,"built":1972,"rad":null,"eld":-4,"dis":-4,"aunits":null,"prog":null,"pop":null,"reac":null,"expires":null,"rentassist":null},"geometry":{"type":"Point","coordinates":[-81.600032000405804,41.005171999320297]}},
{"type":"Feature","properties":{"kind":"ph","name":"Scattered Sites","owner":"Akron Metropolitan Housing Authority","addr":"789 Fuller St","city":"Akron","units":1,"btype":"single-family house","status":null,"built":1968,"rad":null,"eld":-4,"dis":-4,"aunits":null,"prog":null,"pop":null,"reac":null,"expires":null,"rentassist":null},"geometry":{"type":"Point","coordinates":[-81.483450000187105,41.056367998815503]}},
{"type":"Feature","properties":{"kind":"ph","name":"Scattered Sites","owner":"Akron Metropolitan Housing Authority","addr":"1048 Wall St","city":"Akron","units":1,"btype":"single-family house","status":null,"built":null,"rad":null,"eld":-4,"dis":-4,"aunits":null,"prog":null,"pop":null,"reac":null,"expires":null,"rentassist":null},"geometry":{"type":"Point","coordinates":[-81.516353000137102,41.1139939988294]}},
{"type":"Feature","properties":{"kind":"ph","name":"KING KENNEDY","owner":"Cuyahoga Metropolitan Housing Authority","addr":"6254 Scovill Ave","city":"Cleveland","units":3,"btype":"row / townhouse","status":null,"built":2005,"rad":null,"eld":-4,"dis":-4,"aunits":null,"prog":null,"pop":null,"reac":null,"expires":null,"rentassist":null},"geometry":{"type":"Point","coordinates":[-81.6467799999063,41.491528998751797]}},
{"type":"Feature","properties":{"kind":"ph","name":"Scattered Sites","owner":"Akron Metropolitan Housing Authority","addr":"610 Chittenden St","city":"Akron","units":1,"btype":"single-family house","status":null,"built":null,"rad":null,"eld":-4,"dis":-4,"aunits":null,"prog":null,"pop":null,"reac":null,"expires":null,"rentassist":null},"geometry":{"type":"Point","coordinates":[-81.489029999660502,41.0532629988544]}},
{"type":"Feature","properties":{"kind":"ph","name":"Valley View","owner":"Akron Metropolitan Housing Authority","addr":"898 Springdale St","city":"Akron","units":6,"btype":"row / townhouse","status":null,"built":1970,"rad":null,"eld":-4,"dis":-4,"aunits":null,"prog":null,"pop":null,"reac":null,"expires":null,"rentassist":null},"geometry":{"type":"Point","coordinates":[-81.521534000300605,41.109904999287998]}},
{"type":"Feature","properties":{"kind":"ph","name":"Scattered Sites","owner":"Akron Metropolitan Housing Authority","addr":"1661 Hillside Ter","city":"Akron","units":1,"btype":"single-family house","status":null,"built":1918,"rad":null,"eld":-4,"dis":-4,"aunits":null,"prog":null,"pop":null,"reac":null,"expires":null,"rentassist":null},"geometry":{"type":"Point","coordinates":[-81.464944999981697,41.071978998842901]}},
{"type":"Feature","properties":{"kind":"ph","name":"Riverview Replacement","owner":"Cuyahoga Metropolitan Housing Authority","addr":"3829 Highland Rd","city":"Cleveland","units":1,"btype":"single-family house","status":null,"built":null,"rad":null,"eld":-4,"dis":-4,"aunits":null,"prog":null,"pop":null,"reac":null,"expires":null,"rentassist":null},"geometry":{"type":"Point","coordinates":[-81.766437999642704,41.4482919988913]}},
{"type":"Feature","properties":{"kind":"ph","name":"Heritage Homes II (former Garden Valley)","owner":"Cuyahoga Metropolitan Housing Authority","addr":"2964 E 75th St","city":"Cleveland","units":1,"btype":"single-family house","status":null,"built":2011,"rad":null,"eld":-4,"dis":-4,"aunits":null,"prog":null,"pop":null,"reac":null,"expires":null,"rentassist":null},"geometry":{"type":"Point","coordinates":[-81.636082999843495,41.477873999069097]}},
{"type":"Feature","properties":{"kind":"ph","name":"East Side Neighborhood Homes","owner":"Cuyahoga Metropolitan Housing Authority","addr":"7613 Colfax Rd","city":"Cleveland","units":1,"btype":"single-family house","status":null,"built":2005,"rad":null,"eld":-4,"dis":-4,"aunits":null,"prog":null,"pop":null,"reac":null,"expires":null,"rentassist":null},"geometry":{"type":"Point","coordinates":[-81.635584999901198,41.479396998867102]}},
{"type":"Feature","properties":{"kind":"ph","name":"East Side Neighborhood Homes","owner":"Cuyahoga Metropolitan Housing Authority","addr":"2911 Minnie Ave","city":"Cleveland","units":1,"btype":"single-family house","status":null,"built":2005,"rad":null,"eld":-4,"dis":-4,"aunits":null,"prog":null,"pop":null,"reac":null,"expires":null,"rentassist":null},"geometry":{"type":"Point","coordinates":[-81.634054000264101,41.479469999131801]}},
{"type":"Feature","properties":{"kind":"ph","name":"SOUTHEAST","owner":"Cuyahoga Metropolitan Housing Authority","addr":"16202 Lotus Dr","city":"Cleveland","units":1,"btype":"single-family house","status":null,"built":null,"rad":null,"eld":-4,"dis":-4,"aunits":null,"prog":null,"pop":null,"reac":null,"expires":null,"rentassist":null},"geometry":{"type":"Point","coordinates":[-81.567492999605605,41.4458059987289]}},
{"type":"Feature","properties":{"kind":"ph","name":"SOUTHEAST","owner":"Cuyahoga Metropolitan Housing Authority","addr":"2357 Greenvale Rd","city":"South Euclid","units":1,"btype":"single-family house","status":null,"built":null,"rad":null,"eld":-4,"dis":-4,"aunits":null,"prog":null,"pop":null,"reac":null,"expires":null,"rentassist":null},"geometry":{"type":"Point","coordinates":[-81.546466999726107,41.5498519991298]}},
{"type":"Feature","properties":{"kind":"ph","name":"FAR WEST","owner":"Cuyahoga Metropolitan Housing Authority","addr":"17600 Fairville Ave","city":"Cleveland","units":1,"btype":"single-family house","status":null,"built":null,"rad":null,"eld":-4,"dis":-4,"aunits":null,"prog":null,"pop":null,"reac":null,"expires":null,"rentassist":null},"geometry":{"type":"Point","coordinates":[-81.819573999976996,41.430967999000103]}},
{"type":"Feature","properties":{"kind":"ph","name":"Tremont Pointe II","owner":"Cuyahoga Metropolitan Housing Authority","addr":"2599 W 5th St","city":"Cleveland","units":4,"btype":"row / townhouse","status":null,"built":2009,"rad":null,"eld":-4,"dis":-4,"aunits":null,"prog":null,"pop":null,"reac":null,"expires":null,"rentassist":null},"geometry":{"type":"Point","coordinates":[-81.678096000142702,41.478040999356899]}},
{"type":"Feature","properties":{"kind":"ph","name":"Heritage Homes II (former Garden Valley)","owner":"Cuyahoga Metropolitan Housing Authority","addr":"2994 E 77th St","city":"Cleveland","units":1,"btype":"single-family house","status":null,"built":2011,"rad":null,"eld":-4,"dis":-4,"aunits":null,"prog":null,"pop":null,"reac":null,"expires":null,"rentassist":null},"geometry":{"type":"Point","coordinates":[-81.635133999814499,41.477474999137897]}},
{"type":"Feature","properties":{"kind":"ph","name":"OBERLIN HOMES","owner":"Lorain Metropolitan Housing Authority","addr":"1682 E 29th St Apt","city":"Lorain","units":1,"btype":"single-family house","status":"demolition/disposition proposed","built":1972,"rad":"PBV","eld":-4,"dis":-4,"aunits":null,"prog":null,"pop":null,"reac":null,"expires":null,"rentassist":null},"geometry":{"type":"Point","coordinates":[-82.143305000210503,41.444322998930097]}},
{"type":"Feature","properties":{"kind":"ph","name":"Scattered Sites","owner":"Akron Metropolitan Housing Authority","addr":"20 Kimlyn Cir","city":"Akron","units":8,"btype":"row / townhouse","status":null,"built":1973,"rad":null,"eld":-4,"dis":-4,"aunits":null,"prog":null,"pop":null,"reac":null,"expires":null,"rentassist":null},"geometry":{"type":"Point","coordinates":[-81.476904000068004,41.109820999221398]}},
{"type":"Feature","properties":{"kind":"ph","name":"Cascade Village North","owner":"Akron Metropolitan Housing Authority","addr":"230 E Lods St","city":"Akron","units":2,"btype":"semi-detached / duplex","status":null,"built":2006,"rad":null,"eld":-4,"dis":-4,"aunits":null,"prog":null,"pop":null,"reac":null,"expires":null,"rentassist":null},"geometry":{"type":"Point","coordinates":[-81.507994000348603,41.091938999070301]}},
{"type":"Feature","properties":{"kind":"ph","name":"Scattered Sites","owner":"Akron Metropolitan Housing Authority","addr":"1554 White Ave","city":"Akron","units":1,"btype":"single-family house","status":null,"built":null,"rad":null,"eld":-4,"dis":-4,"aunits":null,"prog":null,"pop":null,"reac":null,"expires":null,"rentassist":null},"geometry":{"type":"Point","coordinates":[-81.562529000075401,41.0634899990268]}},
{"type":"Feature","properties":{"kind":"ph","name":"HONEY LOCUST GARDEN","owner":"Akron Metropolitan Housing Authority","addr":"3391 Prange Dr","city":"Cuyahoga Falls","units":17,"btype":"walk-up apartments","status":null,"built":1981,"rad":null,"eld":17,"dis":8,"aunits":null,"prog":null,"pop":null,"reac":null,"expires":null,"rentassist":null},"geometry":{"type":"Point","coordinates":[-81.501116999793297,41.155740998919498]}},
{"type":"Feature","properties":{"kind":"ph","name":"Edgewood Village I","owner":"Akron Metropolitan Housing Authority","addr":"733 Edgewood Ave","city":"Akron","units":3,"btype":"row / townhouse","status":null,"built":null,"rad":null,"eld":-4,"dis":-4,"aunits":null,"prog":null,"pop":null,"reac":null,"expires":null,"rentassist":null},"geometry":{"type":"Point","coordinates":[-81.539876000299401,41.074227998905499]}},
{"type":"Feature","properties":{"kind":"ph","name":"Scattered Sites","owner":"Akron Metropolitan Housing Authority","addr":"336 Trigonia Dr","city":"Akron","units":1,"btype":"single-family house","status":null,"built":1927,"rad":null,"eld":-4,"dis":-4,"aunits":null,"prog":null,"pop":null,"reac":null,"expires":null,"rentassist":null},"geometry":{"type":"Point","coordinates":[-81.538894999584997,41.085753998962502]}},
{"type":"Feature","properties":{"kind":"ph","name":"Cascade Village South","owner":"Akron Metropolitan Housing Authority","addr":"202 E North St","city":"Akron","units":2,"btype":"semi-detached / duplex","status":null,"built":2008,"rad":null,"eld":-4,"dis":-4,"aunits":null,"prog":null,"pop":null,"reac":null,"expires":null,"rentassist":null},"geometry":{"type":"Point","coordinates":[-81.508951999700201,41.089818998788601]}},
{"type":"Feature","properties":{"kind":"ph","name":"Scattered Sites","owner":"Akron Metropolitan Housing Authority","addr":"1115 Pickford Ave","city":"Akron","units":1,"btype":"single-family house","status":null,"built":null,"rad":null,"eld":-4,"dis":-4,"aunits":null,"prog":null,"pop":null,"reac":null,"expires":null,"rentassist":null},"geometry":{"type":"Point","coordinates":[-81.576802999971306,41.079330999314699]}},
{"type":"Feature","properties":{"kind":"ph","name":"Scattered Sites","owner":"Akron Metropolitan Housing Authority","addr":"940 Shoshone Ave","city":"Akron","units":1,"btype":"single-family house","status":null,"built":1963,"rad":null,"eld":-4,"dis":-4,"aunits":null,"prog":null,"pop":null,"reac":null,"expires":null,"rentassist":null},"geometry":{"type":"Point","coordinates":[-81.476540000019895,41.090035999332102]}},
{"type":"Feature","properties":{"kind":"ph","name":"Scattered Sites","owner":"Akron Metropolitan Housing Authority","addr":"1222 Onondago Ave","city":"Akron","units":1,"btype":"single-family house","status":null,"built":null,"rad":null,"eld":-4,"dis":-4,"aunits":null,"prog":null,"pop":null,"reac":null,"expires":null,"rentassist":null},"geometry":{"type":"Point","coordinates":[-81.472618000405205,41.082027999200299]}},
{"type":"Feature","properties":{"kind":"ph","name":"Riverview Replacement","owner":"Cuyahoga Metropolitan Housing Authority","addr":"4103 Gifford Ave","city":"Cleveland","units":1,"btype":"single-family house","status":null,"built":null,"rad":null,"eld":-4,"dis":-4,"aunits":null,"prog":null,"pop":null,"reac":null,"expires":null,"rentassist":null},"geometry":{"type":"Point","coordinates":[-81.712298999750999,41.434009999217203]}},
{"type":"Feature","properties":{"kind":"ph","name":"Tremont Pointe I","owner":"Cuyahoga Metropolitan Housing Authority","addr":"2532 W 6th St","city":"Cleveland","units":4,"btype":"row / townhouse","status":null,"built":null,"rad":null,"eld":-4,"dis":-4,"aunits":null,"prog":null,"pop":null,"reac":null,"expires":null,"rentassist":null},"geometry":{"type":"Point","coordinates":[-81.680473999701604,41.478740998948098]}},
{"type":"Feature","properties":{"kind":"ph","name":"East Side Neighborhood Homes","owner":"Cuyahoga Metropolitan Housing Authority","addr":"2265 E 71st St","city":"Cleveland","units":1,"btype":"single-family house","status":null,"built":2005,"rad":null,"eld":-4,"dis":-4,"aunits":null,"prog":null,"pop":null,"reac":null,"expires":null,"rentassist":null},"geometry":{"type":"Point","coordinates":[-81.639253999795898,41.497163999338099]}},
{"type":"Feature","properties":{"kind":"ph","name":"Riverview Replacement","owner":"Cuyahoga Metropolitan Housing Authority","addr":"14136 Beech Ave","city":"Cleveland","units":1,"btype":"single-family house","status":null,"built":1940,"rad":null,"eld":-4,"dis":-4,"aunits":null,"prog":null,"pop":null,"reac":null,"expires":null,"rentassist":null},"geometry":{"type":"Point","coordinates":[-81.792505999768494,41.453045998729003]}},
{"type":"Feature","properties":{"kind":"ph","name":"SOUTHEAST","owner":"Cuyahoga Metropolitan Housing Authority","addr":"3789 E 153rd St","city":"Cleveland","units":1,"btype":"single-family house","status":null,"built":null,"rad":null,"eld":-4,"dis":-4,"aunits":null,"prog":null,"pop":null,"reac":null,"expires":null,"rentassist":null},"geometry":{"type":"Point","coordinates":[-81.574093999976398,41.4564549989528]}},
{"type":"Feature","properties":{"kind":"ph","name":"Tremont Pointe I","owner":"Cuyahoga Metropolitan Housing Authority","addr":"2551 W 6th St","city":"Cleveland","units":4,"btype":"row / townhouse","status":null,"built":2007,"rad":null,"eld":-4,"dis":-4,"aunits":null,"prog":null,"pop":null,"reac":null,"expires":null,"rentassist":null},"geometry":{"type":"Point","coordinates":[-81.680041999881396,41.478837999111299]}},
{"type":"Feature","properties":{"kind":"ph","name":"OBERLIN HOMES","owner":"Lorain Metropolitan Housing Authority","addr":"3042 Vine Ave Apt","city":"Lorain","units":4,"btype":"row / townhouse","status":"demolition/disposition proposed","built":1973,"rad":"PBV","eld":-4,"dis":-4,"aunits":null,"prog":null,"pop":null,"reac":null,"expires":null,"rentassist":null},"geometry":{"type":"Point","coordinates":[-82.145995999763798,41.4423869992088]}},
{"type":"Feature","properties":{"kind":"ph","name":"Bon Sue","owner":"Akron Metropolitan Housing Authority","addr":"1610 White Ave","city":"Akron","units":6,"btype":"row / townhouse","status":null,"built":1970,"rad":null,"eld":-4,"dis":-4,"aunits":null,"prog":null,"pop":null,"reac":null,"expires":null,"rentassist":null},"geometry":{"type":"Point","coordinates":[-81.561153000249007,41.062057998741302]}},
{"type":"Feature","properties":{"kind":"ph","name":"Scattered Sites","owner":"Akron Metropolitan Housing Authority","addr":"1195 Bellevue Ave","city":"Akron","units":1,"btype":"single-family house","status":null,"built":1970,"rad":null,"eld":-4,"dis":-4,"aunits":null,"prog":null,"pop":null,"reac":null,"expires":null,"rentassist":null},"geometry":{"type":"Point","coordinates":[-81.565881999602595,41.073450999278201]}},
{"type":"Feature","properties":{"kind":"ph","name":"HONEY LOCUST GARDEN","owner":"Akron Metropolitan Housing Authority","addr":"3429 Prange Dr","city":"Cuyahoga Falls","units":6,"btype":"walk-up apartments","status":null,"built":1981,"rad":null,"eld":-4,"dis":-4,"aunits":null,"prog":null,"pop":null,"reac":null,"expires":null,"rentassist":null},"geometry":{"type":"Point","coordinates":[-81.501116999793297,41.156065999177699]}},
{"type":"Feature","properties":{"kind":"ph","name":"VAN BUREN HOMES","owner":"Akron Metropolitan Housing Authority","addr":"524 Florida Pl","city":"Barberton","units":4,"btype":"row / townhouse","status":null,"built":1972,"rad":null,"eld":-4,"dis":-4,"aunits":null,"prog":null,"pop":null,"reac":null,"expires":null,"rentassist":null},"geometry":{"type":"Point","coordinates":[-81.598381000219803,41.003858999114797]}},
{"type":"Feature","properties":{"kind":"ph","name":"LAKEVIEW PLAZA","owner":"Lorain Metropolitan Housing Authority","addr":"1743 Livingston Ave Apt","city":"Lorain","units":4,"btype":"row / townhouse","status":null,"built":1966,"rad":null,"eld":-4,"dis":-4,"aunits":null,"prog":null,"pop":null,"reac":null,"expires":null,"rentassist":null},"geometry":{"type":"Point","coordinates":[-82.168076000152695,41.454921998731102]}},
{"type":"Feature","properties":{"kind":"ph","name":"Edgewood Village I","owner":"Akron Metropolitan Housing Authority","addr":"512 Euclid Ave","city":"Akron","units":3,"btype":"row / townhouse","status":null,"built":null,"rad":null,"eld":-4,"dis":-4,"aunits":null,"prog":null,"pop":null,"reac":null,"expires":null,"rentassist":null},"geometry":{"type":"Point","coordinates":[-81.541365999928601,41.075724998837302]}},
{"type":"Feature","properties":{"kind":"ph","name":"Edgewood Village I","owner":"Akron Metropolitan Housing Authority","addr":"450 Euclid Ave","city":"Akron","units":2,"btype":"semi-detached / duplex","status":null,"built":null,"rad":null,"eld":-4,"dis":-4,"aunits":null,"prog":null,"pop":null,"reac":null,"expires":null,"rentassist":null},"geometry":{"type":"Point","coordinates":[-81.539132000309706,41.075739999219103]}},
{"type":"Feature","properties":{"kind":"ph","name":"MAPLEWOOD GARDENS","owner":"Akron Metropolitan Housing Authority","addr":"406 Hardman Dr","city":"Cuyahoga Falls","units":2,"btype":"walk-up apartments","status":null,"built":1981,"rad":null,"eld":-4,"dis":-4,"aunits":null,"prog":null,"pop":null,"reac":null,"expires":null,"rentassist":null},"geometry":{"type":"Point","coordinates":[-81.492814000081296,41.187079998970297]}},
{"type":"Feature","properties":{"kind":"ph","name":"SOUTHEAST","owner":"Cuyahoga Metropolitan Housing Authority","addr":"2071 Green Rd","city":"Cleveland","units":2,"btype":"semi-detached / duplex","status":"demolition/disposition proposed","built":null,"rad":"PBRA","eld":-4,"dis":-4,"aunits":null,"prog":null,"pop":null,"reac":null,"expires":null,"rentassist":null},"geometry":{"type":"Point","coordinates":[-81.544182999878601,41.551913998887102]}},
{"type":"Feature","properties":{"kind":"ph","name":"Edgewood Village 4","owner":"Akron Metropolitan Housing Authority","addr":"719 Raymond St","city":"Akron","units":1,"btype":"single-family house","status":null,"built":null,"rad":null,"eld":-4,"dis":-4,"aunits":null,"prog":null,"pop":null,"reac":null,"expires":null,"rentassist":null},"geometry":{"type":"Point","coordinates":[-81.542150000101202,41.074806998884497]}},
{"type":"Feature","properties":{"kind":"ph","name":"SUMMIT LAKE","owner":"Akron Metropolitan Housing Authority","addr":"1279 Roulhac Cir","city":"Akron","units":1,"btype":"single-family house","status":null,"built":1999,"rad":null,"eld":-4,"dis":-4,"aunits":null,"prog":null,"pop":null,"reac":null,"expires":null,"rentassist":null},"geometry":{"type":"Point","coordinates":[-81.556639000082299,41.0688639992768]}},
{"type":"Feature","properties":{"kind":"ph","name":"Scattered Sites","owner":"Akron Metropolitan Housing Authority","addr":"636 Sherman St","city":"Akron","units":5,"btype":"row / townhouse","status":null,"built":1970,"rad":null,"eld":-4,"dis":-4,"aunits":null,"prog":null,"pop":null,"reac":null,"expires":null,"rentassist":null},"geometry":{"type":"Point","coordinates":[-81.516645000215107,41.0657099993538]}},
{"type":"Feature","properties":{"kind":"ph","name":"Heritage Homes III (former Garden Valley","owner":"Cuyahoga Metropolitan Housing Authority","addr":"3033 E 72nd St","city":"Cleveland","units":3,"btype":"row / townhouse","status":null,"built":2012,"rad":null,"eld":-4,"dis":-4,"aunits":null,"prog":null,"pop":null,"reac":null,"expires":null,"rentassist":null},"geometry":{"type":"Point","coordinates":[-81.638084999658801,41.480247999251098]}},
{"type":"Feature","properties":{"kind":"ph","name":"Cascade Village North","owner":"Akron Metropolitan Housing Authority","addr":"122 Elizabeth Pkwy","city":"Akron","units":2,"btype":"semi-detached / duplex","status":null,"built":2006,"rad":null,"eld":-4,"dis":-4,"aunits":null,"prog":null,"pop":null,"reac":null,"expires":null,"rentassist":null},"geometry":{"type":"Point","coordinates":[-81.507580999896703,41.090628999239897]}},
{"type":"Feature","properties":{"kind":"ph","name":"Scattered Sites","owner":"Akron Metropolitan Housing Authority","addr":"832 Fess Ave","city":"Akron","units":1,"btype":"single-family house","status":null,"built":null,"rad":null,"eld":-4,"dis":-4,"aunits":null,"prog":null,"pop":null,"reac":null,"expires":null,"rentassist":null},"geometry":{"type":"Point","coordinates":[-81.556094000284304,41.065199998752099]}},
{"type":"Feature","properties":{"kind":"ph","name":"SUMMIT LAKE","owner":"Akron Metropolitan Housing Authority","addr":"441 W Miller Ave","city":"Akron","units":8,"btype":"walk-up apartments","status":null,"built":1965,"rad":null,"eld":-4,"dis":-4,"aunits":null,"prog":null,"pop":null,"reac":null,"expires":null,"rentassist":null},"geometry":{"type":"Point","coordinates":[-81.542863000128705,41.0546769989325]}},
{"type":"Feature","properties":{"kind":"ph","name":"Scattered Sites","owner":"Akron Metropolitan Housing Authority","addr":"766 Davies Ave","city":"Akron","units":1,"btype":"single-family house","status":null,"built":1949,"rad":null,"eld":-4,"dis":-4,"aunits":null,"prog":null,"pop":null,"reac":null,"expires":null,"rentassist":null},"geometry":{"type":"Point","coordinates":[-81.498474999745497,41.045830998773297]}},
{"type":"Feature","properties":{"kind":"ph","name":"HOUGH","owner":"Cuyahoga Metropolitan Housing Authority","addr":"1919 E 55th St","city":"Cleveland","units":246,"btype":"elevator high-rise","status":null,"built":1971,"rad":null,"eld":28,"dis":29,"aunits":null,"prog":null,"pop":null,"reac":null,"expires":null,"rentassist":null},"geometry":{"type":"Point","coordinates":[-81.651591000173894,41.506904998929301]}},
{"type":"Feature","properties":{"kind":"ph","name":"SOUTHEAST","owner":"Cuyahoga Metropolitan Housing Authority","addr":"15413 Huntmere Ave","city":"Cleveland","units":1,"btype":"single-family house","status":null,"built":null,"rad":null,"eld":-4,"dis":-4,"aunits":null,"prog":null,"pop":null,"reac":null,"expires":null,"rentassist":null},"geometry":{"type":"Point","coordinates":[-81.5740470001207,41.574342998796197]}},
{"type":"Feature","properties":{"kind":"ph","name":"Scattered Sites","owner":"Akron Metropolitan Housing Authority","addr":"1422 Laffer Ave","city":"Akron","units":1,"btype":"single-family house","status":null,"built":null,"rad":null,"eld":-4,"dis":-4,"aunits":null,"prog":null,"pop":null,"reac":null,"expires":null,"rentassist":null},"geometry":{"type":"Point","coordinates":[-81.470418000223205,41.073572998739699]}},
{"type":"Feature","properties":{"kind":"ph","name":"East Side Neighborhood Homes","owner":"Cuyahoga Metropolitan Housing Authority","addr":"2898 Minnie Ave","city":"Cleveland","units":1,"btype":"single-family house","status":null,"built":2005,"rad":null,"eld":-4,"dis":-4,"aunits":null,"prog":null,"pop":null,"reac":null,"expires":null,"rentassist":null},"geometry":{"type":"Point","coordinates":[-81.634382000327193,41.479691999035097]}},
{"type":"Feature","properties":{"kind":"ph","name":"Scattered Sites","owner":"Akron Metropolitan Housing Authority","addr":"1242 Wyley Ave","city":"Akron","units":1,"btype":"single-family house","status":null,"built":null,"rad":null,"eld":-4,"dis":-4,"aunits":null,"prog":null,"pop":null,"reac":null,"expires":null,"rentassist":null},"geometry":{"type":"Point","coordinates":[-81.482470000195903,41.049167998932802]}},
{"type":"Feature","properties":{"kind":"ph","name":"Scattered Sites","owner":"Akron Metropolitan Housing Authority","addr":"3080 Kilarney St","city":"Cuyahoga Falls","units":1,"btype":"single-family house","status":null,"built":1955,"rad":null,"eld":-4,"dis":-4,"aunits":null,"prog":null,"pop":null,"reac":null,"expires":null,"rentassist":null},"geometry":{"type":"Point","coordinates":[-81.481008999980801,41.154747998988498]}},
{"type":"Feature","properties":{"kind":"ph","name":"Riverview Replacement","owner":"Cuyahoga Metropolitan Housing Authority","addr":"7503 Herman Ave","city":"Cleveland","units":1,"btype":"single-family house","status":null,"built":null,"rad":null,"eld":-4,"dis":-4,"aunits":null,"prog":null,"pop":null,"reac":null,"expires":null,"rentassist":null},"geometry":{"type":"Point","coordinates":[-81.736457000123096,41.484520998738397]}},
{"type":"Feature","properties":{"kind":"ph","name":"EASTSIDE","owner":"Cuyahoga Metropolitan Housing Authority","addr":"1657 Allegheny Cir","city":"East Cleveland","units":2,"btype":"semi-detached / duplex","status":null,"built":null,"rad":null,"eld":-4,"dis":-4,"aunits":null,"prog":null,"pop":null,"reac":null,"expires":null,"rentassist":null},"geometry":{"type":"Point","coordinates":[-81.583703000092797,41.532973998921797]}},
{"type":"Feature","properties":{"kind":"ph","name":"DOWNTOWN","owner":"Cuyahoga Metropolitan Housing Authority","addr":"1307 W 25th St","city":"Cleveland","units":24,"btype":"walk-up apartments","status":"demolition/disposition proposed","built":1937,"rad":"PBRA","eld":5,"dis":18,"aunits":null,"prog":null,"pop":null,"reac":null,"expires":null,"rentassist":null},"geometry":{"type":"Point","coordinates":[-81.708755000428098,41.493450998823903]}},
{"type":"Feature","properties":{"kind":"ph","name":"Riverview Replacement","owner":"Cuyahoga Metropolitan Housing Authority","addr":"4481 W 158th St","city":"Cleveland","units":1,"btype":"single-family house","status":null,"built":1952,"rad":null,"eld":-4,"dis":-4,"aunits":null,"prog":null,"pop":null,"reac":null,"expires":null,"rentassist":null},"geometry":{"type":"Point","coordinates":[-81.808522999911901,41.432047999014998]}},
{"type":"Feature","properties":{"kind":"ph","name":"Riverview Replacement","owner":"Cuyahoga Metropolitan Housing Authority","addr":"13625 Terminal Ave","city":"Cleveland","units":1,"btype":"single-family house","status":null,"built":1942,"rad":null,"eld":-4,"dis":-4,"aunits":null,"prog":null,"pop":null,"reac":null,"expires":null,"rentassist":null},"geometry":{"type":"Point","coordinates":[-81.786476000033304,41.439323998795103]}},
{"type":"Feature","properties":{"kind":"ph","name":"Edgewood Village 4","owner":"Akron Metropolitan Housing Authority","addr":"732 Rita Dove Ln","city":"Akron","units":3,"btype":"row / townhouse","status":null,"built":null,"rad":null,"eld":-4,"dis":-4,"aunits":null,"prog":null,"pop":null,"reac":null,"expires":null,"rentassist":null},"geometry":{"type":"Point","coordinates":[-81.540961999697501,41.074188998769202]}},
{"type":"Feature","properties":{"kind":"ph","name":"Willow Run","owner":"Akron Metropolitan Housing Authority","addr":"1327 Doty Dr","city":"Akron","units":4,"btype":"row / townhouse","status":null,"built":1981,"rad":null,"eld":-4,"dis":-4,"aunits":null,"prog":null,"pop":null,"reac":null,"expires":null,"rentassist":null},"geometry":{"type":"Point","coordinates":[-81.460500000310304,41.023962998968102]}},
{"type":"Feature","properties":{"kind":"ph","name":"Heritage Homes III (former Garden Valley","owner":"Cuyahoga Metropolitan Housing Authority","addr":"3022 E 73rd St","city":"Cleveland","units":1,"btype":"single-family house","status":null,"built":2011,"rad":null,"eld":-4,"dis":-4,"aunits":null,"prog":null,"pop":null,"reac":null,"expires":null,"rentassist":null},"geometry":{"type":"Point","coordinates":[-81.637657999861503,41.4765059989818]}},
{"type":"Feature","properties":{"kind":"ph","name":"Riverview Replacement","owner":"Cuyahoga Metropolitan Housing Authority","addr":"3630 W 120th St","city":"Cleveland","units":1,"btype":"single-family house","status":null,"built":null,"rad":null,"eld":-4,"dis":-4,"aunits":null,"prog":null,"pop":null,"reac":null,"expires":null,"rentassist":null},"geometry":{"type":"Point","coordinates":[-81.772079999938697,41.4556539988628]}},
{"type":"Feature","properties":{"kind":"ph","name":"Scattered Sites","owner":"Akron Metropolitan Housing Authority","addr":"2596 26th St","city":"Cuyahoga Falls","units":1,"btype":"single-family house","status":null,"built":1948,"rad":null,"eld":-4,"dis":-4,"aunits":null,"prog":null,"pop":null,"reac":null,"expires":null,"rentassist":null},"geometry":{"type":"Point","coordinates":[-81.513240999735999,41.143649999077297]}},
{"type":"Feature","properties":{"kind":"ph","name":"KING KENNEDY","owner":"Cuyahoga Metropolitan Housing Authority","addr":"2529 Bundy Dr Apt A","city":"Cleveland","units":12,"btype":"row / townhouse","status":null,"built":1970,"rad":null,"eld":-4,"dis":-4,"aunits":null,"prog":null,"pop":null,"reac":null,"expires":null,"rentassist":null},"geometry":{"type":"Point","coordinates":[-81.645389000011306,41.491278998778398]}},
{"type":"Feature","properties":{"kind":"ph","name":"NEAR WEST","owner":"Cuyahoga Metropolitan Housing Authority","addr":"2458 W 5th St","city":"Cleveland","units":1,"btype":"single-family house","status":"demolition/disposition draft","built":1990,"rad":null,"eld":-4,"dis":-4,"aunits":null,"prog":null,"pop":null,"reac":null,"expires":null,"rentassist":null},"geometry":{"type":"Point","coordinates":[-81.680789000244104,41.480647999012596]}},
{"type":"Feature","properties":{"kind":"ph","name":"SOUTHEAST","owner":"Cuyahoga Metropolitan Housing Authority","addr":"3919 E 189th St","city":"Cleveland","units":1,"btype":"single-family house","status":null,"built":null,"rad":null,"eld":-4,"dis":-4,"aunits":null,"prog":null,"pop":null,"reac":null,"expires":null,"rentassist":null},"geometry":{"type":"Point","coordinates":[-81.546485000167806,41.453152999263203]}},
{"type":"Feature","properties":{"kind":"ph","name":"OBERLIN HOMES","owner":"Lorain Metropolitan Housing Authority","addr":"4940 Vincent Ave Apt","city":"Lorain","units":1,"btype":"single-family house","status":null,"built":1997,"rad":null,"eld":-4,"dis":-4,"aunits":null,"prog":null,"pop":null,"reac":null,"expires":null,"rentassist":null},"geometry":{"type":"Point","coordinates":[-82.117037000068194,41.423741998781203]}},
{"type":"Feature","properties":{"kind":"ph","name":"Scattered Sites","owner":"Akron Metropolitan Housing Authority","addr":"862 Carlysle St","city":"Akron","units":1,"btype":"single-family house","status":null,"built":null,"rad":null,"eld":-4,"dis":-4,"aunits":null,"prog":null,"pop":null,"reac":null,"expires":null,"rentassist":null},"geometry":{"type":"Point","coordinates":[-81.518438999617899,41.107279999038198]}},
{"type":"Feature","properties":{"kind":"ph","name":"FAR WEST","owner":"Cuyahoga Metropolitan Housing Authority","addr":"17904 Fairville Ave","city":"Cleveland","units":1,"btype":"single-family house","status":null,"built":null,"rad":null,"eld":-4,"dis":-4,"aunits":null,"prog":null,"pop":null,"reac":null,"expires":null,"rentassist":null},"geometry":{"type":"Point","coordinates":[-81.820907999970501,41.431004999212497]}},
{"type":"Feature","properties":{"kind":"ph","name":"KING KENNEDY","owner":"Cuyahoga Metropolitan Housing Authority","addr":"6246 Scovill Ave","city":"Cleveland","units":3,"btype":"row / townhouse","status":null,"built":2005,"rad":null,"eld":-4,"dis":-4,"aunits":null,"prog":null,"pop":null,"reac":null,"expires":null,"rentassist":null},"geometry":{"type":"Point","coordinates":[-81.646857999724105,41.491515999258802]}},
{"type":"Feature","properties":{"kind":"ph","name":"Valley View","owner":"Akron Metropolitan Housing Authority","addr":"937 Garfield St","city":"Akron","units":6,"btype":"row / townhouse","status":null,"built":1970,"rad":null,"eld":-4,"dis":-4,"aunits":null,"prog":null,"pop":null,"reac":null,"expires":null,"rentassist":null},"geometry":{"type":"Point","coordinates":[-81.520242999964793,41.109428998843399]}},
{"type":"Feature","properties":{"kind":"ph","name":"OBERLIN HOMES","owner":"Lorain Metropolitan Housing Authority","addr":"125 Academy Ct Apt","city":"Elyria","units":2,"btype":"semi-detached / duplex","status":null,"built":1996,"rad":null,"eld":-4,"dis":-4,"aunits":null,"prog":null,"pop":null,"reac":null,"expires":null,"rentassist":null},"geometry":{"type":"Point","coordinates":[-82.153606000438202,41.360826999101199]}},
{"type":"Feature","properties":{"kind":"ph","name":"Scattered Sites","owner":"Akron Metropolitan Housing Authority","addr":"788 Georgia Ave","city":"Akron","units":1,"btype":"single-family house","status":null,"built":1960,"rad":null,"eld":-4,"dis":-4,"aunits":null,"prog":null,"pop":null,"reac":null,"expires":null,"rentassist":null},"geometry":{"type":"Point","coordinates":[-81.497986999848806,41.043512999187897]}},
{"type":"Feature","properties":{"kind":"ph","name":"Scattered Sites","owner":"Akron Metropolitan Housing Authority","addr":"936 Davies Ave","city":"Akron","units":1,"btype":"single-family house","status":null,"built":1946,"rad":null,"eld":-4,"dis":-4,"aunits":null,"prog":null,"pop":null,"reac":null,"expires":null,"rentassist":null},"geometry":{"type":"Point","coordinates":[-81.493228000358002,41.045824998872703]}},
{"type":"Feature","properties":{"kind":"ph","name":"CRIMSON TERRACE","owner":"Akron Metropolitan Housing Authority","addr":"529 E Lake Ave","city":"Barberton","units":1,"btype":"single-family house","status":null,"built":1940,"rad":null,"eld":-4,"dis":-4,"aunits":null,"prog":null,"pop":null,"reac":null,"expires":null,"rentassist":null},"geometry":{"type":"Point","coordinates":[-81.5848789999026,41.016514999023201]}},
{"type":"Feature","properties":{"kind":"ph","name":"KING KENNEDY","owner":"Cuyahoga Metropolitan Housing Authority","addr":"2551 E 59th St Apt A","city":"Cleveland","units":12,"btype":"row / townhouse","status":null,"built":1970,"rad":null,"eld":0,"dis":8,"aunits":null,"prog":null,"pop":null,"reac":null,"expires":null,"rentassist":null},"geometry":{"type":"Point","coordinates":[-81.648978000438404,41.4893729992883]}},
{"type":"Feature","properties":{"kind":"ph","name":"OBERLIN HOMES","owner":"Lorain Metropolitan Housing Authority","addr":"3737 Dallas Ave Apt","city":"Lorain","units":1,"btype":"single-family house","status":null,"built":1997,"rad":null,"eld":-4,"dis":-4,"aunits":null,"prog":null,"pop":null,"reac":null,"expires":null,"rentassist":null},"geometry":{"type":"Point","coordinates":[-82.154164999581596,41.435762999191802]}},
{"type":"Feature","properties":{"kind":"ph","name":"LAKEVIEW PLAZA","owner":"Lorain Metropolitan Housing Authority","addr":"318 W 28th St Apt","city":"Lorain","units":1,"btype":"single-family house","status":null,"built":1996,"rad":null,"eld":-4,"dis":-4,"aunits":null,"prog":null,"pop":null,"reac":null,"expires":null,"rentassist":null},"geometry":{"type":"Point","coordinates":[-82.168801999700705,41.444790999281302]}},
{"type":"Feature","properties":{"kind":"ph","name":"EASTSIDE","owner":"Cuyahoga Metropolitan Housing Authority","addr":"2709 E 99th Pl","city":"Cleveland","units":2,"btype":"semi-detached / duplex","status":"demolition/disposition proposed","built":1972,"rad":"PBRA","eld":-4,"dis":-4,"aunits":null,"prog":null,"pop":null,"reac":null,"expires":null,"rentassist":null},"geometry":{"type":"Point","coordinates":[-81.615492000157303,41.485419999312299]}},
{"type":"Feature","properties":{"kind":"ph","name":"Joy Park","owner":"Akron Metropolitan Housing Authority","addr":"1297 Minson Way","city":"Akron","units":5,"btype":"row / townhouse","status":null,"built":1970,"rad":null,"eld":-4,"dis":-4,"aunits":null,"prog":null,"pop":null,"reac":null,"expires":null,"rentassist":null},"geometry":{"type":"Point","coordinates":[-81.484137000275396,41.055188998854]}},
{"type":"Feature","properties":{"kind":"ph","name":"Riverview Replacement","owner":"Cuyahoga Metropolitan Housing Authority","addr":"2215 Selzer Ave","city":"Cleveland","units":1,"btype":"single-family house","status":null,"built":null,"rad":null,"eld":-4,"dis":-4,"aunits":null,"prog":null,"pop":null,"reac":null,"expires":null,"rentassist":null},"geometry":{"type":"Point","coordinates":[-81.698418000215497,41.449941998825302]}},
{"type":"Feature","properties":{"kind":"ph","name":"SUMMIT LAKE","owner":"Akron Metropolitan Housing Authority","addr":"34 Cicero Plz","city":"Akron","units":12,"btype":"row / townhouse","status":null,"built":1965,"rad":null,"eld":-4,"dis":-4,"aunits":null,"prog":null,"pop":null,"reac":null,"expires":null,"rentassist":null},"geometry":{"type":"Point","coordinates":[-81.543186999993793,41.056221999397202]}},
{"type":"Feature","properties":{"kind":"ph","name":"Scattered Sites","owner":"Akron Metropolitan Housing Authority","addr":"326 W Long St","city":"Akron","units":1,"btype":"single-family house","status":null,"built":null,"rad":null,"eld":-4,"dis":-4,"aunits":null,"prog":null,"pop":null,"reac":null,"expires":null,"rentassist":null},"geometry":{"type":"Point","coordinates":[-81.540387999587196,41.0572639989404]}},
{"type":"Feature","properties":{"kind":"ph","name":"Tremont Pointe II","owner":"Cuyahoga Metropolitan Housing Authority","addr":"411 Leedy Ct","city":"Cleveland","units":4,"btype":"row / townhouse","status":null,"built":2009,"rad":null,"eld":-4,"dis":-4,"aunits":null,"prog":null,"pop":null,"reac":null,"expires":null,"rentassist":null},"geometry":{"type":"Point","coordinates":[-81.678975999676496,41.479365999236798]}},
{"type":"Feature","properties":{"kind":"ph","name":"Scattered Sites","owner":"Akron Metropolitan Housing Authority","addr":"941 Kickapoo Ave","city":"Akron","units":1,"btype":"single-family house","status":null,"built":1960,"rad":null,"eld":-4,"dis":-4,"aunits":null,"prog":null,"pop":null,"reac":null,"expires":null,"rentassist":null},"geometry":{"type":"Point","coordinates":[-81.469591000392896,41.089187998979902]}},
{"type":"Feature","properties":{"kind":"ph","name":"DOWNTOWN","owner":"Cuyahoga Metropolitan Housing Authority","addr":"2601 Division Ave","city":"Cleveland","units":18,"btype":"walk-up apartments","status":null,"built":1937,"rad":null,"eld":0,"dis":3,"aunits":null,"prog":null,"pop":null,"reac":null,"expires":null,"rentassist":null},"geometry":{"type":"Point","coordinates":[-81.709603000174795,41.4929879991425]}},
{"type":"Feature","properties":{"kind":"ph","name":"East Side Neighborhood Homes","owner":"Cuyahoga Metropolitan Housing Authority","addr":"2198 E 74th St","city":"Cleveland","units":1,"btype":"single-family house","status":null,"built":2005,"rad":null,"eld":-4,"dis":-4,"aunits":null,"prog":null,"pop":null,"reac":null,"expires":null,"rentassist":null},"geometry":{"type":"Point","coordinates":[-81.636801999718799,41.498122999316401]}},
{"type":"Feature","properties":{"kind":"ph","name":"Scattered Sites","owner":"Akron Metropolitan Housing Authority","addr":"518 Greenwood Ave","city":"Akron","units":1,"btype":"single-family house","status":null,"built":1925,"rad":null,"eld":-4,"dis":-4,"aunits":null,"prog":null,"pop":null,"reac":null,"expires":null,"rentassist":null},"geometry":{"type":"Point","coordinates":[-81.5661150001294,41.094334998942301]}},
{"type":"Feature","properties":{"kind":"ph","name":"SMALL OR SCATTERED","owner":"Cuyahoga Metropolitan Housing Authority","addr":"1925 W 58th St","city":"Cleveland","units":2,"btype":"semi-detached / duplex","status":"demolition/disposition draft","built":null,"rad":null,"eld":-4,"dis":-4,"aunits":null,"prog":null,"pop":null,"reac":null,"expires":null,"rentassist":null},"geometry":{"type":"Point","coordinates":[-81.726139000177,41.479213999141898]}},
{"type":"Feature","properties":{"kind":"ph","name":"FAR WEST","owner":"Cuyahoga Metropolitan Housing Authority","addr":"17610 Fairville Ave","city":"Cleveland","units":1,"btype":"single-family house","status":"removal proposed","built":null,"rad":null,"eld":-4,"dis":-4,"aunits":null,"prog":null,"pop":null,"reac":null,"expires":null,"rentassist":null},"geometry":{"type":"Point","coordinates":[-81.8196219996575,41.430967999000103]}},
{"type":"Feature","properties":{"kind":"ph","name":"Riverview Replacement","owner":"Cuyahoga Metropolitan Housing Authority","addr":"7809 Camden Ave","city":"Cleveland","units":1,"btype":"single-family house","status":null,"built":null,"rad":null,"eld":-4,"dis":-4,"aunits":null,"prog":null,"pop":null,"reac":null,"expires":null,"rentassist":null},"geometry":{"type":"Point","coordinates":[-81.739695000022607,41.467806999278302]}},
{"type":"Feature","properties":{"kind":"ph","name":"Heritage Homes II (former Garden Valley)","owner":"Cuyahoga Metropolitan Housing Authority","addr":"7034 Roy Ave","city":"Cleveland","units":1,"btype":"single-family house","status":null,"built":null,"rad":null,"eld":-4,"dis":-4,"aunits":null,"prog":null,"pop":null,"reac":null,"expires":null,"rentassist":null},"geometry":{"type":"Point","coordinates":[-81.639862000241394,41.478422999296001]}},
{"type":"Feature","properties":{"kind":"ph","name":"Oberlin Homes LIHTC","owner":"Lorain Metropolitan Housing Authority","addr":"227 Groveland St Apt","city":"Oberlin","units":1,"btype":"single-family house","status":null,"built":1966,"rad":null,"eld":-4,"dis":-4,"aunits":null,"prog":null,"pop":null,"reac":null,"expires":null,"rentassist":null},"geometry":{"type":"Point","coordinates":[-82.209158999791001,41.287358998885999]}},
{"type":"Feature","properties":{"kind":"ph","name":"CRIMSON TERRACE","owner":"Akron Metropolitan Housing Authority","addr":"404 Herms Ct Apt 1","city":"Barberton","units":8,"btype":"row / townhouse","status":null,"built":1980,"rad":null,"eld":-4,"dis":-4,"aunits":null,"prog":null,"pop":null,"reac":null,"expires":null,"rentassist":null},"geometry":{"type":"Point","coordinates":[-81.588278000358898,41.000119999076396]}},
{"type":"Feature","properties":{"kind":"ph","name":"Scattered Sites","owner":"Akron Metropolitan Housing Authority","addr":"902 Hardesty Blvd","city":"Akron","units":1,"btype":"single-family house","status":null,"built":null,"rad":null,"eld":-4,"dis":-4,"aunits":null,"prog":null,"pop":null,"reac":null,"expires":null,"rentassist":null},"geometry":{"type":"Point","coordinates":[-81.563181000003496,41.081083999397599]}},
{"type":"Feature","properties":{"kind":"ph","name":"Scattered Sites","owner":"Akron Metropolitan Housing Authority","addr":"813 Lawton St","city":"Akron","units":1,"btype":"single-family house","status":null,"built":null,"rad":null,"eld":-4,"dis":-4,"aunits":null,"prog":null,"pop":null,"reac":null,"expires":null,"rentassist":null},"geometry":{"type":"Point","coordinates":[-81.550308000048304,41.0793859988094]}},
{"type":"Feature","properties":{"kind":"ph","name":"Cascade Village South","owner":"Akron Metropolitan Housing Authority","addr":"112 E North St","city":"Akron","units":3,"btype":"row / townhouse","status":null,"built":2008,"rad":null,"eld":-4,"dis":-4,"aunits":null,"prog":null,"pop":null,"reac":null,"expires":null,"rentassist":null},"geometry":{"type":"Point","coordinates":[-81.512188999774807,41.090597999195801]}},
{"type":"Feature","properties":{"kind":"ph","name":"OBERLIN HOMES","owner":"Lorain Metropolitan Housing Authority","addr":"1653 E 29th St Apt","city":"Lorain","units":1,"btype":"single-family house","status":"demolition/disposition proposed","built":1973,"rad":"PBV","eld":-4,"dis":-4,"aunits":null,"prog":null,"pop":null,"reac":null,"expires":null,"rentassist":null},"geometry":{"type":"Point","coordinates":[-82.143306000035395,41.444349999301103]}},
{"type":"Feature","properties":{"kind":"ph","name":"Scattered Sites","owner":"Akron Metropolitan Housing Authority","addr":"1104 Mercer Ave","city":"Akron","units":1,"btype":"single-family house","status":null,"built":null,"rad":null,"eld":-4,"dis":-4,"aunits":null,"prog":null,"pop":null,"reac":null,"expires":null,"rentassist":null},"geometry":{"type":"Point","coordinates":[-81.557512999768306,41.073564998859702]}},
{"type":"Feature","properties":{"kind":"ph","name":"EASTSIDE","owner":"Cuyahoga Metropolitan Housing Authority","addr":"2495 Woodhill Rd Apt A","city":"Cleveland","units":8,"btype":"row / townhouse","status":"demolition/disposition approved","built":1940,"rad":null,"eld":-4,"dis":-4,"aunits":null,"prog":null,"pop":null,"reac":null,"expires":null,"rentassist":null},"geometry":{"type":"Point","coordinates":[-81.6143160003475,41.489794999186202]}},
{"type":"Feature","properties":{"kind":"ph","name":"Scattered Sites","owner":"Akron Metropolitan Housing Authority","addr":"728 Roselle Ave","city":"Akron","units":1,"btype":"single-family house","status":null,"built":null,"rad":null,"eld":-4,"dis":-4,"aunits":null,"prog":null,"pop":null,"reac":null,"expires":null,"rentassist":null},"geometry":{"type":"Point","coordinates":[-81.5524799997428,41.0642929989273]}},
{"type":"Feature","properties":{"kind":"ph","name":"Cascade Village South","owner":"Akron Metropolitan Housing Authority","addr":"205 Spring St","city":"Akron","units":3,"btype":"row / townhouse","status":null,"built":2008,"rad":null,"eld":-4,"dis":-4,"aunits":null,"prog":null,"pop":null,"reac":null,"expires":null,"rentassist":null},"geometry":{"type":"Point","coordinates":[-81.511931000031893,41.090464999037003]}},
{"type":"Feature","properties":{"kind":"ph","name":"Cascade Village South","owner":"Akron Metropolitan Housing Authority","addr":"187 Stuber St","city":"Akron","units":3,"btype":"row / townhouse","status":null,"built":2008,"rad":null,"eld":-4,"dis":-4,"aunits":null,"prog":null,"pop":null,"reac":null,"expires":null,"rentassist":null},"geometry":{"type":"Point","coordinates":[-81.511515999930197,41.090201999223503]}},
{"type":"Feature","properties":{"kind":"ph","name":"VAN BUREN HOMES","owner":"Akron Metropolitan Housing Authority","addr":"514 Tennessee Pl","city":"Barberton","units":4,"btype":"row / townhouse","status":null,"built":1972,"rad":null,"eld":-4,"dis":-4,"aunits":null,"prog":null,"pop":null,"reac":null,"expires":null,"rentassist":null},"geometry":{"type":"Point","coordinates":[-81.600209999782706,41.0042659990632]}},
{"type":"Feature","properties":{"kind":"ph","name":"DOWNTOWN","owner":"Cuyahoga Metropolitan Housing Authority","addr":"2802 Washington Ave","city":"Cleveland","units":19,"btype":"row / townhouse","status":null,"built":1937,"rad":null,"eld":-4,"dis":-4,"aunits":null,"prog":null,"pop":null,"reac":null,"expires":null,"rentassist":null},"geometry":{"type":"Point","coordinates":[-81.710927000122595,41.491600998899102]}},
{"type":"Feature","properties":{"kind":"ph","name":"CEDAR CENTRAL","owner":"Cuyahoga Metropolitan Housing Authority","addr":"2813 Central Ave","city":"Cleveland","units":24,"btype":"walk-up apartments","status":null,"built":1935,"rad":null,"eld":-4,"dis":-4,"aunits":null,"prog":null,"pop":null,"reac":null,"expires":null,"rentassist":null},"geometry":{"type":"Point","coordinates":[-81.666208000201607,41.497056998766602]}},
{"type":"Feature","properties":{"kind":"ph","name":"PINEWOOD GARDENS","owner":"Akron Metropolitan Housing Authority","addr":"8796 Ray Ct Apt 1","city":"Twinsburg","units":5,"btype":"walk-up apartments","status":null,"built":1980,"rad":null,"eld":-4,"dis":-4,"aunits":null,"prog":null,"pop":null,"reac":null,"expires":null,"rentassist":null},"geometry":{"type":"Point","coordinates":[-81.458870000040704,41.308857999314696]}},
{"type":"Feature","properties":{"kind":"ph","name":"Edgewood Village I","owner":"Akron Metropolitan Housing Authority","addr":"700 Edgewood Ave","city":"Akron","units":2,"btype":"semi-detached / duplex","status":null,"built":null,"rad":null,"eld":-4,"dis":-4,"aunits":null,"prog":null,"pop":null,"reac":null,"expires":null,"rentassist":null},"geometry":{"type":"Point","coordinates":[-81.539937000398794,41.075121999071499]}},
{"type":"Feature","properties":{"kind":"ph","name":"Cascade Village East/West","owner":"Akron Metropolitan Housing Authority","addr":"239 E North St","city":"Akron","units":3,"btype":"row / townhouse","status":null,"built":2009,"rad":null,"eld":-4,"dis":-4,"aunits":null,"prog":null,"pop":null,"reac":null,"expires":null,"rentassist":null},"geometry":{"type":"Point","coordinates":[-81.507606000011094,41.089839999287499]}},
{"type":"Feature","properties":{"kind":"ph","name":"Scattered Sites","owner":"Akron Metropolitan Housing Authority","addr":"1390 Moore St","city":"Akron","units":1,"btype":"single-family house","status":null,"built":null,"rad":null,"eld":-4,"dis":-4,"aunits":null,"prog":null,"pop":null,"reac":null,"expires":null,"rentassist":null},"geometry":{"type":"Point","coordinates":[-81.523035999625293,41.049116998959697]}},
{"type":"Feature","properties":{"kind":"ph","name":"Scattered Sites","owner":"Akron Metropolitan Housing Authority","addr":"633 Garfield St","city":"Akron","units":1,"btype":"single-family house","status":null,"built":null,"rad":null,"eld":-4,"dis":-4,"aunits":null,"prog":null,"pop":null,"reac":null,"expires":null,"rentassist":null},"geometry":{"type":"Point","coordinates":[-81.520114999918206,41.102342999220397]}},
{"type":"Feature","properties":{"kind":"ph","name":"Valley View","owner":"Akron Metropolitan Housing Authority","addr":"994 Springdale St","city":"Akron","units":4,"btype":"row / townhouse","status":null,"built":1970,"rad":null,"eld":-4,"dis":-4,"aunits":null,"prog":null,"pop":null,"reac":null,"expires":null,"rentassist":null},"geometry":{"type":"Point","coordinates":[-81.520593999593999,41.111211998782402]}},
{"type":"Feature","properties":{"kind":"ph","name":"EASTSIDE","owner":"Cuyahoga Metropolitan Housing Authority","addr":"2700 E 99th Pl","city":"Cleveland","units":2,"btype":"semi-detached / duplex","status":"demolition/disposition proposed","built":1972,"rad":"PBRA","eld":-4,"dis":-4,"aunits":null,"prog":null,"pop":null,"reac":null,"expires":null,"rentassist":null},"geometry":{"type":"Point","coordinates":[-81.615868999725805,41.4855909990006]}},
{"type":"Feature","properties":{"kind":"ph","name":"SCRANTON WOODS/CLOVERDALE","owner":"Geauga Metropolitian Housing Authority","addr":"16689 Medina St","city":"Chagrin Falls","units":2,"btype":"semi-detached / duplex","status":null,"built":1982,"rad":null,"eld":-4,"dis":-4,"aunits":null,"prog":null,"pop":null,"reac":null,"expires":null,"rentassist":null},"geometry":{"type":"Point","coordinates":[-81.381984999588298,41.415704999389298]}},
{"type":"Feature","properties":{"kind":"ph","name":"Tremont Pointe II","owner":"Cuyahoga Metropolitan Housing Authority","addr":"2540 W 5th St","city":"Cleveland","units":4,"btype":"row / townhouse","status":null,"built":2009,"rad":null,"eld":-4,"dis":-4,"aunits":null,"prog":null,"pop":null,"reac":null,"expires":null,"rentassist":null},"geometry":{"type":"Point","coordinates":[-81.679743000130699,41.479094999341299]}},
{"type":"Feature","properties":{"kind":"ph","name":"Scattered Sites","owner":"Akron Metropolitan Housing Authority","addr":"784 Roscoe Ave","city":"Akron","units":1,"btype":"single-family house","status":null,"built":null,"rad":null,"eld":-4,"dis":-4,"aunits":null,"prog":null,"pop":null,"reac":null,"expires":null,"rentassist":null},"geometry":{"type":"Point","coordinates":[-81.4870229998224,41.050490998846399]}},
{"type":"Feature","properties":{"kind":"ph","name":"Scattered Sites","owner":"Akron Metropolitan Housing Authority","addr":"4024 Burton Dr","city":"Stow","units":1,"btype":"single-family house","status":null,"built":1960,"rad":null,"eld":-4,"dis":-4,"aunits":null,"prog":null,"pop":null,"reac":null,"expires":null,"rentassist":null},"geometry":{"type":"Point","coordinates":[-81.422360000120307,41.170585999331401]}},
{"type":"Feature","properties":{"kind":"ph","name":"Scattered Sites","owner":"Akron Metropolitan Housing Authority","addr":"322 Hillwood Dr","city":"Akron","units":1,"btype":"single-family house","status":null,"built":1919,"rad":null,"eld":-4,"dis":-4,"aunits":null,"prog":null,"pop":null,"reac":null,"expires":null,"rentassist":null},"geometry":{"type":"Point","coordinates":[-81.545820999645798,41.089342998995399]}},
{"type":"Feature","properties":{"kind":"ph","name":"KING KENNEDY","owner":"Cuyahoga Metropolitan Housing Authority","addr":"2530 Bundy Dr Apt A","city":"Cleveland","units":12,"btype":"row / townhouse","status":null,"built":1970,"rad":null,"eld":-4,"dis":-4,"aunits":null,"prog":null,"pop":null,"reac":null,"expires":null,"rentassist":null},"geometry":{"type":"Point","coordinates":[-81.645825999854296,41.491275999039303]}},
{"type":"Feature","properties":{"kind":"ph","name":"KING KENNEDY","owner":"Cuyahoga Metropolitan Housing Authority","addr":"6151 Haltnorth Walk","city":"Cleveland","units":12,"btype":"row / townhouse","status":null,"built":1970,"rad":null,"eld":-4,"dis":-4,"aunits":null,"prog":null,"pop":null,"reac":null,"expires":null,"rentassist":null},"geometry":{"type":"Point","coordinates":[-81.647620000155399,41.488855998731403]}},
{"type":"Feature","properties":{"kind":"ph","name":"Edgewood Village I","owner":"Akron Metropolitan Housing Authority","addr":"728 Rhodes Ave","city":"Akron","units":3,"btype":"row / townhouse","status":null,"built":null,"rad":null,"eld":-4,"dis":-4,"aunits":null,"prog":null,"pop":null,"reac":null,"expires":null,"rentassist":null},"geometry":{"type":"Point","coordinates":[-81.538876000216703,41.074114999349902]}},
{"type":"Feature","properties":{"kind":"ph","name":"Scattered Sites","owner":"Akron Metropolitan Housing Authority","addr":"906 Caddo Ave","city":"Akron","units":1,"btype":"single-family house","status":null,"built":1975,"rad":null,"eld":-4,"dis":-4,"aunits":null,"prog":null,"pop":null,"reac":null,"expires":null,"rentassist":null},"geometry":{"type":"Point","coordinates":[-81.472969999859401,41.088369998934702]}},
{"type":"Feature","properties":{"kind":"ph","name":"Scattered Sites","owner":"Akron Metropolitan Housing Authority","addr":"1243 Big Falls Ave","city":"Akron","units":1,"btype":"single-family house","status":null,"built":null,"rad":null,"eld":-4,"dis":-4,"aunits":null,"prog":null,"pop":null,"reac":null,"expires":null,"rentassist":null},"geometry":{"type":"Point","coordinates":[-81.502885999979995,41.116244998985003]}},
{"type":"Feature","properties":{"kind":"ph","name":"OUTHWAITE","owner":"Cuyahoga Metropolitan Housing Authority","addr":"4505 Woodland Ave","city":"Cleveland","units":15,"btype":"walk-up apartments","status":null,"built":1942,"rad":null,"eld":-4,"dis":-4,"aunits":null,"prog":null,"pop":null,"reac":null,"expires":null,"rentassist":null},"geometry":{"type":"Point","coordinates":[-81.656337999969097,41.489103998741598]}},
{"type":"Feature","properties":{"kind":"ph","name":"SCRANTON WOODS/CLOVERDALE","owner":"Geauga Metropolitian Housing Authority","addr":"15636 Cloverdale Dr","city":"Middlefield","units":2,"btype":"semi-detached / duplex","status":null,"built":1985,"rad":null,"eld":-4,"dis":-4,"aunits":null,"prog":null,"pop":null,"reac":null,"expires":null,"rentassist":null},"geometry":{"type":"Point","coordinates":[-81.085083000086897,41.452468998858997]}},
{"type":"Feature","properties":{"kind":"ph","name":"Oberlin Homes LIHTC","owner":"Lorain Metropolitan Housing Authority","addr":"21 W Lincoln St Apt","city":"Oberlin","units":1,"btype":"single-family house","status":null,"built":1966,"rad":null,"eld":-4,"dis":-4,"aunits":null,"prog":null,"pop":null,"reac":null,"expires":null,"rentassist":null},"geometry":{"type":"Point","coordinates":[-82.219500000201606,41.282387998816198]}},
{"type":"Feature","properties":{"kind":"ph","name":"Scattered Sites","owner":"Akron Metropolitan Housing Authority","addr":"1195 Brown St","city":"Akron","units":1,"btype":"single-family house","status":null,"built":1953,"rad":null,"eld":-4,"dis":-4,"aunits":null,"prog":null,"pop":null,"reac":null,"expires":null,"rentassist":null},"geometry":{"type":"Point","coordinates":[-81.509920999820693,41.049132999247703]}},
{"type":"Feature","properties":{"kind":"ph","name":"East Side Neighborhood Homes","owner":"Cuyahoga Metropolitan Housing Authority","addr":"13511 Union Ave","city":"Cleveland","units":48,"btype":"elevator high-rise","status":null,"built":2005,"rad":null,"eld":85,"dis":45,"aunits":null,"prog":null,"pop":null,"reac":null,"expires":null,"rentassist":null},"geometry":{"type":"Point","coordinates":[-81.588269999963003,41.463945999023501]}},
{"type":"Feature","properties":{"kind":"ph","name":"Scattered Sites","owner":"Akron Metropolitan Housing Authority","addr":"968 Stoner St","city":"Akron","units":1,"btype":"single-family house","status":null,"built":null,"rad":null,"eld":-4,"dis":-4,"aunits":null,"prog":null,"pop":null,"reac":null,"expires":null,"rentassist":null},"geometry":{"type":"Point","coordinates":[-81.5593849998872,41.076592999366]}},
{"type":"Feature","properties":{"kind":"ph","name":"Willow Run","owner":"Akron Metropolitan Housing Authority","addr":"1377 Doty Dr","city":"Akron","units":4,"btype":"row / townhouse","status":null,"built":1981,"rad":null,"eld":-4,"dis":-4,"aunits":null,"prog":null,"pop":null,"reac":null,"expires":null,"rentassist":null},"geometry":{"type":"Point","coordinates":[-81.459346000241794,41.023646998777998]}},
{"type":"Feature","properties":{"kind":"ph","name":"Scattered Sites","owner":"Akron Metropolitan Housing Authority","addr":"60 Alfaretta Ave","city":"Akron","units":1,"btype":"single-family house","status":"demolition/disposition approved","built":null,"rad":null,"eld":-4,"dis":-4,"aunits":null,"prog":null,"pop":null,"reac":null,"expires":null,"rentassist":null},"geometry":{"type":"Point","coordinates":[-81.516960999684301,41.1094789990495]}},
{"type":"Feature","properties":{"kind":"ph","name":"DOWNTOWN","owner":"Cuyahoga Metropolitan Housing Authority","addr":"2822 Division Ave","city":"Cleveland","units":12,"btype":"row / townhouse","status":null,"built":1937,"rad":null,"eld":-4,"dis":-4,"aunits":null,"prog":null,"pop":null,"reac":null,"expires":null,"rentassist":null},"geometry":{"type":"Point","coordinates":[-81.711702999899302,41.492462999343999]}},
{"type":"Feature","properties":{"kind":"ph","name":"Valley View","owner":"Akron Metropolitan Housing Authority","addr":"945 Garfield St","city":"Akron","units":4,"btype":"row / townhouse","status":null,"built":1970,"rad":null,"eld":-4,"dis":-4,"aunits":null,"prog":null,"pop":null,"reac":null,"expires":null,"rentassist":null},"geometry":{"type":"Point","coordinates":[-81.520280999599606,41.109819998857397]}},
{"type":"Feature","properties":{"kind":"ph","name":"WILKES-VILLA","owner":"Lorain Metropolitan Housing Authority","addr":"349 10th St Apt","city":"Elyria","units":1,"btype":"single-family house","status":null,"built":1996,"rad":null,"eld":-4,"dis":-4,"aunits":null,"prog":null,"pop":null,"reac":null,"expires":null,"rentassist":null},"geometry":{"type":"Point","coordinates":[-82.108977999855398,41.357492998873703]}},
{"type":"Feature","properties":{"kind":"ph","name":"Cascade Village North","owner":"Akron Metropolitan Housing Authority","addr":"161 Elizabeth Pkwy","city":"Akron","units":2,"btype":"semi-detached / duplex","status":null,"built":2006,"rad":null,"eld":-4,"dis":-4,"aunits":null,"prog":null,"pop":null,"reac":null,"expires":null,"rentassist":null},"geometry":{"type":"Point","coordinates":[-81.508642000078794,41.091157999048903]}},
{"type":"Feature","properties":{"kind":"ph","name":"Scattered Sites","owner":"Akron Metropolitan Housing Authority","addr":"691 Grifton Ave","city":"Akron","units":1,"btype":"single-family house","status":null,"built":null,"rad":null,"eld":-4,"dis":-4,"aunits":null,"prog":null,"pop":null,"reac":null,"expires":null,"rentassist":null},"geometry":{"type":"Point","coordinates":[-81.478019999603305,41.0818689990842]}},
{"type":"Feature","properties":{"kind":"ph","name":"Scattered Sites","owner":"Akron Metropolitan Housing Authority","addr":"1234 Reed Ave","city":"Akron","units":1,"btype":"single-family house","status":null,"built":null,"rad":null,"eld":-4,"dis":-4,"aunits":null,"prog":null,"pop":null,"reac":null,"expires":null,"rentassist":null},"geometry":{"type":"Point","coordinates":[-81.483121000299207,41.042591999324003]}},
{"type":"Feature","properties":{"kind":"ph","name":"Scattered Sites","owner":"Akron Metropolitan Housing Authority","addr":"368 Trigonia Dr","city":"Akron","units":1,"btype":"single-family house","status":null,"built":1929,"rad":null,"eld":-4,"dis":-4,"aunits":null,"prog":null,"pop":null,"reac":null,"expires":null,"rentassist":null},"geometry":{"type":"Point","coordinates":[-81.539214000325501,41.085086999135598]}},
{"type":"Feature","properties":{"kind":"ph","name":"SCRANTON WOODS/CLOVERDALE","owner":"Geauga Metropolitian Housing Authority","addr":"15492 Cloverdale Dr","city":"Middlefield","units":2,"btype":"semi-detached / duplex","status":null,"built":1985,"rad":null,"eld":-4,"dis":-4,"aunits":null,"prog":null,"pop":null,"reac":null,"expires":null,"rentassist":null},"geometry":{"type":"Point","coordinates":[-81.088505000109393,41.452467999020499]}},
{"type":"Feature","properties":{"kind":"ph","name":"Edgewood Village I","owner":"Akron Metropolitan Housing Authority","addr":"723 Edgewood Ave","city":"Akron","units":3,"btype":"row / townhouse","status":null,"built":null,"rad":null,"eld":-4,"dis":-4,"aunits":null,"prog":null,"pop":null,"reac":null,"expires":null,"rentassist":null},"geometry":{"type":"Point","coordinates":[-81.539847999811997,41.073681998955301]}},
{"type":"Feature","properties":{"kind":"ph","name":"Riverview Replacement","owner":"Cuyahoga Metropolitan Housing Authority","addr":"12815 Carrington Ave","city":"Cleveland","units":1,"btype":"single-family house","status":null,"built":null,"rad":null,"eld":-4,"dis":-4,"aunits":null,"prog":null,"pop":null,"reac":null,"expires":null,"rentassist":null},"geometry":{"type":"Point","coordinates":[-81.778519999752604,41.427394998973398]}},
{"type":"Feature","properties":{"kind":"ph","name":"SOUTHEAST","owner":"Cuyahoga Metropolitan Housing Authority","addr":"3395 E 103rd St","city":"Cleveland","units":1,"btype":"single-family house","status":null,"built":null,"rad":null,"eld":-4,"dis":-4,"aunits":null,"prog":null,"pop":null,"reac":null,"expires":null,"rentassist":null},"geometry":{"type":"Point","coordinates":[-81.613426999694497,41.464665999111801]}},
{"type":"Feature","properties":{"kind":"ph","name":"East Side Neighborhood Homes","owner":"Cuyahoga Metropolitan Housing Authority","addr":"2222 E 78th St","city":"Cleveland","units":1,"btype":"single-family house","status":null,"built":2005,"rad":null,"eld":-4,"dis":-4,"aunits":null,"prog":null,"pop":null,"reac":null,"expires":null,"rentassist":null},"geometry":{"type":"Point","coordinates":[-81.634758000070804,41.498890998869001]}},
{"type":"Feature","properties":{"kind":"ph","name":"Scattered Sites","owner":"Akron Metropolitan Housing Authority","addr":"1037 Stroman Ave","city":"Akron","units":1,"btype":"single-family house","status":null,"built":null,"rad":null,"eld":-4,"dis":-4,"aunits":null,"prog":null,"pop":null,"reac":null,"expires":null,"rentassist":null},"geometry":{"type":"Point","coordinates":[-81.490474999982098,41.050107999380899]}},
{"type":"Feature","properties":{"kind":"ph","name":"Scattered Sites","owner":"Akron Metropolitan Housing Authority","addr":"841 Indian Trl","city":"Akron","units":1,"btype":"single-family house","status":null,"built":1951,"rad":null,"eld":-4,"dis":-4,"aunits":null,"prog":null,"pop":null,"reac":null,"expires":null,"rentassist":null},"geometry":{"type":"Point","coordinates":[-81.556711999877294,41.053871999096302]}},
{"type":"Feature","properties":{"kind":"ph","name":"Scattered Sites","owner":"Akron Metropolitan Housing Authority","addr":"1032 Hardesty Blvd","city":"Akron","units":1,"btype":"single-family house","status":null,"built":null,"rad":null,"eld":-4,"dis":-4,"aunits":null,"prog":null,"pop":null,"reac":null,"expires":null,"rentassist":null},"geometry":{"type":"Point","coordinates":[-81.563232000057198,41.076906998932699]}},
{"type":"Feature","properties":{"kind":"ph","name":"Edgewood Village South","owner":"Akron Metropolitan Housing Authority","addr":"431 W Bartges St","city":"Akron","units":3,"btype":"row / townhouse","status":null,"built":2012,"rad":null,"eld":-4,"dis":-4,"aunits":null,"prog":null,"pop":null,"reac":null,"expires":null,"rentassist":null},"geometry":{"type":"Point","coordinates":[-81.541400000263806,41.070694999222901]}},
{"type":"Feature","properties":{"kind":"ph","name":"OBERLIN HOMES","owner":"Lorain Metropolitan Housing Authority","addr":"1565 E 31st St Apt","city":"Lorain","units":1,"btype":"single-family house","status":"demolition/disposition proposed","built":1973,"rad":"PBV","eld":-4,"dis":-4,"aunits":null,"prog":null,"pop":null,"reac":null,"expires":null,"rentassist":null},"geometry":{"type":"Point","coordinates":[-82.146670000331596,41.442054999036699]}},
{"type":"Feature","properties":{"kind":"ph","name":"Scattered Sites","owner":"Akron Metropolitan Housing Authority","addr":"871 Merton Ave","city":"Akron","units":1,"btype":"single-family house","status":null,"built":null,"rad":null,"eld":-4,"dis":-4,"aunits":null,"prog":null,"pop":null,"reac":null,"expires":null,"rentassist":null},"geometry":{"type":"Point","coordinates":[-81.498702000424501,41.053782999197999]}},
{"type":"Feature","properties":{"kind":"ph","name":"OUTHWAITE","owner":"Cuyahoga Metropolitan Housing Authority","addr":"4477 Case Ct","city":"Cleveland","units":40,"btype":"row / townhouse","status":null,"built":1937,"rad":null,"eld":5,"dis":9,"aunits":null,"prog":null,"pop":null,"reac":null,"expires":null,"rentassist":null},"geometry":{"type":"Point","coordinates":[-81.656645999940693,41.489940999084901]}},
{"type":"Feature","properties":{"kind":"ph","name":"KING KENNEDY","owner":"Cuyahoga Metropolitan Housing Authority","addr":"6401 Woodland Ave Apt A","city":"Cleveland","units":12,"btype":"row / townhouse","status":null,"built":1970,"rad":null,"eld":9,"dis":5,"aunits":null,"prog":null,"pop":null,"reac":null,"expires":null,"rentassist":null},"geometry":{"type":"Point","coordinates":[-81.645132999918303,41.488217998971699]}},
{"type":"Feature","properties":{"kind":"ph","name":"Riverview Replacement","owner":"Cuyahoga Metropolitan Housing Authority","addr":"1333 W 114th St","city":"Cleveland","units":1,"btype":"single-family house","status":null,"built":null,"rad":null,"eld":-4,"dis":-4,"aunits":null,"prog":null,"pop":null,"reac":null,"expires":null,"rentassist":null},"geometry":{"type":"Point","coordinates":[-81.7651820003653,41.4848299993117]}},
{"type":"Feature","properties":{"kind":"ph","name":"Oberlin Homes LIHTC","owner":"Lorain Metropolitan Housing Authority","addr":"56 Berger Ct Apt","city":"Oberlin","units":1,"btype":"single-family house","status":null,"built":1966,"rad":null,"eld":-4,"dis":-4,"aunits":null,"prog":null,"pop":null,"reac":null,"expires":null,"rentassist":null},"geometry":{"type":"Point","coordinates":[-82.206308000404107,41.293597998910002]}},
{"type":"Feature","properties":{"kind":"ph","name":"Heritage Homes I (former Garden Valley)","owner":"Cuyahoga Metropolitan Housing Authority","addr":"6966 Kinsman Rd","city":"Cleveland","units":4,"btype":"row / townhouse","status":null,"built":2010,"rad":null,"eld":-4,"dis":-4,"aunits":null,"prog":null,"pop":null,"reac":null,"expires":null,"rentassist":null},"geometry":{"type":"Point","coordinates":[-81.640515999819399,41.480582999353999]}},
{"type":"Feature","properties":{"kind":"ph","name":"Scattered Sites","owner":"Akron Metropolitan Housing Authority","addr":"1248 Sherman St","city":"Akron","units":1,"btype":"single-family house","status":null,"built":1929,"rad":null,"eld":-4,"dis":-4,"aunits":null,"prog":null,"pop":null,"reac":null,"expires":null,"rentassist":null},"geometry":{"type":"Point","coordinates":[-81.516599000184399,41.048993998901899]}},
{"type":"Feature","properties":{"kind":"ph","name":"Heritage Homes I (former Garden Valley)","owner":"Cuyahoga Metropolitan Housing Authority","addr":"6945 Anita Kennedy Rd SE","city":"Cleveland","units":3,"btype":"row / townhouse","status":null,"built":2010,"rad":null,"eld":-4,"dis":-4,"aunits":null,"prog":null,"pop":null,"reac":null,"expires":null,"rentassist":null},"geometry":{"type":"Point","coordinates":[-81.640726999706601,41.479783999342096]}},
{"type":"Feature","properties":{"kind":"ph","name":"East Side Neighborhood Homes","owner":"Cuyahoga Metropolitan Housing Authority","addr":"2342 E 76th St","city":"Cleveland","units":1,"btype":"single-family house","status":null,"built":2005,"rad":null,"eld":-4,"dis":-4,"aunits":null,"prog":null,"pop":null,"reac":null,"expires":null,"rentassist":null},"geometry":{"type":"Point","coordinates":[-81.635963000192902,41.494947998923699]}},
{"type":"Feature","properties":{"kind":"ph","name":"Willow Run","owner":"Akron Metropolitan Housing Authority","addr":"1387 Doty Dr","city":"Akron","units":4,"btype":"row / townhouse","status":null,"built":1981,"rad":null,"eld":-4,"dis":-4,"aunits":null,"prog":null,"pop":null,"reac":null,"expires":null,"rentassist":null},"geometry":{"type":"Point","coordinates":[-81.458895000155096,41.023149998954402]}},
{"type":"Feature","properties":{"kind":"ph","name":"Riverview Replacement","owner":"Cuyahoga Metropolitan Housing Authority","addr":"12602 McGowan Ave","city":"Cleveland","units":1,"btype":"single-family house","status":null,"built":null,"rad":null,"eld":-4,"dis":-4,"aunits":null,"prog":null,"pop":null,"reac":null,"expires":null,"rentassist":null},"geometry":{"type":"Point","coordinates":[-81.777106000291397,41.429464999089497]}},
{"type":"Feature","properties":{"kind":"ph","name":"Riverview Replacement","owner":"Cuyahoga Metropolitan Housing Authority","addr":"13205 Astor Ave","city":"Cleveland","units":1,"btype":"single-family house","status":null,"built":1944,"rad":null,"eld":-4,"dis":-4,"aunits":null,"prog":null,"pop":null,"reac":null,"expires":null,"rentassist":null},"geometry":{"type":"Point","coordinates":[-81.782360000249895,41.425735999376997]}},
{"type":"Feature","properties":{"kind":"ph","name":"Heritage Homes III (former Garden Valley","owner":"Cuyahoga Metropolitan Housing Authority","addr":"7203 Bell Ave","city":"Cleveland","units":5,"btype":"row / townhouse","status":null,"built":2012,"rad":null,"eld":-4,"dis":-4,"aunits":null,"prog":null,"pop":null,"reac":null,"expires":null,"rentassist":null},"geometry":{"type":"Point","coordinates":[-81.639000000251002,41.480599999333101]}},
{"type":"Feature","properties":{"kind":"ph","name":"Riverview Replacement","owner":"Cuyahoga Metropolitan Housing Authority","addr":"13217 West Ave","city":"Cleveland","units":1,"btype":"single-family house","status":null,"built":null,"rad":null,"eld":-4,"dis":-4,"aunits":null,"prog":null,"pop":null,"reac":null,"expires":null,"rentassist":null},"geometry":{"type":"Point","coordinates":[-81.781195000310703,41.447940999029598]}},
{"type":"Feature","properties":{"kind":"ph","name":"Riverview Replacement","owner":"Cuyahoga Metropolitan Housing Authority","addr":"3468 W 58th St","city":"Cleveland","units":2,"btype":"semi-detached / duplex","status":"demolition/disposition approved","built":null,"rad":null,"eld":-4,"dis":-4,"aunits":null,"prog":null,"pop":null,"reac":null,"expires":null,"rentassist":null},"geometry":{"type":"Point","coordinates":[-81.7271719998717,41.459877999268798]}},
{"type":"Feature","properties":{"kind":"ph","name":"Heritage Homes III (former Garden Valley","owner":"Cuyahoga Metropolitan Housing Authority","addr":"7214 Rouse Ave","city":"Cleveland","units":4,"btype":"row / townhouse","status":null,"built":2012,"rad":null,"eld":-4,"dis":-4,"aunits":null,"prog":null,"pop":null,"reac":null,"expires":null,"rentassist":null},"geometry":{"type":"Point","coordinates":[-81.636800999893893,41.476410998978601]}},
{"type":"Feature","properties":{"kind":"ph","name":"Scattered Sites","owner":"Akron Metropolitan Housing Authority","addr":"831 Hayden Ave","city":"Akron","units":1,"btype":"single-family house","status":null,"built":null,"rad":null,"eld":-4,"dis":-4,"aunits":null,"prog":null,"pop":null,"reac":null,"expires":null,"rentassist":null},"geometry":{"type":"Point","coordinates":[-81.572174000176901,41.086920998948301]}},
{"type":"Feature","properties":{"kind":"ph","name":"SMALL OR SCATTERED","owner":"Cuyahoga Metropolitan Housing Authority","addr":"1921 W 58th St","city":"Cleveland","units":2,"btype":"semi-detached / duplex","status":"demolition/disposition draft","built":null,"rad":null,"eld":-4,"dis":-4,"aunits":null,"prog":null,"pop":null,"reac":null,"expires":null,"rentassist":null},"geometry":{"type":"Point","coordinates":[-81.726139000177,41.479321998998103]}},
{"type":"Feature","properties":{"kind":"ph","name":"VAN BUREN HOMES","owner":"Akron Metropolitan Housing Authority","addr":"311 Pasadena Dr","city":"Barberton","units":4,"btype":"row / townhouse","status":null,"built":1972,"rad":null,"eld":-4,"dis":-4,"aunits":null,"prog":null,"pop":null,"reac":null,"expires":null,"rentassist":null},"geometry":{"type":"Point","coordinates":[-81.598890999857801,41.005366998945497]}},
{"type":"Feature","properties":{"kind":"ph","name":"Heritage Homes I (former Garden Valley)","owner":"Cuyahoga Metropolitan Housing Authority","addr":"6944 Anita Kennedy Rd SE","city":"Cleveland","units":4,"btype":"row / townhouse","status":null,"built":2010,"rad":null,"eld":-4,"dis":-4,"aunits":null,"prog":null,"pop":null,"reac":null,"expires":null,"rentassist":null},"geometry":{"type":"Point","coordinates":[-81.640812000095394,41.480213999103697]}},
{"type":"Feature","properties":{"kind":"ph","name":"NEAR WEST","owner":"Cuyahoga Metropolitan Housing Authority","addr":"2901 Erin Ave","city":"Cleveland","units":6,"btype":"row / townhouse","status":"demolition/disposition draft","built":1978,"rad":null,"eld":-4,"dis":-4,"aunits":null,"prog":null,"pop":null,"reac":null,"expires":null,"rentassist":null},"geometry":{"type":"Point","coordinates":[-81.701203000378399,41.472002999170002]}},
{"type":"Feature","properties":{"kind":"ph","name":"SOUTHEAST","owner":"Cuyahoga Metropolitan Housing Authority","addr":"9815 Benham Ave","city":"Cleveland","units":2,"btype":"semi-detached / duplex","status":"demolition/disposition draft","built":null,"rad":null,"eld":-4,"dis":-4,"aunits":null,"prog":null,"pop":null,"reac":null,"expires":null,"rentassist":null},"geometry":{"type":"Point","coordinates":[-81.6153280001257,41.4613029987378]}},
{"type":"Feature","properties":{"kind":"ph","name":"CRIMSON TERRACE","owner":"Akron Metropolitan Housing Authority","addr":"548 Otterbein Ave","city":"Barberton","units":1,"btype":"single-family house","status":null,"built":1924,"rad":null,"eld":-4,"dis":-4,"aunits":null,"prog":null,"pop":null,"reac":null,"expires":null,"rentassist":null},"geometry":{"type":"Point","coordinates":[-81.602721000309302,41.025111999172204]}},
{"type":"Feature","properties":{"kind":"ph","name":"Scattered Sites","owner":"Akron Metropolitan Housing Authority","addr":"1243 Wyley Ave","city":"Akron","units":1,"btype":"single-family house","status":null,"built":1970,"rad":null,"eld":-4,"dis":-4,"aunits":null,"prog":null,"pop":null,"reac":null,"expires":null,"rentassist":null},"geometry":{"type":"Point","coordinates":[-81.482465000172994,41.048839999199302]}},
{"type":"Feature","properties":{"kind":"ph","name":"Scattered Sites","owner":"Akron Metropolitan Housing Authority","addr":"708 Bertha Ave","city":"Akron","units":1,"btype":"single-family house","status":null,"built":1928,"rad":null,"eld":-4,"dis":-4,"aunits":null,"prog":null,"pop":null,"reac":null,"expires":null,"rentassist":null},"geometry":{"type":"Point","coordinates":[-81.498225000398506,41.057394998933198]}},
{"type":"Feature","properties":{"kind":"ph","name":"Edgewood Village I","owner":"Akron Metropolitan Housing Authority","addr":"488 Euclid Ave","city":"Akron","units":2,"btype":"semi-detached / duplex","status":null,"built":null,"rad":null,"eld":-4,"dis":-4,"aunits":null,"prog":null,"pop":null,"reac":null,"expires":null,"rentassist":null},"geometry":{"type":"Point","coordinates":[-81.540433999617903,41.075726999249497]}},
{"type":"Feature","properties":{"kind":"ph","name":"Scattered Sites","owner":"Akron Metropolitan Housing Authority","addr":"897 Greenwood Ave","city":"Akron","units":1,"btype":"single-family house","status":null,"built":1970,"rad":null,"eld":-4,"dis":-4,"aunits":null,"prog":null,"pop":null,"reac":null,"expires":null,"rentassist":null},"geometry":{"type":"Point","coordinates":[-81.565799999586801,41.082608999066302]}},
{"type":"Feature","properties":{"kind":"ph","name":"Bon Sue","owner":"Akron Metropolitan Housing Authority","addr":"1595 White Ave","city":"Akron","units":8,"btype":"row / townhouse","status":null,"built":1970,"rad":null,"eld":-4,"dis":-4,"aunits":null,"prog":null,"pop":null,"reac":null,"expires":null,"rentassist":null},"geometry":{"type":"Point","coordinates":[-81.561250000333402,41.062081999192202]}},
{"type":"Feature","properties":{"kind":"ph","name":"Tremont Pointe I","owner":"Cuyahoga Metropolitan Housing Authority","addr":"2561 Saint Olga Ave","city":"Cleveland","units":4,"btype":"row / townhouse","status":null,"built":null,"rad":null,"eld":-4,"dis":-4,"aunits":null,"prog":null,"pop":null,"reac":null,"expires":null,"rentassist":null},"geometry":{"type":"Point","coordinates":[-81.681014000375001,41.477170999144001]}},
{"type":"Feature","properties":{"kind":"ph","name":"Riverview Replacement","owner":"Cuyahoga Metropolitan Housing Authority","addr":"3426 W 136th St","city":"Cleveland","units":1,"btype":"single-family house","status":null,"built":1929,"rad":null,"eld":-4,"dis":-4,"aunits":null,"prog":null,"pop":null,"reac":null,"expires":null,"rentassist":null},"geometry":{"type":"Point","coordinates":[-81.786377000299098,41.458553999335301]}},
{"type":"Feature","properties":{"kind":"ph","name":"Heritage Homes III (former Garden Valley","owner":"Cuyahoga Metropolitan Housing Authority","addr":"7215 Bell Ave","city":"Cleveland","units":3,"btype":"row / townhouse","status":null,"built":2012,"rad":null,"eld":-4,"dis":-4,"aunits":null,"prog":null,"pop":null,"reac":null,"expires":null,"rentassist":null},"geometry":{"type":"Point","coordinates":[-81.639000000251002,41.480599999333101]}},
{"type":"Feature","properties":{"kind":"ph","name":"Tremont Pointe I","owner":"Cuyahoga Metropolitan Housing Authority","addr":"2527 W 7th St","city":"Cleveland","units":5,"btype":"row / townhouse","status":null,"built":null,"rad":null,"eld":-4,"dis":-4,"aunits":null,"prog":null,"pop":null,"reac":null,"expires":null,"rentassist":null},"geometry":{"type":"Point","coordinates":[-81.680036999858601,41.477617998832301]}},
{"type":"Feature","properties":{"kind":"ph","name":"Riverview Replacement","owner":"Cuyahoga Metropolitan Housing Authority","addr":"4356 W 47th St","city":"Cleveland","units":1,"btype":"single-family house","status":null,"built":null,"rad":null,"eld":-4,"dis":-4,"aunits":null,"prog":null,"pop":null,"reac":null,"expires":null,"rentassist":null},"geometry":{"type":"Point","coordinates":[-81.718160000330101,41.4380519993693]}},
{"type":"Feature","properties":{"kind":"ph","name":"Riverview Replacement","owner":"Cuyahoga Metropolitan Housing Authority","addr":"3749 W 138th St","city":"Cleveland","units":1,"btype":"single-family house","status":null,"built":null,"rad":null,"eld":-4,"dis":-4,"aunits":null,"prog":null,"pop":null,"reac":null,"expires":null,"rentassist":null},"geometry":{"type":"Point","coordinates":[-81.787543000063195,41.451590999361102]}},
{"type":"Feature","properties":{"kind":"ph","name":"Riverview Replacement","owner":"Cuyahoga Metropolitan Housing Authority","addr":"14110 Terminal Ave","city":"Cleveland","units":1,"btype":"single-family house","status":null,"built":1948,"rad":null,"eld":-4,"dis":-4,"aunits":null,"prog":null,"pop":null,"reac":null,"expires":null,"rentassist":null},"geometry":{"type":"Point","coordinates":[-81.792251000398693,41.4396669991919]}},
{"type":"Feature","properties":{"kind":"ph","name":"Heritage Homes II (former Garden Valley)","owner":"Cuyahoga Metropolitan Housing Authority","addr":"2946 E 71st St","city":"Cleveland","units":1,"btype":"single-family house","status":null,"built":2011,"rad":null,"eld":-4,"dis":-4,"aunits":null,"prog":null,"pop":null,"reac":null,"expires":null,"rentassist":null},"geometry":{"type":"Point","coordinates":[-81.639806999989801,41.479408999349502]}},
{"type":"Feature","properties":{"kind":"ph","name":"FAR WEST","owner":"Cuyahoga Metropolitan Housing Authority","addr":"17804 Fairville Ave","city":"Cleveland","units":1,"btype":"single-family house","status":"removal proposed","built":null,"rad":null,"eld":-4,"dis":-4,"aunits":null,"prog":null,"pop":null,"reac":null,"expires":null,"rentassist":null},"geometry":{"type":"Point","coordinates":[-81.820523000006006,41.431004999212497]}},
{"type":"Feature","properties":{"kind":"ph","name":"OBERLIN HOMES","owner":"Lorain Metropolitan Housing Authority","addr":"1642 E 30th St Apt","city":"Lorain","units":4,"btype":"row / townhouse","status":"demolition/disposition proposed","built":1972,"rad":"PBV","eld":-4,"dis":-4,"aunits":null,"prog":null,"pop":null,"reac":null,"expires":null,"rentassist":null},"geometry":{"type":"Point","coordinates":[-82.142335000265007,41.443288998888796]}},
{"type":"Feature","properties":{"kind":"ph","name":"Scattered Sites","owner":"Akron Metropolitan Housing Authority","addr":"582 Grace Ave","city":"Akron","units":1,"btype":"single-family house","status":null,"built":null,"rad":null,"eld":-4,"dis":-4,"aunits":null,"prog":null,"pop":null,"reac":null,"expires":null,"rentassist":null},"geometry":{"type":"Point","coordinates":[-81.551893999936894,41.081946999023103]}},
{"type":"Feature","properties":{"kind":"ph","name":"Scattered Sites","owner":"Akron Metropolitan Housing Authority","addr":"472 Orlando Ave","city":"Akron","units":1,"btype":"single-family house","status":null,"built":1972,"rad":null,"eld":-4,"dis":-4,"aunits":null,"prog":null,"pop":null,"reac":null,"expires":null,"rentassist":null},"geometry":{"type":"Point","coordinates":[-81.568378999885496,41.095896998787801]}},
{"type":"Feature","properties":{"kind":"ph","name":"Scattered Sites","owner":"Akron Metropolitan Housing Authority","addr":"1004 Neptune Ave","city":"Akron","units":1,"btype":"single-family house","status":null,"built":1918,"rad":null,"eld":-4,"dis":-4,"aunits":null,"prog":null,"pop":null,"reac":null,"expires":null,"rentassist":null},"geometry":{"type":"Point","coordinates":[-81.507104999695599,41.053157998826997]}},
{"type":"Feature","properties":{"kind":"ph","name":"Scattered Sites","owner":"Akron Metropolitan Housing Authority","addr":"1571 10th St","city":"Cuyahoga Falls","units":1,"btype":"single-family house","status":null,"built":1950,"rad":null,"eld":-4,"dis":-4,"aunits":null,"prog":null,"pop":null,"reac":null,"expires":null,"rentassist":null},"geometry":{"type":"Point","coordinates":[-81.494913999805803,41.126324999096298]}},
{"type":"Feature","properties":{"kind":"ph","name":"Scattered Sites","owner":"Akron Metropolitan Housing Authority","addr":"781 Carlysle St","city":"Akron","units":1,"btype":"single-family house","status":null,"built":null,"rad":null,"eld":-4,"dis":-4,"aunits":null,"prog":null,"pop":null,"reac":null,"expires":null,"rentassist":null},"geometry":{"type":"Point","coordinates":[-81.517994000277298,41.106527999169103]}},
{"type":"Feature","properties":{"kind":"ph","name":"Riverview Replacement","owner":"Cuyahoga Metropolitan Housing Authority","addr":"3518 W 128th St","city":"Cleveland","units":1,"btype":"single-family house","status":null,"built":null,"rad":null,"eld":-4,"dis":-4,"aunits":null,"prog":null,"pop":null,"reac":null,"expires":null,"rentassist":null},"geometry":{"type":"Point","coordinates":[-81.777820999968796,41.457730998865799]}},
{"type":"Feature","properties":{"kind":"ph","name":"East Side Neighborhood Homes","owner":"Cuyahoga Metropolitan Housing Authority","addr":"2194 E 74th St","city":"Cleveland","units":1,"btype":"single-family house","status":null,"built":2005,"rad":null,"eld":-4,"dis":-4,"aunits":null,"prog":null,"pop":null,"reac":null,"expires":null,"rentassist":null},"geometry":{"type":"Point","coordinates":[-81.636846000099794,41.498012998883603]}},
{"type":"Feature","properties":{"kind":"ph","name":"FAR WEST","owner":"Cuyahoga Metropolitan Housing Authority","addr":"4530 State Rd","city":"Cleveland","units":2,"btype":"semi-detached / duplex","status":"demolition/disposition draft","built":null,"rad":null,"eld":-4,"dis":-4,"aunits":null,"prog":null,"pop":null,"reac":null,"expires":null,"rentassist":null},"geometry":{"type":"Point","coordinates":[-81.707634999796497,41.431111999052398]}},
{"type":"Feature","properties":{"kind":"ph","name":"SCRANTON WOODS/CLOVERDALE","owner":"Geauga Metropolitian Housing Authority","addr":"16750 Findlay St","city":"Chagrin Falls","units":2,"btype":"semi-detached / duplex","status":null,"built":1982,"rad":null,"eld":-4,"dis":-4,"aunits":null,"prog":null,"pop":null,"reac":null,"expires":null,"rentassist":null},"geometry":{"type":"Point","coordinates":[-81.386553000181706,41.413992998968503]}},
{"type":"Feature","properties":{"kind":"ph","name":"SUMMIT LAKE","owner":"Akron Metropolitan Housing Authority","addr":"219 W Crosier St","city":"Akron","units":2,"btype":"semi-detached / duplex","status":null,"built":2013,"rad":null,"eld":-4,"dis":-4,"aunits":null,"prog":null,"pop":null,"reac":null,"expires":null,"rentassist":null},"geometry":{"type":"Point","coordinates":[-81.536507999805295,41.059709999212103]}},
{"type":"Feature","properties":{"kind":"ph","name":"Tremont Pointe I","owner":"Cuyahoga Metropolitan Housing Authority","addr":"2541 W 7th St","city":"Cleveland","units":7,"btype":"row / townhouse","status":null,"built":2007,"rad":null,"eld":-4,"dis":-4,"aunits":null,"prog":null,"pop":null,"reac":null,"expires":null,"rentassist":null},"geometry":{"type":"Point","coordinates":[-81.679778000290796,41.477212999236897]}},
{"type":"Feature","properties":{"kind":"ph","name":"OBERLIN HOMES","owner":"Lorain Metropolitan Housing Authority","addr":"1654 E 30th St Apt","city":"Lorain","units":4,"btype":"row / townhouse","status":"demolition/disposition proposed","built":1972,"rad":"PBV","eld":-4,"dis":-4,"aunits":null,"prog":null,"pop":null,"reac":null,"expires":null,"rentassist":null},"geometry":{"type":"Point","coordinates":[-82.142335000265007,41.443288998888796]}},
{"type":"Feature","properties":{"kind":"ph","name":"Scattered Sites","owner":"Akron Metropolitan Housing Authority","addr":"1106 Pickford Ave","city":"Akron","units":1,"btype":"single-family house","status":null,"built":null,"rad":null,"eld":-4,"dis":-4,"aunits":null,"prog":null,"pop":null,"reac":null,"expires":null,"rentassist":null},"geometry":{"type":"Point","coordinates":[-81.577235999616406,41.079549998900902]}},
{"type":"Feature","properties":{"kind":"ph","name":"OBERLIN HOMES","owner":"Lorain Metropolitan Housing Authority","addr":"1537 E 30th St Apt","city":"Lorain","units":2,"btype":"semi-detached / duplex","status":"demolition/disposition proposed","built":1973,"rad":"PBV","eld":-4,"dis":-4,"aunits":null,"prog":null,"pop":null,"reac":null,"expires":null,"rentassist":null},"geometry":{"type":"Point","coordinates":[-82.146562000376605,41.443280999048298]}},
{"type":"Feature","properties":{"kind":"ph","name":"Scattered Sites","owner":"Akron Metropolitan Housing Authority","addr":"896 Bellevue Ave","city":"Akron","units":1,"btype":"single-family house","status":null,"built":null,"rad":null,"eld":-4,"dis":-4,"aunits":null,"prog":null,"pop":null,"reac":null,"expires":null,"rentassist":null},"geometry":{"type":"Point","coordinates":[-81.555290999845099,41.0738309989203]}},
{"type":"Feature","properties":{"kind":"ph","name":"Scattered Sites","owner":"Akron Metropolitan Housing Authority","addr":"1327 Hartford Ave","city":"Akron","units":1,"btype":"single-family house","status":null,"built":null,"rad":null,"eld":-4,"dis":-4,"aunits":null,"prog":null,"pop":null,"reac":null,"expires":null,"rentassist":null},"geometry":{"type":"Point","coordinates":[-81.564206000200599,41.070928999262598]}},
{"type":"Feature","properties":{"kind":"ph","name":"SCRANTON WOODS/CLOVERDALE","owner":"Geauga Metropolitian Housing Authority","addr":"15555 Cloverdale Dr","city":"Middlefield","units":2,"btype":"semi-detached / duplex","status":null,"built":1985,"rad":null,"eld":-4,"dis":-4,"aunits":null,"prog":null,"pop":null,"reac":null,"expires":null,"rentassist":null},"geometry":{"type":"Point","coordinates":[-81.083933000216405,41.452141998993902]}},
{"type":"Feature","properties":{"kind":"ph","name":"Scattered Sites","owner":"Akron Metropolitan Housing Authority","addr":"621 Gridley Ave","city":"Akron","units":1,"btype":"single-family house","status":null,"built":1910,"rad":null,"eld":-4,"dis":-4,"aunits":null,"prog":null,"pop":null,"reac":null,"expires":null,"rentassist":null},"geometry":{"type":"Point","coordinates":[-81.501184999565297,41.060801999046397]}},
{"type":"Feature","properties":{"kind":"ph","name":"KING KENNEDY","owner":"Cuyahoga Metropolitan Housing Authority","addr":"2550 Park Midway St Apt A","city":"Cleveland","units":6,"btype":"row / townhouse","status":null,"built":1970,"rad":null,"eld":-4,"dis":-4,"aunits":null,"prog":null,"pop":null,"reac":null,"expires":null,"rentassist":null},"geometry":{"type":"Point","coordinates":[-81.647447999728001,41.488846999177099]}},
{"type":"Feature","properties":{"kind":"ph","name":"East Side Neighborhood Homes","owner":"Cuyahoga Metropolitan Housing Authority","addr":"6936 Colfax Rd","city":"Cleveland","units":1,"btype":"single-family house","status":null,"built":2005,"rad":null,"eld":-4,"dis":-4,"aunits":null,"prog":null,"pop":null,"reac":null,"expires":null,"rentassist":null},"geometry":{"type":"Point","coordinates":[-81.640520999842295,41.481848999020997]}},
{"type":"Feature","properties":{"kind":"ph","name":"KING KENNEDY","owner":"Cuyahoga Metropolitan Housing Authority","addr":"2580 Park Midway St Apt A","city":"Cleveland","units":12,"btype":"row / townhouse","status":null,"built":1970,"rad":null,"eld":-4,"dis":-4,"aunits":null,"prog":null,"pop":null,"reac":null,"expires":null,"rentassist":null},"geometry":{"type":"Point","coordinates":[-81.6474360000324,41.4883699988074]}},
{"type":"Feature","properties":{"kind":"ph","name":"OUTHWAITE","owner":"Cuyahoga Metropolitan Housing Authority","addr":"2535A E 46th St","city":"Cleveland","units":41,"btype":"row / townhouse","status":null,"built":1937,"rad":null,"eld":10,"dis":13,"aunits":null,"prog":null,"pop":null,"reac":null,"expires":null,"rentassist":null},"geometry":{"type":"Point","coordinates":[-81.655618000268902,41.491509999129597]}},
{"type":"Feature","properties":{"kind":"ph","name":"PINEWOOD GARDENS","owner":"Akron Metropolitan Housing Authority","addr":"8784 Ray Ct Apt 1","city":"Twinsburg","units":8,"btype":"walk-up apartments","status":null,"built":1980,"rad":null,"eld":-4,"dis":-4,"aunits":null,"prog":null,"pop":null,"reac":null,"expires":null,"rentassist":null},"geometry":{"type":"Point","coordinates":[-81.459099000369605,41.308859999363698]}},
{"type":"Feature","properties":{"kind":"ph","name":"Edgewood Village South","owner":"Akron Metropolitan Housing Authority","addr":"425 W Bartges St","city":"Akron","units":3,"btype":"row / townhouse","status":null,"built":2012,"rad":null,"eld":-4,"dis":-4,"aunits":null,"prog":null,"pop":null,"reac":null,"expires":null,"rentassist":null},"geometry":{"type":"Point","coordinates":[-81.541492000325306,41.070361999058797]}},
{"type":"Feature","properties":{"kind":"ph","name":"Scattered Sites","owner":"Akron Metropolitan Housing Authority","addr":"1268 Tomahawk St","city":"Akron","units":1,"btype":"single-family house","status":null,"built":1974,"rad":null,"eld":-4,"dis":-4,"aunits":null,"prog":null,"pop":null,"reac":null,"expires":null,"rentassist":null},"geometry":{"type":"Point","coordinates":[-81.471825000011705,41.089433998834203]}},
{"type":"Feature","properties":{"kind":"ph","name":"OBERLIN HOMES","owner":"Lorain Metropolitan Housing Authority","addr":"1623 E 30th St Apt","city":"Lorain","units":4,"btype":"row / townhouse","status":"demolition/disposition proposed","built":1972,"rad":"PBV","eld":-4,"dis":-4,"aunits":null,"prog":null,"pop":null,"reac":null,"expires":null,"rentassist":null},"geometry":{"type":"Point","coordinates":[-82.143500000204199,41.443297999381599]}},
{"type":"Feature","properties":{"kind":"ph","name":"Riverview Replacement","owner":"Cuyahoga Metropolitan Housing Authority","addr":"14415 Fairlawn Ave","city":"Cleveland","units":1,"btype":"single-family house","status":null,"built":null,"rad":null,"eld":-4,"dis":-4,"aunits":null,"prog":null,"pop":null,"reac":null,"expires":null,"rentassist":null},"geometry":{"type":"Point","coordinates":[-81.794961000218507,41.450327998860203]}},
{"type":"Feature","properties":{"kind":"ph","name":"SMALL OR SCATTERED","owner":"Cuyahoga Metropolitan Housing Authority","addr":"9701 Landon Ave","city":"Cleveland","units":4,"btype":"row / townhouse","status":"demolition/disposition draft","built":null,"rad":null,"eld":-4,"dis":-4,"aunits":null,"prog":null,"pop":null,"reac":null,"expires":null,"rentassist":null},"geometry":{"type":"Point","coordinates":[-81.750130000144495,41.479405999060901]}},
{"type":"Feature","properties":{"kind":"ph","name":"Scattered Sites","owner":"Akron Metropolitan Housing Authority","addr":"799 Staeger St","city":"Akron","units":1,"btype":"single-family house","status":null,"built":null,"rad":null,"eld":-4,"dis":-4,"aunits":null,"prog":null,"pop":null,"reac":null,"expires":null,"rentassist":null},"geometry":{"type":"Point","coordinates":[-81.483646999830597,41.044871998918303]}},
{"type":"Feature","properties":{"kind":"ph","name":"Scattered Sites","owner":"Akron Metropolitan Housing Authority","addr":"931 Minota Ave","city":"Akron","units":2,"btype":"semi-detached / duplex","status":null,"built":null,"rad":null,"eld":-4,"dis":-4,"aunits":null,"prog":null,"pop":null,"reac":null,"expires":null,"rentassist":null},"geometry":{"type":"Point","coordinates":[-81.493349999658406,41.0407679992826]}},
{"type":"Feature","properties":{"kind":"ph","name":"VAN BUREN HOMES","owner":"Akron Metropolitan Housing Authority","addr":"423 Nebraska Pl","city":"Barberton","units":3,"btype":"row / townhouse","status":null,"built":1972,"rad":null,"eld":-4,"dis":-4,"aunits":null,"prog":null,"pop":null,"reac":null,"expires":null,"rentassist":null},"geometry":{"type":"Point","coordinates":[-81.600048000299296,41.004797999234803]}},
{"type":"Feature","properties":{"kind":"ph","name":"SOUTHEAST","owner":"Cuyahoga Metropolitan Housing Authority","addr":"2061 Green Rd","city":"Cleveland","units":2,"btype":"semi-detached / duplex","status":"demolition/disposition proposed","built":null,"rad":"PBRA","eld":-4,"dis":-4,"aunits":null,"prog":null,"pop":null,"reac":null,"expires":null,"rentassist":null},"geometry":{"type":"Point","coordinates":[-81.543263999986706,41.551498998774598]}},
{"type":"Feature","properties":{"kind":"ph","name":"VAN BUREN HOMES","owner":"Akron Metropolitan Housing Authority","addr":"454 Pasadena Pl","city":"Barberton","units":4,"btype":"row / townhouse","status":null,"built":1972,"rad":null,"eld":-4,"dis":-4,"aunits":null,"prog":null,"pop":null,"reac":null,"expires":null,"rentassist":null},"geometry":{"type":"Point","coordinates":[-81.598744000443006,41.0043449987702]}},
{"type":"Feature","properties":{"kind":"ph","name":"SOUTHEAST","owner":"Cuyahoga Metropolitan Housing Authority","addr":"2079 Green Rd","city":"Cleveland","units":2,"btype":"semi-detached / duplex","status":"demolition/disposition proposed","built":null,"rad":"PBRA","eld":-4,"dis":-4,"aunits":null,"prog":null,"pop":null,"reac":null,"expires":null,"rentassist":null},"geometry":{"type":"Point","coordinates":[-81.543617999989095,41.551880999040499]}},
{"type":"Feature","properties":{"kind":"ph","name":"DOWNTOWN","owner":"Cuyahoga Metropolitan Housing Authority","addr":"1255 W 25th St","city":"Cleveland","units":18,"btype":"walk-up apartments","status":"demolition/disposition proposed","built":1937,"rad":"PBRA","eld":7,"dis":9,"aunits":null,"prog":null,"pop":null,"reac":null,"expires":null,"rentassist":null},"geometry":{"type":"Point","coordinates":[-81.709794999795406,41.494793999328799]}},
{"type":"Feature","properties":{"kind":"ph","name":"Edgewood Village I","owner":"Akron Metropolitan Housing Authority","addr":"447 Westerly Rd","city":"Akron","units":2,"btype":"semi-detached / duplex","status":null,"built":null,"rad":null,"eld":-4,"dis":-4,"aunits":null,"prog":null,"pop":null,"reac":null,"expires":null,"rentassist":null},"geometry":{"type":"Point","coordinates":[-81.538831999835807,41.073681998955301]}},
{"type":"Feature","properties":{"kind":"ph","name":"SCRANTON WOODS/CLOVERDALE","owner":"Geauga Metropolitian Housing Authority","addr":"15626 Cloverdale Dr","city":"Middlefield","units":2,"btype":"semi-detached / duplex","status":null,"built":1985,"rad":null,"eld":-4,"dis":-4,"aunits":null,"prog":null,"pop":null,"reac":null,"expires":null,"rentassist":null},"geometry":{"type":"Point","coordinates":[-81.086171999858095,41.452468998858997]}},
{"type":"Feature","properties":{"kind":"ph","name":"CEDAR CENTRAL","owner":"Cuyahoga Metropolitan Housing Authority","addr":"2803 Central Ave","city":"Cleveland","units":24,"btype":"walk-up apartments","status":null,"built":1935,"rad":null,"eld":-4,"dis":-4,"aunits":null,"prog":null,"pop":null,"reac":null,"expires":null,"rentassist":null},"geometry":{"type":"Point","coordinates":[-81.666218000247298,41.497055998942699]}},
{"type":"Feature","properties":{"kind":"ph","name":"PINEWOOD GARDENS","owner":"Akron Metropolitan Housing Authority","addr":"8828 Ray Ct Apt 1","city":"Twinsburg","units":8,"btype":"walk-up apartments","status":null,"built":1980,"rad":null,"eld":-4,"dis":-4,"aunits":null,"prog":null,"pop":null,"reac":null,"expires":null,"rentassist":null},"geometry":{"type":"Point","coordinates":[-81.457765000376,41.308857999314696]}},
{"type":"Feature","properties":{"kind":"ph","name":"Oberlin Homes LIHTC","owner":"Lorain Metropolitan Housing Authority","addr":"13 W Lincoln St Apt","city":"Oberlin","units":1,"btype":"single-family house","status":null,"built":1966,"rad":null,"eld":-4,"dis":-4,"aunits":null,"prog":null,"pop":null,"reac":null,"expires":null,"rentassist":null},"geometry":{"type":"Point","coordinates":[-82.219500000201606,41.282387998816198]}},
{"type":"Feature","properties":{"kind":"ph","name":"Scattered Sites","owner":"Akron Metropolitan Housing Authority","addr":"1274 Bee Bee Cir","city":"Akron","units":1,"btype":"single-family house","status":null,"built":1974,"rad":null,"eld":-4,"dis":-4,"aunits":null,"prog":null,"pop":null,"reac":null,"expires":null,"rentassist":null},"geometry":{"type":"Point","coordinates":[-81.472270000250703,41.090182998812601]}},
{"type":"Feature","properties":{"kind":"ph","name":"Edgewood Village I","owner":"Akron Metropolitan Housing Authority","addr":"711 Edgewood Ave","city":"Akron","units":3,"btype":"row / townhouse","status":null,"built":null,"rad":null,"eld":-4,"dis":-4,"aunits":null,"prog":null,"pop":null,"reac":null,"expires":null,"rentassist":null},"geometry":{"type":"Point","coordinates":[-81.539426999862499,41.074330999379903]}},
{"type":"Feature","properties":{"kind":"ph","name":"VAN BUREN HOMES","owner":"Akron Metropolitan Housing Authority","addr":"534 Florida Pl","city":"Barberton","units":4,"btype":"row / townhouse","status":null,"built":1972,"rad":null,"eld":-4,"dis":-4,"aunits":null,"prog":null,"pop":null,"reac":null,"expires":null,"rentassist":null},"geometry":{"type":"Point","coordinates":[-81.598262000394101,41.003665998987003]}},
{"type":"Feature","properties":{"kind":"ph","name":"DOWNTOWN","owner":"Cuyahoga Metropolitan Housing Authority","addr":"2701 Division Ave","city":"Cleveland","units":24,"btype":"walk-up apartments","status":null,"built":1937,"rad":null,"eld":0,"dis":8,"aunits":null,"prog":null,"pop":null,"reac":null,"expires":null,"rentassist":null},"geometry":{"type":"Point","coordinates":[-81.710287999715007,41.492697999074899]}},
{"type":"Feature","properties":{"kind":"ph","name":"VAN BUREN HOMES","owner":"Akron Metropolitan Housing Authority","addr":"233 Illinois Pl","city":"Barberton","units":3,"btype":"row / townhouse","status":null,"built":1972,"rad":null,"eld":-4,"dis":-4,"aunits":null,"prog":null,"pop":null,"reac":null,"expires":null,"rentassist":null},"geometry":{"type":"Point","coordinates":[-81.600484000317394,41.006720998895602]}},
{"type":"Feature","properties":{"kind":"ph","name":"Scattered Sites","owner":"Akron Metropolitan Housing Authority","addr":"981 Carlysle St","city":"Akron","units":1,"btype":"single-family house","status":null,"built":1960,"rad":null,"eld":-4,"dis":-4,"aunits":null,"prog":null,"pop":null,"reac":null,"expires":null,"rentassist":null},"geometry":{"type":"Point","coordinates":[-81.518062999874303,41.112134998740999]}},
{"type":"Feature","properties":{"kind":"ph","name":"BELCHER APARTMENTS","owner":"Akron Metropolitan Housing Authority","addr":"410 Locust St","city":"Akron","units":74,"btype":"elevator high-rise","status":null,"built":1970,"rad":null,"eld":53,"dis":80,"aunits":null,"prog":null,"pop":null,"reac":null,"expires":null,"rentassist":null},"geometry":{"type":"Point","coordinates":[-81.528467999859004,41.076311999398598]}},
{"type":"Feature","properties":{"kind":"ph","name":"Oberlin Homes LIHTC","owner":"Lorain Metropolitan Housing Authority","addr":"70 Berger Ct Apt","city":"Oberlin","units":2,"btype":"semi-detached / duplex","status":null,"built":1966,"rad":null,"eld":-4,"dis":-4,"aunits":null,"prog":null,"pop":null,"reac":null,"expires":null,"rentassist":null},"geometry":{"type":"Point","coordinates":[-82.206308000404107,41.293597998910002]}},
{"type":"Feature","properties":{"kind":"ph","name":"Scattered Sites","owner":"Akron Metropolitan Housing Authority","addr":"681 Sunset View Dr","city":"Akron","units":1,"btype":"single-family house","status":null,"built":null,"rad":null,"eld":-4,"dis":-4,"aunits":null,"prog":null,"pop":null,"reac":null,"expires":null,"rentassist":null},"geometry":{"type":"Point","coordinates":[-81.557142000047506,41.085853998824]}},
{"type":"Feature","properties":{"kind":"ph","name":"Scattered Sites","owner":"Akron Metropolitan Housing Authority","addr":"127 Middlebury Ave","city":"Akron","units":1,"btype":"single-family house","status":null,"built":1952,"rad":null,"eld":-4,"dis":-4,"aunits":null,"prog":null,"pop":null,"reac":null,"expires":null,"rentassist":null},"geometry":{"type":"Point","coordinates":[-81.489660999672296,41.0758459992919]}},
{"type":"Feature","properties":{"kind":"ph","name":"Scattered Sites","owner":"Akron Metropolitan Housing Authority","addr":"851 Carpenter St","city":"Akron","units":1,"btype":"single-family house","status":null,"built":1923,"rad":null,"eld":-4,"dis":-4,"aunits":null,"prog":null,"pop":null,"reac":null,"expires":null,"rentassist":null},"geometry":{"type":"Point","coordinates":[-81.519110999637604,41.1083609990757]}},
{"type":"Feature","properties":{"kind":"ph","name":"OUTHWAITE","owner":"Cuyahoga Metropolitan Housing Authority","addr":"2490 E 55th St","city":"Cleveland","units":24,"btype":"row / townhouse","status":null,"built":1942,"rad":null,"eld":19,"dis":17,"aunits":null,"prog":null,"pop":null,"reac":null,"expires":null,"rentassist":null},"geometry":{"type":"Point","coordinates":[-81.651853999939604,41.490998998981503]}},
{"type":"Feature","properties":{"kind":"ph","name":"Heritage Homes II (former Garden Valley)","owner":"Cuyahoga Metropolitan Housing Authority","addr":"2972 E 71st St","city":"Cleveland","units":1,"btype":"single-family house","status":null,"built":2011,"rad":null,"eld":-4,"dis":-4,"aunits":null,"prog":null,"pop":null,"reac":null,"expires":null,"rentassist":null},"geometry":{"type":"Point","coordinates":[-81.640022000075007,41.478162998747003]}},
{"type":"Feature","properties":{"kind":"ph","name":"Cascade Village South","owner":"Akron Metropolitan Housing Authority","addr":"172 E North St","city":"Akron","units":3,"btype":"row / townhouse","status":null,"built":2008,"rad":null,"eld":-4,"dis":-4,"aunits":null,"prog":null,"pop":null,"reac":null,"expires":null,"rentassist":null},"geometry":{"type":"Point","coordinates":[-81.510057000263203,41.090084998744103]}},
{"type":"Feature","properties":{"kind":"ph","name":"DOWNTOWN","owner":"Cuyahoga Metropolitan Housing Authority","addr":"2838 Division Ave","city":"Cleveland","units":16,"btype":"row / townhouse","status":null,"built":1937,"rad":null,"eld":9,"dis":8,"aunits":null,"prog":null,"pop":null,"reac":null,"expires":null,"rentassist":null},"geometry":{"type":"Point","coordinates":[-81.712072999795197,41.492302999168203]}},
{"type":"Feature","properties":{"kind":"ph","name":"KING KENNEDY","owner":"Cuyahoga Metropolitan Housing Authority","addr":"2479 E 64th St","city":"Cleveland","units":6,"btype":"row / townhouse","status":null,"built":2005,"rad":null,"eld":-4,"dis":-4,"aunits":null,"prog":null,"pop":null,"reac":null,"expires":null,"rentassist":null},"geometry":{"type":"Point","coordinates":[-81.645394999859107,41.491638998757601]}},
{"type":"Feature","properties":{"kind":"ph","name":"Gordon Square","owner":"Cuyahoga Metropolitan Housing Authority","addr":"6518 Detroit Ave","city":"Cleveland","units":64,"btype":"elevator high-rise","status":null,"built":null,"rad":null,"eld":34,"dis":70,"aunits":null,"prog":null,"pop":null,"reac":null,"expires":null,"rentassist":null},"geometry":{"type":"Point","coordinates":[-81.730935000375993,41.484049998969297]}},
{"type":"Feature","properties":{"kind":"ph","name":"VAN BUREN HOMES","owner":"Akron Metropolitan Housing Authority","addr":"331 Pasadena Pl","city":"Barberton","units":3,"btype":"row / townhouse","status":null,"built":1972,"rad":null,"eld":-4,"dis":-4,"aunits":null,"prog":null,"pop":null,"reac":null,"expires":null,"rentassist":null},"geometry":{"type":"Point","coordinates":[-81.599090000049401,41.005307998886799]}},
{"type":"Feature","properties":{"kind":"ph","name":"Scattered Sites","owner":"Akron Metropolitan Housing Authority","addr":"1360 Leonora Ave","city":"Akron","units":1,"btype":"single-family house","status":null,"built":1928,"rad":null,"eld":-4,"dis":-4,"aunits":null,"prog":null,"pop":null,"reac":null,"expires":null,"rentassist":null},"geometry":{"type":"Point","coordinates":[-81.470737000065498,41.0827409987766]}},
{"type":"Feature","properties":{"kind":"ph","name":"KING KENNEDY","owner":"Cuyahoga Metropolitan Housing Authority","addr":"6328 Scovill Ave","city":"Cleveland","units":5,"btype":"row / townhouse","status":null,"built":2004,"rad":null,"eld":-4,"dis":-4,"aunits":null,"prog":null,"pop":null,"reac":null,"expires":null,"rentassist":null},"geometry":{"type":"Point","coordinates":[-81.646440000147706,41.491528998751797]}},
{"type":"Feature","properties":{"kind":"ph","name":"SUMMIT LAKE","owner":"Akron Metropolitan Housing Authority","addr":"1272 Roulhac Cir","city":"Akron","units":1,"btype":"single-family house","status":null,"built":1999,"rad":null,"eld":-4,"dis":-4,"aunits":null,"prog":null,"pop":null,"reac":null,"expires":null,"rentassist":null},"geometry":{"type":"Point","coordinates":[-81.557077999575199,41.069012999325103]}},
{"type":"Feature","properties":{"kind":"ph","name":"EASTSIDE","owner":"Cuyahoga Metropolitan Housing Authority","addr":"1653 Allegheny Cir","city":"East Cleveland","units":2,"btype":"semi-detached / duplex","status":null,"built":null,"rad":null,"eld":-4,"dis":-4,"aunits":null,"prog":null,"pop":null,"reac":null,"expires":null,"rentassist":null},"geometry":{"type":"Point","coordinates":[-81.583801000002097,41.5333189993788]}},
{"type":"Feature","properties":{"kind":"ph","name":"Heritage Homes II (former Garden Valley)","owner":"Cuyahoga Metropolitan Housing Authority","addr":"2961 E 73rd St","city":"Cleveland","units":1,"btype":"single-family house","status":null,"built":2011,"rad":null,"eld":-4,"dis":-4,"aunits":null,"prog":null,"pop":null,"reac":null,"expires":null,"rentassist":null},"geometry":{"type":"Point","coordinates":[-81.637176999637603,41.478371998978098]}},
{"type":"Feature","properties":{"kind":"ph","name":"Riverview Replacement","owner":"Cuyahoga Metropolitan Housing Authority","addr":"13508 Wainfleet Ave","city":"Cleveland","units":1,"btype":"single-family house","status":null,"built":null,"rad":null,"eld":-4,"dis":-4,"aunits":null,"prog":null,"pop":null,"reac":null,"expires":null,"rentassist":null},"geometry":{"type":"Point","coordinates":[-81.784957000091893,41.429330999356097]}},
{"type":"Feature","properties":{"kind":"ph","name":"Scattered Sites","owner":"Akron Metropolitan Housing Authority","addr":"832 Shoshone Ave","city":"Akron","units":1,"btype":"single-family house","status":null,"built":null,"rad":null,"eld":-4,"dis":-4,"aunits":null,"prog":null,"pop":null,"reac":null,"expires":null,"rentassist":null},"geometry":{"type":"Point","coordinates":[-81.476656000370795,41.087621999302897]}},
{"type":"Feature","properties":{"kind":"ph","name":"KING KENNEDY","owner":"Cuyahoga Metropolitan Housing Authority","addr":"6001 Woodland Ave","city":"Cleveland","units":464,"btype":"elevator high-rise","status":"demolition/disposition proposed","built":1970,"rad":"PBRA","eld":-4,"dis":-4,"aunits":null,"prog":null,"pop":null,"reac":null,"expires":null,"rentassist":null},"geometry":{"type":"Point","coordinates":[-81.648864999562207,41.488184998929299]}},
{"type":"Feature","properties":{"kind":"ph","name":"Scattered Sites","owner":"Akron Metropolitan Housing Authority","addr":"1244 E Archwood Ave","city":"Akron","units":1,"btype":"single-family house","status":null,"built":null,"rad":null,"eld":-4,"dis":-4,"aunits":null,"prog":null,"pop":null,"reac":null,"expires":null,"rentassist":null},"geometry":{"type":"Point","coordinates":[-81.482284000423107,41.047119999275203]}},
{"type":"Feature","properties":{"kind":"ph","name":"Willow Run","owner":"Akron Metropolitan Housing Authority","addr":"929 N Jenkins Blvd","city":"Akron","units":4,"btype":"row / townhouse","status":null,"built":1970,"rad":null,"eld":-4,"dis":-4,"aunits":null,"prog":null,"pop":null,"reac":null,"expires":null,"rentassist":null},"geometry":{"type":"Point","coordinates":[-81.495082000035296,41.035096999034501]}},
{"type":"Feature","properties":{"kind":"ph","name":"COLONIAL HILLS","owner":"Akron Metropolitan Housing Authority","addr":"109 Colonial Hills Dr","city":"Akron","units":6,"btype":"row / townhouse","status":null,"built":1967,"rad":null,"eld":-4,"dis":-4,"aunits":null,"prog":null,"pop":null,"reac":null,"expires":null,"rentassist":null},"geometry":{"type":"Point","coordinates":[-81.502148999663007,41.107230998914801]}},
{"type":"Feature","properties":{"kind":"ph","name":"Heritage Homes III (former Garden Valley","owner":"Cuyahoga Metropolitan Housing Authority","addr":"3054 E 73rd St","city":"Cleveland","units":1,"btype":"single-family house","status":null,"built":2011,"rad":null,"eld":-4,"dis":-4,"aunits":null,"prog":null,"pop":null,"reac":null,"expires":null,"rentassist":null},"geometry":{"type":"Point","coordinates":[-81.637718999960896,41.475671999193501]}},
{"type":"Feature","properties":{"kind":"ph","name":"Scattered Sites","owner":"Akron Metropolitan Housing Authority","addr":"1173 Seward Ave","city":"Akron","units":2,"btype":"semi-detached / duplex","status":null,"built":1960,"rad":null,"eld":-4,"dis":-4,"aunits":null,"prog":null,"pop":null,"reac":null,"expires":null,"rentassist":null},"geometry":{"type":"Point","coordinates":[-81.571496000309494,41.077389999334201]}},
{"type":"Feature","properties":{"kind":"ph","name":"Scattered Sites","owner":"Akron Metropolitan Housing Authority","addr":"1824 16th St","city":"Cuyahoga Falls","units":1,"btype":"single-family house","status":null,"built":1931,"rad":null,"eld":-4,"dis":-4,"aunits":null,"prog":null,"pop":null,"reac":null,"expires":null,"rentassist":null},"geometry":{"type":"Point","coordinates":[-81.502461999657498,41.1324289993794]}},
{"type":"Feature","properties":{"kind":"ph","name":"SCRANTON WOODS/CLOVERDALE","owner":"Geauga Metropolitian Housing Authority","addr":"15535 Cloverdale Dr","city":"Middlefield","units":2,"btype":"semi-detached / duplex","status":null,"built":1985,"rad":null,"eld":-4,"dis":-4,"aunits":null,"prog":null,"pop":null,"reac":null,"expires":null,"rentassist":null},"geometry":{"type":"Point","coordinates":[-81.086465999585997,41.452141998993902]}},
{"type":"Feature","properties":{"kind":"ph","name":"CRIMSON TERRACE","owner":"Akron Metropolitan Housing Authority","addr":"396 Herms Ct Apt 2","city":"Barberton","units":8,"btype":"row / townhouse","status":null,"built":1980,"rad":null,"eld":-4,"dis":-4,"aunits":null,"prog":null,"pop":null,"reac":null,"expires":null,"rentassist":null},"geometry":{"type":"Point","coordinates":[-81.587690999829803,41.0001439990655]}},
{"type":"Feature","properties":{"kind":"ph","name":"VAN BUREN HOMES","owner":"Akron Metropolitan Housing Authority","addr":"251 Illinois Pl","city":"Barberton","units":4,"btype":"row / townhouse","status":null,"built":1972,"rad":null,"eld":-4,"dis":-4,"aunits":null,"prog":null,"pop":null,"reac":null,"expires":null,"rentassist":null},"geometry":{"type":"Point","coordinates":[-81.600496999837901,41.0064799989321]}},
{"type":"Feature","properties":{"kind":"ph","name":"Cascade Village South","owner":"Akron Metropolitan Housing Authority","addr":"182 Stuber St","city":"Akron","units":3,"btype":"row / townhouse","status":null,"built":2008,"rad":null,"eld":-4,"dis":-4,"aunits":null,"prog":null,"pop":null,"reac":null,"expires":null,"rentassist":null},"geometry":{"type":"Point","coordinates":[-81.511154000430295,41.089983999239102]}},
{"type":"Feature","properties":{"kind":"ph","name":"OBERLIN HOMES","owner":"Lorain Metropolitan Housing Authority","addr":"138 S Main St Apt 101","city":"Oberlin","units":51,"btype":"elevator high-rise","status":null,"built":1966,"rad":null,"eld":28,"dis":59,"aunits":null,"prog":null,"pop":null,"reac":null,"expires":null,"rentassist":null},"geometry":{"type":"Point","coordinates":[-82.217756000129299,41.287965999120502]}},
{"type":"Feature","properties":{"kind":"ph","name":"Scattered Sites","owner":"Akron Metropolitan Housing Authority","addr":"929 Chinook Ave","city":"Akron","units":1,"btype":"single-family house","status":null,"built":1975,"rad":null,"eld":-4,"dis":-4,"aunits":null,"prog":null,"pop":null,"reac":null,"expires":null,"rentassist":null},"geometry":{"type":"Point","coordinates":[-81.470548999744494,41.089337999000598]}},
{"type":"Feature","properties":{"kind":"ph","name":"Heritage Homes I (former Garden Valley)","owner":"Cuyahoga Metropolitan Housing Authority","addr":"2906 E 71st St","city":"Cleveland","units":3,"btype":"row / townhouse","status":null,"built":2010,"rad":null,"eld":-4,"dis":-4,"aunits":null,"prog":null,"pop":null,"reac":null,"expires":null,"rentassist":null},"geometry":{"type":"Point","coordinates":[-81.639739000217801,41.479487998824901]}},
{"type":"Feature","properties":{"kind":"ph","name":"Mohawk","owner":"Akron Metropolitan Housing Authority","addr":"1660 Mohawk Dr","city":"Akron","units":6,"btype":"row / townhouse","status":null,"built":1970,"rad":null,"eld":-4,"dis":-4,"aunits":null,"prog":null,"pop":null,"reac":null,"expires":null,"rentassist":null},"geometry":{"type":"Point","coordinates":[-81.488592999817499,41.023074999390303]}},
{"type":"Feature","properties":{"kind":"ph","name":"LAKEVIEW PLAZA","owner":"Lorain Metropolitan Housing Authority","addr":"204 W 17th St Apt","city":"Lorain","units":1,"btype":"single-family house","status":null,"built":1996,"rad":null,"eld":-4,"dis":-4,"aunits":null,"prog":null,"pop":null,"reac":null,"expires":null,"rentassist":null},"geometry":{"type":"Point","coordinates":[-82.168617999577705,41.455619999280501]}},
{"type":"Feature","properties":{"kind":"ph","name":"Scattered Sites","owner":"Akron Metropolitan Housing Authority","addr":"738 Frederick Blvd","city":"Akron","units":1,"btype":"single-family house","status":null,"built":1968,"rad":null,"eld":-4,"dis":-4,"aunits":null,"prog":null,"pop":null,"reac":null,"expires":null,"rentassist":null},"geometry":{"type":"Point","coordinates":[-81.573909999853299,41.089158998936398]}},
{"type":"Feature","properties":{"kind":"ph","name":"Cascade Village North","owner":"Akron Metropolitan Housing Authority","addr":"136 E Lods St","city":"Akron","units":2,"btype":"semi-detached / duplex","status":null,"built":2006,"rad":null,"eld":-4,"dis":-4,"aunits":null,"prog":null,"pop":null,"reac":null,"expires":null,"rentassist":null},"geometry":{"type":"Point","coordinates":[-81.512121000002693,41.091921999081102]}},
{"type":"Feature","properties":{"kind":"ph","name":"Scattered Sites","owner":"Akron Metropolitan Housing Authority","addr":"1265 Laffer Ave","city":"Akron","units":1,"btype":"single-family house","status":null,"built":null,"rad":null,"eld":-4,"dis":-4,"aunits":null,"prog":null,"pop":null,"reac":null,"expires":null,"rentassist":null},"geometry":{"type":"Point","coordinates":[-81.476822999877101,41.073997999347803]}},
{"type":"Feature","properties":{"kind":"ph","name":"Mohawk","owner":"Akron Metropolitan Housing Authority","addr":"1630 Mohawk Dr","city":"Akron","units":4,"btype":"row / townhouse","status":null,"built":1970,"rad":null,"eld":-4,"dis":-4,"aunits":null,"prog":null,"pop":null,"reac":null,"expires":null,"rentassist":null},"geometry":{"type":"Point","coordinates":[-81.488565000228405,41.023994998894203]}},
{"type":"Feature","properties":{"kind":"ph","name":"SOUTHEAST","owner":"Cuyahoga Metropolitan Housing Authority","addr":"15907 Westview Ave","city":"Cleveland","units":1,"btype":"single-family house","status":null,"built":null,"rad":null,"eld":-4,"dis":-4,"aunits":null,"prog":null,"pop":null,"reac":null,"expires":null,"rentassist":null},"geometry":{"type":"Point","coordinates":[-81.570610000029603,41.448061999269299]}},
{"type":"Feature","properties":{"kind":"ph","name":"Scattered Sites","owner":"Akron Metropolitan Housing Authority","addr":"1269 Laffer Ave","city":"Akron","units":1,"btype":"single-family house","status":null,"built":null,"rad":null,"eld":-4,"dis":-4,"aunits":null,"prog":null,"pop":null,"reac":null,"expires":null,"rentassist":null},"geometry":{"type":"Point","coordinates":[-81.476756999754897,41.073998998903001]}},
{"type":"Feature","properties":{"kind":"ph","name":"WILKES-VILLA","owner":"Lorain Metropolitan Housing Authority","addr":"156 Taft Ave Apt","city":"Elyria","units":1,"btype":"single-family house","status":null,"built":1996,"rad":null,"eld":-4,"dis":-4,"aunits":null,"prog":null,"pop":null,"reac":null,"expires":null,"rentassist":null},"geometry":{"type":"Point","coordinates":[-82.113168999981895,41.377654998771]}},
{"type":"Feature","properties":{"kind":"ph","name":"Scattered Sites","owner":"Akron Metropolitan Housing Authority","addr":"1310 Moore St","city":"Akron","units":1,"btype":"single-family house","status":null,"built":null,"rad":null,"eld":-4,"dis":-4,"aunits":null,"prog":null,"pop":null,"reac":null,"expires":null,"rentassist":null},"geometry":{"type":"Point","coordinates":[-81.5229899995946,41.051166999267302]}},
{"type":"Feature","properties":{"kind":"ph","name":"Oberlin Homes LIHTC","owner":"Lorain Metropolitan Housing Authority","addr":"201 Groveland St Apt","city":"Oberlin","units":2,"btype":"semi-detached / duplex","status":null,"built":1966,"rad":null,"eld":-4,"dis":-4,"aunits":null,"prog":null,"pop":null,"reac":null,"expires":null,"rentassist":null},"geometry":{"type":"Point","coordinates":[-82.209158999791001,41.287358998885999]}},
{"type":"Feature","properties":{"kind":"ph","name":"SCRANTON WOODS/CLOVERDALE","owner":"Geauga Metropolitian Housing Authority","addr":"351 Lost Pond Pkwy","city":"Chardon","units":50,"btype":"walk-up apartments","status":null,"built":1991,"rad":null,"eld":49,"dis":76,"aunits":null,"prog":null,"pop":null,"reac":null,"expires":null,"rentassist":null},"geometry":{"type":"Point","coordinates":[-81.197218999910902,41.563980998857701]}},
{"type":"Feature","properties":{"kind":"ph","name":"Scattered Sites","owner":"Akron Metropolitan Housing Authority","addr":"1174 Wyley Ave","city":"Akron","units":1,"btype":"single-family house","status":null,"built":null,"rad":null,"eld":-4,"dis":-4,"aunits":null,"prog":null,"pop":null,"reac":null,"expires":null,"rentassist":null},"geometry":{"type":"Point","coordinates":[-81.484066999955203,41.0487569989021]}},
{"type":"Feature","properties":{"kind":"ph","name":"Cascade Village South","owner":"Akron Metropolitan Housing Authority","addr":"275 Spring St","city":"Akron","units":3,"btype":"row / townhouse","status":null,"built":2008,"rad":null,"eld":-4,"dis":-4,"aunits":null,"prog":null,"pop":null,"reac":null,"expires":null,"rentassist":null},"geometry":{"type":"Point","coordinates":[-81.512452000438799,41.089894998788999]}},
{"type":"Feature","properties":{"kind":"ph","name":"Scattered Sites","owner":"Akron Metropolitan Housing Authority","addr":"1271 Bee Bee Cir","city":"Akron","units":1,"btype":"single-family house","status":null,"built":1974,"rad":null,"eld":-4,"dis":-4,"aunits":null,"prog":null,"pop":null,"reac":null,"expires":null,"rentassist":null},"geometry":{"type":"Point","coordinates":[-81.471708999660805,41.090588999376799]}},
{"type":"Feature","properties":{"kind":"ph","name":"HOUGH","owner":"Cuyahoga Metropolitan Housing Authority","addr":"5536 Perkins Ct","city":"Cleveland","units":8,"btype":"row / townhouse","status":null,"built":1971,"rad":null,"eld":-4,"dis":-4,"aunits":null,"prog":null,"pop":null,"reac":null,"expires":null,"rentassist":null},"geometry":{"type":"Point","coordinates":[-81.650775000214196,41.507472999041099]}},
{"type":"Feature","properties":{"kind":"ph","name":"OBERLIN HOMES","owner":"Lorain Metropolitan Housing Authority","addr":"3052 Vine Ave Apt","city":"Lorain","units":1,"btype":"single-family house","status":"demolition/disposition proposed","built":1973,"rad":"PBV","eld":-4,"dis":-4,"aunits":null,"prog":null,"pop":null,"reac":null,"expires":null,"rentassist":null},"geometry":{"type":"Point","coordinates":[-82.145995999763798,41.4423869992088]}},
{"type":"Feature","properties":{"kind":"ph","name":"OUTHWAITE","owner":"Cuyahoga Metropolitan Housing Authority","addr":"4335 Woodland Ave","city":"Cleveland","units":17,"btype":"row / townhouse","status":null,"built":1942,"rad":null,"eld":8,"dis":8,"aunits":null,"prog":null,"pop":null,"reac":null,"expires":null,"rentassist":null},"geometry":{"type":"Point","coordinates":[-81.656513999696202,41.489130999312202]}},
{"type":"Feature","properties":{"kind":"ph","name":"East Side Neighborhood Homes","owner":"Cuyahoga Metropolitan Housing Authority","addr":"2233 E 78th St","city":"Cleveland","units":1,"btype":"single-family house","status":null,"built":2005,"rad":null,"eld":-4,"dis":-4,"aunits":null,"prog":null,"pop":null,"reac":null,"expires":null,"rentassist":null},"geometry":{"type":"Point","coordinates":[-81.634320000402894,41.498349998921498]}},
{"type":"Feature","properties":{"kind":"ph","name":"East Side Neighborhood Homes","owner":"Cuyahoga Metropolitan Housing Authority","addr":"7611 Colfax Rd","city":"Cleveland","units":1,"btype":"single-family house","status":null,"built":2005,"rad":null,"eld":-4,"dis":-4,"aunits":null,"prog":null,"pop":null,"reac":null,"expires":null,"rentassist":null},"geometry":{"type":"Point","coordinates":[-81.6355470002663,41.479377999051998]}},
{"type":"Feature","properties":{"kind":"ph","name":"Scattered Sites","owner":"Akron Metropolitan Housing Authority","addr":"900 Caddo Ave","city":"Akron","units":1,"btype":"single-family house","status":null,"built":1975,"rad":null,"eld":-4,"dis":-4,"aunits":null,"prog":null,"pop":null,"reac":null,"expires":null,"rentassist":null},"geometry":{"type":"Point","coordinates":[-81.472553999932799,41.088408998781503]}},
{"type":"Feature","properties":{"kind":"ph","name":"VAN BUREN HOMES","owner":"Akron Metropolitan Housing Authority","addr":"344 Michigan Pl","city":"Barberton","units":4,"btype":"row / townhouse","status":null,"built":1972,"rad":null,"eld":-4,"dis":-4,"aunits":null,"prog":null,"pop":null,"reac":null,"expires":null,"rentassist":null},"geometry":{"type":"Point","coordinates":[-81.599813000122694,41.005611999255699]}},
{"type":"Feature","properties":{"kind":"ph","name":"Scattered Sites","owner":"Akron Metropolitan Housing Authority","addr":"1490 Washburn St","city":"Akron","units":1,"btype":"single-family house","status":null,"built":null,"rad":null,"eld":-4,"dis":-4,"aunits":null,"prog":null,"pop":null,"reac":null,"expires":null,"rentassist":null},"geometry":{"type":"Point","coordinates":[-81.560681000245907,41.063492998848901]}},
{"type":"Feature","properties":{"kind":"ph","name":"Joy Park","owner":"Akron Metropolitan Housing Authority","addr":"1386 Minson Way","city":"Akron","units":6,"btype":"row / townhouse","status":null,"built":1970,"rad":null,"eld":-4,"dis":-4,"aunits":null,"prog":null,"pop":null,"reac":null,"expires":null,"rentassist":null},"geometry":{"type":"Point","coordinates":[-81.482996999552299,41.057009999389997]}},
{"type":"Feature","properties":{"kind":"ph","name":"SUMMIT LAKE","owner":"Akron Metropolitan Housing Authority","addr":"2 Cicero Plz","city":"Akron","units":6,"btype":"row / townhouse","status":null,"built":1965,"rad":null,"eld":-4,"dis":-4,"aunits":null,"prog":null,"pop":null,"reac":null,"expires":null,"rentassist":null},"geometry":{"type":"Point","coordinates":[-81.542854999732796,41.055923999254198]}},
{"type":"Feature","properties":{"kind":"ph","name":"Cascade Village South","owner":"Akron Metropolitan Housing Authority","addr":"273 Spring St","city":"Akron","units":2,"btype":"semi-detached / duplex","status":null,"built":2008,"rad":null,"eld":-4,"dis":-4,"aunits":null,"prog":null,"pop":null,"reac":null,"expires":null,"rentassist":null},"geometry":{"type":"Point","coordinates":[-81.512478000378096,41.089924999174798]}},
{"type":"Feature","properties":{"kind":"ph","name":"Oberlin Homes LIHTC","owner":"Lorain Metropolitan Housing Authority","addr":"124 E Vine St Apt","city":"Oberlin","units":2,"btype":"semi-detached / duplex","status":null,"built":1966,"rad":null,"eld":-4,"dis":-4,"aunits":null,"prog":null,"pop":null,"reac":null,"expires":null,"rentassist":null},"geometry":{"type":"Point","coordinates":[-82.212745999670005,41.288868999226402]}},
{"type":"Feature","properties":{"kind":"ph","name":"Scattered Sites","owner":"Akron Metropolitan Housing Authority","addr":"1283 Bee Bee Cir","city":"Akron","units":1,"btype":"single-family house","status":null,"built":1974,"rad":null,"eld":-4,"dis":-4,"aunits":null,"prog":null,"pop":null,"reac":null,"expires":null,"rentassist":null},"geometry":{"type":"Point","coordinates":[-81.471682999721494,41.090591999316601]}},
{"type":"Feature","properties":{"kind":"ph","name":"Mohawk","owner":"Akron Metropolitan Housing Authority","addr":"1678 Mohawk Dr","city":"Akron","units":4,"btype":"row / townhouse","status":null,"built":1970,"rad":null,"eld":-4,"dis":-4,"aunits":null,"prog":null,"pop":null,"reac":null,"expires":null,"rentassist":null},"geometry":{"type":"Point","coordinates":[-81.488602999863204,41.022621999204297]}},
{"type":"Feature","properties":{"kind":"ph","name":"Scattered Sites","owner":"Akron Metropolitan Housing Authority","addr":"1102 Juneau Ave","city":"Akron","units":1,"btype":"single-family house","status":null,"built":null,"rad":null,"eld":-4,"dis":-4,"aunits":null,"prog":null,"pop":null,"reac":null,"expires":null,"rentassist":null},"geometry":{"type":"Point","coordinates":[-81.576310999876696,41.078879999284098]}},
{"type":"Feature","properties":{"kind":"ph","name":"WILKES-VILLA","owner":"Lorain Metropolitan Housing Authority","addr":"930 Middle Ave Apt","city":"Elyria","units":1,"btype":"single-family house","status":null,"built":1996,"rad":null,"eld":-4,"dis":-4,"aunits":null,"prog":null,"pop":null,"reac":null,"expires":null,"rentassist":null},"geometry":{"type":"Point","coordinates":[-82.107229999585002,41.357293999262403]}},
{"type":"Feature","properties":{"kind":"ph","name":"SCRANTON WOODS/CLOVERDALE","owner":"Geauga Metropolitian Housing Authority","addr":"15600 Cloverdale Dr","city":"Middlefield","units":1,"btype":"single-family house","status":null,"built":1985,"rad":null,"eld":-4,"dis":-4,"aunits":null,"prog":null,"pop":null,"reac":null,"expires":null,"rentassist":null},"geometry":{"type":"Point","coordinates":[-81.086973999574099,41.452136999102599]}},
{"type":"Feature","properties":{"kind":"ph","name":"Scattered Sites","owner":"Akron Metropolitan Housing Authority","addr":"874 N Howard St","city":"Akron","units":1,"btype":"single-family house","status":null,"built":null,"rad":null,"eld":-4,"dis":-4,"aunits":null,"prog":null,"pop":null,"reac":null,"expires":null,"rentassist":null},"geometry":{"type":"Point","coordinates":[-81.515002000425099,41.109259999042798]}},
{"type":"Feature","properties":{"kind":"ph","name":"Cascade Village South","owner":"Akron Metropolitan Housing Authority","addr":"168 E North St","city":"Akron","units":2,"btype":"semi-detached / duplex","status":null,"built":2008,"rad":null,"eld":-4,"dis":-4,"aunits":null,"prog":null,"pop":null,"reac":null,"expires":null,"rentassist":null},"geometry":{"type":"Point","coordinates":[-81.510197999830197,41.090117999004597]}},
{"type":"Feature","properties":{"kind":"ph","name":"OBERLIN HOMES","owner":"Lorain Metropolitan Housing Authority","addr":"1680 E 29th St Apt","city":"Lorain","units":1,"btype":"single-family house","status":"demolition/disposition proposed","built":1972,"rad":"PBV","eld":-4,"dis":-4,"aunits":null,"prog":null,"pop":null,"reac":null,"expires":null,"rentassist":null},"geometry":{"type":"Point","coordinates":[-82.143305000210503,41.444322998930097]}},
{"type":"Feature","properties":{"kind":"ph","name":"Scattered Sites","owner":"Akron Metropolitan Housing Authority","addr":"1018 Pardee Ave","city":"Akron","units":1,"btype":"single-family house","status":null,"built":null,"rad":null,"eld":-4,"dis":-4,"aunits":null,"prog":null,"pop":null,"reac":null,"expires":null,"rentassist":null},"geometry":{"type":"Point","coordinates":[-81.492291000024494,41.052758999226299]}},
{"type":"Feature","properties":{"kind":"ph","name":"Scattered Sites","owner":"Akron Metropolitan Housing Authority","addr":"1052 Peerless Ave","city":"Akron","units":1,"btype":"single-family house","status":null,"built":null,"rad":null,"eld":-4,"dis":-4,"aunits":null,"prog":null,"pop":null,"reac":null,"expires":null,"rentassist":null},"geometry":{"type":"Point","coordinates":[-81.558221999597905,41.074561999350799]}},
{"type":"Feature","properties":{"kind":"ph","name":"SCRANTON WOODS/CLOVERDALE","owner":"Geauga Metropolitian Housing Authority","addr":"14550 Linda Dr","city":"Newbury","units":3,"btype":"row / townhouse","status":null,"built":1985,"rad":null,"eld":-4,"dis":-4,"aunits":null,"prog":null,"pop":null,"reac":null,"expires":null,"rentassist":null},"geometry":{"type":"Point","coordinates":[-81.246814000396995,41.471907999297798]}},
{"type":"Feature","properties":{"kind":"ph","name":"Joy Park","owner":"Akron Metropolitan Housing Authority","addr":"533 Fuller St","city":"Akron","units":4,"btype":"row / townhouse","status":null,"built":1970,"rad":null,"eld":-4,"dis":-4,"aunits":null,"prog":null,"pop":null,"reac":null,"expires":null,"rentassist":null},"geometry":{"type":"Point","coordinates":[-81.483819000258094,41.056778999395299]}},
{"type":"Feature","properties":{"kind":"ph","name":"Scattered Sites","owner":"Akron Metropolitan Housing Authority","addr":"1277 Bee Bee Cir","city":"Akron","units":1,"btype":"single-family house","status":null,"built":1974,"rad":null,"eld":-4,"dis":-4,"aunits":null,"prog":null,"pop":null,"reac":null,"expires":null,"rentassist":null},"geometry":{"type":"Point","coordinates":[-81.471696000140298,41.090589999356801]}},
{"type":"Feature","properties":{"kind":"ph","name":"Cascade Village South","owner":"Akron Metropolitan Housing Authority","addr":"134 E North St","city":"Akron","units":3,"btype":"row / townhouse","status":null,"built":2008,"rad":null,"eld":-4,"dis":-4,"aunits":null,"prog":null,"pop":null,"reac":null,"expires":null,"rentassist":null},"geometry":{"type":"Point","coordinates":[-81.511428000066601,41.090412999283501]}},
{"type":"Feature","properties":{"kind":"ph","name":"Edgewood Village 4","owner":"Akron Metropolitan Housing Authority","addr":"752 Rita Dove Ln","city":"Akron","units":3,"btype":"row / townhouse","status":null,"built":null,"rad":null,"eld":-4,"dis":-4,"aunits":null,"prog":null,"pop":null,"reac":null,"expires":null,"rentassist":null},"geometry":{"type":"Point","coordinates":[-81.540975999941196,41.073744998972501]}},
{"type":"Feature","properties":{"kind":"ph","name":"Scattered Sites","owner":"Akron Metropolitan Housing Authority","addr":"1221 Laffer Ave","city":"Akron","units":1,"btype":"single-family house","status":null,"built":null,"rad":null,"eld":-4,"dis":-4,"aunits":null,"prog":null,"pop":null,"reac":null,"expires":null,"rentassist":null},"geometry":{"type":"Point","coordinates":[-81.477545000125502,41.073981999012901]}},
{"type":"Feature","properties":{"kind":"ph","name":"Riverview Replacement","owner":"Cuyahoga Metropolitan Housing Authority","addr":"3407 W 97th St","city":"Cleveland","units":2,"btype":"semi-detached / duplex","status":null,"built":null,"rad":null,"eld":-4,"dis":-4,"aunits":null,"prog":null,"pop":null,"reac":null,"expires":null,"rentassist":null},"geometry":{"type":"Point","coordinates":[-81.749418999766803,41.460998998974198]}},
{"type":"Feature","properties":{"kind":"ph","name":"SCRANTON WOODS/CLOVERDALE","owner":"Geauga Metropolitian Housing Authority","addr":"14561 Linda Dr","city":"Newbury","units":4,"btype":"row / townhouse","status":null,"built":1985,"rad":null,"eld":-4,"dis":-4,"aunits":null,"prog":null,"pop":null,"reac":null,"expires":null,"rentassist":null},"geometry":{"type":"Point","coordinates":[-81.245716000404997,41.471115998912701]}},
{"type":"Feature","properties":{"kind":"ph","name":"East Side Neighborhood Homes","owner":"Cuyahoga Metropolitan Housing Authority","addr":"2176 E 73rd St","city":"Cleveland","units":1,"btype":"single-family house","status":null,"built":2005,"rad":null,"eld":-4,"dis":-4,"aunits":null,"prog":null,"pop":null,"reac":null,"expires":null,"rentassist":null},"geometry":{"type":"Point","coordinates":[-81.638356999645296,41.498925999103001]}},
{"type":"Feature","properties":{"kind":"ph","name":"Joy Park","owner":"Akron Metropolitan Housing Authority","addr":"1463 Minson Way","city":"Akron","units":6,"btype":"row / townhouse","status":null,"built":1970,"rad":null,"eld":-4,"dis":-4,"aunits":null,"prog":null,"pop":null,"reac":null,"expires":null,"rentassist":null},"geometry":{"type":"Point","coordinates":[-81.483611999670501,41.056865998995903]}},
{"type":"Feature","properties":{"kind":"ph","name":"PINEWOOD GARDENS","owner":"Akron Metropolitan Housing Authority","addr":"8820 Ray Ct Apt 1","city":"Twinsburg","units":5,"btype":"walk-up apartments","status":null,"built":1980,"rad":null,"eld":-4,"dis":-4,"aunits":null,"prog":null,"pop":null,"reac":null,"expires":null,"rentassist":null},"geometry":{"type":"Point","coordinates":[-81.458090000065994,41.308857999314696]}},
{"type":"Feature","properties":{"kind":"ph","name":"Cascade Village South","owner":"Akron Metropolitan Housing Authority","addr":"192 Stuber St","city":"Akron","units":3,"btype":"row / townhouse","status":null,"built":2008,"rad":null,"eld":-4,"dis":-4,"aunits":null,"prog":null,"pop":null,"reac":null,"expires":null,"rentassist":null},"geometry":{"type":"Point","coordinates":[-81.511027000208699,41.090276998796199]}},
{"type":"Feature","properties":{"kind":"ph","name":"OUTHWAITE","owner":"Cuyahoga Metropolitan Housing Authority","addr":"2532 E 55th St","city":"Cleveland","units":15,"btype":"row / townhouse","status":null,"built":1942,"rad":null,"eld":-4,"dis":-4,"aunits":null,"prog":null,"pop":null,"reac":null,"expires":null,"rentassist":null},"geometry":{"type":"Point","coordinates":[-81.651843999893899,41.489821998795897]}},
{"type":"Feature","properties":{"kind":"ph","name":"FRED W NIMMER PLACE","owner":"Akron Metropolitan Housing Authority","addr":"1600 Brittain Rd","city":"Akron","units":241,"btype":"elevator high-rise","status":null,"built":null,"rad":null,"eld":44,"dis":75,"aunits":null,"prog":null,"pop":null,"reac":null,"expires":null,"rentassist":null},"geometry":{"type":"Point","coordinates":[-81.465965999980796,41.106472999378902]}},
{"type":"Feature","properties":{"kind":"ph","name":"Scattered Sites","owner":"Akron Metropolitan Housing Authority","addr":"788 Kromer Ave","city":"Akron","units":1,"btype":"single-family house","status":null,"built":1970,"rad":null,"eld":-4,"dis":-4,"aunits":null,"prog":null,"pop":null,"reac":null,"expires":null,"rentassist":null},"geometry":{"type":"Point","coordinates":[-81.483789999945799,41.0498869987563]}},
{"type":"Feature","properties":{"kind":"ph","name":"PINEWOOD GARDENS","owner":"Akron Metropolitan Housing Authority","addr":"8798 Ray Ct Apt 1","city":"Twinsburg","units":8,"btype":"walk-up apartments","status":null,"built":1980,"rad":null,"eld":-4,"dis":-4,"aunits":null,"prog":null,"pop":null,"reac":null,"expires":null,"rentassist":null},"geometry":{"type":"Point","coordinates":[-81.458834000055703,41.3088569992901]}},
{"type":"Feature","properties":{"kind":"ph","name":"Edgewood Village I","owner":"Akron Metropolitan Housing Authority","addr":"716 Rhodes Ave","city":"Akron","units":2,"btype":"semi-detached / duplex","status":null,"built":null,"rad":null,"eld":-4,"dis":-4,"aunits":null,"prog":null,"pop":null,"reac":null,"expires":null,"rentassist":null},"geometry":{"type":"Point","coordinates":[-81.538872999843704,41.074484998999303]}},
{"type":"Feature","properties":{"kind":"ph","name":"Scattered Sites","owner":"Akron Metropolitan Housing Authority","addr":"383 Oxford Ave","city":"Akron","units":1,"btype":"single-family house","status":null,"built":1943,"rad":null,"eld":-4,"dis":-4,"aunits":null,"prog":null,"pop":null,"reac":null,"expires":null,"rentassist":null},"geometry":{"type":"Point","coordinates":[-81.501175000417902,41.096112998992403]}},
{"type":"Feature","properties":{"kind":"ph","name":"SOUTHEAST","owner":"Cuyahoga Metropolitan Housing Authority","addr":"2053 Green Rd","city":"Cleveland","units":2,"btype":"semi-detached / duplex","status":"demolition/disposition proposed","built":null,"rad":"PBRA","eld":-4,"dis":-4,"aunits":null,"prog":null,"pop":null,"reac":null,"expires":null,"rentassist":null},"geometry":{"type":"Point","coordinates":[-81.5438709997091,41.5521549991713]}},
{"type":"Feature","properties":{"kind":"ph","name":"Scattered Sites","owner":"Akron Metropolitan Housing Authority","addr":"866 Carpenter St","city":"Akron","units":1,"btype":"single-family house","status":null,"built":null,"rad":null,"eld":-4,"dis":-4,"aunits":null,"prog":null,"pop":null,"reac":null,"expires":null,"rentassist":null},"geometry":{"type":"Point","coordinates":[-81.519550000028701,41.109002998900799]}},
{"type":"Feature","properties":{"kind":"ph","name":"Edgewood Village 4","owner":"Akron Metropolitan Housing Authority","addr":"726 Rita Dove Ln","city":"Akron","units":2,"btype":"semi-detached / duplex","status":null,"built":null,"rad":null,"eld":-4,"dis":-4,"aunits":null,"prog":null,"pop":null,"reac":null,"expires":null,"rentassist":null},"geometry":{"type":"Point","coordinates":[-81.540944000154198,41.074618999218799]}},
{"type":"Feature","properties":{"kind":"ph","name":"Scattered Sites","owner":"Akron Metropolitan Housing Authority","addr":"1114 Kinzie St","city":"Akron","units":1,"btype":"single-family house","status":null,"built":null,"rad":null,"eld":-4,"dis":-4,"aunits":null,"prog":null,"pop":null,"reac":null,"expires":null,"rentassist":null},"geometry":{"type":"Point","coordinates":[-81.4813770002268,41.079983999382002]}},
{"type":"Feature","properties":{"kind":"ph","name":"Heritage Homes III (former Garden Valley","owner":"Cuyahoga Metropolitan Housing Authority","addr":"7216 Port Ave","city":"Cleveland","units":1,"btype":"single-family house","status":null,"built":2011,"rad":null,"eld":-4,"dis":-4,"aunits":null,"prog":null,"pop":null,"reac":null,"expires":null,"rentassist":null},"geometry":{"type":"Point","coordinates":[-81.6385840003244,41.477653999242101]}},
{"type":"Feature","properties":{"kind":"ph","name":"Riverview Replacement","owner":"Cuyahoga Metropolitan Housing Authority","addr":"4480 W 136th St","city":"Cleveland","units":1,"btype":"single-family house","status":null,"built":null,"rad":null,"eld":-4,"dis":-4,"aunits":null,"prog":null,"pop":null,"reac":null,"expires":null,"rentassist":null},"geometry":{"type":"Point","coordinates":[-81.786363999880393,41.431790998867598]}},
{"type":"Feature","properties":{"kind":"ph","name":"Heritage Homes III (former Garden Valley","owner":"Cuyahoga Metropolitan Housing Authority","addr":"7212 Bell Ave","city":"Cleveland","units":4,"btype":"row / townhouse","status":null,"built":2012,"rad":null,"eld":-4,"dis":-4,"aunits":null,"prog":null,"pop":null,"reac":null,"expires":null,"rentassist":null},"geometry":{"type":"Point","coordinates":[-81.639000000251002,41.480599999333101]}},
{"type":"Feature","properties":{"kind":"ph","name":"Riverview Replacement","owner":"Cuyahoga Metropolitan Housing Authority","addr":"4307 Spokane Ave","city":"Cleveland","units":1,"btype":"single-family house","status":null,"built":1920,"rad":null,"eld":-4,"dis":-4,"aunits":null,"prog":null,"pop":null,"reac":null,"expires":null,"rentassist":null},"geometry":{"type":"Point","coordinates":[-81.714690999553596,41.438089998971101]}},
{"type":"Feature","properties":{"kind":"ph","name":"SUMMIT LAKE","owner":"Akron Metropolitan Housing Authority","addr":"989 Penn Ave","city":"Akron","units":2,"btype":"semi-detached / duplex","status":null,"built":2013,"rad":null,"eld":-4,"dis":-4,"aunits":null,"prog":null,"pop":null,"reac":null,"expires":null,"rentassist":null},"geometry":{"type":"Point","coordinates":[-81.539230000219007,41.059917998965602]}},
{"type":"Feature","properties":{"kind":"ph","name":"Riverview Replacement","owner":"Cuyahoga Metropolitan Housing Authority","addr":"11317 Kensington Ave","city":"Cleveland","units":1,"btype":"single-family house","status":null,"built":1956,"rad":null,"eld":-4,"dis":-4,"aunits":null,"prog":null,"pop":null,"reac":null,"expires":null,"rentassist":null},"geometry":{"type":"Point","coordinates":[-81.766010000020501,41.449183999068403]}},
{"type":"Feature","properties":{"kind":"ph","name":"Riverview Replacement","owner":"Cuyahoga Metropolitan Housing Authority","addr":"3835 W 157th St","city":"Cleveland","units":1,"btype":"single-family house","status":null,"built":null,"rad":null,"eld":-4,"dis":-4,"aunits":null,"prog":null,"pop":null,"reac":null,"expires":null,"rentassist":null},"geometry":{"type":"Point","coordinates":[-81.8073739998663,41.450744999156903]}},
{"type":"Feature","properties":{"kind":"ph","name":"Heritage Homes I (former Garden Valley)","owner":"Cuyahoga Metropolitan Housing Authority","addr":"7018 Kinsman Rd","city":"Cleveland","units":4,"btype":"row / townhouse","status":null,"built":2010,"rad":null,"eld":-4,"dis":-4,"aunits":null,"prog":null,"pop":null,"reac":null,"expires":null,"rentassist":null},"geometry":{"type":"Point","coordinates":[-81.639674999745395,41.480168999356202]}},
{"type":"Feature","properties":{"kind":"ph","name":"Joy Park","owner":"Akron Metropolitan Housing Authority","addr":"1299 Minson Way","city":"Akron","units":6,"btype":"row / townhouse","status":null,"built":1970,"rad":null,"eld":-4,"dis":-4,"aunits":null,"prog":null,"pop":null,"reac":null,"expires":null,"rentassist":null},"geometry":{"type":"Point","coordinates":[-81.4840779998258,41.0552279987443]}},
{"type":"Feature","properties":{"kind":"ph","name":"WILKES-VILLA","owner":"Lorain Metropolitan Housing Authority","addr":"152 Taft Ave Apt","city":"Elyria","units":1,"btype":"single-family house","status":null,"built":1996,"rad":null,"eld":-4,"dis":-4,"aunits":null,"prog":null,"pop":null,"reac":null,"expires":null,"rentassist":null},"geometry":{"type":"Point","coordinates":[-82.113168999981895,41.377654998771]}},
{"type":"Feature","properties":{"kind":"ph","name":"Riverview Replacement","owner":"Cuyahoga Metropolitan Housing Authority","addr":"15210 Triskett Rd","city":"Cleveland","units":2,"btype":"semi-detached / duplex","status":null,"built":null,"rad":null,"eld":-4,"dis":-4,"aunits":null,"prog":null,"pop":null,"reac":null,"expires":null,"rentassist":null},"geometry":{"type":"Point","coordinates":[-81.8017340001185,41.456318998830398]}},
{"type":"Feature","properties":{"kind":"ph","name":"Heritage Homes III (former Garden Valley","owner":"Cuyahoga Metropolitan Housing Authority","addr":"7202 Bell Ave","city":"Cleveland","units":4,"btype":"row / townhouse","status":null,"built":2012,"rad":null,"eld":-4,"dis":-4,"aunits":null,"prog":null,"pop":null,"reac":null,"expires":null,"rentassist":null},"geometry":{"type":"Point","coordinates":[-81.639000000251002,41.480599999333101]}},
{"type":"Feature","properties":{"kind":"ph","name":"Riverview Replacement","owner":"Cuyahoga Metropolitan Housing Authority","addr":"2606 Searsdale Ave","city":"Cleveland","units":1,"btype":"single-family house","status":null,"built":null,"rad":null,"eld":-4,"dis":-4,"aunits":null,"prog":null,"pop":null,"reac":null,"expires":null,"rentassist":null},"geometry":{"type":"Point","coordinates":[-81.701737000305798,41.437207999217101]}},
{"type":"Feature","properties":{"kind":"ph","name":"Tremont Pointe I","owner":"Cuyahoga Metropolitan Housing Authority","addr":"2543 W 6th St","city":"Cleveland","units":4,"btype":"row / townhouse","status":null,"built":null,"rad":null,"eld":-4,"dis":-4,"aunits":null,"prog":null,"pop":null,"reac":null,"expires":null,"rentassist":null},"geometry":{"type":"Point","coordinates":[-81.680417999625107,41.478699999279499]}},
{"type":"Feature","properties":{"kind":"ph","name":"SOUTHEAST","owner":"Cuyahoga Metropolitan Housing Authority","addr":"9413 Gorman Ave","city":"Cleveland","units":1,"btype":"single-family house","status":null,"built":null,"rad":null,"eld":-4,"dis":-4,"aunits":null,"prog":null,"pop":null,"reac":null,"expires":null,"rentassist":null},"geometry":{"type":"Point","coordinates":[-81.619227000174206,41.444377998950699]}},
{"type":"Feature","properties":{"kind":"ph","name":"DOWNTOWN","owner":"Cuyahoga Metropolitan Housing Authority","addr":"1283 W 25th St","city":"Cleveland","units":18,"btype":"walk-up apartments","status":"demolition/disposition proposed","built":1937,"rad":"PBRA","eld":7,"dis":16,"aunits":null,"prog":null,"pop":null,"reac":null,"expires":null,"rentassist":null},"geometry":{"type":"Point","coordinates":[-81.709210999639396,41.494024999096702]}},
{"type":"Feature","properties":{"kind":"ph","name":"PINEWOOD GARDENS","owner":"Akron Metropolitan Housing Authority","addr":"8824 Ray Ct Apt 1","city":"Twinsburg","units":5,"btype":"walk-up apartments","status":null,"built":1980,"rad":null,"eld":-4,"dis":-4,"aunits":null,"prog":null,"pop":null,"reac":null,"expires":null,"rentassist":null},"geometry":{"type":"Point","coordinates":[-81.457654999872801,41.3088489990933]}},
{"type":"Feature","properties":{"kind":"ph","name":"FAR WEST","owner":"Cuyahoga Metropolitan Housing Authority","addr":"4536 State Rd","city":"Cleveland","units":2,"btype":"semi-detached / duplex","status":"demolition/disposition draft","built":null,"rad":null,"eld":-4,"dis":-4,"aunits":null,"prog":null,"pop":null,"reac":null,"expires":null,"rentassist":null},"geometry":{"type":"Point","coordinates":[-81.7077009999187,41.430949999307899]}},
{"type":"Feature","properties":{"kind":"ph","name":"Scattered Sites","owner":"Akron Metropolitan Housing Authority","addr":"897 Russell Ave","city":"Akron","units":1,"btype":"single-family house","status":null,"built":1970,"rad":null,"eld":-4,"dis":-4,"aunits":null,"prog":null,"pop":null,"reac":null,"expires":null,"rentassist":null},"geometry":{"type":"Point","coordinates":[-81.5603289998934,41.061702999120399]}},
{"type":"Feature","properties":{"kind":"ph","name":"Bon Sue","owner":"Akron Metropolitan Housing Authority","addr":"26 April Ct","city":"Akron","units":6,"btype":"row / townhouse","status":null,"built":1970,"rad":null,"eld":-4,"dis":-4,"aunits":null,"prog":null,"pop":null,"reac":null,"expires":null,"rentassist":null},"geometry":{"type":"Point","coordinates":[-81.562877000229904,41.062641998872898]}},
{"type":"Feature","properties":{"kind":"ph","name":"Cascade Village South","owner":"Akron Metropolitan Housing Authority","addr":"255 Spring St","city":"Akron","units":2,"btype":"semi-detached / duplex","status":null,"built":2008,"rad":null,"eld":-4,"dis":-4,"aunits":null,"prog":null,"pop":null,"reac":null,"expires":null,"rentassist":null},"geometry":{"type":"Point","coordinates":[-81.512710000181698,41.090188998729097]}},
{"type":"Feature","properties":{"kind":"ph","name":"Scattered Sites","owner":"Akron Metropolitan Housing Authority","addr":"649 Van Everett Ave","city":"Akron","units":1,"btype":"single-family house","status":null,"built":1971,"rad":null,"eld":-4,"dis":-4,"aunits":null,"prog":null,"pop":null,"reac":null,"expires":null,"rentassist":null},"geometry":{"type":"Point","coordinates":[-81.487598999582602,41.051612998886597]}},
{"type":"Feature","properties":{"kind":"ph","name":"KING KENNEDY","owner":"Cuyahoga Metropolitan Housing Authority","addr":"2499 E 64th St","city":"Cleveland","units":5,"btype":"row / townhouse","status":null,"built":2005,"rad":null,"eld":-4,"dis":-4,"aunits":null,"prog":null,"pop":null,"reac":null,"expires":null,"rentassist":null},"geometry":{"type":"Point","coordinates":[-81.645394999859107,41.4915819992979]}},
{"type":"Feature","properties":{"kind":"ph","name":"Riverview Replacement","owner":"Cuyahoga Metropolitan Housing Authority","addr":"2395 Garden Ave","city":"Cleveland","units":1,"btype":"single-family house","status":null,"built":null,"rad":null,"eld":-4,"dis":-4,"aunits":null,"prog":null,"pop":null,"reac":null,"expires":null,"rentassist":null},"geometry":{"type":"Point","coordinates":[-81.700384000045702,41.451689998778498]}},
{"type":"Feature","properties":{"kind":"ph","name":"EASTSIDE","owner":"Cuyahoga Metropolitan Housing Authority","addr":"10616 Woodland Ave","city":"Cleveland","units":4,"btype":"row / townhouse","status":"demolition/disposition proposed","built":1972,"rad":"PBRA","eld":-4,"dis":-4,"aunits":null,"prog":null,"pop":null,"reac":null,"expires":null,"rentassist":null},"geometry":{"type":"Point","coordinates":[-81.612405999695397,41.488161999154897]}},
{"type":"Feature","properties":{"kind":"ph","name":"Tremont Pointe II","owner":"Cuyahoga Metropolitan Housing Authority","addr":"2514 W 6th St","city":"Cleveland","units":4,"btype":"row / townhouse","status":null,"built":2009,"rad":null,"eld":-4,"dis":-4,"aunits":null,"prog":null,"pop":null,"reac":null,"expires":null,"rentassist":null},"geometry":{"type":"Point","coordinates":[-81.6803520004012,41.4791779989256]}},
{"type":"Feature","properties":{"kind":"ph","name":"CEDAR CENTRAL","owner":"Cuyahoga Metropolitan Housing Authority","addr":"2609 Central Ave","city":"Cleveland","units":42,"btype":"walk-up apartments","status":null,"built":1935,"rad":null,"eld":6,"dis":9,"aunits":null,"prog":null,"pop":null,"reac":null,"expires":null,"rentassist":null},"geometry":{"type":"Point","coordinates":[-81.666563000028802,41.497080999243401]}},
{"type":"Feature","properties":{"kind":"ph","name":"PINEWOOD GARDENS","owner":"Akron Metropolitan Housing Authority","addr":"8800 Ray Ct Apt 1","city":"Twinsburg","units":8,"btype":"walk-up apartments","status":null,"built":1980,"rad":null,"eld":-4,"dis":-4,"aunits":null,"prog":null,"pop":null,"reac":null,"expires":null,"rentassist":null},"geometry":{"type":"Point","coordinates":[-81.458797000245795,41.3088569992901]}},
{"type":"Feature","properties":{"kind":"ph","name":"Valley View","owner":"Akron Metropolitan Housing Authority","addr":"1010 Springdale St","city":"Akron","units":6,"btype":"row / townhouse","status":null,"built":1970,"rad":null,"eld":-4,"dis":-4,"aunits":null,"prog":null,"pop":null,"reac":null,"expires":null,"rentassist":null},"geometry":{"type":"Point","coordinates":[-81.520420000415101,41.111210999116402]}},
{"type":"Feature","properties":{"kind":"ph","name":"Mohawk","owner":"Akron Metropolitan Housing Authority","addr":"31 Safer Plz","city":"Akron","units":4,"btype":"row / townhouse","status":null,"built":1970,"rad":null,"eld":-4,"dis":-4,"aunits":null,"prog":null,"pop":null,"reac":null,"expires":null,"rentassist":null},"geometry":{"type":"Point","coordinates":[-81.488741999780402,41.0233459992373]}},
{"type":"Feature","properties":{"kind":"ph","name":"SCRANTON WOODS/CLOVERDALE","owner":"Geauga Metropolitian Housing Authority","addr":"15616 Cloverdale Dr","city":"Middlefield","units":2,"btype":"semi-detached / duplex","status":null,"built":1985,"rad":null,"eld":-4,"dis":-4,"aunits":null,"prog":null,"pop":null,"reac":null,"expires":null,"rentassist":null},"geometry":{"type":"Point","coordinates":[-81.087258999979397,41.452468998858997]}},
{"type":"Feature","properties":{"kind":"ph","name":"Scattered Sites","owner":"Akron Metropolitan Housing Authority","addr":"1019 Biruta St","city":"Akron","units":1,"btype":"single-family house","status":null,"built":null,"rad":null,"eld":-4,"dis":-4,"aunits":null,"prog":null,"pop":null,"reac":null,"expires":null,"rentassist":null},"geometry":{"type":"Point","coordinates":[-81.564545999959194,41.0625259991807]}},
{"type":"Feature","properties":{"kind":"ph","name":"Heritage Homes III (former Garden Valley","owner":"Cuyahoga Metropolitan Housing Authority","addr":"3030 E 73rd St","city":"Cleveland","units":1,"btype":"single-family house","status":null,"built":2011,"rad":null,"eld":-4,"dis":-4,"aunits":null,"prog":null,"pop":null,"reac":null,"expires":null,"rentassist":null},"geometry":{"type":"Point","coordinates":[-81.637656000211706,41.476256999067203]}},
{"type":"Feature","properties":{"kind":"ph","name":"Riverview Replacement","owner":"Cuyahoga Metropolitan Housing Authority","addr":"3827 W 132nd St","city":"Cleveland","units":1,"btype":"single-family house","status":null,"built":1922,"rad":null,"eld":-4,"dis":-4,"aunits":null,"prog":null,"pop":null,"reac":null,"expires":null,"rentassist":null},"geometry":{"type":"Point","coordinates":[-81.780716999561506,41.450086999076298]}},
{"type":"Feature","properties":{"kind":"ph","name":"LAKEVIEW PLAZA","owner":"Lorain Metropolitan Housing Authority","addr":"1767 Livingston Ave Apt","city":"Lorain","units":4,"btype":"row / townhouse","status":null,"built":1966,"rad":null,"eld":-4,"dis":-4,"aunits":null,"prog":null,"pop":null,"reac":null,"expires":null,"rentassist":null},"geometry":{"type":"Point","coordinates":[-82.168076000152695,41.454921998731102]}},
{"type":"Feature","properties":{"kind":"ph","name":"JAMES E. ALPETER","owner":"Akron Metropolitan Housing Authority","addr":"130 5th St SE","city":"Barberton","units":185,"btype":"elevator high-rise","status":null,"built":1974,"rad":null,"eld":60,"dis":78,"aunits":null,"prog":null,"pop":null,"reac":null,"expires":null,"rentassist":null},"geometry":{"type":"Point","coordinates":[-81.590204999831101,41.007075998893299]}},
{"type":"Feature","properties":{"kind":"ph","name":"Scattered Sites","owner":"Akron Metropolitan Housing Authority","addr":"891 Garfield St","city":"Akron","units":1,"btype":"single-family house","status":null,"built":null,"rad":null,"eld":-4,"dis":-4,"aunits":null,"prog":null,"pop":null,"reac":null,"expires":null,"rentassist":null},"geometry":{"type":"Point","coordinates":[-81.520319000132702,41.110134999065302]}},
{"type":"Feature","properties":{"kind":"ph","name":"Willow Run","owner":"Akron Metropolitan Housing Authority","addr":"1359 Doty Dr","city":"Akron","units":4,"btype":"row / townhouse","status":null,"built":1981,"rad":null,"eld":-4,"dis":-4,"aunits":null,"prog":null,"pop":null,"reac":null,"expires":null,"rentassist":null},"geometry":{"type":"Point","coordinates":[-81.459341000218899,41.023943999068102]}},
{"type":"Feature","properties":{"kind":"ph","name":"Scattered Sites","owner":"Akron Metropolitan Housing Authority","addr":"1211 Greenwood Ave","city":"Akron","units":1,"btype":"single-family house","status":null,"built":null,"rad":null,"eld":-4,"dis":-4,"aunits":null,"prog":null,"pop":null,"reac":null,"expires":null,"rentassist":null},"geometry":{"type":"Point","coordinates":[-81.566199999619897,41.074028999096598]}},
{"type":"Feature","properties":{"kind":"ph","name":"Scattered Sites","owner":"Akron Metropolitan Housing Authority","addr":"869 Russell Ave","city":"Akron","units":1,"btype":"single-family house","status":null,"built":null,"rad":null,"eld":-4,"dis":-4,"aunits":null,"prog":null,"pop":null,"reac":null,"expires":null,"rentassist":null},"geometry":{"type":"Point","coordinates":[-81.559286000152994,41.061703998862498]}},
{"type":"Feature","properties":{"kind":"ph","name":"Scattered Sites","owner":"Akron Metropolitan Housing Authority","addr":"2343 Larchdale Dr","city":"Cuyahoga Falls","units":1,"btype":"single-family house","status":null,"built":1953,"rad":null,"eld":-4,"dis":-4,"aunits":null,"prog":null,"pop":null,"reac":null,"expires":null,"rentassist":null},"geometry":{"type":"Point","coordinates":[-81.461865000265902,41.139105999395703]}},
{"type":"Feature","properties":{"kind":"ph","name":"Scattered Sites","owner":"Akron Metropolitan Housing Authority","addr":"933 Caddo Ave","city":"Akron","units":1,"btype":"single-family house","status":null,"built":1974,"rad":null,"eld":-4,"dis":-4,"aunits":null,"prog":null,"pop":null,"reac":null,"expires":null,"rentassist":null},"geometry":{"type":"Point","coordinates":[-81.472341000395801,41.089937999044402]}},
{"type":"Feature","properties":{"kind":"ph","name":"Riverview Replacement","owner":"Cuyahoga Metropolitan Housing Authority","addr":"7512 Clark Ave","city":"Cleveland","units":1,"btype":"single-family house","status":null,"built":null,"rad":null,"eld":-4,"dis":-4,"aunits":null,"prog":null,"pop":null,"reac":null,"expires":null,"rentassist":null},"geometry":{"type":"Point","coordinates":[-81.737268000059899,41.4697329992511]}},
{"type":"Feature","properties":{"kind":"ph","name":"OBERLIN HOMES","owner":"Lorain Metropolitan Housing Authority","addr":"163 Brunswick Dr Apt","city":"Elyria","units":2,"btype":"semi-detached / duplex","status":null,"built":1996,"rad":null,"eld":-4,"dis":-4,"aunits":null,"prog":null,"pop":null,"reac":null,"expires":null,"rentassist":null},"geometry":{"type":"Point","coordinates":[-82.155527999887497,41.360018999037202]}},
{"type":"Feature","properties":{"kind":"ph","name":"OBERLIN HOMES","owner":"Lorain Metropolitan Housing Authority","addr":"106 S Park St Apt","city":"Oberlin","units":1,"btype":"single-family house","status":null,"built":1966,"rad":null,"eld":-4,"dis":-4,"aunits":null,"prog":null,"pop":null,"reac":null,"expires":null,"rentassist":null},"geometry":{"type":"Point","coordinates":[-82.212593000407395,41.288334999124302]}},
{"type":"Feature","properties":{"kind":"ph","name":"Riverview Replacement","owner":"Cuyahoga Metropolitan Housing Authority","addr":"3905 W 117th St","city":"Cleveland","units":1,"btype":"single-family house","status":null,"built":null,"rad":null,"eld":-4,"dis":-4,"aunits":null,"prog":null,"pop":null,"reac":null,"expires":null,"rentassist":null},"geometry":{"type":"Point","coordinates":[-81.767482999931303,41.4473659993753]}},
{"type":"Feature","properties":{"kind":"ph","name":"Joy Park","owner":"Akron Metropolitan Housing Authority","addr":"508 Fuller St","city":"Akron","units":6,"btype":"row / townhouse","status":null,"built":1970,"rad":null,"eld":-4,"dis":-4,"aunits":null,"prog":null,"pop":null,"reac":null,"expires":null,"rentassist":null},"geometry":{"type":"Point","coordinates":[-81.4838440003724,41.056221999397202]}},
{"type":"Feature","properties":{"kind":"ph","name":"SOUTHEAST","owner":"Cuyahoga Metropolitan Housing Authority","addr":"14922 Edgewood Ave","city":"Cleveland","units":1,"btype":"single-family house","status":null,"built":null,"rad":null,"eld":-4,"dis":-4,"aunits":null,"prog":null,"pop":null,"reac":null,"expires":null,"rentassist":null},"geometry":{"type":"Point","coordinates":[-81.576927999644795,41.451375999167396]}},
{"type":"Feature","properties":{"kind":"ph","name":"Riverview Replacement","owner":"Cuyahoga Metropolitan Housing Authority","addr":"13113 Liberty Ave","city":"Cleveland","units":1,"btype":"single-family house","status":null,"built":null,"rad":null,"eld":-4,"dis":-4,"aunits":null,"prog":null,"pop":null,"reac":null,"expires":null,"rentassist":null},"geometry":{"type":"Point","coordinates":[-81.783311999753707,41.441728999210703]}},
{"type":"Feature","properties":{"kind":"ph","name":"Heritage Homes I (former Garden Valley)","owner":"Cuyahoga Metropolitan Housing Authority","addr":"7004 Anita Kennedy Rd SE","city":"Cleveland","units":5,"btype":"row / townhouse","status":null,"built":2010,"rad":null,"eld":-4,"dis":-4,"aunits":null,"prog":null,"pop":null,"reac":null,"expires":null,"rentassist":null},"geometry":{"type":"Point","coordinates":[-81.640162999642001,41.479499999290503]}},
{"type":"Feature","properties":{"kind":"ph","name":"SMALL OR SCATTERED","owner":"Cuyahoga Metropolitan Housing Authority","addr":"1755 W 57th St","city":"Cleveland","units":6,"btype":"row / townhouse","status":"demolition/disposition draft","built":null,"rad":null,"eld":-4,"dis":-4,"aunits":null,"prog":null,"pop":null,"reac":null,"expires":null,"rentassist":null},"geometry":{"type":"Point","coordinates":[-81.724944000100606,41.482703999018]}},
{"type":"Feature","properties":{"kind":"ph","name":"SUMMIT LAKE","owner":"Akron Metropolitan Housing Authority","addr":"1284 Roulhac Cir","city":"Akron","units":1,"btype":"single-family house","status":null,"built":1999,"rad":null,"eld":-4,"dis":-4,"aunits":null,"prog":null,"pop":null,"reac":null,"expires":null,"rentassist":null},"geometry":{"type":"Point","coordinates":[-81.557069000252596,41.068700999250801]}},
{"type":"Feature","properties":{"kind":"ph","name":"East Side Neighborhood Homes","owner":"Cuyahoga Metropolitan Housing Authority","addr":"2333 E 76th St","city":"Cleveland","units":1,"btype":"single-family house","status":null,"built":2005,"rad":null,"eld":-4,"dis":-4,"aunits":null,"prog":null,"pop":null,"reac":null,"expires":null,"rentassist":null},"geometry":{"type":"Point","coordinates":[-81.635527000174804,41.495222999212203]}},
{"type":"Feature","properties":{"kind":"ph","name":"SOUTHEAST","owner":"Cuyahoga Metropolitan Housing Authority","addr":"7910 Broadway Ave","city":"Cleveland","units":2,"btype":"semi-detached / duplex","status":"demolition/disposition proposed","built":null,"rad":"PBRA","eld":-4,"dis":-4,"aunits":null,"prog":null,"pop":null,"reac":null,"expires":null,"rentassist":null},"geometry":{"type":"Point","coordinates":[-81.632634000056896,41.452741999312302]}},
{"type":"Feature","properties":{"kind":"ph","name":"OUTHWAITE","owner":"Cuyahoga Metropolitan Housing Authority","addr":"4115 Case Ct","city":"Cleveland","units":40,"btype":"row / townhouse","status":null,"built":1937,"rad":null,"eld":13,"dis":8,"aunits":null,"prog":null,"pop":null,"reac":null,"expires":null,"rentassist":null},"geometry":{"type":"Point","coordinates":[-81.6581320002702,41.490253999095501]}},
{"type":"Feature","properties":{"kind":"ph","name":"OUTHWAITE","owner":"Cuyahoga Metropolitan Housing Authority","addr":"5077 Outhwaite Ave","city":"Cleveland","units":30,"btype":"row / townhouse","status":null,"built":1942,"rad":null,"eld":20,"dis":14,"aunits":null,"prog":null,"pop":null,"reac":null,"expires":null,"rentassist":null},"geometry":{"type":"Point","coordinates":[-81.654757999928293,41.490646998865699]}},
{"type":"Feature","properties":{"kind":"ph","name":"Mohawk","owner":"Akron Metropolitan Housing Authority","addr":"11 Safer Plz","city":"Akron","units":2,"btype":"semi-detached / duplex","status":null,"built":1970,"rad":null,"eld":-4,"dis":-4,"aunits":null,"prog":null,"pop":null,"reac":null,"expires":null,"rentassist":null},"geometry":{"type":"Point","coordinates":[-81.489315000065801,41.023346998884499]}},
{"type":"Feature","properties":{"kind":"ph","name":"Scattered Sites","owner":"Akron Metropolitan Housing Authority","addr":"1005 Biruta St","city":"Akron","units":1,"btype":"single-family house","status":null,"built":null,"rad":null,"eld":-4,"dis":-4,"aunits":null,"prog":null,"pop":null,"reac":null,"expires":null,"rentassist":null},"geometry":{"type":"Point","coordinates":[-81.564290999691096,41.0625259991807]}},
{"type":"Feature","properties":{"kind":"ph","name":"COLONIAL HILLS","owner":"Akron Metropolitan Housing Authority","addr":"79 Colonial Hills Dr","city":"Akron","units":6,"btype":"row / townhouse","status":null,"built":1967,"rad":null,"eld":-4,"dis":-4,"aunits":null,"prog":null,"pop":null,"reac":null,"expires":null,"rentassist":null},"geometry":{"type":"Point","coordinates":[-81.501425999589799,41.106895998942498]}},
{"type":"Feature","properties":{"kind":"ph","name":"Scattered Sites","owner":"Akron Metropolitan Housing Authority","addr":"1121 Valdes Ave","city":"Akron","units":1,"btype":"single-family house","status":null,"built":null,"rad":null,"eld":-4,"dis":-4,"aunits":null,"prog":null,"pop":null,"reac":null,"expires":null,"rentassist":null},"geometry":{"type":"Point","coordinates":[-81.573758000415694,41.079359998955503]}},
{"type":"Feature","properties":{"kind":"ph","name":"Scattered Sites","owner":"Akron Metropolitan Housing Authority","addr":"1547 Tyler St","city":"Akron","units":1,"btype":"single-family house","status":null,"built":1968,"rad":null,"eld":-4,"dis":-4,"aunits":null,"prog":null,"pop":null,"reac":null,"expires":null,"rentassist":null},"geometry":{"type":"Point","coordinates":[-81.563273999890001,41.064178998846998]}},
{"type":"Feature","properties":{"kind":"ph","name":"LAKEVIEW PLAZA","owner":"Lorain Metropolitan Housing Authority","addr":"1527 Colorado Ave Apt","city":"Lorain","units":1,"btype":"single-family house","status":null,"built":1996,"rad":null,"eld":-4,"dis":-4,"aunits":null,"prog":null,"pop":null,"reac":null,"expires":null,"rentassist":null},"geometry":{"type":"Point","coordinates":[-82.155250000053101,41.465494998930197]}},
{"type":"Feature","properties":{"kind":"ph","name":"Scattered Sites","owner":"Akron Metropolitan Housing Authority","addr":"1535 Preston Ave","city":"Akron","units":1,"btype":"single-family house","status":null,"built":1915,"rad":null,"eld":-4,"dis":-4,"aunits":null,"prog":null,"pop":null,"reac":null,"expires":null,"rentassist":null},"geometry":{"type":"Point","coordinates":[-81.468166999987702,41.068638998777502]}},
{"type":"Feature","properties":{"kind":"ph","name":"Scattered Sites","owner":"Akron Metropolitan Housing Authority","addr":"913 Longview Ave","city":"Akron","units":1,"btype":"single-family house","status":null,"built":1955,"rad":null,"eld":-4,"dis":-4,"aunits":null,"prog":null,"pop":null,"reac":null,"expires":null,"rentassist":null},"geometry":{"type":"Point","coordinates":[-81.559117000098595,41.064874998788703]}},
{"type":"Feature","properties":{"kind":"ph","name":"Edgewood Village I","owner":"Akron Metropolitan Housing Authority","addr":"694 Edgewood Ave","city":"Akron","units":3,"btype":"row / townhouse","status":null,"built":null,"rad":null,"eld":-4,"dis":-4,"aunits":null,"prog":null,"pop":null,"reac":null,"expires":null,"rentassist":null},"geometry":{"type":"Point","coordinates":[-81.539934999850701,41.0752369993549]}},
{"type":"Feature","properties":{"kind":"ph","name":"SUMMIT LAKE","owner":"Akron Metropolitan Housing Authority","addr":"320 W South St","city":"Akron","units":2,"btype":"semi-detached / duplex","status":null,"built":2013,"rad":null,"eld":-4,"dis":-4,"aunits":null,"prog":null,"pop":null,"reac":null,"expires":null,"rentassist":null},"geometry":{"type":"Point","coordinates":[-81.539026000004597,41.061451999016299]}},
{"type":"Feature","properties":{"kind":"ph","name":"Scattered Sites","owner":"Akron Metropolitan Housing Authority","addr":"230 Marguerite Ave","city":"Cuyahoga Falls","units":1,"btype":"single-family house","status":null,"built":1926,"rad":null,"eld":-4,"dis":-4,"aunits":null,"prog":null,"pop":null,"reac":null,"expires":null,"rentassist":null},"geometry":{"type":"Point","coordinates":[-81.479103000424999,41.152780999206598]}},
{"type":"Feature","properties":{"kind":"ph","name":"WILKES-VILLA","owner":"Lorain Metropolitan Housing Authority","addr":"142 Brace Ave Apt","city":"Elyria","units":1,"btype":"single-family house","status":null,"built":1996,"rad":null,"eld":-4,"dis":-4,"aunits":null,"prog":null,"pop":null,"reac":null,"expires":null,"rentassist":null},"geometry":{"type":"Point","coordinates":[-82.126653999682304,41.387404999320502]}},
{"type":"Feature","properties":{"kind":"ph","name":"Cascade Village North","owner":"Akron Metropolitan Housing Authority","addr":"164 Elizabeth Pkwy","city":"Akron","units":2,"btype":"semi-detached / duplex","status":null,"built":2006,"rad":null,"eld":-4,"dis":-4,"aunits":null,"prog":null,"pop":null,"reac":null,"expires":null,"rentassist":null},"geometry":{"type":"Point","coordinates":[-81.509140000021105,41.091437999216502]}},
{"type":"Feature","properties":{"kind":"ph","name":"LAKEVIEW PLAZA","owner":"Lorain Metropolitan Housing Authority","addr":"1405 W 19th St Apt","city":"Lorain","units":1,"btype":"single-family house","status":null,"built":1996,"rad":null,"eld":-4,"dis":-4,"aunits":null,"prog":null,"pop":null,"reac":null,"expires":null,"rentassist":null},"geometry":{"type":"Point","coordinates":[-82.189738999891702,41.452860999012302]}},
{"type":"Feature","properties":{"kind":"ph","name":"Riverview Replacement","owner":"Cuyahoga Metropolitan Housing Authority","addr":"3304 Ruby Ave","city":"Cleveland","units":1,"btype":"single-family house","status":null,"built":null,"rad":null,"eld":-4,"dis":-4,"aunits":null,"prog":null,"pop":null,"reac":null,"expires":null,"rentassist":null},"geometry":{"type":"Point","coordinates":[-81.703744000143899,41.433777999230401]}},
{"type":"Feature","properties":{"kind":"ph","name":"East Side Neighborhood Homes","owner":"Cuyahoga Metropolitan Housing Authority","addr":"2224 E 76th St","city":"Cleveland","units":1,"btype":"single-family house","status":null,"built":2005,"rad":null,"eld":-4,"dis":-4,"aunits":null,"prog":null,"pop":null,"reac":null,"expires":null,"rentassist":null},"geometry":{"type":"Point","coordinates":[-81.635939999728393,41.4998809987638]}},
{"type":"Feature","properties":{"kind":"ph","name":"SUMMIT LAKE","owner":"Akron Metropolitan Housing Authority","addr":"424 W Miller Ave","city":"Akron","units":10,"btype":"row / townhouse","status":null,"built":1965,"rad":null,"eld":-4,"dis":-4,"aunits":null,"prog":null,"pop":null,"reac":null,"expires":null,"rentassist":null},"geometry":{"type":"Point","coordinates":[-81.542427000110607,41.054825999287701]}},
{"type":"Feature","properties":{"kind":"ph","name":"Scattered Sites","owner":"Akron Metropolitan Housing Authority","addr":"872 Davies Ave","city":"Akron","units":1,"btype":"single-family house","status":null,"built":1946,"rad":null,"eld":-4,"dis":-4,"aunits":null,"prog":null,"pop":null,"reac":null,"expires":null,"rentassist":null},"geometry":{"type":"Point","coordinates":[-81.495488999740999,41.045828998806499]}},
{"type":"Feature","properties":{"kind":"ph","name":"Scattered Sites","owner":"Akron Metropolitan Housing Authority","addr":"873 Russell Ave","city":"Akron","units":1,"btype":"single-family house","status":null,"built":1970,"rad":null,"eld":-4,"dis":-4,"aunits":null,"prog":null,"pop":null,"reac":null,"expires":null,"rentassist":null},"geometry":{"type":"Point","coordinates":[-81.559457999682195,41.061703998862498]}},
{"type":"Feature","properties":{"kind":"ph","name":"OBERLIN HOMES","owner":"Lorain Metropolitan Housing Authority","addr":"1683 E 30th St Apt","city":"Lorain","units":4,"btype":"row / townhouse","status":"demolition/disposition proposed","built":1972,"rad":"PBV","eld":-4,"dis":-4,"aunits":null,"prog":null,"pop":null,"reac":null,"expires":null,"rentassist":null},"geometry":{"type":"Point","coordinates":[-82.143500000204199,41.443297999381599]}},
{"type":"Feature","properties":{"kind":"ph","name":"Heritage Homes III (former Garden Valley","owner":"Cuyahoga Metropolitan Housing Authority","addr":"3006 E 73rd St","city":"Cleveland","units":1,"btype":"single-family house","status":null,"built":2011,"rad":null,"eld":-4,"dis":-4,"aunits":null,"prog":null,"pop":null,"reac":null,"expires":null,"rentassist":null},"geometry":{"type":"Point","coordinates":[-81.6376550003868,41.476953999352297]}},
{"type":"Feature","properties":{"kind":"ph","name":"Riverview Replacement","owner":"Cuyahoga Metropolitan Housing Authority","addr":"10102 Adelaide Ave","city":"Cleveland","units":1,"btype":"single-family house","status":null,"built":null,"rad":null,"eld":-4,"dis":-4,"aunits":null,"prog":null,"pop":null,"reac":null,"expires":null,"rentassist":null},"geometry":{"type":"Point","coordinates":[-81.755280000345806,41.459677998892602]}},
{"type":"Feature","properties":{"kind":"ph","name":"Riverview Replacement","owner":"Cuyahoga Metropolitan Housing Authority","addr":"3389 W 88th St","city":"Cleveland","units":1,"btype":"single-family house","status":null,"built":null,"rad":null,"eld":-4,"dis":-4,"aunits":null,"prog":null,"pop":null,"reac":null,"expires":null,"rentassist":null},"geometry":{"type":"Point","coordinates":[-81.744635000161594,41.461460999314397]}},
{"type":"Feature","properties":{"kind":"ph","name":"EASTSIDE","owner":"Cuyahoga Metropolitan Housing Authority","addr":"1645 Allegheny Cir","city":"East Cleveland","units":1,"btype":"semi-detached / duplex","status":null,"built":null,"rad":null,"eld":-4,"dis":-4,"aunits":null,"prog":null,"pop":null,"reac":null,"expires":null,"rentassist":null},"geometry":{"type":"Point","coordinates":[-81.583549999932004,41.533352999221002]}},
{"type":"Feature","properties":{"kind":"ph","name":"DOWNTOWN","owner":"Cuyahoga Metropolitan Housing Authority","addr":"1281 Spruce Ct","city":"Cleveland","units":15,"btype":"walk-up apartments","status":"demolition/disposition proposed","built":1937,"rad":"PBRA","eld":8,"dis":0,"aunits":null,"prog":null,"pop":null,"reac":null,"expires":null,"rentassist":null},"geometry":{"type":"Point","coordinates":[-81.709238000301795,41.494082998967897]}},
{"type":"Feature","properties":{"kind":"ph","name":"Heritage Homes I (former Garden Valley)","owner":"Cuyahoga Metropolitan Housing Authority","addr":"7016 Anita Kennedy Rd SE","city":"Cleveland","units":4,"btype":"row / townhouse","status":null,"built":2010,"rad":null,"eld":-4,"dis":-4,"aunits":null,"prog":null,"pop":null,"reac":null,"expires":null,"rentassist":null},"geometry":{"type":"Point","coordinates":[-81.639851000370797,41.479342999023999]}},
{"type":"Feature","properties":{"kind":"ph","name":"Scattered Sites","owner":"Akron Metropolitan Housing Authority","addr":"654 Dorchester Rd","city":"Akron","units":1,"btype":"single-family house","status":null,"built":1947,"rad":null,"eld":-4,"dis":-4,"aunits":null,"prog":null,"pop":null,"reac":null,"expires":null,"rentassist":null},"geometry":{"type":"Point","coordinates":[-81.562283000028103,41.0860019989085]}},
{"type":"Feature","properties":{"kind":"ph","name":"HONEY LOCUST GARDEN","owner":"Akron Metropolitan Housing Authority","addr":"3361 Prange Dr","city":"Cuyahoga Falls","units":15,"btype":"walk-up apartments","status":null,"built":1981,"rad":null,"eld":-4,"dis":-4,"aunits":null,"prog":null,"pop":null,"reac":null,"expires":null,"rentassist":null},"geometry":{"type":"Point","coordinates":[-81.501117999618202,41.155556998926798]}},
{"type":"Feature","properties":{"kind":"ph","name":"SUMMIT LAKE","owner":"Akron Metropolitan Housing Authority","addr":"435 W Miller Ave","city":"Akron","units":8,"btype":"walk-up apartments","status":null,"built":1965,"rad":null,"eld":-4,"dis":-4,"aunits":null,"prog":null,"pop":null,"reac":null,"expires":null,"rentassist":null},"geometry":{"type":"Point","coordinates":[-81.542862000303799,41.054717998822902]}},
{"type":"Feature","properties":{"kind":"ph","name":"Scattered Sites","owner":"Akron Metropolitan Housing Authority","addr":"658 Garfield St","city":"Akron","units":1,"btype":"single-family house","status":null,"built":null,"rad":null,"eld":-4,"dis":-4,"aunits":null,"prog":null,"pop":null,"reac":null,"expires":null,"rentassist":null},"geometry":{"type":"Point","coordinates":[-81.520119000116196,41.102805998882999]}},
{"type":"Feature","properties":{"kind":"ph","name":"Riverview Replacement","owner":"Cuyahoga Metropolitan Housing Authority","addr":"12613 Sobieski Ave","city":"Cleveland","units":1,"btype":"single-family house","status":null,"built":null,"rad":null,"eld":-4,"dis":-4,"aunits":null,"prog":null,"pop":null,"reac":null,"expires":null,"rentassist":null},"geometry":{"type":"Point","coordinates":[-81.776105000383794,41.439039999295503]}},
{"type":"Feature","properties":{"kind":"ph","name":"Cascade Village North","owner":"Akron Metropolitan Housing Authority","addr":"114 E Lods St","city":"Akron","units":2,"btype":"semi-detached / duplex","status":null,"built":2006,"rad":null,"eld":-4,"dis":-4,"aunits":null,"prog":null,"pop":null,"reac":null,"expires":null,"rentassist":null},"geometry":{"type":"Point","coordinates":[-81.510791000207107,41.091920999121498]}},
{"type":"Feature","properties":{"kind":"ph","name":"Scattered Sites","owner":"Akron Metropolitan Housing Authority","addr":"773 Orlando Ave","city":"Akron","units":1,"btype":"single-family house","status":null,"built":1952,"rad":null,"eld":-4,"dis":-4,"aunits":null,"prog":null,"pop":null,"reac":null,"expires":null,"rentassist":null},"geometry":{"type":"Point","coordinates":[-81.568025999708098,41.087596999347397]}},
{"type":"Feature","properties":{"kind":"ph","name":"Mohawk","owner":"Akron Metropolitan Housing Authority","addr":"30 Safer Plz","city":"Akron","units":2,"btype":"semi-detached / duplex","status":null,"built":1970,"rad":null,"eld":-4,"dis":-4,"aunits":null,"prog":null,"pop":null,"reac":null,"expires":null,"rentassist":null},"geometry":{"type":"Point","coordinates":[-81.488741999780402,41.023018999235397]}},
{"type":"Feature","properties":{"kind":"ph","name":"Scattered Sites","owner":"Akron Metropolitan Housing Authority","addr":"1242 Welton Ave","city":"Akron","units":1,"btype":"single-family house","status":null,"built":null,"rad":null,"eld":-4,"dis":-4,"aunits":null,"prog":null,"pop":null,"reac":null,"expires":null,"rentassist":null},"geometry":{"type":"Point","coordinates":[-81.481968000055602,41.048050998949002]}},
{"type":"Feature","properties":{"kind":"ph","name":"OUTHWAITE","owner":"Cuyahoga Metropolitan Housing Authority","addr":"5000 Scovill Ave","city":"Cleveland","units":10,"btype":"row / townhouse","status":"demolition/disposition proposed","built":1942,"rad":"PBRA","eld":-4,"dis":-4,"aunits":null,"prog":null,"pop":null,"reac":null,"expires":null,"rentassist":null},"geometry":{"type":"Point","coordinates":[-81.6527259999758,41.491742999141699]}},
{"type":"Feature","properties":{"kind":"ph","name":"OUTHWAITE","owner":"Cuyahoga Metropolitan Housing Authority","addr":"4046 Outhwaite Ave","city":"Cleveland","units":15,"btype":"row / townhouse","status":null,"built":1937,"rad":null,"eld":-4,"dis":-4,"aunits":null,"prog":null,"pop":null,"reac":null,"expires":null,"rentassist":null},"geometry":{"type":"Point","coordinates":[-81.658087000064398,41.490982998956603]}},
{"type":"Feature","properties":{"kind":"ph","name":"Gordon Square","owner":"Cuyahoga Metropolitan Housing Authority","addr":"6710 Detroit Ave","city":"Cleveland","units":8,"btype":"elevator high-rise","status":null,"built":null,"rad":null,"eld":-4,"dis":-4,"aunits":null,"prog":null,"pop":null,"reac":null,"expires":null,"rentassist":null},"geometry":{"type":"Point","coordinates":[-81.731512999786005,41.483899999147098]}},
{"type":"Feature","properties":{"kind":"ph","name":"VAN BUREN HOMES","owner":"Akron Metropolitan Housing Authority","addr":"411 Nebraska Pl","city":"Barberton","units":4,"btype":"row / townhouse","status":null,"built":1972,"rad":null,"eld":-4,"dis":-4,"aunits":null,"prog":null,"pop":null,"reac":null,"expires":null,"rentassist":null},"geometry":{"type":"Point","coordinates":[-81.600296999821296,41.004798999163498]}},
{"type":"Feature","properties":{"kind":"ph","name":"Scattered Sites","owner":"Akron Metropolitan Housing Authority","addr":"1156 Nome Ave","city":"Akron","units":2,"btype":"semi-detached / duplex","status":null,"built":1960,"rad":null,"eld":-4,"dis":-4,"aunits":null,"prog":null,"pop":null,"reac":null,"expires":null,"rentassist":null},"geometry":{"type":"Point","coordinates":[-81.570856999901807,41.0775199990114]}},
{"type":"Feature","properties":{"kind":"ph","name":"Scattered Sites","owner":"Akron Metropolitan Housing Authority","addr":"582 Glendora Ave","city":"Akron","units":1,"btype":"single-family house","status":null,"built":null,"rad":null,"eld":-4,"dis":-4,"aunits":null,"prog":null,"pop":null,"reac":null,"expires":null,"rentassist":null},"geometry":{"type":"Point","coordinates":[-81.561169000142598,41.089548999127203]}},
{"type":"Feature","properties":{"kind":"ph","name":"Scattered Sites","owner":"Akron Metropolitan Housing Authority","addr":"1135 Longstone Ave","city":"Akron","units":1,"btype":"single-family house","status":null,"built":1974,"rad":null,"eld":-4,"dis":-4,"aunits":null,"prog":null,"pop":null,"reac":null,"expires":null,"rentassist":null},"geometry":{"type":"Point","coordinates":[-81.474734999848195,41.100820998746997]}},
{"type":"Feature","properties":{"kind":"ph","name":"Scattered Sites","owner":"Akron Metropolitan Housing Authority","addr":"2563 8th St","city":"Cuyahoga Falls","units":1,"btype":"single-family house","status":null,"built":1944,"rad":null,"eld":-4,"dis":-4,"aunits":null,"prog":null,"pop":null,"reac":null,"expires":null,"rentassist":null},"geometry":{"type":"Point","coordinates":[-81.492459000254001,41.142253998966403]}},
{"type":"Feature","properties":{"kind":"ph","name":"OUTHWAITE","owner":"Cuyahoga Metropolitan Housing Authority","addr":"2534 E 50th St","city":"Cleveland","units":45,"btype":"row / townhouse","status":null,"built":1937,"rad":null,"eld":22,"dis":16,"aunits":null,"prog":null,"pop":null,"reac":null,"expires":null,"rentassist":null},"geometry":{"type":"Point","coordinates":[-81.653558999653995,41.4895189987922]}},
{"type":"Feature","properties":{"kind":"ph","name":"Scattered Sites","owner":"Akron Metropolitan Housing Authority","addr":"1251 Superior Ave","city":"Akron","units":1,"btype":"single-family house","status":null,"built":null,"rad":null,"eld":-4,"dis":-4,"aunits":null,"prog":null,"pop":null,"reac":null,"expires":null,"rentassist":null},"geometry":{"type":"Point","coordinates":[-81.559056999824193,41.0702529987567]}},
{"type":"Feature","properties":{"kind":"ph","name":"Joy Park","owner":"Akron Metropolitan Housing Authority","addr":"1338 Minson Way","city":"Akron","units":4,"btype":"row / townhouse","status":null,"built":1970,"rad":null,"eld":-4,"dis":-4,"aunits":null,"prog":null,"pop":null,"reac":null,"expires":null,"rentassist":null},"geometry":{"type":"Point","coordinates":[-81.482996999552299,41.057028999230297]}},
{"type":"Feature","properties":{"kind":"ph","name":"COLONIAL HILLS","owner":"Akron Metropolitan Housing Authority","addr":"55 Colonial Hills Dr","city":"Akron","units":6,"btype":"row / townhouse","status":null,"built":1967,"rad":null,"eld":-4,"dis":-4,"aunits":null,"prog":null,"pop":null,"reac":null,"expires":null,"rentassist":null},"geometry":{"type":"Point","coordinates":[-81.501660999766401,41.106897999082797]}},
{"type":"Feature","properties":{"kind":"ph","name":"Scattered Sites","owner":"Akron Metropolitan Housing Authority","addr":"931 Wyley Ave","city":"Akron","units":1,"btype":"single-family house","status":null,"built":null,"rad":null,"eld":-4,"dis":-4,"aunits":null,"prog":null,"pop":null,"reac":null,"expires":null,"rentassist":null},"geometry":{"type":"Point","coordinates":[-81.494382000426498,41.0485119991855]}},
{"type":"Feature","properties":{"kind":"ph","name":"VAN BUREN HOMES","owner":"Akron Metropolitan Housing Authority","addr":"134 Iowa Pl","city":"Barberton","units":4,"btype":"row / townhouse","status":null,"built":1972,"rad":null,"eld":-4,"dis":-4,"aunits":null,"prog":null,"pop":null,"reac":null,"expires":null,"rentassist":null},"geometry":{"type":"Point","coordinates":[-81.599644999893201,41.007479998968101]}},
{"type":"Feature","properties":{"kind":"ph","name":"Scattered Sites","owner":"Akron Metropolitan Housing Authority","addr":"1546 Hyde Park Ave","city":"Akron","units":1,"btype":"single-family house","status":null,"built":1958,"rad":null,"eld":-4,"dis":-4,"aunits":null,"prog":null,"pop":null,"reac":null,"expires":null,"rentassist":null},"geometry":{"type":"Point","coordinates":[-81.472039000272005,41.1055749989102]}},
{"type":"Feature","properties":{"kind":"ph","name":"SUMMIT LAKE","owner":"Akron Metropolitan Housing Authority","addr":"2 Botnick Plz","city":"Akron","units":18,"btype":"row / townhouse","status":null,"built":1965,"rad":null,"eld":-4,"dis":-4,"aunits":null,"prog":null,"pop":null,"reac":null,"expires":null,"rentassist":null},"geometry":{"type":"Point","coordinates":[-81.542017000031805,41.056392999133401]}},
{"type":"Feature","properties":{"kind":"ph","name":"Edgewood Village 4","owner":"Akron Metropolitan Housing Authority","addr":"722 Rita Dove Ln","city":"Akron","units":2,"btype":"semi-detached / duplex","status":null,"built":null,"rad":null,"eld":-4,"dis":-4,"aunits":null,"prog":null,"pop":null,"reac":null,"expires":null,"rentassist":null},"geometry":{"type":"Point","coordinates":[-81.540923000237797,41.074899998974203]}},
{"type":"Feature","properties":{"kind":"ph","name":"Oberlin Homes LIHTC","owner":"Lorain Metropolitan Housing Authority","addr":"197 Groveland St Apt","city":"Oberlin","units":1,"btype":"single-family house","status":null,"built":1966,"rad":null,"eld":-4,"dis":-4,"aunits":null,"prog":null,"pop":null,"reac":null,"expires":null,"rentassist":null},"geometry":{"type":"Point","coordinates":[-82.210662999663896,41.2873799988961]}},
{"type":"Feature","properties":{"kind":"ph","name":"KING KENNEDY","owner":"Cuyahoga Metropolitan Housing Authority","addr":"6376 Scovill Ave","city":"Cleveland","units":5,"btype":"row / townhouse","status":null,"built":2004,"rad":null,"eld":-4,"dis":-4,"aunits":null,"prog":null,"pop":null,"reac":null,"expires":null,"rentassist":null},"geometry":{"type":"Point","coordinates":[-81.6462190002147,41.491528998751797]}},
{"type":"Feature","properties":{"kind":"ph","name":"Scattered Sites","owner":"Akron Metropolitan Housing Authority","addr":"1740 Oneida Ave","city":"Cuyahoga Falls","units":1,"btype":"single-family house","status":null,"built":1982,"rad":null,"eld":-4,"dis":-4,"aunits":null,"prog":null,"pop":null,"reac":null,"expires":null,"rentassist":null},"geometry":{"type":"Point","coordinates":[-81.458438000220596,41.130298999083401]}},
{"type":"Feature","properties":{"kind":"ph","name":"East Side Neighborhood Homes","owner":"Cuyahoga Metropolitan Housing Authority","addr":"7600 Colfax Rd","city":"Cleveland","units":1,"btype":"single-family house","status":null,"built":2005,"rad":null,"eld":-4,"dis":-4,"aunits":null,"prog":null,"pop":null,"reac":null,"expires":null,"rentassist":null},"geometry":{"type":"Point","coordinates":[-81.635061999844396,41.479530998856603]}},
{"type":"Feature","properties":{"kind":"ph","name":"Scattered Sites","owner":"Akron Metropolitan Housing Authority","addr":"933 Hartford Ave","city":"Akron","units":1,"btype":"single-family house","status":null,"built":null,"rad":null,"eld":-4,"dis":-4,"aunits":null,"prog":null,"pop":null,"reac":null,"expires":null,"rentassist":null},"geometry":{"type":"Point","coordinates":[-81.563889999833094,41.081581999301903]}},
{"type":"Feature","properties":{"kind":"ph","name":"Heritage Homes II (former Garden Valley)","owner":"Cuyahoga Metropolitan Housing Authority","addr":"7230 Kinsman Rd","city":"Cleveland","units":40,"btype":"walk-up apartments","status":null,"built":null,"rad":null,"eld":40,"dis":62,"aunits":null,"prog":null,"pop":null,"reac":null,"expires":null,"rentassist":null},"geometry":{"type":"Point","coordinates":[-81.637445000324504,41.479064998995199]}},
{"type":"Feature","properties":{"kind":"ph","name":"Heritage Homes III (former Garden Valley","owner":"Cuyahoga Metropolitan Housing Authority","addr":"3010 E 73rd St","city":"Cleveland","units":1,"btype":"single-family house","status":null,"built":2011,"rad":null,"eld":-4,"dis":-4,"aunits":null,"prog":null,"pop":null,"reac":null,"expires":null,"rentassist":null},"geometry":{"type":"Point","coordinates":[-81.6376550003868,41.476849998785099]}},
{"type":"Feature","properties":{"kind":"ph","name":"Cascade Village East/West","owner":"Akron Metropolitan Housing Authority","addr":"223 E North St","city":"Akron","units":2,"btype":"semi-detached / duplex","status":null,"built":2009,"rad":null,"eld":-4,"dis":-4,"aunits":null,"prog":null,"pop":null,"reac":null,"expires":null,"rentassist":null},"geometry":{"type":"Point","coordinates":[-81.508062000120603,41.089603998872398]}},
{"type":"Feature","properties":{"kind":"ph","name":"OBERLIN HOMES","owner":"Lorain Metropolitan Housing Authority","addr":"1506 E 29th St Apt","city":"Lorain","units":1,"btype":"single-family house","status":"demolition/disposition proposed","built":1973,"rad":"PBV","eld":-4,"dis":-4,"aunits":null,"prog":null,"pop":null,"reac":null,"expires":null,"rentassist":null},"geometry":{"type":"Point","coordinates":[-82.148178000402496,41.444256999247798]}},
{"type":"Feature","properties":{"kind":"ph","name":"SOUTHEAST","owner":"Cuyahoga Metropolitan Housing Authority","addr":"8424 Jeffries Ave","city":"Cleveland","units":1,"btype":"single-family house","status":null,"built":null,"rad":null,"eld":-4,"dis":-4,"aunits":null,"prog":null,"pop":null,"reac":null,"expires":null,"rentassist":null},"geometry":{"type":"Point","coordinates":[-81.626434000442401,41.437678999225596]}},
{"type":"Feature","properties":{"kind":"ph","name":"Scattered Sites","owner":"Akron Metropolitan Housing Authority","addr":"957 Rosamond Ave","city":"Akron","units":1,"btype":"single-family house","status":null,"built":null,"rad":null,"eld":-4,"dis":-4,"aunits":null,"prog":null,"pop":null,"reac":null,"expires":null,"rentassist":null},"geometry":{"type":"Point","coordinates":[-81.562037999805696,41.060813998824798]}},
{"type":"Feature","properties":{"kind":"ph","name":"OBERLIN HOMES","owner":"Lorain Metropolitan Housing Authority","addr":"1559 E 31st St Apt","city":"Lorain","units":1,"btype":"single-family house","status":"demolition/disposition proposed","built":1973,"rad":"PBV","eld":-4,"dis":-4,"aunits":null,"prog":null,"pop":null,"reac":null,"expires":null,"rentassist":null},"geometry":{"type":"Point","coordinates":[-82.146670000331596,41.442054999036699]}},
{"type":"Feature","properties":{"kind":"ph","name":"Edgewood Village 4","owner":"Akron Metropolitan Housing Authority","addr":"734 Edgewood Ave","city":"Akron","units":3,"btype":"row / townhouse","status":null,"built":null,"rad":null,"eld":-4,"dis":-4,"aunits":null,"prog":null,"pop":null,"reac":null,"expires":null,"rentassist":null},"geometry":{"type":"Point","coordinates":[-81.539506000403605,41.073942998730701]}},
{"type":"Feature","properties":{"kind":"ph","name":"Scattered Sites","owner":"Akron Metropolitan Housing Authority","addr":"838 Dover Ave","city":"Akron","units":1,"btype":"single-family house","status":null,"built":null,"rad":null,"eld":-4,"dis":-4,"aunits":null,"prog":null,"pop":null,"reac":null,"expires":null,"rentassist":null},"geometry":{"type":"Point","coordinates":[-81.562058999722097,41.082805999111102]}},
{"type":"Feature","properties":{"kind":"ph","name":"Scattered Sites","owner":"Akron Metropolitan Housing Authority","addr":"822 Roslyn Ave","city":"Akron","units":1,"btype":"single-family house","status":null,"built":null,"rad":null,"eld":-4,"dis":-4,"aunits":null,"prog":null,"pop":null,"reac":null,"expires":null,"rentassist":null},"geometry":{"type":"Point","coordinates":[-81.567335000320199,41.085904998748902]}},
{"type":"Feature","properties":{"kind":"ph","name":"Heritage Homes II (former Garden Valley)","owner":"Cuyahoga Metropolitan Housing Authority","addr":"7033 Roy Ave","city":"Cleveland","units":1,"btype":"single-family house","status":null,"built":2011,"rad":null,"eld":-4,"dis":-4,"aunits":null,"prog":null,"pop":null,"reac":null,"expires":null,"rentassist":null},"geometry":{"type":"Point","coordinates":[-81.639836000302196,41.478095999055199]}},
{"type":"Feature","properties":{"kind":"ph","name":"Scattered Sites","owner":"Akron Metropolitan Housing Authority","addr":"56 Kimlyn Cir","city":"Akron","units":5,"btype":"row / townhouse","status":null,"built":1973,"rad":null,"eld":-4,"dis":-4,"aunits":null,"prog":null,"pop":null,"reac":null,"expires":null,"rentassist":null},"geometry":{"type":"Point","coordinates":[-81.477524000209101,41.109462999231397]}},
{"type":"Feature","properties":{"kind":"ph","name":"Scattered Sites","owner":"Akron Metropolitan Housing Authority","addr":"294 Bowmanville St","city":"Akron","units":1,"btype":"single-family house","status":null,"built":1915,"rad":null,"eld":-4,"dis":-4,"aunits":null,"prog":null,"pop":null,"reac":null,"expires":null,"rentassist":null},"geometry":{"type":"Point","coordinates":[-81.475043999644598,41.071274998761901]}},
{"type":"Feature","properties":{"kind":"ph","name":"CEDAR CENTRAL","owner":"Cuyahoga Metropolitan Housing Authority","addr":"2192 E 30th St","city":"Cleveland","units":27,"btype":"walk-up apartments","status":null,"built":1935,"rad":null,"eld":-4,"dis":-4,"aunits":null,"prog":null,"pop":null,"reac":null,"expires":null,"rentassist":null},"geometry":{"type":"Point","coordinates":[-81.666676000006703,41.497754999190803]}},
{"type":"Feature","properties":{"kind":"ph","name":"CRIMSON TERRACE","owner":"Akron Metropolitan Housing Authority","addr":"19 E Hiram St","city":"Barberton","units":1,"btype":"single-family house","status":null,"built":1918,"rad":null,"eld":-4,"dis":-4,"aunits":null,"prog":null,"pop":null,"reac":null,"expires":null,"rentassist":null},"geometry":{"type":"Point","coordinates":[-81.588721000049702,41.030949998896297]}},
{"type":"Feature","properties":{"kind":"ph","name":"Scattered Sites","owner":"Akron Metropolitan Housing Authority","addr":"912 Lakewood Blvd","city":"Akron","units":1,"btype":"single-family house","status":null,"built":1926,"rad":null,"eld":-4,"dis":-4,"aunits":null,"prog":null,"pop":null,"reac":null,"expires":null,"rentassist":null},"geometry":{"type":"Point","coordinates":[-81.5608009998965,41.056129999133397]}},
{"type":"Feature","properties":{"kind":"ph","name":"Scattered Sites","owner":"Akron Metropolitan Housing Authority","addr":"447 Evers St","city":"Akron","units":1,"btype":"single-family house","status":null,"built":1914,"rad":null,"eld":-4,"dis":-4,"aunits":null,"prog":null,"pop":null,"reac":null,"expires":null,"rentassist":null},"geometry":{"type":"Point","coordinates":[-81.525352000158193,41.101955999264099]}},
{"type":"Feature","properties":{"kind":"ph","name":"Edgewood Village South","owner":"Akron Metropolitan Housing Authority","addr":"430 Berry Ave","city":"Akron","units":3,"btype":"row / townhouse","status":null,"built":2012,"rad":null,"eld":-4,"dis":-4,"aunits":null,"prog":null,"pop":null,"reac":null,"expires":null,"rentassist":null},"geometry":{"type":"Point","coordinates":[-81.541735999824397,41.0713609992318]}},
{"type":"Feature","properties":{"kind":"ph","name":"OUTHWAITE","owner":"Cuyahoga Metropolitan Housing Authority","addr":"2536A E 49th St","city":"Cleveland","units":41,"btype":"row / townhouse","status":null,"built":1937,"rad":null,"eld":11,"dis":18,"aunits":null,"prog":null,"pop":null,"reac":null,"expires":null,"rentassist":null},"geometry":{"type":"Point","coordinates":[-81.654080000060901,41.490109999091402]}},
{"type":"Feature","properties":{"kind":"ph","name":"Scattered Sites","owner":"Akron Metropolitan Housing Authority","addr":"965 Rosamond Ave","city":"Akron","units":1,"btype":"single-family house","status":null,"built":null,"rad":null,"eld":-4,"dis":-4,"aunits":null,"prog":null,"pop":null,"reac":null,"expires":null,"rentassist":null},"geometry":{"type":"Point","coordinates":[-81.562223999578507,41.060813998824798]}},
{"type":"Feature","properties":{"kind":"ph","name":"Cascade Village North","owner":"Akron Metropolitan Housing Authority","addr":"265 Elizabeth Pkwy","city":"Akron","units":2,"btype":"semi-detached / duplex","status":null,"built":2006,"rad":null,"eld":-4,"dis":-4,"aunits":null,"prog":null,"pop":null,"reac":null,"expires":null,"rentassist":null},"geometry":{"type":"Point","coordinates":[-81.512247000399398,41.091848999276799]}},
{"type":"Feature","properties":{"kind":"ph","name":"SOUTHEAST","owner":"Cuyahoga Metropolitan Housing Authority","addr":"1136 E 167th St","city":"Cleveland","units":1,"btype":"single-family house","status":null,"built":null,"rad":null,"eld":-4,"dis":-4,"aunits":null,"prog":null,"pop":null,"reac":null,"expires":null,"rentassist":null},"geometry":{"type":"Point","coordinates":[-81.564432999981307,41.576131999209103]}},
{"type":"Feature","properties":{"kind":"ph","name":"SCRANTON WOODS/CLOVERDALE","owner":"Geauga Metropolitian Housing Authority","addr":"15560 Cloverdale Dr","city":"Middlefield","units":2,"btype":"semi-detached / duplex","status":null,"built":1985,"rad":null,"eld":-4,"dis":-4,"aunits":null,"prog":null,"pop":null,"reac":null,"expires":null,"rentassist":null},"geometry":{"type":"Point","coordinates":[-81.084067999935598,41.452468998858997]}},
{"type":"Feature","properties":{"kind":"ph","name":"Scattered Sites","owner":"Akron Metropolitan Housing Authority","addr":"1174 Jeanie J Ave","city":"Akron","units":1,"btype":"single-family house","status":null,"built":1959,"rad":null,"eld":-4,"dis":-4,"aunits":null,"prog":null,"pop":null,"reac":null,"expires":null,"rentassist":null},"geometry":{"type":"Point","coordinates":[-81.471598000230998,41.104869998832498]}},
{"type":"Feature","properties":{"kind":"ph","name":"SUMMIT LAKE","owner":"Akron Metropolitan Housing Authority","addr":"1296 Roulhac Cir","city":"Akron","units":1,"btype":"single-family house","status":null,"built":1999,"rad":null,"eld":-4,"dis":-4,"aunits":null,"prog":null,"pop":null,"reac":null,"expires":null,"rentassist":null},"geometry":{"type":"Point","coordinates":[-81.557059000206905,41.0683899993683]}},
{"type":"Feature","properties":{"kind":"ph","name":"Valley View","owner":"Akron Metropolitan Housing Authority","addr":"954 Springdale St","city":"Akron","units":6,"btype":"row / townhouse","status":null,"built":1970,"rad":null,"eld":-4,"dis":-4,"aunits":null,"prog":null,"pop":null,"reac":null,"expires":null,"rentassist":null},"geometry":{"type":"Point","coordinates":[-81.521852000317907,41.111077998730401]}},
{"type":"Feature","properties":{"kind":"ph","name":"Edgewood Village South","owner":"Akron Metropolitan Housing Authority","addr":"838 Raymond St","city":"Akron","units":2,"btype":"semi-detached / duplex","status":null,"built":2012,"rad":null,"eld":-4,"dis":-4,"aunits":null,"prog":null,"pop":null,"reac":null,"expires":null,"rentassist":null},"geometry":{"type":"Point","coordinates":[-81.540864999613206,41.070975998820003]}},
{"type":"Feature","properties":{"kind":"ph","name":"Scattered Sites","owner":"Akron Metropolitan Housing Authority","addr":"1021 Herberich Ave","city":"Akron","units":1,"btype":"single-family house","status":null,"built":1931,"rad":null,"eld":-4,"dis":-4,"aunits":null,"prog":null,"pop":null,"reac":null,"expires":null,"rentassist":null},"geometry":{"type":"Point","coordinates":[-81.507692000224793,41.053836999203902]}},
{"type":"Feature","properties":{"kind":"ph","name":"SOUTHEAST","owner":"Cuyahoga Metropolitan Housing Authority","addr":"13713 Horner Ave","city":"Cleveland","units":1,"btype":"single-family house","status":null,"built":null,"rad":null,"eld":-4,"dis":-4,"aunits":null,"prog":null,"pop":null,"reac":null,"expires":null,"rentassist":null},"geometry":{"type":"Point","coordinates":[-81.586705999815706,41.4560099990019]}},
{"type":"Feature","properties":{"kind":"ph","name":"Riverview Replacement","owner":"Cuyahoga Metropolitan Housing Authority","addr":"2381 Castle Ave","city":"Cleveland","units":1,"btype":"single-family house","status":null,"built":null,"rad":null,"eld":-4,"dis":-4,"aunits":null,"prog":null,"pop":null,"reac":null,"expires":null,"rentassist":null},"geometry":{"type":"Point","coordinates":[-81.697279000215602,41.471445999351701]}},
{"type":"Feature","properties":{"kind":"ph","name":"Valley View","owner":"Akron Metropolitan Housing Authority","addr":"917 Springdale St","city":"Akron","units":4,"btype":"row / townhouse","status":null,"built":1970,"rad":null,"eld":-4,"dis":-4,"aunits":null,"prog":null,"pop":null,"reac":null,"expires":null,"rentassist":null},"geometry":{"type":"Point","coordinates":[-81.520976000083806,41.109981998747003]}},
{"type":"Feature","properties":{"kind":"ph","name":"OBERLIN HOMES","owner":"Lorain Metropolitan Housing Authority","addr":"107 Academy Ct Apt","city":"Elyria","units":2,"btype":"semi-detached / duplex","status":null,"built":1996,"rad":null,"eld":-4,"dis":-4,"aunits":null,"prog":null,"pop":null,"reac":null,"expires":null,"rentassist":null},"geometry":{"type":"Point","coordinates":[-82.153606000438202,41.360826999101199]}},
{"type":"Feature","properties":{"kind":"ph","name":"Scattered Sites","owner":"Akron Metropolitan Housing Authority","addr":"545 Fernwood Dr","city":"Akron","units":1,"btype":"single-family house","status":null,"built":null,"rad":null,"eld":-4,"dis":-4,"aunits":null,"prog":null,"pop":null,"reac":null,"expires":null,"rentassist":null},"geometry":{"type":"Point","coordinates":[-81.546880000178007,41.083404999125698]}},
{"type":"Feature","properties":{"kind":"ph","name":"OBERLIN HOMES","owner":"Lorain Metropolitan Housing Authority","addr":"610 E 32nd St Apt","city":"Lorain","units":2,"btype":"semi-detached / duplex","status":null,"built":1996,"rad":null,"eld":-4,"dis":-4,"aunits":null,"prog":null,"pop":null,"reac":null,"expires":null,"rentassist":null},"geometry":{"type":"Point","coordinates":[-82.1580519999345,41.441326999033798]}},
{"type":"Feature","properties":{"kind":"ph","name":"Scattered Sites","owner":"Akron Metropolitan Housing Authority","addr":"512 Ritchie Ave","city":"Akron","units":1,"btype":"single-family house","status":null,"built":null,"rad":null,"eld":-4,"dis":-4,"aunits":null,"prog":null,"pop":null,"reac":null,"expires":null,"rentassist":null},"geometry":{"type":"Point","coordinates":[-81.548857999703799,41.0850329990595]}},
{"type":"Feature","properties":{"kind":"ph","name":"Heritage Homes II (former Garden Valley)","owner":"Cuyahoga Metropolitan Housing Authority","addr":"3019 E 75th St","city":"Cleveland","units":1,"btype":"single-family house","status":null,"built":2011,"rad":null,"eld":-4,"dis":-4,"aunits":null,"prog":null,"pop":null,"reac":null,"expires":null,"rentassist":null},"geometry":{"type":"Point","coordinates":[-81.636528000082507,41.4766719992909]}},
{"type":"Feature","properties":{"kind":"ph","name":"Scattered Sites","owner":"Akron Metropolitan Housing Authority","addr":"1359 Dover Ave","city":"Akron","units":1,"btype":"single-family house","status":null,"built":1971,"rad":null,"eld":-4,"dis":-4,"aunits":null,"prog":null,"pop":null,"reac":null,"expires":null,"rentassist":null},"geometry":{"type":"Point","coordinates":[-81.562459999580099,41.067708998885202]}},
{"type":"Feature","properties":{"kind":"ph","name":"Joy Park","owner":"Akron Metropolitan Housing Authority","addr":"1326 Minson Way","city":"Akron","units":6,"btype":"row / townhouse","status":null,"built":1970,"rad":null,"eld":-4,"dis":-4,"aunits":null,"prog":null,"pop":null,"reac":null,"expires":null,"rentassist":null},"geometry":{"type":"Point","coordinates":[-81.482996999552299,41.057033998973402]}},
{"type":"Feature","properties":{"kind":"ph","name":"Scattered Sites","owner":"Akron Metropolitan Housing Authority","addr":"716 Glendora Ave","city":"Akron","units":1,"btype":"single-family house","status":null,"built":null,"rad":null,"eld":-4,"dis":-4,"aunits":null,"prog":null,"pop":null,"reac":null,"expires":null,"rentassist":null},"geometry":{"type":"Point","coordinates":[-81.561636999947694,41.0863129987546]}},
{"type":"Feature","properties":{"kind":"ph","name":"Cascade Village North","owner":"Akron Metropolitan Housing Authority","addr":"247 Elizabeth Pkwy","city":"Akron","units":2,"btype":"semi-detached / duplex","status":null,"built":2006,"rad":null,"eld":-4,"dis":-4,"aunits":null,"prog":null,"pop":null,"reac":null,"expires":null,"rentassist":null},"geometry":{"type":"Point","coordinates":[-81.512047000382907,41.090980999151803]}},
{"type":"Feature","properties":{"kind":"ph","name":"COLONIAL HILLS","owner":"Akron Metropolitan Housing Authority","addr":"49 Colonial Hills Dr","city":"Akron","units":6,"btype":"row / townhouse","status":null,"built":1967,"rad":null,"eld":-4,"dis":-4,"aunits":null,"prog":null,"pop":null,"reac":null,"expires":null,"rentassist":null},"geometry":{"type":"Point","coordinates":[-81.501720000215897,41.106898998814501]}},
{"type":"Feature","properties":{"kind":"ph","name":"Valley View","owner":"Akron Metropolitan Housing Authority","addr":"934 Springdale St","city":"Akron","units":4,"btype":"row / townhouse","status":null,"built":1970,"rad":null,"eld":-4,"dis":-4,"aunits":null,"prog":null,"pop":null,"reac":null,"expires":null,"rentassist":null},"geometry":{"type":"Point","coordinates":[-81.521934000333701,41.111155999187901]}},
{"type":"Feature","properties":{"kind":"ph","name":"LEAVITT HOMES","owner":"Lorain Metropolitan Housing Authority","addr":"1228 W 8th St Apt","city":"Lorain","units":1,"btype":"single-family house","status":null,"built":1996,"rad":null,"eld":-4,"dis":-4,"aunits":null,"prog":null,"pop":null,"reac":null,"expires":null,"rentassist":null},"geometry":{"type":"Point","coordinates":[-82.186501999817096,41.461661999274199]}},
{"type":"Feature","properties":{"kind":"ph","name":"Scattered Sites","owner":"Akron Metropolitan Housing Authority","addr":"468 Fernwood Dr","city":"Akron","units":1,"btype":"single-family house","status":null,"built":1926,"rad":null,"eld":-4,"dis":-4,"aunits":null,"prog":null,"pop":null,"reac":null,"expires":null,"rentassist":null},"geometry":{"type":"Point","coordinates":[-81.544520000162507,41.085944998755302]}},
{"type":"Feature","properties":{"kind":"ph","name":"VAN BUREN HOMES","owner":"Akron Metropolitan Housing Authority","addr":"113 Iowa Pl","city":"Barberton","units":3,"btype":"row / townhouse","status":null,"built":1972,"rad":null,"eld":-4,"dis":-4,"aunits":null,"prog":null,"pop":null,"reac":null,"expires":null,"rentassist":null},"geometry":{"type":"Point","coordinates":[-81.599386000325396,41.006630999060199]}},
{"type":"Feature","properties":{"kind":"ph","name":"Oberlin Homes LIHTC","owner":"Lorain Metropolitan Housing Authority","addr":"166 N Park St Apt","city":"Oberlin","units":2,"btype":"semi-detached / duplex","status":null,"built":1966,"rad":null,"eld":-4,"dis":-4,"aunits":null,"prog":null,"pop":null,"reac":null,"expires":null,"rentassist":null},"geometry":{"type":"Point","coordinates":[-82.212318999872707,41.295623999250402]}},
{"type":"Feature","properties":{"kind":"ph","name":"Lee Road and Belmore Elderly","owner":"Cuyahoga Metropolitan Housing Authority","addr":"14028 Euclid Ave","city":"East Cleveland","units":39,"btype":"elevator high-rise","status":null,"built":2013,"rad":null,"eld":100,"dis":70,"aunits":null,"prog":null,"pop":null,"reac":null,"expires":null,"rentassist":null},"geometry":{"type":"Point","coordinates":[-81.585076000444403,41.527172998824497]}},
{"type":"Feature","properties":{"kind":"ph","name":"SOUTHEAST","owner":"Cuyahoga Metropolitan Housing Authority","addr":"7900 Broadway Ave","city":"Cleveland","units":2,"btype":"semi-detached / duplex","status":"demolition/disposition proposed","built":null,"rad":"PBRA","eld":-4,"dis":-4,"aunits":null,"prog":null,"pop":null,"reac":null,"expires":null,"rentassist":null},"geometry":{"type":"Point","coordinates":[-81.632812000332095,41.452891999198101]}},
{"type":"Feature","properties":{"kind":"ph","name":"NEAR WEST","owner":"Cuyahoga Metropolitan Housing Authority","addr":"2440 W 5th St","city":"Cleveland","units":2,"btype":"semi-detached / duplex","status":"demolition/disposition draft","built":1990,"rad":null,"eld":-4,"dis":-4,"aunits":null,"prog":null,"pop":null,"reac":null,"expires":null,"rentassist":null},"geometry":{"type":"Point","coordinates":[-81.679834000367293,41.479705998973202]}},
{"type":"Feature","properties":{"kind":"ph","name":"Riverview Replacement","owner":"Cuyahoga Metropolitan Housing Authority","addr":"3314 W 95th St","city":"Cleveland","units":1,"btype":"single-family house","status":"demolition/disposition approved","built":null,"rad":null,"eld":-4,"dis":-4,"aunits":null,"prog":null,"pop":null,"reac":null,"expires":null,"rentassist":null},"geometry":{"type":"Point","coordinates":[-81.748920999824406,41.4637149993656]}},
{"type":"Feature","properties":{"kind":"ph","name":"Gordon Square","owner":"Cuyahoga Metropolitan Housing Authority","addr":"7001 Detroit Ave","city":"Cleveland","units":11,"btype":"walk-up apartments","status":null,"built":null,"rad":null,"eld":-4,"dis":-4,"aunits":null,"prog":null,"pop":null,"reac":null,"expires":null,"rentassist":null},"geometry":{"type":"Point","coordinates":[-81.733348999919897,41.483066998984299]}},
{"type":"Feature","properties":{"kind":"ph","name":"Scattered Sites","owner":"Akron Metropolitan Housing Authority","addr":"871 Lindsay Ave","city":"Akron","units":1,"btype":"single-family house","status":null,"built":1962,"rad":null,"eld":-4,"dis":-4,"aunits":null,"prog":null,"pop":null,"reac":null,"expires":null,"rentassist":null},"geometry":{"type":"Point","coordinates":[-81.495492999939003,41.042336999325599]}},
{"type":"Feature","properties":{"kind":"ph","name":"Scattered Sites","owner":"Akron Metropolitan Housing Authority","addr":"1235 Welton Ave","city":"Akron","units":1,"btype":"single-family house","status":null,"built":null,"rad":null,"eld":-4,"dis":-4,"aunits":null,"prog":null,"pop":null,"reac":null,"expires":null,"rentassist":null},"geometry":{"type":"Point","coordinates":[-81.482307999814196,41.048362998757]}},
{"type":"Feature","properties":{"kind":"ph","name":"Valley View","owner":"Akron Metropolitan Housing Authority","addr":"925 Garfield St","city":"Akron","units":4,"btype":"row / townhouse","status":null,"built":1970,"rad":null,"eld":-4,"dis":-4,"aunits":null,"prog":null,"pop":null,"reac":null,"expires":null,"rentassist":null},"geometry":{"type":"Point","coordinates":[-81.520186000063305,41.108842999384002]}},
{"type":"Feature","properties":{"kind":"ph","name":"Scattered Sites","owner":"Akron Metropolitan Housing Authority","addr":"603 Fulmer Ave","city":"Akron","units":1,"btype":"single-family house","status":null,"built":1966,"rad":null,"eld":-4,"dis":-4,"aunits":null,"prog":null,"pop":null,"reac":null,"expires":null,"rentassist":null},"geometry":{"type":"Point","coordinates":[-81.459282999594294,41.045168998994598]}},
{"type":"Feature","properties":{"kind":"ph","name":"SUMMIT LAKE","owner":"Akron Metropolitan Housing Authority","addr":"390 W Miller Ave","city":"Akron","units":8,"btype":"walk-up apartments","status":null,"built":1965,"rad":null,"eld":-4,"dis":-4,"aunits":null,"prog":null,"pop":null,"reac":null,"expires":null,"rentassist":null},"geometry":{"type":"Point","coordinates":[-81.542970000258904,41.055383998751402]}},
{"type":"Feature","properties":{"kind":"ph","name":"Scattered Sites","owner":"Akron Metropolitan Housing Authority","addr":"74 W Tallmadge Ave","city":"Akron","units":1,"btype":"single-family house","status":null,"built":1941,"rad":null,"eld":-4,"dis":-4,"aunits":null,"prog":null,"pop":null,"reac":null,"expires":null,"rentassist":null},"geometry":{"type":"Point","coordinates":[-81.518389000287499,41.101918998951199]}},
{"type":"Feature","properties":{"kind":"ph","name":"Edgewood Village South","owner":"Akron Metropolitan Housing Authority","addr":"437 W Bartges St","city":"Akron","units":2,"btype":"semi-detached / duplex","status":null,"built":2012,"rad":null,"eld":-4,"dis":-4,"aunits":null,"prog":null,"pop":null,"reac":null,"expires":null,"rentassist":null},"geometry":{"type":"Point","coordinates":[-81.5420220000547,41.070694999222901]}},
{"type":"Feature","properties":{"kind":"ph","name":"Scattered Sites","owner":"Akron Metropolitan Housing Authority","addr":"1773 Shaw Ave","city":"Akron","units":1,"btype":"single-family house","status":null,"built":1928,"rad":null,"eld":-4,"dis":-4,"aunits":null,"prog":null,"pop":null,"reac":null,"expires":null,"rentassist":null},"geometry":{"type":"Point","coordinates":[-81.464376999719093,41.066943998759299]}},
{"type":"Feature","properties":{"kind":"ph","name":"Spicer Terrace","owner":"Akron Metropolitan Housing Authority","addr":"502 Spicer St","city":"Akron","units":12,"btype":"walk-up apartments","status":null,"built":2016,"rad":null,"eld":-4,"dis":-4,"aunits":null,"prog":null,"pop":null,"reac":null,"expires":null,"rentassist":null},"geometry":{"type":"Point","coordinates":[-81.508368000442402,41.068004999168103]}},
{"type":"Feature","properties":{"kind":"ph","name":"SCRANTON WOODS/CLOVERDALE","owner":"Geauga Metropolitian Housing Authority","addr":"11001 Dianne Dr","city":"Newbury","units":4,"btype":"row / townhouse","status":null,"built":1985,"rad":null,"eld":-4,"dis":-4,"aunits":null,"prog":null,"pop":null,"reac":null,"expires":null,"rentassist":null},"geometry":{"type":"Point","coordinates":[-81.246597999588602,41.471948999224402]}},
{"type":"Feature","properties":{"kind":"ph","name":"COLONIAL HILLS","owner":"Akron Metropolitan Housing Authority","addr":"97 Colonial Hills Dr","city":"Akron","units":6,"btype":"row / townhouse","status":null,"built":1967,"rad":null,"eld":-4,"dis":-4,"aunits":null,"prog":null,"pop":null,"reac":null,"expires":null,"rentassist":null},"geometry":{"type":"Point","coordinates":[-81.501249999862694,41.1068939988022]}},
{"type":"Feature","properties":{"kind":"ph","name":"Oberlin Homes LIHTC","owner":"Lorain Metropolitan Housing Authority","addr":"226 S Park St Apt","city":"Oberlin","units":2,"btype":"semi-detached / duplex","status":null,"built":1966,"rad":null,"eld":-4,"dis":-4,"aunits":null,"prog":null,"pop":null,"reac":null,"expires":null,"rentassist":null},"geometry":{"type":"Point","coordinates":[-82.2126860002938,41.285650999283398]}},
{"type":"Feature","properties":{"kind":"ph","name":"SUMMIT LAKE","owner":"Akron Metropolitan Housing Authority","addr":"349 W Miller Ave","city":"Akron","units":10,"btype":"row / townhouse","status":null,"built":1965,"rad":null,"eld":-4,"dis":-4,"aunits":null,"prog":null,"pop":null,"reac":null,"expires":null,"rentassist":null},"geometry":{"type":"Point","coordinates":[-81.5414610003631,41.056540999168099]}},
{"type":"Feature","properties":{"kind":"ph","name":"Riverview Replacement","owner":"Cuyahoga Metropolitan Housing Authority","addr":"4505 W 12th St","city":"Cleveland","units":1,"btype":"single-family house","status":null,"built":null,"rad":null,"eld":-4,"dis":-4,"aunits":null,"prog":null,"pop":null,"reac":null,"expires":null,"rentassist":null},"geometry":{"type":"Point","coordinates":[-81.688964999734594,41.434589999260702]}},
{"type":"Feature","properties":{"kind":"ph","name":"SOUTHEAST","owner":"Cuyahoga Metropolitan Housing Authority","addr":"2454 Greenvale Rd","city":"South Euclid","units":1,"btype":"single-family house","status":null,"built":null,"rad":null,"eld":-4,"dis":-4,"aunits":null,"prog":null,"pop":null,"reac":null,"expires":null,"rentassist":null},"geometry":{"type":"Point","coordinates":[-81.542514000149296,41.548220999208702]}},
{"type":"Feature","properties":{"kind":"ph","name":"Scattered Sites","owner":"Akron Metropolitan Housing Authority","addr":"1100 Delia Ave","city":"Akron","units":3,"btype":"row / townhouse","status":null,"built":null,"rad":null,"eld":-4,"dis":-4,"aunits":null,"prog":null,"pop":null,"reac":null,"expires":null,"rentassist":null},"geometry":{"type":"Point","coordinates":[-81.555663000289002,41.092175999178103]}},
{"type":"Feature","properties":{"kind":"ph","name":"Riverview Replacement","owner":"Cuyahoga Metropolitan Housing Authority","addr":"10915 Dixon Rd","city":"Cleveland","units":1,"btype":"single-family house","status":null,"built":1928,"rad":null,"eld":-4,"dis":-4,"aunits":null,"prog":null,"pop":null,"reac":null,"expires":null,"rentassist":null},"geometry":{"type":"Point","coordinates":[-81.761751999946796,41.448558999350197]}},
{"type":"Feature","properties":{"kind":"ph","name":"East Side Neighborhood Homes","owner":"Cuyahoga Metropolitan Housing Authority","addr":"7214 Chamberlain Ave","city":"Cleveland","units":1,"btype":"single-family house","status":null,"built":2005,"rad":null,"eld":-4,"dis":-4,"aunits":null,"prog":null,"pop":null,"reac":null,"expires":null,"rentassist":null},"geometry":{"type":"Point","coordinates":[-81.638180999918205,41.495038999246297]}},
{"type":"Feature","properties":{"kind":"ph","name":"Valley View","owner":"Akron Metropolitan Housing Authority","addr":"978 Springdale St","city":"Akron","units":6,"btype":"row / townhouse","status":null,"built":1970,"rad":null,"eld":-4,"dis":-4,"aunits":null,"prog":null,"pop":null,"reac":null,"expires":null,"rentassist":null},"geometry":{"type":"Point","coordinates":[-81.521485999721705,41.111257998969499]}},
{"type":"Feature","properties":{"kind":"ph","name":"OBERLIN HOMES","owner":"Lorain Metropolitan Housing Authority","addr":"358 S Main St Apt","city":"Oberlin","units":1,"btype":"single-family house","status":null,"built":1966,"rad":null,"eld":-4,"dis":-4,"aunits":null,"prog":null,"pop":null,"reac":null,"expires":null,"rentassist":null},"geometry":{"type":"Point","coordinates":[-82.217705000075597,41.281799998922402]}},
{"type":"Feature","properties":{"kind":"ph","name":"Scattered Sites","owner":"Akron Metropolitan Housing Authority","addr":"2020 Elmwood Ave","city":"Stow","units":1,"btype":"single-family house","status":null,"built":1990,"rad":null,"eld":-4,"dis":-4,"aunits":null,"prog":null,"pop":null,"reac":null,"expires":null,"rentassist":null},"geometry":{"type":"Point","coordinates":[-81.435531000001404,41.1629719993431]}},
{"type":"Feature","properties":{"kind":"ph","name":"EASTSIDE","owner":"Cuyahoga Metropolitan Housing Authority","addr":"2455 Baldwin Rd","city":"Cleveland","units":2,"btype":"semi-detached / duplex","status":"demolition/disposition proposed","built":1972,"rad":"PBRA","eld":-4,"dis":-4,"aunits":null,"prog":null,"pop":null,"reac":null,"expires":null,"rentassist":null},"geometry":{"type":"Point","coordinates":[-81.610615999592298,41.491647999269702]}},
{"type":"Feature","properties":{"kind":"ph","name":"Heritage Homes III (former Garden Valley","owner":"Cuyahoga Metropolitan Housing Authority","addr":"7220 Port Ave","city":"Cleveland","units":1,"btype":"single-family house","status":null,"built":2011,"rad":null,"eld":-4,"dis":-4,"aunits":null,"prog":null,"pop":null,"reac":null,"expires":null,"rentassist":null},"geometry":{"type":"Point","coordinates":[-81.638731999564101,41.477641999107703]}},
{"type":"Feature","properties":{"kind":"ph","name":"Scattered Sites","owner":"Akron Metropolitan Housing Authority","addr":"816 Huber St","city":"Akron","units":1,"btype":"single-family house","status":null,"built":1975,"rad":null,"eld":-4,"dis":-4,"aunits":null,"prog":null,"pop":null,"reac":null,"expires":null,"rentassist":null},"geometry":{"type":"Point","coordinates":[-81.487046000286895,41.046575999110203]}},
{"type":"Feature","properties":{"kind":"ph","name":"Riverview Replacement","owner":"Cuyahoga Metropolitan Housing Authority","addr":"3141 W 56th St","city":"Cleveland","units":1,"btype":"single-family house","status":null,"built":null,"rad":null,"eld":-4,"dis":-4,"aunits":null,"prog":null,"pop":null,"reac":null,"expires":null,"rentassist":null},"geometry":{"type":"Point","coordinates":[-81.724369000165396,41.468379998951001]}},
{"type":"Feature","properties":{"kind":"ph","name":"VAN BUREN HOMES","owner":"Akron Metropolitan Housing Authority","addr":"471 Pasadena Pl","city":"Barberton","units":4,"btype":"row / townhouse","status":null,"built":1972,"rad":null,"eld":-4,"dis":-4,"aunits":null,"prog":null,"pop":null,"reac":null,"expires":null,"rentassist":null},"geometry":{"type":"Point","coordinates":[-81.598592999931896,41.004527998937697]}},
{"type":"Feature","properties":{"kind":"ph","name":"Edgewood Village 4","owner":"Akron Metropolitan Housing Authority","addr":"711 Raymond St","city":"Akron","units":1,"btype":"single-family house","status":null,"built":null,"rad":null,"eld":-4,"dis":-4,"aunits":null,"prog":null,"pop":null,"reac":null,"expires":null,"rentassist":null},"geometry":{"type":"Point","coordinates":[-81.5421579995988,41.074138998786403]}},
{"type":"Feature","properties":{"kind":"ph","name":"Riverview Replacement","owner":"Cuyahoga Metropolitan Housing Authority","addr":"4125 W 130th St","city":"Cleveland","units":1,"btype":"single-family house","status":null,"built":null,"rad":null,"eld":-4,"dis":-4,"aunits":null,"prog":null,"pop":null,"reac":null,"expires":null,"rentassist":null},"geometry":{"type":"Point","coordinates":[-81.7795819997596,41.442395999153298]}},
{"type":"Feature","properties":{"kind":"ph","name":"Gordon Square","owner":"Cuyahoga Metropolitan Housing Authority","addr":"6517 Detroit Ave","city":"Cleveland","units":2,"btype":"walk-up apartments","status":null,"built":null,"rad":null,"eld":-4,"dis":-4,"aunits":null,"prog":null,"pop":null,"reac":null,"expires":null,"rentassist":null},"geometry":{"type":"Point","coordinates":[-81.730737000009299,41.483755999152599]}},
{"type":"Feature","properties":{"kind":"ph","name":"East Side Neighborhood Homes","owner":"Cuyahoga Metropolitan Housing Authority","addr":"7210 Chamberlain Ave","city":"Cleveland","units":1,"btype":"single-family house","status":null,"built":2005,"rad":null,"eld":-4,"dis":-4,"aunits":null,"prog":null,"pop":null,"reac":null,"expires":null,"rentassist":null},"geometry":{"type":"Point","coordinates":[-81.638206999857502,41.495038999246297]}},
{"type":"Feature","properties":{"kind":"ph","name":"EASTSIDE","owner":"Cuyahoga Metropolitan Housing Authority","addr":"10606 Woodland Ave","city":"Cleveland","units":5,"btype":"row / townhouse","status":"demolition/disposition proposed","built":1972,"rad":"PBRA","eld":-4,"dis":-4,"aunits":null,"prog":null,"pop":null,"reac":null,"expires":null,"rentassist":null},"geometry":{"type":"Point","coordinates":[-81.612543999787704,41.488161999154897]}},
{"type":"Feature","properties":{"kind":"ph","name":"Riverview Replacement","owner":"Cuyahoga Metropolitan Housing Authority","addr":"3524 Trowbridge Ave","city":"Cleveland","units":1,"btype":"single-family house","status":null,"built":1903,"rad":null,"eld":-4,"dis":-4,"aunits":null,"prog":null,"pop":null,"reac":null,"expires":null,"rentassist":null},"geometry":{"type":"Point","coordinates":[-81.707880999843795,41.461898999019297]}},
{"type":"Feature","properties":{"kind":"ph","name":"Scattered Sites","owner":"Akron Metropolitan Housing Authority","addr":"1012 Pardee Ave","city":"Akron","units":1,"btype":"single-family house","status":null,"built":null,"rad":null,"eld":-4,"dis":-4,"aunits":null,"prog":null,"pop":null,"reac":null,"expires":null,"rentassist":null},"geometry":{"type":"Point","coordinates":[-81.492383000085994,41.052758999226299]}},
{"type":"Feature","properties":{"kind":"ph","name":"East Side Neighborhood Homes","owner":"Cuyahoga Metropolitan Housing Authority","addr":"6943 Colfax Rd","city":"Cleveland","units":1,"btype":"single-family house","status":null,"built":2005,"rad":null,"eld":-4,"dis":-4,"aunits":null,"prog":null,"pop":null,"reac":null,"expires":null,"rentassist":null},"geometry":{"type":"Point","coordinates":[-81.640033999770594,41.481999998936203]}},
{"type":"Feature","properties":{"kind":"ph","name":"Riverview Replacement","owner":"Cuyahoga Metropolitan Housing Authority","addr":"11521 Fidelity Ave","city":"Cleveland","units":2,"btype":"semi-detached / duplex","status":null,"built":null,"rad":null,"eld":-4,"dis":-4,"aunits":null,"prog":null,"pop":null,"reac":null,"expires":null,"rentassist":null},"geometry":{"type":"Point","coordinates":[-81.767718000107905,41.461270998829796]}},
{"type":"Feature","properties":{"kind":"ph","name":"Joy Park","owner":"Akron Metropolitan Housing Authority","addr":"1290 Minson Way","city":"Akron","units":4,"btype":"row / townhouse","status":null,"built":1970,"rad":null,"eld":-4,"dis":-4,"aunits":null,"prog":null,"pop":null,"reac":null,"expires":null,"rentassist":null},"geometry":{"type":"Point","coordinates":[-81.482996999552299,41.057047999065098]}},
{"type":"Feature","properties":{"kind":"ph","name":"Cascade Village North","owner":"Akron Metropolitan Housing Authority","addr":"240 E Lods St","city":"Akron","units":2,"btype":"semi-detached / duplex","status":null,"built":2006,"rad":null,"eld":-4,"dis":-4,"aunits":null,"prog":null,"pop":null,"reac":null,"expires":null,"rentassist":null},"geometry":{"type":"Point","coordinates":[-81.507739000080406,41.091939999029798]}},
{"type":"Feature","properties":{"kind":"ph","name":"SOUTHEAST","owner":"Cuyahoga Metropolitan Housing Authority","addr":"11721 Continental Ave","city":"Cleveland","units":1,"btype":"single-family house","status":null,"built":null,"rad":null,"eld":-4,"dis":-4,"aunits":null,"prog":null,"pop":null,"reac":null,"expires":null,"rentassist":null},"geometry":{"type":"Point","coordinates":[-81.601618000294394,41.476351999296099]}},
{"type":"Feature","properties":{"kind":"ph","name":"Riverview Replacement","owner":"Cuyahoga Metropolitan Housing Authority","addr":"10900 Flower Ave","city":"Cleveland","units":1,"btype":"single-family house","status":null,"built":null,"rad":null,"eld":-4,"dis":-4,"aunits":null,"prog":null,"pop":null,"reac":null,"expires":null,"rentassist":null},"geometry":{"type":"Point","coordinates":[-81.762624999807898,41.453722999028003]}},
{"type":"Feature","properties":{"kind":"ph","name":"Scattered Sites","owner":"Akron Metropolitan Housing Authority","addr":"1571 White Ave","city":"Akron","units":1,"btype":"single-family house","status":null,"built":1930,"rad":null,"eld":-4,"dis":-4,"aunits":null,"prog":null,"pop":null,"reac":null,"expires":null,"rentassist":null},"geometry":{"type":"Point","coordinates":[-81.5625230002276,41.062902999125797]}},
{"type":"Feature","properties":{"kind":"ph","name":"SCRANTON WOODS/CLOVERDALE","owner":"Geauga Metropolitian Housing Authority","addr":"15501 Cloverdale Dr","city":"Middlefield","units":2,"btype":"semi-detached / duplex","status":null,"built":1985,"rad":null,"eld":-4,"dis":-4,"aunits":null,"prog":null,"pop":null,"reac":null,"expires":null,"rentassist":null},"geometry":{"type":"Point","coordinates":[-81.088363999644102,41.452139999306702]}},
{"type":"Feature","properties":{"kind":"ph","name":"Scattered Sites","owner":"Akron Metropolitan Housing Authority","addr":"1110 Juneau Ave","city":"Akron","units":1,"btype":"single-family house","status":null,"built":null,"rad":null,"eld":-4,"dis":-4,"aunits":null,"prog":null,"pop":null,"reac":null,"expires":null,"rentassist":null},"geometry":{"type":"Point","coordinates":[-81.575882000429701,41.078177998954601]}},
{"type":"Feature","properties":{"kind":"ph","name":"COLONIAL HILLS","owner":"Akron Metropolitan Housing Authority","addr":"113 Colonial Hills Dr","city":"Akron","units":6,"btype":"row / townhouse","status":null,"built":1967,"rad":null,"eld":-4,"dis":-4,"aunits":null,"prog":null,"pop":null,"reac":null,"expires":null,"rentassist":null},"geometry":{"type":"Point","coordinates":[-81.502130000294798,41.107230998914801]}},
{"type":"Feature","properties":{"kind":"ph","name":"LAKEVIEW PLAZA","owner":"Lorain Metropolitan Housing Authority","addr":"1751 Livingston Ave Apt","city":"Lorain","units":4,"btype":"row / townhouse","status":null,"built":1966,"rad":null,"eld":-4,"dis":-4,"aunits":null,"prog":null,"pop":null,"reac":null,"expires":null,"rentassist":null},"geometry":{"type":"Point","coordinates":[-82.168076000152695,41.454921998731102]}},
{"type":"Feature","properties":{"kind":"ph","name":"Scattered Sites","owner":"Akron Metropolitan Housing Authority","addr":"941 Chinook Ave","city":"Akron","units":1,"btype":"single-family house","status":null,"built":1975,"rad":null,"eld":-4,"dis":-4,"aunits":null,"prog":null,"pop":null,"reac":null,"expires":null,"rentassist":null},"geometry":{"type":"Point","coordinates":[-81.470535000399096,41.0896329993965]}},
{"type":"Feature","properties":{"kind":"ph","name":"Joy Park","owner":"Akron Metropolitan Housing Authority","addr":"1268 McMillan Cir","city":"Akron","units":4,"btype":"row / townhouse","status":null,"built":1970,"rad":null,"eld":-4,"dis":-4,"aunits":null,"prog":null,"pop":null,"reac":null,"expires":null,"rentassist":null},"geometry":{"type":"Point","coordinates":[-81.484539999783195,41.0555209987956]}},
{"type":"Feature","properties":{"kind":"ph","name":"Cascade Village East/West","owner":"Akron Metropolitan Housing Authority","addr":"231 E North St","city":"Akron","units":3,"btype":"row / townhouse","status":null,"built":2009,"rad":null,"eld":-4,"dis":-4,"aunits":null,"prog":null,"pop":null,"reac":null,"expires":null,"rentassist":null},"geometry":{"type":"Point","coordinates":[-81.507927000401395,41.089916999253902]}},
{"type":"Feature","properties":{"kind":"ph","name":"LEAVITT HOMES","owner":"Lorain Metropolitan Housing Authority","addr":"1100 Highland Park Blvd Apt","city":"Lorain","units":1,"btype":"single-family house","status":null,"built":1996,"rad":null,"eld":-4,"dis":-4,"aunits":null,"prog":null,"pop":null,"reac":null,"expires":null,"rentassist":null},"geometry":{"type":"Point","coordinates":[-82.184565000299202,41.4449519988693]}},
{"type":"Feature","properties":{"kind":"ph","name":"PINEWOOD GARDENS","owner":"Akron Metropolitan Housing Authority","addr":"8808 Ray Ct Apt 1","city":"Twinsburg","units":8,"btype":"walk-up apartments","status":null,"built":1980,"rad":null,"eld":-4,"dis":-4,"aunits":null,"prog":null,"pop":null,"reac":null,"expires":null,"rentassist":null},"geometry":{"type":"Point","coordinates":[-81.458650999757594,41.308857999314696]}},
{"type":"Feature","properties":{"kind":"ph","name":"Scattered Sites","owner":"Akron Metropolitan Housing Authority","addr":"375 Storer Ave","city":"Akron","units":4,"btype":"row / townhouse","status":null,"built":null,"rad":null,"eld":-4,"dis":-4,"aunits":null,"prog":null,"pop":null,"reac":null,"expires":null,"rentassist":null},"geometry":{"type":"Point","coordinates":[-81.556048000253497,41.091698998895502]}},
{"type":"Feature","properties":{"kind":"ph","name":"Joy Park","owner":"Akron Metropolitan Housing Authority","addr":"1378 Minson Way","city":"Akron","units":4,"btype":"row / townhouse","status":null,"built":1970,"rad":null,"eld":-4,"dis":-4,"aunits":null,"prog":null,"pop":null,"reac":null,"expires":null,"rentassist":null},"geometry":{"type":"Point","coordinates":[-81.482996999552299,41.057012998830402]}},
{"type":"Feature","properties":{"kind":"ph","name":"OBERLIN HOMES","owner":"Lorain Metropolitan Housing Authority","addr":"4965 Clifton Ave Apt","city":"Lorain","units":1,"btype":"single-family house","status":null,"built":1997,"rad":null,"eld":-4,"dis":-4,"aunits":null,"prog":null,"pop":null,"reac":null,"expires":null,"rentassist":null},"geometry":{"type":"Point","coordinates":[-82.156179999815606,41.422692999149497]}},
{"type":"Feature","properties":{"kind":"ph","name":"HONEY LOCUST GARDEN","owner":"Akron Metropolitan Housing Authority","addr":"3233 Prange Dr","city":"Cuyahoga Falls","units":16,"btype":"walk-up apartments","status":null,"built":1981,"rad":null,"eld":8,"dis":15,"aunits":null,"prog":null,"pop":null,"reac":null,"expires":null,"rentassist":null},"geometry":{"type":"Point","coordinates":[-81.501117999618202,41.1542339988614]}},
{"type":"Feature","properties":{"kind":"ph","name":"SOUTHEAST","owner":"Cuyahoga Metropolitan Housing Authority","addr":"1962 Green Rd","city":"South Euclid","units":1,"btype":"single-family house","status":null,"built":null,"rad":null,"eld":-4,"dis":-4,"aunits":null,"prog":null,"pop":null,"reac":null,"expires":null,"rentassist":null},"geometry":{"type":"Point","coordinates":[-81.546312999740294,41.554240998865502]}},
{"type":"Feature","properties":{"kind":"ph","name":"Scattered Sites","owner":"Akron Metropolitan Housing Authority","addr":"1005 Cree Ave","city":"Akron","units":1,"btype":"single-family house","status":null,"built":1975,"rad":null,"eld":-4,"dis":-4,"aunits":null,"prog":null,"pop":null,"reac":null,"expires":null,"rentassist":null},"geometry":{"type":"Point","coordinates":[-81.468517999616907,41.091508998868697]}},
{"type":"Feature","properties":{"kind":"ph","name":"Scattered Sites","owner":"Akron Metropolitan Housing Authority","addr":"876 Stadelman Ave","city":"Akron","units":1,"btype":"single-family house","status":null,"built":1918,"rad":null,"eld":-4,"dis":-4,"aunits":null,"prog":null,"pop":null,"reac":null,"expires":null,"rentassist":null},"geometry":{"type":"Point","coordinates":[-81.548087999774907,41.090465999018903]}},
{"type":"Feature","properties":{"kind":"ph","name":"Scattered Sites","owner":"Akron Metropolitan Housing Authority","addr":"984 Kickapoo Ave","city":"Akron","units":1,"btype":"single-family house","status":null,"built":1975,"rad":null,"eld":-4,"dis":-4,"aunits":null,"prog":null,"pop":null,"reac":null,"expires":null,"rentassist":null},"geometry":{"type":"Point","coordinates":[-81.469988999877799,41.090371999305603]}},
{"type":"Feature","properties":{"kind":"ph","name":"Heritage Homes III (former Garden Valley","owner":"Cuyahoga Metropolitan Housing Authority","addr":"7208 Port Ave","city":"Cleveland","units":1,"btype":"single-family house","status":null,"built":2011,"rad":null,"eld":-4,"dis":-4,"aunits":null,"prog":null,"pop":null,"reac":null,"expires":null,"rentassist":null},"geometry":{"type":"Point","coordinates":[-81.638401999851197,41.4776619988818]}},
{"type":"Feature","properties":{"kind":"ph","name":"HONEY LOCUST GARDEN","owner":"Akron Metropolitan Housing Authority","addr":"3201 Prange Dr","city":"Cuyahoga Falls","units":8,"btype":"walk-up apartments","status":null,"built":1981,"rad":null,"eld":-4,"dis":-4,"aunits":null,"prog":null,"pop":null,"reac":null,"expires":null,"rentassist":null},"geometry":{"type":"Point","coordinates":[-81.501105000097695,41.154105998889797]}},
{"type":"Feature","properties":{"kind":"ph","name":"Scattered Sites","owner":"Akron Metropolitan Housing Authority","addr":"2728 6th St","city":"Cuyahoga Falls","units":1,"btype":"single-family house","status":null,"built":1924,"rad":null,"eld":-4,"dis":-4,"aunits":null,"prog":null,"pop":null,"reac":null,"expires":null,"rentassist":null},"geometry":{"type":"Point","coordinates":[-81.4903949996162,41.147045999126398]}},
{"type":"Feature","properties":{"kind":"ph","name":"Edgewood Village 5","owner":"Akron Metropolitan Housing Authority","addr":"491 Vernon Odom Blvd","city":"Akron","units":48,"btype":"elevator high-rise","status":null,"built":2012,"rad":null,"eld":83,"dis":69,"aunits":null,"prog":null,"pop":null,"reac":null,"expires":null,"rentassist":null},"geometry":{"type":"Point","coordinates":[-81.540626999961802,41.072839999001502]}},
{"type":"Feature","properties":{"kind":"ph","name":"Edgewood Village I","owner":"Akron Metropolitan Housing Authority","addr":"706 Edgewood Ave","city":"Akron","units":2,"btype":"semi-detached / duplex","status":null,"built":null,"rad":null,"eld":-4,"dis":-4,"aunits":null,"prog":null,"pop":null,"reac":null,"expires":null,"rentassist":null},"geometry":{"type":"Point","coordinates":[-81.539937000398794,41.0745869988476]}},
{"type":"Feature","properties":{"kind":"ph","name":"Cascade Village East/West","owner":"Akron Metropolitan Housing Authority","addr":"253 E North St","city":"Akron","units":2,"btype":"semi-detached / duplex","status":null,"built":2009,"rad":null,"eld":-4,"dis":-4,"aunits":null,"prog":null,"pop":null,"reac":null,"expires":null,"rentassist":null},"geometry":{"type":"Point","coordinates":[-81.507043999596306,41.089704998961601]}},
{"type":"Feature","properties":{"kind":"ph","name":"Cascade Village South","owner":"Akron Metropolitan Housing Authority","addr":"247 Spring St","city":"Akron","units":2,"btype":"semi-detached / duplex","status":null,"built":2008,"rad":null,"eld":-4,"dis":-4,"aunits":null,"prog":null,"pop":null,"reac":null,"expires":null,"rentassist":null},"geometry":{"type":"Point","coordinates":[-81.5128139999387,41.0903059990233]}},
{"type":"Feature","properties":{"kind":"ph","name":"SUMMIT LAKE","owner":"Akron Metropolitan Housing Authority","addr":"346 W Miller Ave","city":"Akron","units":12,"btype":"row / townhouse","status":null,"built":1965,"rad":null,"eld":-4,"dis":-4,"aunits":null,"prog":null,"pop":null,"reac":null,"expires":null,"rentassist":null},"geometry":{"type":"Point","coordinates":[-81.541642999938006,41.0562179987405]}},
{"type":"Feature","properties":{"kind":"ph","name":"Scattered Sites","owner":"Akron Metropolitan Housing Authority","addr":"725 Lovers Ln","city":"Akron","units":1,"btype":"single-family house","status":null,"built":1920,"rad":null,"eld":-4,"dis":-4,"aunits":null,"prog":null,"pop":null,"reac":null,"expires":null,"rentassist":null},"geometry":{"type":"Point","coordinates":[-81.502617000366499,41.054622998938697]}},
{"type":"Feature","properties":{"kind":"ph","name":"Riverview Replacement","owner":"Cuyahoga Metropolitan Housing Authority","addr":"3118 W 90th St","city":"Cleveland","units":1,"btype":"single-family house","status":null,"built":null,"rad":null,"eld":-4,"dis":-4,"aunits":null,"prog":null,"pop":null,"reac":null,"expires":null,"rentassist":null},"geometry":{"type":"Point","coordinates":[-81.745995999919302,41.468741998784097]}},
{"type":"Feature","properties":{"kind":"ph","name":"East Side Neighborhood Homes","owner":"Cuyahoga Metropolitan Housing Authority","addr":"2909 Minnie Ave","city":"Cleveland","units":1,"btype":"single-family house","status":null,"built":2005,"rad":null,"eld":-4,"dis":-4,"aunits":null,"prog":null,"pop":null,"reac":null,"expires":null,"rentassist":null},"geometry":{"type":"Point","coordinates":[-81.6340480004163,41.479476999125197]}},
{"type":"Feature","properties":{"kind":"ph","name":"Joy Park","owner":"Akron Metropolitan Housing Authority","addr":"489 Fuller St","city":"Akron","units":4,"btype":"row / townhouse","status":null,"built":1970,"rad":null,"eld":-4,"dis":-4,"aunits":null,"prog":null,"pop":null,"reac":null,"expires":null,"rentassist":null},"geometry":{"type":"Point","coordinates":[-81.483835000151601,41.056964998962002]}},
{"type":"Feature","properties":{"kind":"ph","name":"DOWNTOWN","owner":"Cuyahoga Metropolitan Housing Authority","addr":"2701 Loop Dr","city":"Cleveland","units":6,"btype":"row / townhouse","status":null,"built":1937,"rad":null,"eld":-4,"dis":-4,"aunits":null,"prog":null,"pop":null,"reac":null,"expires":null,"rentassist":null},"geometry":{"type":"Point","coordinates":[-81.710323999699995,41.494768998818202]}},
{"type":"Feature","properties":{"kind":"ph","name":"Scattered Sites","owner":"Akron Metropolitan Housing Authority","addr":"1301 Manchester Rd","city":"Akron","units":1,"btype":"single-family house","status":null,"built":null,"rad":null,"eld":-4,"dis":-4,"aunits":null,"prog":null,"pop":null,"reac":null,"expires":null,"rentassist":null},"geometry":{"type":"Point","coordinates":[-81.550179000176897,41.063532998948503]}},
{"type":"Feature","properties":{"kind":"ph","name":"Scattered Sites","owner":"Akron Metropolitan Housing Authority","addr":"1047 Packard Dr","city":"Akron","units":1,"btype":"single-family house","status":null,"built":null,"rad":null,"eld":-4,"dis":-4,"aunits":null,"prog":null,"pop":null,"reac":null,"expires":null,"rentassist":null},"geometry":{"type":"Point","coordinates":[-81.559415999849406,41.075150999214898]}},
{"type":"Feature","properties":{"kind":"ph","name":"Scattered Sites","owner":"Akron Metropolitan Housing Authority","addr":"457 Evers St","city":"Akron","units":1,"btype":"single-family house","status":null,"built":null,"rad":null,"eld":-4,"dis":-4,"aunits":null,"prog":null,"pop":null,"reac":null,"expires":null,"rentassist":null},"geometry":{"type":"Point","coordinates":[-81.525087999669296,41.101365998833998]}},
{"type":"Feature","properties":{"kind":"ph","name":"HONEY LOCUST GARDEN","owner":"Akron Metropolitan Housing Authority","addr":"3317 Prange Dr","city":"Cuyahoga Falls","units":4,"btype":"walk-up apartments","status":null,"built":1981,"rad":null,"eld":-4,"dis":-4,"aunits":null,"prog":null,"pop":null,"reac":null,"expires":null,"rentassist":null},"geometry":{"type":"Point","coordinates":[-81.501119000341404,41.155223998769998]}},
{"type":"Feature","properties":{"kind":"ph","name":"Cascade Village North","owner":"Akron Metropolitan Housing Authority","addr":"192 Elizabeth Pkwy","city":"Akron","units":6,"btype":"row / townhouse","status":null,"built":2006,"rad":null,"eld":-4,"dis":-4,"aunits":null,"prog":null,"pop":null,"reac":null,"expires":null,"rentassist":null},"geometry":{"type":"Point","coordinates":[-81.5101130003397,41.091166998789902]}},
{"type":"Feature","properties":{"kind":"ph","name":"Scattered Sites","owner":"Akron Metropolitan Housing Authority","addr":"1918 Victoria St","city":"Cuyahoga Falls","units":1,"btype":"single-family house","status":null,"built":1949,"rad":null,"eld":-4,"dis":-4,"aunits":null,"prog":null,"pop":null,"reac":null,"expires":null,"rentassist":null},"geometry":{"type":"Point","coordinates":[-81.472173000166293,41.128873998893702]}},
{"type":"Feature","properties":{"kind":"ph","name":"SCRANTON WOODS/CLOVERDALE","owner":"Geauga Metropolitian Housing Authority","addr":"15646 Cloverdale Dr","city":"Middlefield","units":2,"btype":"semi-detached / duplex","status":null,"built":1985,"rad":null,"eld":-4,"dis":-4,"aunits":null,"prog":null,"pop":null,"reac":null,"expires":null,"rentassist":null},"geometry":{"type":"Point","coordinates":[-81.083995000140703,41.452468998858997]}},
{"type":"Feature","properties":{"kind":"ph","name":"Oberlin Homes LIHTC","owner":"Lorain Metropolitan Housing Authority","addr":"7 W Lincoln St","city":"Oberlin","units":1,"btype":"single-family house","status":null,"built":1966,"rad":null,"eld":-4,"dis":-4,"aunits":null,"prog":null,"pop":null,"reac":null,"expires":null,"rentassist":null},"geometry":{"type":"Point","coordinates":[-82.217920000160802,41.282238999317798]}},
{"type":"Feature","properties":{"kind":"ph","name":"Joy Park","owner":"Akron Metropolitan Housing Authority","addr":"500 Fuller St","city":"Akron","units":4,"btype":"row / townhouse","status":null,"built":1970,"rad":null,"eld":-4,"dis":-4,"aunits":null,"prog":null,"pop":null,"reac":null,"expires":null,"rentassist":null},"geometry":{"type":"Point","coordinates":[-81.484068999605,41.056471999316997]}},
{"type":"Feature","properties":{"kind":"ph","name":"HOUGH","owner":"Cuyahoga Metropolitan Housing Authority","addr":"5700 Curtis Ct","city":"Cleveland","units":8,"btype":"row / townhouse","status":null,"built":1971,"rad":null,"eld":-4,"dis":-4,"aunits":null,"prog":null,"pop":null,"reac":null,"expires":null,"rentassist":null},"geometry":{"type":"Point","coordinates":[-81.651388999609196,41.506745999122103]}},
{"type":"Feature","properties":{"kind":"ph","name":"OBERLIN HOMES","owner":"Lorain Metropolitan Housing Authority","addr":"4967 Clifton Ave Apt","city":"Lorain","units":1,"btype":"single-family house","status":null,"built":1997,"rad":null,"eld":-4,"dis":-4,"aunits":null,"prog":null,"pop":null,"reac":null,"expires":null,"rentassist":null},"geometry":{"type":"Point","coordinates":[-82.156179999815606,41.422692999149497]}},
{"type":"Feature","properties":{"kind":"ph","name":"Oberlin Homes LIHTC","owner":"Lorain Metropolitan Housing Authority","addr":"64 Berger Ct Apt","city":"Oberlin","units":1,"btype":"single-family house","status":null,"built":1966,"rad":null,"eld":-4,"dis":-4,"aunits":null,"prog":null,"pop":null,"reac":null,"expires":null,"rentassist":null},"geometry":{"type":"Point","coordinates":[-82.206308000404107,41.293597998910002]}},
{"type":"Feature","properties":{"kind":"ph","name":"Joy Park","owner":"Akron Metropolitan Housing Authority","addr":"1258 McKinley Ave","city":"Akron","units":6,"btype":"row / townhouse","status":null,"built":1970,"rad":null,"eld":-4,"dis":-4,"aunits":null,"prog":null,"pop":null,"reac":null,"expires":null,"rentassist":null},"geometry":{"type":"Point","coordinates":[-81.486935999783796,41.056585999208799]}},
{"type":"Feature","properties":{"kind":"ph","name":"Scattered Sites","owner":"Akron Metropolitan Housing Authority","addr":"828 Francis Ave","city":"Cuyahoga Falls","units":1,"btype":"single-family house","status":null,"built":1918,"rad":null,"eld":-4,"dis":-4,"aunits":null,"prog":null,"pop":null,"reac":null,"expires":null,"rentassist":null},"geometry":{"type":"Point","coordinates":[-81.493251999749205,41.124379999076197]}},
{"type":"Feature","properties":{"kind":"ph","name":"Riverview Replacement","owner":"Cuyahoga Metropolitan Housing Authority","addr":"5417 Delora Ave","city":"Cleveland","units":1,"btype":"single-family house","status":null,"built":null,"rad":null,"eld":-4,"dis":-4,"aunits":null,"prog":null,"pop":null,"reac":null,"expires":null,"rentassist":null},"geometry":{"type":"Point","coordinates":[-81.723373000280603,41.424183998960899]}},
{"type":"Feature","properties":{"kind":"ph","name":"SUMMIT LAKE","owner":"Akron Metropolitan Housing Authority","addr":"52 W Bartges St","city":"Akron","units":7,"btype":"row / townhouse","status":null,"built":1982,"rad":null,"eld":-4,"dis":-4,"aunits":null,"prog":null,"pop":null,"reac":null,"expires":null,"rentassist":null},"geometry":{"type":"Point","coordinates":[-81.527411999699794,41.069346999174897]}},
{"type":"Feature","properties":{"kind":"ph","name":"SUMMIT LAKE","owner":"Akron Metropolitan Housing Authority","addr":"1165 Lakeshore Blvd","city":"Akron","units":3,"btype":"row / townhouse","status":null,"built":1969,"rad":null,"eld":-4,"dis":-4,"aunits":null,"prog":null,"pop":null,"reac":null,"expires":null,"rentassist":null},"geometry":{"type":"Point","coordinates":[-81.541128000277197,41.0550099992697]}},
{"type":"Feature","properties":{"kind":"ph","name":"EASTSIDE","owner":"Cuyahoga Metropolitan Housing Authority","addr":"2490 Baldwin Rd Ste C","city":"Cleveland","units":8,"btype":"row / townhouse","status":"demolition/disposition approved","built":1940,"rad":null,"eld":-4,"dis":-4,"aunits":null,"prog":null,"pop":null,"reac":null,"expires":null,"rentassist":null},"geometry":{"type":"Point","coordinates":[-81.611768999835903,41.490896999259498]}},
{"type":"Feature","properties":{"kind":"ph","name":"Edgewood Village I","owner":"Akron Metropolitan Housing Authority","addr":"500 Euclid Ave","city":"Akron","units":3,"btype":"row / townhouse","status":null,"built":null,"rad":null,"eld":-4,"dis":-4,"aunits":null,"prog":null,"pop":null,"reac":null,"expires":null,"rentassist":null},"geometry":{"type":"Point","coordinates":[-81.540905999621003,41.075726999249497]}},
{"type":"Feature","properties":{"kind":"ph","name":"VAN BUREN HOMES","owner":"Akron Metropolitan Housing Authority","addr":"641 Kentucky Pl","city":"Barberton","units":3,"btype":"row / townhouse","status":null,"built":1972,"rad":null,"eld":-4,"dis":-4,"aunits":null,"prog":null,"pop":null,"reac":null,"expires":null,"rentassist":null},"geometry":{"type":"Point","coordinates":[-81.599469000166096,41.003024999346799]}},
{"type":"Feature","properties":{"kind":"ph","name":"Scattered Sites","owner":"Akron Metropolitan Housing Authority","addr":"1225 Laffer Ave","city":"Akron","units":1,"btype":"single-family house","status":null,"built":null,"rad":null,"eld":-4,"dis":-4,"aunits":null,"prog":null,"pop":null,"reac":null,"expires":null,"rentassist":null},"geometry":{"type":"Point","coordinates":[-81.4774790000032,41.073983998800998]}},
{"type":"Feature","properties":{"kind":"ph","name":"Cascade Village East/West","owner":"Akron Metropolitan Housing Authority","addr":"243 E North St","city":"Akron","units":3,"btype":"row / townhouse","status":null,"built":2009,"rad":null,"eld":-4,"dis":-4,"aunits":null,"prog":null,"pop":null,"reac":null,"expires":null,"rentassist":null},"geometry":{"type":"Point","coordinates":[-81.507446000177495,41.089801998927904]}},
{"type":"Feature","properties":{"kind":"ph","name":"Cascade Village North","owner":"Akron Metropolitan Housing Authority","addr":"138 Elizabeth Pkwy","city":"Akron","units":4,"btype":"row / townhouse","status":null,"built":2006,"rad":null,"eld":-4,"dis":-4,"aunits":null,"prog":null,"pop":null,"reac":null,"expires":null,"rentassist":null},"geometry":{"type":"Point","coordinates":[-81.508191999817001,41.090658999290497]}},
{"type":"Feature","properties":{"kind":"ph","name":"WILKES-VILLA","owner":"Lorain Metropolitan Housing Authority","addr":"304 Parmely Ave Apt","city":"Elyria","units":1,"btype":"single-family house","status":null,"built":2006,"rad":null,"eld":-4,"dis":-4,"aunits":null,"prog":null,"pop":null,"reac":null,"expires":null,"rentassist":null},"geometry":{"type":"Point","coordinates":[-82.119054999777006,41.388268998814397]}},
{"type":"Feature","properties":{"kind":"ph","name":"Oberlin Homes LIHTC","owner":"Lorain Metropolitan Housing Authority","addr":"109 S Pleasant St Apt","city":"Oberlin","units":1,"btype":"single-family house","status":null,"built":1966,"rad":null,"eld":-4,"dis":-4,"aunits":null,"prog":null,"pop":null,"reac":null,"expires":null,"rentassist":null},"geometry":{"type":"Point","coordinates":[-82.214969000316501,41.288245999244801]}},
{"type":"Feature","properties":{"kind":"ph","name":"Scattered Sites","owner":"Akron Metropolitan Housing Authority","addr":"1019 Big Falls Ave","city":"Akron","units":1,"btype":"single-family house","status":null,"built":1929,"rad":null,"eld":-4,"dis":-4,"aunits":null,"prog":null,"pop":null,"reac":null,"expires":null,"rentassist":null},"geometry":{"type":"Point","coordinates":[-81.502897999675596,41.114074998750503]}},
{"type":"Feature","properties":{"kind":"ph","name":"Edgewood Village South","owner":"Akron Metropolitan Housing Authority","addr":"844 Raymond St","city":"Akron","units":3,"btype":"row / townhouse","status":null,"built":2012,"rad":null,"eld":-4,"dis":-4,"aunits":null,"prog":null,"pop":null,"reac":null,"expires":null,"rentassist":null},"geometry":{"type":"Point","coordinates":[-81.541000000230696,41.071543998739102]}},
{"type":"Feature","properties":{"kind":"ph","name":"Scattered Sites","owner":"Akron Metropolitan Housing Authority","addr":"380 Kline Ave","city":"Akron","units":1,"btype":"single-family house","status":null,"built":null,"rad":null,"eld":-4,"dis":-4,"aunits":null,"prog":null,"pop":null,"reac":null,"expires":null,"rentassist":null},"geometry":{"type":"Point","coordinates":[-81.478172999764197,41.076237998983302]}},
{"type":"Feature","properties":{"kind":"ph","name":"Riverview Replacement","owner":"Cuyahoga Metropolitan Housing Authority","addr":"4221 Marvin Ave","city":"Cleveland","units":2,"btype":"semi-detached / duplex","status":null,"built":null,"rad":null,"eld":-4,"dis":-4,"aunits":null,"prog":null,"pop":null,"reac":null,"expires":null,"rentassist":null},"geometry":{"type":"Point","coordinates":[-81.714505999605706,41.459701999078]}},
{"type":"Feature","properties":{"kind":"ph","name":"SOUTHEAST","owner":"Cuyahoga Metropolitan Housing Authority","addr":"3694 E 105th St","city":"Cleveland","units":1,"btype":"single-family house","status":null,"built":null,"rad":null,"eld":-4,"dis":-4,"aunits":null,"prog":null,"pop":null,"reac":null,"expires":null,"rentassist":null},"geometry":{"type":"Point","coordinates":[-81.611825999737306,41.457998999277002]}},
{"type":"Feature","properties":{"kind":"ph","name":"East Side Neighborhood Homes","owner":"Cuyahoga Metropolitan Housing Authority","addr":"2261 E 73rd St","city":"Cleveland","units":1,"btype":"single-family house","status":null,"built":2005,"rad":null,"eld":-4,"dis":-4,"aunits":null,"prog":null,"pop":null,"reac":null,"expires":null,"rentassist":null},"geometry":{"type":"Point","coordinates":[-81.637894999688001,41.496872999300798]}},
{"type":"Feature","properties":{"kind":"ph","name":"Cascade Village South","owner":"Akron Metropolitan Housing Authority","addr":"106 E North St","city":"Akron","units":3,"btype":"row / townhouse","status":null,"built":2008,"rad":null,"eld":-4,"dis":-4,"aunits":null,"prog":null,"pop":null,"reac":null,"expires":null,"rentassist":null},"geometry":{"type":"Point","coordinates":[-81.512388999791298,41.090646998865701]}},
{"type":"Feature","properties":{"kind":"ph","name":"OUTHWAITE","owner":"Cuyahoga Metropolitan Housing Authority","addr":"2542 E 55th St","city":"Cleveland","units":24,"btype":"row / townhouse","status":null,"built":1942,"rad":null,"eld":20,"dis":12,"aunits":null,"prog":null,"pop":null,"reac":null,"expires":null,"rentassist":null},"geometry":{"type":"Point","coordinates":[-81.651829999650204,41.4893459988186]}},
{"type":"Feature","properties":{"kind":"ph","name":"EASTSIDE","owner":"Cuyahoga Metropolitan Housing Authority","addr":"2463 Baldwin Rd","city":"Cleveland","units":2,"btype":"semi-detached / duplex","status":"demolition/disposition proposed","built":1972,"rad":"PBRA","eld":-4,"dis":-4,"aunits":null,"prog":null,"pop":null,"reac":null,"expires":null,"rentassist":null},"geometry":{"type":"Point","coordinates":[-81.610809999761102,41.491428999012797]}},
{"type":"Feature","properties":{"kind":"ph","name":"Edgewood Village I","owner":"Akron Metropolitan Housing Authority","addr":"495 Warner Ct","city":"Akron","units":2,"btype":"semi-detached / duplex","status":null,"built":null,"rad":null,"eld":-4,"dis":-4,"aunits":null,"prog":null,"pop":null,"reac":null,"expires":null,"rentassist":null},"geometry":{"type":"Point","coordinates":[-81.540445000386896,41.0752999992363]}},
{"type":"Feature","properties":{"kind":"ph","name":"OBERLIN HOMES","owner":"Lorain Metropolitan Housing Authority","addr":"1662 E 30th St Apt","city":"Lorain","units":4,"btype":"row / townhouse","status":"demolition/disposition proposed","built":1972,"rad":"PBV","eld":-4,"dis":-4,"aunits":null,"prog":null,"pop":null,"reac":null,"expires":null,"rentassist":null},"geometry":{"type":"Point","coordinates":[-82.142335000265007,41.443288998888796]}},
{"type":"Feature","properties":{"kind":"ph","name":"CRIMSON TERRACE","owner":"Akron Metropolitan Housing Authority","addr":"98 Hazelwood Ave","city":"Barberton","units":1,"btype":"single-family house","status":null,"built":1921,"rad":null,"eld":-4,"dis":-4,"aunits":null,"prog":null,"pop":null,"reac":null,"expires":null,"rentassist":null},"geometry":{"type":"Point","coordinates":[-81.584202999685004,41.033373999215499]}},
{"type":"Feature","properties":{"kind":"ph","name":"CEDAR CENTRAL","owner":"Cuyahoga Metropolitan Housing Authority","addr":"2904 Cedar Ave","city":"Cleveland","units":18,"btype":"walk-up apartments","status":null,"built":1935,"rad":null,"eld":-4,"dis":-4,"aunits":null,"prog":null,"pop":null,"reac":null,"expires":null,"rentassist":null},"geometry":{"type":"Point","coordinates":[-81.667542000195098,41.4987049989616]}},
{"type":"Feature","properties":{"kind":"ph","name":"SCRANTON WOODS/CLOVERDALE","owner":"Geauga Metropolitian Housing Authority","addr":"15536 Cloverdale Dr","city":"Middlefield","units":2,"btype":"semi-detached / duplex","status":null,"built":1985,"rad":null,"eld":-4,"dis":-4,"aunits":null,"prog":null,"pop":null,"reac":null,"expires":null,"rentassist":null},"geometry":{"type":"Point","coordinates":[-81.086679999846197,41.452468998858997]}},
{"type":"Feature","properties":{"kind":"ph","name":"MAPLEWOOD GARDENS","owner":"Akron Metropolitan Housing Authority","addr":"429 Hardman Dr","city":"Cuyahoga Falls","units":8,"btype":"walk-up apartments","status":null,"built":1981,"rad":null,"eld":-4,"dis":-4,"aunits":null,"prog":null,"pop":null,"reac":null,"expires":null,"rentassist":null},"geometry":{"type":"Point","coordinates":[-81.492620999737397,41.187095998788699]}},
{"type":"Feature","properties":{"kind":"ph","name":"Heritage Homes I (former Garden Valley)","owner":"Cuyahoga Metropolitan Housing Authority","addr":"7010 Kinsman Rd","city":"Cleveland","units":3,"btype":"row / townhouse","status":null,"built":2010,"rad":null,"eld":-4,"dis":-4,"aunits":null,"prog":null,"pop":null,"reac":null,"expires":null,"rentassist":null},"geometry":{"type":"Point","coordinates":[-81.639875999586806,41.4802699990599]}},
{"type":"Feature","properties":{"kind":"ph","name":"SCRANTON WOODS/CLOVERDALE","owner":"Geauga Metropolitian Housing Authority","addr":"16685 Medina St","city":"Chagrin Falls","units":2,"btype":"semi-detached / duplex","status":null,"built":1982,"rad":null,"eld":-4,"dis":-4,"aunits":null,"prog":null,"pop":null,"reac":null,"expires":null,"rentassist":null},"geometry":{"type":"Point","coordinates":[-81.381970000417994,41.415554999102]}},
{"type":"Feature","properties":{"kind":"ph","name":"Scattered Sites","owner":"Akron Metropolitan Housing Authority","addr":"1183 Big Falls Ave","city":"Akron","units":1,"btype":"single-family house","status":null,"built":null,"rad":null,"eld":-4,"dis":-4,"aunits":null,"prog":null,"pop":null,"reac":null,"expires":null,"rentassist":null},"geometry":{"type":"Point","coordinates":[-81.503286999837997,41.118753998853798]}},
{"type":"Feature","properties":{"kind":"ph","name":"DOWNTOWN","owner":"Cuyahoga Metropolitan Housing Authority","addr":"1313 W 28th St","city":"Cleveland","units":27,"btype":"walk-up apartments","status":null,"built":1937,"rad":null,"eld":11,"dis":9,"aunits":null,"prog":null,"pop":null,"reac":null,"expires":null,"rentassist":null},"geometry":{"type":"Point","coordinates":[-81.710959999734598,41.492007999216902]}},
{"type":"Feature","properties":{"kind":"ph","name":"Scattered Sites","owner":"Akron Metropolitan Housing Authority","addr":"172 E Ido Ave","city":"Akron","units":1,"btype":"single-family house","status":null,"built":1918,"rad":null,"eld":-4,"dis":-4,"aunits":null,"prog":null,"pop":null,"reac":null,"expires":null,"rentassist":null},"geometry":{"type":"Point","coordinates":[-81.521017000091604,41.044725999055501]}},
{"type":"Feature","properties":{"kind":"ph","name":"East Side Neighborhood Homes","owner":"Cuyahoga Metropolitan Housing Authority","addr":"7508 Central Ave","city":"Cleveland","units":6,"btype":"row / townhouse","status":null,"built":2005,"rad":null,"eld":-4,"dis":-4,"aunits":null,"prog":null,"pop":null,"reac":null,"expires":null,"rentassist":null},"geometry":{"type":"Point","coordinates":[-81.636113999805701,41.496016999389703]}},
{"type":"Feature","properties":{"kind":"ph","name":"NEAR WEST","owner":"Cuyahoga Metropolitan Housing Authority","addr":"2971 W 30th St","city":"Cleveland","units":1,"btype":"single-family house","status":"demolition/disposition draft","built":2013,"rad":null,"eld":-4,"dis":-4,"aunits":null,"prog":null,"pop":null,"reac":null,"expires":null,"rentassist":null},"geometry":{"type":"Point","coordinates":[-81.701322000204101,41.471551998928099]}},
{"type":"Feature","properties":{"kind":"ph","name":"Scattered Sites","owner":"Akron Metropolitan Housing Authority","addr":"304 Wayne Ave","city":"Akron","units":1,"btype":"single-family house","status":null,"built":1929,"rad":null,"eld":-4,"dis":-4,"aunits":null,"prog":null,"pop":null,"reac":null,"expires":null,"rentassist":null},"geometry":{"type":"Point","coordinates":[-81.516077999777494,41.034694999230403]}},
{"type":"Feature","properties":{"kind":"ph","name":"Oberlin Homes LIHTC","owner":"Lorain Metropolitan Housing Authority","addr":"204 S Park St Apt","city":"Oberlin","units":1,"btype":"single-family house","status":null,"built":1966,"rad":null,"eld":-4,"dis":-4,"aunits":null,"prog":null,"pop":null,"reac":null,"expires":null,"rentassist":null},"geometry":{"type":"Point","coordinates":[-82.2126860002938,41.285650999283398]}},
{"type":"Feature","properties":{"kind":"ph","name":"Riverview Replacement","owner":"Cuyahoga Metropolitan Housing Authority","addr":"2017 W 98th St","city":"Cleveland","units":2,"btype":"semi-detached / duplex","status":null,"built":null,"rad":null,"eld":-4,"dis":-4,"aunits":null,"prog":null,"pop":null,"reac":null,"expires":null,"rentassist":null},"geometry":{"type":"Point","coordinates":[-81.750786000270594,41.4765729989712]}},
{"type":"Feature","properties":{"kind":"ph","name":"Riverview Replacement","owner":"Cuyahoga Metropolitan Housing Authority","addr":"12213 Wayland Ave","city":"Cleveland","units":1,"btype":"single-family house","status":null,"built":null,"rad":null,"eld":-4,"dis":-4,"aunits":null,"prog":null,"pop":null,"reac":null,"expires":null,"rentassist":null},"geometry":{"type":"Point","coordinates":[-81.773076999648296,41.450383999047801]}},
{"type":"Feature","properties":{"kind":"ph","name":"Riverview Replacement","owner":"Cuyahoga Metropolitan Housing Authority","addr":"5840 Montana Ave","city":"Cleveland","units":1,"btype":"single-family house","status":null,"built":null,"rad":null,"eld":-4,"dis":-4,"aunits":null,"prog":null,"pop":null,"reac":null,"expires":null,"rentassist":null},"geometry":{"type":"Point","coordinates":[-81.726397999744805,41.4660069992361]}},
{"type":"Feature","properties":{"kind":"ph","name":"COLONIAL HILLS","owner":"Akron Metropolitan Housing Authority","addr":"37 Colonial Hills Dr","city":"Akron","units":6,"btype":"row / townhouse","status":null,"built":1967,"rad":null,"eld":-4,"dis":-4,"aunits":null,"prog":null,"pop":null,"reac":null,"expires":null,"rentassist":null},"geometry":{"type":"Point","coordinates":[-81.501838000216694,41.106899999223003]}},
{"type":"Feature","properties":{"kind":"ph","name":"Oberlin Homes LIHTC","owner":"Lorain Metropolitan Housing Authority","addr":"120 S Park St Apt","city":"Oberlin","units":1,"btype":"single-family house","status":null,"built":1966,"rad":null,"eld":-4,"dis":-4,"aunits":null,"prog":null,"pop":null,"reac":null,"expires":null,"rentassist":null},"geometry":{"type":"Point","coordinates":[-82.212593000407395,41.288334999124302]}},
{"type":"Feature","properties":{"kind":"ph","name":"Riverview Replacement","owner":"Cuyahoga Metropolitan Housing Authority","addr":"14112 Emery Ave","city":"Cleveland","units":1,"btype":"single-family house","status":"demolition/disposition approved","built":null,"rad":null,"eld":-4,"dis":-4,"aunits":null,"prog":null,"pop":null,"reac":null,"expires":null,"rentassist":null},"geometry":{"type":"Point","coordinates":[-81.792002999803202,41.444353999155503]}},
{"type":"Feature","properties":{"kind":"ph","name":"Scattered Sites","owner":"Akron Metropolitan Housing Authority","addr":"544 Wildwood Ave","city":"Akron","units":1,"btype":"single-family house","status":null,"built":1921,"rad":null,"eld":-4,"dis":-4,"aunits":null,"prog":null,"pop":null,"reac":null,"expires":null,"rentassist":null},"geometry":{"type":"Point","coordinates":[-81.547854000321394,41.083198999368101]}},
{"type":"Feature","properties":{"kind":"ph","name":"Scattered Sites","owner":"Akron Metropolitan Housing Authority","addr":"1389 Rowe St","city":"Akron","units":1,"btype":"single-family house","status":null,"built":1946,"rad":null,"eld":-4,"dis":-4,"aunits":null,"prog":null,"pop":null,"reac":null,"expires":null,"rentassist":null},"geometry":{"type":"Point","coordinates":[-81.501916000034498,41.0405139990566]}},
{"type":"Feature","properties":{"kind":"ph","name":"Edgewood Village I","owner":"Akron Metropolitan Housing Authority","addr":"722 Rhodes Ave","city":"Akron","units":2,"btype":"semi-detached / duplex","status":null,"built":null,"rad":null,"eld":-4,"dis":-4,"aunits":null,"prog":null,"pop":null,"reac":null,"expires":null,"rentassist":null},"geometry":{"type":"Point","coordinates":[-81.538876000216703,41.0743069993364]}},
{"type":"Feature","properties":{"kind":"ph","name":"Scattered Sites","owner":"Akron Metropolitan Housing Authority","addr":"1022 Cree Ave","city":"Akron","units":1,"btype":"single-family house","status":null,"built":1975,"rad":null,"eld":-4,"dis":-4,"aunits":null,"prog":null,"pop":null,"reac":null,"expires":null,"rentassist":null},"geometry":{"type":"Point","coordinates":[-81.4684869996548,41.091620999022197]}},
{"type":"Feature","properties":{"kind":"ph","name":"SMALL OR SCATTERED","owner":"Cuyahoga Metropolitan Housing Authority","addr":"1417 W 98th St","city":"Cleveland","units":6,"btype":"row / townhouse","status":"demolition/disposition draft","built":null,"rad":null,"eld":-4,"dis":-4,"aunits":null,"prog":null,"pop":null,"reac":null,"expires":null,"rentassist":null},"geometry":{"type":"Point","coordinates":[-81.751142999747699,41.478790998869997]}},
{"type":"Feature","properties":{"kind":"ph","name":"DOWNTOWN","owner":"Cuyahoga Metropolitan Housing Authority","addr":"2601 Loop Dr","city":"Cleveland","units":6,"btype":"row / townhouse","status":null,"built":1937,"rad":null,"eld":-4,"dis":-4,"aunits":null,"prog":null,"pop":null,"reac":null,"expires":null,"rentassist":null},"geometry":{"type":"Point","coordinates":[-81.711216999652507,41.493198999099697]}},
{"type":"Feature","properties":{"kind":"ph","name":"Heritage Homes III (former Garden Valley","owner":"Cuyahoga Metropolitan Housing Authority","addr":"3026 E 73rd St","city":"Cleveland","units":1,"btype":"single-family house","status":null,"built":2011,"rad":null,"eld":-4,"dis":-4,"aunits":null,"prog":null,"pop":null,"reac":null,"expires":null,"rentassist":null},"geometry":{"type":"Point","coordinates":[-81.637657000036597,41.476380998736097]}},
{"type":"Feature","properties":{"kind":"ph","name":"HOUGH","owner":"Cuyahoga Metropolitan Housing Authority","addr":"1886 E 59th St","city":"Cleveland","units":8,"btype":"row / townhouse","status":null,"built":1971,"rad":null,"eld":-4,"dis":-4,"aunits":null,"prog":null,"pop":null,"reac":null,"expires":null,"rentassist":null},"geometry":{"type":"Point","coordinates":[-81.6495290000842,41.506988998885497]}},
{"type":"Feature","properties":{"kind":"ph","name":"Riverview Replacement","owner":"Cuyahoga Metropolitan Housing Authority","addr":"12709 Sprecher Ave","city":"Cleveland","units":1,"btype":"single-family house","status":null,"built":null,"rad":null,"eld":-4,"dis":-4,"aunits":null,"prog":null,"pop":null,"reac":null,"expires":null,"rentassist":null},"geometry":{"type":"Point","coordinates":[-81.777554999830002,41.423821998997099]}},
{"type":"Feature","properties":{"kind":"ph","name":"Scattered Sites","owner":"Akron Metropolitan Housing Authority","addr":"952 Carpenter St","city":"Akron","units":1,"btype":"single-family house","status":null,"built":null,"rad":null,"eld":-4,"dis":-4,"aunits":null,"prog":null,"pop":null,"reac":null,"expires":null,"rentassist":null},"geometry":{"type":"Point","coordinates":[-81.519549000203796,41.1113529989155]}},
{"type":"Feature","properties":{"kind":"ph","name":"SOUTHEAST","owner":"Cuyahoga Metropolitan Housing Authority","addr":"10422 Nelson Ave","city":"Cleveland","units":1,"btype":"single-family house","status":null,"built":null,"rad":null,"eld":-4,"dis":-4,"aunits":null,"prog":null,"pop":null,"reac":null,"expires":null,"rentassist":null},"geometry":{"type":"Point","coordinates":[-81.613404000128298,41.453031999092801]}},
{"type":"Feature","properties":{"kind":"ph","name":"SCRANTON WOODS/CLOVERDALE","owner":"Geauga Metropolitian Housing Authority","addr":"15595 Cloverdale Dr","city":"Middlefield","units":2,"btype":"semi-detached / duplex","status":null,"built":1985,"rad":null,"eld":-4,"dis":-4,"aunits":null,"prog":null,"pop":null,"reac":null,"expires":null,"rentassist":null},"geometry":{"type":"Point","coordinates":[-81.087819999670998,41.452465999343403]}},
{"type":"Feature","properties":{"kind":"ph","name":"KING KENNEDY","owner":"Cuyahoga Metropolitan Housing Authority","addr":"2541 Park Midway St Apt A","city":"Cleveland","units":6,"btype":"row / townhouse","status":null,"built":1970,"rad":null,"eld":-4,"dis":-4,"aunits":null,"prog":null,"pop":null,"reac":null,"expires":null,"rentassist":null},"geometry":{"type":"Point","coordinates":[-81.647016999732799,41.489022998981]}},
{"type":"Feature","properties":{"kind":"ph","name":"Riverview Replacement","owner":"Cuyahoga Metropolitan Housing Authority","addr":"3408 W 47th St","city":"Cleveland","units":1,"btype":"single-family house","status":null,"built":1910,"rad":null,"eld":-4,"dis":-4,"aunits":null,"prog":null,"pop":null,"reac":null,"expires":null,"rentassist":null},"geometry":{"type":"Point","coordinates":[-81.719641999563294,41.461490999056601]}},
{"type":"Feature","properties":{"kind":"ph","name":"CRIMSON TERRACE","owner":"Akron Metropolitan Housing Authority","addr":"410 Herms Ct Apt 1","city":"Barberton","units":16,"btype":"row / townhouse","status":null,"built":1980,"rad":null,"eld":-4,"dis":-4,"aunits":null,"prog":null,"pop":null,"reac":null,"expires":null,"rentassist":null},"geometry":{"type":"Point","coordinates":[-81.588604999698802,41.000119999076396]}},
{"type":"Feature","properties":{"kind":"ph","name":"Cascade Village North","owner":"Akron Metropolitan Housing Authority","addr":"130 Elizabeth Pkwy","city":"Akron","units":4,"btype":"row / townhouse","status":null,"built":2006,"rad":null,"eld":-4,"dis":-4,"aunits":null,"prog":null,"pop":null,"reac":null,"expires":null,"rentassist":null},"geometry":{"type":"Point","coordinates":[-81.507301000412497,41.090713998783599]}},
{"type":"Feature","properties":{"kind":"ph","name":"DOWNTOWN","owner":"Cuyahoga Metropolitan Housing Authority","addr":"2736 Division Ave","city":"Cleveland","units":8,"btype":"row / townhouse","status":null,"built":1937,"rad":null,"eld":-4,"dis":-4,"aunits":null,"prog":null,"pop":null,"reac":null,"expires":null,"rentassist":null},"geometry":{"type":"Point","coordinates":[-81.710748999847397,41.492878999297197]}},
{"type":"Feature","properties":{"kind":"ph","name":"Riverview Replacement","owner":"Cuyahoga Metropolitan Housing Authority","addr":"12606 Kirton Ave","city":"Cleveland","units":1,"btype":"single-family house","status":null,"built":null,"rad":null,"eld":-4,"dis":-4,"aunits":null,"prog":null,"pop":null,"reac":null,"expires":null,"rentassist":null},"geometry":{"type":"Point","coordinates":[-81.777220999919194,41.428623999033]}},
{"type":"Feature","properties":{"kind":"ph","name":"Riverview Replacement","owner":"Cuyahoga Metropolitan Housing Authority","addr":"10426 Almira Ave","city":"Cleveland","units":1,"btype":"single-family house","status":null,"built":null,"rad":null,"eld":-4,"dis":-4,"aunits":null,"prog":null,"pop":null,"reac":null,"expires":null,"rentassist":null},"geometry":{"type":"Point","coordinates":[-81.757046000159505,41.462333999399299]}},
{"type":"Feature","properties":{"kind":"ph","name":"Joy Park","owner":"Akron Metropolitan Housing Authority","addr":"1252 McMillan Cir","city":"Akron","units":2,"btype":"semi-detached / duplex","status":null,"built":1970,"rad":null,"eld":-4,"dis":-4,"aunits":null,"prog":null,"pop":null,"reac":null,"expires":null,"rentassist":null},"geometry":{"type":"Point","coordinates":[-81.4846720000277,41.055568999040197]}},
{"type":"Feature","properties":{"kind":"ph","name":"PINEWOOD GARDENS","owner":"Akron Metropolitan Housing Authority","addr":"8826 Ray Ct Apt 1","city":"Twinsburg","units":8,"btype":"walk-up apartments","status":null,"built":1980,"rad":null,"eld":-4,"dis":-4,"aunits":null,"prog":null,"pop":null,"reac":null,"expires":null,"rentassist":null},"geometry":{"type":"Point","coordinates":[-81.456688000300403,41.308751999327498]}},
{"type":"Feature","properties":{"kind":"ph","name":"Heritage Homes III (former Garden Valley","owner":"Cuyahoga Metropolitan Housing Authority","addr":"7224 Port Ave","city":"Cleveland","units":1,"btype":"single-family house","status":null,"built":2011,"rad":null,"eld":-4,"dis":-4,"aunits":null,"prog":null,"pop":null,"reac":null,"expires":null,"rentassist":null},"geometry":{"type":"Point","coordinates":[-81.638821000150799,41.477622998778202]}},
{"type":"Feature","properties":{"kind":"ph","name":"Riverview Replacement","owner":"Cuyahoga Metropolitan Housing Authority","addr":"6705 Fir Ave","city":"Cleveland","units":1,"btype":"single-family house","status":null,"built":null,"rad":null,"eld":-4,"dis":-4,"aunits":null,"prog":null,"pop":null,"reac":null,"expires":null,"rentassist":null},"geometry":{"type":"Point","coordinates":[-81.7307189995676,41.479943998804103]}},
{"type":"Feature","properties":{"kind":"ph","name":"Heritage Homes I (former Garden Valley)","owner":"Cuyahoga Metropolitan Housing Authority","addr":"6955 Anita Kennedy Rd SE","city":"Cleveland","units":4,"btype":"row / townhouse","status":null,"built":2010,"rad":null,"eld":-4,"dis":-4,"aunits":null,"prog":null,"pop":null,"reac":null,"expires":null,"rentassist":null},"geometry":{"type":"Point","coordinates":[-81.641207000105595,41.480016999125702]}},
{"type":"Feature","properties":{"kind":"ph","name":"Scattered Sites","owner":"Akron Metropolitan Housing Authority","addr":"415 Briarwood Dr","city":"Akron","units":1,"btype":"single-family house","status":null,"built":1921,"rad":null,"eld":-4,"dis":-4,"aunits":null,"prog":null,"pop":null,"reac":null,"expires":null,"rentassist":null},"geometry":{"type":"Point","coordinates":[-81.543510000034004,41.0865099992062]}},
{"type":"Feature","properties":{"kind":"ph","name":"Scattered Sites","owner":"Akron Metropolitan Housing Authority","addr":"692 Garfield St","city":"Akron","units":1,"btype":"single-family house","status":null,"built":null,"rad":null,"eld":-4,"dis":-4,"aunits":null,"prog":null,"pop":null,"reac":null,"expires":null,"rentassist":null},"geometry":{"type":"Point","coordinates":[-81.520184000413494,41.104022998855598]}},
{"type":"Feature","properties":{"kind":"ph","name":"Scattered Sites","owner":"Akron Metropolitan Housing Authority","addr":"1203 Neville Ave","city":"Akron","units":1,"btype":"single-family house","status":null,"built":null,"rad":null,"eld":-4,"dis":-4,"aunits":null,"prog":null,"pop":null,"reac":null,"expires":null,"rentassist":null},"geometry":{"type":"Point","coordinates":[-81.483803000364603,41.044196998871897]}},
{"type":"Feature","properties":{"kind":"ph","name":"Cascade Village North","owner":"Akron Metropolitan Housing Authority","addr":"214 E Lods St","city":"Akron","units":3,"btype":"row / townhouse","status":null,"built":2006,"rad":null,"eld":-4,"dis":-4,"aunits":null,"prog":null,"pop":null,"reac":null,"expires":null,"rentassist":null},"geometry":{"type":"Point","coordinates":[-81.508401999879297,41.091938999070301]}},
{"type":"Feature","properties":{"kind":"ph","name":"OBERLIN HOMES","owner":"Lorain Metropolitan Housing Authority","addr":"4928 Vincent Ave Apt","city":"Lorain","units":1,"btype":"single-family house","status":null,"built":1997,"rad":null,"eld":-4,"dis":-4,"aunits":null,"prog":null,"pop":null,"reac":null,"expires":null,"rentassist":null},"geometry":{"type":"Point","coordinates":[-82.117037000068194,41.423741998781203]}},
{"type":"Feature","properties":{"kind":"ph","name":"CRIMSON TERRACE","owner":"Akron Metropolitan Housing Authority","addr":"398 Herms Ct Apt 1","city":"Barberton","units":8,"btype":"row / townhouse","status":null,"built":1980,"rad":null,"eld":-4,"dis":-4,"aunits":null,"prog":null,"pop":null,"reac":null,"expires":null,"rentassist":null},"geometry":{"type":"Point","coordinates":[-81.587951999945702,41.000119999076396]}},
{"type":"Feature","properties":{"kind":"ph","name":"Scattered Sites","owner":"Akron Metropolitan Housing Authority","addr":"1063 Johnston St","city":"Akron","units":1,"btype":"single-family house","status":null,"built":null,"rad":null,"eld":-4,"dis":-4,"aunits":null,"prog":null,"pop":null,"reac":null,"expires":null,"rentassist":null},"geometry":{"type":"Point","coordinates":[-81.491619000004903,41.067638998907199]}},
{"type":"Feature","properties":{"kind":"ph","name":"Willow Run","owner":"Akron Metropolitan Housing Authority","addr":"897 N Jenkins Blvd","city":"Akron","units":4,"btype":"row / townhouse","status":null,"built":1970,"rad":null,"eld":-4,"dis":-4,"aunits":null,"prog":null,"pop":null,"reac":null,"expires":null,"rentassist":null},"geometry":{"type":"Point","coordinates":[-81.493036999664,41.035136998782903]}},
{"type":"Feature","properties":{"kind":"ph","name":"Riverview Replacement","owner":"Cuyahoga Metropolitan Housing Authority","addr":"7198 Schneider Ct","city":"Cleveland","units":1,"btype":"single-family house","status":null,"built":null,"rad":null,"eld":-4,"dis":-4,"aunits":null,"prog":null,"pop":null,"reac":null,"expires":null,"rentassist":null},"geometry":{"type":"Point","coordinates":[-81.735532000383401,41.468524999045002]}},
{"type":"Feature","properties":{"kind":"ph","name":"SOUTHEAST","owner":"Cuyahoga Metropolitan Housing Authority","addr":"7823 Worley Ave","city":"Cleveland","units":2,"btype":"semi-detached / duplex","status":"demolition/disposition proposed","built":null,"rad":"PBRA","eld":-4,"dis":-4,"aunits":null,"prog":null,"pop":null,"reac":null,"expires":null,"rentassist":null},"geometry":{"type":"Point","coordinates":[-81.632886999776801,41.4522669988446]}},
{"type":"Feature","properties":{"kind":"ph","name":"Edgewood Village 4","owner":"Akron Metropolitan Housing Authority","addr":"730 Edgewood Ave","city":"Akron","units":2,"btype":"semi-detached / duplex","status":null,"built":null,"rad":null,"eld":-4,"dis":-4,"aunits":null,"prog":null,"pop":null,"reac":null,"expires":null,"rentassist":null},"geometry":{"type":"Point","coordinates":[-81.539994000300197,41.0738749990862]}},
{"type":"Feature","properties":{"kind":"ph","name":"Scattered Sites","owner":"Akron Metropolitan Housing Authority","addr":"1916 Tudor St","city":"Cuyahoga Falls","units":1,"btype":"single-family house","status":null,"built":1949,"rad":null,"eld":-4,"dis":-4,"aunits":null,"prog":null,"pop":null,"reac":null,"expires":null,"rentassist":null},"geometry":{"type":"Point","coordinates":[-81.472056999815294,41.128159999245703]}},
{"type":"Feature","properties":{"kind":"ph","name":"Mohawk","owner":"Akron Metropolitan Housing Authority","addr":"22 Safer Plz","city":"Akron","units":4,"btype":"row / townhouse","status":null,"built":1970,"rad":null,"eld":-4,"dis":-4,"aunits":null,"prog":null,"pop":null,"reac":null,"expires":null,"rentassist":null},"geometry":{"type":"Point","coordinates":[-81.488997000048499,41.023019998887598]}},
{"type":"Feature","properties":{"kind":"ph","name":"OUTHWAITE","owner":"Cuyahoga Metropolitan Housing Authority","addr":"4435 Woodland Ave","city":"Cleveland","units":17,"btype":"row / townhouse","status":null,"built":1942,"rad":null,"eld":-4,"dis":-4,"aunits":null,"prog":null,"pop":null,"reac":null,"expires":null,"rentassist":null},"geometry":{"type":"Point","coordinates":[-81.656409000114294,41.489115998772199]}},
{"type":"Feature","properties":{"kind":"ph","name":"WILKES-VILLA","owner":"Lorain Metropolitan Housing Authority","addr":"300 Parmely Ave Apt","city":"Elyria","units":1,"btype":"single-family house","status":null,"built":2006,"rad":null,"eld":-4,"dis":-4,"aunits":null,"prog":null,"pop":null,"reac":null,"expires":null,"rentassist":null},"geometry":{"type":"Point","coordinates":[-82.119054999777006,41.388268998814397]}},
{"type":"Feature","properties":{"kind":"ph","name":"SUMMIT LAKE","owner":"Akron Metropolitan Housing Authority","addr":"16 Brutus Pl","city":"Akron","units":2,"btype":"semi-detached / duplex","status":null,"built":1965,"rad":null,"eld":-4,"dis":-4,"aunits":null,"prog":null,"pop":null,"reac":null,"expires":null,"rentassist":null},"geometry":{"type":"Point","coordinates":[-81.543202999887399,41.055533999373303]}},
{"type":"Feature","properties":{"kind":"ph","name":"Scattered Sites","owner":"Akron Metropolitan Housing Authority","addr":"1048 Frederick Blvd","city":"Akron","units":1,"btype":"single-family house","status":null,"built":1970,"rad":null,"eld":-4,"dis":-4,"aunits":null,"prog":null,"pop":null,"reac":null,"expires":null,"rentassist":null},"geometry":{"type":"Point","coordinates":[-81.572590999928394,41.081155998850299]}},
{"type":"Feature","properties":{"kind":"ph","name":"Scattered Sites","owner":"Akron Metropolitan Housing Authority","addr":"392 Hillwood Dr","city":"Akron","units":1,"btype":"single-family house","status":null,"built":null,"rad":null,"eld":-4,"dis":-4,"aunits":null,"prog":null,"pop":null,"reac":null,"expires":null,"rentassist":null},"geometry":{"type":"Point","coordinates":[-81.545865000026694,41.0873529987675]}},
{"type":"Feature","properties":{"kind":"ph","name":"Scattered Sites","owner":"Akron Metropolitan Housing Authority","addr":"1545 Tyler St","city":"Akron","units":1,"btype":"single-family house","status":null,"built":1957,"rad":null,"eld":-4,"dis":-4,"aunits":null,"prog":null,"pop":null,"reac":null,"expires":null,"rentassist":null},"geometry":{"type":"Point","coordinates":[-81.563273999890001,41.064233998827298]}},
{"type":"Feature","properties":{"kind":"ph","name":"HONEY LOCUST GARDEN","owner":"Akron Metropolitan Housing Authority","addr":"3471 Prange Dr","city":"Cuyahoga Falls","units":5,"btype":"walk-up apartments","status":null,"built":1981,"rad":null,"eld":-4,"dis":-4,"aunits":null,"prog":null,"pop":null,"reac":null,"expires":null,"rentassist":null},"geometry":{"type":"Point","coordinates":[-81.5011150001435,41.156245999116301]}},
{"type":"Feature","properties":{"kind":"ph","name":"STEPHANIE KEYS BUILDING","owner":"Akron Metropolitan Housing Authority","addr":"4133 Fishcreek Rd","city":"Stow","units":100,"btype":"elevator high-rise","status":null,"built":1982,"rad":null,"eld":68,"dis":73,"aunits":null,"prog":null,"pop":null,"reac":null,"expires":null,"rentassist":null},"geometry":{"type":"Point","coordinates":[-81.406184999793197,41.168108999172603]}},
{"type":"Feature","properties":{"kind":"ph","name":"Edgewood Village I","owner":"Akron Metropolitan Housing Authority","addr":"719 Edgewood Ave","city":"Akron","units":2,"btype":"semi-detached / duplex","status":null,"built":null,"rad":null,"eld":-4,"dis":-4,"aunits":null,"prog":null,"pop":null,"reac":null,"expires":null,"rentassist":null},"geometry":{"type":"Point","coordinates":[-81.539412999618804,41.073864998773999]}},
{"type":"Feature","properties":{"kind":"ph","name":"Scattered Sites","owner":"Akron Metropolitan Housing Authority","addr":"522 Anderson Ave","city":"Akron","units":1,"btype":"single-family house","status":null,"built":null,"rad":null,"eld":-4,"dis":-4,"aunits":null,"prog":null,"pop":null,"reac":null,"expires":null,"rentassist":null},"geometry":{"type":"Point","coordinates":[-81.480700000184299,41.049577999179597]}},
{"type":"Feature","properties":{"kind":"ph","name":"Mohawk","owner":"Akron Metropolitan Housing Authority","addr":"62 Safer Plz","city":"Akron","units":6,"btype":"row / townhouse","status":null,"built":1970,"rad":null,"eld":-4,"dis":-4,"aunits":null,"prog":null,"pop":null,"reac":null,"expires":null,"rentassist":null},"geometry":{"type":"Point","coordinates":[-81.4900630002535,41.023111999357702]}},
{"type":"Feature","properties":{"kind":"ph","name":"Scattered Sites","owner":"Akron Metropolitan Housing Authority","addr":"758 Noah Ave","city":"Akron","units":1,"btype":"single-family house","status":null,"built":null,"rad":null,"eld":-4,"dis":-4,"aunits":null,"prog":null,"pop":null,"reac":null,"expires":null,"rentassist":null},"geometry":{"type":"Point","coordinates":[-81.555295999867894,41.077670998756297]}},
{"type":"Feature","properties":{"kind":"ph","name":"EASTSIDE","owner":"Cuyahoga Metropolitan Housing Authority","addr":"2724 E 99th Pl","city":"Cleveland","units":2,"btype":"semi-detached / duplex","status":"demolition/disposition proposed","built":1972,"rad":"PBRA","eld":-4,"dis":-4,"aunits":null,"prog":null,"pop":null,"reac":null,"expires":null,"rentassist":null},"geometry":{"type":"Point","coordinates":[-81.615942000419096,41.485467998786298]}},
{"type":"Feature","properties":{"kind":"ph","name":"Scattered Sites","owner":"Akron Metropolitan Housing Authority","addr":"447 Fernwood Dr","city":"Akron","units":1,"btype":"single-family house","status":null,"built":null,"rad":null,"eld":-4,"dis":-4,"aunits":null,"prog":null,"pop":null,"reac":null,"expires":null,"rentassist":null},"geometry":{"type":"Point","coordinates":[-81.544483000352599,41.084633999190402]}},
{"type":"Feature","properties":{"kind":"ph","name":"Scattered Sites","owner":"Akron Metropolitan Housing Authority","addr":"1024 Morningview Ave","city":"Akron","units":1,"btype":"single-family house","status":null,"built":1971,"rad":null,"eld":-4,"dis":-4,"aunits":null,"prog":null,"pop":null,"reac":null,"expires":null,"rentassist":null},"geometry":{"type":"Point","coordinates":[-81.456842000286201,41.089458998767903]}},
{"type":"Feature","properties":{"kind":"ph","name":"Edgewood Village 4","owner":"Akron Metropolitan Housing Authority","addr":"723 Raymond St","city":"Akron","units":1,"btype":"single-family house","status":null,"built":null,"rad":null,"eld":-4,"dis":-4,"aunits":null,"prog":null,"pop":null,"reac":null,"expires":null,"rentassist":null},"geometry":{"type":"Point","coordinates":[-81.542145999903298,41.075140999096803]}},
{"type":"Feature","properties":{"kind":"ph","name":"Scattered Sites","owner":"Akron Metropolitan Housing Authority","addr":"905 Bertha Ave","city":"Akron","units":1,"btype":"single-family house","status":null,"built":1970,"rad":null,"eld":-4,"dis":-4,"aunits":null,"prog":null,"pop":null,"reac":null,"expires":null,"rentassist":null},"geometry":{"type":"Point","coordinates":[-81.497608999557002,41.052106998930803]}},
{"type":"Feature","properties":{"kind":"ph","name":"Scattered Sites","owner":"Akron Metropolitan Housing Authority","addr":"833 National Ave","city":"Akron","units":1,"btype":"single-family house","status":null,"built":1951,"rad":null,"eld":-4,"dis":-4,"aunits":null,"prog":null,"pop":null,"reac":null,"expires":null,"rentassist":null},"geometry":{"type":"Point","coordinates":[-81.556368999745601,41.056525999147702]}},
{"type":"Feature","properties":{"kind":"ph","name":"Edgewood Village 4","owner":"Akron Metropolitan Housing Authority","addr":"747 Raymond St","city":"Akron","units":1,"btype":"single-family house","status":null,"built":null,"rad":null,"eld":-4,"dis":-4,"aunits":null,"prog":null,"pop":null,"reac":null,"expires":null,"rentassist":null},"geometry":{"type":"Point","coordinates":[-81.541725999778706,41.073795998813402]}},
{"type":"Feature","properties":{"kind":"ph","name":"Scattered Sites","owner":"Akron Metropolitan Housing Authority","addr":"991 Kickapoo Ave","city":"Akron","units":1,"btype":"single-family house","status":null,"built":1975,"rad":null,"eld":-4,"dis":-4,"aunits":null,"prog":null,"pop":null,"reac":null,"expires":null,"rentassist":null},"geometry":{"type":"Point","coordinates":[-81.469541000164199,41.090572999018498]}},
{"type":"Feature","properties":{"kind":"ph","name":"Scattered Sites","owner":"Akron Metropolitan Housing Authority","addr":"796 Eugene St","city":"Akron","units":1,"btype":"single-family house","status":null,"built":null,"rad":null,"eld":-4,"dis":-4,"aunits":null,"prog":null,"pop":null,"reac":null,"expires":null,"rentassist":null},"geometry":{"type":"Point","coordinates":[-81.483057999651706,41.045245999121803]}},
{"type":"Feature","properties":{"kind":"ph","name":"Scattered Sites","owner":"Akron Metropolitan Housing Authority","addr":"813 Kelly Ave","city":"Akron","units":1,"btype":"single-family house","status":null,"built":null,"rad":null,"eld":-4,"dis":-4,"aunits":null,"prog":null,"pop":null,"reac":null,"expires":null,"rentassist":null},"geometry":{"type":"Point","coordinates":[-81.481453000394794,41.049641999182597]}},
{"type":"Feature","properties":{"kind":"ph","name":"VAN BUREN HOMES","owner":"Akron Metropolitan Housing Authority","addr":"384 Pasadena Pl","city":"Barberton","units":4,"btype":"row / townhouse","status":null,"built":1972,"rad":null,"eld":-4,"dis":-4,"aunits":null,"prog":null,"pop":null,"reac":null,"expires":null,"rentassist":null},"geometry":{"type":"Point","coordinates":[-81.599090000049401,41.005054999403903]}},
{"type":"Feature","properties":{"kind":"ph","name":"Scattered Sites","owner":"Akron Metropolitan Housing Authority","addr":"1231 Herman Ave","city":"Akron","units":1,"btype":"single-family house","status":null,"built":null,"rad":null,"eld":-4,"dis":-4,"aunits":null,"prog":null,"pop":null,"reac":null,"expires":null,"rentassist":null},"geometry":{"type":"Point","coordinates":[-81.555711999794596,41.070810998727303]}},
{"type":"Feature","properties":{"kind":"ph","name":"VAN BUREN HOMES","owner":"Akron Metropolitan Housing Authority","addr":"434 Nebraska Pl","city":"Barberton","units":4,"btype":"row / townhouse","status":null,"built":1972,"rad":null,"eld":-4,"dis":-4,"aunits":null,"prog":null,"pop":null,"reac":null,"expires":null,"rentassist":null},"geometry":{"type":"Point","coordinates":[-81.600152000056397,41.0048209989478]}},
{"type":"Feature","properties":{"kind":"ph","name":"SCRANTON WOODS/CLOVERDALE","owner":"Geauga Metropolitian Housing Authority","addr":"16758 Findlay St","city":"Chagrin Falls","units":2,"btype":"semi-detached / duplex","status":null,"built":1982,"rad":null,"eld":-4,"dis":-4,"aunits":null,"prog":null,"pop":null,"reac":null,"expires":null,"rentassist":null},"geometry":{"type":"Point","coordinates":[-81.386554999831503,41.4132379990332]}},
{"type":"Feature","properties":{"kind":"ph","name":"Scattered Sites","owner":"Akron Metropolitan Housing Authority","addr":"820 Kelly Ave","city":"Akron","units":1,"btype":"single-family house","status":null,"built":null,"rad":null,"eld":-4,"dis":-4,"aunits":null,"prog":null,"pop":null,"reac":null,"expires":null,"rentassist":null},"geometry":{"type":"Point","coordinates":[-81.481891999887594,41.049461998803899]}},
{"type":"Feature","properties":{"kind":"ph","name":"MAPLEWOOD GARDENS","owner":"Akron Metropolitan Housing Authority","addr":"457 Hardman Dr","city":"Cuyahoga Falls","units":8,"btype":"walk-up apartments","status":null,"built":1981,"rad":null,"eld":-4,"dis":-4,"aunits":null,"prog":null,"pop":null,"reac":null,"expires":null,"rentassist":null},"geometry":{"type":"Point","coordinates":[-81.491774999640498,41.187023999237198]}},
{"type":"Feature","properties":{"kind":"ph","name":"Scattered Sites","owner":"Akron Metropolitan Housing Authority","addr":"924 Caddo Ave","city":"Akron","units":1,"btype":"single-family house","status":null,"built":1975,"rad":null,"eld":-4,"dis":-4,"aunits":null,"prog":null,"pop":null,"reac":null,"expires":null,"rentassist":null},"geometry":{"type":"Point","coordinates":[-81.472769999842797,41.089685999083997]}},
{"type":"Feature","properties":{"kind":"ph","name":"Scattered Sites","owner":"Akron Metropolitan Housing Authority","addr":"280 Noah Ave","city":"Akron","units":1,"btype":"single-family house","status":null,"built":null,"rad":null,"eld":-4,"dis":-4,"aunits":null,"prog":null,"pop":null,"reac":null,"expires":null,"rentassist":null},"geometry":{"type":"Point","coordinates":[-81.5553450002717,41.089479999381801]}},
{"type":"Feature","properties":{"kind":"ph","name":"LEAVITT HOMES","owner":"Lorain Metropolitan Housing Authority","addr":"3719 Oxford Dr Apt","city":"Lorain","units":1,"btype":"single-family house","status":null,"built":1996,"rad":null,"eld":-4,"dis":-4,"aunits":null,"prog":null,"pop":null,"reac":null,"expires":null,"rentassist":null},"geometry":{"type":"Point","coordinates":[-82.212703000012297,41.436316998813197]}},
{"type":"Feature","properties":{"kind":"ph","name":"OBERLIN HOMES","owner":"Lorain Metropolitan Housing Authority","addr":"1547 E 31st St Apt","city":"Lorain","units":4,"btype":"row / townhouse","status":"demolition/disposition proposed","built":1973,"rad":"PBV","eld":-4,"dis":-4,"aunits":null,"prog":null,"pop":null,"reac":null,"expires":null,"rentassist":null},"geometry":{"type":"Point","coordinates":[-82.146670000331596,41.442054999036699]}},
{"type":"Feature","properties":{"kind":"ph","name":"CEDAR CENTRAL","owner":"Cuyahoga Metropolitan Housing Authority","addr":"2614 Cedar Ave","city":"Cleveland","units":42,"btype":"walk-up apartments","status":null,"built":1935,"rad":null,"eld":7,"dis":12,"aunits":null,"prog":null,"pop":null,"reac":null,"expires":null,"rentassist":null},"geometry":{"type":"Point","coordinates":[-81.669391999674403,41.498497999326403]}},
{"type":"Feature","properties":{"kind":"ph","name":"Oberlin Homes LIHTC","owner":"Lorain Metropolitan Housing Authority","addr":"234 S Park St Apt","city":"Oberlin","units":1,"btype":"single-family house","status":null,"built":1966,"rad":null,"eld":-4,"dis":-4,"aunits":null,"prog":null,"pop":null,"reac":null,"expires":null,"rentassist":null},"geometry":{"type":"Point","coordinates":[-82.2126860002938,41.285650999283398]}},
{"type":"Feature","properties":{"kind":"ph","name":"Tremont Pointe I","owner":"Cuyahoga Metropolitan Housing Authority","addr":"2582 W 7th St","city":"Cleveland","units":10,"btype":"row / townhouse","status":null,"built":null,"rad":null,"eld":-4,"dis":-4,"aunits":null,"prog":null,"pop":null,"reac":null,"expires":null,"rentassist":null},"geometry":{"type":"Point","coordinates":[-81.680576999633701,41.477704998778997]}},
{"type":"Feature","properties":{"kind":"ph","name":"Scattered Sites","owner":"Akron Metropolitan Housing Authority","addr":"203 Stull Ave","city":"Akron","units":1,"btype":"single-family house","status":null,"built":1963,"rad":null,"eld":-4,"dis":-4,"aunits":null,"prog":null,"pop":null,"reac":null,"expires":null,"rentassist":null},"geometry":{"type":"Point","coordinates":[-81.424701999694193,41.050514998775903]}},
{"type":"Feature","properties":{"kind":"ph","name":"SOUTHEAST","owner":"Cuyahoga Metropolitan Housing Authority","addr":"7817 Worley Ave","city":"Cleveland","units":2,"btype":"semi-detached / duplex","status":"demolition/disposition proposed","built":null,"rad":"PBRA","eld":-4,"dis":-4,"aunits":null,"prog":null,"pop":null,"reac":null,"expires":null,"rentassist":null},"geometry":{"type":"Point","coordinates":[-81.633074000272899,41.452148999245097]}},
{"type":"Feature","properties":{"kind":"ph","name":"Riverview Replacement","owner":"Cuyahoga Metropolitan Housing Authority","addr":"3725 W 117th St","city":"Cleveland","units":1,"btype":"single-family house","status":null,"built":1952,"rad":null,"eld":-4,"dis":-4,"aunits":null,"prog":null,"pop":null,"reac":null,"expires":null,"rentassist":null},"geometry":{"type":"Point","coordinates":[-81.768800000206397,41.451513999260897]}},
{"type":"Feature","properties":{"kind":"ph","name":"OUTHWAITE","owner":"Cuyahoga Metropolitan Housing Authority","addr":"4805 Woodland Ave","city":"Cleveland","units":10,"btype":"row / townhouse","status":null,"built":1942,"rad":null,"eld":-4,"dis":-4,"aunits":null,"prog":null,"pop":null,"reac":null,"expires":null,"rentassist":null},"geometry":{"type":"Point","coordinates":[-81.655299000426695,41.488887999155097]}},
{"type":"Feature","properties":{"kind":"ph","name":"VAN BUREN HOMES","owner":"Akron Metropolitan Housing Authority","addr":"243 Illinois Pl","city":"Barberton","units":3,"btype":"row / townhouse","status":null,"built":1972,"rad":null,"eld":-4,"dis":-4,"aunits":null,"prog":null,"pop":null,"reac":null,"expires":null,"rentassist":null},"geometry":{"type":"Point","coordinates":[-81.600075000063498,41.006617998990897]}},
{"type":"Feature","properties":{"kind":"ph","name":"Scattered Sites","owner":"Akron Metropolitan Housing Authority","addr":"330 Graham Rd","city":"Cuyahoga Falls","units":1,"btype":"single-family house","status":null,"built":1955,"rad":null,"eld":-4,"dis":-4,"aunits":null,"prog":null,"pop":null,"reac":null,"expires":null,"rentassist":null},"geometry":{"type":"Point","coordinates":[-81.497621999975806,41.155201999219997]}},
{"type":"Feature","properties":{"kind":"ph","name":"LAUER APTS","owner":"Akron Metropolitan Housing Authority","addr":"666 N Howard St","city":"Akron","units":141,"btype":"elevator high-rise","status":null,"built":1970,"rad":null,"eld":40,"dis":82,"aunits":null,"prog":null,"pop":null,"reac":null,"expires":null,"rentassist":null},"geometry":{"type":"Point","coordinates":[-81.514932999929798,41.102689998986001]}},
{"type":"Feature","properties":{"kind":"ph","name":"Heritage Homes I (former Garden Valley)","owner":"Cuyahoga Metropolitan Housing Authority","addr":"6965 Anita Kennedy Rd SE","city":"Cleveland","units":4,"btype":"row / townhouse","status":null,"built":2010,"rad":null,"eld":-4,"dis":-4,"aunits":null,"prog":null,"pop":null,"reac":null,"expires":null,"rentassist":null},"geometry":{"type":"Point","coordinates":[-81.641526999772793,41.480175999274103]}},
{"type":"Feature","properties":{"kind":"ph","name":"HOUGH","owner":"Cuyahoga Metropolitan Housing Authority","addr":"5716 Curtis Ct","city":"Cleveland","units":6,"btype":"row / townhouse","status":null,"built":1971,"rad":null,"eld":-4,"dis":-4,"aunits":null,"prog":null,"pop":null,"reac":null,"expires":null,"rentassist":null},"geometry":{"type":"Point","coordinates":[-81.651325000035101,41.506745999122103]}},
{"type":"Feature","properties":{"kind":"ph","name":"DOWNTOWN","owner":"Cuyahoga Metropolitan Housing Authority","addr":"2625 Loop Dr","city":"Cleveland","units":6,"btype":"row / townhouse","status":null,"built":1937,"rad":null,"eld":-4,"dis":-4,"aunits":null,"prog":null,"pop":null,"reac":null,"expires":null,"rentassist":null},"geometry":{"type":"Point","coordinates":[-81.711575999677706,41.493714998765199]}},
{"type":"Feature","properties":{"kind":"ph","name":"East Side Neighborhood Homes","owner":"Cuyahoga Metropolitan Housing Authority","addr":"2316 E 77th St","city":"Cleveland","units":1,"btype":"single-family house","status":null,"built":2005,"rad":null,"eld":-4,"dis":-4,"aunits":null,"prog":null,"pop":null,"reac":null,"expires":null,"rentassist":null},"geometry":{"type":"Point","coordinates":[-81.635101000202496,41.494826999368897]}},
{"type":"Feature","properties":{"kind":"ph","name":"SOUTHEAST","owner":"Cuyahoga Metropolitan Housing Authority","addr":"7827 Worley Ave","city":"Cleveland","units":2,"btype":"semi-detached / duplex","status":"demolition/disposition proposed","built":null,"rad":"PBRA","eld":-4,"dis":-4,"aunits":null,"prog":null,"pop":null,"reac":null,"expires":null,"rentassist":null},"geometry":{"type":"Point","coordinates":[-81.632762000103398,41.452345999078503]}},
{"type":"Feature","properties":{"kind":"ph","name":"Heritage Homes II (former Garden Valley)","owner":"Cuyahoga Metropolitan Housing Authority","addr":"3011 E 77th St","city":"Cleveland","units":1,"btype":"single-family house","status":null,"built":2011,"rad":null,"eld":-4,"dis":-4,"aunits":null,"prog":null,"pop":null,"reac":null,"expires":null,"rentassist":null},"geometry":{"type":"Point","coordinates":[-81.634830999865798,41.476837999174798]}},
{"type":"Feature","properties":{"kind":"ph","name":"Heritage Homes II (former Garden Valley)","owner":"Cuyahoga Metropolitan Housing Authority","addr":"2972 E 75th St","city":"Cleveland","units":1,"btype":"single-family house","status":null,"built":2011,"rad":null,"eld":-4,"dis":-4,"aunits":null,"prog":null,"pop":null,"reac":null,"expires":null,"rentassist":null},"geometry":{"type":"Point","coordinates":[-81.636532000280397,41.478612999322301]}},
{"type":"Feature","properties":{"kind":"ph","name":"Edgewood Village South","owner":"Akron Metropolitan Housing Authority","addr":"419 W Bartges St","city":"Akron","units":3,"btype":"row / townhouse","status":null,"built":2012,"rad":null,"eld":-4,"dis":-4,"aunits":null,"prog":null,"pop":null,"reac":null,"expires":null,"rentassist":null},"geometry":{"type":"Point","coordinates":[-81.541601000105203,41.070694999222901]}},
{"type":"Feature","properties":{"kind":"ph","name":"Joy Park","owner":"Akron Metropolitan Housing Authority","addr":"1366 Minson Way","city":"Akron","units":6,"btype":"row / townhouse","status":null,"built":1970,"rad":null,"eld":-4,"dis":-4,"aunits":null,"prog":null,"pop":null,"reac":null,"expires":null,"rentassist":null},"geometry":{"type":"Point","coordinates":[-81.482996999552299,41.057017999252103]}},
{"type":"Feature","properties":{"kind":"ph","name":"SCRANTON WOODS/CLOVERDALE","owner":"Geauga Metropolitian Housing Authority","addr":"15615 Cloverdale Dr","city":"Middlefield","units":2,"btype":"semi-detached / duplex","status":null,"built":1985,"rad":null,"eld":-4,"dis":-4,"aunits":null,"prog":null,"pop":null,"reac":null,"expires":null,"rentassist":null},"geometry":{"type":"Point","coordinates":[-81.085622000037205,41.452141998993902]}},
{"type":"Feature","properties":{"kind":"ph","name":"Edgewood Village 4","owner":"Akron Metropolitan Housing Authority","addr":"746 Edgewood Ave","city":"Akron","units":3,"btype":"row / townhouse","status":null,"built":null,"rad":null,"eld":-4,"dis":-4,"aunits":null,"prog":null,"pop":null,"reac":null,"expires":null,"rentassist":null},"geometry":{"type":"Point","coordinates":[-81.539992999576995,41.0738779991119]}},
{"type":"Feature","properties":{"kind":"ph","name":"SUMMIT LAKE","owner":"Akron Metropolitan Housing Authority","addr":"250 W Crosier St","city":"Akron","units":2,"btype":"semi-detached / duplex","status":null,"built":2013,"rad":null,"eld":-4,"dis":-4,"aunits":null,"prog":null,"pop":null,"reac":null,"expires":null,"rentassist":null},"geometry":{"type":"Point","coordinates":[-81.537733999843795,41.059371999395097]}},
{"type":"Feature","properties":{"kind":"ph","name":"VAN BUREN HOMES","owner":"Akron Metropolitan Housing Authority","addr":"223 Illinois Pl","city":"Barberton","units":3,"btype":"row / townhouse","status":null,"built":1972,"rad":null,"eld":-4,"dis":-4,"aunits":null,"prog":null,"pop":null,"reac":null,"expires":null,"rentassist":null},"geometry":{"type":"Point","coordinates":[-81.599917999704601,41.0067609989337]}},
{"type":"Feature","properties":{"kind":"ph","name":"OBERLIN HOMES","owner":"Lorain Metropolitan Housing Authority","addr":"5033 Clifton Ave Apt","city":"Lorain","units":1,"btype":"single-family house","status":null,"built":1997,"rad":null,"eld":-4,"dis":-4,"aunits":null,"prog":null,"pop":null,"reac":null,"expires":null,"rentassist":null},"geometry":{"type":"Point","coordinates":[-82.155948000012003,41.4211639994002]}},
{"type":"Feature","properties":{"kind":"ph","name":"Scattered Sites","owner":"Akron Metropolitan Housing Authority","addr":"1254 Cordova Ave","city":"Akron","units":1,"btype":"single-family house","status":null,"built":1969,"rad":null,"eld":-4,"dis":-4,"aunits":null,"prog":null,"pop":null,"reac":null,"expires":null,"rentassist":null},"geometry":{"type":"Point","coordinates":[-81.575325999862599,41.075191999209103]}},
{"type":"Feature","properties":{"kind":"ph","name":"PINEWOOD GARDENS","owner":"Akron Metropolitan Housing Authority","addr":"8816 Ray Ct Apt 1","city":"Twinsburg","units":5,"btype":"walk-up apartments","status":null,"built":1980,"rad":null,"eld":-4,"dis":-4,"aunits":null,"prog":null,"pop":null,"reac":null,"expires":null,"rentassist":null},"geometry":{"type":"Point","coordinates":[-81.458520000236305,41.308857999314696]}},
{"type":"Feature","properties":{"kind":"ph","name":"Valley View","owner":"Akron Metropolitan Housing Authority","addr":"925 Springdale St","city":"Akron","units":6,"btype":"row / townhouse","status":null,"built":1970,"rad":null,"eld":-4,"dis":-4,"aunits":null,"prog":null,"pop":null,"reac":null,"expires":null,"rentassist":null},"geometry":{"type":"Point","coordinates":[-81.521293000276202,41.110256998784998]}},
{"type":"Feature","properties":{"kind":"ph","name":"Cascade Village East/West","owner":"Akron Metropolitan Housing Authority","addr":"267 E North St","city":"Akron","units":3,"btype":"row / townhouse","status":null,"built":2009,"rad":null,"eld":-4,"dis":-4,"aunits":null,"prog":null,"pop":null,"reac":null,"expires":null,"rentassist":null},"geometry":{"type":"Point","coordinates":[-81.506800000097101,41.089646999318099]}},
{"type":"Feature","properties":{"kind":"ph","name":"Scattered Sites","owner":"Akron Metropolitan Housing Authority","addr":"924 Kickapoo Ave","city":"Akron","units":1,"btype":"single-family house","status":null,"built":1955,"rad":null,"eld":-4,"dis":-4,"aunits":null,"prog":null,"pop":null,"reac":null,"expires":null,"rentassist":null},"geometry":{"type":"Point","coordinates":[-81.470039999931501,41.0887669991236]}},
{"type":"Feature","properties":{"kind":"ph","name":"PINEWOOD GARDENS","owner":"Akron Metropolitan Housing Authority","addr":"8806 Ray Ct Apt 5","city":"Twinsburg","units":5,"btype":"walk-up apartments","status":null,"built":1980,"rad":null,"eld":-4,"dis":-4,"aunits":null,"prog":null,"pop":null,"reac":null,"expires":null,"rentassist":null},"geometry":{"type":"Point","coordinates":[-81.458687999567502,41.3088569992901]}},
{"type":"Feature","properties":{"kind":"ph","name":"Scattered Sites","owner":"Akron Metropolitan Housing Authority","addr":"1262 Bee Bee Cir","city":"Akron","units":1,"btype":"single-family house","status":null,"built":1974,"rad":null,"eld":-4,"dis":-4,"aunits":null,"prog":null,"pop":null,"reac":null,"expires":null,"rentassist":null},"geometry":{"type":"Point","coordinates":[-81.472497999856301,41.090483999366299]}},
{"type":"Feature","properties":{"kind":"ph","name":"Scattered Sites","owner":"Akron Metropolitan Housing Authority","addr":"746 Eugene St","city":"Akron","units":1,"btype":"single-family house","status":null,"built":null,"rad":null,"eld":-4,"dis":-4,"aunits":null,"prog":null,"pop":null,"reac":null,"expires":null,"rentassist":null},"geometry":{"type":"Point","coordinates":[-81.483037999560196,41.046172998974903]}},
{"type":"Feature","properties":{"kind":"ph","name":"Scattered Sites","owner":"Akron Metropolitan Housing Authority","addr":"994 Sawyer Ave","city":"Akron","units":1,"btype":"single-family house","status":null,"built":1975,"rad":null,"eld":-4,"dis":-4,"aunits":null,"prog":null,"pop":null,"reac":null,"expires":null,"rentassist":null},"geometry":{"type":"Point","coordinates":[-81.505406999653999,41.112745999144302]}},
{"type":"Feature","properties":{"kind":"ph","name":"Tremont Pointe II","owner":"Cuyahoga Metropolitan Housing Authority","addr":"2563 W 5th St","city":"Cleveland","units":5,"btype":"row / townhouse","status":null,"built":2009,"rad":null,"eld":-4,"dis":-4,"aunits":null,"prog":null,"pop":null,"reac":null,"expires":null,"rentassist":null},"geometry":{"type":"Point","coordinates":[-81.678695000367398,41.477994999328601]}},
{"type":"Feature","properties":{"kind":"ph","name":"Scattered Sites","owner":"Akron Metropolitan Housing Authority","addr":"927 Caddo Ave","city":"Akron","units":1,"btype":"single-family house","status":null,"built":1974,"rad":null,"eld":-4,"dis":-4,"aunits":null,"prog":null,"pop":null,"reac":null,"expires":null,"rentassist":null},"geometry":{"type":"Point","coordinates":[-81.472688999651993,41.0900429992504]}},
{"type":"Feature","properties":{"kind":"ph","name":"OUTHWAITE","owner":"Cuyahoga Metropolitan Housing Authority","addr":"4901 Woodland Ave","city":"Cleveland","units":10,"btype":"row / townhouse","status":null,"built":1942,"rad":null,"eld":-4,"dis":-4,"aunits":null,"prog":null,"pop":null,"reac":null,"expires":null,"rentassist":null},"geometry":{"type":"Point","coordinates":[-81.654880999951999,41.488805999173302]}},
{"type":"Feature","properties":{"kind":"ph","name":"Oberlin Homes LIHTC","owner":"Lorain Metropolitan Housing Authority","addr":"142 Groveland St Apt","city":"Oberlin","units":1,"btype":"single-family house","status":null,"built":1966,"rad":null,"eld":-4,"dis":-4,"aunits":null,"prog":null,"pop":null,"reac":null,"expires":null,"rentassist":null},"geometry":{"type":"Point","coordinates":[-82.211717000173294,41.287424999280702]}},
{"type":"Feature","properties":{"kind":"ph","name":"Scattered Sites","owner":"Akron Metropolitan Housing Authority","addr":"1286 Tomahawk St","city":"Akron","units":1,"btype":"single-family house","status":null,"built":1975,"rad":null,"eld":-4,"dis":-4,"aunits":null,"prog":null,"pop":null,"reac":null,"expires":null,"rentassist":null},"geometry":{"type":"Point","coordinates":[-81.471476999857202,41.089749999326699]}},
{"type":"Feature","properties":{"kind":"ph","name":"Scattered Sites","owner":"Akron Metropolitan Housing Authority","addr":"999 Cree Ave","city":"Akron","units":1,"btype":"single-family house","status":null,"built":1975,"rad":null,"eld":-4,"dis":-4,"aunits":null,"prog":null,"pop":null,"reac":null,"expires":null,"rentassist":null},"geometry":{"type":"Point","coordinates":[-81.468532999685607,41.091164998847603]}},
{"type":"Feature","properties":{"kind":"ph","name":"KING KENNEDY","owner":"Cuyahoga Metropolitan Housing Authority","addr":"6156 Scovill Ave","city":"Cleveland","units":5,"btype":"row / townhouse","status":null,"built":2004,"rad":null,"eld":-4,"dis":-4,"aunits":null,"prog":null,"pop":null,"reac":null,"expires":null,"rentassist":null},"geometry":{"type":"Point","coordinates":[-81.647250000259604,41.491515999258802]}},
{"type":"Feature","properties":{"kind":"ph","name":"DOWNTOWN","owner":"Cuyahoga Metropolitan Housing Authority","addr":"2828 Washington Ave","city":"Cleveland","units":19,"btype":"row / townhouse","status":null,"built":1937,"rad":null,"eld":-4,"dis":-4,"aunits":null,"prog":null,"pop":null,"reac":null,"expires":null,"rentassist":null},"geometry":{"type":"Point","coordinates":[-81.711353000095002,41.491321999060503]}},
{"type":"Feature","properties":{"kind":"ph","name":"Scattered Sites","owner":"Akron Metropolitan Housing Authority","addr":"302 Turner St","city":"Akron","units":1,"btype":"single-family house","status":null,"built":null,"rad":null,"eld":-4,"dis":-4,"aunits":null,"prog":null,"pop":null,"reac":null,"expires":null,"rentassist":null},"geometry":{"type":"Point","coordinates":[-81.510524000243393,41.094751999334399]}},
{"type":"Feature","properties":{"kind":"ph","name":"OBERLIN HOMES","owner":"Lorain Metropolitan Housing Authority","addr":"1652 E 30th St Apt","city":"Lorain","units":1,"btype":"single-family house","status":"demolition/disposition proposed","built":1972,"rad":"PBV","eld":-4,"dis":-4,"aunits":null,"prog":null,"pop":null,"reac":null,"expires":null,"rentassist":null},"geometry":{"type":"Point","coordinates":[-82.142335000265007,41.443288998888796]}},
{"type":"Feature","properties":{"kind":"ph","name":"Riverview Replacement","owner":"Cuyahoga Metropolitan Housing Authority","addr":"12713 Firsby Ave","city":"Cleveland","units":1,"btype":"single-family house","status":null,"built":null,"rad":null,"eld":-4,"dis":-4,"aunits":null,"prog":null,"pop":null,"reac":null,"expires":null,"rentassist":null},"geometry":{"type":"Point","coordinates":[-81.777625000150195,41.437925999006197]}},
{"type":"Feature","properties":{"kind":"ph","name":"EASTSIDE","owner":"Cuyahoga Metropolitan Housing Authority","addr":null,"city":"Cleveland","units":2,"btype":"row / townhouse","status":"demolition/disposition approved","built":1940,"rad":"PBRA","eld":-4,"dis":-4,"aunits":null,"prog":null,"pop":null,"reac":null,"expires":null,"rentassist":null},"geometry":{"type":"Point","coordinates":[-81.625800000057595,41.475299998771099]}},
{"type":"Feature","properties":{"kind":"ph","name":"Riverview Replacement","owner":"Cuyahoga Metropolitan Housing Authority","addr":"4121 Sackett Ave","city":"Cleveland","units":1,"btype":"single-family house","status":null,"built":1910,"rad":null,"eld":-4,"dis":-4,"aunits":null,"prog":null,"pop":null,"reac":null,"expires":null,"rentassist":null},"geometry":{"type":"Point","coordinates":[-81.714166999671903,41.463239999147298]}},
{"type":"Feature","properties":{"kind":"ph","name":"COLONIAL HILLS","owner":"Akron Metropolitan Housing Authority","addr":"117 Colonial Hills Dr","city":"Akron","units":6,"btype":"row / townhouse","status":null,"built":1967,"rad":null,"eld":-4,"dis":-4,"aunits":null,"prog":null,"pop":null,"reac":null,"expires":null,"rentassist":null},"geometry":{"type":"Point","coordinates":[-81.502110000203302,41.107230998914801]}},
{"type":"Feature","properties":{"kind":"ph","name":"Scattered Sites","owner":"Akron Metropolitan Housing Authority","addr":"133 W Crosier St","city":"Akron","units":1,"btype":"single-family house","status":null,"built":null,"rad":null,"eld":-4,"dis":-4,"aunits":null,"prog":null,"pop":null,"reac":null,"expires":null,"rentassist":null},"geometry":{"type":"Point","coordinates":[-81.531309000098403,41.059761998873498]}},
{"type":"Feature","properties":{"kind":"ph","name":"EASTSIDE","owner":"Cuyahoga Metropolitan Housing Authority","addr":"10516 Mount Carmel Rd Apt A","city":"Cleveland","units":8,"btype":"row / townhouse","status":"demolition/disposition approved","built":1940,"rad":null,"eld":-4,"dis":-4,"aunits":null,"prog":null,"pop":null,"reac":null,"expires":null,"rentassist":null},"geometry":{"type":"Point","coordinates":[-81.611537999857205,41.491087998963998]}},
{"type":"Feature","properties":{"kind":"ph","name":"East Side Neighborhood Homes","owner":"Cuyahoga Metropolitan Housing Authority","addr":"2255 E 71st St","city":"Cleveland","units":1,"btype":"single-family house","status":null,"built":2005,"rad":null,"eld":-4,"dis":-4,"aunits":null,"prog":null,"pop":null,"reac":null,"expires":null,"rentassist":null},"geometry":{"type":"Point","coordinates":[-81.639256000344005,41.497435998838199]}},
{"type":"Feature","properties":{"kind":"ph","name":"WILKES-VILLA","owner":"Lorain Metropolitan Housing Authority","addr":"501 East Ave Apt","city":"Elyria","units":1,"btype":"single-family house","status":null,"built":1996,"rad":null,"eld":-4,"dis":-4,"aunits":null,"prog":null,"pop":null,"reac":null,"expires":null,"rentassist":null},"geometry":{"type":"Point","coordinates":[-82.104089999594805,41.362507998825201]}},
{"type":"Feature","properties":{"kind":"ph","name":"Heritage Homes III (former Garden Valley","owner":"Cuyahoga Metropolitan Housing Authority","addr":"7229 Carson Ave","city":"Cleveland","units":1,"btype":"single-family house","status":null,"built":2011,"rad":null,"eld":-4,"dis":-4,"aunits":null,"prog":null,"pop":null,"reac":null,"expires":null,"rentassist":null},"geometry":{"type":"Point","coordinates":[-81.637725999633602,41.475052999261599]}},
{"type":"Feature","properties":{"kind":"ph","name":"EASTSIDE","owner":"Cuyahoga Metropolitan Housing Authority","addr":"11432 Woodland Ave","city":"Cleveland","units":4,"btype":"row / townhouse","status":"demolition/disposition proposed","built":2013,"rad":"PBRA","eld":-4,"dis":-4,"aunits":null,"prog":null,"pop":null,"reac":null,"expires":null,"rentassist":null},"geometry":{"type":"Point","coordinates":[-81.605291000387098,41.488245999198497]}},
{"type":"Feature","properties":{"kind":"ph","name":"Cascade Village South","owner":"Akron Metropolitan Housing Authority","addr":"196 Stuber St","city":"Akron","units":2,"btype":"semi-detached / duplex","status":null,"built":2008,"rad":null,"eld":-4,"dis":-4,"aunits":null,"prog":null,"pop":null,"reac":null,"expires":null,"rentassist":null},"geometry":{"type":"Point","coordinates":[-81.510976000154997,41.090393998933699]}},
{"type":"Feature","properties":{"kind":"ph","name":"MAPLEWOOD GARDENS","owner":"Akron Metropolitan Housing Authority","addr":"4175 Americana Dr","city":"Cuyahoga Falls","units":45,"btype":"walk-up apartments","status":null,"built":1966,"rad":null,"eld":19,"dis":26,"aunits":null,"prog":null,"pop":null,"reac":null,"expires":null,"rentassist":null},"geometry":{"type":"Point","coordinates":[-81.491952999915696,41.188083998758003]}},
{"type":"Feature","properties":{"kind":"ph","name":"Scattered Sites","owner":"Akron Metropolitan Housing Authority","addr":"1160 Nome Ave","city":"Akron","units":2,"btype":"semi-detached / duplex","status":null,"built":1960,"rad":null,"eld":-4,"dis":-4,"aunits":null,"prog":null,"pop":null,"reac":null,"expires":null,"rentassist":null},"geometry":{"type":"Point","coordinates":[-81.570861999924603,41.077172999013897]}},
{"type":"Feature","properties":{"kind":"ph","name":"SOUTHEAST","owner":"Cuyahoga Metropolitan Housing Authority","addr":"7821 Spafford Rd","city":"Cleveland","units":2,"btype":"semi-detached / duplex","status":"demolition/disposition proposed","built":null,"rad":"PBRA","eld":-4,"dis":-4,"aunits":null,"prog":null,"pop":null,"reac":null,"expires":null,"rentassist":null},"geometry":{"type":"Point","coordinates":[-81.634131000257,41.452167998961102]}},
{"type":"Feature","properties":{"kind":"ph","name":"Riverview Replacement","owner":"Cuyahoga Metropolitan Housing Authority","addr":"4106 Clinton Ave","city":"Cleveland","units":2,"btype":"semi-detached / duplex","status":null,"built":null,"rad":null,"eld":-4,"dis":-4,"aunits":null,"prog":null,"pop":null,"reac":null,"expires":null,"rentassist":null},"geometry":{"type":"Point","coordinates":[-81.716930999918503,41.486712998924297]}},
{"type":"Feature","properties":{"kind":"ph","name":"SCRANTON WOODS/CLOVERDALE","owner":"Geauga Metropolitian Housing Authority","addr":"14568 Linda Dr","city":"Newbury","units":4,"btype":"row / townhouse","status":null,"built":1985,"rad":null,"eld":-4,"dis":-4,"aunits":null,"prog":null,"pop":null,"reac":null,"expires":null,"rentassist":null},"geometry":{"type":"Point","coordinates":[-81.245200000020901,41.470936998926497]}},
{"type":"Feature","properties":{"kind":"ph","name":"Cascade Village North","owner":"Akron Metropolitan Housing Authority","addr":"156 Elizabeth Pkwy","city":"Akron","units":3,"btype":"row / townhouse","status":null,"built":2006,"rad":null,"eld":-4,"dis":-4,"aunits":null,"prog":null,"pop":null,"reac":null,"expires":null,"rentassist":null},"geometry":{"type":"Point","coordinates":[-81.508995000256206,41.090934998978099]}},
{"type":"Feature","properties":{"kind":"ph","name":"Scattered Sites","owner":"Akron Metropolitan Housing Authority","addr":"930 Carnegie Ave","city":"Akron","units":1,"btype":"single-family house","status":null,"built":1962,"rad":null,"eld":-4,"dis":-4,"aunits":null,"prog":null,"pop":null,"reac":null,"expires":null,"rentassist":null},"geometry":{"type":"Point","coordinates":[-81.562488999892395,41.024657999138498]}},
{"type":"Feature","properties":{"kind":"ph","name":"COLONIAL HILLS","owner":"Akron Metropolitan Housing Authority","addr":"1 Colonial Hills Dr","city":"Akron","units":6,"btype":"row / townhouse","status":null,"built":1967,"rad":null,"eld":-4,"dis":-4,"aunits":null,"prog":null,"pop":null,"reac":null,"expires":null,"rentassist":null},"geometry":{"type":"Point","coordinates":[-81.502202000264802,41.1069029990948]}},
{"type":"Feature","properties":{"kind":"ph","name":"OBERLIN HOMES","owner":"Lorain Metropolitan Housing Authority","addr":"618 E 39th St Apt","city":"Lorain","units":1,"btype":"single-family house","status":null,"built":1997,"rad":null,"eld":-4,"dis":-4,"aunits":null,"prog":null,"pop":null,"reac":null,"expires":null,"rentassist":null},"geometry":{"type":"Point","coordinates":[-82.158838999581903,41.434049998736299]}},
{"type":"Feature","properties":{"kind":"ph","name":"Scattered Sites","owner":"Akron Metropolitan Housing Authority","addr":"462 Sumatra Ave","city":"Akron","units":1,"btype":"single-family house","status":null,"built":null,"rad":null,"eld":-4,"dis":-4,"aunits":null,"prog":null,"pop":null,"reac":null,"expires":null,"rentassist":null},"geometry":{"type":"Point","coordinates":[-81.459217000370302,41.074764999106698]}},
{"type":"Feature","properties":{"kind":"ph","name":"PINEWOOD GARDENS","owner":"Akron Metropolitan Housing Authority","addr":"8792 Ray Ct Apt 1","city":"Twinsburg","units":5,"btype":"walk-up apartments","status":null,"built":1980,"rad":null,"eld":-4,"dis":-4,"aunits":null,"prog":null,"pop":null,"reac":null,"expires":null,"rentassist":null},"geometry":{"type":"Point","coordinates":[-81.4589429998356,41.308857999314696]}},
{"type":"Feature","properties":{"kind":"ph","name":"EASTSIDE","owner":"Cuyahoga Metropolitan Housing Authority","addr":"9342 Mount Auburn Ave","city":"Cleveland","units":2,"btype":"row / townhouse","status":"demolition/disposition approved","built":null,"rad":null,"eld":-4,"dis":-4,"aunits":null,"prog":null,"pop":null,"reac":null,"expires":null,"rentassist":null},"geometry":{"type":"Point","coordinates":[-81.6212559997536,41.4759609992675]}},
{"type":"Feature","properties":{"kind":"ph","name":"Heritage Homes III (former Garden Valley","owner":"Cuyahoga Metropolitan Housing Authority","addr":"7211 Carson Ave","city":"Cleveland","units":4,"btype":"row / townhouse","status":null,"built":2012,"rad":null,"eld":-4,"dis":-4,"aunits":null,"prog":null,"pop":null,"reac":null,"expires":null,"rentassist":null},"geometry":{"type":"Point","coordinates":[-81.637810000197504,41.475091998892502]}},
{"type":"Feature","properties":{"kind":"ph","name":"Riverview Replacement","owner":"Cuyahoga Metropolitan Housing Authority","addr":"7506 Brinsmade Ave","city":"Cleveland","units":1,"btype":"single-family house","status":null,"built":null,"rad":null,"eld":-4,"dis":-4,"aunits":null,"prog":null,"pop":null,"reac":null,"expires":null,"rentassist":null},"geometry":{"type":"Point","coordinates":[-81.739284999943706,41.467085998778799]}},
{"type":"Feature","properties":{"kind":"ph","name":"Westside Homes","owner":"Cuyahoga Metropolitan Housing Authority","addr":"3607 Clinton Ave","city":"Cleveland","units":16,"btype":"walk-up apartments","status":null,"built":2005,"rad":null,"eld":0,"dis":11,"aunits":null,"prog":null,"pop":null,"reac":null,"expires":null,"rentassist":null},"geometry":{"type":"Point","coordinates":[-81.713270000419698,41.487420998834899]}},
{"type":"Feature","properties":{"kind":"ph","name":"EASTSIDE","owner":"Cuyahoga Metropolitan Housing Authority","addr":"2612 E 115th St","city":"Cleveland","units":2,"btype":"semi-detached / duplex","status":"demolition/disposition proposed","built":2013,"rad":"PBRA","eld":-4,"dis":-4,"aunits":null,"prog":null,"pop":null,"reac":null,"expires":null,"rentassist":null},"geometry":{"type":"Point","coordinates":[-81.604650000329599,41.487001998887997]}},
{"type":"Feature","properties":{"kind":"ph","name":"VAN BUREN HOMES","owner":"Akron Metropolitan Housing Authority","addr":"531 Tennessee Pl","city":"Barberton","units":4,"btype":"row / townhouse","status":null,"built":1972,"rad":null,"eld":-4,"dis":-4,"aunits":null,"prog":null,"pop":null,"reac":null,"expires":null,"rentassist":null},"geometry":{"type":"Point","coordinates":[-81.600408999974306,41.003756998748798]}},
{"type":"Feature","properties":{"kind":"ph","name":"MAPLEWOOD GARDENS","owner":"Akron Metropolitan Housing Authority","addr":"416 Hardman Dr","city":"Cuyahoga Falls","units":8,"btype":"walk-up apartments","status":null,"built":1981,"rad":null,"eld":-4,"dis":-4,"aunits":null,"prog":null,"pop":null,"reac":null,"expires":null,"rentassist":null},"geometry":{"type":"Point","coordinates":[-81.492424000093905,41.186763999221299]}},
{"type":"Feature","properties":{"kind":"ph","name":"Edgewood Village I","owner":"Akron Metropolitan Housing Authority","addr":"699 Edgewood Ave","city":"Akron","units":2,"btype":"semi-detached / duplex","status":null,"built":null,"rad":null,"eld":-4,"dis":-4,"aunits":null,"prog":null,"pop":null,"reac":null,"expires":null,"rentassist":null},"geometry":{"type":"Point","coordinates":[-81.539857000032796,41.075067998933797]}},
{"type":"Feature","properties":{"kind":"ph","name":"Scattered Sites","owner":"Akron Metropolitan Housing Authority","addr":"674 Independence Ave","city":"Akron","units":1,"btype":"single-family house","status":null,"built":1961,"rad":null,"eld":-4,"dis":-4,"aunits":null,"prog":null,"pop":null,"reac":null,"expires":null,"rentassist":null},"geometry":{"type":"Point","coordinates":[-81.489948999552297,41.111092999164001]}},
{"type":"Feature","properties":{"kind":"ph","name":"Scattered Sites","owner":"Akron Metropolitan Housing Authority","addr":"1848 21st St","city":"Cuyahoga Falls","units":1,"btype":"single-family house","status":null,"built":1950,"rad":null,"eld":-4,"dis":-4,"aunits":null,"prog":null,"pop":null,"reac":null,"expires":null,"rentassist":null},"geometry":{"type":"Point","coordinates":[-81.507662000087507,41.132145999344701]}},
{"type":"Feature","properties":{"kind":"ph","name":"Bon Sue","owner":"Akron Metropolitan Housing Authority","addr":"11 Susan Ct","city":"Akron","units":8,"btype":"row / townhouse","status":null,"built":1970,"rad":null,"eld":-4,"dis":-4,"aunits":null,"prog":null,"pop":null,"reac":null,"expires":null,"rentassist":null},"geometry":{"type":"Point","coordinates":[-81.559911000317001,41.0620659993441]}},
{"type":"Feature","properties":{"kind":"ph","name":"Scattered Sites","owner":"Akron Metropolitan Housing Authority","addr":"1593 Stadelman Ave Apt A","city":"Akron","units":4,"btype":"row / townhouse","status":null,"built":1966,"rad":null,"eld":-4,"dis":-4,"aunits":null,"prog":null,"pop":null,"reac":null,"expires":null,"rentassist":null},"geometry":{"type":"Point","coordinates":[-81.573549000178303,41.0900459992151]}},
{"type":"Feature","properties":{"kind":"ph","name":"VAN BUREN HOMES","owner":"Akron Metropolitan Housing Authority","addr":"611 Alabama Pl","city":"Barberton","units":3,"btype":"row / townhouse","status":null,"built":1972,"rad":null,"eld":-4,"dis":-4,"aunits":null,"prog":null,"pop":null,"reac":null,"expires":null,"rentassist":null},"geometry":{"type":"Point","coordinates":[-81.598465999710299,41.0033359990571]}},
{"type":"Feature","properties":{"kind":"ph","name":"Scattered Sites","owner":"Akron Metropolitan Housing Authority","addr":"855 Biruta St","city":"Akron","units":1,"btype":"single-family house","status":null,"built":null,"rad":null,"eld":-4,"dis":-4,"aunits":null,"prog":null,"pop":null,"reac":null,"expires":null,"rentassist":null},"geometry":{"type":"Point","coordinates":[-81.558554999683807,41.0624299993273]}},
{"type":"Feature","properties":{"kind":"ph","name":"OBERLIN HOMES","owner":"Lorain Metropolitan Housing Authority","addr":"1543 E 29th St Apt","city":"Lorain","units":1,"btype":"single-family house","status":"demolition/disposition proposed","built":1973,"rad":"PBV","eld":-4,"dis":-4,"aunits":null,"prog":null,"pop":null,"reac":null,"expires":null,"rentassist":null},"geometry":{"type":"Point","coordinates":[-82.148180000052307,41.444284998937498]}},
{"type":"Feature","properties":{"kind":"ph","name":"LAKEVIEW PLAZA","owner":"Lorain Metropolitan Housing Authority","addr":"1804 Lexington Ave Apt","city":"Lorain","units":2,"btype":"semi-detached / duplex","status":null,"built":1996,"rad":null,"eld":-4,"dis":-4,"aunits":null,"prog":null,"pop":null,"reac":null,"expires":null,"rentassist":null},"geometry":{"type":"Point","coordinates":[-82.170529999879506,41.453169999029903]}},
{"type":"Feature","properties":{"kind":"ph","name":"CEDAR CENTRAL","owner":"Cuyahoga Metropolitan Housing Authority","addr":"2801 Central Ave","city":"Cleveland","units":33,"btype":"walk-up apartments","status":null,"built":1935,"rad":null,"eld":8,"dis":12,"aunits":null,"prog":null,"pop":null,"reac":null,"expires":null,"rentassist":null},"geometry":{"type":"Point","coordinates":[-81.666219999897095,41.497056998766602]}},
{"type":"Feature","properties":{"kind":"ph","name":"CEDAR CENTRAL","owner":"Cuyahoga Metropolitan Housing Authority","addr":"2502 Cedar Ave","city":"Cleveland","units":24,"btype":"walk-up apartments","status":"demolition/disposition approved","built":1935,"rad":"PBRA","eld":-4,"dis":-4,"aunits":null,"prog":null,"pop":null,"reac":null,"expires":null,"rentassist":null},"geometry":{"type":"Point","coordinates":[-81.669917000279199,41.498434999013497]}},
{"type":"Feature","properties":{"kind":"ph","name":"DOWNTOWN","owner":"Cuyahoga Metropolitan Housing Authority","addr":"2854 Washington Ave","city":"Cleveland","units":19,"btype":"row / townhouse","status":null,"built":1937,"rad":null,"eld":-4,"dis":-4,"aunits":null,"prog":null,"pop":null,"reac":null,"expires":null,"rentassist":null},"geometry":{"type":"Point","coordinates":[-81.711235999919097,41.4914669989722]}},
{"type":"Feature","properties":{"kind":"ph","name":"Scattered Sites","owner":"Akron Metropolitan Housing Authority","addr":"878 Whittier Ave","city":"Akron","units":1,"btype":"single-family house","status":null,"built":null,"rad":null,"eld":-4,"dis":-4,"aunits":null,"prog":null,"pop":null,"reac":null,"expires":null,"rentassist":null},"geometry":{"type":"Point","coordinates":[-81.547685000267094,41.0916499993331]}},
{"type":"Feature","properties":{"kind":"ph","name":"Willow Run","owner":"Akron Metropolitan Housing Authority","addr":"905 N Jenkins Blvd","city":"Akron","units":6,"btype":"row / townhouse","status":null,"built":1970,"rad":null,"eld":-4,"dis":-4,"aunits":null,"prog":null,"pop":null,"reac":null,"expires":null,"rentassist":null},"geometry":{"type":"Point","coordinates":[-81.493536000329598,41.034847999359201]}},
{"type":"Feature","properties":{"kind":"ph","name":"Riverview Replacement","owner":"Cuyahoga Metropolitan Housing Authority","addr":"5114 Behrwald Ave","city":"Cleveland","units":2,"btype":"semi-detached / duplex","status":null,"built":null,"rad":null,"eld":-4,"dis":-4,"aunits":null,"prog":null,"pop":null,"reac":null,"expires":null,"rentassist":null},"geometry":{"type":"Point","coordinates":[-81.721947000225597,41.432004999147601]}},
{"type":"Feature","properties":{"kind":"ph","name":"Scattered Sites","owner":"Akron Metropolitan Housing Authority","addr":"993 Biruta St","city":"Akron","units":1,"btype":"single-family house","status":null,"built":null,"rad":null,"eld":-4,"dis":-4,"aunits":null,"prog":null,"pop":null,"reac":null,"expires":null,"rentassist":null},"geometry":{"type":"Point","coordinates":[-81.564072000306297,41.0625259991807]}},
{"type":"Feature","properties":{"kind":"ph","name":"VAN BUREN HOMES","owner":"Akron Metropolitan Housing Authority","addr":"164 Iowa Pl","city":"Barberton","units":4,"btype":"row / townhouse","status":null,"built":1972,"rad":null,"eld":-4,"dis":-4,"aunits":null,"prog":null,"pop":null,"reac":null,"expires":null,"rentassist":null},"geometry":{"type":"Point","coordinates":[-81.599991000397907,41.007274999227903]}},
{"type":"Feature","properties":{"kind":"ph","name":"Heritage Homes II (former Garden Valley)","owner":"Cuyahoga Metropolitan Housing Authority","addr":"7016 Roy Ave","city":"Cleveland","units":1,"btype":"single-family house","status":null,"built":null,"rad":null,"eld":-4,"dis":-4,"aunits":null,"prog":null,"pop":null,"reac":null,"expires":null,"rentassist":null},"geometry":{"type":"Point","coordinates":[-81.640443000024504,41.478097999288103]}},
{"type":"Feature","properties":{"kind":"ph","name":"Scattered Sites","owner":"Akron Metropolitan Housing Authority","addr":"1371 Peckham St","city":"Akron","units":1,"btype":"single-family house","status":null,"built":null,"rad":null,"eld":-4,"dis":-4,"aunits":null,"prog":null,"pop":null,"reac":null,"expires":null,"rentassist":null},"geometry":{"type":"Point","coordinates":[-81.571360999691905,41.086726999167901]}},
{"type":"Feature","properties":{"kind":"ph","name":"Heritage Homes I (former Garden Valley)","owner":"Cuyahoga Metropolitan Housing Authority","addr":"6956 Kinsman Rd","city":"Cleveland","units":4,"btype":"row / townhouse","status":null,"built":2010,"rad":null,"eld":-4,"dis":-4,"aunits":null,"prog":null,"pop":null,"reac":null,"expires":null,"rentassist":null},"geometry":{"type":"Point","coordinates":[-81.640792000003898,41.480716998910303]}},
{"type":"Feature","properties":{"kind":"ph","name":"DOWNTOWN","owner":"Cuyahoga Metropolitan Housing Authority","addr":"1275 W 25th St","city":"Cleveland","units":9,"btype":"walk-up apartments","status":"demolition/disposition proposed","built":1937,"rad":"PBRA","eld":-4,"dis":-4,"aunits":null,"prog":null,"pop":null,"reac":null,"expires":null,"rentassist":null},"geometry":{"type":"Point","coordinates":[-81.709676999794695,41.493976999233602]}},
{"type":"Feature","properties":{"kind":"ph","name":"OUTHWAITE","owner":"Cuyahoga Metropolitan Housing Authority","addr":"4700 Scovill Ave","city":"Cleveland","units":9,"btype":"row / townhouse","status":"demolition/disposition proposed","built":1942,"rad":"PBRA","eld":-4,"dis":-4,"aunits":null,"prog":null,"pop":null,"reac":null,"expires":null,"rentassist":null},"geometry":{"type":"Point","coordinates":[-81.6538840002423,41.491917999249402]}},
{"type":"Feature","properties":{"kind":"ph","name":"Riverview Replacement","owner":"Cuyahoga Metropolitan Housing Authority","addr":"3329 W 91st St","city":"Cleveland","units":1,"btype":"single-family house","status":null,"built":null,"rad":null,"eld":-4,"dis":-4,"aunits":null,"prog":null,"pop":null,"reac":null,"expires":null,"rentassist":null},"geometry":{"type":"Point","coordinates":[-81.746391999754493,41.462992998789602]}},
{"type":"Feature","properties":{"kind":"ph","name":"OUTHWAITE","owner":"Cuyahoga Metropolitan Housing Authority","addr":"2535A E 49th St","city":"Cleveland","units":41,"btype":"row / townhouse","status":null,"built":1937,"rad":null,"eld":4,"dis":12,"aunits":null,"prog":null,"pop":null,"reac":null,"expires":null,"rentassist":null},"geometry":{"type":"Point","coordinates":[-81.654040999702801,41.490102998900802]}},
{"type":"Feature","properties":{"kind":"ph","name":"Edgewood Village I","owner":"Akron Metropolitan Housing Authority","addr":"496 Euclid Ave","city":"Akron","units":2,"btype":"semi-detached / duplex","status":null,"built":null,"rad":null,"eld":-4,"dis":-4,"aunits":null,"prog":null,"pop":null,"reac":null,"expires":null,"rentassist":null},"geometry":{"type":"Point","coordinates":[-81.540749999985394,41.075726999249497]}},
{"type":"Feature","properties":{"kind":"ph","name":"Joy Park","owner":"Akron Metropolitan Housing Authority","addr":"1282 McMillan Cir","city":"Akron","units":4,"btype":"row / townhouse","status":null,"built":1970,"rad":null,"eld":-4,"dis":-4,"aunits":null,"prog":null,"pop":null,"reac":null,"expires":null,"rentassist":null},"geometry":{"type":"Point","coordinates":[-81.484234000359805,41.0551909992137]}},
{"type":"Feature","properties":{"kind":"ph","name":"Scattered Sites","owner":"Akron Metropolitan Housing Authority","addr":"915 Eastland Ave","city":"Akron","units":1,"btype":"single-family house","status":"demolition/disposition approved","built":1973,"rad":null,"eld":-4,"dis":-4,"aunits":null,"prog":null,"pop":null,"reac":null,"expires":null,"rentassist":null},"geometry":{"type":"Point","coordinates":[-81.463749999905303,41.086724999090499]}},
{"type":"Feature","properties":{"kind":"ph","name":"Scattered Sites","owner":"Akron Metropolitan Housing Authority","addr":"894 Fried St","city":"Akron","units":1,"btype":"single-family house","status":"demolition/disposition approved","built":1929,"rad":null,"eld":-4,"dis":-4,"aunits":null,"prog":null,"pop":null,"reac":null,"expires":null,"rentassist":null},"geometry":{"type":"Point","coordinates":[-81.556001000397899,41.0758019990908]}},
{"type":"Feature","properties":{"kind":"ph","name":"MAPLEWOOD GARDENS","owner":"Akron Metropolitan Housing Authority","addr":"475 Hardman Dr","city":"Cuyahoga Falls","units":8,"btype":"walk-up apartments","status":null,"built":1981,"rad":null,"eld":-4,"dis":-4,"aunits":null,"prog":null,"pop":null,"reac":null,"expires":null,"rentassist":null},"geometry":{"type":"Point","coordinates":[-81.491025999627894,41.186944999206403]}},
{"type":"Feature","properties":{"kind":"ph","name":"Scattered Sites","owner":"Akron Metropolitan Housing Authority","addr":"953 Chinook Ave","city":"Akron","units":1,"btype":"single-family house","status":null,"built":1975,"rad":null,"eld":-4,"dis":-4,"aunits":null,"prog":null,"pop":null,"reac":null,"expires":null,"rentassist":null},"geometry":{"type":"Point","coordinates":[-81.470528999652998,41.089770999170597]}},
{"type":"Feature","properties":{"kind":"ph","name":"Riverview Replacement","owner":"Cuyahoga Metropolitan Housing Authority","addr":"9508 Parkview Ave","city":"Cleveland","units":2,"btype":"semi-detached / duplex","status":null,"built":1922,"rad":null,"eld":-4,"dis":-4,"aunits":null,"prog":null,"pop":null,"reac":null,"expires":null,"rentassist":null},"geometry":{"type":"Point","coordinates":[-81.619381999984896,41.477220998931003]}},
{"type":"Feature","properties":{"kind":"ph","name":"Valley View","owner":"Akron Metropolitan Housing Authority","addr":"966 Springdale St","city":"Akron","units":6,"btype":"row / townhouse","status":null,"built":1970,"rad":null,"eld":-4,"dis":-4,"aunits":null,"prog":null,"pop":null,"reac":null,"expires":null,"rentassist":null},"geometry":{"type":"Point","coordinates":[-81.521275999659395,41.111060998956802]}},
{"type":"Feature","properties":{"kind":"ph","name":"DOWNTOWN","owner":"Cuyahoga Metropolitan Housing Authority","addr":"2615 Division Ave","city":"Cleveland","units":24,"btype":"walk-up apartments","status":null,"built":1937,"rad":null,"eld":15,"dis":15,"aunits":null,"prog":null,"pop":null,"reac":null,"expires":null,"rentassist":null},"geometry":{"type":"Point","coordinates":[-81.709699000434298,41.492946999067897]}},
{"type":"Feature","properties":{"kind":"ph","name":"OUTHWAITE","owner":"Cuyahoga Metropolitan Housing Authority","addr":"4354 Outhwaite Ave","city":"Cleveland","units":40,"btype":"row / townhouse","status":null,"built":1937,"rad":null,"eld":6,"dis":2,"aunits":null,"prog":null,"pop":null,"reac":null,"expires":null,"rentassist":null},"geometry":{"type":"Point","coordinates":[-81.657534999695301,41.490875998940503]}},
{"type":"Feature","properties":{"kind":"ph","name":"Cascade Village North","owner":"Akron Metropolitan Housing Authority","addr":"213 E Lods St","city":"Akron","units":3,"btype":"row / townhouse","status":null,"built":2006,"rad":null,"eld":-4,"dis":-4,"aunits":null,"prog":null,"pop":null,"reac":null,"expires":null,"rentassist":null},"geometry":{"type":"Point","coordinates":[-81.508452000107994,41.0922669991552]}},
{"type":"Feature","properties":{"kind":"ph","name":"OUTHWAITE","owner":"Cuyahoga Metropolitan Housing Authority","addr":"4088 Quincy Ave","city":"Cleveland","units":29,"btype":"row / townhouse","status":null,"built":1937,"rad":null,"eld":14,"dis":10,"aunits":null,"prog":null,"pop":null,"reac":null,"expires":null,"rentassist":null},"geometry":{"type":"Point","coordinates":[-81.657418000417806,41.492617998990198]}},
{"type":"Feature","properties":{"kind":"ph","name":"Scattered Sites","owner":"Akron Metropolitan Housing Authority","addr":"198 E York St","city":"Akron","units":1,"btype":"single-family house","status":null,"built":null,"rad":null,"eld":-4,"dis":-4,"aunits":null,"prog":null,"pop":null,"reac":null,"expires":null,"rentassist":null},"geometry":{"type":"Point","coordinates":[-81.509330999816797,41.099597999274899]}},
{"type":"Feature","properties":{"kind":"ph","name":"Scattered Sites","owner":"Akron Metropolitan Housing Authority","addr":"932 Kelly Ave","city":"Akron","units":1,"btype":"single-family house","status":null,"built":null,"rad":null,"eld":-4,"dis":-4,"aunits":null,"prog":null,"pop":null,"reac":null,"expires":null,"rentassist":null},"geometry":{"type":"Point","coordinates":[-81.481959999659693,41.0463129991588]}},
{"type":"Feature","properties":{"kind":"ph","name":"Oberlin Homes LIHTC","owner":"Lorain Metropolitan Housing Authority","addr":"121 S Pleasant St Apt","city":"Oberlin","units":2,"btype":"semi-detached / duplex","status":null,"built":1966,"rad":null,"eld":-4,"dis":-4,"aunits":null,"prog":null,"pop":null,"reac":null,"expires":null,"rentassist":null},"geometry":{"type":"Point","coordinates":[-82.214969000316501,41.288245999244801]}},
{"type":"Feature","properties":{"kind":"ph","name":"Tremont Pointe I","owner":"Cuyahoga Metropolitan Housing Authority","addr":"2560 W 6th St","city":"Cleveland","units":37,"btype":"walk-up apartments","status":null,"built":2007,"rad":null,"eld":50,"dis":11,"aunits":null,"prog":null,"pop":null,"reac":null,"expires":null,"rentassist":null},"geometry":{"type":"Point","coordinates":[-81.680222999631397,41.478388998864197]}},
{"type":"Feature","properties":{"kind":"ph","name":"OBERLIN HOMES","owner":"Lorain Metropolitan Housing Authority","addr":"1613 E 30th St Apt","city":"Lorain","units":1,"btype":"single-family house","status":"demolition/disposition proposed","built":1972,"rad":"PBV","eld":-4,"dis":-4,"aunits":null,"prog":null,"pop":null,"reac":null,"expires":null,"rentassist":null},"geometry":{"type":"Point","coordinates":[-82.143500000204199,41.443297999381599]}},
{"type":"Feature","properties":{"kind":"ph","name":"Scattered Sites","owner":"Akron Metropolitan Housing Authority","addr":"3641 Charring Cross Dr","city":"Stow","units":1,"btype":"single-family house","status":null,"built":1961,"rad":null,"eld":-4,"dis":-4,"aunits":null,"prog":null,"pop":null,"reac":null,"expires":null,"rentassist":null},"geometry":{"type":"Point","coordinates":[-81.427147999923406,41.159978999206302]}},
{"type":"Feature","properties":{"kind":"ph","name":"Riverview Replacement","owner":"Cuyahoga Metropolitan Housing Authority","addr":"10818 Fortune Ave","city":"Cleveland","units":1,"btype":"single-family house","status":null,"built":null,"rad":null,"eld":-4,"dis":-4,"aunits":null,"prog":null,"pop":null,"reac":null,"expires":null,"rentassist":null},"geometry":{"type":"Point","coordinates":[-81.761665999733097,41.457264999151398]}},
{"type":"Feature","properties":{"kind":"ph","name":"CRIMSON TERRACE","owner":"Akron Metropolitan Housing Authority","addr":"1269 Stratford St","city":"Barberton","units":1,"btype":"single-family house","status":null,"built":1953,"rad":null,"eld":-4,"dis":-4,"aunits":null,"prog":null,"pop":null,"reac":null,"expires":null,"rentassist":null},"geometry":{"type":"Point","coordinates":[-81.634208000249899,41.001757999292202]}},
{"type":"Feature","properties":{"kind":"ph","name":"Scattered Sites","owner":"Akron Metropolitan Housing Authority","addr":"997 Biruta St","city":"Akron","units":1,"btype":"single-family house","status":null,"built":null,"rad":null,"eld":-4,"dis":-4,"aunits":null,"prog":null,"pop":null,"reac":null,"expires":null,"rentassist":null},"geometry":{"type":"Point","coordinates":[-81.564145000101206,41.0625259991807]}},
{"type":"Feature","properties":{"kind":"ph","name":"SOUTHEAST","owner":"Cuyahoga Metropolitan Housing Authority","addr":"12610 Woodside Ave","city":"Cleveland","units":2,"btype":"semi-detached / duplex","status":null,"built":null,"rad":null,"eld":-4,"dis":-4,"aunits":null,"prog":null,"pop":null,"reac":null,"expires":null,"rentassist":null},"geometry":{"type":"Point","coordinates":[-81.595857999997705,41.536032998826002]}},
{"type":"Feature","properties":{"kind":"ph","name":"SCRANTON WOODS/CLOVERDALE","owner":"Geauga Metropolitian Housing Authority","addr":"16754 Findlay St","city":"Chagrin Falls","units":2,"btype":"semi-detached / duplex","status":null,"built":1982,"rad":null,"eld":-4,"dis":-4,"aunits":null,"prog":null,"pop":null,"reac":null,"expires":null,"rentassist":null},"geometry":{"type":"Point","coordinates":[-81.386554999831503,41.413290998909098]}},
{"type":"Feature","properties":{"kind":"ph","name":"SUMMIT LAKE","owner":"Akron Metropolitan Housing Authority","addr":"8 W Bartges St","city":"Akron","units":5,"btype":"row / townhouse","status":null,"built":1982,"rad":null,"eld":-4,"dis":-4,"aunits":null,"prog":null,"pop":null,"reac":null,"expires":null,"rentassist":null},"geometry":{"type":"Point","coordinates":[-81.526832999566494,41.069240998781801]}},
{"type":"Feature","properties":{"kind":"ph","name":"Cascade Village South","owner":"Akron Metropolitan Housing Authority","addr":"195 Stuber St","city":"Akron","units":3,"btype":"row / townhouse","status":null,"built":2008,"rad":null,"eld":-4,"dis":-4,"aunits":null,"prog":null,"pop":null,"reac":null,"expires":null,"rentassist":null},"geometry":{"type":"Point","coordinates":[-81.511413999822906,41.090435998880103]}},
{"type":"Feature","properties":{"kind":"ph","name":"Oberlin Homes LIHTC","owner":"Lorain Metropolitan Housing Authority","addr":"65 Berger Ct Apt","city":"Oberlin","units":2,"btype":"semi-detached / duplex","status":null,"built":1966,"rad":null,"eld":-4,"dis":-4,"aunits":null,"prog":null,"pop":null,"reac":null,"expires":null,"rentassist":null},"geometry":{"type":"Point","coordinates":[-82.206308000404107,41.293597998910002]}},
{"type":"Feature","properties":{"kind":"ph","name":"Joy Park","owner":"Akron Metropolitan Housing Authority","addr":"1274 Minson Way","city":"Akron","units":4,"btype":"row / townhouse","status":null,"built":1970,"rad":null,"eld":-4,"dis":-4,"aunits":null,"prog":null,"pop":null,"reac":null,"expires":null,"rentassist":null},"geometry":{"type":"Point","coordinates":[-81.482996999552299,41.057054999109802]}},
{"type":"Feature","properties":{"kind":"ph","name":"SUMMIT LAKE","owner":"Akron Metropolitan Housing Authority","addr":"1290 Roulhac Cir","city":"Akron","units":1,"btype":"single-family house","status":null,"built":1999,"rad":null,"eld":-4,"dis":-4,"aunits":null,"prog":null,"pop":null,"reac":null,"expires":null,"rentassist":null},"geometry":{"type":"Point","coordinates":[-81.557064000229801,41.068545999312498]}},
{"type":"Feature","properties":{"kind":"ph","name":"Riverview Replacement","owner":"Cuyahoga Metropolitan Housing Authority","addr":"10901 Bernard Ave","city":"Cleveland","units":1,"btype":"single-family house","status":null,"built":1919,"rad":null,"eld":-4,"dis":-4,"aunits":null,"prog":null,"pop":null,"reac":null,"expires":null,"rentassist":null},"geometry":{"type":"Point","coordinates":[-81.761910999955504,41.462902998913201]}},
{"type":"Feature","properties":{"kind":"ph","name":"KING KENNEDY","owner":"Cuyahoga Metropolitan Housing Authority","addr":"6401 Haltnorth Walk Apt A","city":"Cleveland","units":12,"btype":"row / townhouse","status":null,"built":1970,"rad":null,"eld":9,"dis":6,"aunits":null,"prog":null,"pop":null,"reac":null,"expires":null,"rentassist":null},"geometry":{"type":"Point","coordinates":[-81.645864000387505,41.489223998948297]}},
{"type":"Feature","properties":{"kind":"ph","name":"Tremont Pointe II","owner":"Cuyahoga Metropolitan Housing Authority","addr":"2578 W 5th St","city":"Cleveland","units":4,"btype":"row / townhouse","status":null,"built":2009,"rad":null,"eld":-4,"dis":-4,"aunits":null,"prog":null,"pop":null,"reac":null,"expires":null,"rentassist":null},"geometry":{"type":"Point","coordinates":[-81.679495000433604,41.478784998908303]}},
{"type":"Feature","properties":{"kind":"ph","name":"SOUTHEAST","owner":"Cuyahoga Metropolitan Housing Authority","addr":"16306 S Lotus Dr","city":"Cleveland","units":1,"btype":"single-family house","status":null,"built":null,"rad":null,"eld":-4,"dis":-4,"aunits":null,"prog":null,"pop":null,"reac":null,"expires":null,"rentassist":null},"geometry":{"type":"Point","coordinates":[-81.566413000055206,41.445074999201303]}},
{"type":"Feature","properties":{"kind":"ph","name":"Scattered Sites","owner":"Akron Metropolitan Housing Authority","addr":"1147 Yukon Ave","city":"Akron","units":1,"btype":"single-family house","status":"demolition/disposition approved","built":null,"rad":null,"eld":-4,"dis":-4,"aunits":null,"prog":null,"pop":null,"reac":null,"expires":null,"rentassist":null},"geometry":{"type":"Point","coordinates":[-81.578715000273206,41.079200999156299]}},
{"type":"Feature","properties":{"kind":"ph","name":"Oberlin Homes LIHTC","owner":"Lorain Metropolitan Housing Authority","addr":"220 S Park St Apt","city":"Oberlin","units":1,"btype":"single-family house","status":null,"built":1966,"rad":null,"eld":-4,"dis":-4,"aunits":null,"prog":null,"pop":null,"reac":null,"expires":null,"rentassist":null},"geometry":{"type":"Point","coordinates":[-82.2126860002938,41.285650999283398]}},
{"type":"Feature","properties":{"kind":"ph","name":"Riverview Replacement","owner":"Cuyahoga Metropolitan Housing Authority","addr":"4113 Pensacola Ave","city":"Cleveland","units":1,"btype":"single-family house","status":null,"built":null,"rad":null,"eld":-4,"dis":-4,"aunits":null,"prog":null,"pop":null,"reac":null,"expires":null,"rentassist":null},"geometry":{"type":"Point","coordinates":[-81.710737000151795,41.441957999059298]}},
{"type":"Feature","properties":{"kind":"ph","name":"CEDAR CENTRAL","owner":"Cuyahoga Metropolitan Housing Authority","addr":"2604 Cedar Ave","city":"Cleveland","units":42,"btype":"walk-up apartments","status":null,"built":1935,"rad":null,"eld":4,"dis":15,"aunits":null,"prog":null,"pop":null,"reac":null,"expires":null,"rentassist":null},"geometry":{"type":"Point","coordinates":[-81.669436999880205,41.498492998972701]}},
{"type":"Feature","properties":{"kind":"ph","name":"Scattered Sites","owner":"Akron Metropolitan Housing Authority","addr":"307 Noble Ave","city":"Akron","units":1,"btype":"single-family house","status":null,"built":null,"rad":null,"eld":-4,"dis":-4,"aunits":null,"prog":null,"pop":null,"reac":null,"expires":null,"rentassist":null},"geometry":{"type":"Point","coordinates":[-81.553670999621303,41.089243999027701]}},
{"type":"Feature","properties":{"kind":"ph","name":"Scattered Sites","owner":"Akron Metropolitan Housing Authority","addr":"436 E Catawba Ave","city":"Akron","units":1,"btype":"single-family house","status":null,"built":1930,"rad":null,"eld":-4,"dis":-4,"aunits":null,"prog":null,"pop":null,"reac":null,"expires":null,"rentassist":null},"geometry":{"type":"Point","coordinates":[-81.511135000163705,41.0354319991417]}},
{"type":"Feature","properties":{"kind":"ph","name":"Scattered Sites","owner":"Akron Metropolitan Housing Authority","addr":"964 Chinook Ave","city":"Akron","units":1,"btype":"single-family house","status":null,"built":1974,"rad":null,"eld":-4,"dis":-4,"aunits":null,"prog":null,"pop":null,"reac":null,"expires":null,"rentassist":null},"geometry":{"type":"Point","coordinates":[-81.470961000371403,41.089894998788999]}},
{"type":"Feature","properties":{"kind":"ph","name":"Edgewood Village South","owner":"Akron Metropolitan Housing Authority","addr":"444 Berry Ave","city":"Akron","units":3,"btype":"row / townhouse","status":null,"built":2012,"rad":null,"eld":-4,"dis":-4,"aunits":null,"prog":null,"pop":null,"reac":null,"expires":null,"rentassist":null},"geometry":{"type":"Point","coordinates":[-81.542436000331506,41.071363999372103]}},
{"type":"Feature","properties":{"kind":"ph","name":"OBERLIN HOMES","owner":"Lorain Metropolitan Housing Authority","addr":"1547 E 29th St Apt","city":"Lorain","units":4,"btype":"row / townhouse","status":"demolition/disposition proposed","built":1973,"rad":"PBV","eld":-4,"dis":-4,"aunits":null,"prog":null,"pop":null,"reac":null,"expires":null,"rentassist":null},"geometry":{"type":"Point","coordinates":[-82.148180000052307,41.444284998937498]}},
{"type":"Feature","properties":{"kind":"ph","name":"Westside Homes","owner":"Cuyahoga Metropolitan Housing Authority","addr":"1408 W 65th St","city":"Cleveland","units":8,"btype":"walk-up apartments","status":null,"built":2005,"rad":null,"eld":-4,"dis":-4,"aunits":null,"prog":null,"pop":null,"reac":null,"expires":null,"rentassist":null},"geometry":{"type":"Point","coordinates":[-81.730514000426595,41.483754999123498]}},
{"type":"Feature","properties":{"kind":"ph","name":"Scattered Sites","owner":"Akron Metropolitan Housing Authority","addr":"445 Robert St","city":"Akron","units":1,"btype":"single-family house","status":null,"built":null,"rad":null,"eld":-4,"dis":-4,"aunits":null,"prog":null,"pop":null,"reac":null,"expires":null,"rentassist":null},"geometry":{"type":"Point","coordinates":[-81.486645000428894,41.058402999157899]}},
{"type":"Feature","properties":{"kind":"ph","name":"OUTHWAITE","owner":"Cuyahoga Metropolitan Housing Authority","addr":"2491 E 40th St","city":"Cleveland","units":29,"btype":"row / townhouse","status":null,"built":1937,"rad":null,"eld":5,"dis":10,"aunits":null,"prog":null,"pop":null,"reac":null,"expires":null,"rentassist":null},"geometry":{"type":"Point","coordinates":[-81.657882000024998,41.491698999232497]}},
{"type":"Feature","properties":{"kind":"ph","name":"VAN BUREN HOMES","owner":"Akron Metropolitan Housing Authority","addr":"376 Pasadena Pl","city":"Barberton","units":6,"btype":"row / townhouse","status":null,"built":1972,"rad":null,"eld":-4,"dis":-4,"aunits":null,"prog":null,"pop":null,"reac":null,"expires":null,"rentassist":null},"geometry":{"type":"Point","coordinates":[-81.599090000049401,41.005091999324598]}},
{"type":"Feature","properties":{"kind":"ph","name":"Edgewood Village I","owner":"Akron Metropolitan Housing Authority","addr":"712 Rhodes Ave","city":"Akron","units":3,"btype":"row / townhouse","status":null,"built":null,"rad":null,"eld":-4,"dis":-4,"aunits":null,"prog":null,"pop":null,"reac":null,"expires":null,"rentassist":null},"geometry":{"type":"Point","coordinates":[-81.538872999843704,41.0745909990641]}},
{"type":"Feature","properties":{"kind":"ph","name":"Cascade Village North","owner":"Akron Metropolitan Housing Authority","addr":"218 Elizabeth Pkwy","city":"Akron","units":6,"btype":"row / townhouse","status":null,"built":2006,"rad":null,"eld":-4,"dis":-4,"aunits":null,"prog":null,"pop":null,"reac":null,"expires":null,"rentassist":null},"geometry":{"type":"Point","coordinates":[-81.510658999962601,41.090963998914702]}},
{"type":"Feature","properties":{"kind":"ph","name":"SCRANTON WOODS/CLOVERDALE","owner":"Geauga Metropolitian Housing Authority","addr":"15471 Cloverdale Dr","city":"Middlefield","units":2,"btype":"semi-detached / duplex","status":null,"built":1985,"rad":null,"eld":-4,"dis":-4,"aunits":null,"prog":null,"pop":null,"reac":null,"expires":null,"rentassist":null},"geometry":{"type":"Point","coordinates":[-81.088808999883,41.452139999306702]}},
{"type":"Feature","properties":{"kind":"ph","name":"Oberlin Homes LIHTC","owner":"Lorain Metropolitan Housing Authority","addr":"54 Berger Ct Apt","city":"Oberlin","units":1,"btype":"single-family house","status":null,"built":1966,"rad":null,"eld":-4,"dis":-4,"aunits":null,"prog":null,"pop":null,"reac":null,"expires":null,"rentassist":null},"geometry":{"type":"Point","coordinates":[-82.206308000404107,41.293597998910002]}},
{"type":"Feature","properties":{"kind":"ph","name":"Edgewood Village 4","owner":"Akron Metropolitan Housing Authority","addr":"718 Rita Dove Ln","city":"Akron","units":2,"btype":"semi-detached / duplex","status":null,"built":null,"rad":null,"eld":-4,"dis":-4,"aunits":null,"prog":null,"pop":null,"reac":null,"expires":null,"rentassist":null},"geometry":{"type":"Point","coordinates":[-81.540544000121102,41.074996999124203]}},
{"type":"Feature","properties":{"kind":"ph","name":"VAN BUREN HOMES","owner":"Akron Metropolitan Housing Authority","addr":"124 Iowa Pl","city":"Barberton","units":4,"btype":"row / townhouse","status":null,"built":1972,"rad":null,"eld":-4,"dis":-4,"aunits":null,"prog":null,"pop":null,"reac":null,"expires":null,"rentassist":null},"geometry":{"type":"Point","coordinates":[-81.599640999695197,41.007471999185299]}},
{"type":"Feature","properties":{"kind":"ph","name":"Edgewood Village 4","owner":"Akron Metropolitan Housing Authority","addr":"511 Westerly Rd","city":"Akron","units":1,"btype":"single-family house","status":null,"built":null,"rad":null,"eld":-4,"dis":-4,"aunits":null,"prog":null,"pop":null,"reac":null,"expires":null,"rentassist":null},"geometry":{"type":"Point","coordinates":[-81.541356999707702,41.073598998850997]}},
{"type":"Feature","properties":{"kind":"ph","name":"Scattered Sites","owner":"Akron Metropolitan Housing Authority","addr":"118 Hayes Ave","city":"Cuyahoga Falls","units":1,"btype":"single-family house","status":null,"built":1945,"rad":null,"eld":-4,"dis":-4,"aunits":null,"prog":null,"pop":null,"reac":null,"expires":null,"rentassist":null},"geometry":{"type":"Point","coordinates":[-81.484501000323505,41.154810999038702]}},
{"type":"Feature","properties":{"kind":"ph","name":"EASTSIDE","owner":"Cuyahoga Metropolitan Housing Authority","addr":"2474 Baldwin Rd Apt A","city":"Cleveland","units":8,"btype":"row / townhouse","status":"demolition/disposition approved","built":1940,"rad":null,"eld":-4,"dis":-4,"aunits":null,"prog":null,"pop":null,"reac":null,"expires":null,"rentassist":null},"geometry":{"type":"Point","coordinates":[-81.611501999872203,41.491239998795102]}},
{"type":"Feature","properties":{"kind":"ph","name":"NEAR WEST","owner":"Cuyahoga Metropolitan Housing Authority","addr":"2448 W 5th St","city":"Cleveland","units":2,"btype":"semi-detached / duplex","status":"demolition/disposition draft","built":1990,"rad":null,"eld":-4,"dis":-4,"aunits":null,"prog":null,"pop":null,"reac":null,"expires":null,"rentassist":null},"geometry":{"type":"Point","coordinates":[-81.680231000027305,41.480104999302597]}},
{"type":"Feature","properties":{"kind":"ph","name":"Scattered Sites","owner":"Akron Metropolitan Housing Authority","addr":"539 Hoye Ave","city":"Akron","units":1,"btype":"single-family house","status":null,"built":null,"rad":null,"eld":-4,"dis":-4,"aunits":null,"prog":null,"pop":null,"reac":null,"expires":null,"rentassist":null},"geometry":{"type":"Point","coordinates":[-81.5487280000075,41.082885998809502]}},
{"type":"Feature","properties":{"kind":"ph","name":"Scattered Sites","owner":"Akron Metropolitan Housing Authority","addr":"1070 Himelright Blvd","city":"Akron","units":1,"btype":"single-family house","status":null,"built":null,"rad":null,"eld":-4,"dis":-4,"aunits":null,"prog":null,"pop":null,"reac":null,"expires":null,"rentassist":null},"geometry":{"type":"Point","coordinates":[-81.578177000147804,41.0805229988731]}},
{"type":"Feature","properties":{"kind":"ph","name":"KING KENNEDY","owner":"Cuyahoga Metropolitan Housing Authority","addr":"6502 Haltnorth Walk Apt A","city":"Cleveland","units":12,"btype":"row / townhouse","status":null,"built":1970,"rad":null,"eld":-4,"dis":-4,"aunits":null,"prog":null,"pop":null,"reac":null,"expires":null,"rentassist":null},"geometry":{"type":"Point","coordinates":[-81.645287999729007,41.488895998753797]}},
{"type":"Feature","properties":{"kind":"ph","name":"Scattered Sites","owner":"Akron Metropolitan Housing Authority","addr":"872 Sheridan Ave","city":"Akron","units":1,"btype":"single-family house","status":null,"built":null,"rad":null,"eld":-4,"dis":-4,"aunits":null,"prog":null,"pop":null,"reac":null,"expires":null,"rentassist":null},"geometry":{"type":"Point","coordinates":[-81.557501000072804,41.063774999133798]}},
{"type":"Feature","properties":{"kind":"ph","name":"EASTSIDE","owner":"Cuyahoga Metropolitan Housing Authority","addr":"2489 Woodhill Rd Apt A","city":"Cleveland","units":8,"btype":"row / townhouse","status":"demolition/disposition approved","built":1940,"rad":null,"eld":-4,"dis":-4,"aunits":null,"prog":null,"pop":null,"reac":null,"expires":null,"rentassist":null},"geometry":{"type":"Point","coordinates":[-81.613799000138499,41.4898129993759]}},
{"type":"Feature","properties":{"kind":"ph","name":"Riverview Replacement","owner":"Cuyahoga Metropolitan Housing Authority","addr":"3478 W 58th St","city":"Cleveland","units":1,"btype":"single-family house","status":null,"built":1910,"rad":null,"eld":-4,"dis":-4,"aunits":null,"prog":null,"pop":null,"reac":null,"expires":null,"rentassist":null},"geometry":{"type":"Point","coordinates":[-81.727241000367002,41.4596739993097]}},
{"type":"Feature","properties":{"kind":"ph","name":"DOWNTOWN","owner":"Cuyahoga Metropolitan Housing Authority","addr":"2549 Loop Dr","city":"Cleveland","units":6,"btype":"row / townhouse","status":null,"built":1937,"rad":null,"eld":-4,"dis":-4,"aunits":null,"prog":null,"pop":null,"reac":null,"expires":null,"rentassist":null},"geometry":{"type":"Point","coordinates":[-81.710496000127407,41.4939279987899]}},
{"type":"Feature","properties":{"kind":"ph","name":"Riverview Replacement","owner":"Cuyahoga Metropolitan Housing Authority","addr":"3382 W 95th St","city":"Cleveland","units":1,"btype":"single-family house","status":null,"built":null,"rad":null,"eld":-4,"dis":-4,"aunits":null,"prog":null,"pop":null,"reac":null,"expires":null,"rentassist":null},"geometry":{"type":"Point","coordinates":[-81.748766999838594,41.461309999346703]}},
{"type":"Feature","properties":{"kind":"ph","name":"Heritage Homes III (former Garden Valley","owner":"Cuyahoga Metropolitan Housing Authority","addr":"7228 Port Ave","city":"Cleveland","units":1,"btype":"single-family house","status":null,"built":2011,"rad":null,"eld":-4,"dis":-4,"aunits":null,"prog":null,"pop":null,"reac":null,"expires":null,"rentassist":null},"geometry":{"type":"Point","coordinates":[-81.638909999839299,41.477602998992097]}},
{"type":"Feature","properties":{"kind":"ph","name":"Riverview Replacement","owner":"Cuyahoga Metropolitan Housing Authority","addr":"3168 W 105th St","city":"Cleveland","units":1,"btype":"single-family house","status":null,"built":null,"rad":null,"eld":-4,"dis":-4,"aunits":null,"prog":null,"pop":null,"reac":null,"expires":null,"rentassist":null},"geometry":{"type":"Point","coordinates":[-81.758949000240506,41.466231999029098]}},
{"type":"Feature","properties":{"kind":"ph","name":"OBERLIN HOMES","owner":"Lorain Metropolitan Housing Authority","addr":"1651 E 29th St Apt","city":"Lorain","units":1,"btype":"single-family house","status":"demolition/disposition proposed","built":1973,"rad":"PBV","eld":-4,"dis":-4,"aunits":null,"prog":null,"pop":null,"reac":null,"expires":null,"rentassist":null},"geometry":{"type":"Point","coordinates":[-82.143306000035395,41.444349999301103]}},
{"type":"Feature","properties":{"kind":"ph","name":"OBERLIN HOMES","owner":"Lorain Metropolitan Housing Authority","addr":"1541 E 30th St Apt","city":"Lorain","units":4,"btype":"row / townhouse","status":"demolition/disposition proposed","built":1973,"rad":"PBV","eld":-4,"dis":-4,"aunits":null,"prog":null,"pop":null,"reac":null,"expires":null,"rentassist":null},"geometry":{"type":"Point","coordinates":[-82.146562000376605,41.443280999048298]}},
{"type":"Feature","properties":{"kind":"ph","name":"COLONIAL HILLS","owner":"Akron Metropolitan Housing Authority","addr":"85 Colonial Hills Dr","city":"Akron","units":6,"btype":"row / townhouse","status":null,"built":1967,"rad":null,"eld":-4,"dis":-4,"aunits":null,"prog":null,"pop":null,"reac":null,"expires":null,"rentassist":null},"geometry":{"type":"Point","coordinates":[-81.501367000038499,41.106894999210802]}},
{"type":"Feature","properties":{"kind":"ph","name":"DOWNTOWN","owner":"Cuyahoga Metropolitan Housing Authority","addr":"2700 Washington Ave","city":"Cleveland","units":214,"btype":"elevator high-rise","status":"demolition/disposition proposed","built":null,"rad":"PBRA","eld":22,"dis":39,"aunits":null,"prog":null,"pop":null,"reac":null,"expires":null,"rentassist":null},"geometry":{"type":"Point","coordinates":[-81.709897999727602,41.491682999380401]}},
{"type":"Feature","properties":{"kind":"ph","name":"Cascade Village North","owner":"Akron Metropolitan Housing Authority","addr":"133 Elizabeth Pkwy","city":"Akron","units":2,"btype":"semi-detached / duplex","status":null,"built":2006,"rad":null,"eld":-4,"dis":-4,"aunits":null,"prog":null,"pop":null,"reac":null,"expires":null,"rentassist":null},"geometry":{"type":"Point","coordinates":[-81.507238999589902,41.090741998840102]}},
{"type":"Feature","properties":{"kind":"ph","name":"Scattered Sites","owner":"Akron Metropolitan Housing Authority","addr":"1009 Biruta St","city":"Akron","units":1,"btype":"single-family house","status":null,"built":null,"rad":null,"eld":-4,"dis":-4,"aunits":null,"prog":null,"pop":null,"reac":null,"expires":null,"rentassist":null},"geometry":{"type":"Point","coordinates":[-81.564364000384302,41.0625259991807]}},
{"type":"Feature","properties":{"kind":"ph","name":"LAKEVIEW PLAZA","owner":"Lorain Metropolitan Housing Authority","addr":"1503 Colorado Ave Apt","city":"Lorain","units":1,"btype":"single-family house","status":null,"built":1996,"rad":null,"eld":-4,"dis":-4,"aunits":null,"prog":null,"pop":null,"reac":null,"expires":null,"rentassist":null},"geometry":{"type":"Point","coordinates":[-82.155250000053101,41.465494998930197]}},
{"type":"Feature","properties":{"kind":"ph","name":"Scattered Sites","owner":"Akron Metropolitan Housing Authority","addr":"1245 Easton Dr","city":"Akron","units":1,"btype":"single-family house","status":null,"built":1952,"rad":null,"eld":-4,"dis":-4,"aunits":null,"prog":null,"pop":null,"reac":null,"expires":null,"rentassist":null},"geometry":{"type":"Point","coordinates":[-81.493439000245203,41.110707999358901]}},
{"type":"Feature","properties":{"kind":"ph","name":"East Side Neighborhood Homes","owner":"Cuyahoga Metropolitan Housing Authority","addr":"2214 E 76th St","city":"Cleveland","units":1,"btype":"single-family house","status":null,"built":2005,"rad":null,"eld":-4,"dis":-4,"aunits":null,"prog":null,"pop":null,"reac":null,"expires":null,"rentassist":null},"geometry":{"type":"Point","coordinates":[-81.635500000410701,41.499949999036403]}},
{"type":"Feature","properties":{"kind":"ph","name":"Scattered Sites","owner":"Akron Metropolitan Housing Authority","addr":"4212 Klein Ave","city":"Stow","units":1,"btype":"single-family house","status":null,"built":1958,"rad":null,"eld":-4,"dis":-4,"aunits":null,"prog":null,"pop":null,"reac":null,"expires":null,"rentassist":null},"geometry":{"type":"Point","coordinates":[-81.429557000342797,41.177222998729498]}},
{"type":"Feature","properties":{"kind":"ph","name":"Scattered Sites","owner":"Akron Metropolitan Housing Authority","addr":"714 Longview Ave","city":"Akron","units":1,"btype":"single-family house","status":null,"built":null,"rad":null,"eld":-4,"dis":-4,"aunits":null,"prog":null,"pop":null,"reac":null,"expires":null,"rentassist":null},"geometry":{"type":"Point","coordinates":[-81.551293000062401,41.063527999022099]}},
{"type":"Feature","properties":{"kind":"ph","name":"Riverview Replacement","owner":"Cuyahoga Metropolitan Housing Authority","addr":"13825 Emery Ave","city":"Cleveland","units":1,"btype":"single-family house","status":null,"built":1949,"rad":null,"eld":-4,"dis":-4,"aunits":null,"prog":null,"pop":null,"reac":null,"expires":null,"rentassist":null},"geometry":{"type":"Point","coordinates":[-81.788857999790196,41.4443159991812]}},
{"type":"Feature","properties":{"kind":"ph","name":"KING KENNEDY","owner":"Cuyahoga Metropolitan Housing Authority","addr":"2480 E 66th St","city":"Cleveland","units":6,"btype":"row / townhouse","status":null,"built":2005,"rad":null,"eld":-4,"dis":-4,"aunits":null,"prog":null,"pop":null,"reac":null,"expires":null,"rentassist":null},"geometry":{"type":"Point","coordinates":[-81.644609999861601,41.491285998841903]}},
{"type":"Feature","properties":{"kind":"ph","name":"Scattered Sites","owner":"Akron Metropolitan Housing Authority","addr":"377 Bacon Ave","city":"Akron","units":1,"btype":"single-family house","status":"demolition/disposition approved","built":null,"rad":null,"eld":-4,"dis":-4,"aunits":null,"prog":null,"pop":null,"reac":null,"expires":null,"rentassist":null},"geometry":{"type":"Point","coordinates":[-81.552553000436106,41.089302999026401]}},
{"type":"Feature","properties":{"kind":"ph","name":"Riverview Replacement","owner":"Cuyahoga Metropolitan Housing Authority","addr":"3206 Mapledale Ave","city":"Cleveland","units":1,"btype":"single-family house","status":null,"built":1923,"rad":null,"eld":-4,"dis":-4,"aunits":null,"prog":null,"pop":null,"reac":null,"expires":null,"rentassist":null},"geometry":{"type":"Point","coordinates":[-81.704124999910405,41.4545889989313]}},
{"type":"Feature","properties":{"kind":"ph","name":"OBERLIN HOMES","owner":"Lorain Metropolitan Housing Authority","addr":"1508 E 29th St Apt","city":"Lorain","units":4,"btype":"row / townhouse","status":"demolition/disposition proposed","built":1973,"rad":"PBV","eld":-4,"dis":-4,"aunits":null,"prog":null,"pop":null,"reac":null,"expires":null,"rentassist":null},"geometry":{"type":"Point","coordinates":[-82.148178000402496,41.444256999247798]}},
{"type":"Feature","properties":{"kind":"ph","name":"COLONIAL HILLS","owner":"Akron Metropolitan Housing Authority","addr":"61 Colonial Hills Dr","city":"Akron","units":6,"btype":"row / townhouse","status":null,"built":1967,"rad":null,"eld":-4,"dis":-4,"aunits":null,"prog":null,"pop":null,"reac":null,"expires":null,"rentassist":null},"geometry":{"type":"Point","coordinates":[-81.5016020002152,41.1068969993511]}},
{"type":"Feature","properties":{"kind":"ph","name":"EASTSIDE","owner":"Cuyahoga Metropolitan Housing Authority","addr":"1635 Allegheny Cir","city":"East Cleveland","units":1,"btype":"semi-detached / duplex","status":null,"built":null,"rad":null,"eld":-4,"dis":-4,"aunits":null,"prog":null,"pop":null,"reac":null,"expires":null,"rentassist":null},"geometry":{"type":"Point","coordinates":[-81.583442999801804,41.5337219993446]}},
{"type":"Feature","properties":{"kind":"ph","name":"Riverview Replacement","owner":"Cuyahoga Metropolitan Housing Authority","addr":"12312 Brookfield Ave","city":"Cleveland","units":1,"btype":"single-family house","status":"demolition/disposition approved","built":null,"rad":null,"eld":-4,"dis":-4,"aunits":null,"prog":null,"pop":null,"reac":null,"expires":null,"rentassist":null},"geometry":{"type":"Point","coordinates":[-81.773859999996006,41.443565998819103]}},
{"type":"Feature","properties":{"kind":"ph","name":"Edgewood Village 4","owner":"Akron Metropolitan Housing Authority","addr":"715 Raymond St","city":"Akron","units":1,"btype":"single-family house","status":null,"built":null,"rad":null,"eld":-4,"dis":-4,"aunits":null,"prog":null,"pop":null,"reac":null,"expires":null,"rentassist":null},"geometry":{"type":"Point","coordinates":[-81.542154000299206,41.074472999006701]}},
{"type":"Feature","properties":{"kind":"ph","name":"Tremont Pointe I","owner":"Cuyahoga Metropolitan Housing Authority","addr":"2533 W 6th St","city":"Cleveland","units":4,"btype":"row / townhouse","status":null,"built":2007,"rad":null,"eld":-4,"dis":-4,"aunits":null,"prog":null,"pop":null,"reac":null,"expires":null,"rentassist":null},"geometry":{"type":"Point","coordinates":[-81.680097000133003,41.478907999020898]}},
{"type":"Feature","properties":{"kind":"ph","name":"Joy Park","owner":"Akron Metropolitan Housing Authority","addr":"505 Fuller St","city":"Akron","units":4,"btype":"row / townhouse","status":null,"built":1970,"rad":null,"eld":-4,"dis":-4,"aunits":null,"prog":null,"pop":null,"reac":null,"expires":null,"rentassist":null},"geometry":{"type":"Point","coordinates":[-81.4838590004411,41.056823999273099]}},
{"type":"Feature","properties":{"kind":"ph","name":"Edgewood Village South","owner":"Akron Metropolitan Housing Authority","addr":"844 Mallison Ave","city":"Akron","units":3,"btype":"row / townhouse","status":null,"built":2012,"rad":null,"eld":-4,"dis":-4,"aunits":null,"prog":null,"pop":null,"reac":null,"expires":null,"rentassist":null},"geometry":{"type":"Point","coordinates":[-81.5427610000215,41.071480999321402]}},
{"type":"Feature","properties":{"kind":"ph","name":"Riverview Replacement","owner":"Cuyahoga Metropolitan Housing Authority","addr":"13506 Puritas Ave","city":"Cleveland","units":1,"btype":"single-family house","status":null,"built":null,"rad":null,"eld":-4,"dis":-4,"aunits":null,"prog":null,"pop":null,"reac":null,"expires":null,"rentassist":null},"geometry":{"type":"Point","coordinates":[-81.785715000325197,41.4335929991257]}},
{"type":"Feature","properties":{"kind":"ph","name":"Heritage Homes III (former Garden Valley","owner":"Cuyahoga Metropolitan Housing Authority","addr":"7227 Carson Ave","city":"Cleveland","units":1,"btype":"single-family house","status":null,"built":2011,"rad":null,"eld":-4,"dis":-4,"aunits":null,"prog":null,"pop":null,"reac":null,"expires":null,"rentassist":null},"geometry":{"type":"Point","coordinates":[-81.637734999854402,41.475056999242099]}},
{"type":"Feature","properties":{"kind":"ph","name":"MAPLEWOOD GARDENS","owner":"Akron Metropolitan Housing Authority","addr":"447 Hardman Dr","city":"Cuyahoga Falls","units":4,"btype":"walk-up apartments","status":null,"built":1981,"rad":null,"eld":-4,"dis":-4,"aunits":null,"prog":null,"pop":null,"reac":null,"expires":null,"rentassist":null},"geometry":{"type":"Point","coordinates":[-81.4921909995671,41.1870669987347]}},
{"type":"Feature","properties":{"kind":"ph","name":"Scattered Sites","owner":"Akron Metropolitan Housing Authority","addr":"955 Caddo Ave","city":"Akron","units":1,"btype":"single-family house","status":null,"built":1974,"rad":null,"eld":-4,"dis":-4,"aunits":null,"prog":null,"pop":null,"reac":null,"expires":null,"rentassist":null},"geometry":{"type":"Point","coordinates":[-81.472399000122095,41.0910889989621]}},
{"type":"Feature","properties":{"kind":"ph","name":"Scattered Sites","owner":"Akron Metropolitan Housing Authority","addr":"1363 Dover Ave","city":"Akron","units":1,"btype":"single-family house","status":null,"built":null,"rad":null,"eld":-4,"dis":-4,"aunits":null,"prog":null,"pop":null,"reac":null,"expires":null,"rentassist":null},"geometry":{"type":"Point","coordinates":[-81.562452999907407,41.068065999239302]}},
{"type":"Feature","properties":{"kind":"ph","name":"KING KENNEDY","owner":"Cuyahoga Metropolitan Housing Authority","addr":"2479 E 61st St","city":"Cleveland","units":5,"btype":"row / townhouse","status":null,"built":2004,"rad":null,"eld":-4,"dis":-4,"aunits":null,"prog":null,"pop":null,"reac":null,"expires":null,"rentassist":null},"geometry":{"type":"Point","coordinates":[-81.647796999707396,41.491287999340599]}},
{"type":"Feature","properties":{"kind":"ph","name":"Scattered Sites","owner":"Akron Metropolitan Housing Authority","addr":"2897 Unclmorse Ave","city":"Akron","units":1,"btype":"single-family house","status":null,"built":1960,"rad":null,"eld":-4,"dis":-4,"aunits":null,"prog":null,"pop":null,"reac":null,"expires":null,"rentassist":null},"geometry":{"type":"Point","coordinates":[-81.5581349995593,41.022730999138801]}},
{"type":"Feature","properties":{"kind":"ph","name":"Edgewood Village I","owner":"Akron Metropolitan Housing Authority","addr":"501 Warner Ct","city":"Akron","units":3,"btype":"row / townhouse","status":null,"built":null,"rad":null,"eld":-4,"dis":-4,"aunits":null,"prog":null,"pop":null,"reac":null,"expires":null,"rentassist":null},"geometry":{"type":"Point","coordinates":[-81.540457999907403,41.075298999023701]}},
{"type":"Feature","properties":{"kind":"ph","name":"Tremont Pointe II","owner":"Cuyahoga Metropolitan Housing Authority","addr":"2525 W 5th St","city":"Cleveland","units":5,"btype":"row / townhouse","status":null,"built":2009,"rad":null,"eld":-4,"dis":-4,"aunits":null,"prog":null,"pop":null,"reac":null,"expires":null,"rentassist":null},"geometry":{"type":"Point","coordinates":[-81.679394000151206,41.479295999148903]}},
{"type":"Feature","properties":{"kind":"ph","name":"VAN BUREN HOMES","owner":"Akron Metropolitan Housing Authority","addr":"574 Tennessee Pl","city":"Barberton","units":4,"btype":"row / townhouse","status":null,"built":1972,"rad":null,"eld":-4,"dis":-4,"aunits":null,"prog":null,"pop":null,"reac":null,"expires":null,"rentassist":null},"geometry":{"type":"Point","coordinates":[-81.600355000446001,41.0037879990562]}},
{"type":"Feature","properties":{"kind":"ph","name":"Scattered Sites","owner":"Akron Metropolitan Housing Authority","addr":"2381 Liberty St","city":"Cuyahoga Falls","units":1,"btype":"single-family house","status":null,"built":1950,"rad":null,"eld":-4,"dis":-4,"aunits":null,"prog":null,"pop":null,"reac":null,"expires":null,"rentassist":null},"geometry":{"type":"Point","coordinates":[-81.469773999792693,41.139145998797602]}},
{"type":"Feature","properties":{"kind":"ph","name":"Tremont Pointe II","owner":"Cuyahoga Metropolitan Housing Authority","addr":"603 Marquardt Ave","city":"Cleveland","units":4,"btype":"row / townhouse","status":null,"built":2009,"rad":null,"eld":-4,"dis":-4,"aunits":null,"prog":null,"pop":null,"reac":null,"expires":null,"rentassist":null},"geometry":{"type":"Point","coordinates":[-81.680576999633701,41.479019999122897]}},
{"type":"Feature","properties":{"kind":"ph","name":"Scattered Sites","owner":"Akron Metropolitan Housing Authority","addr":"341 Grace Ave","city":"Akron","units":1,"btype":"single-family house","status":null,"built":null,"rad":null,"eld":-4,"dis":-4,"aunits":null,"prog":null,"pop":null,"reac":null,"expires":null,"rentassist":null},"geometry":{"type":"Point","coordinates":[-81.551469999614397,41.088225998831099]}},
{"type":"Feature","properties":{"kind":"ph","name":"Scattered Sites","owner":"Akron Metropolitan Housing Authority","addr":"485 Ardella Ave","city":"Akron","units":1,"btype":"single-family house","status":null,"built":null,"rad":null,"eld":-4,"dis":-4,"aunits":null,"prog":null,"pop":null,"reac":null,"expires":null,"rentassist":null},"geometry":{"type":"Point","coordinates":[-81.485458999675103,41.054444999021499]}},
{"type":"Feature","properties":{"kind":"ph","name":"Scattered Sites","owner":"Akron Metropolitan Housing Authority","addr":"1137 Maryville Ave","city":"Akron","units":1,"btype":"single-family house","status":null,"built":null,"rad":null,"eld":-4,"dis":-4,"aunits":null,"prog":null,"pop":null,"reac":null,"expires":null,"rentassist":null},"geometry":{"type":"Point","coordinates":[-81.480977000193704,41.081061999361097]}},
{"type":"Feature","properties":{"kind":"ph","name":"SUMMIT LAKE","owner":"Akron Metropolitan Housing Authority","addr":"1132 Lakeshore Blvd","city":"Akron","units":6,"btype":"row / townhouse","status":null,"built":1965,"rad":null,"eld":-4,"dis":-4,"aunits":null,"prog":null,"pop":null,"reac":null,"expires":null,"rentassist":null},"geometry":{"type":"Point","coordinates":[-81.5415440002038,41.055650999038399]}},
{"type":"Feature","properties":{"kind":"ph","name":"VAN BUREN HOMES","owner":"Akron Metropolitan Housing Authority","addr":"341 Pasadena Pl","city":"Barberton","units":3,"btype":"row / townhouse","status":null,"built":1972,"rad":null,"eld":-4,"dis":-4,"aunits":null,"prog":null,"pop":null,"reac":null,"expires":null,"rentassist":null},"geometry":{"type":"Point","coordinates":[-81.599090000049401,41.005260999192998]}},
{"type":"Feature","properties":{"kind":"ph","name":"Scattered Sites","owner":"Akron Metropolitan Housing Authority","addr":"1537 Tyler St","city":"Akron","units":1,"btype":"single-family house","status":null,"built":null,"rad":null,"eld":-4,"dis":-4,"aunits":null,"prog":null,"pop":null,"reac":null,"expires":null,"rentassist":null},"geometry":{"type":"Point","coordinates":[-81.563273000064996,41.064454999343198]}},
{"type":"Feature","properties":{"kind":"ph","name":"KING KENNEDY","owner":"Cuyahoga Metropolitan Housing Authority","addr":"2500 E 61st St","city":"Cleveland","units":238,"btype":"elevator high-rise","status":"demolition/disposition proposed","built":1971,"rad":"PBRA","eld":76,"dis":58,"aunits":null,"prog":null,"pop":null,"reac":null,"expires":null,"rentassist":null},"geometry":{"type":"Point","coordinates":[-81.6482290004259,41.490851998856002]}},
{"type":"Feature","properties":{"kind":"ph","name":"SUMMIT LAKE","owner":"Akron Metropolitan Housing Authority","addr":"40 Brutus Pl","city":"Akron","units":7,"btype":"row / townhouse","status":null,"built":1965,"rad":null,"eld":-4,"dis":-4,"aunits":null,"prog":null,"pop":null,"reac":null,"expires":null,"rentassist":null},"geometry":{"type":"Point","coordinates":[-81.543074000015906,41.055532998860002]}},
{"type":"Feature","properties":{"kind":"ph","name":"Scattered Sites","owner":"Akron Metropolitan Housing Authority","addr":"346 Madison Ave","city":"Akron","units":1,"btype":"single-family house","status":null,"built":null,"rad":null,"eld":-4,"dis":-4,"aunits":null,"prog":null,"pop":null,"reac":null,"expires":null,"rentassist":null},"geometry":{"type":"Point","coordinates":[-81.550846000173607,41.0886579988723]}},
{"type":"Feature","properties":{"kind":"ph","name":"Joy Park","owner":"Akron Metropolitan Housing Authority","addr":"1431 Minson Way","city":"Akron","units":4,"btype":"row / townhouse","status":null,"built":1970,"rad":null,"eld":-4,"dis":-4,"aunits":null,"prog":null,"pop":null,"reac":null,"expires":null,"rentassist":null},"geometry":{"type":"Point","coordinates":[-81.482840000091798,41.055918998749199]}},
{"type":"Feature","properties":{"kind":"ph","name":"EASTSIDE","owner":"Cuyahoga Metropolitan Housing Authority","addr":"9321 Manor Ave","city":"Cleveland","units":2,"btype":"row / townhouse","status":"demolition/disposition approved","built":null,"rad":null,"eld":-4,"dis":-4,"aunits":null,"prog":null,"pop":null,"reac":null,"expires":null,"rentassist":null},"geometry":{"type":"Point","coordinates":[-81.620474000129093,41.475348999169498]}},
{"type":"Feature","properties":{"kind":"ph","name":"OBERLIN HOMES","owner":"Lorain Metropolitan Housing Authority","addr":"3741 Dallas Ave Apt","city":"Lorain","units":1,"btype":"single-family house","status":null,"built":1997,"rad":null,"eld":-4,"dis":-4,"aunits":null,"prog":null,"pop":null,"reac":null,"expires":null,"rentassist":null},"geometry":{"type":"Point","coordinates":[-82.154164999581596,41.435762999191802]}},
{"type":"Feature","properties":{"kind":"ph","name":"DOWNTOWN","owner":"Cuyahoga Metropolitan Housing Authority","addr":"2725 Loop Dr","city":"Cleveland","units":6,"btype":"row / townhouse","status":null,"built":1937,"rad":null,"eld":-4,"dis":-4,"aunits":null,"prog":null,"pop":null,"reac":null,"expires":null,"rentassist":null},"geometry":{"type":"Point","coordinates":[-81.7099010001007,41.494426998992701]}},
{"type":"Feature","properties":{"kind":"ph","name":"Riverview Replacement","owner":"Cuyahoga Metropolitan Housing Authority","addr":"4221 Trowbridge Ave","city":"Cleveland","units":1,"btype":"single-family house","status":"demolition/disposition approved","built":null,"rad":null,"eld":-4,"dis":-4,"aunits":null,"prog":null,"pop":null,"reac":null,"expires":null,"rentassist":null},"geometry":{"type":"Point","coordinates":[-81.714799000406899,41.4614869989122]}},
{"type":"Feature","properties":{"kind":"ph","name":"Willow Run","owner":"Akron Metropolitan Housing Authority","addr":"885 N Jenkins Blvd","city":"Akron","units":6,"btype":"row / townhouse","status":null,"built":1970,"rad":null,"eld":-4,"dis":-4,"aunits":null,"prog":null,"pop":null,"reac":null,"expires":null,"rentassist":null},"geometry":{"type":"Point","coordinates":[-81.492706000126205,41.035812999054599]}},
{"type":"Feature","properties":{"kind":"ph","name":"Scattered Sites","owner":"Akron Metropolitan Housing Authority","addr":"932 Carpenter St","city":"Akron","units":1,"btype":"single-family house","status":null,"built":null,"rad":null,"eld":-4,"dis":-4,"aunits":null,"prog":null,"pop":null,"reac":null,"expires":null,"rentassist":null},"geometry":{"type":"Point","coordinates":[-81.519576999792903,41.1107319989679]}},
{"type":"Feature","properties":{"kind":"ph","name":"Scattered Sites","owner":"Akron Metropolitan Housing Authority","addr":"859 Mercer Ave","city":"Akron","units":1,"btype":"single-family house","status":null,"built":null,"rad":null,"eld":-4,"dis":-4,"aunits":null,"prog":null,"pop":null,"reac":null,"expires":null,"rentassist":null},"geometry":{"type":"Point","coordinates":[-81.556957000099601,41.080282998982298]}},
{"type":"Feature","properties":{"kind":"ph","name":"Scattered Sites","owner":"Akron Metropolitan Housing Authority","addr":"692 Grifton Ave","city":"Akron","units":1,"btype":"single-family house","status":null,"built":null,"rad":null,"eld":-4,"dis":-4,"aunits":null,"prog":null,"pop":null,"reac":null,"expires":null,"rentassist":null},"geometry":{"type":"Point","coordinates":[-81.478454999796497,41.081784999046498]}},
{"type":"Feature","properties":{"kind":"ph","name":"COLONIAL HILLS","owner":"Akron Metropolitan Housing Authority","addr":"111 Colonial Hills Dr","city":"Akron","units":6,"btype":"row / townhouse","status":null,"built":1967,"rad":null,"eld":-4,"dis":-4,"aunits":null,"prog":null,"pop":null,"reac":null,"expires":null,"rentassist":null},"geometry":{"type":"Point","coordinates":[-81.502138999617301,41.107230998914801]}},
{"type":"Feature","properties":{"kind":"ph","name":"MAPLEWOOD GARDENS","owner":"Akron Metropolitan Housing Authority","addr":"411 Hardman Dr","city":"Cuyahoga Falls","units":8,"btype":"walk-up apartments","status":null,"built":1981,"rad":null,"eld":-4,"dis":-4,"aunits":null,"prog":null,"pop":null,"reac":null,"expires":null,"rentassist":null},"geometry":{"type":"Point","coordinates":[-81.493279000411704,41.186982998762403]}},
{"type":"Feature","properties":{"kind":"ph","name":"Cascade Village South","owner":"Akron Metropolitan Housing Authority","addr":"186 Cascade Ct","city":"Akron","units":2,"btype":"semi-detached / duplex","status":null,"built":2008,"rad":null,"eld":-4,"dis":-4,"aunits":null,"prog":null,"pop":null,"reac":null,"expires":null,"rentassist":null},"geometry":{"type":"Point","coordinates":[-81.508868000034596,41.089725998819901]}},
{"type":"Feature","properties":{"kind":"ph","name":"Riverview Replacement","owner":"Cuyahoga Metropolitan Housing Authority","addr":"4403 W 189th St","city":"Cleveland","units":1,"btype":"single-family house","status":null,"built":1951,"rad":null,"eld":-4,"dis":-4,"aunits":null,"prog":null,"pop":null,"reac":null,"expires":null,"rentassist":null},"geometry":{"type":"Point","coordinates":[-81.830488999599595,41.435226998740902]}},
{"type":"Feature","properties":{"kind":"ph","name":"SOUTHEAST","owner":"Cuyahoga Metropolitan Housing Authority","addr":"4057 E 110th St","city":"Cleveland","units":6,"btype":"row / townhouse","status":"demolition/disposition proposed","built":1972,"rad":"PBRA","eld":-4,"dis":-4,"aunits":null,"prog":null,"pop":null,"reac":null,"expires":null,"rentassist":null},"geometry":{"type":"Point","coordinates":[-81.608475999684799,41.445642999352401]}},
{"type":"Feature","properties":{"kind":"ph","name":"Scattered Sites","owner":"Akron Metropolitan Housing Authority","addr":"105 Bittman St","city":"Akron","units":3,"btype":"walk-up apartments","status":null,"built":null,"rad":null,"eld":-4,"dis":-4,"aunits":null,"prog":null,"pop":null,"reac":null,"expires":null,"rentassist":null},"geometry":{"type":"Point","coordinates":[-81.527907000167403,41.086876999390299]}},
{"type":"Feature","properties":{"kind":"ph","name":"COLONIAL HILLS","owner":"Akron Metropolitan Housing Authority","addr":"103 Colonial Hills Dr","city":"Akron","units":6,"btype":"row / townhouse","status":null,"built":1967,"rad":null,"eld":-4,"dis":-4,"aunits":null,"prog":null,"pop":null,"reac":null,"expires":null,"rentassist":null},"geometry":{"type":"Point","coordinates":[-81.502178999800293,41.1072299991881]}},
{"type":"Feature","properties":{"kind":"ph","name":"Scattered Sites","owner":"Akron Metropolitan Housing Authority","addr":"1325 Sparhawk Ave","city":"Akron","units":1,"btype":"single-family house","status":null,"built":1972,"rad":null,"eld":-4,"dis":-4,"aunits":null,"prog":null,"pop":null,"reac":null,"expires":null,"rentassist":null},"geometry":{"type":"Point","coordinates":[-81.468165000337805,41.092391998754501]}},
{"type":"Feature","properties":{"kind":"ph","name":"COLONIAL HILLS","owner":"Akron Metropolitan Housing Authority","addr":"67 Colonial Hills Dr","city":"Akron","units":6,"btype":"row / townhouse","status":null,"built":1967,"rad":null,"eld":-4,"dis":-4,"aunits":null,"prog":null,"pop":null,"reac":null,"expires":null,"rentassist":null},"geometry":{"type":"Point","coordinates":[-81.501543999590496,41.1068969993511]}},
{"type":"Feature","properties":{"kind":"ph","name":"Scattered Sites","owner":"Akron Metropolitan Housing Authority","addr":"675 Bettes Ave","city":"Akron","units":1,"btype":"single-family house","status":null,"built":1964,"rad":null,"eld":-4,"dis":-4,"aunits":null,"prog":null,"pop":null,"reac":null,"expires":null,"rentassist":null},"geometry":{"type":"Point","coordinates":[-81.490925000243905,41.110386999091098]}},
{"type":"Feature","properties":{"kind":"ph","name":"SCRANTON WOODS/CLOVERDALE","owner":"Geauga Metropolitian Housing Authority","addr":"16743 Dayton St","city":"Chagrin Falls","units":3,"btype":"row / townhouse","status":null,"built":1982,"rad":null,"eld":-4,"dis":-4,"aunits":null,"prog":null,"pop":null,"reac":null,"expires":null,"rentassist":null},"geometry":{"type":"Point","coordinates":[-81.387956999597193,41.416113999356099]}},
{"type":"Feature","properties":{"kind":"ph","name":"Willow Run","owner":"Akron Metropolitan Housing Authority","addr":"917 N Jenkins Blvd","city":"Akron","units":4,"btype":"row / townhouse","status":null,"built":1970,"rad":null,"eld":-4,"dis":-4,"aunits":null,"prog":null,"pop":null,"reac":null,"expires":null,"rentassist":null},"geometry":{"type":"Point","coordinates":[-81.49432600035,41.034771998737398]}},
{"type":"Feature","properties":{"kind":"ph","name":"Scattered Sites","owner":"Akron Metropolitan Housing Authority","addr":"1246 Laffer Ave","city":"Akron","units":1,"btype":"single-family house","status":null,"built":null,"rad":null,"eld":-4,"dis":-4,"aunits":null,"prog":null,"pop":null,"reac":null,"expires":null,"rentassist":null},"geometry":{"type":"Point","coordinates":[-81.476564000309295,41.073619999115699]}},
{"type":"Feature","properties":{"kind":"ph","name":"Scattered Sites","owner":"Akron Metropolitan Housing Authority","addr":"684 Carlysle St","city":"Akron","units":1,"btype":"single-family house","status":null,"built":1903,"rad":null,"eld":-4,"dis":-4,"aunits":null,"prog":null,"pop":null,"reac":null,"expires":null,"rentassist":null},"geometry":{"type":"Point","coordinates":[-81.518414000401904,41.104027999086398]}},
{"type":"Feature","properties":{"kind":"ph","name":"Scattered Sites","owner":"Akron Metropolitan Housing Authority","addr":"1353 Sorin Ave","city":"Akron","units":1,"btype":"single-family house","status":null,"built":1972,"rad":null,"eld":-4,"dis":-4,"aunits":null,"prog":null,"pop":null,"reac":null,"expires":null,"rentassist":null},"geometry":{"type":"Point","coordinates":[-81.479213999854807,41.100950998781101]}},
{"type":"Feature","properties":{"kind":"ph","name":"COLONIAL HILLS","owner":"Akron Metropolitan Housing Authority","addr":"91 Colonial Hills Dr","city":"Akron","units":6,"btype":"row / townhouse","status":null,"built":1967,"rad":null,"eld":-4,"dis":-4,"aunits":null,"prog":null,"pop":null,"reac":null,"expires":null,"rentassist":null},"geometry":{"type":"Point","coordinates":[-81.501307999589002,41.1068939988022]}},
{"type":"Feature","properties":{"kind":"ph","name":"Edgewood Village I","owner":"Akron Metropolitan Housing Authority","addr":"453 Westerly Rd","city":"Akron","units":2,"btype":"semi-detached / duplex","status":null,"built":null,"rad":null,"eld":-4,"dis":-4,"aunits":null,"prog":null,"pop":null,"reac":null,"expires":null,"rentassist":null},"geometry":{"type":"Point","coordinates":[-81.539016999783698,41.073696999126099]}},
{"type":"Feature","properties":{"kind":"ph","name":"CEDAR CENTRAL","owner":"Cuyahoga Metropolitan Housing Authority","addr":"2180 E 30th St","city":"Cleveland","units":30,"btype":"walk-up apartments","status":null,"built":1935,"rad":null,"eld":-4,"dis":-4,"aunits":null,"prog":null,"pop":null,"reac":null,"expires":null,"rentassist":null},"geometry":{"type":"Point","coordinates":[-81.666720000387599,41.497988998752099]}},
{"type":"Feature","properties":{"kind":"ph","name":"Scattered Sites","owner":"Akron Metropolitan Housing Authority","addr":"2311 Sutton Dr","city":"Cuyahoga Falls","units":1,"btype":"single-family house","status":null,"built":1953,"rad":null,"eld":-4,"dis":-4,"aunits":null,"prog":null,"pop":null,"reac":null,"expires":null,"rentassist":null},"geometry":{"type":"Point","coordinates":[-81.462776999586794,41.138746998868797]}},
{"type":"Feature","properties":{"kind":"ph","name":"OUTHWAITE","owner":"Cuyahoga Metropolitan Housing Authority","addr":"5100 Scovill Ave","city":"Cleveland","units":15,"btype":"row / townhouse","status":"demolition/disposition proposed","built":1942,"rad":"PBRA","eld":0,"dis":5,"aunits":null,"prog":null,"pop":null,"reac":null,"expires":null,"rentassist":null},"geometry":{"type":"Point","coordinates":[-81.652479000103597,41.492039998756503]}},
{"type":"Feature","properties":{"kind":"ph","name":"Riverview Replacement","owner":"Cuyahoga Metropolitan Housing Authority","addr":"3605 Siam Ave","city":"Cleveland","units":1,"btype":"single-family house","status":null,"built":1997,"rad":null,"eld":-4,"dis":-4,"aunits":null,"prog":null,"pop":null,"reac":null,"expires":null,"rentassist":null},"geometry":{"type":"Point","coordinates":[-81.710162000216599,41.477503998748404]}},
{"type":"Feature","properties":{"kind":"ph","name":"Scattered Sites","owner":"Akron Metropolitan Housing Authority","addr":"1250 Laffer Ave","city":"Akron","units":1,"btype":"single-family house","status":null,"built":null,"rad":null,"eld":-4,"dis":-4,"aunits":null,"prog":null,"pop":null,"reac":null,"expires":null,"rentassist":null},"geometry":{"type":"Point","coordinates":[-81.476551999715497,41.073619999115699]}},
{"type":"Feature","properties":{"kind":"ph","name":"VAN BUREN HOMES","owner":"Akron Metropolitan Housing Authority","addr":"422 Pasadena Pl","city":"Barberton","units":2,"btype":"semi-detached / duplex","status":null,"built":1972,"rad":null,"eld":-4,"dis":-4,"aunits":null,"prog":null,"pop":null,"reac":null,"expires":null,"rentassist":null},"geometry":{"type":"Point","coordinates":[-81.598650999658204,41.004648998835997]}},
{"type":"Feature","properties":{"kind":"ph","name":"VAN BUREN HOMES","owner":"Akron Metropolitan Housing Authority","addr":"286 Illinois Pl","city":"Barberton","units":6,"btype":"row / townhouse","status":null,"built":1972,"rad":null,"eld":-4,"dis":-4,"aunits":null,"prog":null,"pop":null,"reac":null,"expires":null,"rentassist":null},"geometry":{"type":"Point","coordinates":[-81.600179999645505,41.006526999112303]}},
{"type":"Feature","properties":{"kind":"ph","name":"KING KENNEDY","owner":"Cuyahoga Metropolitan Housing Authority","addr":"5958 Scovill Ave","city":"Cleveland","units":5,"btype":"row / townhouse","status":null,"built":2004,"rad":null,"eld":-4,"dis":-4,"aunits":null,"prog":null,"pop":null,"reac":null,"expires":null,"rentassist":null},"geometry":{"type":"Point","coordinates":[-81.648386999711306,41.491507999310699]}},
{"type":"Feature","properties":{"kind":"ph","name":"Scattered Sites","owner":"Akron Metropolitan Housing Authority","addr":"1249 Vane Ave","city":"Akron","units":1,"btype":"single-family house","status":null,"built":1962,"rad":null,"eld":-4,"dis":-4,"aunits":null,"prog":null,"pop":null,"reac":null,"expires":null,"rentassist":null},"geometry":{"type":"Point","coordinates":[-81.480523999558898,41.098372998968998]}},
{"type":"Feature","properties":{"kind":"ph","name":"SCRANTON WOODS/CLOVERDALE","owner":"Geauga Metropolitian Housing Authority","addr":"15585 Cloverdale Dr","city":"Middlefield","units":2,"btype":"semi-detached / duplex","status":null,"built":1985,"rad":null,"eld":-4,"dis":-4,"aunits":null,"prog":null,"pop":null,"reac":null,"expires":null,"rentassist":null},"geometry":{"type":"Point","coordinates":[-81.086554000347803,41.452462999154299]}},
{"type":"Feature","properties":{"kind":"ph","name":"Cascade Village South","owner":"Akron Metropolitan Housing Authority","addr":"181 Stuber St","city":"Akron","units":2,"btype":"semi-detached / duplex","status":null,"built":2008,"rad":null,"eld":-4,"dis":-4,"aunits":null,"prog":null,"pop":null,"reac":null,"expires":null,"rentassist":null},"geometry":{"type":"Point","coordinates":[-81.511592000098204,41.0900269987591]}},
{"type":"Feature","properties":{"kind":"ph","name":"HOUGH","owner":"Cuyahoga Metropolitan Housing Authority","addr":"5707 Curtis Ct","city":"Cleveland","units":10,"btype":"row / townhouse","status":null,"built":1971,"rad":null,"eld":-4,"dis":-4,"aunits":null,"prog":null,"pop":null,"reac":null,"expires":null,"rentassist":null},"geometry":{"type":"Point","coordinates":[-81.651365000218107,41.507072998732802]}},
{"type":"Feature","properties":{"kind":"ph","name":"Scattered Sites","owner":"Akron Metropolitan Housing Authority","addr":"723 Kennebec Ave","city":"Akron","units":1,"btype":"single-family house","status":null,"built":1972,"rad":null,"eld":-4,"dis":-4,"aunits":null,"prog":null,"pop":null,"reac":null,"expires":null,"rentassist":null},"geometry":{"type":"Point","coordinates":[-81.473897999972095,41.0834289992329]}},
{"type":"Feature","properties":{"kind":"ph","name":"Scattered Sites","owner":"Akron Metropolitan Housing Authority","addr":"1286 Dover Ave","city":"Akron","units":1,"btype":"single-family house","status":null,"built":null,"rad":null,"eld":-4,"dis":-4,"aunits":null,"prog":null,"pop":null,"reac":null,"expires":null,"rentassist":null},"geometry":{"type":"Point","coordinates":[-81.562411000074604,41.070601999279702]}},
{"type":"Feature","properties":{"kind":"ph","name":"SCRANTON WOODS/CLOVERDALE","owner":"Geauga Metropolitian Housing Authority","addr":"7172 Woodland Ave","city":"Chagrin Falls","units":4,"btype":"row / townhouse","status":null,"built":1982,"rad":null,"eld":-4,"dis":-4,"aunits":null,"prog":null,"pop":null,"reac":null,"expires":null,"rentassist":null},"geometry":{"type":"Point","coordinates":[-81.386101000270102,41.414166999007698]}},
{"type":"Feature","properties":{"kind":"ph","name":"Scattered Sites","owner":"Akron Metropolitan Housing Authority","addr":"969 Winton Ave","city":"Akron","units":1,"btype":"single-family house","status":null,"built":1929,"rad":null,"eld":-4,"dis":-4,"aunits":null,"prog":null,"pop":null,"reac":null,"expires":null,"rentassist":null},"geometry":{"type":"Point","coordinates":[-81.5609170002475,41.0788449991569]}},
{"type":"Feature","properties":{"kind":"ph","name":"DOWNTOWN","owner":"Cuyahoga Metropolitan Housing Authority","addr":"1260 W 25th St","city":"Cleveland","units":6,"btype":"row / townhouse","status":null,"built":1937,"rad":null,"eld":-4,"dis":-4,"aunits":null,"prog":null,"pop":null,"reac":null,"expires":null,"rentassist":null},"geometry":{"type":"Point","coordinates":[-81.710096000094296,41.494528999212299]}},
{"type":"Feature","properties":{"kind":"ph","name":"WILKES-VILLA","owner":"Lorain Metropolitan Housing Authority","addr":"310 East Ave","city":"Elyria","units":181,"btype":"elevator high-rise","status":null,"built":1970,"rad":null,"eld":24,"dis":51,"aunits":null,"prog":null,"pop":null,"reac":null,"expires":null,"rentassist":null},"geometry":{"type":"Point","coordinates":[-82.103770999752598,41.364941999321097]}},
{"type":"Feature","properties":{"kind":"ph","name":"Scattered Sites","owner":"Akron Metropolitan Housing Authority","addr":"151 Gleason Ave","city":"Akron","units":1,"btype":"single-family house","status":null,"built":1919,"rad":null,"eld":-4,"dis":-4,"aunits":null,"prog":null,"pop":null,"reac":null,"expires":null,"rentassist":null},"geometry":{"type":"Point","coordinates":[-81.452670000426195,41.056087998940797]}},
{"type":"Feature","properties":{"kind":"ph","name":"Riverview Replacement","owner":"Cuyahoga Metropolitan Housing Authority","addr":"3143 W 84th St","city":"Cleveland","units":1,"btype":"single-family house","status":null,"built":null,"rad":null,"eld":-4,"dis":-4,"aunits":null,"prog":null,"pop":null,"reac":null,"expires":null,"rentassist":null},"geometry":{"type":"Point","coordinates":[-81.742715000362196,41.468456999222298]}},
{"type":"Feature","properties":{"kind":"ph","name":"Scattered Sites","owner":"Akron Metropolitan Housing Authority","addr":"606 Chittenden St","city":"Akron","units":1,"btype":"single-family house","status":null,"built":null,"rad":null,"eld":-4,"dis":-4,"aunits":null,"prog":null,"pop":null,"reac":null,"expires":null,"rentassist":null},"geometry":{"type":"Point","coordinates":[-81.4890270001858,41.053430999227302]}},
{"type":"Feature","properties":{"kind":"ph","name":"SUMMIT LAKE","owner":"Akron Metropolitan Housing Authority","addr":"400 W Miller Ave","city":"Akron","units":8,"btype":"walk-up apartments","status":null,"built":1965,"rad":null,"eld":-4,"dis":-4,"aunits":null,"prog":null,"pop":null,"reac":null,"expires":null,"rentassist":null},"geometry":{"type":"Point","coordinates":[-81.542499000080696,41.055950999399997]}},
{"type":"Feature","properties":{"kind":"ph","name":"Riverview Replacement","owner":"Cuyahoga Metropolitan Housing Authority","addr":"2208 W 104th St","city":"Cleveland","units":1,"btype":"single-family house","status":null,"built":null,"rad":null,"eld":-4,"dis":-4,"aunits":null,"prog":null,"pop":null,"reac":null,"expires":null,"rentassist":null},"geometry":{"type":"Point","coordinates":[-81.758037000021403,41.473525998944197]}},
{"type":"Feature","properties":{"kind":"ph","name":"SOUTHEAST","owner":"Cuyahoga Metropolitan Housing Authority","addr":"4309 E 114th St","city":"Cleveland","units":1,"btype":"single-family house","status":null,"built":null,"rad":null,"eld":-4,"dis":-4,"aunits":null,"prog":null,"pop":null,"reac":null,"expires":null,"rentassist":null},"geometry":{"type":"Point","coordinates":[-81.603735999562304,41.442601998888698]}},
{"type":"Feature","properties":{"kind":"ph","name":"Scattered Sites","owner":"Akron Metropolitan Housing Authority","addr":"1880 Seattle St","city":"Cuyahoga Falls","units":1,"btype":"single-family house","status":null,"built":1985,"rad":null,"eld":-4,"dis":-4,"aunits":null,"prog":null,"pop":null,"reac":null,"expires":null,"rentassist":null},"geometry":{"type":"Point","coordinates":[-81.458526999908997,41.131677999394]}},
{"type":"Feature","properties":{"kind":"ph","name":"SOUTHEAST","owner":"Cuyahoga Metropolitan Housing Authority","addr":"4687 E 153rd St","city":"Cleveland","units":2,"btype":"single-family house","status":null,"built":null,"rad":null,"eld":-4,"dis":-4,"aunits":null,"prog":null,"pop":null,"reac":null,"expires":null,"rentassist":null},"geometry":{"type":"Point","coordinates":[-81.5745629996064,41.431782998956699]}},
{"type":"Feature","properties":{"kind":"ph","name":"HONEY LOCUST GARDEN","owner":"Akron Metropolitan Housing Authority","addr":"3456 Prange Dr","city":"Cuyahoga Falls","units":6,"btype":"row / townhouse","status":null,"built":1988,"rad":null,"eld":-4,"dis":-4,"aunits":null,"prog":null,"pop":null,"reac":null,"expires":null,"rentassist":null},"geometry":{"type":"Point","coordinates":[-81.501550000336593,41.156136999283902]}},
{"type":"Feature","properties":{"kind":"ph","name":"Scattered Sites","owner":"Akron Metropolitan Housing Authority","addr":"1255 Bee Bee Cir","city":"Akron","units":1,"btype":"single-family house","status":null,"built":1974,"rad":null,"eld":-4,"dis":-4,"aunits":null,"prog":null,"pop":null,"reac":null,"expires":null,"rentassist":null},"geometry":{"type":"Point","coordinates":[-81.471743999820902,41.090583998799801]}},
{"type":"Feature","properties":{"kind":"ph","name":"KING KENNEDY","owner":"Cuyahoga Metropolitan Housing Authority","addr":"2516 E 66th St","city":"Cleveland","units":5,"btype":"row / townhouse","status":null,"built":2005,"rad":null,"eld":-4,"dis":-4,"aunits":null,"prog":null,"pop":null,"reac":null,"expires":null,"rentassist":null},"geometry":{"type":"Point","coordinates":[-81.644600999640701,41.4906089990981]}},
{"type":"Feature","properties":{"kind":"ph","name":"Willow Run","owner":"Akron Metropolitan Housing Authority","addr":"1368 Doty Dr","city":"Akron","units":4,"btype":"row / townhouse","status":null,"built":1981,"rad":null,"eld":-4,"dis":-4,"aunits":null,"prog":null,"pop":null,"reac":null,"expires":null,"rentassist":null},"geometry":{"type":"Point","coordinates":[-81.459726000183394,41.0236299987506]}},
{"type":"Feature","properties":{"kind":"ph","name":"Cascade Village North","owner":"Akron Metropolitan Housing Authority","addr":"122 E Lods St","city":"Akron","units":6,"btype":"row / townhouse","status":null,"built":2006,"rad":null,"eld":-4,"dis":-4,"aunits":null,"prog":null,"pop":null,"reac":null,"expires":null,"rentassist":null},"geometry":{"type":"Point","coordinates":[-81.511099000178703,41.092242998890697]}},
{"type":"Feature","properties":{"kind":"ph","name":"Cascade Village North","owner":"Akron Metropolitan Housing Authority","addr":"208 Elizabeth Pkwy","city":"Akron","units":2,"btype":"semi-detached / duplex","status":null,"built":2006,"rad":null,"eld":-4,"dis":-4,"aunits":null,"prog":null,"pop":null,"reac":null,"expires":null,"rentassist":null},"geometry":{"type":"Point","coordinates":[-81.509879999812895,41.091159998991401]}},
{"type":"Feature","properties":{"kind":"ph","name":"VAN BUREN HOMES","owner":"Akron Metropolitan Housing Authority","addr":"274 Illinois Pl","city":"Barberton","units":4,"btype":"row / townhouse","status":null,"built":1972,"rad":null,"eld":-4,"dis":-4,"aunits":null,"prog":null,"pop":null,"reac":null,"expires":null,"rentassist":null},"geometry":{"type":"Point","coordinates":[-81.600167000124998,41.006607999300897]}},
{"type":"Feature","properties":{"kind":"ph","name":"Willow Run","owner":"Akron Metropolitan Housing Authority","addr":"1384 Doty Dr","city":"Akron","units":4,"btype":"row / townhouse","status":null,"built":1981,"rad":null,"eld":-4,"dis":-4,"aunits":null,"prog":null,"pop":null,"reac":null,"expires":null,"rentassist":null},"geometry":{"type":"Point","coordinates":[-81.459434000105304,41.023740999010201]}},
{"type":"Feature","properties":{"kind":"ph","name":"Riverview Replacement","owner":"Cuyahoga Metropolitan Housing Authority","addr":"3664 West Blvd","city":"Cleveland","units":1,"btype":"single-family house","status":null,"built":1953,"rad":null,"eld":-4,"dis":-4,"aunits":null,"prog":null,"pop":null,"reac":null,"expires":null,"rentassist":null},"geometry":{"type":"Point","coordinates":[-81.754624000219707,41.455278999316903]}},
{"type":"Feature","properties":{"kind":"ph","name":"Mohawk","owner":"Akron Metropolitan Housing Authority","addr":"1052 Boylston Rd","city":"Akron","units":4,"btype":"row / townhouse","status":null,"built":1970,"rad":null,"eld":-4,"dis":-4,"aunits":null,"prog":null,"pop":null,"reac":null,"expires":null,"rentassist":null},"geometry":{"type":"Point","coordinates":[-81.4885069996038,41.023842998937198]}},
{"type":"Feature","properties":{"kind":"ph","name":"Scattered Sites","owner":"Akron Metropolitan Housing Authority","addr":"1026 Maywood Ave","city":"Akron","units":1,"btype":"single-family house","status":null,"built":null,"rad":null,"eld":-4,"dis":-4,"aunits":null,"prog":null,"pop":null,"reac":null,"expires":null,"rentassist":null},"geometry":{"type":"Point","coordinates":[-81.492131000190994,41.053520998790901]}},
{"type":"Feature","properties":{"kind":"ph","name":"Scattered Sites","owner":"Akron Metropolitan Housing Authority","addr":"1568 Vicgross Ave","city":"Akron","units":1,"btype":"single-family house","status":null,"built":1960,"rad":null,"eld":-4,"dis":-4,"aunits":null,"prog":null,"pop":null,"reac":null,"expires":null,"rentassist":null},"geometry":{"type":"Point","coordinates":[-81.469747999853396,41.105569998797101]}},
{"type":"Feature","properties":{"kind":"ph","name":"Scattered Sites","owner":"Akron Metropolitan Housing Authority","addr":"1160 Welton Ave","city":"Akron","units":1,"btype":"single-family house","status":null,"built":null,"rad":null,"eld":-4,"dis":-4,"aunits":null,"prog":null,"pop":null,"reac":null,"expires":null,"rentassist":null},"geometry":{"type":"Point","coordinates":[-81.485441000131701,41.047875999399302]}},
{"type":"Feature","properties":{"kind":"ph","name":"Cascade Village South","owner":"Akron Metropolitan Housing Authority","addr":"146 E North St","city":"Akron","units":3,"btype":"row / townhouse","status":null,"built":2008,"rad":null,"eld":-4,"dis":-4,"aunits":null,"prog":null,"pop":null,"reac":null,"expires":null,"rentassist":null},"geometry":{"type":"Point","coordinates":[-81.510976000154997,41.090302999070403]}},
{"type":"Feature","properties":{"kind":"ph","name":"Cascade Village South","owner":"Akron Metropolitan Housing Authority","addr":"301 Spring St","city":"Akron","units":3,"btype":"row / townhouse","status":null,"built":2008,"rad":null,"eld":-4,"dis":-4,"aunits":null,"prog":null,"pop":null,"reac":null,"expires":null,"rentassist":null},"geometry":{"type":"Point","coordinates":[-81.505100000405704,41.090299999117498]}},
{"type":"Feature","properties":{"kind":"ph","name":"OUTHWAITE","owner":"Cuyahoga Metropolitan Housing Authority","addr":"2565 E 40th St","city":"Cleveland","units":15,"btype":"row / townhouse","status":null,"built":1937,"rad":null,"eld":-4,"dis":-4,"aunits":null,"prog":null,"pop":null,"reac":null,"expires":null,"rentassist":null},"geometry":{"type":"Point","coordinates":[-81.658427999647898,41.490191998768502]}},
{"type":"Feature","properties":{"kind":"ph","name":"SCRANTON WOODS/CLOVERDALE","owner":"Geauga Metropolitian Housing Authority","addr":"15575 Cloverdale Dr","city":"Middlefield","units":2,"btype":"semi-detached / duplex","status":null,"built":1991,"rad":null,"eld":-4,"dis":-4,"aunits":null,"prog":null,"pop":null,"reac":null,"expires":null,"rentassist":null},"geometry":{"type":"Point","coordinates":[-81.085288000126297,41.452460998803801]}},
{"type":"Feature","properties":{"kind":"ph","name":"LEAVITT HOMES","owner":"Lorain Metropolitan Housing Authority","addr":"2733 W 39th St Apt","city":"Lorain","units":1,"btype":"single-family house","status":null,"built":1996,"rad":null,"eld":-4,"dis":-4,"aunits":null,"prog":null,"pop":null,"reac":null,"expires":null,"rentassist":null},"geometry":{"type":"Point","coordinates":[-82.211492999867303,41.4350839991681]}},
{"type":"Feature","properties":{"kind":"ph","name":"East Side Neighborhood Homes","owner":"Cuyahoga Metropolitan Housing Authority","addr":"2906 Minnie Ave","city":"Cleveland","units":1,"btype":"single-family house","status":null,"built":2005,"rad":null,"eld":-4,"dis":-4,"aunits":null,"prog":null,"pop":null,"reac":null,"expires":null,"rentassist":null},"geometry":{"type":"Point","coordinates":[-81.634407000441499,41.479664999242097]}},
{"type":"Feature","properties":{"kind":"ph","name":"Cascade Village North","owner":"Akron Metropolitan Housing Authority","addr":"263 Elizabeth Pkwy","city":"Akron","units":2,"btype":"semi-detached / duplex","status":null,"built":2006,"rad":null,"eld":-4,"dis":-4,"aunits":null,"prog":null,"pop":null,"reac":null,"expires":null,"rentassist":null},"geometry":{"type":"Point","coordinates":[-81.512248000224304,41.091795999303002]}},
{"type":"Feature","properties":{"kind":"ph","name":"DOWNTOWN","owner":"Cuyahoga Metropolitan Housing Authority","addr":"2700 Loop Dr","city":"Cleveland","units":4,"btype":"row / townhouse","status":null,"built":1937,"rad":null,"eld":-4,"dis":-4,"aunits":null,"prog":null,"pop":null,"reac":null,"expires":null,"rentassist":null},"geometry":{"type":"Point","coordinates":[-81.710121000208702,41.494477998786103]}},
{"type":"Feature","properties":{"kind":"ph","name":"DOWNTOWN","owner":"Cuyahoga Metropolitan Housing Authority","addr":"2558 Division Ave","city":"Cleveland","units":24,"btype":"walk-up apartments","status":null,"built":1937,"rad":null,"eld":0,"dis":5,"aunits":null,"prog":null,"pop":null,"reac":null,"expires":null,"rentassist":null},"geometry":{"type":"Point","coordinates":[-81.709502999717401,41.493409999042399]}},
{"type":"Feature","properties":{"kind":"ph","name":"OBERLIN HOMES","owner":"Lorain Metropolitan Housing Authority","addr":"5031 Clifton Ave Apt","city":"Lorain","units":1,"btype":"single-family house","status":null,"built":1997,"rad":null,"eld":-4,"dis":-4,"aunits":null,"prog":null,"pop":null,"reac":null,"expires":null,"rentassist":null},"geometry":{"type":"Point","coordinates":[-82.155948000012003,41.4211639994002]}},
{"type":"Feature","properties":{"kind":"ph","name":"Cascade Village North","owner":"Akron Metropolitan Housing Authority","addr":"206 Elizabeth Pkwy","city":"Akron","units":2,"btype":"semi-detached / duplex","status":null,"built":2006,"rad":null,"eld":-4,"dis":-4,"aunits":null,"prog":null,"pop":null,"reac":null,"expires":null,"rentassist":null},"geometry":{"type":"Point","coordinates":[-81.509705999735601,41.091154999134901]}},
{"type":"Feature","properties":{"kind":"ph","name":"Tremont Pointe II","owner":"Cuyahoga Metropolitan Housing Authority","addr":"410 Leedy Ct","city":"Cleveland","units":4,"btype":"row / townhouse","status":null,"built":2009,"rad":null,"eld":-4,"dis":-4,"aunits":null,"prog":null,"pop":null,"reac":null,"expires":null,"rentassist":null},"geometry":{"type":"Point","coordinates":[-81.679242999640195,41.479624998904903]}},
{"type":"Feature","properties":{"kind":"ph","name":"SAFERSTEIN TOWERS","owner":"Akron Metropolitan Housing Authority","addr":"525 Diagonal Rd","city":"Akron","units":134,"btype":"elevator high-rise","status":null,"built":1969,"rad":null,"eld":60,"dis":83,"aunits":null,"prog":null,"pop":null,"reac":null,"expires":null,"rentassist":null},"geometry":{"type":"Point","coordinates":[-81.541960000130402,41.0841349993132]}},
{"type":"Feature","properties":{"kind":"ph","name":"Willow Run","owner":"Akron Metropolitan Housing Authority","addr":"1360 Doty Dr","city":"Akron","units":4,"btype":"row / townhouse","status":null,"built":1981,"rad":null,"eld":-4,"dis":-4,"aunits":null,"prog":null,"pop":null,"reac":null,"expires":null,"rentassist":null},"geometry":{"type":"Point","coordinates":[-81.459910000306394,41.023631999391903]}},
{"type":"Feature","properties":{"kind":"ph","name":"Riverview Replacement","owner":"Cuyahoga Metropolitan Housing Authority","addr":"3427 Library Ave","city":"Cleveland","units":1,"btype":"single-family house","status":null,"built":null,"rad":null,"eld":-4,"dis":-4,"aunits":null,"prog":null,"pop":null,"reac":null,"expires":null,"rentassist":null},"geometry":{"type":"Point","coordinates":[-81.7064509995907,41.457831999196003]}},
{"type":"Feature","properties":{"kind":"ph","name":"CRIMSON TERRACE","owner":"Akron Metropolitan Housing Authority","addr":"95 Mitchell St","city":"Barberton","units":1,"btype":"single-family house","status":null,"built":1927,"rad":null,"eld":-4,"dis":-4,"aunits":null,"prog":null,"pop":null,"reac":null,"expires":null,"rentassist":null},"geometry":{"type":"Point","coordinates":[-81.592817999566606,41.029992998830203]}},
{"type":"Feature","properties":{"kind":"ph","name":"Westside Homes","owner":"Cuyahoga Metropolitan Housing Authority","addr":"1962 W 32nd St","city":"Cleveland","units":18,"btype":"walk-up apartments","status":null,"built":2005,"rad":null,"eld":18,"dis":24,"aunits":null,"prog":null,"pop":null,"reac":null,"expires":null,"rentassist":null},"geometry":{"type":"Point","coordinates":[-81.709364999625095,41.482270998797702]}},
{"type":"Feature","properties":{"kind":"ph","name":"Willow Run","owner":"Akron Metropolitan Housing Authority","addr":"1344 Doty Dr","city":"Akron","units":4,"btype":"row / townhouse","status":null,"built":1981,"rad":null,"eld":-4,"dis":-4,"aunits":null,"prog":null,"pop":null,"reac":null,"expires":null,"rentassist":null},"geometry":{"type":"Point","coordinates":[-81.460308999616203,41.023634998998297]}},
{"type":"Feature","properties":{"kind":"ph","name":"Bon Sue","owner":"Akron Metropolitan Housing Authority","addr":"27 Susan Ct","city":"Akron","units":4,"btype":"row / townhouse","status":null,"built":1970,"rad":null,"eld":-4,"dis":-4,"aunits":null,"prog":null,"pop":null,"reac":null,"expires":null,"rentassist":null},"geometry":{"type":"Point","coordinates":[-81.560027999594595,41.0620659993441]}},
{"type":"Feature","properties":{"kind":"ph","name":"Edgewood Village I","owner":"Akron Metropolitan Housing Authority","addr":"505 Warner Ct","city":"Akron","units":2,"btype":"semi-detached / duplex","status":null,"built":null,"rad":null,"eld":-4,"dis":-4,"aunits":null,"prog":null,"pop":null,"reac":null,"expires":null,"rentassist":null},"geometry":{"type":"Point","coordinates":[-81.540467000128203,41.0752999992363]}},
{"type":"Feature","properties":{"kind":"ph","name":"OBERLIN HOMES","owner":"Lorain Metropolitan Housing Authority","addr":"1555 E 31st St Apt","city":"Lorain","units":2,"btype":"semi-detached / duplex","status":"demolition/disposition proposed","built":1973,"rad":"PBV","eld":-4,"dis":-4,"aunits":null,"prog":null,"pop":null,"reac":null,"expires":null,"rentassist":null},"geometry":{"type":"Point","coordinates":[-82.146670000331596,41.442054999036699]}},
{"type":"Feature","properties":{"kind":"ph","name":"KING KENNEDY","owner":"Cuyahoga Metropolitan Housing Authority","addr":"2530 E 66th St Apt A","city":"Cleveland","units":12,"btype":"row / townhouse","status":null,"built":1970,"rad":null,"eld":-4,"dis":-4,"aunits":null,"prog":null,"pop":null,"reac":null,"expires":null,"rentassist":null},"geometry":{"type":"Point","coordinates":[-81.644592000318198,41.4902829990436]}},
{"type":"Feature","properties":{"kind":"ph","name":"Willow Run","owner":"Akron Metropolitan Housing Authority","addr":"1351 Doty Dr","city":"Akron","units":4,"btype":"row / townhouse","status":null,"built":1981,"rad":null,"eld":-4,"dis":-4,"aunits":null,"prog":null,"pop":null,"reac":null,"expires":null,"rentassist":null},"geometry":{"type":"Point","coordinates":[-81.459922000001995,41.023958999061001]}},
{"type":"Feature","properties":{"kind":"ph","name":"NEAR WEST","owner":"Cuyahoga Metropolitan Housing Authority","addr":"2900 Walton Ave","city":"Cleveland","units":6,"btype":"row / townhouse","status":"demolition/disposition draft","built":1978,"rad":null,"eld":-4,"dis":-4,"aunits":null,"prog":null,"pop":null,"reac":null,"expires":null,"rentassist":null},"geometry":{"type":"Point","coordinates":[-81.701199000180495,41.471254998959701]}},
{"type":"Feature","properties":{"kind":"ph","name":"East Side Neighborhood Homes","owner":"Cuyahoga Metropolitan Housing Authority","addr":"2207 E 74th St","city":"Cleveland","units":1,"btype":"single-family house","status":null,"built":2005,"rad":null,"eld":-4,"dis":-4,"aunits":null,"prog":null,"pop":null,"reac":null,"expires":null,"rentassist":null},"geometry":{"type":"Point","coordinates":[-81.637169999964897,41.498665998739597]}},
{"type":"Feature","properties":{"kind":"ph","name":"Scattered Sites","owner":"Akron Metropolitan Housing Authority","addr":"1216 Onondago Ave","city":"Akron","units":1,"btype":"single-family house","status":null,"built":null,"rad":null,"eld":-4,"dis":-4,"aunits":null,"prog":null,"pop":null,"reac":null,"expires":null,"rentassist":null},"geometry":{"type":"Point","coordinates":[-81.472834000315302,41.082031998963998]}},
{"type":"Feature","properties":{"kind":"ph","name":"Scattered Sites","owner":"Akron Metropolitan Housing Authority","addr":"2917 Unclmorse Ave","city":"Akron","units":1,"btype":"single-family house","status":null,"built":1958,"rad":null,"eld":-4,"dis":-4,"aunits":null,"prog":null,"pop":null,"reac":null,"expires":null,"rentassist":null},"geometry":{"type":"Point","coordinates":[-81.558144999605005,41.022321999385802]}},
{"type":"Feature","properties":{"kind":"ph","name":"East Side Neighborhood Homes","owner":"Cuyahoga Metropolitan Housing Authority","addr":"2174 E 74th St","city":"Cleveland","units":1,"btype":"single-family house","status":null,"built":2005,"rad":null,"eld":-4,"dis":-4,"aunits":null,"prog":null,"pop":null,"reac":null,"expires":null,"rentassist":null},"geometry":{"type":"Point","coordinates":[-81.636866000191304,41.496677999168497]}},
{"type":"Feature","properties":{"kind":"ph","name":"Cascade Village South","owner":"Akron Metropolitan Housing Authority","addr":"285 Spring St","city":"Akron","units":3,"btype":"row / townhouse","status":null,"built":2008,"rad":null,"eld":-4,"dis":-4,"aunits":null,"prog":null,"pop":null,"reac":null,"expires":null,"rentassist":null},"geometry":{"type":"Point","coordinates":[-81.512322999669095,41.089747999341199]}},
{"type":"Feature","properties":{"kind":"ph","name":"PINEWOOD GARDENS","owner":"Akron Metropolitan Housing Authority","addr":"8778 Ray Ct Apt 1","city":"Twinsburg","units":8,"btype":"walk-up apartments","status":null,"built":1980,"rad":null,"eld":-4,"dis":-4,"aunits":null,"prog":null,"pop":null,"reac":null,"expires":null,"rentassist":null},"geometry":{"type":"Point","coordinates":[-81.459203999951498,41.308858999339201]}},
{"type":"Feature","properties":{"kind":"ph","name":"Scattered Sites","owner":"Akron Metropolitan Housing Authority","addr":"1362 Brownstone Ave","city":"Akron","units":1,"btype":"single-family house","status":null,"built":1974,"rad":null,"eld":-4,"dis":-4,"aunits":null,"prog":null,"pop":null,"reac":null,"expires":null,"rentassist":null},"geometry":{"type":"Point","coordinates":[-81.474896000404996,41.101299998766102]}},
{"type":"Feature","properties":{"kind":"ph","name":"SUMMIT LAKE","owner":"Akron Metropolitan Housing Authority","addr":"365 Ira Ave","city":"Akron","units":3,"btype":"row / townhouse","status":null,"built":1965,"rad":null,"eld":-4,"dis":-4,"aunits":null,"prog":null,"pop":null,"reac":null,"expires":null,"rentassist":null},"geometry":{"type":"Point","coordinates":[-81.540445000386896,41.054450998813401]}},
{"type":"Feature","properties":{"kind":"ph","name":"Willow Run","owner":"Akron Metropolitan Housing Authority","addr":"861 N Jenkins Blvd","city":"Akron","units":6,"btype":"row / townhouse","status":null,"built":1970,"rad":null,"eld":-4,"dis":-4,"aunits":null,"prog":null,"pop":null,"reac":null,"expires":null,"rentassist":null},"geometry":{"type":"Point","coordinates":[-81.494354999763999,41.035416999052003]}},
{"type":"Feature","properties":{"kind":"ph","name":"Tremont Pointe II","owner":"Cuyahoga Metropolitan Housing Authority","addr":"2552 W 5th St","city":"Cleveland","units":4,"btype":"row / townhouse","status":null,"built":2009,"rad":null,"eld":-4,"dis":-4,"aunits":null,"prog":null,"pop":null,"reac":null,"expires":null,"rentassist":null},"geometry":{"type":"Point","coordinates":[-81.679665000312895,41.478996998787203]}},
{"type":"Feature","properties":{"kind":"ph","name":"Joy Park","owner":"Akron Metropolitan Housing Authority","addr":"1265 McKinley Ave","city":"Akron","units":4,"btype":"row / townhouse","status":null,"built":1970,"rad":null,"eld":-4,"dis":-4,"aunits":null,"prog":null,"pop":null,"reac":null,"expires":null,"rentassist":null},"geometry":{"type":"Point","coordinates":[-81.486380999939996,41.056914998751402]}},
{"type":"Feature","properties":{"kind":"ph","name":"Cascade Village East/West","owner":"Akron Metropolitan Housing Authority","addr":"285 N Howard St","city":"Akron","units":40,"btype":"elevator high-rise","status":null,"built":2009,"rad":null,"eld":58,"dis":33,"aunits":null,"prog":null,"pop":null,"reac":null,"expires":null,"rentassist":null},"geometry":{"type":"Point","coordinates":[-81.515747000239699,41.093323999340001]}},
{"type":"Feature","properties":{"kind":"ph","name":"Scattered Sites","owner":"Akron Metropolitan Housing Authority","addr":"1328 Laffer Ave","city":"Akron","units":1,"btype":"single-family house","status":null,"built":null,"rad":null,"eld":-4,"dis":-4,"aunits":null,"prog":null,"pop":null,"reac":null,"expires":null,"rentassist":null},"geometry":{"type":"Point","coordinates":[-81.474867999917507,41.073661998947898]}},
{"type":"Feature","properties":{"kind":"ph","name":"Scattered Sites","owner":"Akron Metropolitan Housing Authority","addr":"420 Magnolia Ave","city":"Cuyahoga Falls","units":1,"btype":"single-family house","status":"demolition/disposition approved","built":1918,"rad":null,"eld":-4,"dis":-4,"aunits":null,"prog":null,"pop":null,"reac":null,"expires":null,"rentassist":null},"geometry":{"type":"Point","coordinates":[-81.479514000328706,41.122847998883003]}},
{"type":"Feature","properties":{"kind":"ph","name":"Scattered Sites","owner":"Akron Metropolitan Housing Authority","addr":"1237 Laffer Ave","city":"Akron","units":1,"btype":"single-family house","status":null,"built":null,"rad":null,"eld":-4,"dis":-4,"aunits":null,"prog":null,"pop":null,"reac":null,"expires":null,"rentassist":null},"geometry":{"type":"Point","coordinates":[-81.477282000359807,41.073987999054303]}},
{"type":"Feature","properties":{"kind":"ph","name":"Cascade Village South","owner":"Akron Metropolitan Housing Authority","addr":"194 Cascade Ct","city":"Akron","units":2,"btype":"semi-detached / duplex","status":null,"built":2008,"rad":null,"eld":-4,"dis":-4,"aunits":null,"prog":null,"pop":null,"reac":null,"expires":null,"rentassist":null},"geometry":{"type":"Point","coordinates":[-81.508898000171797,41.089648999306696]}},
{"type":"Feature","properties":{"kind":"ph","name":"Oberlin Homes LIHTC","owner":"Lorain Metropolitan Housing Authority","addr":"207 Groveland St Apt","city":"Oberlin","units":1,"btype":"single-family house","status":null,"built":1966,"rad":null,"eld":-4,"dis":-4,"aunits":null,"prog":null,"pop":null,"reac":null,"expires":null,"rentassist":null},"geometry":{"type":"Point","coordinates":[-82.209158999791001,41.287358998885999]}},
{"type":"Feature","properties":{"kind":"ph","name":"East Side Neighborhood Homes","owner":"Cuyahoga Metropolitan Housing Authority","addr":"7201 Chamberlain Ave","city":"Cleveland","units":1,"btype":"single-family house","status":null,"built":2005,"rad":null,"eld":-4,"dis":-4,"aunits":null,"prog":null,"pop":null,"reac":null,"expires":null,"rentassist":null},"geometry":{"type":"Point","coordinates":[-81.638271000329894,41.495365998766303]}},
{"type":"Feature","properties":{"kind":"ph","name":"Joy Park","owner":"Akron Metropolitan Housing Authority","addr":"1438 Minson Way","city":"Akron","units":4,"btype":"row / townhouse","status":null,"built":1970,"rad":null,"eld":-4,"dis":-4,"aunits":null,"prog":null,"pop":null,"reac":null,"expires":null,"rentassist":null},"geometry":{"type":"Point","coordinates":[-81.482996999552299,41.056988999239302]}},
{"type":"Feature","properties":{"kind":"ph","name":"OBERLIN HOMES","owner":"Lorain Metropolitan Housing Authority","addr":"129 Milan Ave","city":"Amherst","units":42,"btype":"walk-up apartments","status":null,"built":1970,"rad":null,"eld":50,"dis":78,"aunits":null,"prog":null,"pop":null,"reac":null,"expires":null,"rentassist":null},"geometry":{"type":"Point","coordinates":[-82.228510000093394,41.3986449987325]}},
{"type":"Feature","properties":{"kind":"ph","name":"KING KENNEDY","owner":"Cuyahoga Metropolitan Housing Authority","addr":"6201 Haltnorth Walk","city":"Cleveland","units":6,"btype":"row / townhouse","status":null,"built":1970,"rad":null,"eld":-4,"dis":-4,"aunits":null,"prog":null,"pop":null,"reac":null,"expires":null,"rentassist":null},"geometry":{"type":"Point","coordinates":[-81.647221999772199,41.489149998959299]}},
{"type":"Feature","properties":{"kind":"ph","name":"KING KENNEDY","owner":"Cuyahoga Metropolitan Housing Authority","addr":"6311 Woodland Ave Apt A","city":"Cleveland","units":12,"btype":"row / townhouse","status":null,"built":1970,"rad":null,"eld":-4,"dis":-4,"aunits":null,"prog":null,"pop":null,"reac":null,"expires":null,"rentassist":null},"geometry":{"type":"Point","coordinates":[-81.645906000220293,41.488215999051199]}},
{"type":"Feature","properties":{"kind":"ph","name":"Scattered Sites","owner":"Akron Metropolitan Housing Authority","addr":"1356 Brownstone Ave","city":"Akron","units":1,"btype":"single-family house","status":null,"built":1974,"rad":null,"eld":-4,"dis":-4,"aunits":null,"prog":null,"pop":null,"reac":null,"expires":null,"rentassist":null},"geometry":{"type":"Point","coordinates":[-81.474903999902494,41.100985999319001]}},
{"type":"Feature","properties":{"kind":"ph","name":"Scattered Sites","owner":"Akron Metropolitan Housing Authority","addr":"1579 Sunset View Dr","city":"Akron","units":4,"btype":"walk-up apartments","status":null,"built":1949,"rad":null,"eld":-4,"dis":-4,"aunits":null,"prog":null,"pop":null,"reac":null,"expires":null,"rentassist":null},"geometry":{"type":"Point","coordinates":[-81.568727000039999,41.096496999182001]}},
{"type":"Feature","properties":{"kind":"ph","name":"Scattered Sites","owner":"Akron Metropolitan Housing Authority","addr":"934 Triplett Blvd","city":"Akron","units":1,"btype":"single-family house","status":null,"built":1949,"rad":null,"eld":-4,"dis":-4,"aunits":null,"prog":null,"pop":null,"reac":null,"expires":null,"rentassist":null},"geometry":{"type":"Point","coordinates":[-81.493318999696299,41.0415539993094]}},
{"type":"Feature","properties":{"kind":"ph","name":"Edgewood Village 4","owner":"Akron Metropolitan Housing Authority","addr":"739 Raymond St","city":"Akron","units":1,"btype":"single-family house","status":null,"built":null,"rad":null,"eld":-4,"dis":-4,"aunits":null,"prog":null,"pop":null,"reac":null,"expires":null,"rentassist":null},"geometry":{"type":"Point","coordinates":[-81.541719000105999,41.074462998785499]}},
{"type":"Feature","properties":{"kind":"ph","name":"Scattered Sites","owner":"Akron Metropolitan Housing Authority","addr":"1023 Biruta St","city":"Akron","units":1,"btype":"single-family house","status":null,"built":null,"rad":null,"eld":-4,"dis":-4,"aunits":null,"prog":null,"pop":null,"reac":null,"expires":null,"rentassist":null},"geometry":{"type":"Point","coordinates":[-81.564617999929197,41.0625259991807]}},
{"type":"Feature","properties":{"kind":"ph","name":"KING KENNEDY","owner":"Cuyahoga Metropolitan Housing Authority","addr":"2573 Bundy Dr Apt A","city":"Cleveland","units":12,"btype":"row / townhouse","status":null,"built":1970,"rad":null,"eld":-4,"dis":-4,"aunits":null,"prog":null,"pop":null,"reac":null,"expires":null,"rentassist":null},"geometry":{"type":"Point","coordinates":[-81.6453820003386,41.490858998965699]}},
{"type":"Feature","properties":{"kind":"ph","name":"Scattered Sites","owner":"Akron Metropolitan Housing Authority","addr":"224 Pauline Ave","city":"Akron","units":1,"btype":"single-family house","status":null,"built":1960,"rad":null,"eld":-4,"dis":-4,"aunits":null,"prog":null,"pop":null,"reac":null,"expires":null,"rentassist":null},"geometry":{"type":"Point","coordinates":[-81.426306000024496,41.050281999175603]}},
{"type":"Feature","properties":{"kind":"ph","name":"Scattered Sites","owner":"Akron Metropolitan Housing Authority","addr":"1037 Bellevue Ave","city":"Akron","units":1,"btype":"single-family house","status":null,"built":null,"rad":null,"eld":-4,"dis":-4,"aunits":null,"prog":null,"pop":null,"reac":null,"expires":null,"rentassist":null},"geometry":{"type":"Point","coordinates":[-81.560118999831104,41.0741689989161]}},
{"type":"Feature","properties":{"kind":"ph","name":"Cascade Village North","owner":"Akron Metropolitan Housing Authority","addr":"160 Elizabeth Pkwy","city":"Akron","units":2,"btype":"semi-detached / duplex","status":null,"built":2006,"rad":null,"eld":-4,"dis":-4,"aunits":null,"prog":null,"pop":null,"reac":null,"expires":null,"rentassist":null},"geometry":{"type":"Point","coordinates":[-81.509335000014801,41.0910899989345]}},
{"type":"Feature","properties":{"kind":"ph","name":"Scattered Sites","owner":"Akron Metropolitan Housing Authority","addr":"1185 Wyley Ave","city":"Akron","units":1,"btype":"single-family house","status":null,"built":null,"rad":null,"eld":-4,"dis":-4,"aunits":null,"prog":null,"pop":null,"reac":null,"expires":null,"rentassist":null},"geometry":{"type":"Point","coordinates":[-81.484184999956,41.048751999207298]}},
{"type":"Feature","properties":{"kind":"ph","name":"Willow Run","owner":"Akron Metropolitan Housing Authority","addr":"1328 Doty Dr","city":"Akron","units":4,"btype":"row / townhouse","status":null,"built":1981,"rad":null,"eld":-4,"dis":-4,"aunits":null,"prog":null,"pop":null,"reac":null,"expires":null,"rentassist":null},"geometry":{"type":"Point","coordinates":[-81.460522000051597,41.023634998998297]}},
{"type":"Feature","properties":{"kind":"ph","name":"Scattered Sites","owner":"Akron Metropolitan Housing Authority","addr":"1030 Bertha Ave","city":"Akron","units":1,"btype":"single-family house","status":null,"built":null,"rad":null,"eld":-4,"dis":-4,"aunits":null,"prog":null,"pop":null,"reac":null,"expires":null,"rentassist":null},"geometry":{"type":"Point","coordinates":[-81.498237000094093,41.0485599991244]}},
{"type":"Feature","properties":{"kind":"ph","name":"Edgewood Village I","owner":"Akron Metropolitan Housing Authority","addr":"504 Euclid Ave","city":"Akron","units":2,"btype":"semi-detached / duplex","status":null,"built":null,"rad":null,"eld":-4,"dis":-4,"aunits":null,"prog":null,"pop":null,"reac":null,"expires":null,"rentassist":null},"geometry":{"type":"Point","coordinates":[-81.541062000154994,41.075726999249497]}},
{"type":"Feature","properties":{"kind":"ph","name":"NEAR WEST","owner":"Cuyahoga Metropolitan Housing Authority","addr":"2957 W 30th St","city":"Cleveland","units":1,"btype":"single-family house","status":"demolition/disposition draft","built":2013,"rad":null,"eld":-4,"dis":-4,"aunits":null,"prog":null,"pop":null,"reac":null,"expires":null,"rentassist":null},"geometry":{"type":"Point","coordinates":[-81.701331000424901,41.471807998892302]}},
{"type":"Feature","properties":{"kind":"ph","name":"Scattered Sites","owner":"Akron Metropolitan Housing Authority","addr":"1526 Vicgross Ave","city":"Akron","units":1,"btype":"single-family house","status":null,"built":1959,"rad":null,"eld":-4,"dis":-4,"aunits":null,"prog":null,"pop":null,"reac":null,"expires":null,"rentassist":null},"geometry":{"type":"Point","coordinates":[-81.469791000409401,41.104574999170097]}},
{"type":"Feature","properties":{"kind":"ph","name":"VAN BUREN HOMES","owner":"Akron Metropolitan Housing Authority","addr":"554 Tennessee Pl","city":"Barberton","units":4,"btype":"row / townhouse","status":null,"built":1972,"rad":null,"eld":-4,"dis":-4,"aunits":null,"prog":null,"pop":null,"reac":null,"expires":null,"rentassist":null},"geometry":{"type":"Point","coordinates":[-81.600301999844206,41.003943998960203]}},
{"type":"Feature","properties":{"kind":"ph","name":"Riverview Replacement","owner":"Cuyahoga Metropolitan Housing Authority","addr":"3464 W 119th St","city":"Cleveland","units":1,"btype":"single-family house","status":null,"built":1932,"rad":null,"eld":-4,"dis":-4,"aunits":null,"prog":null,"pop":null,"reac":null,"expires":null,"rentassist":null},"geometry":{"type":"Point","coordinates":[-81.771115000016096,41.458623998932602]}},
{"type":"Feature","properties":{"kind":"ph","name":"Joy Park","owner":"Akron Metropolitan Housing Authority","addr":"1256 McMillan Cir","city":"Akron","units":6,"btype":"row / townhouse","status":null,"built":1970,"rad":null,"eld":-4,"dis":-4,"aunits":null,"prog":null,"pop":null,"reac":null,"expires":null,"rentassist":null},"geometry":{"type":"Point","coordinates":[-81.484639000415697,41.055556998982297]}},
{"type":"Feature","properties":{"kind":"ph","name":"Riverview Replacement","owner":"Cuyahoga Metropolitan Housing Authority","addr":"10809 Dale Ave","city":"Cleveland","units":1,"btype":"single-family house","status":"demolition/disposition approved","built":null,"rad":null,"eld":-4,"dis":-4,"aunits":null,"prog":null,"pop":null,"reac":null,"expires":null,"rentassist":null},"geometry":{"type":"Point","coordinates":[-81.761592000113296,41.455263999020602]}},
{"type":"Feature","properties":{"kind":"ph","name":"OUTHWAITE","owner":"Cuyahoga Metropolitan Housing Authority","addr":"4921 Woodland Ave","city":"Cleveland","units":18,"btype":"row / townhouse","status":null,"built":1942,"rad":null,"eld":7,"dis":24,"aunits":null,"prog":null,"pop":null,"reac":null,"expires":null,"rentassist":null},"geometry":{"type":"Point","coordinates":[-81.654793999913295,41.4887889993282]}},
{"type":"Feature","properties":{"kind":"ph","name":"Scattered Sites","owner":"Akron Metropolitan Housing Authority","addr":"1102 Bloomfield Ave","city":"Akron","units":1,"btype":"single-family house","status":null,"built":1922,"rad":null,"eld":-4,"dis":-4,"aunits":null,"prog":null,"pop":null,"reac":null,"expires":null,"rentassist":null},"geometry":{"type":"Point","coordinates":[-81.555283000347501,41.093734999110602]}},
{"type":"Feature","properties":{"kind":"ph","name":"Riverview Replacement","owner":"Cuyahoga Metropolitan Housing Authority","addr":"3710 W 130th St","city":"Cleveland","units":1,"btype":"single-family house","status":null,"built":null,"rad":null,"eld":-4,"dis":-4,"aunits":null,"prog":null,"pop":null,"reac":null,"expires":null,"rentassist":null},"geometry":{"type":"Point","coordinates":[-81.7798050002407,41.453027999100001]}},
{"type":"Feature","properties":{"kind":"ph","name":"OUTHWAITE","owner":"Cuyahoga Metropolitan Housing Authority","addr":"4900 Scovill Ave","city":"Cleveland","units":15,"btype":"row / townhouse","status":"demolition/disposition proposed","built":1942,"rad":"PBRA","eld":17,"dis":11,"aunits":null,"prog":null,"pop":null,"reac":null,"expires":null,"rentassist":null},"geometry":{"type":"Point","coordinates":[-81.653008999833105,41.491793999029703]}},
{"type":"Feature","properties":{"kind":"ph","name":"SMALL OR SCATTERED","owner":"Cuyahoga Metropolitan Housing Authority","addr":"1917 W 58th St","city":"Cleveland","units":2,"btype":"semi-detached / duplex","status":"demolition/disposition draft","built":null,"rad":null,"eld":-4,"dis":-4,"aunits":null,"prog":null,"pop":null,"reac":null,"expires":null,"rentassist":null},"geometry":{"type":"Point","coordinates":[-81.726144000199895,41.479440999054901]}},
{"type":"Feature","properties":{"kind":"ph","name":"Scattered Sites","owner":"Akron Metropolitan Housing Authority","addr":"328 W Long St","city":"Akron","units":1,"btype":"single-family house","status":null,"built":null,"rad":null,"eld":-4,"dis":-4,"aunits":null,"prog":null,"pop":null,"reac":null,"expires":null,"rentassist":null},"geometry":{"type":"Point","coordinates":[-81.540411999876596,41.0572639989404]}},
{"type":"Feature","properties":{"kind":"ph","name":"Edgewood Village 4","owner":"Akron Metropolitan Housing Authority","addr":"685 Raymond St","city":"Akron","units":1,"btype":"single-family house","status":null,"built":null,"rad":null,"eld":-4,"dis":-4,"aunits":null,"prog":null,"pop":null,"reac":null,"expires":null,"rentassist":null},"geometry":{"type":"Point","coordinates":[-81.541712000433293,41.074963999396402]}},
{"type":"Feature","properties":{"kind":"ph","name":"VAN BUREN HOMES","owner":"Akron Metropolitan Housing Authority","addr":"564 Tennessee Pl","city":"Barberton","units":4,"btype":"row / townhouse","status":null,"built":1972,"rad":null,"eld":-4,"dis":-4,"aunits":null,"prog":null,"pop":null,"reac":null,"expires":null,"rentassist":null},"geometry":{"type":"Point","coordinates":[-81.600548999716395,41.003976999062097]}},
{"type":"Feature","properties":{"kind":"ph","name":"Edgewood Village 4","owner":"Akron Metropolitan Housing Authority","addr":"741 Raymond St","city":"Akron","units":1,"btype":"single-family house","status":null,"built":null,"rad":null,"eld":-4,"dis":-4,"aunits":null,"prog":null,"pop":null,"reac":null,"expires":null,"rentassist":null},"geometry":{"type":"Point","coordinates":[-81.541720999755796,41.074296999089903]}},
{"type":"Feature","properties":{"kind":"ph","name":"Riverview Replacement","owner":"Cuyahoga Metropolitan Housing Authority","addr":"13504 Sprecher Ave","city":"Cleveland","units":1,"btype":"single-family house","status":null,"built":1944,"rad":null,"eld":-4,"dis":-4,"aunits":null,"prog":null,"pop":null,"reac":null,"expires":null,"rentassist":null},"geometry":{"type":"Point","coordinates":[-81.785783999922202,41.4241889989854]}},
{"type":"Feature","properties":{"kind":"ph","name":"OBERLIN HOMES","owner":"Lorain Metropolitan Housing Authority","addr":"1647 E 29th St Apt","city":"Lorain","units":1,"btype":"single-family house","status":"demolition/disposition proposed","built":1973,"rad":"PBV","eld":-4,"dis":-4,"aunits":null,"prog":null,"pop":null,"reac":null,"expires":null,"rentassist":null},"geometry":{"type":"Point","coordinates":[-82.143306000035395,41.444349999301103]}},
{"type":"Feature","properties":{"kind":"ph","name":"Bon Sue","owner":"Akron Metropolitan Housing Authority","addr":"1602 White Ave","city":"Akron","units":4,"btype":"row / townhouse","status":null,"built":1970,"rad":null,"eld":-4,"dis":-4,"aunits":null,"prog":null,"pop":null,"reac":null,"expires":null,"rentassist":null},"geometry":{"type":"Point","coordinates":[-81.562019000437402,41.062414999295299]}},
{"type":"Feature","properties":{"kind":"ph","name":"EASTSIDE","owner":"Cuyahoga Metropolitan Housing Authority","addr":"10606 Mount Carmel Rd Apt A","city":"Cleveland","units":4,"btype":"row / townhouse","status":"demolition/disposition approved","built":1940,"rad":null,"eld":-4,"dis":-4,"aunits":null,"prog":null,"pop":null,"reac":null,"expires":null,"rentassist":null},"geometry":{"type":"Point","coordinates":[-81.611200999573299,41.4909189988173]}},
{"type":"Feature","properties":{"kind":"ph","name":"Scattered Sites","owner":"Akron Metropolitan Housing Authority","addr":"755 Patterson Ave","city":"Akron","units":1,"btype":"single-family house","status":null,"built":1951,"rad":null,"eld":-4,"dis":-4,"aunits":null,"prog":null,"pop":null,"reac":null,"expires":null,"rentassist":null},"geometry":{"type":"Point","coordinates":[-81.501988000004502,41.106074998823097]}},
{"type":"Feature","properties":{"kind":"ph","name":"NEAR WEST","owner":"Cuyahoga Metropolitan Housing Authority","addr":"2455 W 6th St","city":"Cleveland","units":2,"btype":"semi-detached / duplex","status":"demolition/disposition draft","built":1990,"rad":null,"eld":-4,"dis":-4,"aunits":null,"prog":null,"pop":null,"reac":null,"expires":null,"rentassist":null},"geometry":{"type":"Point","coordinates":[-81.681390000118697,41.4801589991838]}},
{"type":"Feature","properties":{"kind":"ph","name":"Joy Park","owner":"Akron Metropolitan Housing Authority","addr":"1310 Minson Way","city":"Akron","units":4,"btype":"row / townhouse","status":null,"built":1970,"rad":null,"eld":-4,"dis":-4,"aunits":null,"prog":null,"pop":null,"reac":null,"expires":null,"rentassist":null},"geometry":{"type":"Point","coordinates":[-81.482996999552299,41.057039999206602]}},
{"type":"Feature","properties":{"kind":"ph","name":"Riverview Replacement","owner":"Cuyahoga Metropolitan Housing Authority","addr":"4465 W 145th St","city":"Cleveland","units":1,"btype":"single-family house","status":null,"built":1952,"rad":null,"eld":-4,"dis":-4,"aunits":null,"prog":null,"pop":null,"reac":null,"expires":null,"rentassist":null},"geometry":{"type":"Point","coordinates":[-81.795793999896702,41.432767998920802]}},
{"type":"Feature","properties":{"kind":"ph","name":"Willow Run","owner":"Akron Metropolitan Housing Authority","addr":"1320 Doty Dr","city":"Akron","units":4,"btype":"row / townhouse","status":null,"built":1981,"rad":null,"eld":-4,"dis":-4,"aunits":null,"prog":null,"pop":null,"reac":null,"expires":null,"rentassist":null},"geometry":{"type":"Point","coordinates":[-81.460629000181697,41.023634998998297]}},
{"type":"Feature","properties":{"kind":"ph","name":"Cascade Village South","owner":"Akron Metropolitan Housing Authority","addr":"197 Spring St","city":"Akron","units":2,"btype":"semi-detached / duplex","status":null,"built":2008,"rad":null,"eld":-4,"dis":-4,"aunits":null,"prog":null,"pop":null,"reac":null,"expires":null,"rentassist":null},"geometry":{"type":"Point","coordinates":[-81.511778999695906,41.090427999021401]}},
{"type":"Feature","properties":{"kind":"ph","name":"VAN BUREN HOMES","owner":"Akron Metropolitan Housing Authority","addr":"524 Tennessee Pl","city":"Barberton","units":4,"btype":"row / townhouse","status":null,"built":1972,"rad":null,"eld":-4,"dis":-4,"aunits":null,"prog":null,"pop":null,"reac":null,"expires":null,"rentassist":null},"geometry":{"type":"Point","coordinates":[-81.600397000278804,41.003894999086697]}},
{"type":"Feature","properties":{"kind":"ph","name":"HONEY LOCUST GARDEN","owner":"Akron Metropolitan Housing Authority","addr":"3267 Prange Dr","city":"Cuyahoga Falls","units":6,"btype":"walk-up apartments","status":null,"built":1981,"rad":null,"eld":-4,"dis":-4,"aunits":null,"prog":null,"pop":null,"reac":null,"expires":null,"rentassist":null},"geometry":{"type":"Point","coordinates":[-81.501117999618202,41.154646998846097]}},
{"type":"Feature","properties":{"kind":"ph","name":"Tremont Pointe II","owner":"Cuyahoga Metropolitan Housing Authority","addr":"2553 W 5th St","city":"Cleveland","units":4,"btype":"row / townhouse","status":null,"built":2009,"rad":null,"eld":-4,"dis":-4,"aunits":null,"prog":null,"pop":null,"reac":null,"expires":null,"rentassist":null},"geometry":{"type":"Point","coordinates":[-81.678693999644196,41.478527998794902]}},
{"type":"Feature","properties":{"kind":"ph","name":"Oberlin Homes LIHTC","owner":"Lorain Metropolitan Housing Authority","addr":"213 Groveland St Apt","city":"Oberlin","units":1,"btype":"single-family house","status":null,"built":1966,"rad":null,"eld":-4,"dis":-4,"aunits":null,"prog":null,"pop":null,"reac":null,"expires":null,"rentassist":null},"geometry":{"type":"Point","coordinates":[-82.209158999791001,41.287358998885999]}},
{"type":"Feature","properties":{"kind":"ph","name":"SOUTHEAST","owner":"Cuyahoga Metropolitan Housing Authority","addr":"1381 Ansel Rd","city":"Cleveland","units":2,"btype":"semi-detached / duplex","status":"demolition/disposition proposed","built":null,"rad":"PBRA","eld":-4,"dis":-4,"aunits":null,"prog":null,"pop":null,"reac":null,"expires":null,"rentassist":null},"geometry":{"type":"Point","coordinates":[-81.6196439999257,41.518990998936701]}},
{"type":"Feature","properties":{"kind":"ph","name":"CEDAR CENTRAL","owner":"Cuyahoga Metropolitan Housing Authority","addr":"2186 E 30th St","city":"Cleveland","units":24,"btype":"walk-up apartments","status":null,"built":1935,"rad":null,"eld":-4,"dis":-4,"aunits":null,"prog":null,"pop":null,"reac":null,"expires":null,"rentassist":null},"geometry":{"type":"Point","coordinates":[-81.6666929997251,41.497854999256298]}},
{"type":"Feature","properties":{"kind":"ph","name":"Scattered Sites","owner":"Akron Metropolitan Housing Authority","addr":"2971 Wingate Ave","city":"Akron","units":1,"btype":"single-family house","status":null,"built":1957,"rad":null,"eld":-4,"dis":-4,"aunits":null,"prog":null,"pop":null,"reac":null,"expires":null,"rentassist":null},"geometry":{"type":"Point","coordinates":[-81.563374000347395,41.022481998781402]}},
{"type":"Feature","properties":{"kind":"ph","name":"Scattered Sites","owner":"Akron Metropolitan Housing Authority","addr":"953 Rosamond Ave","city":"Akron","units":1,"btype":"single-family house","status":null,"built":null,"rad":null,"eld":-4,"dis":-4,"aunits":null,"prog":null,"pop":null,"reac":null,"expires":null,"rentassist":null},"geometry":{"type":"Point","coordinates":[-81.561944999919305,41.060813998824798]}},
{"type":"Feature","properties":{"kind":"ph","name":"CRIMSON TERRACE","owner":"Akron Metropolitan Housing Authority","addr":"314 Wunderlich Ave","city":"Barberton","units":1,"btype":"single-family house","status":null,"built":1903,"rad":null,"eld":-4,"dis":-4,"aunits":null,"prog":null,"pop":null,"reac":null,"expires":null,"rentassist":null},"geometry":{"type":"Point","coordinates":[-81.608042000214894,41.019011998782197]}},
{"type":"Feature","properties":{"kind":"ph","name":"Scattered Sites","owner":"Akron Metropolitan Housing Authority","addr":"1265 Bee Bee Cir","city":"Akron","units":1,"btype":"single-family house","status":null,"built":1974,"rad":null,"eld":-4,"dis":-4,"aunits":null,"prog":null,"pop":null,"reac":null,"expires":null,"rentassist":null},"geometry":{"type":"Point","coordinates":[-81.471722000079595,41.090586998739802]}},
{"type":"Feature","properties":{"kind":"ph","name":"SCRANTON WOODS/CLOVERDALE","owner":"Geauga Metropolitian Housing Authority","addr":"16721 Medina St","city":"Chagrin Falls","units":2,"btype":"semi-detached / duplex","status":null,"built":1982,"rad":null,"eld":-4,"dis":-4,"aunits":null,"prog":null,"pop":null,"reac":null,"expires":null,"rentassist":null},"geometry":{"type":"Point","coordinates":[-81.381551000118293,41.4147539993834]}},
{"type":"Feature","properties":{"kind":"ph","name":"VAN BUREN HOMES","owner":"Akron Metropolitan Housing Authority","addr":"351 Pasadena Pl","city":"Barberton","units":4,"btype":"row / townhouse","status":null,"built":1972,"rad":null,"eld":-4,"dis":-4,"aunits":null,"prog":null,"pop":null,"reac":null,"expires":null,"rentassist":null},"geometry":{"type":"Point","coordinates":[-81.599090000049401,41.005213998787703]}},
{"type":"Feature","properties":{"kind":"ph","name":"Riverview Replacement","owner":"Cuyahoga Metropolitan Housing Authority","addr":"3612 Oak Park Ave","city":"Cleveland","units":1,"btype":"single-family house","status":null,"built":null,"rad":null,"eld":-4,"dis":-4,"aunits":null,"prog":null,"pop":null,"reac":null,"expires":null,"rentassist":null},"geometry":{"type":"Point","coordinates":[-81.7100910000715,41.426757998750404]}},
{"type":"Feature","properties":{"kind":"ph","name":"DOWNTOWN","owner":"Cuyahoga Metropolitan Housing Authority","addr":"2802 Division Ave","city":"Cleveland","units":18,"btype":"row / townhouse","status":null,"built":1937,"rad":null,"eld":-4,"dis":-4,"aunits":null,"prog":null,"pop":null,"reac":null,"expires":null,"rentassist":null},"geometry":{"type":"Point","coordinates":[-81.711266999881303,41.492649998901399]}},
{"type":"Feature","properties":{"kind":"ph","name":"Scattered Sites","owner":"Akron Metropolitan Housing Authority","addr":"947 Chinook Ave","city":"Akron","units":1,"btype":"single-family house","status":null,"built":1975,"rad":null,"eld":-4,"dis":-4,"aunits":null,"prog":null,"pop":null,"reac":null,"expires":null,"rentassist":null},"geometry":{"type":"Point","coordinates":[-81.470532000026097,41.089700998987801]}},
{"type":"Feature","properties":{"kind":"ph","name":"NEAR WEST","owner":"Cuyahoga Metropolitan Housing Authority","addr":"508 Jefferson Ave","city":"Cleveland","units":2,"btype":"semi-detached / duplex","status":"demolition/disposition draft","built":1990,"rad":null,"eld":-4,"dis":-4,"aunits":null,"prog":null,"pop":null,"reac":null,"expires":null,"rentassist":null},"geometry":{"type":"Point","coordinates":[-81.682325999729002,41.480984999210598]}},
{"type":"Feature","properties":{"kind":"ph","name":"Riverview Replacement","owner":"Cuyahoga Metropolitan Housing Authority","addr":"12701 Carrington Ave","city":"Cleveland","units":1,"btype":"single-family house","status":"demolition/disposition approved","built":null,"rad":null,"eld":-4,"dis":-4,"aunits":null,"prog":null,"pop":null,"reac":null,"expires":null,"rentassist":null},"geometry":{"type":"Point","coordinates":[-81.777424000308798,41.427383999192799]}},
{"type":"Feature","properties":{"kind":"ph","name":"Scattered Sites","owner":"Akron Metropolitan Housing Authority","addr":"872 Wyley Ave","city":"Akron","units":1,"btype":"single-family house","status":null,"built":null,"rad":null,"eld":-4,"dis":-4,"aunits":null,"prog":null,"pop":null,"reac":null,"expires":null,"rentassist":null},"geometry":{"type":"Point","coordinates":[-81.495159000028195,41.048186998734501]}},
{"type":"Feature","properties":{"kind":"ph","name":"OBERLIN HOMES","owner":"Lorain Metropolitan Housing Authority","addr":"4924 Vincent Ave Apt","city":"Lorain","units":1,"btype":"single-family house","status":null,"built":1997,"rad":null,"eld":-4,"dis":-4,"aunits":null,"prog":null,"pop":null,"reac":null,"expires":null,"rentassist":null},"geometry":{"type":"Point","coordinates":[-82.117037000068194,41.423741998781203]}},
{"type":"Feature","properties":{"kind":"ph","name":"Scattered Sites","owner":"Akron Metropolitan Housing Authority","addr":"501 Francis Ave","city":"Cuyahoga Falls","units":1,"btype":"single-family house","status":null,"built":1976,"rad":null,"eld":-4,"dis":-4,"aunits":null,"prog":null,"pop":null,"reac":null,"expires":null,"rentassist":null},"geometry":{"type":"Point","coordinates":[-81.489999999605999,41.124795999380197]}},
{"type":"Feature","properties":{"kind":"ph","name":"Scattered Sites","owner":"Akron Metropolitan Housing Authority","addr":"1526 White Ave","city":"Akron","units":1,"btype":"single-family house","status":null,"built":1968,"rad":null,"eld":-4,"dis":-4,"aunits":null,"prog":null,"pop":null,"reac":null,"expires":null,"rentassist":null},"geometry":{"type":"Point","coordinates":[-81.5625230002276,41.064253998993401]}},
{"type":"Feature","properties":{"kind":"ph","name":"Scattered Sites","owner":"Akron Metropolitan Housing Authority","addr":"1262 Frederick Blvd","city":"Akron","units":1,"btype":"single-family house","status":null,"built":null,"rad":null,"eld":-4,"dis":-4,"aunits":null,"prog":null,"pop":null,"reac":null,"expires":null,"rentassist":null},"geometry":{"type":"Point","coordinates":[-81.573100999566293,41.075026998862398]}},
{"type":"Feature","properties":{"kind":"ph","name":"Scattered Sites","owner":"Akron Metropolitan Housing Authority","addr":"1159 Tonawanda Ave","city":"Akron","units":1,"btype":"single-family house","status":null,"built":1972,"rad":null,"eld":-4,"dis":-4,"aunits":null,"prog":null,"pop":null,"reac":null,"expires":null,"rentassist":null},"geometry":{"type":"Point","coordinates":[-81.477154000313206,41.078405999131299]}},
{"type":"Feature","properties":{"kind":"ph","name":"Scattered Sites","owner":"Akron Metropolitan Housing Authority","addr":"1131 Longstone Ave","city":"Akron","units":1,"btype":"single-family house","status":null,"built":1974,"rad":null,"eld":-4,"dis":-4,"aunits":null,"prog":null,"pop":null,"reac":null,"expires":null,"rentassist":null},"geometry":{"type":"Point","coordinates":[-81.474780999878902,41.100820998746997]}},
{"type":"Feature","properties":{"kind":"ph","name":"WILKES-VILLA","owner":"Lorain Metropolitan Housing Authority","addr":"443 Bell Ave Apt","city":"Elyria","units":1,"btype":"single-family house","status":null,"built":1996,"rad":null,"eld":-4,"dis":-4,"aunits":null,"prog":null,"pop":null,"reac":null,"expires":null,"rentassist":null},"geometry":{"type":"Point","coordinates":[-82.118262000281803,41.384638998885897]}},
{"type":"Feature","properties":{"kind":"ph","name":"Heritage Homes I (former Garden Valley)","owner":"Cuyahoga Metropolitan Housing Authority","addr":"6954 Anita Kennedy Rd SE","city":"Cleveland","units":5,"btype":"row / townhouse","status":null,"built":2010,"rad":null,"eld":-4,"dis":-4,"aunits":null,"prog":null,"pop":null,"reac":null,"expires":null,"rentassist":null},"geometry":{"type":"Point","coordinates":[-81.641294999969205,41.480452999168101]}},
{"type":"Feature","properties":{"kind":"ph","name":"Cascade Village East/West","owner":"Akron Metropolitan Housing Authority","addr":"275 E North St","city":"Akron","units":3,"btype":"row / townhouse","status":null,"built":2009,"rad":null,"eld":-4,"dis":-4,"aunits":null,"prog":null,"pop":null,"reac":null,"expires":null,"rentassist":null},"geometry":{"type":"Point","coordinates":[-81.506656000157093,41.089612998826297]}},
{"type":"Feature","properties":{"kind":"ph","name":"Scattered Sites","owner":"Akron Metropolitan Housing Authority","addr":"36 Kimlyn Cir","city":"Akron","units":6,"btype":"row / townhouse","status":null,"built":1973,"rad":null,"eld":-4,"dis":-4,"aunits":null,"prog":null,"pop":null,"reac":null,"expires":null,"rentassist":null},"geometry":{"type":"Point","coordinates":[-81.477453000064003,41.110711998730302]}},
{"type":"Feature","properties":{"kind":"ph","name":"NEAR WEST","owner":"Cuyahoga Metropolitan Housing Authority","addr":"502 Jefferson Ave","city":"Cleveland","units":1,"btype":"single-family house","status":"demolition/disposition draft","built":1990,"rad":null,"eld":-4,"dis":-4,"aunits":null,"prog":null,"pop":null,"reac":null,"expires":null,"rentassist":null},"geometry":{"type":"Point","coordinates":[-81.682267000177703,41.481017998882102]}},
{"type":"Feature","properties":{"kind":"ph","name":"Scattered Sites","owner":"Akron Metropolitan Housing Authority","addr":"1239 Milton St","city":"Akron","units":1,"btype":"single-family house","status":null,"built":null,"rad":null,"eld":-4,"dis":-4,"aunits":null,"prog":null,"pop":null,"reac":null,"expires":null,"rentassist":null},"geometry":{"type":"Point","coordinates":[-81.486418999574795,41.054347999035201]}},
{"type":"Feature","properties":{"kind":"ph","name":"Heritage Homes I (former Garden Valley)","owner":"Cuyahoga Metropolitan Housing Authority","addr":"7026 Anita Kennedy Rd SE","city":"Cleveland","units":5,"btype":"row / townhouse","status":null,"built":2010,"rad":null,"eld":-4,"dis":-4,"aunits":null,"prog":null,"pop":null,"reac":null,"expires":null,"rentassist":null},"geometry":{"type":"Point","coordinates":[-81.639548000422096,41.479584999216101]}},
{"type":"Feature","properties":{"kind":"ph","name":"Cascade Village North","owner":"Akron Metropolitan Housing Authority","addr":"106 Elizabeth Pkwy","city":"Akron","units":2,"btype":"semi-detached / duplex","status":null,"built":2006,"rad":null,"eld":-4,"dis":-4,"aunits":null,"prog":null,"pop":null,"reac":null,"expires":null,"rentassist":null},"geometry":{"type":"Point","coordinates":[-81.507142000403903,41.090687999349001]}},
{"type":"Feature","properties":{"kind":"ph","name":"Riverview Replacement","owner":"Cuyahoga Metropolitan Housing Authority","addr":"3858 W 116th St","city":"Cleveland","units":1,"btype":"single-family house","status":null,"built":null,"rad":null,"eld":-4,"dis":-4,"aunits":null,"prog":null,"pop":null,"reac":null,"expires":null,"rentassist":null},"geometry":{"type":"Point","coordinates":[-81.768066000262394,41.4496399987665]}},
{"type":"Feature","properties":{"kind":"ph","name":"OUTHWAITE","owner":"Cuyahoga Metropolitan Housing Authority","addr":"2567 E 40th St","city":"Cleveland","units":14,"btype":"row / townhouse","status":null,"built":1942,"rad":null,"eld":17,"dis":19,"aunits":null,"prog":null,"pop":null,"reac":null,"expires":null,"rentassist":null},"geometry":{"type":"Point","coordinates":[-81.6584489995643,41.490136999242701]}},
{"type":"Feature","properties":{"kind":"ph","name":"Scattered Sites","owner":"Akron Metropolitan Housing Authority","addr":"161 Shelby Ave","city":"Akron","units":1,"btype":"single-family house","status":null,"built":null,"rad":null,"eld":-4,"dis":-4,"aunits":null,"prog":null,"pop":null,"reac":null,"expires":null,"rentassist":null},"geometry":{"type":"Point","coordinates":[-81.521439999690998,41.103576999335097]}},
{"type":"Feature","properties":{"kind":"ph","name":"Scattered Sites","owner":"Akron Metropolitan Housing Authority","addr":"524 Ardella Ave","city":"Akron","units":1,"btype":"single-family house","status":null,"built":null,"rad":null,"eld":-4,"dis":-4,"aunits":null,"prog":null,"pop":null,"reac":null,"expires":null,"rentassist":null},"geometry":{"type":"Point","coordinates":[-81.485924999830402,41.053587999296802]}},
{"type":"Feature","properties":{"kind":"ph","name":"SOUTHEAST","owner":"Cuyahoga Metropolitan Housing Authority","addr":"1363 Ansel Rd","city":"Cleveland","units":2,"btype":"semi-detached / duplex","status":"demolition/disposition proposed","built":null,"rad":"PBRA","eld":-4,"dis":-4,"aunits":null,"prog":null,"pop":null,"reac":null,"expires":null,"rentassist":null},"geometry":{"type":"Point","coordinates":[-81.620286999633095,41.519789998973302]}},
{"type":"Feature","properties":{"kind":"ph","name":"BUCHTEL/COTTER","owner":"Akron Metropolitan Housing Authority","addr":"770 E Buchtel Ave","city":"Akron","units":89,"btype":"elevator high-rise","status":null,"built":1969,"rad":null,"eld":48,"dis":77,"aunits":null,"prog":null,"pop":null,"reac":null,"expires":null,"rentassist":null},"geometry":{"type":"Point","coordinates":[-81.493618000345407,41.076472999126899]}},
{"type":"Feature","properties":{"kind":"ph","name":"Scattered Sites","owner":"Akron Metropolitan Housing Authority","addr":"1942 Victoria St","city":"Cuyahoga Falls","units":1,"btype":"single-family house","status":null,"built":1949,"rad":null,"eld":-4,"dis":-4,"aunits":null,"prog":null,"pop":null,"reac":null,"expires":null,"rentassist":null},"geometry":{"type":"Point","coordinates":[-81.471076999824106,41.130028999386901]}},
{"type":"Feature","properties":{"kind":"ph","name":"Cascade Village South","owner":"Akron Metropolitan Housing Authority","addr":"261 Spring St","city":"Akron","units":2,"btype":"semi-detached / duplex","status":null,"built":2008,"rad":null,"eld":-4,"dis":-4,"aunits":null,"prog":null,"pop":null,"reac":null,"expires":null,"rentassist":null},"geometry":{"type":"Point","coordinates":[-81.512633000188799,41.0901009992212]}},
{"type":"Feature","properties":{"kind":"ph","name":"LAKEVIEW PLAZA","owner":"Lorain Metropolitan Housing Authority","addr":"1766 Broadway Apt","city":"Lorain","units":4,"btype":"row / townhouse","status":null,"built":1966,"rad":null,"eld":-4,"dis":-4,"aunits":null,"prog":null,"pop":null,"reac":null,"expires":null,"rentassist":null},"geometry":{"type":"Point","coordinates":[-82.166723999717505,41.455062998755899]}},
{"type":"Feature","properties":{"kind":"ph","name":"PINEWOOD GARDENS","owner":"Akron Metropolitan Housing Authority","addr":"8804 Ray Ct Apt 1","city":"Twinsburg","units":5,"btype":"walk-up apartments","status":null,"built":1980,"rad":null,"eld":-4,"dis":-4,"aunits":null,"prog":null,"pop":null,"reac":null,"expires":null,"rentassist":null},"geometry":{"type":"Point","coordinates":[-81.458723999552504,41.3088569992901]}},
{"type":"Feature","properties":{"kind":"ph","name":"Cascade Village North","owner":"Akron Metropolitan Housing Authority","addr":"168 Elizabeth Pkwy","city":"Akron","units":6,"btype":"row / townhouse","status":null,"built":2006,"rad":null,"eld":-4,"dis":-4,"aunits":null,"prog":null,"pop":null,"reac":null,"expires":null,"rentassist":null},"geometry":{"type":"Point","coordinates":[-81.508806000110297,41.091351999287198]}},
{"type":"Feature","properties":{"kind":"ph","name":"EASTSIDE","owner":"Cuyahoga Metropolitan Housing Authority","addr":"1613 Allegheny Cir","city":"East Cleveland","units":1,"btype":"semi-detached / duplex","status":null,"built":null,"rad":null,"eld":-4,"dis":-4,"aunits":null,"prog":null,"pop":null,"reac":null,"expires":null,"rentassist":null},"geometry":{"type":"Point","coordinates":[-81.583565999825495,41.533298999305103]}},
{"type":"Feature","properties":{"kind":"ph","name":"Riverview Replacement","owner":"Cuyahoga Metropolitan Housing Authority","addr":"3996 W 23rd St","city":"Cleveland","units":1,"btype":"single-family house","status":null,"built":null,"rad":null,"eld":-4,"dis":-4,"aunits":null,"prog":null,"pop":null,"reac":null,"expires":null,"rentassist":null},"geometry":{"type":"Point","coordinates":[-81.699021999564707,41.447422999342599]}},
{"type":"Feature","properties":{"kind":"ph","name":"OBERLIN HOMES","owner":"Lorain Metropolitan Housing Authority","addr":"1692 E 29th St Apt","city":"Lorain","units":2,"btype":"semi-detached / duplex","status":"demolition/disposition proposed","built":1972,"rad":"PBV","eld":-4,"dis":-4,"aunits":null,"prog":null,"pop":null,"reac":null,"expires":null,"rentassist":null},"geometry":{"type":"Point","coordinates":[-82.143305000210503,41.444322998930097]}},
{"type":"Feature","properties":{"kind":"ph","name":"CEDAR CENTRAL","owner":"Cuyahoga Metropolitan Housing Authority","addr":"2601 Central Ave","city":"Cleveland","units":27,"btype":"walk-up apartments","status":null,"built":1935,"rad":null,"eld":-4,"dis":-4,"aunits":null,"prog":null,"pop":null,"reac":null,"expires":null,"rentassist":null},"geometry":{"type":"Point","coordinates":[-81.666571000424696,41.497080999243401]}},
{"type":"Feature","properties":{"kind":"ph","name":"Tremont Pointe II","owner":"Cuyahoga Metropolitan Housing Authority","addr":"2507 W 5th St","city":"Cleveland","units":5,"btype":"row / townhouse","status":null,"built":2009,"rad":null,"eld":-4,"dis":-4,"aunits":null,"prog":null,"pop":null,"reac":null,"expires":null,"rentassist":null},"geometry":{"type":"Point","coordinates":[-81.679493999710303,41.479391999058002]}},
{"type":"Feature","properties":{"kind":"ph","name":"Scattered Sites","owner":"Akron Metropolitan Housing Authority","addr":"2045 17th St SW","city":"Akron","units":1,"btype":"single-family house","status":null,"built":1936,"rad":null,"eld":-4,"dis":-4,"aunits":null,"prog":null,"pop":null,"reac":null,"expires":null,"rentassist":null},"geometry":{"type":"Point","coordinates":[-81.561238999564495,41.047510998860098]}},
{"type":"Feature","properties":{"kind":"ph","name":"SUMMIT LAKE","owner":"Akron Metropolitan Housing Authority","addr":"40 Botnick Plz","city":"Akron","units":12,"btype":"row / townhouse","status":null,"built":1965,"rad":null,"eld":-4,"dis":-4,"aunits":null,"prog":null,"pop":null,"reac":null,"expires":null,"rentassist":null},"geometry":{"type":"Point","coordinates":[-81.541996999940295,41.056738999252303]}},
{"type":"Feature","properties":{"kind":"ph","name":"Heritage Homes III (former Garden Valley","owner":"Cuyahoga Metropolitan Housing Authority","addr":"3038 E 73rd St","city":"Cleveland","units":1,"btype":"single-family house","status":null,"built":2011,"rad":null,"eld":-4,"dis":-4,"aunits":null,"prog":null,"pop":null,"reac":null,"expires":null,"rentassist":null},"geometry":{"type":"Point","coordinates":[-81.637653999663499,41.476009999166301]}},
{"type":"Feature","properties":{"kind":"ph","name":"Scattered Sites","owner":"Akron Metropolitan Housing Authority","addr":"927 Hunt St","city":"Akron","units":1,"btype":"single-family house","status":null,"built":1924,"rad":null,"eld":-4,"dis":-4,"aunits":null,"prog":null,"pop":null,"reac":null,"expires":null,"rentassist":null},"geometry":{"type":"Point","coordinates":[-81.494016999655202,41.050163998851097]}},
{"type":"Feature","properties":{"kind":"ph","name":"Scattered Sites","owner":"Akron Metropolitan Housing Authority","addr":"1181 Dover Ave","city":"Akron","units":1,"btype":"single-family house","status":null,"built":null,"rad":null,"eld":-4,"dis":-4,"aunits":null,"prog":null,"pop":null,"reac":null,"expires":null,"rentassist":null},"geometry":{"type":"Point","coordinates":[-81.561922000353107,41.073398998928099]}},
{"type":"Feature","properties":{"kind":"ph","name":"WILKES-VILLA","owner":"Lorain Metropolitan Housing Authority","addr":"425 14th St Apt","city":"Elyria","units":1,"btype":"single-family house","status":null,"built":1996,"rad":null,"eld":-4,"dis":-4,"aunits":null,"prog":null,"pop":null,"reac":null,"expires":null,"rentassist":null},"geometry":{"type":"Point","coordinates":[-82.112353000022196,41.353445999338803]}},
{"type":"Feature","properties":{"kind":"ph","name":"Oberlin Homes LIHTC","owner":"Lorain Metropolitan Housing Authority","addr":"51 Berger Ct Apt","city":"Oberlin","units":1,"btype":"single-family house","status":null,"built":1966,"rad":null,"eld":-4,"dis":-4,"aunits":null,"prog":null,"pop":null,"reac":null,"expires":null,"rentassist":null},"geometry":{"type":"Point","coordinates":[-82.206308000404107,41.293597998910002]}},
{"type":"Feature","properties":{"kind":"ph","name":"SCRANTON WOODS/CLOVERDALE","owner":"Geauga Metropolitian Housing Authority","addr":"16737 Elyria St","city":"Chagrin Falls","units":2,"btype":"semi-detached / duplex","status":null,"built":1982,"rad":null,"eld":-4,"dis":-4,"aunits":null,"prog":null,"pop":null,"reac":null,"expires":null,"rentassist":null},"geometry":{"type":"Point","coordinates":[-81.387014000314196,41.4140219993443]}},
{"type":"Feature","properties":{"kind":"ph","name":"BELCHER APARTMENTS","owner":"Akron Metropolitan Housing Authority","addr":"400 Locust St","city":"Akron","units":155,"btype":"elevator high-rise","status":null,"built":1968,"rad":null,"eld":43,"dis":92,"aunits":null,"prog":null,"pop":null,"reac":null,"expires":null,"rentassist":null},"geometry":{"type":"Point","coordinates":[-81.528073999673694,41.076893999193899]}},
{"type":"Feature","properties":{"kind":"ph","name":"Joy Park","owner":"Akron Metropolitan Housing Authority","addr":"1244 Bittaker St","city":"Akron","units":2,"btype":"semi-detached / duplex","status":null,"built":1970,"rad":null,"eld":-4,"dis":-4,"aunits":null,"prog":null,"pop":null,"reac":null,"expires":null,"rentassist":null},"geometry":{"type":"Point","coordinates":[-81.485556999584404,41.055584999113997]}},
{"type":"Feature","properties":{"kind":"ph","name":"ALLEN DICKSON SR APTS","owner":"Akron Metropolitan Housing Authority","addr":"21 23rd St NW","city":"Barberton","units":105,"btype":"elevator high-rise","status":null,"built":1970,"rad":null,"eld":58,"dis":74,"aunits":null,"prog":null,"pop":null,"reac":null,"expires":null,"rentassist":null},"geometry":{"type":"Point","coordinates":[-81.629119999972801,41.009204998849199]}},
{"type":"Feature","properties":{"kind":"ph","name":"Scattered Sites","owner":"Akron Metropolitan Housing Authority","addr":"781 Glendora Ave # 1","city":"Akron","units":4,"btype":"row / townhouse","status":null,"built":null,"rad":null,"eld":-4,"dis":-4,"aunits":null,"prog":null,"pop":null,"reac":null,"expires":null,"rentassist":null},"geometry":{"type":"Point","coordinates":[-81.561222999670903,41.084579998742001]}},
{"type":"Feature","properties":{"kind":"ph","name":"OBERLIN HOMES","owner":"Lorain Metropolitan Housing Authority","addr":"1541 E 29th St Apt","city":"Lorain","units":1,"btype":"single-family house","status":"demolition/disposition proposed","built":1973,"rad":"PBV","eld":-4,"dis":-4,"aunits":null,"prog":null,"pop":null,"reac":null,"expires":null,"rentassist":null},"geometry":{"type":"Point","coordinates":[-82.148180000052307,41.444284998937498]}},
{"type":"Feature","properties":{"kind":"ph","name":"EASTSIDE","owner":"Cuyahoga Metropolitan Housing Authority","addr":"2701 E 99th Pl","city":"Cleveland","units":2,"btype":"semi-detached / duplex","status":"demolition/disposition proposed","built":1972,"rad":"PBRA","eld":-4,"dis":-4,"aunits":null,"prog":null,"pop":null,"reac":null,"expires":null,"rentassist":null},"geometry":{"type":"Point","coordinates":[-81.615463999669899,41.485465998780903]}},
{"type":"Feature","properties":{"kind":"ph","name":"SCRANTON WOODS/CLOVERDALE","owner":"Geauga Metropolitian Housing Authority","addr":"15504 Cloverdale Dr","city":"Middlefield","units":2,"btype":"semi-detached / duplex","status":null,"built":1985,"rad":null,"eld":-4,"dis":-4,"aunits":null,"prog":null,"pop":null,"reac":null,"expires":null,"rentassist":null},"geometry":{"type":"Point","coordinates":[-81.088329000382302,41.452467999020499]}},
{"type":"Feature","properties":{"kind":"ph","name":"Riverview Replacement","owner":"Cuyahoga Metropolitan Housing Authority","addr":"9908 Gambier Ave","city":"Cleveland","units":1,"btype":"single-family house","status":null,"built":1918,"rad":null,"eld":-4,"dis":-4,"aunits":null,"prog":null,"pop":null,"reac":null,"expires":null,"rentassist":null},"geometry":{"type":"Point","coordinates":[-81.752438000281501,41.471643999347201]}},
{"type":"Feature","properties":{"kind":"ph","name":"Riverview Replacement","owner":"Cuyahoga Metropolitan Housing Authority","addr":"6813 Clark Ave","city":"Cleveland","units":2,"btype":"semi-detached / duplex","status":null,"built":null,"rad":null,"eld":-4,"dis":-4,"aunits":null,"prog":null,"pop":null,"reac":null,"expires":null,"rentassist":null},"geometry":{"type":"Point","coordinates":[-81.732290000286,41.4694259992174]}},
{"type":"Feature","properties":{"kind":"ph","name":"VAN BUREN HOMES","owner":"Akron Metropolitan Housing Authority","addr":"324 Michigan Pl","city":"Barberton","units":4,"btype":"row / townhouse","status":null,"built":1972,"rad":null,"eld":-4,"dis":-4,"aunits":null,"prog":null,"pop":null,"reac":null,"expires":null,"rentassist":null},"geometry":{"type":"Point","coordinates":[-81.599998000070599,41.005513999240897]}},
{"type":"Feature","properties":{"kind":"ph","name":"Scattered Sites","owner":"Akron Metropolitan Housing Authority","addr":"440 Beechwood Dr","city":"Akron","units":1,"btype":"single-family house","status":null,"built":null,"rad":null,"eld":-4,"dis":-4,"aunits":null,"prog":null,"pop":null,"reac":null,"expires":null,"rentassist":null},"geometry":{"type":"Point","coordinates":[-81.546875000155097,41.085409999279001]}},
{"type":"Feature","properties":{"kind":"ph","name":"Scattered Sites","owner":"Akron Metropolitan Housing Authority","addr":"831 Sackett Ave","city":"Cuyahoga Falls","units":1,"btype":"single-family house","status":null,"built":1931,"rad":null,"eld":-4,"dis":-4,"aunits":null,"prog":null,"pop":null,"reac":null,"expires":null,"rentassist":null},"geometry":{"type":"Point","coordinates":[-81.493383000168706,41.131312999267998]}},
{"type":"Feature","properties":{"kind":"ph","name":"Scattered Sites","owner":"Akron Metropolitan Housing Authority","addr":"785 Orlando Ave","city":"Akron","units":1,"btype":"single-family house","status":null,"built":1970,"rad":null,"eld":-4,"dis":-4,"aunits":null,"prog":null,"pop":null,"reac":null,"expires":null,"rentassist":null},"geometry":{"type":"Point","coordinates":[-81.568029000081097,41.087268998968703]}},
{"type":"Feature","properties":{"kind":"ph","name":"Scattered Sites","owner":"Akron Metropolitan Housing Authority","addr":"1106 Kinzie St","city":"Akron","units":1,"btype":"single-family house","status":null,"built":null,"rad":null,"eld":-4,"dis":-4,"aunits":null,"prog":null,"pop":null,"reac":null,"expires":null,"rentassist":null},"geometry":{"type":"Point","coordinates":[-81.481554999603702,41.079985998987503]}},
{"type":"Feature","properties":{"kind":"ph","name":"Bon Sue","owner":"Akron Metropolitan Housing Authority","addr":"54 April Ct","city":"Akron","units":6,"btype":"row / townhouse","status":null,"built":1970,"rad":null,"eld":-4,"dis":-4,"aunits":null,"prog":null,"pop":null,"reac":null,"expires":null,"rentassist":null},"geometry":{"type":"Point","coordinates":[-81.562406000051695,41.0624299993273]}},
{"type":"Feature","properties":{"kind":"ph","name":"Edgewood Village I","owner":"Akron Metropolitan Housing Authority","addr":"693 Edgewood Ave","city":"Akron","units":3,"btype":"row / townhouse","status":null,"built":null,"rad":null,"eld":-4,"dis":-4,"aunits":null,"prog":null,"pop":null,"reac":null,"expires":null,"rentassist":null},"geometry":{"type":"Point","coordinates":[-81.539865000428804,41.074517998967501]}},
{"type":"Feature","properties":{"kind":"ph","name":"PINEWOOD GARDENS","owner":"Akron Metropolitan Housing Authority","addr":"8818 Ray Ct Apt 1","city":"Twinsburg","units":8,"btype":"walk-up apartments","status":null,"built":1980,"rad":null,"eld":-4,"dis":-4,"aunits":null,"prog":null,"pop":null,"reac":null,"expires":null,"rentassist":null},"geometry":{"type":"Point","coordinates":[-81.458178999754494,41.308854999240999]}},
{"type":"Feature","properties":{"kind":"ph","name":"Heritage Homes I (former Garden Valley)","owner":"Cuyahoga Metropolitan Housing Authority","addr":"7017 Anita Kennedy Rd SE","city":"Cleveland","units":5,"btype":"row / townhouse","status":null,"built":2010,"rad":null,"eld":-4,"dis":-4,"aunits":null,"prog":null,"pop":null,"reac":null,"expires":null,"rentassist":null},"geometry":{"type":"Point","coordinates":[-81.639954000302893,41.4797909993015]}},
{"type":"Feature","properties":{"kind":"ph","name":"Scattered Sites","owner":"Akron Metropolitan Housing Authority","addr":"821 Staeger St","city":"Akron","units":1,"btype":"single-family house","status":null,"built":null,"rad":null,"eld":-4,"dis":-4,"aunits":null,"prog":null,"pop":null,"reac":null,"expires":null,"rentassist":null},"geometry":{"type":"Point","coordinates":[-81.483659000424495,41.044272998774403]}},
{"type":"Feature","properties":{"kind":"ph","name":"Scattered Sites","owner":"Akron Metropolitan Housing Authority","addr":"736 Roscoe Ave","city":"Akron","units":1,"btype":"single-family house","status":null,"built":null,"rad":null,"eld":-4,"dis":-4,"aunits":null,"prog":null,"pop":null,"reac":null,"expires":null,"rentassist":null},"geometry":{"type":"Point","coordinates":[-81.486996000058198,41.051866998953003]}},
{"type":"Feature","properties":{"kind":"ph","name":"Scattered Sites","owner":"Akron Metropolitan Housing Authority","addr":"938 Manitou Ave","city":"Akron","units":1,"btype":"single-family house","status":null,"built":1960,"rad":null,"eld":-4,"dis":-4,"aunits":null,"prog":null,"pop":null,"reac":null,"expires":null,"rentassist":null},"geometry":{"type":"Point","coordinates":[-81.475308000133595,41.0901629990868]}},
{"type":"Feature","properties":{"kind":"ph","name":"SUMMIT LAKE","owner":"Akron Metropolitan Housing Authority","addr":"406 W Miller Ave","city":"Akron","units":8,"btype":"walk-up apartments","status":null,"built":1965,"rad":null,"eld":-4,"dis":-4,"aunits":null,"prog":null,"pop":null,"reac":null,"expires":null,"rentassist":null},"geometry":{"type":"Point","coordinates":[-81.542535000065698,41.055371999337098]}},
{"type":"Feature","properties":{"kind":"ph","name":"Scattered Sites","owner":"Akron Metropolitan Housing Authority","addr":"373 Massillon Rd","city":"Akron","units":1,"btype":"single-family house","status":null,"built":1970,"rad":null,"eld":-4,"dis":-4,"aunits":null,"prog":null,"pop":null,"reac":null,"expires":null,"rentassist":null},"geometry":{"type":"Point","coordinates":[-81.462608000430706,41.051477999305803]}},
{"type":"Feature","properties":{"kind":"ph","name":"Riverview Replacement","owner":"Cuyahoga Metropolitan Housing Authority","addr":"3264 W 34th St","city":"Cleveland","units":1,"btype":"single-family house","status":null,"built":null,"rad":null,"eld":-4,"dis":-4,"aunits":null,"prog":null,"pop":null,"reac":null,"expires":null,"rentassist":null},"geometry":{"type":"Point","coordinates":[-81.706679000094695,41.464841999293597]}},
{"type":"Feature","properties":{"kind":"ph","name":"HONEY LOCUST GARDEN","owner":"Akron Metropolitan Housing Authority","addr":"3281 Prange Dr","city":"Cuyahoga Falls","units":8,"btype":"walk-up apartments","status":null,"built":1981,"rad":null,"eld":-4,"dis":-4,"aunits":null,"prog":null,"pop":null,"reac":null,"expires":null,"rentassist":null},"geometry":{"type":"Point","coordinates":[-81.501119000341404,41.155006999258497]}},
{"type":"Feature","properties":{"kind":"ph","name":"SUMMIT LAKE","owner":"Akron Metropolitan Housing Authority","addr":"1278 Roulhac Cir","city":"Akron","units":1,"btype":"single-family house","status":null,"built":1999,"rad":null,"eld":-4,"dis":-4,"aunits":null,"prog":null,"pop":null,"reac":null,"expires":null,"rentassist":null},"geometry":{"type":"Point","coordinates":[-81.557074000275506,41.068856999134397]}},
{"type":"Feature","properties":{"kind":"ph","name":"OUTHWAITE","owner":"Cuyahoga Metropolitan Housing Authority","addr":"2453 E 46th St","city":"Cleveland","units":14,"btype":"row / townhouse","status":"demolition/disposition proposed","built":1942,"rad":"PBRA","eld":9,"dis":8,"aunits":null,"prog":null,"pop":null,"reac":null,"expires":null,"rentassist":null},"geometry":{"type":"Point","coordinates":[-81.655205999642007,41.492086998808702]}},
{"type":"Feature","properties":{"kind":"ph","name":"Scattered Sites","owner":"Akron Metropolitan Housing Authority","addr":"1217 Smithfarm Ave","city":"Akron","units":1,"btype":"single-family house","status":null,"built":null,"rad":null,"eld":-4,"dis":-4,"aunits":null,"prog":null,"pop":null,"reac":null,"expires":null,"rentassist":null},"geometry":{"type":"Point","coordinates":[-81.477391000139704,41.077976999247703]}},
{"type":"Feature","properties":{"kind":"ph","name":"Oberlin Homes LIHTC","owner":"Lorain Metropolitan Housing Authority","addr":"57 Berger Ct Apt","city":"Oberlin","units":1,"btype":"single-family house","status":null,"built":1966,"rad":null,"eld":-4,"dis":-4,"aunits":null,"prog":null,"pop":null,"reac":null,"expires":null,"rentassist":null},"geometry":{"type":"Point","coordinates":[-82.206308000404107,41.293597998910002]}},
{"type":"Feature","properties":{"kind":"ph","name":"KING KENNEDY","owner":"Cuyahoga Metropolitan Housing Authority","addr":"6220 Scovill Ave","city":"Cleveland","units":5,"btype":"row / townhouse","status":null,"built":2004,"rad":null,"eld":-4,"dis":-4,"aunits":null,"prog":null,"pop":null,"reac":null,"expires":null,"rentassist":null},"geometry":{"type":"Point","coordinates":[-81.646970999702006,41.491515999258802]}},
{"type":"Feature","properties":{"kind":"ph","name":"CEDAR CENTRAL","owner":"Cuyahoga Metropolitan Housing Authority","addr":"2405 Central Ave","city":"Cleveland","units":39,"btype":"walk-up apartments","status":"demolition/disposition proposed","built":1935,"rad":"PBRA","eld":-4,"dis":-4,"aunits":null,"prog":null,"pop":null,"reac":null,"expires":null,"rentassist":null},"geometry":{"type":"Point","coordinates":[-81.668685000392898,41.497170998765696]}},
{"type":"Feature","properties":{"kind":"ph","name":"Scattered Sites","owner":"Akron Metropolitan Housing Authority","addr":"632 Arden Pl","city":"Akron","units":1,"btype":"single-family house","status":null,"built":null,"rad":null,"eld":-4,"dis":-4,"aunits":null,"prog":null,"pop":null,"reac":null,"expires":null,"rentassist":null},"geometry":{"type":"Point","coordinates":[-81.489987999910397,41.0537039991722]}},
{"type":"Feature","properties":{"kind":"ph","name":"DOWNTOWN","owner":"Cuyahoga Metropolitan Housing Authority","addr":"1230 W 25th St","city":"Cleveland","units":18,"btype":"walk-up apartments","status":"demolition/disposition proposed","built":1937,"rad":"PBRA","eld":23,"dis":24,"aunits":null,"prog":null,"pop":null,"reac":null,"expires":null,"rentassist":null},"geometry":{"type":"Point","coordinates":[-81.710353999837196,41.494862998965402]}},
{"type":"Feature","properties":{"kind":"ph","name":"Scattered Sites","owner":"Akron Metropolitan Housing Authority","addr":"841 Independence Ave","city":"Akron","units":1,"btype":"single-family house","status":null,"built":1977,"rad":null,"eld":-4,"dis":-4,"aunits":null,"prog":null,"pop":null,"reac":null,"expires":null,"rentassist":null},"geometry":{"type":"Point","coordinates":[-81.484734999776904,41.111146998801502]}},
{"type":"Feature","properties":{"kind":"ph","name":"Heritage Homes III (former Garden Valley","owner":"Cuyahoga Metropolitan Housing Authority","addr":"3014 E 73rd St","city":"Cleveland","units":1,"btype":"single-family house","status":null,"built":2011,"rad":null,"eld":-4,"dis":-4,"aunits":null,"prog":null,"pop":null,"reac":null,"expires":null,"rentassist":null},"geometry":{"type":"Point","coordinates":[-81.6376550003868,41.4767449992598]}},
{"type":"Feature","properties":{"kind":"ph","name":"CEDAR CENTRAL","owner":"Cuyahoga Metropolitan Housing Authority","addr":"2504 Cedar Ave","city":"Cleveland","units":54,"btype":"walk-up apartments","status":null,"built":1935,"rad":null,"eld":9,"dis":13,"aunits":null,"prog":null,"pop":null,"reac":null,"expires":null,"rentassist":null},"geometry":{"type":"Point","coordinates":[-81.669908000058399,41.498435998816099]}},
{"type":"Feature","properties":{"kind":"ph","name":"COLONIAL HILLS","owner":"Akron Metropolitan Housing Authority","addr":"7 Colonial Hills Dr","city":"Akron","units":6,"btype":"row / townhouse","status":null,"built":1967,"rad":null,"eld":-4,"dis":-4,"aunits":null,"prog":null,"pop":null,"reac":null,"expires":null,"rentassist":null},"geometry":{"type":"Point","coordinates":[-81.502130000294798,41.1069029990948]}},
{"type":"Feature","properties":{"kind":"ph","name":"EASTSIDE","owner":"Cuyahoga Metropolitan Housing Authority","addr":"9404 Mount Auburn Ave","city":"Cleveland","units":2,"btype":"row / townhouse","status":"demolition/disposition approved","built":null,"rad":null,"eld":-4,"dis":-4,"aunits":null,"prog":null,"pop":null,"reac":null,"expires":null,"rentassist":null},"geometry":{"type":"Point","coordinates":[-81.620563999642499,41.475938999342098]}},
{"type":"Feature","properties":{"kind":"ph","name":"Riverview Replacement","owner":"Cuyahoga Metropolitan Housing Authority","addr":"4310 W 138th St","city":"Cleveland","units":1,"btype":"single-family house","status":null,"built":1941,"rad":null,"eld":-4,"dis":-4,"aunits":null,"prog":null,"pop":null,"reac":null,"expires":null,"rentassist":null},"geometry":{"type":"Point","coordinates":[-81.788538999947903,41.436991999099497]}},
{"type":"Feature","properties":{"kind":"ph","name":"Heritage Homes III (former Garden Valley","owner":"Cuyahoga Metropolitan Housing Authority","addr":"3002 E 73rd St","city":"Cleveland","units":1,"btype":"single-family house","status":null,"built":2011,"rad":null,"eld":-4,"dis":-4,"aunits":null,"prog":null,"pop":null,"reac":null,"expires":null,"rentassist":null},"geometry":{"type":"Point","coordinates":[-81.6376550003868,41.477058999211899]}},
{"type":"Feature","properties":{"kind":"ph","name":"Edgewood Village 4","owner":"Akron Metropolitan Housing Authority","addr":"731 Raymond St","city":"Akron","units":1,"btype":"single-family house","status":null,"built":null,"rad":null,"eld":-4,"dis":-4,"aunits":null,"prog":null,"pop":null,"reac":null,"expires":null,"rentassist":null},"geometry":{"type":"Point","coordinates":[-81.541710999710105,41.075130998977301]}},
{"type":"Feature","properties":{"kind":"ph","name":"Oberlin Homes LIHTC","owner":"Lorain Metropolitan Housing Authority","addr":"8 Edison St","city":"Oberlin","units":1,"btype":"single-family house","status":null,"built":1966,"rad":null,"eld":-4,"dis":-4,"aunits":null,"prog":null,"pop":null,"reac":null,"expires":null,"rentassist":null},"geometry":{"type":"Point","coordinates":[-82.217444999784604,41.285057999167599]}},
{"type":"Feature","properties":{"kind":"ph","name":"Scattered Sites","owner":"Akron Metropolitan Housing Authority","addr":"1400 Laffer Ave","city":"Akron","units":1,"btype":"single-family house","status":null,"built":1970,"rad":null,"eld":-4,"dis":-4,"aunits":null,"prog":null,"pop":null,"reac":null,"expires":null,"rentassist":null},"geometry":{"type":"Point","coordinates":[-81.472236999740403,41.073612998802503]}},
{"type":"Feature","properties":{"kind":"ph","name":"VAN BUREN HOMES","owner":"Akron Metropolitan Housing Authority","addr":"264 Illinois Pl","city":"Barberton","units":4,"btype":"row / townhouse","status":null,"built":1972,"rad":null,"eld":-4,"dis":-4,"aunits":null,"prog":null,"pop":null,"reac":null,"expires":null,"rentassist":null},"geometry":{"type":"Point","coordinates":[-81.6000039999184,41.006262999237499]}},
{"type":"Feature","properties":{"kind":"ph","name":"VAN BUREN HOMES","owner":"Akron Metropolitan Housing Authority","addr":"544 Florida Pl","city":"Barberton","units":4,"btype":"row / townhouse","status":null,"built":1972,"rad":null,"eld":-4,"dis":-4,"aunits":null,"prog":null,"pop":null,"reac":null,"expires":null,"rentassist":null},"geometry":{"type":"Point","coordinates":[-81.598144000393404,41.0037449987353]}},
{"type":"Feature","properties":{"kind":"ph","name":"EASTSIDE","owner":"Cuyahoga Metropolitan Housing Authority","addr":"2708 E 99th Pl","city":"Cleveland","units":4,"btype":"row / townhouse","status":"demolition/disposition proposed","built":1972,"rad":"PBRA","eld":-4,"dis":-4,"aunits":null,"prog":null,"pop":null,"reac":null,"expires":null,"rentassist":null},"geometry":{"type":"Point","coordinates":[-81.615891000365394,41.485552998959399]}},
{"type":"Feature","properties":{"kind":"ph","name":"Riverview Replacement","owner":"Cuyahoga Metropolitan Housing Authority","addr":"3370 W 95th St","city":"Cleveland","units":1,"btype":"single-family house","status":null,"built":null,"rad":null,"eld":-4,"dis":-4,"aunits":null,"prog":null,"pop":null,"reac":null,"expires":null,"rentassist":null},"geometry":{"type":"Point","coordinates":[-81.748911999603607,41.4622749990221]}},
{"type":"Feature","properties":{"kind":"ph","name":"DOWNTOWN","owner":"Cuyahoga Metropolitan Housing Authority","addr":"2608 Division Ave","city":"Cleveland","units":24,"btype":"walk-up apartments","status":null,"built":1937,"rad":null,"eld":9,"dis":3,"aunits":null,"prog":null,"pop":null,"reac":null,"expires":null,"rentassist":null},"geometry":{"type":"Point","coordinates":[-81.709872999613296,41.493249999187]}},
{"type":"Feature","properties":{"kind":"ph","name":"Scattered Sites","owner":"Akron Metropolitan Housing Authority","addr":"1368 Brownstone Ave","city":"Akron","units":1,"btype":"single-family house","status":null,"built":1974,"rad":null,"eld":-4,"dis":-4,"aunits":null,"prog":null,"pop":null,"reac":null,"expires":null,"rentassist":null},"geometry":{"type":"Point","coordinates":[-81.474888000009003,41.101612998930499]}},
{"type":"Feature","properties":{"kind":"ph","name":"Scattered Sites","owner":"Akron Metropolitan Housing Authority","addr":"1638 Vicgross Ave","city":"Akron","units":1,"btype":"single-family house","status":null,"built":1959,"rad":null,"eld":-4,"dis":-4,"aunits":null,"prog":null,"pop":null,"reac":null,"expires":null,"rentassist":null},"geometry":{"type":"Point","coordinates":[-81.469131000085397,41.107142999222901]}},
{"type":"Feature","properties":{"kind":"ph","name":"Bon Sue","owner":"Akron Metropolitan Housing Authority","addr":"51 Susan Ct","city":"Akron","units":8,"btype":"row / townhouse","status":null,"built":1970,"rad":null,"eld":-4,"dis":-4,"aunits":null,"prog":null,"pop":null,"reac":null,"expires":null,"rentassist":null},"geometry":{"type":"Point","coordinates":[-81.560203000395006,41.0620659993441]}},
{"type":"Feature","properties":{"kind":"ph","name":"NEAR WEST","owner":"Cuyahoga Metropolitan Housing Authority","addr":"2439 W 6th St","city":"Cleveland","units":2,"btype":"semi-detached / duplex","status":"demolition/disposition draft","built":1990,"rad":null,"eld":-4,"dis":-4,"aunits":null,"prog":null,"pop":null,"reac":null,"expires":null,"rentassist":null},"geometry":{"type":"Point","coordinates":[-81.681693999892303,41.480456998815299]}},
{"type":"Feature","properties":{"kind":"ph","name":"EASTSIDE","owner":"Cuyahoga Metropolitan Housing Authority","addr":"2463 Woodhill Rd Apt A","city":"Cleveland","units":8,"btype":"row / townhouse","status":"demolition/disposition approved","built":1940,"rad":null,"eld":-4,"dis":-4,"aunits":null,"prog":null,"pop":null,"reac":null,"expires":null,"rentassist":null},"geometry":{"type":"Point","coordinates":[-81.612626999628404,41.491609998743598]}},
{"type":"Feature","properties":{"kind":"ph","name":"SMALL OR SCATTERED","owner":"Cuyahoga Metropolitan Housing Authority","addr":"1933 W 58th St","city":"Cleveland","units":2,"btype":"semi-detached / duplex","status":"demolition/disposition draft","built":null,"rad":null,"eld":-4,"dis":-4,"aunits":null,"prog":null,"pop":null,"reac":null,"expires":null,"rentassist":null},"geometry":{"type":"Point","coordinates":[-81.726139000177,41.479000999197297]}},
{"type":"Feature","properties":{"kind":"ph","name":"Scattered Sites","owner":"Akron Metropolitan Housing Authority","addr":"1013 Bertha Ave","city":"Akron","units":1,"btype":"single-family house","status":null,"built":null,"rad":null,"eld":-4,"dis":-4,"aunits":null,"prog":null,"pop":null,"reac":null,"expires":null,"rentassist":null},"geometry":{"type":"Point","coordinates":[-81.497799000426198,41.048989999160497]}},
{"type":"Feature","properties":{"kind":"ph","name":"Scattered Sites","owner":"Akron Metropolitan Housing Authority","addr":"1332 Laffer Ave","city":"Akron","units":1,"btype":"single-family house","status":null,"built":1972,"rad":null,"eld":-4,"dis":-4,"aunits":null,"prog":null,"pop":null,"reac":null,"expires":null,"rentassist":null},"geometry":{"type":"Point","coordinates":[-81.474714999756699,41.0736589989124]}},
{"type":"Feature","properties":{"kind":"ph","name":"Riverview Replacement","owner":"Cuyahoga Metropolitan Housing Authority","addr":"11324 Linnet Ave","city":"Cleveland","units":1,"btype":"single-family house","status":null,"built":null,"rad":null,"eld":-4,"dis":-4,"aunits":null,"prog":null,"pop":null,"reac":null,"expires":null,"rentassist":null},"geometry":{"type":"Point","coordinates":[-81.766134999694003,41.456502999007199]}},
{"type":"Feature","properties":{"kind":"ph","name":"KING KENNEDY","owner":"Cuyahoga Metropolitan Housing Authority","addr":"6315 Haltnorth Walk Apt A","city":"Cleveland","units":6,"btype":"row / townhouse","status":null,"built":1970,"rad":null,"eld":-4,"dis":-4,"aunits":null,"prog":null,"pop":null,"reac":null,"expires":null,"rentassist":null},"geometry":{"type":"Point","coordinates":[-81.646349999736003,41.489222999003601]}},
{"type":"Feature","properties":{"kind":"ph","name":"Oberlin Homes LIHTC","owner":"Lorain Metropolitan Housing Authority","addr":"119 Locust St Apt","city":"Oberlin","units":1,"btype":"single-family house","status":null,"built":1966,"rad":null,"eld":-4,"dis":-4,"aunits":null,"prog":null,"pop":null,"reac":null,"expires":null,"rentassist":null},"geometry":{"type":"Point","coordinates":[-82.212883999762198,41.286205998789796]}},
{"type":"Feature","properties":{"kind":"ph","name":"Scattered Sites","owner":"Akron Metropolitan Housing Authority","addr":"1239 Welton Ave","city":"Akron","units":1,"btype":"single-family house","status":null,"built":null,"rad":null,"eld":-4,"dis":-4,"aunits":null,"prog":null,"pop":null,"reac":null,"expires":null,"rentassist":null},"geometry":{"type":"Point","coordinates":[-81.482064000315006,41.048374998772097]}},
{"type":"Feature","properties":{"kind":"ph","name":"OUTHWAITE","owner":"Cuyahoga Metropolitan Housing Authority","addr":"4330 Kennard Ct","city":"Cleveland","units":30,"btype":"walk-up apartments","status":null,"built":1937,"rad":null,"eld":8,"dis":16,"aunits":null,"prog":null,"pop":null,"reac":null,"expires":null,"rentassist":null},"geometry":{"type":"Point","coordinates":[-81.656384999824795,41.492340999287798]}},
{"type":"Feature","properties":{"kind":"ph","name":"East Side Neighborhood Homes","owner":"Cuyahoga Metropolitan Housing Authority","addr":"7118 Chamberlain Ave","city":"Cleveland","units":1,"btype":"single-family house","status":null,"built":2005,"rad":null,"eld":-4,"dis":-4,"aunits":null,"prog":null,"pop":null,"reac":null,"expires":null,"rentassist":null},"geometry":{"type":"Point","coordinates":[-81.638796000036507,41.495038999246297]}},
{"type":"Feature","properties":{"kind":"ph","name":"Valley View","owner":"Akron Metropolitan Housing Authority","addr":"918 Springdale St","city":"Akron","units":4,"btype":"row / townhouse","status":null,"built":1970,"rad":null,"eld":-4,"dis":-4,"aunits":null,"prog":null,"pop":null,"reac":null,"expires":null,"rentassist":null},"geometry":{"type":"Point","coordinates":[-81.521591000201994,41.110987998764202]}},
{"type":"Feature","properties":{"kind":"ph","name":"Scattered Sites","owner":"Akron Metropolitan Housing Authority","addr":"732 Greenwood Ave","city":"Akron","units":1,"btype":"single-family house","status":null,"built":null,"rad":null,"eld":-4,"dis":-4,"aunits":null,"prog":null,"pop":null,"reac":null,"expires":null,"rentassist":null},"geometry":{"type":"Point","coordinates":[-81.566180000426797,41.0871579988763]}},
{"type":"Feature","properties":{"kind":"ph","name":"SCRANTON WOODS/CLOVERDALE","owner":"Geauga Metropolitian Housing Authority","addr":"16778 Dayton St","city":"Chagrin Falls","units":1,"btype":"single-family house","status":null,"built":1982,"rad":null,"eld":-4,"dis":-4,"aunits":null,"prog":null,"pop":null,"reac":null,"expires":null,"rentassist":null},"geometry":{"type":"Point","coordinates":[-81.388370999873899,41.413221999354597]}},
{"type":"Feature","properties":{"kind":"ph","name":"Scattered Sites","owner":"Akron Metropolitan Housing Authority","addr":"222 E Lods St","city":"Akron","units":1,"btype":"single-family house","status":null,"built":null,"rad":null,"eld":-4,"dis":-4,"aunits":null,"prog":null,"pop":null,"reac":null,"expires":null,"rentassist":null},"geometry":{"type":"Point","coordinates":[-81.508197999664702,41.091938999070301]}},
{"type":"Feature","properties":{"kind":"ph","name":"HOUGH","owner":"Cuyahoga Metropolitan Housing Authority","addr":"1902 E 59th St","city":"Cleveland","units":8,"btype":"row / townhouse","status":null,"built":1971,"rad":null,"eld":-4,"dis":-4,"aunits":null,"prog":null,"pop":null,"reac":null,"expires":null,"rentassist":null},"geometry":{"type":"Point","coordinates":[-81.649525999711202,41.506859998883797]}},
{"type":"Feature","properties":{"kind":"ph","name":"Scattered Sites","owner":"Akron Metropolitan Housing Authority","addr":"525 Winans Ave","city":"Akron","units":1,"btype":"single-family house","status":null,"built":null,"rad":null,"eld":-4,"dis":-4,"aunits":null,"prog":null,"pop":null,"reac":null,"expires":null,"rentassist":null},"geometry":{"type":"Point","coordinates":[-81.494301000235694,41.059004999394404]}},
{"type":"Feature","properties":{"kind":"ph","name":"Westside Homes","owner":"Cuyahoga Metropolitan Housing Authority","addr":"6503 Detroit Ave","city":"Cleveland","units":10,"btype":"walk-up apartments","status":null,"built":2005,"rad":null,"eld":-4,"dis":-4,"aunits":null,"prog":null,"pop":null,"reac":null,"expires":null,"rentassist":null},"geometry":{"type":"Point","coordinates":[-81.730312999686802,41.4838649988694]}},
{"type":"Feature","properties":{"kind":"ph","name":"Riverview Replacement","owner":"Cuyahoga Metropolitan Housing Authority","addr":"1414 W 101st St","city":"Cleveland","units":34,"btype":"walk-up apartments","status":"demolition/disposition draft","built":1962,"rad":null,"eld":30,"dis":27,"aunits":null,"prog":null,"pop":null,"reac":null,"expires":null,"rentassist":null},"geometry":{"type":"Point","coordinates":[-81.754324999570599,41.479512999175498]}},
{"type":"Feature","properties":{"kind":"ph","name":"Riverview Replacement","owner":"Cuyahoga Metropolitan Housing Authority","addr":"3590 W 45th St","city":"Cleveland","units":1,"btype":"single-family house","status":null,"built":null,"rad":null,"eld":-4,"dis":-4,"aunits":null,"prog":null,"pop":null,"reac":null,"expires":null,"rentassist":null},"geometry":{"type":"Point","coordinates":[-81.717542999663706,41.456519999242403]}},
{"type":"Feature","properties":{"kind":"ph","name":"OBERLIN HOMES","owner":"Lorain Metropolitan Housing Authority","addr":"5341 Fleming Ave Apt","city":"Lorain","units":1,"btype":"single-family house","status":null,"built":1997,"rad":null,"eld":-4,"dis":-4,"aunits":null,"prog":null,"pop":null,"reac":null,"expires":null,"rentassist":null},"geometry":{"type":"Point","coordinates":[-82.115978000434296,41.420372998760598]}},
{"type":"Feature","properties":{"kind":"ph","name":"NEAR WEST","owner":"Cuyahoga Metropolitan Housing Authority","addr":"2965 W 30th St","city":"Cleveland","units":1,"btype":"single-family house","status":"demolition/disposition draft","built":2013,"rad":null,"eld":-4,"dis":-4,"aunits":null,"prog":null,"pop":null,"reac":null,"expires":null,"rentassist":null},"geometry":{"type":"Point","coordinates":[-81.701328000051902,41.4716849987675]}},
{"type":"Feature","properties":{"kind":"ph","name":"Edgewood Village South","owner":"Akron Metropolitan Housing Authority","addr":"424 Berry Ave","city":"Akron","units":3,"btype":"row / townhouse","status":null,"built":2012,"rad":null,"eld":-4,"dis":-4,"aunits":null,"prog":null,"pop":null,"reac":null,"expires":null,"rentassist":null},"geometry":{"type":"Point","coordinates":[-81.541435000423903,41.071359998959203]}},
{"type":"Feature","properties":{"kind":"ph","name":"HONEY LOCUST GARDEN","owner":"Akron Metropolitan Housing Authority","addr":"3470 Prange Dr","city":"Cuyahoga Falls","units":6,"btype":"row / townhouse","status":null,"built":1988,"rad":null,"eld":-4,"dis":-4,"aunits":null,"prog":null,"pop":null,"reac":null,"expires":null,"rentassist":null},"geometry":{"type":"Point","coordinates":[-81.501550000336593,41.156205999322999]}},
{"type":"Feature","properties":{"kind":"ph","name":"KING KENNEDY","owner":"Cuyahoga Metropolitan Housing Authority","addr":"6411 Haltnorth Walk Apt A","city":"Cleveland","units":6,"btype":"row / townhouse","status":null,"built":1970,"rad":null,"eld":-4,"dis":-4,"aunits":null,"prog":null,"pop":null,"reac":null,"expires":null,"rentassist":null},"geometry":{"type":"Point","coordinates":[-81.645808000311007,41.489222999003601]}},
{"type":"Feature","properties":{"kind":"ph","name":"Mohawk","owner":"Akron Metropolitan Housing Authority","addr":"39 Safer Plz","city":"Akron","units":3,"btype":"row / townhouse","status":null,"built":1970,"rad":null,"eld":-4,"dis":-4,"aunits":null,"prog":null,"pop":null,"reac":null,"expires":null,"rentassist":null},"geometry":{"type":"Point","coordinates":[-81.488535000091204,41.0233459992373]}},
{"type":"Feature","properties":{"kind":"ph","name":"Scattered Sites","owner":"Akron Metropolitan Housing Authority","addr":"1041 Nome Ave","city":"Akron","units":1,"btype":"single-family house","status":null,"built":null,"rad":null,"eld":-4,"dis":-4,"aunits":null,"prog":null,"pop":null,"reac":null,"expires":null,"rentassist":null},"geometry":{"type":"Point","coordinates":[-81.570382000423905,41.081017999265796]}},
{"type":"Feature","properties":{"kind":"ph","name":"EASTSIDE","owner":"Cuyahoga Metropolitan Housing Authority","addr":"2549 Woodhill Rd","city":"Cleveland","units":15,"btype":"walk-up apartments","status":"demolition/disposition approved","built":1940,"rad":null,"eld":-4,"dis":-4,"aunits":null,"prog":null,"pop":null,"reac":null,"expires":null,"rentassist":null},"geometry":{"type":"Point","coordinates":[-81.613618000388598,41.490089999121601]}},
{"type":"Feature","properties":{"kind":"ph","name":"Riverview Replacement","owner":"Cuyahoga Metropolitan Housing Authority","addr":"11816 Milan Ave","city":"Cleveland","units":1,"btype":"single-family house","status":null,"built":null,"rad":null,"eld":-4,"dis":-4,"aunits":null,"prog":null,"pop":null,"reac":null,"expires":null,"rentassist":null},"geometry":{"type":"Point","coordinates":[-81.772003999770703,41.452521999032001]}},
{"type":"Feature","properties":{"kind":"ph","name":"Oberlin Homes LIHTC","owner":"Lorain Metropolitan Housing Authority","addr":"160 N Park St Apt","city":"Oberlin","units":1,"btype":"single-family house","status":null,"built":1966,"rad":null,"eld":-4,"dis":-4,"aunits":null,"prog":null,"pop":null,"reac":null,"expires":null,"rentassist":null},"geometry":{"type":"Point","coordinates":[-82.212318999872707,41.295623999250402]}},
{"type":"Feature","properties":{"kind":"ph","name":"Scattered Sites","owner":"Akron Metropolitan Housing Authority","addr":"895 Hardesty Blvd","city":"Akron","units":1,"btype":"single-family house","status":null,"built":null,"rad":null,"eld":-4,"dis":-4,"aunits":null,"prog":null,"pop":null,"reac":null,"expires":null,"rentassist":null},"geometry":{"type":"Point","coordinates":[-81.562746999635294,41.081221998843503]}},
{"type":"Feature","properties":{"kind":"ph","name":"Scattered Sites","owner":"Akron Metropolitan Housing Authority","addr":"920 Peerless Ave","city":"Akron","units":1,"btype":"single-family house","status":null,"built":null,"rad":null,"eld":-4,"dis":-4,"aunits":null,"prog":null,"pop":null,"reac":null,"expires":null,"rentassist":null},"geometry":{"type":"Point","coordinates":[-81.558471000018201,41.0791139993079]}},
{"type":"Feature","properties":{"kind":"ph","name":"Scattered Sites","owner":"Akron Metropolitan Housing Authority","addr":"1157 Beardsley St","city":"Akron","units":1,"btype":"single-family house","status":null,"built":1927,"rad":null,"eld":-4,"dis":-4,"aunits":null,"prog":null,"pop":null,"reac":null,"expires":null,"rentassist":null},"geometry":{"type":"Point","coordinates":[-81.5129450003583,41.050454999274599]}},
{"type":"Feature","properties":{"kind":"ph","name":"Joy Park","owner":"Akron Metropolitan Housing Authority","addr":"1354 Minson Way","city":"Akron","units":6,"btype":"row / townhouse","status":null,"built":1970,"rad":null,"eld":-4,"dis":-4,"aunits":null,"prog":null,"pop":null,"reac":null,"expires":null,"rentassist":null},"geometry":{"type":"Point","coordinates":[-81.482996999552299,41.057022998996104]}},
{"type":"Feature","properties":{"kind":"ph","name":"Mohawk","owner":"Akron Metropolitan Housing Authority","addr":"42 Safer Plz","city":"Akron","units":2,"btype":"semi-detached / duplex","status":null,"built":1970,"rad":null,"eld":-4,"dis":-4,"aunits":null,"prog":null,"pop":null,"reac":null,"expires":null,"rentassist":null},"geometry":{"type":"Point","coordinates":[-81.489727999619404,41.023048998961301]}},
{"type":"Feature","properties":{"kind":"ph","name":"WILKES-VILLA","owner":"Lorain Metropolitan Housing Authority","addr":"162 Warden Ave Apt","city":"Elyria","units":1,"btype":"single-family house","status":null,"built":2006,"rad":null,"eld":-4,"dis":-4,"aunits":null,"prog":null,"pop":null,"reac":null,"expires":null,"rentassist":null},"geometry":{"type":"Point","coordinates":[-82.127493999931502,41.389150998782704]}},
{"type":"Feature","properties":{"kind":"ph","name":"DOWNTOWN","owner":"Cuyahoga Metropolitan Housing Authority","addr":"2620 Division Ave","city":"Cleveland","units":24,"btype":"walk-up apartments","status":null,"built":1937,"rad":null,"eld":7,"dis":3,"aunits":null,"prog":null,"pop":null,"reac":null,"expires":null,"rentassist":null},"geometry":{"type":"Point","coordinates":[-81.709954999629005,41.4932149992501]}},
{"type":"Feature","properties":{"kind":"ph","name":"Riverview Replacement","owner":"Cuyahoga Metropolitan Housing Authority","addr":"3700 Daisy Ave","city":"Cleveland","units":1,"btype":"single-family house","status":null,"built":null,"rad":null,"eld":-4,"dis":-4,"aunits":null,"prog":null,"pop":null,"reac":null,"expires":null,"rentassist":null},"geometry":{"type":"Point","coordinates":[-81.707562999826493,41.458804998733598]}},
{"type":"Feature","properties":{"kind":"ph","name":"Scattered Sites","owner":"Akron Metropolitan Housing Authority","addr":"877 Merton Ave","city":"Akron","units":1,"btype":"single-family house","status":null,"built":null,"rad":null,"eld":-4,"dis":-4,"aunits":null,"prog":null,"pop":null,"reac":null,"expires":null,"rentassist":null},"geometry":{"type":"Point","coordinates":[-81.498704999899203,41.053622999321597]}},
{"type":"Feature","properties":{"kind":"ph","name":"Edgewood Village 4","owner":"Akron Metropolitan Housing Authority","addr":"746 Rita Dove Ln","city":"Akron","units":2,"btype":"semi-detached / duplex","status":null,"built":null,"rad":null,"eld":-4,"dis":-4,"aunits":null,"prog":null,"pop":null,"reac":null,"expires":null,"rentassist":null},"geometry":{"type":"Point","coordinates":[-81.5409709999184,41.073870998826102]}},
{"type":"Feature","properties":{"kind":"ph","name":"Scattered Sites","owner":"Akron Metropolitan Housing Authority","addr":"117 W Cuyahoga Falls Ave","city":"Akron","units":1,"btype":"single-family house","status":null,"built":null,"rad":null,"eld":-4,"dis":-4,"aunits":null,"prog":null,"pop":null,"reac":null,"expires":null,"rentassist":null},"geometry":{"type":"Point","coordinates":[-81.518212999662097,41.102404999039997]}},
{"type":"Feature","properties":{"kind":"ph","name":"Riverview Replacement","owner":"Cuyahoga Metropolitan Housing Authority","addr":"13402 Wainfleet Ave","city":"Cleveland","units":1,"btype":"single-family house","status":null,"built":null,"rad":null,"eld":-4,"dis":-4,"aunits":null,"prog":null,"pop":null,"reac":null,"expires":null,"rentassist":null},"geometry":{"type":"Point","coordinates":[-81.784297999592695,41.429322999142101]}},
{"type":"Feature","properties":{"kind":"ph","name":"DOWNTOWN","owner":"Cuyahoga Metropolitan Housing Authority","addr":"1302 W 28th St","city":"Cleveland","units":23,"btype":"row / townhouse","status":null,"built":1937,"rad":null,"eld":18,"dis":3,"aunits":null,"prog":null,"pop":null,"reac":null,"expires":null,"rentassist":null},"geometry":{"type":"Point","coordinates":[-81.711144999682503,41.492251999008097]}},
{"type":"Feature","properties":{"kind":"ph","name":"Joy Park","owner":"Akron Metropolitan Housing Authority","addr":"519 Fuller St","city":"Akron","units":2,"btype":"semi-detached / duplex","status":null,"built":1970,"rad":null,"eld":-4,"dis":-4,"aunits":null,"prog":null,"pop":null,"reac":null,"expires":null,"rentassist":null},"geometry":{"type":"Point","coordinates":[-81.483839000349604,41.056801999246403]}},
{"type":"Feature","properties":{"kind":"ph","name":"Riverview Replacement","owner":"Cuyahoga Metropolitan Housing Authority","addr":"4383 W 189th St","city":"Cleveland","units":1,"btype":"single-family house","status":null,"built":null,"rad":null,"eld":-4,"dis":-4,"aunits":null,"prog":null,"pop":null,"reac":null,"expires":null,"rentassist":null},"geometry":{"type":"Point","coordinates":[-81.830475000254197,41.4358119991617]}},
{"type":"Feature","properties":{"kind":"ph","name":"Scattered Sites","owner":"Akron Metropolitan Housing Authority","addr":"1195 Grandview Ave","city":"Akron","units":1,"btype":"single-family house","status":null,"built":null,"rad":null,"eld":-4,"dis":-4,"aunits":null,"prog":null,"pop":null,"reac":null,"expires":null,"rentassist":null},"geometry":{"type":"Point","coordinates":[-81.478218999794905,41.083083998795303]}},
{"type":"Feature","properties":{"kind":"ph","name":"WILKES-VILLA","owner":"Lorain Metropolitan Housing Authority","addr":"563 3rd St Apt","city":"Elyria","units":1,"btype":"single-family house","status":null,"built":1996,"rad":null,"eld":-4,"dis":-4,"aunits":null,"prog":null,"pop":null,"reac":null,"expires":null,"rentassist":null},"geometry":{"type":"Point","coordinates":[-82.115035000253002,41.3648819988993]}},
{"type":"Feature","properties":{"kind":"ph","name":"Joy Park","owner":"Akron Metropolitan Housing Authority","addr":"1257 McMillan Cir","city":"Akron","units":4,"btype":"row / townhouse","status":null,"built":1970,"rad":null,"eld":-4,"dis":-4,"aunits":null,"prog":null,"pop":null,"reac":null,"expires":null,"rentassist":null},"geometry":{"type":"Point","coordinates":[-81.484451999919699,41.055853998924697]}},
{"type":"Feature","properties":{"kind":"ph","name":"EASTSIDE","owner":"Cuyahoga Metropolitan Housing Authority","addr":"2516 Baldwin Rd Apt A","city":"Cleveland","units":6,"btype":"row / townhouse","status":"demolition/disposition approved","built":1940,"rad":null,"eld":-4,"dis":-4,"aunits":null,"prog":null,"pop":null,"reac":null,"expires":null,"rentassist":null},"geometry":{"type":"Point","coordinates":[-81.6127100003674,41.489914998785899]}},
{"type":"Feature","properties":{"kind":"ph","name":"LEAVITT HOMES","owner":"Lorain Metropolitan Housing Authority","addr":"3813 Oxford Dr Apt","city":"Lorain","units":1,"btype":"single-family house","status":null,"built":1996,"rad":null,"eld":-4,"dis":-4,"aunits":null,"prog":null,"pop":null,"reac":null,"expires":null,"rentassist":null},"geometry":{"type":"Point","coordinates":[-82.212743000195204,41.435589999194498]}},
{"type":"Feature","properties":{"kind":"ph","name":"Scattered Sites","owner":"Akron Metropolitan Housing Authority","addr":"930 Dover Ave","city":"Akron","units":1,"btype":"single-family house","status":null,"built":null,"rad":null,"eld":-4,"dis":-4,"aunits":null,"prog":null,"pop":null,"reac":null,"expires":null,"rentassist":null},"geometry":{"type":"Point","coordinates":[-81.562083000011498,41.0803599993136]}},
{"type":"Feature","properties":{"kind":"ph","name":"Scattered Sites","owner":"Akron Metropolitan Housing Authority","addr":"934 Shoshone Ave","city":"Akron","units":1,"btype":"single-family house","status":null,"built":null,"rad":null,"eld":-4,"dis":-4,"aunits":null,"prog":null,"pop":null,"reac":null,"expires":null,"rentassist":null},"geometry":{"type":"Point","coordinates":[-81.4765590002865,41.089592998927102]}},
{"type":"Feature","properties":{"kind":"ph","name":"Oberlin Homes LIHTC","owner":"Lorain Metropolitan Housing Authority","addr":"126 S Park St Apt","city":"Oberlin","units":2,"btype":"semi-detached / duplex","status":null,"built":1966,"rad":null,"eld":-4,"dis":-4,"aunits":null,"prog":null,"pop":null,"reac":null,"expires":null,"rentassist":null},"geometry":{"type":"Point","coordinates":[-82.212593000407395,41.288334999124302]}},
{"type":"Feature","properties":{"kind":"ph","name":"EASTSIDE","owner":"Cuyahoga Metropolitan Housing Authority","addr":"2502 Baldwin Rd Apt A","city":"Cleveland","units":8,"btype":"row / townhouse","status":"demolition/disposition approved","built":1940,"rad":null,"eld":-4,"dis":-4,"aunits":null,"prog":null,"pop":null,"reac":null,"expires":null,"rentassist":null},"geometry":{"type":"Point","coordinates":[-81.611982000271198,41.490649999306697]}},
{"type":"Feature","properties":{"kind":"ph","name":"Scattered Sites","owner":"Akron Metropolitan Housing Authority","addr":"989 Biruta St","city":"Akron","units":1,"btype":"single-family house","status":null,"built":null,"rad":null,"eld":-4,"dis":-4,"aunits":null,"prog":null,"pop":null,"reac":null,"expires":null,"rentassist":null},"geometry":{"type":"Point","coordinates":[-81.564000000336307,41.0625259991807]}},
{"type":"Feature","properties":{"kind":"ph","name":"Scattered Sites","owner":"Akron Metropolitan Housing Authority","addr":"691 Moreley Ave","city":"Akron","units":1,"btype":"single-family house","status":null,"built":1970,"rad":null,"eld":-4,"dis":-4,"aunits":null,"prog":null,"pop":null,"reac":null,"expires":null,"rentassist":null},"geometry":{"type":"Point","coordinates":[-81.558224000145998,41.0854959988609]}},
{"type":"Feature","properties":{"kind":"ph","name":"Mohawk","owner":"Akron Metropolitan Housing Authority","addr":"23 Safer Plz","city":"Akron","units":4,"btype":"row / townhouse","status":null,"built":1970,"rad":null,"eld":-4,"dis":-4,"aunits":null,"prog":null,"pop":null,"reac":null,"expires":null,"rentassist":null},"geometry":{"type":"Point","coordinates":[-81.488981999979899,41.023346998884499]}},
{"type":"Feature","properties":{"kind":"ph","name":"COLONIAL HILLS","owner":"Akron Metropolitan Housing Authority","addr":"25 Colonial Hills Dr","city":"Akron","units":6,"btype":"row / townhouse","status":null,"built":1967,"rad":null,"eld":-4,"dis":-4,"aunits":null,"prog":null,"pop":null,"reac":null,"expires":null,"rentassist":null},"geometry":{"type":"Point","coordinates":[-81.501955000392599,41.1069009989547]}},
{"type":"Feature","properties":{"kind":"ph","name":"Riverview Replacement","owner":"Cuyahoga Metropolitan Housing Authority","addr":"1372 W 64th St","city":"Cleveland","units":1,"btype":"single-family house","status":null,"built":null,"rad":null,"eld":-4,"dis":-4,"aunits":null,"prog":null,"pop":null,"reac":null,"expires":null,"rentassist":null},"geometry":{"type":"Point","coordinates":[-81.729484000206597,41.485089999358102]}},
{"type":"Feature","properties":{"kind":"ph","name":"Miles Pointe Elderly","owner":"Cuyahoga Metropolitan Housing Authority","addr":"11806 Miles Ave","city":"Cleveland","units":43,"btype":"elevator high-rise","status":null,"built":2013,"rad":null,"eld":100,"dis":71,"aunits":null,"prog":null,"pop":null,"reac":null,"expires":null,"rentassist":null},"geometry":{"type":"Point","coordinates":[-81.600824999900894,41.445069998765398]}},
{"type":"Feature","properties":{"kind":"ph","name":"SUMMIT LAKE","owner":"Akron Metropolitan Housing Authority","addr":"1172 Lakeshore Blvd","city":"Akron","units":10,"btype":"row / townhouse","status":null,"built":1965,"rad":null,"eld":-4,"dis":-4,"aunits":null,"prog":null,"pop":null,"reac":null,"expires":null,"rentassist":null},"geometry":{"type":"Point","coordinates":[-81.541566999769998,41.054843999234997]}},
{"type":"Feature","properties":{"kind":"ph","name":"Scattered Sites","owner":"Akron Metropolitan Housing Authority","addr":"898 Hardesty Blvd","city":"Akron","units":1,"btype":"single-family house","status":null,"built":1938,"rad":null,"eld":-4,"dis":-4,"aunits":null,"prog":null,"pop":null,"reac":null,"expires":null,"rentassist":null},"geometry":{"type":"Point","coordinates":[-81.563180000178605,41.081190999101203]}},
{"type":"Feature","properties":{"kind":"ph","name":"Scattered Sites","owner":"Akron Metropolitan Housing Authority","addr":"2946 Stockton St","city":"Akron","units":1,"btype":"single-family house","status":null,"built":1958,"rad":null,"eld":-4,"dis":-4,"aunits":null,"prog":null,"pop":null,"reac":null,"expires":null,"rentassist":null},"geometry":{"type":"Point","coordinates":[-81.559541000421106,41.023133999126898]}},
{"type":"Feature","properties":{"kind":"ph","name":"Cascade Village South","owner":"Akron Metropolitan Housing Authority","addr":"124 E North St","city":"Akron","units":3,"btype":"row / townhouse","status":null,"built":2008,"rad":null,"eld":-4,"dis":-4,"aunits":null,"prog":null,"pop":null,"reac":null,"expires":null,"rentassist":null},"geometry":{"type":"Point","coordinates":[-81.5117870000919,41.090500999050597]}},
{"type":"Feature","properties":{"kind":"ph","name":"SCRANTON WOODS/CLOVERDALE","owner":"Geauga Metropolitian Housing Authority","addr":"16774 Dayton St","city":"Chagrin Falls","units":2,"btype":"semi-detached / duplex","status":null,"built":1982,"rad":null,"eld":-4,"dis":-4,"aunits":null,"prog":null,"pop":null,"reac":null,"expires":null,"rentassist":null},"geometry":{"type":"Point","coordinates":[-81.388370999873899,41.413509999030701]}},
{"type":"Feature","properties":{"kind":"ph","name":"Scattered Sites","owner":"Akron Metropolitan Housing Authority","addr":"1079 Yukon Ave","city":"Akron","units":1,"btype":"single-family house","status":null,"built":null,"rad":null,"eld":-4,"dis":-4,"aunits":null,"prog":null,"pop":null,"reac":null,"expires":null,"rentassist":null},"geometry":{"type":"Point","coordinates":[-81.578690999983706,41.080710999258898]}},
{"type":"Feature","properties":{"kind":"ph","name":"Scattered Sites","owner":"Akron Metropolitan Housing Authority","addr":"1111 Pickford Ave","city":"Akron","units":1,"btype":"single-family house","status":null,"built":null,"rad":null,"eld":-4,"dis":-4,"aunits":null,"prog":null,"pop":null,"reac":null,"expires":null,"rentassist":null},"geometry":{"type":"Point","coordinates":[-81.576802000146401,41.079439998785602]}},
{"type":"Feature","properties":{"kind":"ph","name":"Scattered Sites","owner":"Akron Metropolitan Housing Authority","addr":"477 Ardella Ave","city":"Akron","units":1,"btype":"single-family house","status":null,"built":null,"rad":null,"eld":-4,"dis":-4,"aunits":null,"prog":null,"pop":null,"reac":null,"expires":null,"rentassist":null},"geometry":{"type":"Point","coordinates":[-81.485457999850198,41.054566999199302]}},
{"type":"Feature","properties":{"kind":"ph","name":"Scattered Sites","owner":"Akron Metropolitan Housing Authority","addr":"2804 Fairview Pl","city":"Cuyahoga Falls","units":1,"btype":"single-family house","status":null,"built":1919,"rad":null,"eld":-4,"dis":-4,"aunits":null,"prog":null,"pop":null,"reac":null,"expires":null,"rentassist":null},"geometry":{"type":"Point","coordinates":[-81.489258000164398,41.148917998939801]}},
{"type":"Feature","properties":{"kind":"ph","name":"Scattered Sites","owner":"Akron Metropolitan Housing Authority","addr":"197 E Lods St","city":"Akron","units":1,"btype":"single-family house","status":null,"built":null,"rad":null,"eld":-4,"dis":-4,"aunits":null,"prog":null,"pop":null,"reac":null,"expires":null,"rentassist":null},"geometry":{"type":"Point","coordinates":[-81.509006999951794,41.092257998887803]}},
{"type":"Feature","properties":{"kind":"ph","name":"Scattered Sites","owner":"Akron Metropolitan Housing Authority","addr":"1028 Independence Ave","city":"Akron","units":6,"btype":"row / townhouse","status":null,"built":1973,"rad":null,"eld":-4,"dis":-4,"aunits":null,"prog":null,"pop":null,"reac":null,"expires":null,"rentassist":null},"geometry":{"type":"Point","coordinates":[-81.477560000194103,41.1106859990891]}},
{"type":"Feature","properties":{"kind":"ph","name":"OBERLIN HOMES","owner":"Lorain Metropolitan Housing Authority","addr":"1511 E 30th St Apt","city":"Lorain","units":4,"btype":"row / townhouse","status":"demolition/disposition proposed","built":1973,"rad":"PBV","eld":-4,"dis":-4,"aunits":null,"prog":null,"pop":null,"reac":null,"expires":null,"rentassist":null},"geometry":{"type":"Point","coordinates":[-82.146562000376605,41.443280999048298]}},
{"type":"Feature","properties":{"kind":"ph","name":"Scattered Sites","owner":"Akron Metropolitan Housing Authority","addr":"581 Noble Ave","city":"Akron","units":1,"btype":"single-family house","status":null,"built":null,"rad":null,"eld":-4,"dis":-4,"aunits":null,"prog":null,"pop":null,"reac":null,"expires":null,"rentassist":null},"geometry":{"type":"Point","coordinates":[-81.553730999895706,41.081627999252298]}},
{"type":"Feature","properties":{"kind":"ph","name":"SUMMIT LAKE","owner":"Akron Metropolitan Housing Authority","addr":"176 W Crosier St","city":"Akron","units":2,"btype":"semi-detached / duplex","status":null,"built":2013,"rad":null,"eld":-4,"dis":-4,"aunits":null,"prog":null,"pop":null,"reac":null,"expires":null,"rentassist":null},"geometry":{"type":"Point","coordinates":[-81.534822000357593,41.059396999248598]}},
{"type":"Feature","properties":{"kind":"ph","name":"Heritage Homes I (former Garden Valley)","owner":"Cuyahoga Metropolitan Housing Authority","addr":"6968 Anita Kennedy Rd SE","city":"Cleveland","units":5,"btype":"row / townhouse","status":null,"built":2010,"rad":null,"eld":-4,"dis":-4,"aunits":null,"prog":null,"pop":null,"reac":null,"expires":null,"rentassist":null},"geometry":{"type":"Point","coordinates":[-81.641362999741204,41.4801299987422]}},
{"type":"Feature","properties":{"kind":"ph","name":"EASTSIDE","owner":"Cuyahoga Metropolitan Housing Authority","addr":"2513 Woodhill Rd Apt A","city":"Cleveland","units":8,"btype":"row / townhouse","status":"demolition/disposition approved","built":1940,"rad":null,"eld":-4,"dis":-4,"aunits":null,"prog":null,"pop":null,"reac":null,"expires":null,"rentassist":null},"geometry":{"type":"Point","coordinates":[-81.613493999641705,41.491096998879897]}},
{"type":"Feature","properties":{"kind":"ph","name":"SOUTHEAST","owner":"Cuyahoga Metropolitan Housing Authority","addr":"3566 E 105th St","city":"Cleveland","units":1,"btype":"single-family house","status":null,"built":null,"rad":null,"eld":-4,"dis":-4,"aunits":null,"prog":null,"pop":null,"reac":null,"expires":null,"rentassist":null},"geometry":{"type":"Point","coordinates":[-81.611802000346202,41.4621889989237]}},
{"type":"Feature","properties":{"kind":"ph","name":"Mohawk","owner":"Akron Metropolitan Housing Authority","addr":"54 Safer Plz","city":"Akron","units":4,"btype":"row / townhouse","status":null,"built":1970,"rad":null,"eld":-4,"dis":-4,"aunits":null,"prog":null,"pop":null,"reac":null,"expires":null,"rentassist":null},"geometry":{"type":"Point","coordinates":[-81.489386000210999,41.022916999387597]}},
{"type":"Feature","properties":{"kind":"ph","name":"EASTSIDE","owner":"Cuyahoga Metropolitan Housing Authority","addr":"2532 Baldwin Rd Apt A","city":"Cleveland","units":4,"btype":"row / townhouse","status":"demolition/disposition approved","built":1940,"rad":null,"eld":-4,"dis":-4,"aunits":null,"prog":null,"pop":null,"reac":null,"expires":null,"rentassist":null},"geometry":{"type":"Point","coordinates":[-81.611982000271198,41.490054998823098]}},
{"type":"Feature","properties":{"kind":"ph","name":"OBERLIN HOMES","owner":"Lorain Metropolitan Housing Authority","addr":"5039 Clifton Ave Apt","city":"Lorain","units":1,"btype":"single-family house","status":null,"built":1997,"rad":null,"eld":-4,"dis":-4,"aunits":null,"prog":null,"pop":null,"reac":null,"expires":null,"rentassist":null},"geometry":{"type":"Point","coordinates":[-82.155948000012003,41.4211639994002]}},
{"type":"Feature","properties":{"kind":"ph","name":"Mohawk","owner":"Akron Metropolitan Housing Authority","addr":"57 Safer Plz","city":"Akron","units":6,"btype":"row / townhouse","status":null,"built":1970,"rad":null,"eld":-4,"dis":-4,"aunits":null,"prog":null,"pop":null,"reac":null,"expires":null,"rentassist":null},"geometry":{"type":"Point","coordinates":[-81.489296999624202,41.023872998965402]}},
{"type":"Feature","properties":{"kind":"ph","name":"Mohawk","owner":"Akron Metropolitan Housing Authority","addr":"15 Safer Plz","city":"Akron","units":4,"btype":"row / townhouse","status":null,"built":1970,"rad":null,"eld":-4,"dis":-4,"aunits":null,"prog":null,"pop":null,"reac":null,"expires":null,"rentassist":null},"geometry":{"type":"Point","coordinates":[-81.489203999737796,41.023347999209498]}},
{"type":"Feature","properties":{"kind":"ph","name":"Joy Park","owner":"Akron Metropolitan Housing Authority","addr":"1265 Minson Way","city":"Akron","units":2,"btype":"semi-detached / duplex","status":null,"built":1970,"rad":null,"eld":-4,"dis":-4,"aunits":null,"prog":null,"pop":null,"reac":null,"expires":null,"rentassist":null},"geometry":{"type":"Point","coordinates":[-81.484779000157801,41.054494999077299]}},
{"type":"Feature","properties":{"kind":"ph","name":"Joy Park","owner":"Akron Metropolitan Housing Authority","addr":"1430 Minson Way","city":"Akron","units":4,"btype":"row / townhouse","status":null,"built":1970,"rad":null,"eld":-4,"dis":-4,"aunits":null,"prog":null,"pop":null,"reac":null,"expires":null,"rentassist":null},"geometry":{"type":"Point","coordinates":[-81.482996999552299,41.056991999357898]}},
{"type":"Feature","properties":{"kind":"ph","name":"LEAVITT HOMES","owner":"Lorain Metropolitan Housing Authority","addr":"3923 Oxford Dr Apt","city":"Lorain","units":1,"btype":"single-family house","status":null,"built":1996,"rad":null,"eld":-4,"dis":-4,"aunits":null,"prog":null,"pop":null,"reac":null,"expires":null,"rentassist":null},"geometry":{"type":"Point","coordinates":[-82.212783000378195,41.434863998951101]}},
{"type":"Feature","properties":{"kind":"ph","name":"SOUTHEAST","owner":"Cuyahoga Metropolitan Housing Authority","addr":"886 Alhambra Rd","city":"Cleveland","units":1,"btype":"single-family house","status":null,"built":null,"rad":null,"eld":-4,"dis":-4,"aunits":null,"prog":null,"pop":null,"reac":null,"expires":null,"rentassist":null},"geometry":{"type":"Point","coordinates":[-81.565021000335406,41.557059998746603]}},
{"type":"Feature","properties":{"kind":"ph","name":"OUTHWAITE","owner":"Cuyahoga Metropolitan Housing Authority","addr":"4855 Woodland Ave","city":"Cleveland","units":10,"btype":"row / townhouse","status":null,"built":1942,"rad":null,"eld":-4,"dis":-4,"aunits":null,"prog":null,"pop":null,"reac":null,"expires":null,"rentassist":null},"geometry":{"type":"Point","coordinates":[-81.655081999793396,41.488845999226598]}},
{"type":"Feature","properties":{"kind":"ph","name":"KING KENNEDY","owner":"Cuyahoga Metropolitan Housing Authority","addr":"2548 Park Midway St Apt A","city":"Cleveland","units":6,"btype":"row / townhouse","status":null,"built":1970,"rad":null,"eld":-4,"dis":-4,"aunits":null,"prog":null,"pop":null,"reac":null,"expires":null,"rentassist":null},"geometry":{"type":"Point","coordinates":[-81.647448999552907,41.488877998982304]}},
{"type":"Feature","properties":{"kind":"ph","name":"Scattered Sites","owner":"Akron Metropolitan Housing Authority","addr":"427 S Hawkins Ave","city":"Akron","units":8,"btype":"walk-up apartments","status":null,"built":1949,"rad":null,"eld":-4,"dis":-4,"aunits":null,"prog":null,"pop":null,"reac":null,"expires":null,"rentassist":null},"geometry":{"type":"Point","coordinates":[-81.569106999981599,41.097952998943001]}},
{"type":"Feature","properties":{"kind":"ph","name":"Edgewood Village 4","owner":"Akron Metropolitan Housing Authority","addr":"735 Raymond St","city":"Akron","units":1,"btype":"single-family house","status":null,"built":null,"rad":null,"eld":-4,"dis":-4,"aunits":null,"prog":null,"pop":null,"reac":null,"expires":null,"rentassist":null},"geometry":{"type":"Point","coordinates":[-81.541714000083104,41.074796999391303]}},
{"type":"Feature","properties":{"kind":"ph","name":"SOUTHEAST","owner":"Cuyahoga Metropolitan Housing Authority","addr":"7831 Worley Ave","city":"Cleveland","units":2,"btype":"semi-detached / duplex","status":"demolition/disposition proposed","built":null,"rad":"PBRA","eld":-4,"dis":-4,"aunits":null,"prog":null,"pop":null,"reac":null,"expires":null,"rentassist":null},"geometry":{"type":"Point","coordinates":[-81.632637000429895,41.452424999216099]}},
{"type":"Feature","properties":{"kind":"ph","name":"SOUTHEAST","owner":"Cuyahoga Metropolitan Housing Authority","addr":"1369 Ansel Rd","city":"Cleveland","units":2,"btype":"semi-detached / duplex","status":"demolition/disposition proposed","built":null,"rad":"PBRA","eld":-4,"dis":-4,"aunits":null,"prog":null,"pop":null,"reac":null,"expires":null,"rentassist":null},"geometry":{"type":"Point","coordinates":[-81.619985000407596,41.519606999010897]}},
{"type":"Feature","properties":{"kind":"ph","name":"WILKES-VILLA","owner":"Lorain Metropolitan Housing Authority","addr":"165 Erie St Apt","city":"Elyria","units":1,"btype":"single-family house","status":null,"built":1996,"rad":null,"eld":-4,"dis":-4,"aunits":null,"prog":null,"pop":null,"reac":null,"expires":null,"rentassist":null},"geometry":{"type":"Point","coordinates":[-82.115744999907506,41.375979998761203]}},
{"type":"Feature","properties":{"kind":"ph","name":"Mohawk","owner":"Akron Metropolitan Housing Authority","addr":"10 Safer Plz","city":"Akron","units":6,"btype":"row / townhouse","status":null,"built":1970,"rad":null,"eld":-4,"dis":-4,"aunits":null,"prog":null,"pop":null,"reac":null,"expires":null,"rentassist":null},"geometry":{"type":"Point","coordinates":[-81.489355000248807,41.023019998887598]}},
{"type":"Feature","properties":{"kind":"ph","name":"SCRANTON WOODS/CLOVERDALE","owner":"Geauga Metropolitian Housing Authority","addr":"15516 Cloverdale Dr","city":"Middlefield","units":2,"btype":"semi-detached / duplex","status":null,"built":1985,"rad":null,"eld":-4,"dis":-4,"aunits":null,"prog":null,"pop":null,"reac":null,"expires":null,"rentassist":null},"geometry":{"type":"Point","coordinates":[-81.088153999581806,41.452467999020499]}},
{"type":"Feature","properties":{"kind":"ph","name":"Scattered Sites","owner":"Akron Metropolitan Housing Authority","addr":"2885 Trenton Rd","city":"Akron","units":1,"btype":"single-family house","status":null,"built":1971,"rad":null,"eld":-4,"dis":-4,"aunits":null,"prog":null,"pop":null,"reac":null,"expires":null,"rentassist":null},"geometry":{"type":"Point","coordinates":[-81.426496999820202,41.047815998846502]}},
{"type":"Feature","properties":{"kind":"ph","name":"Scattered Sites","owner":"Akron Metropolitan Housing Authority","addr":"927 Work Dr","city":"Akron","units":1,"btype":"single-family house","status":null,"built":null,"rad":null,"eld":-4,"dis":-4,"aunits":null,"prog":null,"pop":null,"reac":null,"expires":null,"rentassist":null},"geometry":{"type":"Point","coordinates":[-81.549803000433201,41.0900429992504]}},
{"type":"Feature","properties":{"kind":"ph","name":"PINEWOOD GARDENS","owner":"Akron Metropolitan Housing Authority","addr":"8780 Ray Ct Apt 1","city":"Twinsburg","units":5,"btype":"walk-up apartments","status":null,"built":1980,"rad":null,"eld":-4,"dis":-4,"aunits":null,"prog":null,"pop":null,"reac":null,"expires":null,"rentassist":null},"geometry":{"type":"Point","coordinates":[-81.459168999791402,41.308858999339201]}},
{"type":"Feature","properties":{"kind":"ph","name":"Scattered Sites","owner":"Akron Metropolitan Housing Authority","addr":"1748 Alice Ave","city":"Akron","units":1,"btype":"single-family house","status":null,"built":1970,"rad":null,"eld":-4,"dis":-4,"aunits":null,"prog":null,"pop":null,"reac":null,"expires":null,"rentassist":null},"geometry":{"type":"Point","coordinates":[-81.479833999995904,41.112210999318002]}},
{"type":"Feature","properties":{"kind":"ph","name":"SUMMIT LAKE","owner":"Akron Metropolitan Housing Authority","addr":"1273 Roulhac Cir","city":"Akron","units":1,"btype":"single-family house","status":null,"built":1999,"rad":null,"eld":-4,"dis":-4,"aunits":null,"prog":null,"pop":null,"reac":null,"expires":null,"rentassist":null},"geometry":{"type":"Point","coordinates":[-81.556643000280303,41.069019998773697]}},
{"type":"Feature","properties":{"kind":"ph","name":"SUMMIT LAKE","owner":"Akron Metropolitan Housing Authority","addr":"70 Botnick Plz","city":"Akron","units":24,"btype":"row / townhouse","status":null,"built":1965,"rad":null,"eld":0,"dis":8,"aunits":null,"prog":null,"pop":null,"reac":null,"expires":null,"rentassist":null},"geometry":{"type":"Point","coordinates":[-81.542429999585394,41.056821998963102]}},
{"type":"Feature","properties":{"kind":"ph","name":"DOWNTOWN","owner":"Cuyahoga Metropolitan Housing Authority","addr":"2728 Division Ave","city":"Cleveland","units":8,"btype":"walk-up apartments","status":null,"built":1937,"rad":null,"eld":-4,"dis":-4,"aunits":null,"prog":null,"pop":null,"reac":null,"expires":null,"rentassist":null},"geometry":{"type":"Point","coordinates":[-81.710695000319006,41.492901998742802]}},
{"type":"Feature","properties":{"kind":"ph","name":"CEDAR CENTRAL","owner":"Cuyahoga Metropolitan Housing Authority","addr":"2701 Central Ave","city":"Cleveland","units":33,"btype":"walk-up apartments","status":null,"built":1935,"rad":null,"eld":0,"dis":8,"aunits":null,"prog":null,"pop":null,"reac":null,"expires":null,"rentassist":null},"geometry":{"type":"Point","coordinates":[-81.666470999967302,41.497080999243401]}},
{"type":"Feature","properties":{"kind":"ph","name":"DOWNTOWN","owner":"Cuyahoga Metropolitan Housing Authority","addr":"2640 Loop Dr","city":"Cleveland","units":4,"btype":"row / townhouse","status":null,"built":1937,"rad":null,"eld":-4,"dis":-4,"aunits":null,"prog":null,"pop":null,"reac":null,"expires":null,"rentassist":null},"geometry":{"type":"Point","coordinates":[-81.711015999811096,41.493869998779999]}},
{"type":"Feature","properties":{"kind":"ph","name":"OBERLIN HOMES","owner":"Lorain Metropolitan Housing Authority","addr":"1650 E 30th St Apt","city":"Lorain","units":1,"btype":"single-family house","status":"demolition/disposition proposed","built":1972,"rad":"PBV","eld":-4,"dis":-4,"aunits":null,"prog":null,"pop":null,"reac":null,"expires":null,"rentassist":null},"geometry":{"type":"Point","coordinates":[-82.142335000265007,41.443288998888796]}},
{"type":"Feature","properties":{"kind":"ph","name":"SCRANTON WOODS/CLOVERDALE","owner":"Geauga Metropolitian Housing Authority","addr":"16711 Medina St","city":"Chagrin Falls","units":4,"btype":"row / townhouse","status":null,"built":1982,"rad":null,"eld":-4,"dis":-4,"aunits":null,"prog":null,"pop":null,"reac":null,"expires":null,"rentassist":null},"geometry":{"type":"Point","coordinates":[-81.381567999836804,41.415150999030203]}},
{"type":"Feature","properties":{"kind":"ph","name":"OBERLIN HOMES","owner":"Lorain Metropolitan Housing Authority","addr":"5037 Clifton Ave Apt","city":"Lorain","units":1,"btype":"single-family house","status":null,"built":1997,"rad":null,"eld":-4,"dis":-4,"aunits":null,"prog":null,"pop":null,"reac":null,"expires":null,"rentassist":null},"geometry":{"type":"Point","coordinates":[-82.155948000012003,41.4211639994002]}},
{"type":"Feature","properties":{"kind":"ph","name":"OUTHWAITE","owner":"Cuyahoga Metropolitan Housing Authority","addr":"4615 Woodland Ave","city":"Cleveland","units":15,"btype":"walk-up apartments","status":null,"built":1942,"rad":null,"eld":8,"dis":13,"aunits":null,"prog":null,"pop":null,"reac":null,"expires":null,"rentassist":null},"geometry":{"type":"Point","coordinates":[-81.656128999731806,41.489050998859902]}},
{"type":"Feature","properties":{"kind":"ph","name":"VAN BUREN HOMES","owner":"Akron Metropolitan Housing Authority","addr":"364 Pasadena Pl","city":"Barberton","units":4,"btype":"row / townhouse","status":null,"built":1972,"rad":null,"eld":-4,"dis":-4,"aunits":null,"prog":null,"pop":null,"reac":null,"expires":null,"rentassist":null},"geometry":{"type":"Point","coordinates":[-81.599090000049401,41.005148999051897]}},
{"type":"Feature","properties":{"kind":"ph","name":"Scattered Sites","owner":"Akron Metropolitan Housing Authority","addr":"893 Russell Ave","city":"Akron","units":1,"btype":"single-family house","status":null,"built":1946,"rad":null,"eld":-4,"dis":-4,"aunits":null,"prog":null,"pop":null,"reac":null,"expires":null,"rentassist":null},"geometry":{"type":"Point","coordinates":[-81.560184000128501,41.061703998862498]}},
{"type":"Feature","properties":{"kind":"ph","name":"Riverview Replacement","owner":"Cuyahoga Metropolitan Housing Authority","addr":"3167 W 52nd St","city":"Cleveland","units":1,"btype":"single-family house","status":null,"built":1956,"rad":null,"eld":-4,"dis":-4,"aunits":null,"prog":null,"pop":null,"reac":null,"expires":null,"rentassist":null},"geometry":{"type":"Point","coordinates":[-81.722072999723906,41.468028998740898]}},
{"type":"Feature","properties":{"kind":"ph","name":"COLONIAL HILLS","owner":"Akron Metropolitan Housing Authority","addr":"43 Colonial Hills Dr","city":"Akron","units":6,"btype":"row / townhouse","status":null,"built":1967,"rad":null,"eld":-4,"dis":-4,"aunits":null,"prog":null,"pop":null,"reac":null,"expires":null,"rentassist":null},"geometry":{"type":"Point","coordinates":[-81.501778999767197,41.106898998814501]}},
{"type":"Feature","properties":{"kind":"ph","name":"LAKEVIEW PLAZA","owner":"Lorain Metropolitan Housing Authority","addr":"108 W 18th St Apt","city":"Lorain","units":4,"btype":"row / townhouse","status":null,"built":1966,"rad":null,"eld":-4,"dis":-4,"aunits":null,"prog":null,"pop":null,"reac":null,"expires":null,"rentassist":null},"geometry":{"type":"Point","coordinates":[-82.167310000421693,41.454191999388499]}},
{"type":"Feature","properties":{"kind":"ph","name":"OBERLIN HOMES","owner":"Lorain Metropolitan Housing Authority","addr":"4971 Clifton Ave Apt","city":"Lorain","units":1,"btype":"single-family house","status":null,"built":1997,"rad":null,"eld":-4,"dis":-4,"aunits":null,"prog":null,"pop":null,"reac":null,"expires":null,"rentassist":null},"geometry":{"type":"Point","coordinates":[-82.156179999815606,41.422692999149497]}},
{"type":"Feature","properties":{"kind":"ph","name":"SCRANTON WOODS/CLOVERDALE","owner":"Geauga Metropolitian Housing Authority","addr":"15481 Cloverdale Dr","city":"Middlefield","units":2,"btype":"semi-detached / duplex","status":null,"built":1985,"rad":null,"eld":-4,"dis":-4,"aunits":null,"prog":null,"pop":null,"reac":null,"expires":null,"rentassist":null},"geometry":{"type":"Point","coordinates":[-81.088660999745002,41.452139999306702]}},
{"type":"Feature","properties":{"kind":"ph","name":"Scattered Sites","owner":"Akron Metropolitan Housing Authority","addr":"887 Garfield St","city":"Akron","units":1,"btype":"single-family house","status":null,"built":null,"rad":null,"eld":-4,"dis":-4,"aunits":null,"prog":null,"pop":null,"reac":null,"expires":null,"rentassist":null},"geometry":{"type":"Point","coordinates":[-81.520299000041206,41.1099399991148]}},
{"type":"Feature","properties":{"kind":"ph","name":"WILKES-VILLA","owner":"Lorain Metropolitan Housing Authority","addr":"230 Jackson Ave Apt","city":"Elyria","units":1,"btype":"single-family house","status":null,"built":1996,"rad":null,"eld":-4,"dis":-4,"aunits":null,"prog":null,"pop":null,"reac":null,"expires":null,"rentassist":null},"geometry":{"type":"Point","coordinates":[-82.113685000365905,41.379508999391597]}},
{"type":"Feature","properties":{"kind":"ph","name":"Riverview Replacement","owner":"Cuyahoga Metropolitan Housing Authority","addr":"3220 W 82nd St","city":"Cleveland","units":1,"btype":"single-family house","status":"demolition/disposition approved","built":1919,"rad":null,"eld":-4,"dis":-4,"aunits":null,"prog":null,"pop":null,"reac":null,"expires":null,"rentassist":null},"geometry":{"type":"Point","coordinates":[-81.7416049997763,41.466201998787703]}},
{"type":"Feature","properties":{"kind":"ph","name":"Heritage Homes III (former Garden Valley","owner":"Cuyahoga Metropolitan Housing Authority","addr":"7217 Rouse Ave","city":"Cleveland","units":3,"btype":"row / townhouse","status":null,"built":2012,"rad":null,"eld":-4,"dis":-4,"aunits":null,"prog":null,"pop":null,"reac":null,"expires":null,"rentassist":null},"geometry":{"type":"Point","coordinates":[-81.638787999640599,41.476738999108697]}},
{"type":"Feature","properties":{"kind":"ph","name":"KING KENNEDY","owner":"Cuyahoga Metropolitan Housing Authority","addr":"2581 Park Midway St Apt A","city":"Cleveland","units":12,"btype":"row / townhouse","status":null,"built":1970,"rad":null,"eld":-4,"dis":-4,"aunits":null,"prog":null,"pop":null,"reac":null,"expires":null,"rentassist":null},"geometry":{"type":"Point","coordinates":[-81.646999000189396,41.488376999185299]}},
{"type":"Feature","properties":{"kind":"ph","name":"OBERLIN HOMES","owner":"Lorain Metropolitan Housing Authority","addr":"4921 Vincent Ave Apt","city":"Lorain","units":1,"btype":"single-family house","status":null,"built":1997,"rad":null,"eld":-4,"dis":-4,"aunits":null,"prog":null,"pop":null,"reac":null,"expires":null,"rentassist":null},"geometry":{"type":"Point","coordinates":[-82.117001000083206,41.423741998781203]}},
{"type":"Feature","properties":{"kind":"ph","name":"Riverview Replacement","owner":"Cuyahoga Metropolitan Housing Authority","addr":"3857 W 39th St","city":"Cleveland","units":1,"btype":"single-family house","status":null,"built":null,"rad":null,"eld":-4,"dis":-4,"aunits":null,"prog":null,"pop":null,"reac":null,"expires":null,"rentassist":null},"geometry":{"type":"Point","coordinates":[-81.7112929998205,41.450522999100102]}},
{"type":"Feature","properties":{"kind":"ph","name":"Scattered Sites","owner":"Akron Metropolitan Housing Authority","addr":"957 Wyley Ave","city":"Akron","units":1,"btype":"single-family house","status":null,"built":null,"rad":null,"eld":-4,"dis":-4,"aunits":null,"prog":null,"pop":null,"reac":null,"expires":null,"rentassist":null},"geometry":{"type":"Point","coordinates":[-81.491664000210704,41.048512999128199]}},
{"type":"Feature","properties":{"kind":"ph","name":"BUCHTEL/COTTER","owner":"Akron Metropolitan Housing Authority","addr":"50 Cotter Ave","city":"Akron","units":62,"btype":"elevator high-rise","status":null,"built":1969,"rad":null,"eld":40,"dis":77,"aunits":null,"prog":null,"pop":null,"reac":null,"expires":null,"rentassist":null},"geometry":{"type":"Point","coordinates":[-81.496101000384499,41.078021998841301]}},
{"type":"Feature","properties":{"kind":"ph","name":"HONEY LOCUST GARDEN","owner":"Akron Metropolitan Housing Authority","addr":"3443 Prange Dr","city":"Cuyahoga Falls","units":6,"btype":"walk-up apartments","status":null,"built":1981,"rad":null,"eld":-4,"dis":-4,"aunits":null,"prog":null,"pop":null,"reac":null,"expires":null,"rentassist":null},"geometry":{"type":"Point","coordinates":[-81.5011150001435,41.1561419989265]}},
{"type":"Feature","properties":{"kind":"ph","name":"Scattered Sites","owner":"Akron Metropolitan Housing Authority","addr":"1067 Winton Ave","city":"Akron","units":1,"btype":"single-family house","status":null,"built":null,"rad":null,"eld":-4,"dis":-4,"aunits":null,"prog":null,"pop":null,"reac":null,"expires":null,"rentassist":null},"geometry":{"type":"Point","coordinates":[-81.560740999622098,41.075359999099597]}},
{"type":"Feature","properties":{"kind":"ph","name":"Heritage Homes I (former Garden Valley)","owner":"Cuyahoga Metropolitan Housing Authority","addr":"2861 Sidaway Ave","city":"Cleveland","units":3,"btype":"row / townhouse","status":null,"built":2010,"rad":null,"eld":-4,"dis":-4,"aunits":null,"prog":null,"pop":null,"reac":null,"expires":null,"rentassist":null},"geometry":{"type":"Point","coordinates":[-81.641181000166398,41.480720999214199]}},
{"type":"Feature","properties":{"kind":"ph","name":"Scattered Sites","owner":"Akron Metropolitan Housing Authority","addr":"664 Roscoe Ave","city":"Akron","units":1,"btype":"single-family house","status":null,"built":1970,"rad":null,"eld":-4,"dis":-4,"aunits":null,"prog":null,"pop":null,"reac":null,"expires":null,"rentassist":null},"geometry":{"type":"Point","coordinates":[-81.486955999875207,41.053809998867798]}},
{"type":"Feature","properties":{"kind":"ph","name":"Scattered Sites","owner":"Akron Metropolitan Housing Authority","addr":"1117 Frederick Blvd","city":"Akron","units":1,"btype":"single-family house","status":null,"built":null,"rad":null,"eld":-4,"dis":-4,"aunits":null,"prog":null,"pop":null,"reac":null,"expires":null,"rentassist":null},"geometry":{"type":"Point","coordinates":[-81.572621000065595,41.078914999392701]}},
{"type":"Feature","properties":{"kind":"ph","name":"East Side Neighborhood Homes","owner":"Cuyahoga Metropolitan Housing Authority","addr":"7606 Colfax Rd","city":"Cleveland","units":1,"btype":"single-family house","status":null,"built":2005,"rad":null,"eld":-4,"dis":-4,"aunits":null,"prog":null,"pop":null,"reac":null,"expires":null,"rentassist":null},"geometry":{"type":"Point","coordinates":[-81.635178000195395,41.479587998823398]}},
{"type":"Feature","properties":{"kind":"ph","name":"Scattered Sites","owner":"Akron Metropolitan Housing Authority","addr":"1212 Hardesty Blvd","city":"Akron","units":1,"btype":"single-family house","status":null,"built":null,"rad":null,"eld":-4,"dis":-4,"aunits":null,"prog":null,"pop":null,"reac":null,"expires":null,"rentassist":null},"geometry":{"type":"Point","coordinates":[-81.563502000393896,41.072662999200702]}},
{"type":"Feature","properties":{"kind":"ph","name":"Bon Sue","owner":"Akron Metropolitan Housing Authority","addr":"38 April Ct","city":"Akron","units":8,"btype":"row / townhouse","status":null,"built":1970,"rad":null,"eld":-4,"dis":-4,"aunits":null,"prog":null,"pop":null,"reac":null,"expires":null,"rentassist":null},"geometry":{"type":"Point","coordinates":[-81.562812999757497,41.062287998751003]}},
{"type":"Feature","properties":{"kind":"ph","name":"Scattered Sites","owner":"Akron Metropolitan Housing Authority","addr":"221 Lake St","city":"Akron","units":1,"btype":"single-family house","status":null,"built":1912,"rad":null,"eld":-4,"dis":-4,"aunits":null,"prog":null,"pop":null,"reac":null,"expires":null,"rentassist":null},"geometry":{"type":"Point","coordinates":[-81.536767000271396,41.0552089990612]}},
{"type":"Feature","properties":{"kind":"ph","name":"Scattered Sites","owner":"Akron Metropolitan Housing Authority","addr":"675 Copley Rd Apt A","city":"Akron","units":4,"btype":"row / townhouse","status":null,"built":1953,"rad":null,"eld":-4,"dis":-4,"aunits":null,"prog":null,"pop":null,"reac":null,"expires":null,"rentassist":null},"geometry":{"type":"Point","coordinates":[-81.546188999891797,41.084308999144298]}},
{"type":"Feature","properties":{"kind":"ph","name":"Scattered Sites","owner":"Akron Metropolitan Housing Authority","addr":"284 Madison Ave","city":"Akron","units":2,"btype":"semi-detached / duplex","status":null,"built":null,"rad":null,"eld":-4,"dis":-4,"aunits":null,"prog":null,"pop":null,"reac":null,"expires":null,"rentassist":null},"geometry":{"type":"Point","coordinates":[-81.550833999579794,41.090275998811499]}},
{"type":"Feature","properties":{"kind":"ph","name":"SCRANTON WOODS/CLOVERDALE","owner":"Geauga Metropolitian Housing Authority","addr":"15526 Cloverdale Dr","city":"Middlefield","units":2,"btype":"semi-detached / duplex","status":null,"built":1985,"rad":null,"eld":-4,"dis":-4,"aunits":null,"prog":null,"pop":null,"reac":null,"expires":null,"rentassist":null},"geometry":{"type":"Point","coordinates":[-81.087766999967599,41.452468998858997]}},
{"type":"Feature","properties":{"kind":"ph","name":"FAR WEST","owner":"Cuyahoga Metropolitan Housing Authority","addr":"3025 W 116th St","city":"Cleveland","units":2,"btype":"semi-detached / duplex","status":"demolition/disposition draft","built":null,"rad":null,"eld":-4,"dis":-4,"aunits":null,"prog":null,"pop":null,"reac":null,"expires":null,"rentassist":null},"geometry":{"type":"Point","coordinates":[-81.7675180000914,41.469688999204003]}},
{"type":"Feature","properties":{"kind":"ph","name":"SUMMIT LAKE","owner":"Akron Metropolitan Housing Authority","addr":"36 W Bartges St","city":"Akron","units":8,"btype":"row / townhouse","status":null,"built":1982,"rad":null,"eld":-4,"dis":-4,"aunits":null,"prog":null,"pop":null,"reac":null,"expires":null,"rentassist":null},"geometry":{"type":"Point","coordinates":[-81.527343999927695,41.069333999295601]}},
{"type":"Feature","properties":{"kind":"ph","name":"KING KENNEDY","owner":"Cuyahoga Metropolitan Housing Authority","addr":"2551 Park Midway St Apt A","city":"Cleveland","units":6,"btype":"row / townhouse","status":null,"built":1970,"rad":null,"eld":-4,"dis":-4,"aunits":null,"prog":null,"pop":null,"reac":null,"expires":null,"rentassist":null},"geometry":{"type":"Point","coordinates":[-81.647010999884998,41.488851998929697]}},
{"type":"Feature","properties":{"kind":"ph","name":"Scattered Sites","owner":"Akron Metropolitan Housing Authority","addr":"988 Nome Ave","city":"Akron","units":1,"btype":"single-family house","status":null,"built":null,"rad":null,"eld":-4,"dis":-4,"aunits":null,"prog":null,"pop":null,"reac":null,"expires":null,"rentassist":null},"geometry":{"type":"Point","coordinates":[-81.570795999802399,41.082915999009799]}},
{"type":"Feature","properties":{"kind":"ph","name":"Cascade Village East/West","owner":"Akron Metropolitan Housing Authority","addr":"291 E North St","city":"Akron","units":3,"btype":"row / townhouse","status":null,"built":2009,"rad":null,"eld":-4,"dis":-4,"aunits":null,"prog":null,"pop":null,"reac":null,"expires":null,"rentassist":null},"geometry":{"type":"Point","coordinates":[-81.506371999576601,41.089546999135599]}},
{"type":"Feature","properties":{"kind":"ph","name":"Scattered Sites","owner":"Akron Metropolitan Housing Authority","addr":"485 Orlando Ave","city":"Akron","units":1,"btype":"single-family house","status":null,"built":1929,"rad":null,"eld":-4,"dis":-4,"aunits":null,"prog":null,"pop":null,"reac":null,"expires":null,"rentassist":null},"geometry":{"type":"Point","coordinates":[-81.567945000415506,41.095478998988597]}},
{"type":"Feature","properties":{"kind":"ph","name":"LAKEVIEW PLAZA","owner":"Lorain Metropolitan Housing Authority","addr":"1730 Broadway","city":"Lorain","units":145,"btype":"elevator high-rise","status":null,"built":1966,"rad":null,"eld":28,"dis":53,"aunits":null,"prog":null,"pop":null,"reac":null,"expires":null,"rentassist":null},"geometry":{"type":"Point","coordinates":[-82.1668450000913,41.454658998768302]}},
{"type":"Feature","properties":{"kind":"ph","name":"Joy Park","owner":"Akron Metropolitan Housing Authority","addr":"1298 Minson Way","city":"Akron","units":6,"btype":"row / townhouse","status":null,"built":1970,"rad":null,"eld":-4,"dis":-4,"aunits":null,"prog":null,"pop":null,"reac":null,"expires":null,"rentassist":null},"geometry":{"type":"Point","coordinates":[-81.482996999552299,41.057044998948903]}},
{"type":"Feature","properties":{"kind":"ph","name":"Scattered Sites","owner":"Akron Metropolitan Housing Authority","addr":"1416 Honodle Ave","city":"Akron","units":1,"btype":"single-family house","status":null,"built":1972,"rad":null,"eld":-4,"dis":-4,"aunits":null,"prog":null,"pop":null,"reac":null,"expires":null,"rentassist":null},"geometry":{"type":"Point","coordinates":[-81.4717079998359,41.074348998729597]}},
{"type":"Feature","properties":{"kind":"ph","name":"Scattered Sites","owner":"Akron Metropolitan Housing Authority","addr":"1107 Pickford Ave","city":"Akron","units":1,"btype":"single-family house","status":null,"built":null,"rad":null,"eld":-4,"dis":-4,"aunits":null,"prog":null,"pop":null,"reac":null,"expires":null,"rentassist":null},"geometry":{"type":"Point","coordinates":[-81.576801000321495,41.079548998752998]}},
{"type":"Feature","properties":{"kind":"ph","name":"OUTHWAITE","owner":"Cuyahoga Metropolitan Housing Authority","addr":"2535 E 51st St","city":"Cleveland","units":45,"btype":"row / townhouse","status":null,"built":1937,"rad":null,"eld":10,"dis":9,"aunits":null,"prog":null,"pop":null,"reac":null,"expires":null,"rentassist":null},"geometry":{"type":"Point","coordinates":[-81.653663000309393,41.485991998750798]}},
{"type":"Feature","properties":{"kind":"ph","name":"OBERLIN HOMES","owner":"Lorain Metropolitan Housing Authority","addr":"5096 Liberty Ave Apt","city":"Lorain","units":1,"btype":"single-family house","status":null,"built":1997,"rad":null,"eld":-4,"dis":-4,"aunits":null,"prog":null,"pop":null,"reac":null,"expires":null,"rentassist":null},"geometry":{"type":"Point","coordinates":[-82.114955999711995,41.423043998829002]}},
{"type":"Feature","properties":{"kind":"ph","name":"Scattered Sites","owner":"Akron Metropolitan Housing Authority","addr":"1199 Hilltop Dr","city":"Akron","units":1,"btype":"single-family house","status":null,"built":1952,"rad":null,"eld":-4,"dis":-4,"aunits":null,"prog":null,"pop":null,"reac":null,"expires":null,"rentassist":null},"geometry":{"type":"Point","coordinates":[-81.494878999645707,41.109091999182297]}},
{"type":"Feature","properties":{"kind":"ph","name":"East Side Neighborhood Homes","owner":"Cuyahoga Metropolitan Housing Authority","addr":"2191 E 76th St","city":"Cleveland","units":1,"btype":"single-family house","status":null,"built":2005,"rad":null,"eld":-4,"dis":-4,"aunits":null,"prog":null,"pop":null,"reac":null,"expires":null,"rentassist":null},"geometry":{"type":"Point","coordinates":[-81.635907999941395,41.4984629988611]}},
{"type":"Feature","properties":{"kind":"ph","name":"Scattered Sites","owner":"Akron Metropolitan Housing Authority","addr":"1029 Reed Ave","city":"Akron","units":1,"btype":"single-family house","status":null,"built":1975,"rad":null,"eld":-4,"dis":-4,"aunits":null,"prog":null,"pop":null,"reac":null,"expires":null,"rentassist":null},"geometry":{"type":"Point","coordinates":[-81.489525999953003,41.042990998925198]}},
{"type":"Feature","properties":{"kind":"ph","name":"Edgewood Village South","owner":"Akron Metropolitan Housing Authority","addr":"436 Berry Ave","city":"Akron","units":3,"btype":"row / townhouse","status":null,"built":2012,"rad":null,"eld":-4,"dis":-4,"aunits":null,"prog":null,"pop":null,"reac":null,"expires":null,"rentassist":null},"geometry":{"type":"Point","coordinates":[-81.542036000298395,41.071362999099598]}},
{"type":"Feature","properties":{"kind":"ph","name":"Riverview Replacement","owner":"Cuyahoga Metropolitan Housing Authority","addr":"5101 Bridge Ave","city":"Cleveland","units":1,"btype":"single-family house","status":"demolition/disposition approved","built":null,"rad":null,"eld":-4,"dis":-4,"aunits":null,"prog":null,"pop":null,"reac":null,"expires":null,"rentassist":null},"geometry":{"type":"Point","coordinates":[-81.721992000431399,41.480476999066703]}},
{"type":"Feature","properties":{"kind":"ph","name":"CRIMSON TERRACE","owner":"Akron Metropolitan Housing Authority","addr":"501 Harding Ave Apt 1","city":"Barberton","units":6,"btype":"row / townhouse","status":null,"built":1967,"rad":null,"eld":-4,"dis":-4,"aunits":null,"prog":null,"pop":null,"reac":null,"expires":null,"rentassist":null},"geometry":{"type":"Point","coordinates":[-81.587221000374797,41.0251209991442]}},
{"type":"Feature","properties":{"kind":"ph","name":"Willow Run","owner":"Akron Metropolitan Housing Authority","addr":"1335 Doty Dr","city":"Akron","units":4,"btype":"row / townhouse","status":null,"built":1981,"rad":null,"eld":-4,"dis":-4,"aunits":null,"prog":null,"pop":null,"reac":null,"expires":null,"rentassist":null},"geometry":{"type":"Point","coordinates":[-81.4603799997614,41.023961999330197]}},
{"type":"Feature","properties":{"kind":"ph","name":"Tremont Pointe II","owner":"Cuyahoga Metropolitan Housing Authority","addr":"2577 W 5th St","city":"Cleveland","units":4,"btype":"row / townhouse","status":null,"built":2009,"rad":null,"eld":-4,"dis":-4,"aunits":null,"prog":null,"pop":null,"reac":null,"expires":null,"rentassist":null},"geometry":{"type":"Point","coordinates":[-81.678770999637095,41.478590998950999]}},
{"type":"Feature","properties":{"kind":"ph","name":"OBERLIN HOMES","owner":"Lorain Metropolitan Housing Authority","addr":"4932 Vincent Ave Apt","city":"Lorain","units":1,"btype":"single-family house","status":null,"built":1997,"rad":null,"eld":-4,"dis":-4,"aunits":null,"prog":null,"pop":null,"reac":null,"expires":null,"rentassist":null},"geometry":{"type":"Point","coordinates":[-82.117037000068194,41.423741998781203]}},
{"type":"Feature","properties":{"kind":"ph","name":"OBERLIN HOMES","owner":"Lorain Metropolitan Housing Authority","addr":"143 Brunswick Dr Apt","city":"Elyria","units":2,"btype":"semi-detached / duplex","status":null,"built":1996,"rad":null,"eld":-4,"dis":-4,"aunits":null,"prog":null,"pop":null,"reac":null,"expires":null,"rentassist":null},"geometry":{"type":"Point","coordinates":[-82.155527999887497,41.360018999037202]}},
{"type":"Feature","properties":{"kind":"ph","name":"Scattered Sites","owner":"Akron Metropolitan Housing Authority","addr":"853 Roslyn Ave","city":"Akron","units":1,"btype":"single-family house","status":null,"built":1928,"rad":null,"eld":-4,"dis":-4,"aunits":null,"prog":null,"pop":null,"reac":null,"expires":null,"rentassist":null},"geometry":{"type":"Point","coordinates":[-81.567350000388799,41.084429999370101]}},
{"type":"Feature","properties":{"kind":"ph","name":"EASTSIDE","owner":"Cuyahoga Metropolitan Housing Authority","addr":"2529 Woodhill Rd Apt A","city":"Cleveland","units":10,"btype":"row / townhouse","status":"demolition/disposition approved","built":1940,"rad":null,"eld":-4,"dis":-4,"aunits":null,"prog":null,"pop":null,"reac":null,"expires":null,"rentassist":null},"geometry":{"type":"Point","coordinates":[-81.612717000040007,41.491471999195397]}},
{"type":"Feature","properties":{"kind":"ph","name":"Heritage Homes I (former Garden Valley)","owner":"Cuyahoga Metropolitan Housing Authority","addr":"7009 Anita Kennedy Rd SE","city":"Cleveland","units":3,"btype":"row / townhouse","status":null,"built":2010,"rad":null,"eld":-4,"dis":-4,"aunits":null,"prog":null,"pop":null,"reac":null,"expires":null,"rentassist":null},"geometry":{"type":"Point","coordinates":[-81.640195000327395,41.479911999347102]}},
{"type":"Feature","properties":{"kind":"ph","name":"Scattered Sites","owner":"Akron Metropolitan Housing Authority","addr":"812 Huber St","city":"Akron","units":1,"btype":"single-family house","status":null,"built":1975,"rad":null,"eld":-4,"dis":-4,"aunits":null,"prog":null,"pop":null,"reac":null,"expires":null,"rentassist":null},"geometry":{"type":"Point","coordinates":[-81.487043999738802,41.046690999183703]}},
{"type":"Feature","properties":{"kind":"ph","name":"East Side Neighborhood Homes","owner":"Cuyahoga Metropolitan Housing Authority","addr":"7612 Colfax Rd","city":"Cleveland","units":1,"btype":"single-family house","status":null,"built":2005,"rad":null,"eld":-4,"dis":-4,"aunits":null,"prog":null,"pop":null,"reac":null,"expires":null,"rentassist":null},"geometry":{"type":"Point","coordinates":[-81.635311000264807,41.479654998991897]}},
{"type":"Feature","properties":{"kind":"ph","name":"HONEY LOCUST GARDEN","owner":"Akron Metropolitan Housing Authority","addr":"3219 Prange Dr","city":"Cuyahoga Falls","units":6,"btype":"walk-up apartments","status":null,"built":1981,"rad":null,"eld":-4,"dis":-4,"aunits":null,"prog":null,"pop":null,"reac":null,"expires":null,"rentassist":null},"geometry":{"type":"Point","coordinates":[-81.501117999618202,41.154080999220199]}},
{"type":"Feature","properties":{"kind":"ph","name":"EASTSIDE","owner":"Cuyahoga Metropolitan Housing Authority","addr":"2459 Baldwin Rd","city":"Cleveland","units":2,"btype":"semi-detached / duplex","status":"demolition/disposition proposed","built":1972,"rad":"PBRA","eld":-4,"dis":-4,"aunits":null,"prog":null,"pop":null,"reac":null,"expires":null,"rentassist":null},"geometry":{"type":"Point","coordinates":[-81.610712999676693,41.4915389991883]}},
{"type":"Feature","properties":{"kind":"ph","name":"DOWNTOWN","owner":"Cuyahoga Metropolitan Housing Authority","addr":"2570 Loop Dr","city":"Cleveland","units":18,"btype":"walk-up apartments","status":"demolition/disposition proposed","built":1937,"rad":"PBRA","eld":7,"dis":16,"aunits":null,"prog":null,"pop":null,"reac":null,"expires":null,"rentassist":null},"geometry":{"type":"Point","coordinates":[-81.711152000253506,41.4938149990125]}},
{"type":"Feature","properties":{"kind":"ph","name":"Heritage Homes I (former Garden Valley)","owner":"Cuyahoga Metropolitan Housing Authority","addr":"7028 Kinsman Rd","city":"Cleveland","units":5,"btype":"row / townhouse","status":null,"built":2010,"rad":null,"eld":-4,"dis":-4,"aunits":null,"prog":null,"pop":null,"reac":null,"expires":null,"rentassist":null},"geometry":{"type":"Point","coordinates":[-81.639603999600297,41.480134999167397]}},
{"type":"Feature","properties":{"kind":"ph","name":"COLONIAL HILLS","owner":"Akron Metropolitan Housing Authority","addr":"31 Colonial Hills Dr","city":"Akron","units":6,"btype":"row / townhouse","status":null,"built":1967,"rad":null,"eld":-4,"dis":-4,"aunits":null,"prog":null,"pop":null,"reac":null,"expires":null,"rentassist":null},"geometry":{"type":"Point","coordinates":[-81.501895999943002,41.106899999223003]}},
{"type":"Feature","properties":{"kind":"ph","name":"Cascade Village North","owner":"Akron Metropolitan Housing Authority","addr":"275 Turner St","city":"Akron","units":3,"btype":"row / townhouse","status":null,"built":2006,"rad":null,"eld":-4,"dis":-4,"aunits":null,"prog":null,"pop":null,"reac":null,"expires":null,"rentassist":null},"geometry":{"type":"Point","coordinates":[-81.510736999780406,41.094817999212303]}},
{"type":"Feature","properties":{"kind":"ph","name":"Scattered Sites","owner":"Akron Metropolitan Housing Authority","addr":"990 Wall St","city":"Akron","units":1,"btype":"single-family house","status":null,"built":1950,"rad":null,"eld":-4,"dis":-4,"aunits":null,"prog":null,"pop":null,"reac":null,"expires":null,"rentassist":null},"geometry":{"type":"Point","coordinates":[-81.516327000197805,41.112466998761803]}},
{"type":"Feature","properties":{"kind":"ph","name":"Riverview Replacement","owner":"Cuyahoga Metropolitan Housing Authority","addr":"3114 Roanoke Ave","city":"Cleveland","units":1,"btype":"single-family house","status":null,"built":null,"rad":null,"eld":-4,"dis":-4,"aunits":null,"prog":null,"pop":null,"reac":null,"expires":null,"rentassist":null},"geometry":{"type":"Point","coordinates":[-81.704005000259798,41.436506998985102]}},
{"type":"Feature","properties":{"kind":"ph","name":"LAKEVIEW PLAZA","owner":"Lorain Metropolitan Housing Authority","addr":"310 W 7th St","city":"Lorain","units":210,"btype":"elevator high-rise","status":null,"built":1969,"rad":null,"eld":24,"dis":44,"aunits":null,"prog":null,"pop":null,"reac":null,"expires":null,"rentassist":null},"geometry":{"type":"Point","coordinates":[-82.177018000272398,41.463920999400401]}},
{"type":"Feature","properties":{"kind":"ph","name":"Scattered Sites","owner":"Akron Metropolitan Housing Authority","addr":"2011 Sequoia St","city":"Cuyahoga Falls","units":1,"btype":"single-family house","status":null,"built":1987,"rad":null,"eld":-4,"dis":-4,"aunits":null,"prog":null,"pop":null,"reac":null,"expires":null,"rentassist":null},"geometry":{"type":"Point","coordinates":[-81.4543209997139,41.132824999133597]}},
{"type":"Feature","properties":{"kind":"ph","name":"OBERLIN HOMES","owner":"Lorain Metropolitan Housing Authority","addr":"1545 E 29th St Apt","city":"Lorain","units":1,"btype":"single-family house","status":"demolition/disposition proposed","built":1973,"rad":"PBV","eld":-4,"dis":-4,"aunits":null,"prog":null,"pop":null,"reac":null,"expires":null,"rentassist":null},"geometry":{"type":"Point","coordinates":[-82.148180000052307,41.444284998937498]}},
{"type":"Feature","properties":{"kind":"ph","name":"Scattered Sites","owner":"Akron Metropolitan Housing Authority","addr":"961 Rosamond Ave","city":"Akron","units":1,"btype":"single-family house","status":null,"built":null,"rad":null,"eld":-4,"dis":-4,"aunits":null,"prog":null,"pop":null,"reac":null,"expires":null,"rentassist":null},"geometry":{"type":"Point","coordinates":[-81.562130999692101,41.060813998824798]}},
{"type":"Feature","properties":{"kind":"ph","name":"Riverview Replacement","owner":"Cuyahoga Metropolitan Housing Authority","addr":"13109 Harold Ave","city":"Cleveland","units":1,"btype":"single-family house","status":null,"built":null,"rad":null,"eld":-4,"dis":-4,"aunits":null,"prog":null,"pop":null,"reac":null,"expires":null,"rentassist":null},"geometry":{"type":"Point","coordinates":[-81.781380000258594,41.438055998938502]}},
{"type":"Feature","properties":{"kind":"ph","name":"Valley View","owner":"Akron Metropolitan Housing Authority","addr":"990 Springdale St","city":"Akron","units":2,"btype":"semi-detached / duplex","status":null,"built":1970,"rad":null,"eld":-4,"dis":-4,"aunits":null,"prog":null,"pop":null,"reac":null,"expires":null,"rentassist":null},"geometry":{"type":"Point","coordinates":[-81.521637000232801,41.111046998861298]}},
{"type":"Feature","properties":{"kind":"ph","name":"Heritage Homes I (former Garden Valley)","owner":"Cuyahoga Metropolitan Housing Authority","addr":"7031 Anita Kennedy Rd SE","city":"Cleveland","units":3,"btype":"row / townhouse","status":null,"built":2010,"rad":null,"eld":-4,"dis":-4,"aunits":null,"prog":null,"pop":null,"reac":null,"expires":null,"rentassist":null},"geometry":{"type":"Point","coordinates":[-81.639530999805302,41.479577999234301]}},
{"type":"Feature","properties":{"kind":"ph","name":"Scattered Sites","owner":"Akron Metropolitan Housing Authority","addr":"1326 Carnegie Ave","city":"Akron","units":1,"btype":"single-family house","status":null,"built":1959,"rad":null,"eld":-4,"dis":-4,"aunits":null,"prog":null,"pop":null,"reac":null,"expires":null,"rentassist":null},"geometry":{"type":"Point","coordinates":[-81.574299999840704,41.027423999370001]}},
{"type":"Feature","properties":{"kind":"ph","name":"OBERLIN HOMES","owner":"Lorain Metropolitan Housing Authority","addr":"1622 E 29th St Apt","city":"Lorain","units":1,"btype":"single-family house","status":"demolition/disposition proposed","built":1972,"rad":"PBV","eld":-4,"dis":-4,"aunits":null,"prog":null,"pop":null,"reac":null,"expires":null,"rentassist":null},"geometry":{"type":"Point","coordinates":[-82.143305000210503,41.444322998930097]}},
{"type":"Feature","properties":{"kind":"ph","name":"Scattered Sites","owner":"Akron Metropolitan Housing Authority","addr":"277 W Long St","city":"Akron","units":2,"btype":"semi-detached / duplex","status":null,"built":null,"rad":null,"eld":-4,"dis":-4,"aunits":null,"prog":null,"pop":null,"reac":null,"expires":null,"rentassist":null},"geometry":{"type":"Point","coordinates":[-81.539349000044695,41.057599999142901]}},
{"type":"Feature","properties":{"kind":"ph","name":"Edgewood Village I","owner":"Akron Metropolitan Housing Authority","addr":"739 Edgewood Ave","city":"Akron","units":2,"btype":"semi-detached / duplex","status":null,"built":null,"rad":null,"eld":-4,"dis":-4,"aunits":null,"prog":null,"pop":null,"reac":null,"expires":null,"rentassist":null},"geometry":{"type":"Point","coordinates":[-81.539425000212702,41.074253998757797]}},
{"type":"Feature","properties":{"kind":"ph","name":"DOWNTOWN","owner":"Cuyahoga Metropolitan Housing Authority","addr":"2750 Loop Dr","city":"Cleveland","units":16,"btype":"row / townhouse","status":null,"built":1937,"rad":null,"eld":-4,"dis":-4,"aunits":null,"prog":null,"pop":null,"reac":null,"expires":null,"rentassist":null},"geometry":{"type":"Point","coordinates":[-81.710542999983105,41.494087998989102]}},
{"type":"Feature","properties":{"kind":"ph","name":"Scattered Sites","owner":"Akron Metropolitan Housing Authority","addr":"290 Noble Ave","city":"Akron","units":1,"btype":"single-family house","status":null,"built":null,"rad":null,"eld":-4,"dis":-4,"aunits":null,"prog":null,"pop":null,"reac":null,"expires":null,"rentassist":null},"geometry":{"type":"Point","coordinates":[-81.554103000339694,41.089658999248499]}},
{"type":"Feature","properties":{"kind":"ph","name":"Scattered Sites","owner":"Akron Metropolitan Housing Authority","addr":"860 Hancock Ave","city":"Akron","units":1,"btype":"single-family house","status":null,"built":1958,"rad":null,"eld":-4,"dis":-4,"aunits":null,"prog":null,"pop":null,"reac":null,"expires":null,"rentassist":null},"geometry":{"type":"Point","coordinates":[-81.559174999824904,41.021581998735002]}},
{"type":"Feature","properties":{"kind":"ph","name":"LAKEVIEW PLAZA","owner":"Lorain Metropolitan Housing Authority","addr":"1758 Broadway Apt","city":"Lorain","units":4,"btype":"row / townhouse","status":null,"built":1966,"rad":null,"eld":-4,"dis":-4,"aunits":null,"prog":null,"pop":null,"reac":null,"expires":null,"rentassist":null},"geometry":{"type":"Point","coordinates":[-82.166723999717505,41.455062998755899]}},
{"type":"Feature","properties":{"kind":"ph","name":"MAPLEWOOD GARDENS","owner":"Akron Metropolitan Housing Authority","addr":"379 Hardman Dr","city":"Cuyahoga Falls","units":6,"btype":"walk-up apartments","status":null,"built":1981,"rad":null,"eld":-4,"dis":-4,"aunits":null,"prog":null,"pop":null,"reac":null,"expires":null,"rentassist":null},"geometry":{"type":"Point","coordinates":[-81.494282999793995,41.186469999176502]}},
{"type":"Feature","properties":{"kind":"ph","name":"Scattered Sites","owner":"Akron Metropolitan Housing Authority","addr":"2877 Trenton Rd","city":"Akron","units":1,"btype":"single-family house","status":null,"built":1975,"rad":null,"eld":-4,"dis":-4,"aunits":null,"prog":null,"pop":null,"reac":null,"expires":null,"rentassist":null},"geometry":{"type":"Point","coordinates":[-81.426658000377003,41.047816998799703]}},
{"type":"Feature","properties":{"kind":"ph","name":"CEDAR CENTRAL","owner":"Cuyahoga Metropolitan Housing Authority","addr":"2408 Cedar Ave","city":"Cleveland","units":24,"btype":"walk-up apartments","status":"demolition/disposition approved","built":1935,"rad":"PBRA","eld":-4,"dis":-4,"aunits":null,"prog":null,"pop":null,"reac":null,"expires":null,"rentassist":null},"geometry":{"type":"Point","coordinates":[-81.670344000076497,41.498392999219497]}},
{"type":"Feature","properties":{"kind":"ph","name":"VAN BUREN HOMES","owner":"Akron Metropolitan Housing Authority","addr":"634 Alabama Pl","city":"Barberton","units":4,"btype":"row / townhouse","status":null,"built":1972,"rad":null,"eld":-4,"dis":-4,"aunits":null,"prog":null,"pop":null,"reac":null,"expires":null,"rentassist":null},"geometry":{"type":"Point","coordinates":[-81.598628999916897,41.003015999067401]}},
{"type":"Feature","properties":{"kind":"ph","name":"Edgewood Village South","owner":"Akron Metropolitan Housing Authority","addr":"881 Mallison Ave","city":"Akron","units":2,"btype":"semi-detached / duplex","status":null,"built":2012,"rad":null,"eld":-4,"dis":-4,"aunits":null,"prog":null,"pop":null,"reac":null,"expires":null,"rentassist":null},"geometry":{"type":"Point","coordinates":[-81.542737999557005,41.071179999088599]}},
{"type":"Feature","properties":{"kind":"ph","name":"Cascade Village North","owner":"Akron Metropolitan Housing Authority","addr":"143 Elizabeth Pkwy","city":"Akron","units":3,"btype":"row / townhouse","status":null,"built":2006,"rad":null,"eld":-4,"dis":-4,"aunits":null,"prog":null,"pop":null,"reac":null,"expires":null,"rentassist":null},"geometry":{"type":"Point","coordinates":[-81.508018999564598,41.090960998991903]}},
{"type":"Feature","properties":{"kind":"ph","name":"Scattered Sites","owner":"Akron Metropolitan Housing Authority","addr":"244 E Lods St","city":"Akron","units":1,"btype":"single-family house","status":null,"built":null,"rad":null,"eld":-4,"dis":-4,"aunits":null,"prog":null,"pop":null,"reac":null,"expires":null,"rentassist":null},"geometry":{"type":"Point","coordinates":[-81.507636999973201,41.091939999029798]}},
{"type":"Feature","properties":{"kind":"ph","name":"Oberlin Homes LIHTC","owner":"Lorain Metropolitan Housing Authority","addr":"216 S Park St Apt","city":"Oberlin","units":1,"btype":"single-family house","status":null,"built":1966,"rad":null,"eld":-4,"dis":-4,"aunits":null,"prog":null,"pop":null,"reac":null,"expires":null,"rentassist":null},"geometry":{"type":"Point","coordinates":[-82.2126860002938,41.285650999283398]}},
{"type":"Feature","properties":{"kind":"ph","name":"Scattered Sites","owner":"Akron Metropolitan Housing Authority","addr":"48 Kimlyn Cir","city":"Akron","units":4,"btype":"row / townhouse","status":null,"built":1973,"rad":null,"eld":-4,"dis":-4,"aunits":null,"prog":null,"pop":null,"reac":null,"expires":null,"rentassist":null},"geometry":{"type":"Point","coordinates":[-81.478038000045004,41.109974998923001]}},
{"type":"Feature","properties":{"kind":"ph","name":"Scattered Sites","owner":"Akron Metropolitan Housing Authority","addr":"472 Cole Ave","city":"Akron","units":1,"btype":"single-family house","status":null,"built":1925,"rad":null,"eld":-4,"dis":-4,"aunits":null,"prog":null,"pop":null,"reac":null,"expires":null,"rentassist":null},"geometry":{"type":"Point","coordinates":[-81.511698000403399,41.050996999400297]}},
{"type":"Feature","properties":{"kind":"ph","name":"Scattered Sites","owner":"Akron Metropolitan Housing Authority","addr":"110 E Archwood Ave","city":"Akron","units":1,"btype":"single-family house","status":null,"built":1918,"rad":null,"eld":-4,"dis":-4,"aunits":null,"prog":null,"pop":null,"reac":null,"expires":null,"rentassist":null},"geometry":{"type":"Point","coordinates":[-81.523372999909199,41.046494999291298]}},
{"type":"Feature","properties":{"kind":"ph","name":"Scattered Sites","owner":"Akron Metropolitan Housing Authority","addr":"2235 Wichert Dr","city":"Cuyahoga Falls","units":1,"btype":"single-family house","status":null,"built":1953,"rad":null,"eld":-4,"dis":-4,"aunits":null,"prog":null,"pop":null,"reac":null,"expires":null,"rentassist":null},"geometry":{"type":"Point","coordinates":[-81.464159999984105,41.137004999297503]}},
{"type":"Feature","properties":{"kind":"ph","name":"Riverview Replacement","owner":"Cuyahoga Metropolitan Housing Authority","addr":"13502 Bennington Ave","city":"Cleveland","units":1,"btype":"single-family house","status":null,"built":null,"rad":null,"eld":-4,"dis":-4,"aunits":null,"prog":null,"pop":null,"reac":null,"expires":null,"rentassist":null},"geometry":{"type":"Point","coordinates":[-81.785735000416693,41.427004999001397]}},
{"type":"Feature","properties":{"kind":"ph","name":"Tremont Pointe I","owner":"Cuyahoga Metropolitan Housing Authority","addr":"2509 W 7th St","city":"Cleveland","units":4,"btype":"row / townhouse","status":null,"built":null,"rad":null,"eld":-4,"dis":-4,"aunits":null,"prog":null,"pop":null,"reac":null,"expires":null,"rentassist":null},"geometry":{"type":"Point","coordinates":[-81.681400999989293,41.478508999398201]}},
{"type":"Feature","properties":{"kind":"ph","name":"Riverview Replacement","owner":"Cuyahoga Metropolitan Housing Authority","addr":"3702 W 36th St","city":"Cleveland","units":1,"btype":"single-family house","status":null,"built":null,"rad":null,"eld":-4,"dis":-4,"aunits":null,"prog":null,"pop":null,"reac":null,"expires":null,"rentassist":null},"geometry":{"type":"Point","coordinates":[-81.708037000377701,41.453781999106198]}},
{"type":"Feature","properties":{"kind":"ph","name":"Heritage Homes III (former Garden Valley","owner":"Cuyahoga Metropolitan Housing Authority","addr":"3058 E 73rd St","city":"Cleveland","units":1,"btype":"single-family house","status":null,"built":2011,"rad":null,"eld":-4,"dis":-4,"aunits":null,"prog":null,"pop":null,"reac":null,"expires":null,"rentassist":null},"geometry":{"type":"Point","coordinates":[-81.637742000425405,41.4755969990522]}},
{"type":"Feature","properties":{"kind":"ph","name":"Tremont Pointe I","owner":"Cuyahoga Metropolitan Housing Authority","addr":"2517 W 7th St","city":"Cleveland","units":5,"btype":"row / townhouse","status":null,"built":2007,"rad":null,"eld":-4,"dis":-4,"aunits":null,"prog":null,"pop":null,"reac":null,"expires":null,"rentassist":null},"geometry":{"type":"Point","coordinates":[-81.680887999978395,41.478545998749702]}},
{"type":"Feature","properties":{"kind":"ph","name":"Scattered Sites","owner":"Akron Metropolitan Housing Authority","addr":"1161 Roslyn Ave","city":"Akron","units":1,"btype":"single-family house","status":null,"built":null,"rad":null,"eld":-4,"dis":-4,"aunits":null,"prog":null,"pop":null,"reac":null,"expires":null,"rentassist":null},"geometry":{"type":"Point","coordinates":[-81.567076999679003,41.077067999235197]}},
{"type":"Feature","properties":{"kind":"ph","name":"Scattered Sites","owner":"Akron Metropolitan Housing Authority","addr":"868 Wyley Ave","city":"Akron","units":1,"btype":"single-family house","status":null,"built":1970,"rad":null,"eld":-4,"dis":-4,"aunits":null,"prog":null,"pop":null,"reac":null,"expires":null,"rentassist":null},"geometry":{"type":"Point","coordinates":[-81.495521000426393,41.048187999359499]}},
{"type":"Feature","properties":{"kind":"ph","name":"Heritage Homes III (former Garden Valley","owner":"Cuyahoga Metropolitan Housing Authority","addr":"7205 Rouse Ave","city":"Cleveland","units":4,"btype":"row / townhouse","status":null,"built":2012,"rad":null,"eld":-4,"dis":-4,"aunits":null,"prog":null,"pop":null,"reac":null,"expires":null,"rentassist":null},"geometry":{"type":"Point","coordinates":[-81.638884999724993,41.476737998971402]}},
{"type":"Feature","properties":{"kind":"ph","name":"OBERLIN HOMES","owner":"Lorain Metropolitan Housing Authority","addr":"4607 Riverside Dr Apt","city":"Lorain","units":1,"btype":"single-family house","status":null,"built":1996,"rad":null,"eld":-4,"dis":-4,"aunits":null,"prog":null,"pop":null,"reac":null,"expires":null,"rentassist":null},"geometry":{"type":"Point","coordinates":[-82.105902000337593,41.426595998918202]}},
{"type":"Feature","properties":{"kind":"ph","name":"Scattered Sites","owner":"Akron Metropolitan Housing Authority","addr":"90 W Salome Ave","city":"Akron","units":1,"btype":"single-family house","status":null,"built":1919,"rad":null,"eld":-4,"dis":-4,"aunits":null,"prog":null,"pop":null,"reac":null,"expires":null,"rentassist":null},"geometry":{"type":"Point","coordinates":[-81.5179470004216,41.111702998777297]}},
{"type":"Feature","properties":{"kind":"ph","name":"Heritage Homes II (former Garden Valley)","owner":"Cuyahoga Metropolitan Housing Authority","addr":"3002 E 77th St","city":"Cleveland","units":1,"btype":"single-family house","status":null,"built":2011,"rad":null,"eld":-4,"dis":-4,"aunits":null,"prog":null,"pop":null,"reac":null,"expires":null,"rentassist":null},"geometry":{"type":"Point","coordinates":[-81.635198000286906,41.477182999365603]}},
{"type":"Feature","properties":{"kind":"ph","name":"OBERLIN HOMES","owner":"Lorain Metropolitan Housing Authority","addr":"1618 E 29th St Apt","city":"Lorain","units":2,"btype":"semi-detached / duplex","status":"demolition/disposition proposed","built":1972,"rad":"PBV","eld":-4,"dis":-4,"aunits":null,"prog":null,"pop":null,"reac":null,"expires":null,"rentassist":null},"geometry":{"type":"Point","coordinates":[-82.143305000210503,41.444322998930097]}},
{"type":"Feature","properties":{"kind":"ph","name":"Scattered Sites","owner":"Akron Metropolitan Housing Authority","addr":"1036 Peerless Ave","city":"Akron","units":1,"btype":"single-family house","status":null,"built":1972,"rad":null,"eld":-4,"dis":-4,"aunits":null,"prog":null,"pop":null,"reac":null,"expires":null,"rentassist":null},"geometry":{"type":"Point","coordinates":[-81.558631999676706,41.074777999266502]}},
{"type":"Feature","properties":{"kind":"ph","name":"Riverview Replacement","owner":"Cuyahoga Metropolitan Housing Authority","addr":"3476 W 99th St","city":"Cleveland","units":1,"btype":"single-family house","status":null,"built":null,"rad":null,"eld":-4,"dis":-4,"aunits":null,"prog":null,"pop":null,"reac":null,"expires":null,"rentassist":null},"geometry":{"type":"Point","coordinates":[-81.752532999817703,41.459042999231897]}},
{"type":"Feature","properties":{"kind":"ph","name":"Cascade Village East/West","owner":"Akron Metropolitan Housing Authority","addr":"283 E North St","city":"Akron","units":3,"btype":"row / townhouse","status":null,"built":2009,"rad":null,"eld":-4,"dis":-4,"aunits":null,"prog":null,"pop":null,"reac":null,"expires":null,"rentassist":null},"geometry":{"type":"Point","coordinates":[-81.506513999866797,41.089579998989301]}},
{"type":"Feature","properties":{"kind":"ph","name":"Scattered Sites","owner":"Akron Metropolitan Housing Authority","addr":"907 Caddo Ave","city":"Akron","units":1,"btype":"single-family house","status":null,"built":1974,"rad":null,"eld":-4,"dis":-4,"aunits":null,"prog":null,"pop":null,"reac":null,"expires":null,"rentassist":null},"geometry":{"type":"Point","coordinates":[-81.472514999574699,41.088478998986702]}},
{"type":"Feature","properties":{"kind":"ph","name":"Mohawk","owner":"Akron Metropolitan Housing Authority","addr":"46 Safer Plz","city":"Akron","units":4,"btype":"row / townhouse","status":null,"built":1970,"rad":null,"eld":-4,"dis":-4,"aunits":null,"prog":null,"pop":null,"reac":null,"expires":null,"rentassist":null},"geometry":{"type":"Point","coordinates":[-81.488770000267806,41.022430999139097]}},
{"type":"Feature","properties":{"kind":"ph","name":"KING KENNEDY","owner":"Cuyahoga Metropolitan Housing Authority","addr":"2477 E 59th St","city":"Cleveland","units":5,"btype":"row / townhouse","status":null,"built":2004,"rad":null,"eld":-4,"dis":-4,"aunits":null,"prog":null,"pop":null,"reac":null,"expires":null,"rentassist":null},"geometry":{"type":"Point","coordinates":[-81.649004000377701,41.491219999174199]}},
{"type":"Feature","properties":{"kind":"ph","name":"OBERLIN HOMES","owner":"Lorain Metropolitan Housing Authority","addr":"1507 E 30th St Apt","city":"Lorain","units":2,"btype":"semi-detached / duplex","status":"demolition/disposition proposed","built":1973,"rad":"PBV","eld":-4,"dis":-4,"aunits":null,"prog":null,"pop":null,"reac":null,"expires":null,"rentassist":null},"geometry":{"type":"Point","coordinates":[-82.146562000376605,41.443280999048298]}},
{"type":"Feature","properties":{"kind":"ph","name":"Edgewood Village I","owner":"Akron Metropolitan Housing Authority","addr":"446 Euclid Ave","city":"Akron","units":2,"btype":"semi-detached / duplex","status":null,"built":null,"rad":null,"eld":-4,"dis":-4,"aunits":null,"prog":null,"pop":null,"reac":null,"expires":null,"rentassist":null},"geometry":{"type":"Point","coordinates":[-81.539011999760802,41.075739999219103]}},
{"type":"Feature","properties":{"kind":"ph","name":"Scattered Sites","owner":"Akron Metropolitan Housing Authority","addr":"1210 Sawyer Ave","city":"Akron","units":1,"btype":"single-family house","status":null,"built":1957,"rad":null,"eld":-4,"dis":-4,"aunits":null,"prog":null,"pop":null,"reac":null,"expires":null,"rentassist":null},"geometry":{"type":"Point","coordinates":[-81.504927999978193,41.116292998883502]}},
{"type":"Feature","properties":{"kind":"ph","name":"Scattered Sites","owner":"Akron Metropolitan Housing Authority","addr":"760 Bellevue Ave","city":"Akron","units":1,"btype":"single-family house","status":null,"built":null,"rad":null,"eld":-4,"dis":-4,"aunits":null,"prog":null,"pop":null,"reac":null,"expires":null,"rentassist":null},"geometry":{"type":"Point","coordinates":[-81.550384000216297,41.073792998784]}},
{"type":"Feature","properties":{"kind":"ph","name":"Scattered Sites","owner":"Akron Metropolitan Housing Authority","addr":"906 Russell Ave","city":"Akron","units":1,"btype":"single-family house","status":null,"built":null,"rad":null,"eld":-4,"dis":-4,"aunits":null,"prog":null,"pop":null,"reac":null,"expires":null,"rentassist":null},"geometry":{"type":"Point","coordinates":[-81.560692000116603,41.061375999313903]}},
{"type":"Feature","properties":{"kind":"ph","name":"Scattered Sites","owner":"Akron Metropolitan Housing Authority","addr":"133 Paris Ave","city":"Akron","units":1,"btype":"single-family house","status":null,"built":null,"rad":null,"eld":-4,"dis":-4,"aunits":null,"prog":null,"pop":null,"reac":null,"expires":null,"rentassist":null},"geometry":{"type":"Point","coordinates":[-81.533765000373407,41.0585009990521]}},
{"type":"Feature","properties":{"kind":"ph","name":"Scattered Sites","owner":"Akron Metropolitan Housing Authority","addr":"1144 Belleflower Rd","city":"Akron","units":1,"btype":"single-family house","status":null,"built":null,"rad":null,"eld":-4,"dis":-4,"aunits":null,"prog":null,"pop":null,"reac":null,"expires":null,"rentassist":null},"geometry":{"type":"Point","coordinates":[-81.554475999710306,41.072711999376899]}},
{"type":"Feature","properties":{"kind":"ph","name":"Cascade Village South","owner":"Akron Metropolitan Housing Authority","addr":"215 Spring St","city":"Akron","units":3,"btype":"row / townhouse","status":null,"built":2008,"rad":null,"eld":-4,"dis":-4,"aunits":null,"prog":null,"pop":null,"reac":null,"expires":null,"rentassist":null},"geometry":{"type":"Point","coordinates":[-81.512120000177802,41.090510998862797]}},
{"type":"Feature","properties":{"kind":"ph","name":"Scattered Sites","owner":"Akron Metropolitan Housing Authority","addr":"1038 Wyley Ave","city":"Akron","units":1,"btype":"single-family house","status":null,"built":null,"rad":null,"eld":-4,"dis":-4,"aunits":null,"prog":null,"pop":null,"reac":null,"expires":null,"rentassist":null},"geometry":{"type":"Point","coordinates":[-81.490006000352096,41.048467998984997]}},
{"type":"Feature","properties":{"kind":"ph","name":"Edgewood Village 4","owner":"Akron Metropolitan Housing Authority","addr":"707 Raymond St","city":"Akron","units":1,"btype":"single-family house","status":null,"built":null,"rad":null,"eld":-4,"dis":-4,"aunits":null,"prog":null,"pop":null,"reac":null,"expires":null,"rentassist":null},"geometry":{"type":"Point","coordinates":[-81.542162999621695,41.073779999106598]}},
{"type":"Feature","properties":{"kind":"ph","name":"WILKES-VILLA","owner":"Lorain Metropolitan Housing Authority","addr":"181 Brace Ave Apt","city":"Elyria","units":1,"btype":"single-family house","status":null,"built":1996,"rad":null,"eld":-4,"dis":-4,"aunits":null,"prog":null,"pop":null,"reac":null,"expires":null,"rentassist":null},"geometry":{"type":"Point","coordinates":[-82.126655000405506,41.387375999196003]}},
{"type":"Feature","properties":{"kind":"ph","name":"Scattered Sites","owner":"Akron Metropolitan Housing Authority","addr":"897 Lakewood Blvd","city":"Akron","units":1,"btype":"single-family house","status":null,"built":1943,"rad":null,"eld":-4,"dis":-4,"aunits":null,"prog":null,"pop":null,"reac":null,"expires":null,"rentassist":null},"geometry":{"type":"Point","coordinates":[-81.561046999943798,41.0561369992758]}},
{"type":"Feature","properties":{"kind":"ph","name":"SOUTHEAST","owner":"Cuyahoga Metropolitan Housing Authority","addr":"1209 E 172nd St","city":"Cleveland","units":1,"btype":"single-family house","status":null,"built":null,"rad":null,"eld":-4,"dis":-4,"aunits":null,"prog":null,"pop":null,"reac":null,"expires":null,"rentassist":null},"geometry":{"type":"Point","coordinates":[-81.560016999723899,41.573438999276803]}},
{"type":"Feature","properties":{"kind":"ph","name":"Heritage Homes II (former Garden Valley)","owner":"Cuyahoga Metropolitan Housing Authority","addr":"2950 E 71st St","city":"Cleveland","units":1,"btype":"single-family house","status":null,"built":null,"rad":null,"eld":-4,"dis":-4,"aunits":null,"prog":null,"pop":null,"reac":null,"expires":null,"rentassist":null},"geometry":{"type":"Point","coordinates":[-81.639817999860497,41.479395998770698]}},
{"type":"Feature","properties":{"kind":"ph","name":"Scattered Sites","owner":"Akron Metropolitan Housing Authority","addr":"2043 17th St SW","city":"Akron","units":1,"btype":"single-family house","status":null,"built":null,"rad":null,"eld":-4,"dis":-4,"aunits":null,"prog":null,"pop":null,"reac":null,"expires":null,"rentassist":null},"geometry":{"type":"Point","coordinates":[-81.561237999739504,41.047541998901004]}},
{"type":"Feature","properties":{"kind":"ph","name":"WILKES-VILLA","owner":"Lorain Metropolitan Housing Authority","addr":"308 Parmely Ave Apt","city":"Elyria","units":1,"btype":"single-family house","status":null,"built":2006,"rad":null,"eld":-4,"dis":-4,"aunits":null,"prog":null,"pop":null,"reac":null,"expires":null,"rentassist":null},"geometry":{"type":"Point","coordinates":[-82.119054999777006,41.388268998814397]}},
{"type":"Feature","properties":{"kind":"ph","name":"OBERLIN HOMES","owner":"Lorain Metropolitan Housing Authority","addr":"1519 E 30th St Apt","city":"Lorain","units":1,"btype":"single-family house","status":"demolition/disposition proposed","built":1973,"rad":"PBV","eld":-4,"dis":-4,"aunits":null,"prog":null,"pop":null,"reac":null,"expires":null,"rentassist":null},"geometry":{"type":"Point","coordinates":[-82.146562000376605,41.443280999048298]}},
{"type":"Feature","properties":{"kind":"ph","name":"SUMMIT LAKE","owner":"Akron Metropolitan Housing Authority","addr":"341 Ira Ave","city":"Akron","units":3,"btype":"row / townhouse","status":null,"built":null,"rad":null,"eld":-4,"dis":-4,"aunits":null,"prog":null,"pop":null,"reac":null,"expires":null,"rentassist":null},"geometry":{"type":"Point","coordinates":[-81.539863999705503,41.054454998900198]}},
{"type":"Feature","properties":{"kind":"ph","name":"Riverview Replacement","owner":"Cuyahoga Metropolitan Housing Authority","addr":"3566 W 120th St","city":"Cleveland","units":1,"btype":"single-family house","status":null,"built":1926,"rad":null,"eld":-4,"dis":-4,"aunits":null,"prog":null,"pop":null,"reac":null,"expires":null,"rentassist":null},"geometry":{"type":"Point","coordinates":[-81.772095000007297,41.454524999206598]}},
{"type":"Feature","properties":{"kind":"ph","name":"Scattered Sites","owner":"Akron Metropolitan Housing Authority","addr":"332 W Long St","city":"Akron","units":1,"btype":"single-family house","status":null,"built":null,"rad":null,"eld":-4,"dis":-4,"aunits":null,"prog":null,"pop":null,"reac":null,"expires":null,"rentassist":null},"geometry":{"type":"Point","coordinates":[-81.5404599995572,41.0572639989404]}},
{"type":"Feature","properties":{"kind":"ph","name":"Tremont Pointe I","owner":"Cuyahoga Metropolitan Housing Authority","addr":"723 Starkweather Ave","city":"Cleveland","units":4,"btype":"row / townhouse","status":null,"built":2007,"rad":null,"eld":-4,"dis":-4,"aunits":null,"prog":null,"pop":null,"reac":null,"expires":null,"rentassist":null},"geometry":{"type":"Point","coordinates":[-81.681073999751206,41.477403998899398]}},
{"type":"Feature","properties":{"kind":"ph","name":"Cascade Village North","owner":"Akron Metropolitan Housing Authority","addr":"108 Elizabeth Pkwy","city":"Akron","units":2,"btype":"semi-detached / duplex","status":null,"built":2006,"rad":null,"eld":-4,"dis":-4,"aunits":null,"prog":null,"pop":null,"reac":null,"expires":null,"rentassist":null},"geometry":{"type":"Point","coordinates":[-81.507180000038701,41.090703999002201]}},
{"type":"Feature","properties":{"kind":"ph","name":"Scattered Sites","owner":"Akron Metropolitan Housing Authority","addr":"1217 Lily St","city":"Akron","units":1,"btype":"single-family house","status":"demolition/disposition approved","built":1928,"rad":null,"eld":-4,"dis":-4,"aunits":null,"prog":null,"pop":null,"reac":null,"expires":null,"rentassist":null},"geometry":{"type":"Point","coordinates":[-81.511982000085496,41.0486119987929]}},
{"type":"Feature","properties":{"kind":"ph","name":"Scattered Sites","owner":"Akron Metropolitan Housing Authority","addr":"683 Copley Rd Apt F","city":"Akron","units":6,"btype":"walk-up apartments","status":null,"built":1999,"rad":null,"eld":-4,"dis":-4,"aunits":null,"prog":null,"pop":null,"reac":null,"expires":null,"rentassist":null},"geometry":{"type":"Point","coordinates":[-81.546418000220697,41.0843059989176]}},
{"type":"Feature","properties":{"kind":"ph","name":"Scattered Sites","owner":"Akron Metropolitan Housing Authority","addr":"344 E Archwood Ave","city":"Akron","units":1,"btype":"single-family house","status":null,"built":1921,"rad":null,"eld":-4,"dis":-4,"aunits":null,"prog":null,"pop":null,"reac":null,"expires":null,"rentassist":null},"geometry":{"type":"Point","coordinates":[-81.514905000340704,41.046479999012803]}},
{"type":"Feature","properties":{"kind":"ph","name":"Edgewood Village I","owner":"Akron Metropolitan Housing Authority","addr":"507 Warner Ct","city":"Akron","units":1,"btype":"single-family house","status":null,"built":null,"rad":null,"eld":-4,"dis":-4,"aunits":null,"prog":null,"pop":null,"reac":null,"expires":null,"rentassist":null},"geometry":{"type":"Point","coordinates":[-81.540471000326207,41.0752999992363]}},
{"type":"Feature","properties":{"kind":"ph","name":"Tremont Pointe II","owner":"Cuyahoga Metropolitan Housing Authority","addr":"2539 W 5th St","city":"Cleveland","units":5,"btype":"row / townhouse","status":null,"built":2009,"rad":null,"eld":-4,"dis":-4,"aunits":null,"prog":null,"pop":null,"reac":null,"expires":null,"rentassist":null},"geometry":{"type":"Point","coordinates":[-81.679353000143394,41.479243998746199]}},
{"type":"Feature","properties":{"kind":"ph","name":"COLONIAL HILLS","owner":"Akron Metropolitan Housing Authority","addr":"121 Colonial Hills Dr","city":"Akron","units":6,"btype":"row / townhouse","status":null,"built":1967,"rad":null,"eld":-4,"dis":-4,"aunits":null,"prog":null,"pop":null,"reac":null,"expires":null,"rentassist":null},"geometry":{"type":"Point","coordinates":[-81.502090000111806,41.1072299991881]}},
{"type":"Feature","properties":{"kind":"ph","name":"HONEY LOCUST GARDEN","owner":"Akron Metropolitan Housing Authority","addr":"3303 Prange Dr","city":"Cuyahoga Falls","units":6,"btype":"walk-up apartments","status":null,"built":1981,"rad":null,"eld":-4,"dis":-4,"aunits":null,"prog":null,"pop":null,"reac":null,"expires":null,"rentassist":null},"geometry":{"type":"Point","coordinates":[-81.5015539996363,41.154869998966298]}},
{"type":"Feature","properties":{"kind":"ph","name":"NEAR WEST","owner":"Cuyahoga Metropolitan Housing Authority","addr":"505 Jefferson Ave","city":"Cleveland","units":2,"btype":"semi-detached / duplex","status":"demolition/disposition draft","built":1990,"rad":null,"eld":-4,"dis":-4,"aunits":null,"prog":null,"pop":null,"reac":null,"expires":null,"rentassist":null},"geometry":{"type":"Point","coordinates":[-81.681725999679401,41.4809139987794]}},
{"type":"Feature","properties":{"kind":"ph","name":"SUMMIT LAKE","owner":"Akron Metropolitan Housing Authority","addr":"1 Socrates Pl","city":"Akron","units":9,"btype":"row / townhouse","status":null,"built":1965,"rad":null,"eld":-4,"dis":-4,"aunits":null,"prog":null,"pop":null,"reac":null,"expires":null,"rentassist":null},"geometry":{"type":"Point","coordinates":[-81.541899000031094,41.055522999145197]}},
{"type":"Feature","properties":{"kind":"ph","name":"Tremont Pointe II","owner":"Cuyahoga Metropolitan Housing Authority","addr":"505 Marquardt Ave","city":"Cleveland","units":5,"btype":"row / townhouse","status":null,"built":2009,"rad":null,"eld":-4,"dis":-4,"aunits":null,"prog":null,"pop":null,"reac":null,"expires":null,"rentassist":null},"geometry":{"type":"Point","coordinates":[-81.679924999705605,41.479389998865003]}},
{"type":"Feature","properties":{"kind":"ph","name":"Riverview Replacement","owner":"Cuyahoga Metropolitan Housing Authority","addr":"3374 W 135th St","city":"Cleveland","units":1,"btype":"single-family house","status":null,"built":null,"rad":null,"eld":-4,"dis":-4,"aunits":null,"prog":null,"pop":null,"reac":null,"expires":null,"rentassist":null},"geometry":{"type":"Point","coordinates":[-81.785231999553105,41.460700998748401]}},
{"type":"Feature","properties":{"kind":"ph","name":"Riverview Replacement","owner":"Cuyahoga Metropolitan Housing Authority","addr":"3433 W 120th St","city":"Cleveland","units":1,"btype":"single-family house","status":null,"built":1920,"rad":null,"eld":-4,"dis":-4,"aunits":null,"prog":null,"pop":null,"reac":null,"expires":null,"rentassist":null},"geometry":{"type":"Point","coordinates":[-81.771607000110606,41.459226999086397]}},
{"type":"Feature","properties":{"kind":"ph","name":"Willow Run","owner":"Akron Metropolitan Housing Authority","addr":"1376 Doty Dr","city":"Akron","units":4,"btype":"row / townhouse","status":null,"built":1981,"rad":null,"eld":-4,"dis":-4,"aunits":null,"prog":null,"pop":null,"reac":null,"expires":null,"rentassist":null},"geometry":{"type":"Point","coordinates":[-81.459579999695194,41.023957998745303]}},
{"type":"Feature","properties":{"kind":"ph","name":"PINEWOOD GARDENS","owner":"Akron Metropolitan Housing Authority","addr":"8776 Ray Ct Apt 1","city":"Twinsburg","units":8,"btype":"walk-up apartments","status":null,"built":1980,"rad":null,"eld":-4,"dis":-4,"aunits":null,"prog":null,"pop":null,"reac":null,"expires":null,"rentassist":null},"geometry":{"type":"Point","coordinates":[-81.459249999982305,41.308858999339201]}},
{"type":"Feature","properties":{"kind":"ph","name":"NEAR WEST","owner":"Cuyahoga Metropolitan Housing Authority","addr":"515 Jefferson Ave","city":"Cleveland","units":2,"btype":"semi-detached / duplex","status":"demolition/disposition draft","built":1990,"rad":null,"eld":-4,"dis":-4,"aunits":null,"prog":null,"pop":null,"reac":null,"expires":null,"rentassist":null},"geometry":{"type":"Point","coordinates":[-81.681770000060297,41.480887998895902]}},
{"type":"Feature","properties":{"kind":"ph","name":"Scattered Sites","owner":"Akron Metropolitan Housing Authority","addr":"918 Caddo Ave","city":"Akron","units":1,"btype":"single-family house","status":null,"built":1975,"rad":null,"eld":-4,"dis":-4,"aunits":null,"prog":null,"pop":null,"reac":null,"expires":null,"rentassist":null},"geometry":{"type":"Point","coordinates":[-81.472836999790005,41.089246999029001]}},
{"type":"Feature","properties":{"kind":"ph","name":"Riverview Replacement","owner":"Cuyahoga Metropolitan Housing Authority","addr":"10232 Adelaide Ave","city":"Cleveland","units":1,"btype":"single-family house","status":null,"built":null,"rad":null,"eld":-4,"dis":-4,"aunits":null,"prog":null,"pop":null,"reac":null,"expires":null,"rentassist":null},"geometry":{"type":"Point","coordinates":[-81.754808000342706,41.459338998859302]}},
{"type":"Feature","properties":{"kind":"ph","name":"East Side Neighborhood Homes","owner":"Cuyahoga Metropolitan Housing Authority","addr":"2229 E 78th St","city":"Cleveland","units":1,"btype":"single-family house","status":null,"built":2005,"rad":null,"eld":-4,"dis":-4,"aunits":null,"prog":null,"pop":null,"reac":null,"expires":null,"rentassist":null},"geometry":{"type":"Point","coordinates":[-81.6343210002278,41.498566999053999]}},
{"type":"Feature","properties":{"kind":"ph","name":"WILKES-VILLA","owner":"Lorain Metropolitan Housing Authority","addr":"177 Brace Ave Apt","city":"Elyria","units":1,"btype":"single-family house","status":null,"built":1996,"rad":null,"eld":-4,"dis":-4,"aunits":null,"prog":null,"pop":null,"reac":null,"expires":null,"rentassist":null},"geometry":{"type":"Point","coordinates":[-82.126655000405506,41.387375999196003]}},
{"type":"Feature","properties":{"kind":"ph","name":"OUTHWAITE","owner":"Cuyahoga Metropolitan Housing Authority","addr":"4105 Woodland Ave","city":"Cleveland","units":17,"btype":"row / townhouse","status":null,"built":1942,"rad":null,"eld":-4,"dis":-4,"aunits":null,"prog":null,"pop":null,"reac":null,"expires":null,"rentassist":null},"geometry":{"type":"Point","coordinates":[-81.656763999941504,41.489186998964399]}},
{"type":"Feature","properties":{"kind":"ph","name":"Valley View","owner":"Akron Metropolitan Housing Authority","addr":"909 Springdale St","city":"Akron","units":4,"btype":"row / townhouse","status":null,"built":1970,"rad":null,"eld":-4,"dis":-4,"aunits":null,"prog":null,"pop":null,"reac":null,"expires":null,"rentassist":null},"geometry":{"type":"Point","coordinates":[-81.521187999795899,41.109938998752597]}},
{"type":"Feature","properties":{"kind":"ph","name":"Edgewood Village 4","owner":"Akron Metropolitan Housing Authority","addr":"495 Westerly Rd","city":"Akron","units":3,"btype":"row / townhouse","status":null,"built":null,"rad":null,"eld":-4,"dis":-4,"aunits":null,"prog":null,"pop":null,"reac":null,"expires":null,"rentassist":null},"geometry":{"type":"Point","coordinates":[-81.540770000076904,41.073687999024003]}},
{"type":"Feature","properties":{"kind":"ph","name":"Edgewood Village South","owner":"Akron Metropolitan Housing Authority","addr":"873 Mallison Ave","city":"Akron","units":3,"btype":"row / townhouse","status":null,"built":2012,"rad":null,"eld":-4,"dis":-4,"aunits":null,"prog":null,"pop":null,"reac":null,"expires":null,"rentassist":null},"geometry":{"type":"Point","coordinates":[-81.542566000027804,41.070741998947497]}},
{"type":"Feature","properties":{"kind":"ph","name":"Bon Sue","owner":"Akron Metropolitan Housing Authority","addr":"35 Susan Ct","city":"Akron","units":8,"btype":"row / townhouse","status":null,"built":1970,"rad":null,"eld":-4,"dis":-4,"aunits":null,"prog":null,"pop":null,"reac":null,"expires":null,"rentassist":null},"geometry":{"type":"Point","coordinates":[-81.560087000044106,41.0620659993441]}},
{"type":"Feature","properties":{"kind":"ph","name":"Scattered Sites","owner":"Akron Metropolitan Housing Authority","addr":"809 Kelly Ave","city":"Akron","units":1,"btype":"single-family house","status":null,"built":null,"rad":null,"eld":-4,"dis":-4,"aunits":null,"prog":null,"pop":null,"reac":null,"expires":null,"rentassist":null},"geometry":{"type":"Point","coordinates":[-81.481450000021695,41.049772998772298]}},
{"type":"Feature","properties":{"kind":"ph","name":"KING KENNEDY","owner":"Cuyahoga Metropolitan Housing Authority","addr":"2478 E 61st St","city":"Cleveland","units":5,"btype":"row / townhouse","status":null,"built":2004,"rad":null,"eld":-4,"dis":-4,"aunits":null,"prog":null,"pop":null,"reac":null,"expires":null,"rentassist":null},"geometry":{"type":"Point","coordinates":[-81.648234000448795,41.491280999277201]}},
{"type":"Feature","properties":{"kind":"ph","name":"Tremont Pointe II","owner":"Cuyahoga Metropolitan Housing Authority","addr":"2568 W 5th St","city":"Cleveland","units":4,"btype":"row / townhouse","status":null,"built":2009,"rad":null,"eld":-4,"dis":-4,"aunits":null,"prog":null,"pop":null,"reac":null,"expires":null,"rentassist":null},"geometry":{"type":"Point","coordinates":[-81.679559999832605,41.478866998785001]}},
{"type":"Feature","properties":{"kind":"ph","name":"Scattered Sites","owner":"Akron Metropolitan Housing Authority","addr":"1644 Vicgross Ave","city":"Akron","units":1,"btype":"single-family house","status":null,"built":1959,"rad":null,"eld":-4,"dis":-4,"aunits":null,"prog":null,"pop":null,"reac":null,"expires":null,"rentassist":null},"geometry":{"type":"Point","coordinates":[-81.4691429997809,41.106744999343803]}},
{"type":"Feature","properties":{"kind":"ph","name":"Scattered Sites","owner":"Akron Metropolitan Housing Authority","addr":"1013 Biruta St","city":"Akron","units":1,"btype":"single-family house","status":null,"built":null,"rad":null,"eld":-4,"dis":-4,"aunits":null,"prog":null,"pop":null,"reac":null,"expires":null,"rentassist":null},"geometry":{"type":"Point","coordinates":[-81.564436000354405,41.0625259991807]}},
{"type":"Feature","properties":{"kind":"ph","name":"DOWNTOWN","owner":"Cuyahoga Metropolitan Housing Authority","addr":"2708 Loop Dr","city":"Cleveland","units":4,"btype":"row / townhouse","status":null,"built":1937,"rad":null,"eld":-4,"dis":-4,"aunits":null,"prog":null,"pop":null,"reac":null,"expires":null,"rentassist":null},"geometry":{"type":"Point","coordinates":[-81.709974999720501,41.494535998924597]}},
{"type":"Feature","properties":{"kind":"ph","name":"Edgewood Village South","owner":"Akron Metropolitan Housing Authority","addr":"852 Mallison Ave","city":"Akron","units":2,"btype":"semi-detached / duplex","status":null,"built":2012,"rad":null,"eld":-4,"dis":-4,"aunits":null,"prog":null,"pop":null,"reac":null,"expires":null,"rentassist":null},"geometry":{"type":"Point","coordinates":[-81.542760000196594,41.071477999186399]}},
{"type":"Feature","properties":{"kind":"ph","name":"Scattered Sites","owner":"Akron Metropolitan Housing Authority","addr":"872 Clement St","city":"Akron","units":1,"btype":"single-family house","status":null,"built":null,"rad":null,"eld":-4,"dis":-4,"aunits":null,"prog":null,"pop":null,"reac":null,"expires":null,"rentassist":null},"geometry":{"type":"Point","coordinates":[-81.4880349996006,41.046134999115601]}},
{"type":"Feature","properties":{"kind":"ph","name":"Edgewood Village 4","owner":"Akron Metropolitan Housing Authority","addr":"738 Rita Dove Ln","city":"Akron","units":2,"btype":"semi-detached / duplex","status":null,"built":null,"rad":null,"eld":-4,"dis":-4,"aunits":null,"prog":null,"pop":null,"reac":null,"expires":null,"rentassist":null},"geometry":{"type":"Point","coordinates":[-81.540958000397893,41.074454999013803]}},
{"type":"Feature","properties":{"kind":"ph","name":"OUTHWAITE","owner":"Cuyahoga Metropolitan Housing Authority","addr":"4331 Outhwaite Ave","city":"Cleveland","units":30,"btype":"walk-up apartments","status":null,"built":1937,"rad":null,"eld":8,"dis":19,"aunits":null,"prog":null,"pop":null,"reac":null,"expires":null,"rentassist":null},"geometry":{"type":"Point","coordinates":[-81.657944999774202,41.490949998976802]}},
{"type":"Feature","properties":{"kind":"ph","name":"Scattered Sites","owner":"Akron Metropolitan Housing Authority","addr":"1155 Seward Ave","city":"Akron","units":2,"btype":"semi-detached / duplex","status":null,"built":1960,"rad":null,"eld":-4,"dis":-4,"aunits":null,"prog":null,"pop":null,"reac":null,"expires":null,"rentassist":null},"geometry":{"type":"Point","coordinates":[-81.571492000111505,41.077932999118701]}},
{"type":"Feature","properties":{"kind":"ph","name":"Scattered Sites","owner":"Akron Metropolitan Housing Authority","addr":"102 Brighton Dr","city":"Akron","units":1,"btype":"single-family house","status":null,"built":null,"rad":null,"eld":-4,"dis":-4,"aunits":null,"prog":null,"pop":null,"reac":null,"expires":null,"rentassist":null},"geometry":{"type":"Point","coordinates":[-81.523778999790096,41.047241998809398]}},
{"type":"Feature","properties":{"kind":"ph","name":"LAKEVIEW PLAZA","owner":"Lorain Metropolitan Housing Authority","addr":"1535 Colorado Ave Apt","city":"Lorain","units":1,"btype":"single-family house","status":null,"built":1996,"rad":null,"eld":-4,"dis":-4,"aunits":null,"prog":null,"pop":null,"reac":null,"expires":null,"rentassist":null},"geometry":{"type":"Point","coordinates":[-82.155250000053101,41.465494998930197]}},
{"type":"Feature","properties":{"kind":"ph","name":"Scattered Sites","owner":"Akron Metropolitan Housing Authority","addr":"900 Peerless Ave","city":"Akron","units":1,"btype":"single-family house","status":null,"built":1931,"rad":null,"eld":-4,"dis":-4,"aunits":null,"prog":null,"pop":null,"reac":null,"expires":null,"rentassist":null},"geometry":{"type":"Point","coordinates":[-81.558455000124695,41.079707999064603]}},
{"type":"Feature","properties":{"kind":"pba","name":"AMBLESIDE TOWERS","owner":"Cuyahoga Metropolitan Housing Authority","addr":"2190 Ambleside Dr","city":"Cleveland","units":201,"btype":null,"status":null,"built":null,"rad":null,"eld":40,"dis":91,"aunits":201,"prog":"Sec 8 NC","pop":"Elderly","reac":80,"expires":2036,"rentassist":null},"geometry":{"type":"Point","coordinates":[-81.604511000412401,41.498421998887999]}},
{"type":"Feature","properties":{"kind":"pba","name":"AKRON 73","owner":"Akron Metropolitan Housing Authority","addr":"616 Darrow Rd","city":"Akron","units":73,"btype":null,"status":null,"built":null,"rad":null,"eld":5,"dis":13,"aunits":73,"prog":"Sec 8 NC","pop":"Indv. families - not eld/ handicap","reac":92,"expires":2038,"rentassist":null},"geometry":{"type":"Point","coordinates":[-81.441978000386399,41.079803998747103]}},
{"type":"Feature","properties":{"kind":"pba","name":"ORCHARD PARK","owner":"Akron Metropolitan Housing Authority","addr":"952 Chinook Ave","city":"Akron","units":14,"btype":null,"status":null,"built":null,"rad":null,"eld":36,"dis":22,"aunits":14,"prog":"Sec 8 NC","pop":"Indv. families - not eld/ handicap","reac":96,"expires":2038,"rentassist":null},"geometry":{"type":"Point","coordinates":[-81.470966000394299,41.0897439993701]}},
{"type":"Feature","properties":{"kind":"pba","name":"SENECA GROVE APARTMENTS","owner":"Millennia Housing Management Ltd","addr":"707 Argonne Dr","city":"Painesville","units":132,"btype":null,"status":null,"built":null,"rad":null,"eld":5,"dis":5,"aunits":132,"prog":"Sec 8 NC","pop":"Indv. families - not eld/ handicap","reac":89,"expires":2032,"rentassist":null},"geometry":{"type":"Point","coordinates":[-81.250032000204996,41.7413149992014]}},
{"type":"Feature","properties":{"kind":"pba","name":"AMESBURY ROSALIND ESTATES","owner":"Abel Bishop Clarke Realty","addr":"9300 Amesbury Ave","city":"Cleveland","units":66,"btype":null,"status":null,"built":null,"rad":null,"eld":10,"dis":4,"aunits":66,"prog":"Sec 8 NC","pop":"Indv. families - not eld/ handicap","reac":80,"expires":2034,"rentassist":null},"geometry":{"type":"Point","coordinates":[-81.621593999862398,41.509507999062997]}},
{"type":"Feature","properties":{"kind":"pba","name":"ABINGTON ARMS","owner":"The Finch Group Inc","addr":"11501 Mayfield Rd","city":"Cleveland","units":152,"btype":null,"status":null,"built":null,"rad":null,"eld":96,"dis":15,"aunits":152,"prog":"202/8 NC","pop":"Wholly Elderly Housekeeping","reac":96,"expires":2037,"rentassist":null},"geometry":{"type":"Point","coordinates":[-81.603210999855705,41.508780999122997]}},
{"type":"Feature","properties":{"kind":"pba","name":"ASIAN EVERGREEN APARTMENTS","owner":"Retiree Housing Management, Inc.","addr":"3843 Payne Ave","city":"Cleveland","units":43,"btype":null,"status":null,"built":null,"rad":null,"eld":100,"dis":0,"aunits":43,"prog":"PRAC/202","pop":"Wholly Elderly Housekeeping","reac":93,"expires":2028,"rentassist":null},"geometry":{"type":"Point","coordinates":[-81.661285999605795,41.510166999129297]}},
{"type":"Feature","properties":{"kind":"pba","name":"ANN TUBBS ESTATES","owner":"Summit Management Services Inc","addr":"201 Northland Dr","city":"Medina","units":40,"btype":null,"status":null,"built":null,"rad":null,"eld":23,"dis":95,"aunits":39,"prog":"202/8 NC","pop":"Wholly physically handicapped","reac":99,"expires":2028,"rentassist":null},"geometry":{"type":"Point","coordinates":[-81.866071000305595,41.152306999381402]}},
{"type":"Feature","properties":{"kind":"pba","name":"BEACHPARK TOWER APTS","owner":"Millennia Housing Management Ltd","addr":"33687 Lake Rd","city":"Avon Lake","units":150,"btype":null,"status":null,"built":null,"rad":null,"eld":93,"dis":12,"aunits":150,"prog":"Sec 8 NC","pop":"Wholly elderly congregate","reac":91,"expires":2036,"rentassist":null},"geometry":{"type":"Point","coordinates":[-82.057361000360899,41.502431998753302]}},
{"type":"Feature","properties":{"kind":"pba","name":"ANDREWS PLACE APARTMENTS","owner":"Millennia Housing Management Ltd","addr":"7766 Salida Rd","city":"Mentor On The Lake","units":78,"btype":null,"status":null,"built":null,"rad":null,"eld":64,"dis":14,"aunits":78,"prog":"Sec 8 NC","pop":"Indv. families - not eld/ handicap","reac":78,"expires":2027,"rentassist":null},"geometry":{"type":"Point","coordinates":[-81.362747000162202,41.717340998919198]}},
{"type":"Feature","properties":{"kind":"pba","name":"ABYSSINIA TOWER","owner":"Abel Bishop Clarke Realty","addr":"10401 Superior Ave","city":"Cleveland","units":69,"btype":null,"status":null,"built":null,"rad":null,"eld":68,"dis":71,"aunits":69,"prog":"202/8 NC","pop":"Wholly Elderly Housekeeping","reac":97,"expires":2032,"rentassist":null},"geometry":{"type":"Point","coordinates":[-81.616663999769102,41.521733998856199]}},
{"type":"Feature","properties":{"kind":"pba","name":"CAMPBELL COURT APARTMENTS","owner":"Silver Tree Residential LLC","addr":"16650 Van Aken Blvd","city":"Shaker Heights","units":82,"btype":null,"status":null,"built":null,"rad":null,"eld":99,"dis":6,"aunits":81,"prog":"202/8 NC","pop":"Wholly Elderly Housekeeping","reac":98,"expires":2045,"rentassist":null},"geometry":{"type":"Point","coordinates":[-81.5642029998276,41.466264998807503]}},
{"type":"Feature","properties":{"kind":"pba","name":"LOUREXIS II","owner":"Abel Bishop Clarke Realty","addr":"5125 Hector Ave","city":"Cleveland","units":50,"btype":null,"status":null,"built":null,"rad":null,"eld":98,"dis":33,"aunits":50,"prog":"PRAC/202","pop":"Wholly Elderly Housekeeping","reac":93,"expires":2030,"rentassist":null},"geometry":{"type":"Point","coordinates":[-81.652853000197396,41.4713779992273]}},
{"type":"Feature","properties":{"kind":"pba","name":"CARNEGIE TOWER AT FAIRFAX","owner":"National Church Residences","addr":"8920 Carnegie Ave","city":"Cleveland","units":171,"btype":null,"status":null,"built":null,"rad":null,"eld":82,"dis":26,"aunits":171,"prog":"LMSA","pop":"Elderly","reac":95,"expires":2040,"rentassist":null},"geometry":{"type":"Point","coordinates":[-81.624276000093204,41.501204999014398]}},
{"type":"Feature","properties":{"kind":"pba","name":"BOOKER T. WASHINGTON","owner":"J & S Management Company, Inc.","addr":"3002 Fulmer Rd","city":"Lorain","units":40,"btype":null,"status":null,"built":null,"rad":null,"eld":68,"dis":57,"aunits":39,"prog":"202/8 NC","pop":"Wholly physically handicapped","reac":98,"expires":2033,"rentassist":null},"geometry":{"type":"Point","coordinates":[-82.228166999961701,41.443036999398203]}},
{"type":"Feature","properties":{"kind":"pba","name":"BRECKENRIDGE  VILLAGE","owner":"Ohio Living Communities","addr":"36853 Ridge Rd","city":"Willoughby","units":150,"btype":null,"status":null,"built":null,"rad":null,"eld":97,"dis":10,"aunits":125,"prog":"202/8 NC","pop":"Wholly Elderly Housekeeping","reac":97,"expires":2033,"rentassist":null},"geometry":{"type":"Point","coordinates":[-81.424105999842496,41.618760999398802]}},
{"type":"Feature","properties":{"kind":"pba","name":"BRITTAIN WOODS","owner":"Brittain Woods LLC","addr":"1079 Brittain Rd","city":"Akron","units":38,"btype":null,"status":null,"built":null,"rad":null,"eld":53,"dis":76,"aunits":38,"prog":"Sec 8 SR","pop":"Elderly","reac":91,"expires":2031,"rentassist":null},"geometry":{"type":"Point","coordinates":[-81.466484999839594,41.092496999100703]}},
{"type":"Feature","properties":{"kind":"pba","name":"BOULEVARD TERRACE","owner":"Arnold-Grounds Apartment Management & Affordable Housing Specialist LLC","addr":"10119 Detroit Ave","city":"Cleveland","units":116,"btype":null,"status":null,"built":null,"rad":null,"eld":19,"dis":6,"aunits":116,"prog":"LMSA","pop":"Indv. families - not eld/ handicap","reac":39,"expires":2032,"rentassist":null},"geometry":{"type":"Point","coordinates":[-81.754682999770907,41.479848999129104]}},
{"type":"Feature","properties":{"kind":"pba","name":"BRIARWOOD ESTATES","owner":"Owner's Management Company","addr":"3969 Mayfair Rd","city":"Green","units":124,"btype":null,"status":null,"built":null,"rad":null,"eld":7,"dis":9,"aunits":124,"prog":"Sec 8 NC","pop":"Indv. families - not eld/ handicap","reac":97,"expires":2027,"rentassist":null},"geometry":{"type":"Point","coordinates":[-81.436438000197697,40.959895999353797]}},
{"type":"Feature","properties":{"kind":"pba","name":"BOARDWALK GLENVILLE APARTMENTS","owner":"RHM Real Estate Inc","addr":"586 E 105th St","city":"Cleveland","units":173,"btype":null,"status":null,"built":null,"rad":null,"eld":5,"dis":8,"aunits":173,"prog":"Sec 8 SR / Sec 8 SR","pop":"Indv. families - not eld/ handicap","reac":null,"expires":2042,"rentassist":null},"geometry":{"type":"Point","coordinates":[-81.615749999900103,41.541286998802299]}},
{"type":"Feature","properties":{"kind":"pba","name":"SAINT CLAIR HOUSE","owner":"Murtis Taylor Human Services System","addr":"8118 Saint Clair Ave","city":"Cleveland","units":10,"btype":null,"status":null,"built":null,"rad":null,"eld":-4,"dis":-4,"aunits":10,"prog":"PRAC/811","pop":"Chronically Mentally Ill","reac":99,"expires":2026,"rentassist":null},"geometry":{"type":"Point","coordinates":[-81.632126000068695,41.531018998785697]}},
{"type":"Feature","properties":{"kind":"pba","name":"WILLOWOOD MANOR","owner":"LSC SERVICE CORPORATION dba Barton Communities","addr":"20665 Lorain Rd","city":"Fairview Park","units":70,"btype":null,"status":null,"built":null,"rad":null,"eld":99,"dis":1,"aunits":69,"prog":"202/8 NC","pop":"Wholly Elderly Housekeeping","reac":100,"expires":2038,"rentassist":null},"geometry":{"type":"Point","coordinates":[-81.848958999644907,41.447385999062398]}},
{"type":"Feature","properties":{"kind":"pba","name":"WILLIAM E. FOWLER, SR. APTS. II","owner":"Summit Management Services Inc","addr":"37 Byers Ave","city":"Akron","units":100,"btype":null,"status":null,"built":null,"rad":null,"eld":57,"dis":77,"aunits":100,"prog":"Sec 8 NC","pop":"Elderly","reac":97,"expires":2033,"rentassist":null},"geometry":{"type":"Point","coordinates":[-81.5404160000746,41.093955999297897]}},
{"type":"Feature","properties":{"kind":"pba","name":"PINZONE TOWERS APARTMENTS","owner":"CHN Real Estate Services LLC","addr":"21900 Addington Blvd","city":"Rocky River","units":100,"btype":null,"status":null,"built":null,"rad":null,"eld":76,"dis":45,"aunits":100,"prog":"202/8 NC","pop":"Wholly Elderly Housekeeping","reac":98,"expires":2039,"rentassist":null},"geometry":{"type":"Point","coordinates":[-81.8617699996759,41.456376998788798]}},
{"type":"Feature","properties":{"kind":"pba","name":"Portage Trail Village AL (S8)","owner":"National Church Residences","addr":"45 Cathedral Ln","city":"Cuyahoga Falls","units":71,"btype":null,"status":null,"built":null,"rad":null,"eld":96,"dis":8,"aunits":71,"prog":"LMSA","pop":"Assisted Living Care","reac":93,"expires":2045,"rentassist":null},"geometry":{"type":"Point","coordinates":[-81.510699999970498,41.137899998939098]}},
{"type":"Feature","properties":{"kind":"pba","name":"JEWISH SENIOR HOUSING OF AKRON","owner":"Summit Management Services Inc","addr":"710 White Pond Dr","city":"Akron","units":101,"btype":null,"status":null,"built":null,"rad":null,"eld":83,"dis":47,"aunits":100,"prog":"Sec 8 NC","pop":"Wholly Elderly Housekeeping","reac":96,"expires":2033,"rentassist":null},"geometry":{"type":"Point","coordinates":[-81.588854000119099,41.097221999398002]}},
{"type":"Feature","properties":{"kind":"pba","name":"FRIENDSHIP TERRACE APARTMENTS","owner":"Alpha Phi Alpha Homes Inc","addr":"3350 Prange Dr","city":"Cuyahoga Falls","units":40,"btype":null,"status":null,"built":null,"rad":null,"eld":72,"dis":62,"aunits":39,"prog":"202/8 NC","pop":"Wholly physically handicapped","reac":99,"expires":2037,"rentassist":null},"geometry":{"type":"Point","coordinates":[-81.501552999811395,41.155471998781501]}},
{"type":"Feature","properties":{"kind":"pba","name":"MUSICIANS TOWERS","owner":"Capital Realty Group Inc","addr":"2727 Lancashire Rd","city":"Cleveland Heights","units":240,"btype":null,"status":null,"built":null,"rad":null,"eld":92,"dis":18,"aunits":192,"prog":"LMSA","pop":"Wholly Elderly Housekeeping","reac":97,"expires":2040,"rentassist":null},"geometry":{"type":"Point","coordinates":[-81.582283999710498,41.508469999139002]}},
{"type":"Feature","properties":{"kind":"pba","name":"SHAKER PLACE APARTMENTS","owner":"Volunteers of America National Housing Corporation","addr":"3600 Northfield Rd","city":"Highland Hills","units":81,"btype":null,"status":null,"built":null,"rad":null,"eld":99,"dis":19,"aunits":80,"prog":"Sec 8 NC","pop":"Wholly Elderly Housekeeping","reac":95,"expires":2034,"rentassist":null},"geometry":{"type":"Point","coordinates":[-81.532915999903494,41.4602209994002]}},
{"type":"Feature","properties":{"kind":"pba","name":"SKIBO HOMES","owner":"S & F MANAGEMENT CO., INC.","addr":"1414 W 85th St","city":"Cleveland","units":49,"btype":null,"status":null,"built":null,"rad":null,"eld":18,"dis":10,"aunits":49,"prog":"Sec 8 SR","pop":"Indv. families - not eld/ handicap","reac":87,"expires":2028,"rentassist":null},"geometry":{"type":"Point","coordinates":[-81.743646999774498,41.480109999056701]}},
{"type":"Feature","properties":{"kind":"pba","name":"THERAPEUTIC COMMUNITY","owner":"Murtis Taylor Human Services System","addr":"11410 Buckeye Rd","city":"Cleveland","units":13,"btype":null,"status":null,"built":null,"rad":null,"eld":-4,"dis":-4,"aunits":8,"prog":"202/8 NC","pop":"Chronically Mentally Ill","reac":99,"expires":2028,"rentassist":null},"geometry":{"type":"Point","coordinates":[-81.605571999696195,41.481134999050603]}},
{"type":"Feature","properties":{"kind":"pba","name":"MAH SHEFFIELD VISTAS","owner":"MAXIMUM ACCESSIBLE HOUSING-SHEFFIELD","addr":"1480 Lincoln Blvd","city":"Sheffield","units":24,"btype":null,"status":null,"built":null,"rad":null,"eld":26,"dis":85,"aunits":23,"prog":"PRAC/811","pop":"Wholly physically disabled","reac":100,"expires":2026,"rentassist":null},"geometry":{"type":"Point","coordinates":[-82.148729000048306,41.423346999007002]}},
{"type":"Feature","properties":{"kind":"pba","name":"MAH CIRCLE VISTAS","owner":"MAXIMUM ACCESSIBLE HOUSING-CIRCLE","addr":"1725 E 115th St","city":"Cleveland","units":36,"btype":null,"status":null,"built":null,"rad":null,"eld":47,"dis":79,"aunits":36,"prog":"202/8 NC","pop":"Wholly physically handicapped","reac":95,"expires":2029,"rentassist":null},"geometry":{"type":"Point","coordinates":[-81.604162000433007,41.511479999294103]}},
{"type":"Feature","properties":{"kind":"pba","name":"HARR PLAZA","owner":"Lorain Metropolitan Housing Authority","addr":"15 Chestnut St","city":"Elyria","units":100,"btype":null,"status":null,"built":null,"rad":null,"eld":39,"dis":88,"aunits":100,"prog":"Sec 8 NC","pop":"Wholly Elderly Housekeeping","reac":95,"expires":2039,"rentassist":null},"geometry":{"type":"Point","coordinates":[-82.112295000295902,41.3701029989384]}},
{"type":"Feature","properties":{"kind":"pba","name":"SEVERANCE TOWERS","owner":"Cuyahoga Metropolitan Housing Authority","addr":"25 Severance Cir","city":"Cleveland Heights","units":190,"btype":null,"status":null,"built":null,"rad":null,"eld":49,"dis":87,"aunits":190,"prog":"Sec 8 NC","pop":"Elderly","reac":92,"expires":2036,"rentassist":null},"geometry":{"type":"Point","coordinates":[-81.553439999642606,41.514421999388503]}},
{"type":"Feature","properties":{"kind":"pba","name":"SHAKER BOULEVARD GARDENS","owner":"Independent Management Services","addr":"2781 E 108th St","city":"Cleveland","units":73,"btype":null,"status":null,"built":null,"rad":null,"eld":0,"dis":0,"aunits":73,"prog":"Sec 8 SR","pop":"Indv. families - not eld/ handicap","reac":null,"expires":2035,"rentassist":null},"geometry":{"type":"Point","coordinates":[-81.609490000011206,41.465032999057499]}},
{"type":"Feature","properties":{"kind":"pba","name":"ERIE SQUARE #1","owner":"CHN Housing Partners","addr":"7621 Euclid Ave","city":"Cleveland","units":89,"btype":null,"status":null,"built":null,"rad":null,"eld":12,"dis":20,"aunits":89,"prog":"LMSA","pop":"Indv. families - not eld/ handicap","reac":83,"expires":2044,"rentassist":null},"geometry":{"type":"Point","coordinates":[-81.635425999892504,41.504110999331097]}},
{"type":"Feature","properties":{"kind":"pba","name":"CEDAR CENTER APARTMENTS","owner":"Millennia Housing Management Ltd","addr":"14050 Cedar Rd","city":"University Heights","units":82,"btype":null,"status":null,"built":null,"rad":null,"eld":91,"dis":26,"aunits":81,"prog":"202/8 NC","pop":"Wholly Elderly Housekeeping","reac":93,"expires":2029,"rentassist":null},"geometry":{"type":"Point","coordinates":[-81.534428999997104,41.501193998964801]}},
{"type":"Feature","properties":{"kind":"pba","name":"SCOTTSDALE GROUP HOME","owner":"JEWISH FAMILY SERVICE ASSOCIATION OF CLEVELAND","addr":"2245 S Green Rd","city":"Cleveland","units":6,"btype":null,"status":null,"built":null,"rad":null,"eld":-4,"dis":-4,"aunits":6,"prog":"PRAC/811","pop":"Chronically Mentally Ill","reac":86,"expires":2026,"rentassist":null},"geometry":{"type":"Point","coordinates":[-81.517087999905897,41.498438998896397]}},
{"type":"Feature","properties":{"kind":"pba","name":"HERITAGE SQUARE","owner":"TABLE ROCK, INC.","addr":"200 Marts Pl","city":"Wellington","units":56,"btype":null,"status":null,"built":null,"rad":null,"eld":64,"dis":50,"aunits":56,"prog":"515/8 NC","pop":"Elderly","reac":81,"expires":2029,"rentassist":null},"geometry":{"type":"Point","coordinates":[-82.212061999954798,41.169505999346903]}},
{"type":"Feature","properties":{"kind":"pba","name":"CALLIS TOWER","owner":"Alpha Phi Alpha Homes Inc","addr":"730 Callis Dr","city":"Akron","units":277,"btype":null,"status":null,"built":null,"rad":null,"eld":73,"dis":46,"aunits":191,"prog":"LMSA","pop":"Elderly","reac":90,"expires":2040,"rentassist":null},"geometry":{"type":"Point","coordinates":[-81.5331069996992,41.066325999231502]}},
{"type":"Feature","properties":{"kind":"pba","name":"SCHNURMANN HOUSE","owner":"Schnurmann House Inc","addr":"1223 Julius Weil Dr","city":"Mayfield Heights","units":198,"btype":null,"status":null,"built":null,"rad":null,"eld":100,"dis":0,"aunits":97,"prog":"LMSA","pop":"Wholly Elderly Housekeeping","reac":92,"expires":2038,"rentassist":null},"geometry":{"type":"Point","coordinates":[-81.437013999957898,41.527107998775598]}},
{"type":"Feature","properties":{"kind":"pba","name":"WESTERLY III","owner":"LSC SERVICE CORPORATION dba Barton Communities","addr":"14312 Detroit Ave","city":"Lakewood","units":179,"btype":null,"status":null,"built":null,"rad":null,"eld":100,"dis":0,"aunits":26,"prog":"LMSA","pop":"Elderly","reac":92,"expires":2035,"rentassist":null},"geometry":{"type":"Point","coordinates":[-81.794320000161093,41.485246999160502]}},
{"type":"Feature","properties":{"kind":"pba","name":"MORNING STAR TOWER","owner":"Millennia Housing Management Ltd","addr":"10600 Saint Clair Ave","city":"Cleveland","units":200,"btype":null,"status":null,"built":null,"rad":null,"eld":54,"dis":73,"aunits":200,"prog":"HFDA/8 NC","pop":"Wholly Elderly Housekeeping","reac":81,"expires":2026,"rentassist":null},"geometry":{"type":"Point","coordinates":[-81.612939999622796,41.539738999299303]}},
{"type":"Feature","properties":{"kind":"pba","name":"SHAMROCK PLACE","owner":"SHAMROCK PLACE","addr":"908 N State St","city":"Painesville","units":56,"btype":null,"status":null,"built":null,"rad":null,"eld":-4,"dis":-4,"aunits":0,"prog":null,"pop":"Indv. families - not eld/ handicap","reac":null,"expires":null,"rentassist":null},"geometry":{"type":"Point","coordinates":[-81.253715000343405,41.739518999301097]}},
{"type":"Feature","properties":{"kind":"pba","name":"SOUTH HAVEN WOODS","owner":"United Church Homes Inc","addr":"315 Bonnieview Dr","city":"Bedford","units":60,"btype":null,"status":null,"built":null,"rad":null,"eld":94,"dis":17,"aunits":59,"prog":"202/8 NC","pop":"Wholly Elderly Housekeeping","reac":86,"expires":2034,"rentassist":null},"geometry":{"type":"Point","coordinates":[-81.524341000204899,41.4042919988457]}},
{"type":"Feature","properties":{"kind":"pba","name":"MIDVIEW CROSSING","owner":"Independent Management Services","addr":"1864 Middle Ave","city":"Elyria","units":138,"btype":null,"status":null,"built":null,"rad":null,"eld":2,"dis":2,"aunits":138,"prog":"LMSA","pop":"Indv. families - not eld/ handicap","reac":95,"expires":2034,"rentassist":null},"geometry":{"type":"Point","coordinates":[-82.107335999890196,41.348104998739799]}},
{"type":"Feature","properties":{"kind":"pba","name":"SACRED HEART MANOR","owner":"RHM Real Estate Inc","addr":"4285 Pearl Ave","city":"Lorain","units":51,"btype":null,"status":null,"built":null,"rad":null,"eld":86,"dis":32,"aunits":50,"prog":"202/8 NC","pop":"Wholly Elderly Housekeeping","reac":null,"expires":2042,"rentassist":null},"geometry":{"type":"Point","coordinates":[-82.136113000010994,41.430974998841698]}},
{"type":"Feature","properties":{"kind":"pba","name":"NEAL TERRACE","owner":"Arnold-Grounds Apartment Management & Affordable Housing Specialist LLC","addr":"8811 Detroit Ave","city":"Cleveland","units":48,"btype":null,"status":null,"built":null,"rad":null,"eld":6,"dis":1,"aunits":48,"prog":"LMSA","pop":"Indv. families - not eld/ handicap","reac":56,"expires":2032,"rentassist":null},"geometry":{"type":"Point","coordinates":[-81.744740999568506,41.4802719992257]}},
{"type":"Feature","properties":{"kind":"pba","name":"HARMONY PLACE","owner":"Community AIDS Network","addr":"1950 McTaggart Dr","city":"Akron","units":16,"btype":null,"status":null,"built":null,"rad":null,"eld":21,"dis":76,"aunits":15,"prog":"PRAC/811","pop":"Human Acq. Immunodeficiency Virus","reac":76,"expires":2026,"rentassist":null},"geometry":{"type":"Point","coordinates":[-81.578373999791296,41.060929998827397]}},
{"type":"Feature","properties":{"kind":"pba","name":"HELP HOUSING FOR THE DISABLED","owner":"HELP FOUNDATION INC","addr":"6818 Bonna Ave","city":"Cleveland","units":24,"btype":null,"status":null,"built":null,"rad":null,"eld":21,"dis":100,"aunits":24,"prog":"202/8 NC","pop":"Wholly developmentally disabled","reac":97,"expires":2027,"rentassist":null},"geometry":{"type":"Point","coordinates":[-81.644074000284405,41.5210809989278]}},
{"type":"Feature","properties":{"kind":"pba","name":"HELP-SIX CHIMNEYS, INC.","owner":"HELP FOUNDATION, INC.","addr":"3907 Prospect Ave E","city":"Cleveland","units":46,"btype":null,"status":null,"built":null,"rad":null,"eld":22,"dis":100,"aunits":46,"prog":"Sec 8 SR","pop":"Wholly developmentally disabled","reac":95,"expires":2034,"rentassist":null},"geometry":{"type":"Point","coordinates":[-81.658850000320598,41.502279998947401]}},
{"type":"Feature","properties":{"kind":"pba","name":"CHADWICK PLACE","owner":"Wallick Properties Midwest LLC","addr":"160 Ridge Circle Ln","city":"Elyria","units":46,"btype":null,"status":null,"built":null,"rad":null,"eld":9,"dis":6,"aunits":46,"prog":"Sec 8 NC","pop":"Indv. families - not eld/ handicap","reac":90,"expires":2039,"rentassist":null},"geometry":{"type":"Point","coordinates":[-82.156916000307703,41.364547999248103]}},
{"type":"Feature","properties":{"kind":"pba","name":"SAXON VILLAGE","owner":"Owner's Management Company","addr":"265 N Thomas Rd","city":"Tallmadge","units":168,"btype":null,"status":null,"built":null,"rad":null,"eld":10,"dis":18,"aunits":167,"prog":"HFDA/8 NC","pop":"Indv. families - not eld/ handicap","reac":82,"expires":2029,"rentassist":null},"geometry":{"type":"Point","coordinates":[-81.461112999880399,41.108556999361198]}},
{"type":"Feature","properties":{"kind":"pba","name":"MARC APARTMENTS","owner":"Continental Management, LLC","addr":"4733 Lee Rd","city":"Cleveland","units":80,"btype":null,"status":null,"built":null,"rad":null,"eld":97,"dis":21,"aunits":80,"prog":"202/8 NC","pop":"Wholly Elderly Housekeeping","reac":85,"expires":2034,"rentassist":null},"geometry":{"type":"Point","coordinates":[-81.564586000142199,41.4307209990085]}},
{"type":"Feature","properties":{"kind":"pba","name":"SOCIETY ASSISTED LIVING","owner":"SOCIETY ASSISTED LIVING, INC.","addr":"7373 Ryan Rd","city":"Medina","units":4,"btype":null,"status":null,"built":null,"rad":null,"eld":-4,"dis":-4,"aunits":4,"prog":"PRAC/811","pop":"Wholly developmentally disabled","reac":85,"expires":2026,"rentassist":null},"geometry":{"type":"Point","coordinates":[-81.884955999554293,41.072299999231703]}},
{"type":"Feature","properties":{"kind":"pba","name":"LANGSTON COMMONS","owner":"Millennia Housing Management Ltd","addr":"3043 Project Ave","city":"Cleveland","units":88,"btype":null,"status":null,"built":null,"rad":null,"eld":13,"dis":4,"aunits":88,"prog":"LMSA","pop":"Indv. families - not eld/ handicap","reac":71,"expires":2031,"rentassist":null},"geometry":{"type":"Point","coordinates":[-81.665814000016297,41.496074998822799]}},
{"type":"Feature","properties":{"kind":"pba","name":"WILBETH ARLINGTON HOMES","owner":"Redwood Communities Inc","addr":"910 Eller Ave","city":"Akron","units":328,"btype":null,"status":null,"built":null,"rad":null,"eld":5,"dis":6,"aunits":328,"prog":"HFDA/8 SR","pop":"Indv. families - not eld/ handicap","reac":80,"expires":2041,"rentassist":null},"geometry":{"type":"Point","coordinates":[-81.494586999567602,41.035710999374103]}},
{"type":"Feature","properties":{"kind":"pba","name":"SHEVCHENKO MANOR","owner":"RHM Real Estate Inc","addr":"5620 W 24th St","city":"Parma","units":63,"btype":null,"status":null,"built":null,"rad":null,"eld":100,"dis":0,"aunits":62,"prog":"RAD PRAC Conv","pop":"Wholly Elderly Housekeeping","reac":96,"expires":2044,"rentassist":null},"geometry":{"type":"Point","coordinates":[-81.698768999844702,41.410160998822697]}},
{"type":"Feature","properties":{"kind":"pba","name":"SOUTH WESTERLY APARTMENTS","owner":"Millennia Housing Management Ltd","addr":"14401 Detroit Ave","city":"Lakewood","units":65,"btype":null,"status":null,"built":null,"rad":null,"eld":91,"dis":33,"aunits":65,"prog":"Sec 8 SR","pop":"Wholly Elderly Housekeeping","reac":88,"expires":2032,"rentassist":null},"geometry":{"type":"Point","coordinates":[-81.794855999738303,41.485222999009601]}},
{"type":"Feature","properties":{"kind":"pba","name":"HELEN S BROWN TOWER","owner":"Abel Bishop Clarke Realty","addr":"1821 Noble Rd","city":"East Cleveland","units":64,"btype":null,"status":null,"built":null,"rad":null,"eld":69,"dis":81,"aunits":64,"prog":"202/8 NC","pop":"Partially elderly handicapped","reac":98,"expires":2033,"rentassist":null},"geometry":{"type":"Point","coordinates":[-81.567435999704202,41.5433719991006]}},
{"type":"Feature","properties":{"kind":"pba","name":"WILLIAMS TOWER","owner":"Alpha Phi Alpha Homes Inc","addr":"285 Channelwood Cir","city":"Akron","units":148,"btype":null,"status":null,"built":null,"rad":null,"eld":80,"dis":48,"aunits":148,"prog":"202/8 NC","pop":"Wholly Elderly Housekeeping","reac":31,"expires":2030,"rentassist":null},"geometry":{"type":"Point","coordinates":[-81.536234000168903,41.067036999135603]}},
{"type":"Feature","properties":{"kind":"pba","name":"RIVERPARK APARTMENTS","owner":"K & D GROUP Inc","addr":"19350 Puritas Ave","city":"Cleveland","units":100,"btype":null,"status":null,"built":null,"rad":null,"eld":46,"dis":78,"aunits":100,"prog":"Sec 8 NC","pop":"Partially elderly handicapped","reac":98,"expires":2044,"rentassist":null},"geometry":{"type":"Point","coordinates":[-81.835580000249706,41.434380999333698]}},
{"type":"Feature","properties":{"kind":"pba","name":"STOW HOUSING FOR THE ELDERLY","owner":"Alpha Phi Alpha Homes Inc","addr":"2990 Graham Rd","city":"Stow","units":40,"btype":null,"status":null,"built":null,"rad":null,"eld":100,"dis":3,"aunits":39,"prog":"PRAC/202","pop":"Wholly Elderly Housekeeping","reac":84,"expires":2028,"rentassist":null},"geometry":{"type":"Point","coordinates":[-81.408236999837101,41.166403999067803]}},
{"type":"Feature","properties":{"kind":"pba","name":"ALLERTON  APARTMENTS","owner":"Retiree Housing Management, Inc.","addr":"1802 E 13th St","city":"Cleveland","units":199,"btype":null,"status":null,"built":null,"rad":null,"eld":16,"dis":26,"aunits":199,"prog":"LMSA","pop":"Indv. families - not eld/ handicap","reac":82,"expires":2045,"rentassist":null},"geometry":{"type":"Point","coordinates":[-81.683683000187102,41.502417999016302]}},
{"type":"Feature","properties":{"kind":"pba","name":"THE ERICSSON APARTMENTS","owner":"Redwood Communities Inc","addr":"1184 Keys Pl","city":"Akron","units":240,"btype":null,"status":null,"built":null,"rad":null,"eld":5,"dis":3,"aunits":240,"prog":"LMSA","pop":"Indv. families - not eld/ handicap","reac":77,"expires":2044,"rentassist":null},"geometry":{"type":"Point","coordinates":[-81.485673999760195,41.032793998842699]}},
{"type":"Feature","properties":{"kind":"pba","name":"ROSALINE APARTMENTS","owner":"BW Real Estate LLC","addr":"509 Crosby St","city":"Akron","units":36,"btype":null,"status":null,"built":null,"rad":null,"eld":43,"dis":78,"aunits":36,"prog":"Sec 8 SR","pop":"Elderly","reac":81,"expires":2034,"rentassist":null},"geometry":{"type":"Point","coordinates":[-81.534810999588601,41.090656999332701]}},
{"type":"Feature","properties":{"kind":"pba","name":"WESTGATE GARDENS","owner":"Nicklos and ARCO Property Management LLC","addr":"2943 Leavitt Rd","city":"Lorain","units":72,"btype":null,"status":null,"built":null,"rad":null,"eld":8,"dis":7,"aunits":62,"prog":"LMSA","pop":"Indv. families - not eld/ handicap","reac":90,"expires":2042,"rentassist":null},"geometry":{"type":"Point","coordinates":[-82.2026279997405,41.444989999144603]}},
{"type":"Feature","properties":{"kind":"pba","name":"REGENCY SQUARE","owner":"Vesta Management Corporation","addr":"1560 Ansel Rd","city":"Cleveland","units":66,"btype":null,"status":null,"built":null,"rad":null,"eld":11,"dis":3,"aunits":66,"prog":"LMSA","pop":"Indv. families - not eld/ handicap","reac":85,"expires":2033,"rentassist":null},"geometry":{"type":"Point","coordinates":[-81.6198640000338,41.5141749990172]}},
{"type":"Feature","properties":{"kind":"pba","name":"WHITE POND VILLA","owner":"Optimum Affordable Management Company LLC","addr":"477 White Pond Dr","city":"Akron","units":105,"btype":null,"status":null,"built":null,"rad":null,"eld":91,"dis":29,"aunits":68,"prog":"LMSA","pop":"Elderly","reac":95,"expires":2043,"rentassist":null},"geometry":{"type":"Point","coordinates":[-81.585832000129699,41.103909999086]}},
{"type":"Feature","properties":{"kind":"pba","name":"VALLEY ROAD VILLA","owner":"Prestige Management Company Inc.","addr":"4146 Valley Rd","city":"Cleveland","units":90,"btype":null,"status":null,"built":null,"rad":null,"eld":62,"dis":58,"aunits":57,"prog":"LMSA","pop":"Elderly","reac":87,"expires":2027,"rentassist":null},"geometry":{"type":"Point","coordinates":[-81.695216000301002,41.440947998760599]}},
{"type":"Feature","properties":{"kind":"pba","name":"ARBORS OF LUTHER HOUSE","owner":"J & S Management Company, Inc.","addr":"1221 Drury Ct","city":"Mayfield Heights","units":119,"btype":null,"status":null,"built":null,"rad":null,"eld":100,"dis":25,"aunits":43,"prog":"LMSA","pop":"Wholly Elderly Housekeeping","reac":92,"expires":2031,"rentassist":null},"geometry":{"type":"Point","coordinates":[-81.437038000247298,41.526958999172699]}},
{"type":"Feature","properties":{"kind":"pba","name":"WESTERLY I","owner":"LSC SERVICE CORPORATION dba Barton Communities","addr":"14300 Detroit Ave","city":"Lakewood","units":122,"btype":null,"status":null,"built":null,"rad":null,"eld":100,"dis":0,"aunits":31,"prog":"LMSA","pop":"Wholly elderly - hskpg & congregat","reac":94,"expires":2040,"rentassist":null},"geometry":{"type":"Point","coordinates":[-81.793741999852699,41.485599999007199]}},
{"type":"Feature","properties":{"kind":"pba","name":"WEST HIGH APTS","owner":"K & D GROUP Inc","addr":"315 S Maple St","city":"Akron","units":68,"btype":null,"status":null,"built":null,"rad":null,"eld":48,"dis":82,"aunits":68,"prog":"Sec 8 SR","pop":"Elderly","reac":97,"expires":2038,"rentassist":null},"geometry":{"type":"Point","coordinates":[-81.532987999873498,41.085047999348397]}},
{"type":"Feature","properties":{"kind":"pba","name":"MAH LAKE VISTAS","owner":"MAXIMUM ACCESSIBLE HOUSING-LAKE","addr":"5714 Andrews Rd","city":"Mentor On The Lake","units":24,"btype":null,"status":null,"built":null,"rad":null,"eld":54,"dis":89,"aunits":23,"prog":"PRAC/811","pop":"Wholly physically handicapped","reac":100,"expires":2027,"rentassist":null},"geometry":{"type":"Point","coordinates":[-81.361564999606301,41.715878998778599]}},
{"type":"Feature","properties":{"kind":"pba","name":"WESTERLY II","owner":"LSC SERVICE CORPORATION dba Barton Communities","addr":"14306 Detroit Ave","city":"Lakewood","units":154,"btype":null,"status":null,"built":null,"rad":null,"eld":100,"dis":0,"aunits":54,"prog":"LMSA","pop":"Wholly elderly congregate","reac":96,"expires":2037,"rentassist":null},"geometry":{"type":"Point","coordinates":[-81.794150000281704,41.485583998994699]}},
{"type":"Feature","properties":{"kind":"pba","name":"SHAKER PARK GARDENS","owner":"RHM Real Estate Inc","addr":"4317 Northfield Rd","city":"Cleveland","units":151,"btype":null,"status":null,"built":null,"rad":null,"eld":10,"dis":9,"aunits":151,"prog":"Sec 8 SR","pop":"Indv. families - not eld/ handicap","reac":93,"expires":2039,"rentassist":null},"geometry":{"type":"Point","coordinates":[-81.527482999844906,41.442030999055802]}},
{"type":"Feature","properties":{"kind":"pba","name":"WIEDER-SILVER MANOR APTS","owner":"EDEN, INC.","addr":"1452 Forest Hills Blvd","city":"Cleveland Heights","units":9,"btype":null,"status":null,"built":null,"rad":null,"eld":-4,"dis":-4,"aunits":9,"prog":"PRAC/811","pop":"Chronically Mentally Ill","reac":81,"expires":2026,"rentassist":null},"geometry":{"type":"Point","coordinates":[-81.558095000274605,41.521218999277401]}},
{"type":"Feature","properties":{"kind":"pba","name":"DEACONESS-PERRY CENTER","owner":"Deaconess Community Foundation","addr":"13500 Ridge Rd","city":"North Royalton","units":64,"btype":null,"status":null,"built":null,"rad":null,"eld":100,"dis":16,"aunits":63,"prog":"PRAC/202","pop":"Elderly","reac":92,"expires":2029,"rentassist":null},"geometry":{"type":"Point","coordinates":[-81.736030000325798,41.317090999194001]}},
{"type":"Feature","properties":{"kind":"pba","name":"OUR LADY OF ANGELS APARTMENTS","owner":"LSC SERVICE CORPORATION dba Barton Communities","addr":"3648 Rocky River Dr","city":"Cleveland","units":176,"btype":null,"status":null,"built":null,"rad":null,"eld":98,"dis":5,"aunits":176,"prog":"202/8 NC / RAD PRAC Conv","pop":"Wholly Elderly Housekeeping","reac":97,"expires":2040,"rentassist":null},"geometry":{"type":"Point","coordinates":[-81.815977999877205,41.454420999014403]}},
{"type":"Feature","properties":{"kind":"pba","name":"R J GORDON MANOR","owner":"Active Residential Management Services, Inc.","addr":"511 Fuller Rd","city":"Elyria","units":30,"btype":null,"status":null,"built":null,"rad":null,"eld":93,"dis":53,"aunits":30,"prog":"202/8 NC","pop":"Wholly Elderly Housekeeping","reac":89,"expires":2031,"rentassist":null},"geometry":{"type":"Point","coordinates":[-82.103600999873294,41.344869998749601]}},
{"type":"Feature","properties":{"kind":"pba","name":"EUCLID VILLA","owner":"Fairstead Management LLC","addr":"100 Richmond Rd","city":"Euclid","units":505,"btype":null,"status":null,"built":null,"rad":null,"eld":85,"dis":49,"aunits":353,"prog":"LMSA","pop":"Elderly","reac":90,"expires":2038,"rentassist":null},"geometry":{"type":"Point","coordinates":[-81.500178999634798,41.586420998787297]}},
{"type":"Feature","properties":{"kind":"pba","name":"STATESMAN APARTMENTS II","owner":"K & D MANAGEMENT LLC","addr":"16705 Van Aken Blvd","city":"Shaker Heights","units":47,"btype":null,"status":null,"built":null,"rad":null,"eld":85,"dis":50,"aunits":47,"prog":"Sec 8 SR","pop":"Elderly","reac":91,"expires":2033,"rentassist":null},"geometry":{"type":"Point","coordinates":[-81.564575000271603,41.466891998809402]}},
{"type":"Feature","properties":{"kind":"pba","name":"PARK VILLAGE APARTMENTS","owner":"Famicos Foundation","addr":"9221 Hough Ave","city":"Cleveland","units":75,"btype":null,"status":null,"built":null,"rad":null,"eld":11,"dis":6,"aunits":75,"prog":"PD/8 Existing","pop":"Indv. families - not eld/ handicap","reac":null,"expires":2028,"rentassist":null},"geometry":{"type":"Point","coordinates":[-81.622383000057894,41.510393998895303]}},
{"type":"Feature","properties":{"kind":"pba","name":"PARK 85 APTS","owner":"AAPK Property Management LLC","addr":"8500 Superior Ave","city":"Cleveland","units":35,"btype":null,"status":null,"built":null,"rad":null,"eld":7,"dis":2,"aunits":35,"prog":"PD/8 Existing","pop":"Indv. families - not eld/ handicap","reac":66,"expires":2045,"rentassist":null},"geometry":{"type":"Point","coordinates":[-81.628358000439803,41.5202309990391]}},
{"type":"Feature","properties":{"kind":"pba","name":"WEST LAKE GARDENS","owner":"Millennia Housing Management Ltd","addr":"5001 W Erie Ave","city":"Lorain","units":50,"btype":null,"status":null,"built":null,"rad":null,"eld":3,"dis":0,"aunits":50,"prog":"Sec 8 NC","pop":"Indv. families - not eld/ handicap","reac":85,"expires":2027,"rentassist":null},"geometry":{"type":"Point","coordinates":[-82.231183999928305,41.4429739990359]}},
{"type":"Feature","properties":{"kind":"pba","name":"KIRBY MANOR","owner":"National Church Residences","addr":"11500 Detroit Ave","city":"Cleveland","units":147,"btype":null,"status":null,"built":null,"rad":null,"eld":100,"dis":12,"aunits":47,"prog":"SPRAC","pop":"Wholly Elderly Housekeeping","reac":96,"expires":2042,"rentassist":null},"geometry":{"type":"Point","coordinates":[-81.766707999979403,41.483256998854898]}},
{"type":"Feature","properties":{"kind":"pba","name":"GATES MILLS VILLA I","owner":"RA Management LLC","addr":"6755 Mayfield Rd","city":"Mayfield Heights","units":191,"btype":null,"status":null,"built":null,"rad":null,"eld":100,"dis":3,"aunits":167,"prog":"LMSA","pop":"Elderly","reac":100,"expires":2044,"rentassist":null},"geometry":{"type":"Point","coordinates":[-81.435837000323104,41.520290999255003]}},
{"type":"Feature","properties":{"kind":"pba","name":"LIBERTY PLAZA","owner":"Millennia Housing Management Ltd","addr":"251 Abbeyville Rd","city":"Medina","units":106,"btype":null,"status":null,"built":null,"rad":null,"eld":5,"dis":5,"aunits":106,"prog":"Sec 8 NC","pop":"Indv. families - not eld/ handicap","reac":89,"expires":2030,"rentassist":null},"geometry":{"type":"Point","coordinates":[-81.893876999757694,41.1433829990928]}},
{"type":"Feature","properties":{"kind":"pba","name":"SKYLINE TOWER","owner":"Silver Tree Residential LLC","addr":"2250 Community College Ave","city":"Cleveland","units":278,"btype":null,"status":null,"built":null,"rad":null,"eld":82,"dis":38,"aunits":278,"prog":"LMSA","pop":"Wholly Elderly Housekeeping","reac":94,"expires":2045,"rentassist":null},"geometry":{"type":"Point","coordinates":[-81.6731350000872,41.495145999114598]}},
{"type":"Feature","properties":{"kind":"pba","name":"ARLINGTON SQUARE","owner":"Abel Bishop Clarke Realty","addr":"150 David Dr","city":"Elyria","units":60,"btype":null,"status":null,"built":null,"rad":null,"eld":13,"dis":5,"aunits":49,"prog":"LMSA","pop":"Indv. families - not eld/ handicap","reac":98,"expires":2038,"rentassist":null},"geometry":{"type":"Point","coordinates":[-82.107608999701696,41.390391998795103]}},
{"type":"Feature","properties":{"kind":"pba","name":"FENWAY MANOR","owner":"Abel Bishop Clarke Realty","addr":"1986 Stokes Blvd","city":"Cleveland","units":143,"btype":null,"status":null,"built":null,"rad":null,"eld":89,"dis":45,"aunits":143,"prog":"LMSA","pop":"Partially elderly handicapped","reac":100,"expires":2046,"rentassist":null},"geometry":{"type":"Point","coordinates":[-81.613315000439897,41.5055659987433]}},
{"type":"Feature","properties":{"kind":"pba","name":"ROCKEFELLER PARK TOWERS","owner":"Levin Group Inc","addr":"1588 Ansel Rd","city":"Cleveland","units":132,"btype":null,"status":null,"built":null,"rad":null,"eld":52,"dis":61,"aunits":130,"prog":"LMSA","pop":"Wholly Elderly Housekeeping","reac":94,"expires":2028,"rentassist":null},"geometry":{"type":"Point","coordinates":[-81.619756000078695,41.5133889987587]}},
{"type":"Feature","properties":{"kind":"pba","name":"FIRELANDS LORAIN","owner":"Gibraltar Property Management Company LLC","addr":"1025 W Erie Ave","city":"Lorain","units":77,"btype":null,"status":null,"built":null,"rad":null,"eld":73,"dis":32,"aunits":77,"prog":"LMSA","pop":"Wholly Elderly Housekeeping","reac":84,"expires":2044,"rentassist":null},"geometry":{"type":"Point","coordinates":[-82.181045000367405,41.467485998992899]}},
{"type":"Feature","properties":{"kind":"pba","name":"MCNAUGHTON APARTMENTS AKA EXTENDED HOUSING","owner":"EXTENDED HOUSING, INC.","addr":"608 Liberty St","city":"Painesville","units":12,"btype":null,"status":null,"built":null,"rad":null,"eld":25,"dis":100,"aunits":12,"prog":"202/8 NC","pop":"Chronically Mentally Ill","reac":86,"expires":2027,"rentassist":null},"geometry":{"type":"Point","coordinates":[-81.240562000005696,41.712723999044599]}},
{"type":"Feature","properties":{"kind":"pba","name":"LODI AMBASSADOR","owner":"PREMIER MANAGEMENT LLC","addr":"668 Oak Ct","city":"Lodi","units":48,"btype":null,"status":null,"built":null,"rad":null,"eld":65,"dis":65,"aunits":48,"prog":"515/8 NC","pop":"Elderly","reac":95,"expires":2040,"rentassist":null},"geometry":{"type":"Point","coordinates":[-81.996744000122106,41.038971999256603]}},
{"type":"Feature","properties":{"kind":"pba","name":"EUCLID BEACH APARTMENTS","owner":"Fairstead Management LLC","addr":"125 E 156th St","city":"Cleveland","units":811,"btype":null,"status":null,"built":null,"rad":null,"eld":86,"dis":62,"aunits":536,"prog":"LMSA","pop":"Elderly","reac":86,"expires":2045,"rentassist":null},"geometry":{"type":"Point","coordinates":[-81.571826999847204,41.580011999124899]}},
{"type":"Feature","properties":{"kind":"pba","name":"WADSWORTH TOWER","owner":"Medina Metropolitan Housing Authority","addr":"190 Main St","city":"Wadsworth","units":100,"btype":null,"status":null,"built":null,"rad":null,"eld":47,"dis":72,"aunits":100,"prog":"Sec 8 NC","pop":"Wholly Elderly Housekeeping","reac":94,"expires":2039,"rentassist":null},"geometry":{"type":"Point","coordinates":[-81.729901999783095,41.022735998777001]}},
{"type":"Feature","properties":{"kind":"pba","name":"ELLET APARTMENTS","owner":"K & D MANAGEMENT LLC","addr":"2525 Wedgewood Dr","city":"Akron","units":100,"btype":null,"status":null,"built":null,"rad":null,"eld":74,"dis":73,"aunits":100,"prog":"Sec 8 NC","pop":"Elderly","reac":83,"expires":2044,"rentassist":null},"geometry":{"type":"Point","coordinates":[-81.438445999860704,41.0500439991538]}},
{"type":"Feature","properties":{"kind":"pba","name":"QUARRYTOWN","owner":"Cuyahoga Metropolitan Housing Authority","addr":"55 W Bagley Rd","city":"Berea","units":181,"btype":null,"status":null,"built":null,"rad":null,"eld":49,"dis":86,"aunits":180,"prog":"Sec 8 NC","pop":"Wholly Elderly Housekeeping","reac":98,"expires":2036,"rentassist":null},"geometry":{"type":"Point","coordinates":[-81.855036999958998,41.372597998959698]}},
{"type":"Feature","properties":{"kind":"pba","name":"WESLEY TOWER","owner":"Alpha Phi Alpha Homes Inc","addr":"1500 Marion Ave","city":"Akron","units":101,"btype":null,"status":null,"built":null,"rad":null,"eld":80,"dis":50,"aunits":100,"prog":"202/8 NC","pop":"Wholly Elderly Housekeeping","reac":83,"expires":2039,"rentassist":null},"geometry":{"type":"Point","coordinates":[-81.568394999779002,41.107531999191998]}},
{"type":"Feature","properties":{"kind":"pba","name":"DEACONESS-ZANE CENTER aka DEACONESS SENIOR HOUSING","owner":"Foundation Property Management, Inc.","addr":"3105 Devonshire Rd","city":"Cleveland","units":70,"btype":null,"status":null,"built":null,"rad":null,"eld":88,"dis":36,"aunits":69,"prog":"202/8 NC","pop":"Wholly Elderly Housekeeping","reac":99,"expires":2030,"rentassist":null},"geometry":{"type":"Point","coordinates":[-81.703743000318994,41.438928998866402]}},
{"type":"Feature","properties":{"kind":"pba","name":"FEDOR MANOR","owner":"LSC SERVICE CORPORATION dba Barton Communities","addr":"12400 Madison Ave","city":"Lakewood","units":145,"btype":null,"status":null,"built":null,"rad":null,"eld":100,"dis":0,"aunits":145,"prog":"202/8 NC","pop":"Wholly Elderly Housekeeping","reac":83,"expires":2033,"rentassist":null},"geometry":{"type":"Point","coordinates":[-81.775566000433599,41.477075998769401]}},
{"type":"Feature","properties":{"kind":"pba","name":"UNION SQUARE APARTMENTS","owner":"Wallick Properties Midwest LLC","addr":"308 W Union St","city":"Medina","units":84,"btype":null,"status":null,"built":null,"rad":null,"eld":15,"dis":6,"aunits":84,"prog":"Sec 8 NC","pop":"Indv. families - not eld/ handicap","reac":92,"expires":2039,"rentassist":null},"geometry":{"type":"Point","coordinates":[-81.868752999638104,41.144088999389602]}},
{"type":"Feature","properties":{"kind":"pba","name":"SPRINGHILL HOMES","owner":"Brittain Woods LLC","addr":"659 Lessig Ave","city":"Akron","units":30,"btype":null,"status":null,"built":null,"rad":null,"eld":21,"dis":12,"aunits":30,"prog":"Sec 8 NC","pop":"Indv. families - not eld/ handicap","reac":95,"expires":2034,"rentassist":null},"geometry":{"type":"Point","coordinates":[-81.403252000390495,41.033469998779601]}},
{"type":"Feature","properties":{"kind":"pba","name":"VILLA MERCEDE","owner":"MJM Management Company","addr":"1331 W 70th St","city":"Cleveland","units":151,"btype":null,"status":null,"built":null,"rad":null,"eld":75,"dis":50,"aunits":150,"prog":"202/8 NC","pop":"Elderly","reac":90,"expires":2034,"rentassist":null},"geometry":{"type":"Point","coordinates":[-81.733199000132103,41.485230999060903]}},
{"type":"Feature","properties":{"kind":"pba","name":"MEL MYERS-HIGHLAND SQUARE","owner":"BW Real Estate LLC","addr":"506 Crosby St","city":"Akron","units":22,"btype":null,"status":null,"built":null,"rad":null,"eld":0,"dis":15,"aunits":22,"prog":"Sec 8 SR","pop":"Indv. families - not eld/ handicap","reac":59,"expires":2028,"rentassist":null},"geometry":{"type":"Point","coordinates":[-81.535082999575096,41.090771998839202]}},
{"type":"Feature","properties":{"kind":"pba","name":"TALLMADGE ACRES","owner":"K & D MANAGEMENT LLC","addr":"429 South Ave","city":"Tallmadge","units":125,"btype":null,"status":null,"built":null,"rad":null,"eld":80,"dis":32,"aunits":125,"prog":"Sec 8 NC","pop":"Elderly","reac":97,"expires":2034,"rentassist":null},"geometry":{"type":"Point","coordinates":[-81.441134999764202,41.089221999014697]}},
{"type":"Feature","properties":{"kind":"pba","name":"KAPPA HOUSE","owner":"Capital Realty Group Inc","addr":"12450 Shaker Blvd","city":"Cleveland","units":70,"btype":null,"status":null,"built":null,"rad":null,"eld":68,"dis":78,"aunits":69,"prog":"202/8 NC","pop":"Elderly","reac":99,"expires":2030,"rentassist":null},"geometry":{"type":"Point","coordinates":[-81.596073000082797,41.483661999039697]}},
{"type":"Feature","properties":{"kind":"pba","name":"NEWMAN HIGHLAND SQUARE","owner":"Summit Management Services Inc","addr":"264 W Market St","city":"Akron","units":46,"btype":null,"status":null,"built":null,"rad":null,"eld":59,"dis":82,"aunits":46,"prog":"Sec 8 SR","pop":"Partially elderly handicapped","reac":96,"expires":2033,"rentassist":null},"geometry":{"type":"Point","coordinates":[-81.526244000285899,41.089091998786998]}},
{"type":"Feature","properties":{"kind":"pba","name":"HILLTOP HOUSE","owner":"Akron Metropolitan Housing Authority","addr":"303 E Tuscarawas Ave","city":"Barberton","units":77,"btype":null,"status":null,"built":null,"rad":null,"eld":45,"dis":82,"aunits":77,"prog":"Sec 8 SR","pop":"Elderly","reac":95,"expires":2027,"rentassist":null},"geometry":{"type":"Point","coordinates":[-81.595063999779299,41.013013999157799]}},
{"type":"Feature","properties":{"kind":"pba","name":"DEACONESS KRAFFT CTR","owner":"Deaconess Community Foundation","addr":"3100 Devonshire Rd","city":"Cleveland","units":100,"btype":null,"status":null,"built":null,"rad":null,"eld":97,"dis":39,"aunits":100,"prog":"202/8 NC","pop":"Wholly Elderly Housekeeping","reac":86,"expires":2040,"rentassist":null},"geometry":{"type":"Point","coordinates":[-81.703442999844995,41.438796999237397]}},
{"type":"Feature","properties":{"kind":"pba","name":"COLLINSON APARTMENTS","owner":"Abel Bishop Clarke Realty","addr":"1010 Rosemary Blvd","city":"Akron","units":101,"btype":null,"status":null,"built":null,"rad":null,"eld":59,"dis":41,"aunits":100,"prog":"Sec 8 NC","pop":"Elderly","reac":87,"expires":2044,"rentassist":null},"geometry":{"type":"Point","coordinates":[-81.490006000352096,41.035246999151703]}},
{"type":"Feature","properties":{"kind":"pba","name":"MAYFLOWER MANOR","owner":"Mayflower Manor Apartments Ohio LP","addr":"263 S Main St","city":"Akron","units":233,"btype":null,"status":null,"built":null,"rad":null,"eld":70,"dis":57,"aunits":233,"prog":"Sec 8 SR","pop":"Elderly","reac":94,"expires":2039,"rentassist":null},"geometry":{"type":"Point","coordinates":[-81.520473999943405,41.0785629991734]}},
{"type":"Feature","properties":{"kind":"pba","name":"NDC HOMES","owner":"Alpha Phi Alpha Homes Inc","addr":"765 Boulevard St","city":"Akron","units":16,"btype":null,"status":null,"built":null,"rad":null,"eld":15,"dis":6,"aunits":16,"prog":"Sec 8 NC","pop":"Indv. families - not eld/ handicap","reac":83,"expires":2033,"rentassist":null},"geometry":{"type":"Point","coordinates":[-81.535999999817193,41.065488998991697]}},
{"type":"Feature","properties":{"kind":"pba","name":"WILLIAM PRESSER TOWER","owner":"Retiree Housing Management, Inc.","addr":"480 Canton Rd","city":"Akron","units":100,"btype":null,"status":null,"built":null,"rad":null,"eld":85,"dis":33,"aunits":100,"prog":"202/8 NC","pop":"Wholly Elderly Housekeeping","reac":87,"expires":2029,"rentassist":null},"geometry":{"type":"Point","coordinates":[-81.437393000074593,41.0503229990953]}},
{"type":"Feature","properties":{"kind":"pba","name":"PINE TREE VISTAS","owner":"MAXIMUM ACCESSIBLE HOUSING-WEST","addr":"6905 Ridge Rd","city":"Parma","units":40,"btype":null,"status":null,"built":null,"rad":null,"eld":33,"dis":87,"aunits":39,"prog":"202/8 NC","pop":"Wholly physically handicapped","reac":99,"expires":2028,"rentassist":null},"geometry":{"type":"Point","coordinates":[-81.734513000034099,41.377646998933102]}},
{"type":"Feature","properties":{"kind":"pba","name":"THE NEW CLIFTON PLAZA","owner":"Abel Bishop Clarke Realty","addr":"11430 Clifton Blvd","city":"Cleveland","units":108,"btype":null,"status":null,"built":null,"rad":null,"eld":100,"dis":13,"aunits":105,"prog":"LMSA","pop":"Elderly","reac":94,"expires":2042,"rentassist":null},"geometry":{"type":"Point","coordinates":[-81.765714999569397,41.487119998996199]}},
{"type":"Feature","properties":{"kind":"pba","name":"STATE ROAD APARTMENTS","owner":"K & D MANAGEMENT LLC","addr":"2490 State Rd","city":"Cuyahoga Falls","units":72,"btype":null,"status":null,"built":null,"rad":null,"eld":7,"dis":5,"aunits":72,"prog":"Sec 8 SR","pop":"Indv. families - not eld/ handicap","reac":null,"expires":2044,"rentassist":null},"geometry":{"type":"Point","coordinates":[-81.508764000277495,41.141588999031903]}},
{"type":"Feature","properties":{"kind":"pba","name":"FORESTHILL TERRACE","owner":"Fairstead Management LLC","addr":"14030 Terrace Rd","city":"East Cleveland","units":420,"btype":null,"status":null,"built":null,"rad":null,"eld":79,"dis":56,"aunits":388,"prog":"LMSA","pop":"Elderly","reac":88,"expires":2040,"rentassist":null},"geometry":{"type":"Point","coordinates":[-81.581476999971599,41.525465998892798]}},
{"type":"Feature","properties":{"kind":"pba","name":"IVY PLAZA","owner":"IVY PLAZA HOUSING CORPORATION","addr":"11103 Kinsman Rd","city":"Cleveland","units":55,"btype":null,"status":null,"built":null,"rad":null,"eld":100,"dis":0,"aunits":54,"prog":"PRAC/202","pop":"Wholly Elderly Housekeeping","reac":84,"expires":2028,"rentassist":null},"geometry":{"type":"Point","coordinates":[-81.606366999739507,41.468965998925498]}},
{"type":"Feature","properties":{"kind":"pba","name":"RAINBOW TERRACE","owner":"Independent Management Services","addr":"7304 Carson Ave","city":"Cleveland","units":484,"btype":null,"status":null,"built":null,"rad":null,"eld":7,"dis":4,"aunits":484,"prog":"PD/8 SR","pop":"Indv. families - not eld/ handicap","reac":null,"expires":2042,"rentassist":null},"geometry":{"type":"Point","coordinates":[-81.636390999815106,41.474564999118002]}},
{"type":"Feature","properties":{"kind":"pba","name":"LAWRENCE SALTIS PLAZA","owner":"Positive Housing Management LLC","addr":"3000 Graham Rd","city":"Stow","units":80,"btype":null,"status":null,"built":null,"rad":null,"eld":81,"dis":37,"aunits":80,"prog":"Sec 8 NC","pop":"Wholly Elderly Housekeeping","reac":98,"expires":2035,"rentassist":null},"geometry":{"type":"Point","coordinates":[-81.407151000439001,41.166379998856797]}},
{"type":"Feature","properties":{"kind":"pba","name":"STOW KENT GARDENS APARTMENTS","owner":"Wallick Properties Midwest LLC","addr":"3555 Marsh Rd","city":"Stow","units":85,"btype":null,"status":null,"built":null,"rad":null,"eld":31,"dis":19,"aunits":85,"prog":"Sec 8 NC","pop":"Indv. families - not eld/ handicap","reac":82,"expires":2039,"rentassist":null},"geometry":{"type":"Point","coordinates":[-81.402331999775399,41.153724999265599]}},
{"type":"Feature","properties":{"kind":"pba","name":"LOWELL APARTMENTS","owner":"Lorain 74 LLC","addr":"1833 E 31st St","city":"Lorain","units":36,"btype":null,"status":null,"built":null,"rad":null,"eld":33,"dis":23,"aunits":26,"prog":"LMSA","pop":"Indv. families - not eld/ handicap","reac":83,"expires":2030,"rentassist":null},"geometry":{"type":"Point","coordinates":[-82.135149999738204,41.442056999034698]}},
{"type":"Feature","properties":{"kind":"pba","name":"WESTWAY GARDENS","owner":"Vesta Management Corporation","addr":"1182 Garden St","city":"Elyria","units":300,"btype":null,"status":null,"built":null,"rad":null,"eld":4,"dis":3,"aunits":300,"prog":"PD/8 MR","pop":"Indv. families - not eld/ handicap","reac":93,"expires":2034,"rentassist":null},"geometry":{"type":"Point","coordinates":[-82.123864000394803,41.353653999354997]}},
{"type":"Feature","properties":{"kind":"pba","name":"R.H.M. MANOR","owner":"Retiree Housing Management, Inc.","addr":"1685 Stonybrook Ln","city":"Brunswick","units":150,"btype":null,"status":null,"built":null,"rad":null,"eld":100,"dis":0,"aunits":150,"prog":"202/8 NC","pop":"Wholly Elderly Housekeeping","reac":100,"expires":2036,"rentassist":null},"geometry":{"type":"Point","coordinates":[-81.846228999733597,41.228901999105098]}},
{"type":"Feature","properties":{"kind":"pba","name":"LOUREXIS APARTMENTS","owner":"Abel Bishop Clarke Realty","addr":"5111 Hector Ave","city":"Cleveland","units":70,"btype":null,"status":null,"built":null,"rad":null,"eld":43,"dis":75,"aunits":69,"prog":"202/8 NC","pop":"Elderly","reac":92,"expires":2036,"rentassist":null},"geometry":{"type":"Point","coordinates":[-81.653095999871695,41.471631998773198]}},
{"type":"Feature","properties":{"kind":"pba","name":"VILLA SERENA","owner":"Vesta Management Corporation","addr":"6800 Mayfield Rd","city":"Mayfield Heights","units":242,"btype":null,"status":null,"built":null,"rad":null,"eld":95,"dis":4,"aunits":242,"prog":"SPRAC","pop":"Wholly Elderly Housekeeping","reac":96,"expires":2035,"rentassist":null},"geometry":{"type":"Point","coordinates":[-81.433663999905406,41.5199719989483]}},
{"type":"Feature","properties":{"kind":"pba","name":"NELA MANOR","owner":"J & S Management Company, Inc.","addr":"614 W Market St","city":"Akron","units":35,"btype":null,"status":null,"built":null,"rad":null,"eld":12,"dis":9,"aunits":35,"prog":"Sec 8 SR","pop":"Indv. families - not eld/ handicap","reac":78,"expires":2041,"rentassist":null},"geometry":{"type":"Point","coordinates":[-81.537192000418798,41.093658998813098]}},
{"type":"Feature","properties":{"kind":"pba","name":"ST ANDREWS TOWER","owner":"K & D GROUP Inc","addr":"5225 Superior Ave","city":"Cleveland","units":176,"btype":null,"status":null,"built":null,"rad":null,"eld":45,"dis":72,"aunits":176,"prog":"LMSA","pop":"Elderly","reac":75,"expires":2034,"rentassist":null},"geometry":{"type":"Point","coordinates":[-81.653839999861404,41.517330998958599]}},
{"type":"Feature","properties":{"kind":"pba","name":"INTERNATIONAL PLAZA","owner":"Lorain Metropolitan Housing Authority","addr":"1825 Homewood Dr","city":"Lorain","units":100,"btype":null,"status":null,"built":null,"rad":null,"eld":49,"dis":80,"aunits":100,"prog":"Sec 8 NC","pop":"Elderly","reac":97,"expires":2039,"rentassist":null},"geometry":{"type":"Point","coordinates":[-82.1351940001191,41.4359199992535]}},
{"type":"Feature","properties":{"kind":"pba","name":"DAL HOUSING FOR THE ELDERLY","owner":"Alpha Phi Alpha Homes Inc","addr":"4100 E 187th St","city":"Cleveland","units":50,"btype":null,"status":null,"built":null,"rad":null,"eld":80,"dis":52,"aunits":50,"prog":"202/8 SR","pop":"Elderly","reac":59,"expires":2037,"rentassist":null},"geometry":{"type":"Point","coordinates":[-81.548594000113198,41.448073998818899]}},
{"type":"Feature","properties":{"kind":"pba","name":"SUNCREST PLACE","owner":"Summit Management Services Inc","addr":"2388 Suncrest Dr","city":"Cuyahoga Falls","units":14,"btype":null,"status":null,"built":null,"rad":null,"eld":0,"dis":17,"aunits":14,"prog":"Sec 8 SR","pop":"Indv. families - not eld/ handicap","reac":95,"expires":2028,"rentassist":null},"geometry":{"type":"Point","coordinates":[-81.467587000029496,41.139967999234997]}},
{"type":"Feature","properties":{"kind":"pba","name":"KINGSBURY TOWER","owner":"Capital Realty Group Inc","addr":"8925 Hough Ave","city":"Cleveland","units":129,"btype":null,"status":null,"built":null,"rad":null,"eld":50,"dis":57,"aunits":129,"prog":"LMSA","pop":"Indv. families - not eld/ handicap","reac":87,"expires":2033,"rentassist":null},"geometry":{"type":"Point","coordinates":[-81.624706000263501,41.5099769988052]}},
{"type":"Feature","properties":{"kind":"pba","name":"ABBOTTS MANOR","owner":"Millennia Housing Management Ltd","addr":"34251 Ridge Rd","city":"Willoughby","units":82,"btype":null,"status":null,"built":null,"rad":null,"eld":100,"dis":2,"aunits":82,"prog":"202/8 NC","pop":"Wholly Elderly Housekeeping","reac":92,"expires":2034,"rentassist":null},"geometry":{"type":"Point","coordinates":[-81.443861000375904,41.605727998945198]}},
{"type":"Feature","properties":{"kind":"pba","name":"WARRENSVILLE COMMUNITY APTS","owner":"Millennia Housing Management Ltd","addr":"1500 Warrensville Center Rd","city":"Cleveland Heights","units":100,"btype":null,"status":null,"built":null,"rad":null,"eld":87,"dis":28,"aunits":100,"prog":"202/8 NC","pop":"Wholly Elderly Housekeeping","reac":79,"expires":2042,"rentassist":null},"geometry":{"type":"Point","coordinates":[-81.536681999882504,41.519038999091897]}},
{"type":"Feature","properties":{"kind":"pba","name":"JENNINGS COMMONS","owner":"K & D MANAGEMENT LLC","addr":"4356 Jennings Rd","city":"Cleveland","units":50,"btype":null,"status":null,"built":null,"rad":null,"eld":8,"dis":18,"aunits":50,"prog":"Sec 8 NC","pop":"Indv. families - not eld/ handicap","reac":89,"expires":2034,"rentassist":null},"geometry":{"type":"Point","coordinates":[-81.684919000271293,41.435068998916798]}},
{"type":"Feature","properties":{"kind":"pba","name":"HOPE HOMES II","owner":"Hope Housing Inc","addr":"591 Pheasant Run","city":"Tallmadge","units":6,"btype":null,"status":null,"built":null,"rad":null,"eld":-4,"dis":-4,"aunits":6,"prog":"PRAC/811","pop":"Wholly developmentally disabled","reac":97,"expires":2027,"rentassist":null},"geometry":{"type":"Point","coordinates":[-81.431922000381107,41.084988998914497]}},
{"type":"Feature","properties":{"kind":"pba","name":"NOTRE DAME APARTMENTS","owner":"Famicos Foundation","addr":"1325 Ansel Rd","city":"Cleveland","units":73,"btype":null,"status":null,"built":null,"rad":null,"eld":100,"dis":63,"aunits":52,"prog":"PRAC/202","pop":"Wholly Elderly Housekeeping","reac":88,"expires":2030,"rentassist":null},"geometry":{"type":"Point","coordinates":[-81.621410999564304,41.520447999153298]}},
{"type":"Feature","properties":{"kind":"pba","name":"COMMODORE PLACE","owner":"The Community Builders Inc","addr":"1990 Ford Dr","city":"Cleveland","units":198,"btype":null,"status":null,"built":null,"rad":null,"eld":14,"dis":29,"aunits":144,"prog":"LMSA","pop":"Indv. families - not eld/ handicap","reac":93,"expires":2038,"rentassist":null},"geometry":{"type":"Point","coordinates":[-81.6058880000637,41.508941999267499]}},
{"type":"Feature","properties":{"kind":"pba","name":"UNIVERSITY TOWERS","owner":"Famicos Foundation","addr":"1575 East Blvd","city":"Cleveland","units":113,"btype":null,"status":null,"built":null,"rad":null,"eld":78,"dis":70,"aunits":113,"prog":"Sec 8 SR","pop":"Wholly Elderly Housekeeping","reac":86,"expires":2028,"rentassist":null},"geometry":{"type":"Point","coordinates":[-81.616786999792794,41.514019999168802]}},
{"type":"Feature","properties":{"kind":"pba","name":"MAH AVON","owner":"Maximum Accessible Housing-Avon","addr":"373 Lear Rd","city":"Avon Lake","units":24,"btype":null,"status":null,"built":null,"rad":null,"eld":32,"dis":85,"aunits":23,"prog":"PRAC/811","pop":"Wholly physically disabled","reac":100,"expires":2027,"rentassist":null},"geometry":{"type":"Point","coordinates":[-81.988249999716004,41.495957999390903]}},
{"type":"Feature","properties":{"kind":"pba","name":"TWINSBURG SENIOR APARTMENTS","owner":"K & D MANAGEMENT LLC","addr":"9209 Darrow Rd","city":"Twinsburg","units":100,"btype":null,"status":null,"built":null,"rad":null,"eld":90,"dis":61,"aunits":100,"prog":"Sec 8 NC","pop":"Elderly","reac":95,"expires":2034,"rentassist":null},"geometry":{"type":"Point","coordinates":[-81.439999000137405,41.316266998897298]}},
{"type":"Feature","properties":{"kind":"pba","name":"THORNTON TERRACE","owner":"Akron Metropolitan Housing Authority","addr":"125 Bowdoin Ln","city":"Akron","units":36,"btype":null,"status":null,"built":null,"rad":null,"eld":19,"dis":12,"aunits":36,"prog":"Sec 8 SR","pop":"Indv. families - not eld/ handicap","reac":82,"expires":2038,"rentassist":null},"geometry":{"type":"Point","coordinates":[-81.529877000195597,41.065681998791199]}},
{"type":"Feature","properties":{"kind":"pba","name":"COVINGTON GARDENS","owner":"Famicos Foundation","addr":"14008 Superior Rd","city":"East Cleveland","units":21,"btype":null,"status":null,"built":null,"rad":null,"eld":11,"dis":9,"aunits":21,"prog":"Sec 8 SR","pop":"Indv. families - not eld/ handicap","reac":45,"expires":2032,"rentassist":null},"geometry":{"type":"Point","coordinates":[-81.579626999593998,41.518373998885302]}},
{"type":"Feature","properties":{"kind":"pba","name":"OBERLIN MANOR","owner":"Owner's Management Company","addr":"1220 W 37th St","city":"Lorain","units":150,"btype":null,"status":null,"built":null,"rad":null,"eld":97,"dis":25,"aunits":150,"prog":"Sec 8 NC","pop":"Partially elderly handicapped","reac":95,"expires":2032,"rentassist":null},"geometry":{"type":"Point","coordinates":[-82.187604999832004,41.4369409991914]}},
{"type":"Feature","properties":{"kind":"pba","name":"PARK PLACE I","owner":"Ludwig and Company","addr":"1435 East Blvd","city":"Cleveland","units":122,"btype":null,"status":null,"built":null,"rad":null,"eld":1,"dis":3,"aunits":122,"prog":"LMSA","pop":"Indv. families - not eld/ handicap","reac":94,"expires":2043,"rentassist":null},"geometry":{"type":"Point","coordinates":[-81.617402999735901,41.517586998991298]}},
{"type":"Feature","properties":{"kind":"pba","name":"NOBLE GROUP HOME","owner":"JEWISH FAMILY SERVICE ASSOCIATION OF CLEVELAND","addr":"2509 Noble Rd","city":"Cleveland Heights","units":6,"btype":null,"status":null,"built":null,"rad":null,"eld":-4,"dis":-4,"aunits":6,"prog":"PRAC/811","pop":"Chronically Mentally Ill","reac":100,"expires":2027,"rentassist":null},"geometry":{"type":"Point","coordinates":[-81.545685999926505,41.533497999158001]}},
{"type":"Feature","properties":{"kind":"pba","name":"WARRENSVILLE MANOR","owner":"K & D MANAGEMENT LLC","addr":"1476 Warrensville Center Rd","city":"Cleveland Heights","units":100,"btype":null,"status":null,"built":null,"rad":null,"eld":75,"dis":48,"aunits":100,"prog":"Sec 8 NC","pop":"Wholly Elderly Housekeeping","reac":null,"expires":2043,"rentassist":null},"geometry":{"type":"Point","coordinates":[-81.5366929997532,41.520025999226696]}},
{"type":"Feature","properties":{"kind":"pba","name":"CAREY WEST APARTMENTS","owner":"Beacon 360° Management","addr":"8901 Detroit Ave","city":"Cleveland","units":15,"btype":null,"status":null,"built":null,"rad":null,"eld":21,"dis":41,"aunits":14,"prog":"PRAC/811","pop":"Wholly physically handicapped","reac":87,"expires":2026,"rentassist":null},"geometry":{"type":"Point","coordinates":[-81.745189000180503,41.480232999346597]}},
{"type":"Feature","properties":{"kind":"pba","name":"ST. CLAIR PLACE","owner":"Owner's Management Company","addr":"1380 E 13th St","city":"Cleveland","units":200,"btype":null,"status":null,"built":null,"rad":null,"eld":90,"dis":28,"aunits":199,"prog":"Sec 8 NC","pop":"Partially elderly handicapped","reac":94,"expires":2031,"rentassist":null},"geometry":{"type":"Point","coordinates":[-81.687471999732395,41.506847998776699]}},
{"type":"Feature","properties":{"kind":"pba","name":"PENTECOSTAL APARTMENTS","owner":"AAPK Property Management LLC","addr":"883 Parkwood Dr","city":"Cleveland","units":28,"btype":null,"status":null,"built":null,"rad":null,"eld":4,"dis":3,"aunits":28,"prog":"LMSA","pop":"Indv. families - not eld/ handicap","reac":94,"expires":2026,"rentassist":null},"geometry":{"type":"Point","coordinates":[-81.6100139998929,41.533804998865598]}},
{"type":"Feature","properties":{"kind":"pba","name":"PEARL VILLAGE","owner":"Nicklos and ARCO Property Management LLC","addr":"4221 Pearl Ave","city":"Lorain","units":80,"btype":null,"status":null,"built":null,"rad":null,"eld":25,"dis":7,"aunits":80,"prog":"LMSA","pop":"Indv. families - not eld/ handicap","reac":90,"expires":2042,"rentassist":null},"geometry":{"type":"Point","coordinates":[-82.136564999922598,41.431521999135597]}},
{"type":"Feature","properties":{"kind":"pba","name":"OWLS NEST APTS","owner":"Fairstead Management LLC","addr":"2020 Taylor Rd","city":"East Cleveland","units":260,"btype":null,"status":null,"built":null,"rad":null,"eld":95,"dis":54,"aunits":229,"prog":"LMSA","pop":"Elderly","reac":86,"expires":2040,"rentassist":null},"geometry":{"type":"Point","coordinates":[-81.567167000090606,41.5349749990907]}},
{"type":"Feature","properties":{"kind":"pba","name":"NEWTON WOODS","owner":"Summit Management Services Inc","addr":"1197 Laffer Ave","city":"Akron","units":42,"btype":null,"status":null,"built":null,"rad":null,"eld":5,"dis":8,"aunits":42,"prog":"Sec 8 SR","pop":"Indv. families - not eld/ handicap","reac":95,"expires":2034,"rentassist":null},"geometry":{"type":"Point","coordinates":[-81.477937999587496,41.073973999182698]}},
{"type":"Feature","properties":{"kind":"pba","name":"TERRACE TOWERS","owner":"RHM Real Estate Inc","addr":"15600 Terrace Rd","city":"East Cleveland","units":231,"btype":null,"status":null,"built":null,"rad":null,"eld":19,"dis":92,"aunits":231,"prog":"LMSA","pop":"Wholly Elderly Housekeeping","reac":93,"expires":2039,"rentassist":null},"geometry":{"type":"Point","coordinates":[-81.569293999579401,41.537674998803404]}},
{"type":"Feature","properties":{"kind":"pba","name":"THIRD PROJECT","owner":"EDEN, INC.","addr":"9830 Denison Ave","city":"Cleveland","units":7,"btype":null,"status":null,"built":null,"rad":null,"eld":-4,"dis":-4,"aunits":7,"prog":"202/8 SR","pop":"Chronically Mentally Ill","reac":87,"expires":2026,"rentassist":null},"geometry":{"type":"Point","coordinates":[-81.751391000343105,41.466136998777898]}},
{"type":"Feature","properties":{"kind":"pba","name":"SUMMIT TERRACE","owner":"Ohio Multi-County Development Corporation","addr":"697 E Waterloo Rd","city":"Akron","units":21,"btype":null,"status":null,"built":null,"rad":null,"eld":45,"dis":100,"aunits":20,"prog":"PRAC/811","pop":"Chronically Mentally Ill","reac":95,"expires":2027,"rentassist":null},"geometry":{"type":"Point","coordinates":[-81.502331000136195,41.030267998871402]}},
{"type":"Feature","properties":{"kind":"pba","name":"PORTAGE LAKES KIWANIS TOWER","owner":"Summit Management Services Inc","addr":"399 Portage Lakes Dr","city":"Coventry Township","units":45,"btype":null,"status":null,"built":null,"rad":null,"eld":82,"dis":40,"aunits":45,"prog":"202/8 NC","pop":"Wholly Elderly Housekeeping","reac":92,"expires":2043,"rentassist":null},"geometry":{"type":"Point","coordinates":[-81.534331000087903,40.996695999215099]}},
{"type":"Feature","properties":{"kind":"pba","name":"EASTLAND WOODS","owner":"Akron Metropolitan Housing Authority","addr":"1710 Olalla Ave","city":"Akron","units":99,"btype":null,"status":null,"built":null,"rad":null,"eld":4,"dis":10,"aunits":99,"prog":"Sec 8 NC","pop":"Indv. families - not eld/ handicap","reac":86,"expires":2044,"rentassist":null},"geometry":{"type":"Point","coordinates":[-81.454539000172105,41.091751998947402]}},
{"type":"Feature","properties":{"kind":"pba","name":"LAKE SHORE TOWERS","owner":"Showe Management Corporation","addr":"12506 Edgewater Dr","city":"Lakewood","units":183,"btype":null,"status":null,"built":null,"rad":null,"eld":88,"dis":37,"aunits":169,"prog":"LMSA","pop":"Elderly","reac":90,"expires":2030,"rentassist":null},"geometry":{"type":"Point","coordinates":[-81.774628000275101,41.491615998863601]}},
{"type":"Feature","properties":{"kind":"pba","name":"LAKESHORE BEACH APTS.","owner":"Fairstead Management LLC","addr":"16111 Lake Shore Blvd","city":"Cleveland","units":108,"btype":null,"status":null,"built":null,"rad":null,"eld":1,"dis":4,"aunits":108,"prog":"Sec 8 NC","pop":"Indv. families - not eld/ handicap","reac":82,"expires":2044,"rentassist":null},"geometry":{"type":"Point","coordinates":[-81.568429000114193,41.579827998986303]}},
{"type":"Feature","properties":{"kind":"pba","name":"HOLY REDEEMER SENIOR CITIZENS FACILITY","owner":"Millennia Housing Management Ltd","addr":"885 Ruple Rd","city":"Cleveland","units":51,"btype":null,"status":null,"built":null,"rad":null,"eld":100,"dis":0,"aunits":50,"prog":"PRAC/202","pop":"Elderly","reac":78,"expires":2029,"rentassist":null},"geometry":{"type":"Point","coordinates":[-81.569451999763103,41.556060999250498]}},
{"type":"Feature","properties":{"kind":"pba","name":"SUTLIFF II APARTMENTS","owner":"K & D MANAGEMENT LLC","addr":"1860 2nd St","city":"Cuyahoga Falls","units":185,"btype":null,"status":null,"built":null,"rad":null,"eld":66,"dis":68,"aunits":185,"prog":"Sec 8 NC","pop":"Partially elderly handicapped","reac":98,"expires":2044,"rentassist":null},"geometry":{"type":"Point","coordinates":[-81.485327000328894,41.131420999060801]}},
{"type":"Feature","properties":{"kind":"pba","name":"EMERITUS HOUSE","owner":"RHM Real Estate Inc","addr":"4450 Cedar Ave Ste 2","city":"Cleveland","units":56,"btype":null,"status":null,"built":null,"rad":null,"eld":54,"dis":91,"aunits":56,"prog":"LMSA","pop":"Partially elderly handicapped","reac":92,"expires":2033,"rentassist":null},"geometry":{"type":"Point","coordinates":[-81.654494000337607,41.499983998919397]}},
{"type":"Feature","properties":{"kind":"pba","name":"SPRING HILL VILLA","owner":"K & D MANAGEMENT LLC","addr":"4330 Jennings Rd","city":"Cleveland","units":200,"btype":null,"status":null,"built":null,"rad":null,"eld":59,"dis":75,"aunits":200,"prog":"Sec 8 NC","pop":"Elderly","reac":90,"expires":2034,"rentassist":null},"geometry":{"type":"Point","coordinates":[-81.684176000106604,41.435686999261499]}},
{"type":"Feature","properties":{"kind":"pba","name":"LAKE AVENUE COMMONS","owner":"S & F MANAGEMENT CO., INC.","addr":"8321 Lake Ave","city":"Cleveland","units":79,"btype":null,"status":null,"built":null,"rad":null,"eld":46,"dis":73,"aunits":79,"prog":"Sec 8 NC","pop":"Wholly Elderly Housekeeping","reac":91,"expires":2033,"rentassist":null},"geometry":{"type":"Point","coordinates":[-81.7422669997502,41.483691999276601]}},
{"type":"Feature","properties":{"kind":"pba","name":"LEO DUGAN APARTMENTS","owner":"BOTNICK REALTY CO.","addr":"1300 Kennedy Blvd","city":"Cuyahoga Falls","units":70,"btype":null,"status":null,"built":null,"rad":null,"eld":78,"dis":38,"aunits":70,"prog":"202/8 NC","pop":"Wholly Elderly Housekeeping","reac":94,"expires":2035,"rentassist":null},"geometry":{"type":"Point","coordinates":[-81.463984000257099,41.124672998798701]}},
{"type":"Feature","properties":{"kind":"pba","name":"COUNCIL GARDENS II","owner":"COUNCIL GARDENS","addr":"2501 N Taylor Rd","city":"Cleveland Heights","units":38,"btype":null,"status":null,"built":null,"rad":null,"eld":97,"dis":13,"aunits":38,"prog":"202/8 NC","pop":"Wholly Elderly Housekeeping","reac":82,"expires":2030,"rentassist":null},"geometry":{"type":"Point","coordinates":[-81.555613000060305,41.522314999372902]}},
{"type":"Feature","properties":{"kind":"pba","name":"CONCORD MANOR","owner":"TM Associates Management Inc","addr":"95 E Vine St","city":"Oberlin","units":51,"btype":null,"status":null,"built":null,"rad":null,"eld":73,"dis":42,"aunits":50,"prog":"Sec 8 NC","pop":"Elderly","reac":69,"expires":2028,"rentassist":null},"geometry":{"type":"Point","coordinates":[-82.214211999908002,41.289015999128203]}},
{"type":"Feature","properties":{"kind":"pba","name":"JAELOT APTS","owner":"K & D GROUP Inc","addr":"12730 Shaker Blvd","city":"Cleveland","units":160,"btype":null,"status":null,"built":null,"rad":null,"eld":70,"dis":66,"aunits":160,"prog":"Sec 8 NC","pop":"Elderly","reac":90,"expires":2044,"rentassist":null},"geometry":{"type":"Point","coordinates":[-81.594337000406398,41.483652998763901]}},
{"type":"Feature","properties":{"kind":"pba","name":"COUNCIL GARDENS","owner":"COUNCIL GARDENS","addr":"2501 N Taylor Rd","city":"Cleveland Heights","units":67,"btype":null,"status":null,"built":null,"rad":null,"eld":97,"dis":5,"aunits":67,"prog":"LMSA","pop":"Wholly Elderly Housekeeping","reac":94,"expires":2030,"rentassist":null},"geometry":{"type":"Point","coordinates":[-81.555613000060305,41.522314999372902]}},
{"type":"Feature","properties":{"kind":"pba","name":"ELIZA BRYANT MANOR","owner":"Eliza Bryant Village","addr":"1350 Addison Rd","city":"Cleveland","units":60,"btype":null,"status":null,"built":null,"rad":null,"eld":100,"dis":0,"aunits":59,"prog":"PRAC/202","pop":"Wholly elderly congregate","reac":95,"expires":2028,"rentassist":null},"geometry":{"type":"Point","coordinates":[-81.639077000243901,41.517965999300699]}},
{"type":"Feature","properties":{"kind":"pba","name":"JENNINGS MANOR APARTMENTS","owner":"Jennings Manor Housing Corp.","addr":"10204 Granger Rd","city":"Garfield Heights","units":61,"btype":null,"status":null,"built":null,"rad":null,"eld":100,"dis":4,"aunits":60,"prog":"PRAC/202","pop":"Wholly Elderly Housekeeping","reac":99,"expires":2029,"rentassist":null},"geometry":{"type":"Point","coordinates":[-81.613731000366499,41.416882998900498]}},
{"type":"Feature","properties":{"kind":"pba","name":"ST PATRICK MANOR","owner":"HUMILITY OF MARY HOUSING INC","addr":"120 Maple St","city":"Wellington","units":50,"btype":null,"status":null,"built":null,"rad":null,"eld":100,"dis":2,"aunits":49,"prog":"PRAC/202","pop":"Elderly","reac":92,"expires":2029,"rentassist":null},"geometry":{"type":"Point","coordinates":[-82.214129999892194,41.178987999067303]}},
{"type":"Feature","properties":{"kind":"pba","name":"CAREY EAST APARTMENTS","owner":"Beacon 360° Management","addr":"860 Lakeview Rd","city":"Cleveland","units":15,"btype":null,"status":null,"built":null,"rad":null,"eld":0,"dis":80,"aunits":14,"prog":"PRAC/811","pop":"Human Acq. Immunodeficiency Virus","reac":97,"expires":2026,"rentassist":null},"geometry":{"type":"Point","coordinates":[-81.607497000416799,41.533984999243202]}},
{"type":"Feature","properties":{"kind":"pba","name":"MARGARET WAGNER APARTMENTS III","owner":"Margaret Wagner Senior Apartments L.P.","addr":"2373 Euclid Heights Blvd","city":"Cleveland Heights","units":80,"btype":null,"status":null,"built":null,"rad":null,"eld":100,"dis":4,"aunits":80,"prog":"PRAC/202","pop":"Elderly","reac":97,"expires":2031,"rentassist":null},"geometry":{"type":"Point","coordinates":[-81.595764000286394,41.502954999015699]}},
{"type":"Feature","properties":{"kind":"pba","name":"WINTON MANOR","owner":"Evergreen Real Estate Development Group, LLC","addr":"1012 Prospect Ave E","city":"Cleveland","units":270,"btype":null,"status":null,"built":null,"rad":null,"eld":35,"dis":88,"aunits":270,"prog":"Preservation","pop":"Indv. families - not eld/ handicap","reac":92,"expires":2041,"rentassist":null},"geometry":{"type":"Point","coordinates":[-81.684115000007196,41.499058999281203]}},
{"type":"Feature","properties":{"kind":"pba","name":"DOAN CLASSROOM APTS","owner":"Famicos Foundation","addr":"1350 E 105th St","city":"Cleveland","units":45,"btype":null,"status":null,"built":null,"rad":null,"eld":51,"dis":77,"aunits":45,"prog":"202/8 SR","pop":"Wholly Elderly Housekeeping","reac":85,"expires":2032,"rentassist":null},"geometry":{"type":"Point","coordinates":[-81.615687000150899,41.520856999361598]}},
{"type":"Feature","properties":{"kind":"pba","name":"MAGNOLIA ON DETROIT","owner":"Levin Group Inc","addr":"8016 Detroit Ave","city":"Cleveland","units":126,"btype":null,"status":null,"built":null,"rad":null,"eld":25,"dis":19,"aunits":126,"prog":"Sec 8 SR","pop":"Wholly Elderly Housekeeping","reac":75,"expires":2026,"rentassist":null},"geometry":{"type":"Point","coordinates":[-81.7402719996076,41.4816129989077]}},
{"type":"Feature","properties":{"kind":"pba","name":"SPRING HILL APARTMENTS PHASE III","owner":"Independent Management Services","addr":"1221 Everton Dr","city":"Akron","units":72,"btype":null,"status":null,"built":null,"rad":null,"eld":4,"dis":5,"aunits":72,"prog":"LMSA","pop":"Family & Elderly","reac":86,"expires":2036,"rentassist":null},"geometry":{"type":"Point","coordinates":[-81.552847000163993,41.068379998898997]}},
{"type":"Feature","properties":{"kind":"pba","name":"KNICKERBOCKER","owner":"LSC SERVICE CORPORATION dba Barton Communities","addr":"27100 Knickerbocker Rd","city":"Bay Village","units":148,"btype":null,"status":null,"built":null,"rad":null,"eld":100,"dis":0,"aunits":67,"prog":"LMSA","pop":"Wholly Elderly Housekeeping","reac":93,"expires":2035,"rentassist":null},"geometry":{"type":"Point","coordinates":[-81.919920999593998,41.478375998753698]}},
{"type":"Feature","properties":{"kind":"pba","name":"FRANKLIN HOUSE","owner":"EDEN, INC.","addr":"8200 Franklin Blvd","city":"Cleveland","units":10,"btype":null,"status":null,"built":null,"rad":null,"eld":-4,"dis":-4,"aunits":10,"prog":"PRAC/811","pop":"Chronically Mentally Ill","reac":93,"expires":2027,"rentassist":null},"geometry":{"type":"Point","coordinates":[-81.741282999560994,41.479239999024102]}},
{"type":"Feature","properties":{"kind":"pba","name":"MCTAGGERT COURT I","owner":"Ohio Multi-County Development Corporation","addr":"2670 Michaels Dr","city":"Akron","units":14,"btype":null,"status":null,"built":null,"rad":null,"eld":33,"dis":92,"aunits":15,"prog":"PRAC/811","pop":"Chronically Mentally Ill","reac":88,"expires":2027,"rentassist":null},"geometry":{"type":"Point","coordinates":[-81.428159999701705,41.027133999027399]}},
{"type":"Feature","properties":{"kind":"pba","name":"ELIZA BRYANT GARDEN ESTATES","owner":"Eliza Bryant Village","addr":"1350 Giddings Rd","city":"Cleveland","units":44,"btype":null,"status":null,"built":null,"rad":null,"eld":100,"dis":5,"aunits":44,"prog":"PRAC/202","pop":"Wholly elderly congregate","reac":93,"expires":2028,"rentassist":null},"geometry":{"type":"Point","coordinates":[-81.641095999777505,41.517534999056103]}},
{"type":"Feature","properties":{"kind":"pba","name":"BELVOIR RESIDENCES","owner":"JEWISH FAMILY SERVICE ASSOCIATION OF CLEVELAND","addr":"5403 Meadow Wood Blvd","city":"Lyndhurst","units":6,"btype":null,"status":null,"built":null,"rad":null,"eld":-4,"dis":-4,"aunits":6,"prog":"PRAC/811","pop":"Wholly developmentally disabled","reac":70,"expires":2027,"rentassist":null},"geometry":{"type":"Point","coordinates":[-81.485658999691594,41.511036998907699]}},
{"type":"Feature","properties":{"kind":"pba","name":"ST. TIMOTHY MANOR","owner":"HUMILITY OF MARY HOUSING INC","addr":"4335 E 131st St","city":"Garfield Heights","units":40,"btype":null,"status":null,"built":null,"rad":null,"eld":100,"dis":0,"aunits":40,"prog":"PRAC/202","pop":"Wholly Elderly Housekeeping","reac":98,"expires":2028,"rentassist":null},"geometry":{"type":"Point","coordinates":[-81.590874000376004,41.441864998944801]}},
{"type":"Feature","properties":{"kind":"pba","name":"THE VILLA AT MARIAN PARK","owner":"HUMILITY OF MARY HOUSING INC","addr":"320 Guys Run Rd","city":"Akron","units":40,"btype":null,"status":null,"built":null,"rad":null,"eld":100,"dis":0,"aunits":40,"prog":"PRAC/202","pop":"Elderly","reac":null,"expires":2028,"rentassist":null},"geometry":{"type":"Point","coordinates":[-81.513830999739895,41.026059999179303]}},
{"type":"Feature","properties":{"kind":"pba","name":"ARBOR PARK VILLAGE PHASE II","owner":"Capital Realty Group Inc","addr":"2560 E 38th St","city":"Cleveland","units":206,"btype":null,"status":null,"built":null,"rad":null,"eld":4,"dis":10,"aunits":206,"prog":"PD/8 MR","pop":"Indv. families - not eld/ handicap","reac":94,"expires":2044,"rentassist":null},"geometry":{"type":"Point","coordinates":[-81.661236000275395,41.490616999157297]}},
{"type":"Feature","properties":{"kind":"pba","name":"RAINBOW PLACE","owner":"Capital Realty Group Inc","addr":"7829 Euclid Ave","city":"Cleveland","units":181,"btype":null,"status":null,"built":null,"rad":null,"eld":56,"dis":86,"aunits":181,"prog":"PD/8 Existing","pop":"Elderly","reac":null,"expires":2039,"rentassist":null},"geometry":{"type":"Point","coordinates":[-81.633814999889495,41.504021999078098]}},
{"type":"Feature","properties":{"kind":"pba","name":"WINPISINGER APARTMENTS","owner":"Elderly Housing Dev and Oper Corp","addr":"12025 Shaker Blvd","city":"Cleveland","units":42,"btype":null,"status":null,"built":null,"rad":null,"eld":100,"dis":2,"aunits":42,"prog":"PRAC/202","pop":"Elderly","reac":89,"expires":2029,"rentassist":null},"geometry":{"type":"Point","coordinates":[-81.599007000208701,41.484373999392297]}},
{"type":"Feature","properties":{"kind":"pba","name":"ARBOR PARK VILLAGE PHASE III","owner":"Capital Realty Group Inc","addr":"2572 E 36th St","city":"Cleveland","units":141,"btype":null,"status":null,"built":null,"rad":null,"eld":5,"dis":7,"aunits":141,"prog":"PD/8 Existing","pop":"Indv. families - not eld/ handicap","reac":92,"expires":2046,"rentassist":null},"geometry":{"type":"Point","coordinates":[-81.6624389998494,41.500196999185199]}},
{"type":"Feature","properties":{"kind":"pba","name":"GEORGE M ROBINSTEEN HOUSE","owner":"George M Robinsteen House Inc","addr":"11124 Fidelity Ave","city":"Cleveland","units":6,"btype":null,"status":null,"built":null,"rad":null,"eld":-4,"dis":-4,"aunits":6,"prog":"PRAC/811","pop":"Chronically Mentally Ill","reac":85,"expires":2027,"rentassist":null},"geometry":{"type":"Point","coordinates":[-81.765018000333797,41.461802998783803]}},
{"type":"Feature","properties":{"kind":"pba","name":"MCGREGOR APARTMENTS","owner":"A. M. McGregor Home","addr":"14900 Private Dr","city":"East Cleveland","units":106,"btype":null,"status":null,"built":null,"rad":null,"eld":100,"dis":15,"aunits":106,"prog":"PRAC/202 / PRAC/202","pop":"Elderly","reac":null,"expires":2027,"rentassist":null},"geometry":{"type":"Point","coordinates":[-81.572745999739098,41.531581999310703]}},
{"type":"Feature","properties":{"kind":"pba","name":"MOTHER TERESA MANOR","owner":"National Church Residences","addr":null,"city":"Bedford Heights","units":55,"btype":null,"status":null,"built":null,"rad":null,"eld":100,"dis":0,"aunits":54,"prog":"PRAC/202","pop":"Skilled Care Facility","reac":null,"expires":2028,"rentassist":null},"geometry":{"type":"Point","coordinates":[-81.506432999675994,41.4023199988222]}},
{"type":"Feature","properties":{"kind":"pba","name":"FOX CREEK APARTMENTS I","owner":"Ohio Multi-County Development Corporation","addr":"2987 Old Home Rd","city":"Akron","units":4,"btype":null,"status":null,"built":null,"rad":null,"eld":-4,"dis":-4,"aunits":4,"prog":"PRAC/811","pop":"Human Acq. Immunodeficiency Virus","reac":98,"expires":2027,"rentassist":null},"geometry":{"type":"Point","coordinates":[-81.418949999793398,41.032968999195496]}},
{"type":"Feature","properties":{"kind":"pba","name":"FOX CREEK APTS II","owner":"Ohio Multi-County Development Corporation","addr":"469 Sandhurst Rd","city":"Akron","units":4,"btype":null,"status":null,"built":null,"rad":null,"eld":-4,"dis":-4,"aunits":4,"prog":"PRAC/811","pop":"Human Acq. Immunodeficiency Virus","reac":96,"expires":2026,"rentassist":null},"geometry":{"type":"Point","coordinates":[-81.5952160001153,41.130906998757098]}},
{"type":"Feature","properties":{"kind":"pba","name":"CHANNELWOOD VILLAGE","owner":"Alpha Phi Alpha Homes Inc","addr":"741 Dunbar Dr","city":"Akron","units":274,"btype":null,"status":null,"built":null,"rad":null,"eld":9,"dis":4,"aunits":176,"prog":"LMSA","pop":"Indv. families - not eld/ handicap","reac":70,"expires":2038,"rentassist":null},"geometry":{"type":"Point","coordinates":[-81.530072000189307,41.066367998982301]}},
{"type":"Feature","properties":{"kind":"pba","name":"COLMAN COURT APARTMENTS","owner":"National Church Residences","addr":"2025 W 65th St","city":"Cleveland","units":33,"btype":null,"status":null,"built":null,"rad":null,"eld":97,"dis":0,"aunits":33,"prog":"PRAC/202","pop":"Elderly","reac":91,"expires":2028,"rentassist":null},"geometry":{"type":"Point","coordinates":[-81.729998000042499,41.476389999348797]}},
{"type":"Feature","properties":{"kind":"pba","name":"HUDSON DRIVE GROUP HOME II","owner":"Ohio Multi-County Development Corporation","addr":"3457 Hudson Dr","city":"Cuyahoga Falls","units":4,"btype":null,"status":null,"built":null,"rad":null,"eld":-4,"dis":-4,"aunits":4,"prog":"PRAC/811","pop":"Chronically Mentally Ill","reac":95,"expires":2026,"rentassist":null},"geometry":{"type":"Point","coordinates":[-81.477000000327394,41.163014999077099]}},
{"type":"Feature","properties":{"kind":"pba","name":"CARDINALS PEAK","owner":"Ohio Multi-County Development Corporation","addr":"3388 Charles St","city":"Cuyahoga Falls","units":14,"btype":null,"status":null,"built":null,"rad":null,"eld":47,"dis":100,"aunits":14,"prog":"PRAC/811","pop":"Chronically Mentally Ill","reac":100,"expires":2026,"rentassist":null},"geometry":{"type":"Point","coordinates":[-81.471727999927296,41.1613349992762]}},
{"type":"Feature","properties":{"kind":"pba","name":"WELCOME HOUSE APTS.","owner":"Welcome House, Inc.","addr":"1363 Bunts Rd","city":"Lakewood","units":15,"btype":null,"status":null,"built":null,"rad":null,"eld":-4,"dis":-4,"aunits":10,"prog":"PRAC/811","pop":"Wholly developmentally disabled","reac":null,"expires":2026,"rentassist":null},"geometry":{"type":"Point","coordinates":[-81.789237999731796,41.486645999323798]}},
{"type":"Feature","properties":{"kind":"pba","name":"MCTAGGERT COURT II","owner":"Ohio Multi-County Development Corporation","addr":"1221 Leeser Ave","city":"Akron","units":10,"btype":null,"status":null,"built":null,"rad":null,"eld":-4,"dis":-4,"aunits":9,"prog":"PRAC/811","pop":"Chronically Mentally Ill","reac":91,"expires":2026,"rentassist":null},"geometry":{"type":"Point","coordinates":[-81.572002999574295,41.047526998861201]}},
{"type":"Feature","properties":{"kind":"pba","name":"WADE CHATEAU APARTMENTS","owner":"Famicos Foundation","addr":"9501 Wade Park Ave","city":"Cleveland","units":42,"btype":null,"status":null,"built":null,"rad":null,"eld":100,"dis":47,"aunits":32,"prog":"PRAC/202","pop":"Partially elderly handicapped","reac":92,"expires":2030,"rentassist":null},"geometry":{"type":"Point","coordinates":[-81.619904000216707,41.515998999253]}},
{"type":"Feature","properties":{"kind":"pba","name":"MEDINA CREATIVE LIVING II","owner":"Medina Creative Housing, Inc.","addr":"1120 N Huntington St","city":"Medina","units":8,"btype":null,"status":null,"built":null,"rad":null,"eld":-4,"dis":-4,"aunits":8,"prog":"PRAC/811","pop":"Wholly developmentally disabled","reac":86,"expires":2027,"rentassist":null},"geometry":{"type":"Point","coordinates":[-81.867818999677596,41.156779998753997]}},
{"type":"Feature","properties":{"kind":"pba","name":"ISENSTADT LEGACY HOUSE","owner":"JEWISH FAMILY SERVICE ASSOCIATION OF CLEVELAND","addr":"23276 Wimbledon Rd","city":"Shaker Heights","units":6,"btype":null,"status":null,"built":null,"rad":null,"eld":-4,"dis":-4,"aunits":6,"prog":"PRAC/811","pop":"Chronically Mentally Ill","reac":92,"expires":2027,"rentassist":null},"geometry":{"type":"Point","coordinates":[-81.515864000415604,41.474239999283299]}},
{"type":"Feature","properties":{"kind":"pba","name":"MEDINA CREATIVE LIVING III","owner":"Medina Creative Housing, Inc.","addr":"4100 Creative Living Way","city":"Medina","units":8,"btype":null,"status":null,"built":null,"rad":null,"eld":-4,"dis":-4,"aunits":8,"prog":"PRAC/811","pop":"Wholly developmentally disabled","reac":91,"expires":2026,"rentassist":null},"geometry":{"type":"Point","coordinates":[-81.867733000362193,41.163168999056801]}},
{"type":"Feature","properties":{"kind":"pba","name":"HUDSON DRIVE GROUP HOME I","owner":"Community Health Center","addr":"3447 Hudson Dr","city":"Cuyahoga Falls","units":4,"btype":null,"status":null,"built":null,"rad":null,"eld":-4,"dis":-4,"aunits":4,"prog":"PRAC/811","pop":"Chronically Mentally Ill","reac":100,"expires":2026,"rentassist":null},"geometry":{"type":"Point","coordinates":[-81.4769889995585,41.162814998879398]}},
{"type":"Feature","properties":{"kind":"pba","name":"MARY ROSE ESTATES APTS","owner":"GREAT LAKES REALTY INC","addr":"35253 Maplegrove Rd","city":"Willoughby Hills","units":40,"btype":null,"status":null,"built":null,"rad":null,"eld":100,"dis":5,"aunits":40,"prog":"PRAC/202","pop":"Elderly","reac":100,"expires":2030,"rentassist":null},"geometry":{"type":"Point","coordinates":[-81.435561999963497,41.606059999341298]}},
{"type":"Feature","properties":{"kind":"pba","name":"PROJECT BEGINNINGS I","owner":"Tarry House, Inc.","addr":"1707 Cromwell Dr","city":"Akron","units":11,"btype":null,"status":null,"built":null,"rad":null,"eld":18,"dis":100,"aunits":11,"prog":"PRAC/811","pop":"Chronically Mentally Ill","reac":89,"expires":2027,"rentassist":null},"geometry":{"type":"Point","coordinates":[-81.570671000128897,41.124809999250203]}},
{"type":"Feature","properties":{"kind":"pba","name":"MERCEDARIAN PLAZA APTS","owner":"National Church Residences","addr":"3229 Fulton Rd","city":"Cleveland","units":40,"btype":null,"status":null,"built":null,"rad":null,"eld":100,"dis":2,"aunits":40,"prog":"PRAC/202","pop":"Wholly Elderly Housekeeping","reac":90,"expires":2029,"rentassist":null},"geometry":{"type":"Point","coordinates":[-81.707833000163205,41.465963998983298]}},
{"type":"Feature","properties":{"kind":"pba","name":"MEDINA CREATIVE LIVING","owner":"Medina Creative Housing, Inc.","addr":"1120 N Huntington St","city":"Medina","units":8,"btype":null,"status":null,"built":null,"rad":null,"eld":-4,"dis":-4,"aunits":8,"prog":"PRAC/811","pop":"Wholly developmentally disabled","reac":59,"expires":2026,"rentassist":null},"geometry":{"type":"Point","coordinates":[-81.867818999677596,41.156779998753997]}},
{"type":"Feature","properties":{"kind":"pba","name":"HAVERIM INC","owner":"JEWISH FAMILY SERVICE ASSOCIATION OF CLEVELAND","addr":"14451 Washington Blvd","city":"University Heights","units":6,"btype":null,"status":null,"built":null,"rad":null,"eld":-4,"dis":-4,"aunits":6,"prog":"PRAC/811","pop":"Chronically Mentally Ill","reac":96,"expires":2026,"rentassist":null},"geometry":{"type":"Point","coordinates":[-81.519673000052407,41.488608999072]}},
{"type":"Feature","properties":{"kind":"pba","name":"SIMCHA INC","owner":"JEWISH FAMILY SERVICE ASSOCIATION OF CLEVELAND","addr":"2724 Mayfield Rd","city":"Cleveland Heights","units":11,"btype":null,"status":null,"built":null,"rad":null,"eld":17,"dis":67,"aunits":11,"prog":"PRAC/811","pop":"Chronically Mentally Ill","reac":90,"expires":2026,"rentassist":null},"geometry":{"type":"Point","coordinates":[-81.582467000008606,41.510591998950801]}},
{"type":"Feature","properties":{"kind":"pba","name":"KAPPA HOUSE II APARTMENTS","owner":"Capital Realty Group Inc","addr":"12300 Shaker Blvd","city":"Cleveland","units":37,"btype":null,"status":null,"built":null,"rad":null,"eld":100,"dis":72,"aunits":36,"prog":"RAD PRAC Conv","pop":"Elderly","reac":96,"expires":2045,"rentassist":null},"geometry":{"type":"Point","coordinates":[-81.597494000115006,41.4836779988537]}},
{"type":"Feature","properties":{"kind":"pba","name":"CEDAR GROUP HOME","owner":"JEWISH FAMILY SERVICE ASSOCIATION OF CLEVELAND","addr":"14173 Cedar Rd","city":"South Euclid","units":4,"btype":null,"status":null,"built":null,"rad":null,"eld":-4,"dis":-4,"aunits":4,"prog":"PRAC/811","pop":"Chronically Mentally Ill","reac":99,"expires":2027,"rentassist":null},"geometry":{"type":"Point","coordinates":[-81.529897000287093,41.501527999332602]}},
{"type":"Feature","properties":{"kind":"pba","name":"ELIZA BRYANT VILLAGE III","owner":"Eliza Bryant Village","addr":"1324 Addison Rd","city":"Cleveland","units":45,"btype":null,"status":null,"built":null,"rad":null,"eld":100,"dis":5,"aunits":45,"prog":"PRAC/202","pop":"Elderly","reac":91,"expires":2028,"rentassist":null},"geometry":{"type":"Point","coordinates":[-81.639598999577402,41.518557999135702]}},
{"type":"Feature","properties":{"kind":"pba","name":"ARBOR PARK VILLAGE","owner":"Capital Realty Group Inc","addr":"3504 Alibey Ave","city":"Cleveland","units":282,"btype":null,"status":null,"built":null,"rad":null,"eld":21,"dis":12,"aunits":282,"prog":"PD/8 MR","pop":"Indv. families - not eld/ handicap","reac":97,"expires":2044,"rentassist":null},"geometry":{"type":"Point","coordinates":[-81.663960000339003,41.492266998821798]}},
{"type":"Feature","properties":{"kind":"pba","name":"WHITE OAK VILLAGE","owner":"National Church Residences","addr":"230 Great Oaks Trl","city":"Wadsworth","units":52,"btype":null,"status":null,"built":null,"rad":null,"eld":100,"dis":0,"aunits":51,"prog":"PRAC/202","pop":"Wholly Elderly Housekeeping","reac":99,"expires":2029,"rentassist":null},"geometry":{"type":"Point","coordinates":[-81.734452999759696,41.049159998793499]}},
{"type":"Feature","properties":{"kind":"pba","name":"AHEPA  63 APTS","owner":"AHEPA Affordable Housing Management","addr":"485 South Ave","city":"Tallmadge","units":50,"btype":null,"status":null,"built":null,"rad":null,"eld":100,"dis":0,"aunits":50,"prog":"PRAC/202","pop":"Wholly Elderly Housekeeping","reac":95,"expires":2030,"rentassist":null},"geometry":{"type":"Point","coordinates":[-81.441169999924298,41.088254999286399]}},
{"type":"Feature","properties":{"kind":"pba","name":"MT SINAI MANOR","owner":"Active Residential Management Services, Inc.","addr":"7600 Woodland Ave","city":"Cleveland","units":60,"btype":null,"status":null,"built":null,"rad":null,"eld":100,"dis":0,"aunits":59,"prog":"PRAC/202","pop":"Wholly Elderly Housekeeping","reac":97,"expires":2029,"rentassist":null},"geometry":{"type":"Point","coordinates":[-81.634751000398097,41.487990998849703]}},
{"type":"Feature","properties":{"kind":"pba","name":"ST. TIMOTHY PARK APTS.","owner":"HUMILITY OF MARY HOUSING INC","addr":"4350 E 136th St","city":"Garfield Heights","units":40,"btype":null,"status":null,"built":null,"rad":null,"eld":100,"dis":5,"aunits":40,"prog":"PRAC/202","pop":"Partially elderly handicapped","reac":94,"expires":2028,"rentassist":null},"geometry":{"type":"Point","coordinates":[-81.588192000145199,41.441387998956202]}},
{"type":"Feature","properties":{"kind":"pba","name":"PEACHTREE III","owner":"Ohio Multi-County Development Corporation","addr":"4229 Wyoga Lake Rd","city":"Stow","units":6,"btype":null,"status":null,"built":null,"rad":null,"eld":-4,"dis":-4,"aunits":6,"prog":"PRAC/811","pop":"Chronically Mentally Ill","reac":97,"expires":2027,"rentassist":null},"geometry":{"type":"Point","coordinates":[-81.494113999739596,41.183787999328999]}},
{"type":"Feature","properties":{"kind":"pba","name":"MAPLE HEIGHTS SENIOR HOUSING","owner":"CHN Housing Partners","addr":"16000 Maple Park Dr","city":"Maple Heights","units":48,"btype":null,"status":null,"built":null,"rad":null,"eld":100,"dis":10,"aunits":38,"prog":"PRAC/202","pop":"Elderly","reac":97,"expires":2030,"rentassist":null},"geometry":{"type":"Point","coordinates":[-81.568855000086501,41.400528998878102]}},
{"type":"Feature","properties":{"kind":"pba","name":"MARSHALL PLAZA APARTMENTS","owner":"Abel Bishop Clarke Realty","addr":"1940 W 27th St","city":"Lorain","units":87,"btype":null,"status":null,"built":null,"rad":null,"eld":16,"dis":10,"aunits":87,"prog":"LMSA","pop":"Indv. families - not eld/ handicap","reac":80,"expires":2032,"rentassist":null},"geometry":{"type":"Point","coordinates":[-82.196987999992601,41.445954999225897]}},
{"type":"Feature","properties":{"kind":"pba","name":"RIVERSIDE PARK PHASE II","owner":"Cuyahoga Metropolitan Housing Authority","addr":"17800 Parkmount Ave","city":"Cleveland","units":203,"btype":null,"status":null,"built":null,"rad":null,"eld":13,"dis":16,"aunits":203,"prog":"RAD PH Conv","pop":"Indv. families - not eld/ handicap","reac":null,"expires":2039,"rentassist":null},"geometry":{"type":"Point","coordinates":[-81.823240000397007,41.428416999175298]}},
{"type":"Feature","properties":{"kind":"pba","name":"KENMORE COMMONS","owner":"Levin Group Inc","addr":"1576 Crawford Rd","city":"Cleveland","units":102,"btype":null,"status":null,"built":null,"rad":null,"eld":2,"dis":3,"aunits":102,"prog":"LMSA / LMSA","pop":"Indv. families - not eld/ handicap","reac":80,"expires":2040,"rentassist":null},"geometry":{"type":"Point","coordinates":[-81.622664000265303,41.514540998874203]}},
{"type":"Feature","properties":{"kind":"pba","name":"MOTHER TERESA COMMONS","owner":"National Church Residences","addr":"25031 Columbus Rd","city":"Bedford Heights","units":44,"btype":null,"status":null,"built":null,"rad":null,"eld":100,"dis":0,"aunits":40,"prog":"PRAC/202","pop":"Elderly","reac":96,"expires":2028,"rentassist":null},"geometry":{"type":"Point","coordinates":[-81.501474000168699,41.402316999010303]}},
{"type":"Feature","properties":{"kind":"pba","name":"CARVER PARK PHASE I","owner":"Cuyahoga Metropolitan Housing Authority","addr":"2366 E 55th St","city":"Cleveland","units":279,"btype":null,"status":null,"built":null,"rad":null,"eld":7,"dis":5,"aunits":279,"prog":"RAD PH Conv","pop":"Indv. families - not eld/ handicap","reac":78,"expires":2036,"rentassist":null},"geometry":{"type":"Point","coordinates":[-81.651890999749597,41.494237998774899]}},
{"type":"Feature","properties":{"kind":"pba","name":"HERITAGE VIEW HOMES IV","owner":"Cuyahoga Metropolitan Housing Authority","addr":"7830 Kinsman Rd","city":"Cleveland","units":60,"btype":null,"status":null,"built":null,"rad":null,"eld":10,"dis":21,"aunits":60,"prog":"RAD PH Conv","pop":"Indv. families - not eld/ handicap","reac":94,"expires":2035,"rentassist":null},"geometry":{"type":"Point","coordinates":[-81.633431999574896,41.477075998769401]}},
{"type":"Feature","properties":{"kind":"pba","name":"SPRING HILL APARTMENTS PHASE II","owner":"Independent Management Services","addr":"1221 Everton Dr","city":"Akron","units":209,"btype":null,"status":null,"built":null,"rad":null,"eld":13,"dis":14,"aunits":209,"prog":"Sec 8 NC","pop":"Family & Elderly","reac":93,"expires":2036,"rentassist":null},"geometry":{"type":"Point","coordinates":[-81.552847000163993,41.068379998898997]}},
{"type":"Feature","properties":{"kind":"pba","name":"KENSINGTON SQUARE APARTMENTS","owner":"Abel Bishop Clarke Realty","addr":"535 Abbe Rd S","city":"Elyria","units":192,"btype":null,"status":null,"built":null,"rad":null,"eld":18,"dis":12,"aunits":85,"prog":"LMSA","pop":"Indv. families - not eld/ handicap","reac":91,"expires":2031,"rentassist":null},"geometry":{"type":"Point","coordinates":[-82.078127999774296,41.366776999153402]}},
{"type":"Feature","properties":{"kind":"pba","name":"CARVER PARK PHASE II","owner":"Cuyahoga Metropolitan Housing Authority","addr":"2366 E 55th St","city":"Cleveland","units":74,"btype":null,"status":null,"built":null,"rad":null,"eld":11,"dis":8,"aunits":74,"prog":"RAD PH Conv","pop":"Indv. families - not eld/ handicap","reac":84,"expires":2038,"rentassist":null},"geometry":{"type":"Point","coordinates":[-81.651890999749597,41.494237998774899]}},
{"type":"Feature","properties":{"kind":"pba","name":"NEW COMMUNITY PLACE APARTMENTS","owner":"Abel Bishop Clarke Realty","addr":"7700 Woodland Ave","city":"Cleveland","units":147,"btype":null,"status":null,"built":null,"rad":null,"eld":4,"dis":2,"aunits":147,"prog":"LMSA","pop":"Indv. families - not eld/ handicap","reac":77,"expires":2035,"rentassist":null},"geometry":{"type":"Point","coordinates":[-81.634081000028303,41.487998999232197]}},
{"type":"Feature","properties":{"kind":"pba","name":"SPRING HILL APARTMENTS PHASE I","owner":"Independent Management Services","addr":"1180 Rentar Ln","city":"Akron","units":70,"btype":null,"status":null,"built":null,"rad":null,"eld":9,"dis":11,"aunits":70,"prog":"Sec 8 NC","pop":"Family & Elderly","reac":93,"expires":2036,"rentassist":null},"geometry":{"type":"Point","coordinates":[-81.551232999787899,41.068182998962001]}},
{"type":"Feature","properties":{"kind":"pba","name":"SANKOFA I","owner":"Pennrose Management Company","addr":"2390 E 30th St","city":"Cleveland","units":49,"btype":null,"status":null,"built":null,"rad":null,"eld":35,"dis":52,"aunits":49,"prog":"RAD PH Conv","pop":"Family & Elderly","reac":87,"expires":2035,"rentassist":null},"geometry":{"type":"Point","coordinates":[-81.667143999811799,41.495154999139501]}},
{"type":"Feature","properties":{"kind":"pba","name":"Portage Trail Village","owner":"National Church Residences","addr":"45 Cathedral Ln","city":"Cuyahoga Falls","units":112,"btype":null,"status":null,"built":null,"rad":null,"eld":99,"dis":19,"aunits":112,"prog":"Sec 8 NC","pop":"Elderly","reac":88,"expires":2045,"rentassist":null},"geometry":{"type":"Point","coordinates":[-81.510699999970498,41.137899998939098]}},
{"type":"Feature","properties":{"kind":"pba","name":"Prospect Yard","owner":"Woda Management & Real Estate LLC (fka Valhalla)","addr":"1937 Prospect Ave E","city":"Cleveland","units":39,"btype":null,"status":null,"built":null,"rad":null,"eld":-4,"dis":-4,"aunits":3,"prog":"811 PRA DEMO","pop":null,"reac":null,"expires":2039,"rentassist":null},"geometry":{"type":"Point","coordinates":[-81.676587000246997,41.500291999302199]}},
{"type":"Feature","properties":{"kind":"pba","name":"Villa San Bernardo","owner":"Testa Realty Inc dba Testa Real Estate Group","addr":"1160 Broadway Ave","city":"Bedford","units":49,"btype":null,"status":null,"built":null,"rad":null,"eld":-4,"dis":-4,"aunits":10,"prog":"811 PRA DEMO","pop":null,"reac":null,"expires":2039,"rentassist":null},"geometry":{"type":"Point","coordinates":[-81.523127999686807,41.382330999236203]}},
{"type":"Feature","properties":{"kind":"pba","name":"JACKSON TOWERS","owner":"Lake Metropolitan Housing Authority","addr":"189 1st St","city":"Painesville","units":240,"btype":null,"status":null,"built":null,"rad":null,"eld":27,"dis":44,"aunits":240,"prog":"RAD PH Conv","pop":"Family & Elderly","reac":80,"expires":2038,"rentassist":null},"geometry":{"type":"Point","coordinates":[-81.252484000281996,41.722710998923397]}},
{"type":"Feature","properties":{"kind":"pba","name":"NORTH VIEW MANOR APARTMENTS","owner":"Medina Metropolitan Housing Authority","addr":"860 Walter Rd","city":"Medina","units":85,"btype":null,"status":null,"built":null,"rad":null,"eld":40,"dis":84,"aunits":84,"prog":"RAD PH Conv","pop":"Family & Elderly","reac":99,"expires":2036,"rentassist":null},"geometry":{"type":"Point","coordinates":[-81.866375999904093,41.150751999159702]}},
{"type":"Feature","properties":{"kind":"pba","name":"RIVERSIDE PARK PHASE III","owner":"Cuyahoga Metropolitan Housing Authority","addr":"17800 Parkmount Ave","city":"Cleveland","units":204,"btype":null,"status":null,"built":null,"rad":null,"eld":12,"dis":13,"aunits":204,"prog":"RAD PH Conv","pop":"Indv. families - not eld/ handicap","reac":85,"expires":2040,"rentassist":null},"geometry":{"type":"Point","coordinates":[-81.823240000397007,41.428416999175298]}},
{"type":"Feature","properties":{"kind":"pba","name":"Forest City Square Apts.","owner":"Abel Bishop Clarke Realty","addr":"1400 W 25th St","city":"Cleveland","units":34,"btype":null,"status":null,"built":null,"rad":null,"eld":-4,"dis":-4,"aunits":4,"prog":"811 PRA DEMO","pop":null,"reac":null,"expires":2039,"rentassist":null},"geometry":{"type":"Point","coordinates":[-81.707592000138803,41.491348999379603]}},
{"type":"Feature","properties":{"kind":"pba","name":"RIVERSIDE PARK HOMES PHASE I","owner":"Cuyahoga Metropolitan Housing Authority","addr":"4609 Rocky River Dr","city":"Cleveland","units":90,"btype":null,"status":null,"built":null,"rad":null,"eld":38,"dis":19,"aunits":90,"prog":"RAD PH Conv","pop":"Indv. families - not eld/ handicap","reac":70,"expires":2040,"rentassist":null},"geometry":{"type":"Point","coordinates":[-81.824884000011906,41.429893998974698]}},
{"type":"Feature","properties":{"kind":"pba","name":"Kensington Square Apartments","owner":"Abel Bishop Clarke Realty","addr":"535 Abbe Rd S","city":"Elyria","units":187,"btype":null,"status":null,"built":null,"rad":null,"eld":-4,"dis":-4,"aunits":5,"prog":"811 PRA DEMO","pop":null,"reac":null,"expires":2037,"rentassist":null},"geometry":{"type":"Point","coordinates":[-82.078127999774296,41.366776999153402]}},
{"type":"Feature","properties":{"kind":"pba","name":"WOODHILL STATION WEST","owner":"The Community Builders Inc","addr":null,"city":"Cleveland","units":120,"btype":null,"status":null,"built":null,"rad":null,"eld":17,"dis":7,"aunits":90,"prog":"RAD PH Conv","pop":"Family & Elderly","reac":null,"expires":2043,"rentassist":null},"geometry":{"type":"Point","coordinates":[-81.6191869999912,41.483681998974802]}},
{"type":"Feature","properties":{"kind":"pba","name":"Village Green 2","owner":"NRP Management LLC","addr":"18231 Euclid Ave","city":"Cleveland","units":76,"btype":null,"status":null,"built":null,"rad":null,"eld":-4,"dis":-4,"aunits":8,"prog":"811 PRA DEMO","pop":null,"reac":null,"expires":2040,"rentassist":null},"geometry":{"type":"Point","coordinates":[-81.551344999940895,41.5563649993179]}},
{"type":"Feature","properties":{"kind":"pba","name":"APTHORP TOWER","owner":"Cuyahoga Metropolitan Housing Authority","addr":"12900 Superior Ave","city":"Cleveland","units":163,"btype":null,"status":null,"built":null,"rad":null,"eld":58,"dis":61,"aunits":163,"prog":"RAD PH Conv","pop":"Family & Elderly","reac":92,"expires":2042,"rentassist":null},"geometry":{"type":"Point","coordinates":[-81.594211999834599,41.522895999381198]}},
{"type":"Feature","properties":{"kind":"pba","name":"THE ARCH AT SAINT MICHAEL","owner":"CHN Housing Partners","addr":"3146 Scranton Rd","city":"Cleveland","units":46,"btype":null,"status":null,"built":null,"rad":null,"eld":-4,"dis":-4,"aunits":12,"prog":"PRAC/202","pop":null,"reac":null,"expires":2026,"rentassist":null},"geometry":{"type":"Point","coordinates":[-81.697463000338601,41.468690998926199]}},
{"type":"Feature","properties":{"kind":"pba","name":"WADE PARK APARTMENTS","owner":"Cuyahoga Metropolitan Housing Authority","addr":"9500 Wade Park Ave","city":"Cleveland","units":229,"btype":null,"status":null,"built":null,"rad":null,"eld":10,"dis":13,"aunits":229,"prog":"RAD PH Conv","pop":"Indv. families - not eld/ handicap","reac":null,"expires":2042,"rentassist":null},"geometry":{"type":"Point","coordinates":[-81.619908000414696,41.515670998779299]}},
{"type":"Feature","properties":{"kind":"pba","name":"CEDAR REDEVELOPMENT PHASE III","owner":"Pennrose Management Company","addr":"2390 E 30th St","city":"Cleveland","units":75,"btype":null,"status":null,"built":null,"rad":null,"eld":14,"dis":13,"aunits":75,"prog":"RAD PH Conv","pop":"Indv. families - not eld/ handicap","reac":93,"expires":2040,"rentassist":null},"geometry":{"type":"Point","coordinates":[-81.667143999811799,41.495154999139501]}},
{"type":"Feature","properties":{"kind":"pba","name":"RIVERVIEW TOWER","owner":"Cuyahoga Metropolitan Housing Authority","addr":"1795 W 25th St","city":"Cleveland","units":499,"btype":null,"status":null,"built":null,"rad":null,"eld":63,"dis":59,"aunits":499,"prog":"RAD PH Conv","pop":"Family & Elderly","reac":95,"expires":2041,"rentassist":null},"geometry":{"type":"Point","coordinates":[-81.705222000077498,41.4868079993037]}},
{"type":"Feature","properties":{"kind":"pba","name":"WEST BOULEVARD","owner":"Cuyahoga Metropolitan Housing Authority","addr":"9520 Detroit Ave","city":"Cleveland","units":118,"btype":null,"status":null,"built":null,"rad":null,"eld":35,"dis":55,"aunits":118,"prog":"RAD PH Conv","pop":"Indv. families - not eld/ handicap","reac":78,"expires":2041,"rentassist":null},"geometry":{"type":"Point","coordinates":[-81.749370000261294,41.480216999354901]}},
{"type":"Feature","properties":{"kind":"pba","name":"Denison Elderly","owner":"NRP Management LLC","addr":"2000 Denison Ave","city":"Cleveland","units":53,"btype":null,"status":null,"built":null,"rad":null,"eld":-4,"dis":-4,"aunits":8,"prog":"811 PRA DEMO","pop":null,"reac":null,"expires":2040,"rentassist":null},"geometry":{"type":"Point","coordinates":[-81.695962999765399,41.451111999107397]}},
{"type":"Feature","properties":{"kind":"pba","name":"Middlebury Commons","owner":"East Akron Neighborhood Development Corporation","addr":"953 E Market St","city":"Akron","units":41,"btype":null,"status":null,"built":null,"rad":null,"eld":-4,"dis":-4,"aunits":4,"prog":"811 PRA DEMO","pop":null,"reac":null,"expires":2040,"rentassist":null},"geometry":{"type":"Point","coordinates":[-81.488720000039095,41.071078998971601]}},
{"type":"Feature","properties":{"kind":"pba","name":"HOUGH HERITAGE APARTMENTS","owner":"CHN Housing Partners","addr":"1860 E 97th St","city":"Cleveland","units":60,"btype":null,"status":null,"built":null,"rad":null,"eld":92,"dis":18,"aunits":39,"prog":"Sec 8 NC","pop":"Elderly","reac":89,"expires":2040,"rentassist":null},"geometry":{"type":"Point","coordinates":[-81.619973999638603,41.507312998945203]}},
{"type":"Feature","properties":{"kind":"pba","name":"LONGFELLOW SCHOOL APARTMENTS","owner":"Vesta Management Corporation","addr":"650 E 140th St","city":"Cleveland","units":80,"btype":null,"status":null,"built":null,"rad":null,"eld":-4,"dis":-4,"aunits":6,"prog":"PRAC/202","pop":"Partially elderly handicapped","reac":97,"expires":2028,"rentassist":null},"geometry":{"type":"Point","coordinates":[-81.585442000142294,41.563631998770298]}},
{"type":"Feature","properties":{"kind":"pba","name":"MOUNT AUBURN MANOR","owner":"Cuyahoga Metropolitan Housing Authority","addr":"3061 E 93rd St","city":"Cleveland","units":108,"btype":null,"status":null,"built":null,"rad":null,"eld":61,"dis":56,"aunits":108,"prog":"RAD PH Conv","pop":"Family & Elderly","reac":null,"expires":2042,"rentassist":null},"geometry":{"type":"Point","coordinates":[-81.6209439995841,41.476469999280397]}},
{"type":"Feature","properties":{"kind":"pba","name":"EUCLID BEACH GARDENS","owner":"Cuyahoga Metropolitan Housing Authority","addr":"16001 Euclid Beach Blvd","city":"Cleveland","units":150,"btype":null,"status":null,"built":null,"rad":null,"eld":67,"dis":47,"aunits":150,"prog":"RAD PH Conv","pop":"Family & Elderly","reac":89,"expires":2041,"rentassist":null},"geometry":{"type":"Point","coordinates":[-81.569645000107002,41.580688999113498]}},
{"type":"Feature","properties":{"kind":"pba","name":"Hough II - Springbrook Gardens Apts","owner":"Cuyahoga Metropolitan Housing Authority","addr":"1651 Ansel Rd","city":"Cleveland","units":24,"btype":null,"status":null,"built":null,"rad":null,"eld":6,"dis":10,"aunits":24,"prog":"RAD PH Conv","pop":"Indv. families - not eld/ handicap","reac":91,"expires":2041,"rentassist":null},"geometry":{"type":"Point","coordinates":[-81.619075999663195,41.511681999129102]}},
{"type":"Feature","properties":{"kind":"pba","name":"UNION SQUARE APARTMENTS","owner":"Cuyahoga Metropolitan Housing Authority","addr":"3495 E 98th St","city":"Cleveland","units":174,"btype":null,"status":null,"built":null,"rad":null,"eld":16,"dis":25,"aunits":174,"prog":"RAD PH Conv","pop":"Family & Elderly","reac":96,"expires":2042,"rentassist":null},"geometry":{"type":"Point","coordinates":[-81.616464999577502,41.463939999033997]}},
{"type":"Feature","properties":{"kind":"pba","name":"MILES-ELMARGE APARTMENTS","owner":"Cuyahoga Metropolitan Housing Authority","addr":"10304 Miles Ave","city":"Cleveland","units":141,"btype":null,"status":null,"built":null,"rad":null,"eld":22,"dis":28,"aunits":138,"prog":"RAD PH Conv","pop":"Family & Elderly","reac":94,"expires":2042,"rentassist":null},"geometry":{"type":"Point","coordinates":[-81.6128519997593,41.444983998748199]}},
{"type":"Feature","properties":{"kind":"pba","name":"Legacy at St Lukes","owner":"CHN Housing Partners","addr":"2659 E 110th St","city":"Cleveland","units":27,"btype":null,"status":null,"built":null,"rad":null,"eld":-4,"dis":-4,"aunits":5,"prog":"811 PRA DEMO","pop":null,"reac":null,"expires":2040,"rentassist":null},"geometry":{"type":"Point","coordinates":[-81.608879000090894,41.486578998981003]}},
{"type":"Feature","properties":{"kind":"pba","name":"CEDAR REDEVELOPMENT PHASE IV","owner":"Pennrose Management Company","addr":"2311 E 26th St","city":"Cleveland","units":50,"btype":null,"status":null,"built":null,"rad":null,"eld":13,"dis":11,"aunits":50,"prog":"RAD PH Conv","pop":"Indv. families - not eld/ handicap","reac":null,"expires":2044,"rentassist":null},"geometry":{"type":"Point","coordinates":[-81.669400000070297,41.499099998851101]}},
{"type":"Feature","properties":{"kind":"pba","name":"SANKOFA II","owner":"Pennrose Management Company","addr":"2390 E 30th St","city":"Cleveland","units":50,"btype":null,"status":null,"built":null,"rad":null,"eld":14,"dis":15,"aunits":30,"prog":"RAD PH Conv","pop":"Indv. families - not eld/ handicap","reac":84,"expires":2036,"rentassist":null},"geometry":{"type":"Point","coordinates":[-81.667143999811799,41.495154999139501]}},
{"type":"Feature","properties":{"kind":"pba","name":"CEDAR EXTENSION HIGH RISE","owner":"Cuyahoga Metropolitan Housing Authority","addr":"2320 E 30th St","city":"Cleveland","units":156,"btype":null,"status":null,"built":null,"rad":null,"eld":63,"dis":53,"aunits":156,"prog":"RAD PH Conv","pop":"Family & Elderly","reac":null,"expires":2041,"rentassist":null},"geometry":{"type":"Point","coordinates":[-81.666912000008196,41.495838999389598]}},
{"type":"Feature","properties":{"kind":"pba","name":"ADDISON SQUARE","owner":"Cuyahoga Metropolitan Housing Authority","addr":"7400 Wade Park Ave","city":"Cleveland","units":258,"btype":null,"status":null,"built":null,"rad":null,"eld":53,"dis":36,"aunits":258,"prog":"RAD PH Conv","pop":"Indv. families - not eld/ handicap","reac":null,"expires":2043,"rentassist":null},"geometry":{"type":"Point","coordinates":[-81.637238999561902,41.515594998990203]}},
{"type":"Feature","properties":{"kind":"pba","name":"CARVER PARK PHASE III","owner":"Cuyahoga Metropolitan Housing Authority","addr":"2366 E 55th St","city":"Cleveland","units":143,"btype":null,"status":null,"built":null,"rad":null,"eld":10,"dis":4,"aunits":143,"prog":"RAD PH Conv","pop":"Indv. families - not eld/ handicap","reac":null,"expires":2043,"rentassist":null},"geometry":{"type":"Point","coordinates":[-81.651890999749597,41.494237998774899]}},
{"type":"Feature","properties":{"kind":"pba","name":"Saint Lukes Manor Phase 1","owner":"Pennrose Management Company","addr":"11311 Shaker Blvd","city":"Cleveland","units":8,"btype":null,"status":null,"built":null,"rad":null,"eld":-4,"dis":-4,"aunits":8,"prog":"811 PRA DEMO","pop":null,"reac":null,"expires":2042,"rentassist":null},"geometry":{"type":"Point","coordinates":[-81.605927000421701,41.484428999099698]}},
{"type":"Feature","properties":{"kind":"pba","name":"BEACHCREST APARTMENTS","owner":"Cuyahoga Metropolitan Housing Authority","addr":"16800 Lake Shore Blvd","city":"Cleveland","units":237,"btype":null,"status":null,"built":null,"rad":null,"eld":62,"dis":51,"aunits":237,"prog":"RAD PH Conv","pop":"Family & Elderly","reac":82,"expires":2042,"rentassist":null},"geometry":{"type":"Point","coordinates":[-81.563263000019305,41.580518999200997]}},
{"type":"Feature","properties":{"kind":"pba","name":"LARONDE APARTMENTS","owner":"Cuyahoga Metropolitan Housing Authority","addr":"12024 Shaker Blvd","city":"Cleveland","units":58,"btype":null,"status":null,"built":null,"rad":null,"eld":77,"dis":60,"aunits":58,"prog":"RAD PH Conv","pop":"Family & Elderly","reac":86,"expires":2043,"rentassist":null},"geometry":{"type":"Point","coordinates":[-81.598988999767101,41.483690999246498]}},
{"type":"Feature","properties":{"kind":"pba","name":"HOUGH I SPRINGBROOK-HIGHRISE","owner":"Cuyahoga Metropolitan Housing Authority","addr":"1675 Ansel Rd","city":"Cleveland","units":197,"btype":null,"status":null,"built":null,"rad":null,"eld":13,"dis":29,"aunits":197,"prog":"RAD PH Conv","pop":"Family & Elderly","reac":81,"expires":2042,"rentassist":null},"geometry":{"type":"Point","coordinates":[-81.618905999783905,41.510696998785598]}},
{"type":"Feature","properties":{"kind":"pba","name":"OLYMPIA BUILDING","owner":"Olympia Foundation, Inc.","addr":"3361 E 55th St","city":"Cleveland","units":20,"btype":null,"status":null,"built":null,"rad":null,"eld":-4,"dis":-4,"aunits":20,"prog":"RAD Mod Rehab Conv","pop":"Indv. families - not eld/ handicap","reac":null,"expires":2044,"rentassist":null},"geometry":{"type":"Point","coordinates":[-81.651073000140101,41.467784999278003]}},
{"type":"Feature","properties":{"kind":"pba","name":"FAIRWAY MANOR","owner":"Cuyahoga Metropolitan Housing Authority","addr":"17815 Fairway Dr","city":"Cleveland","units":166,"btype":null,"status":null,"built":null,"rad":null,"eld":82,"dis":61,"aunits":166,"prog":"RAD PH Conv","pop":"Family & Elderly","reac":86,"expires":2042,"rentassist":null},"geometry":{"type":"Point","coordinates":[-81.822015000183299,41.437363999079501]}},
{"type":"Feature","properties":{"kind":"pba","name":"LEGACY PARK","owner":"Cuyahoga Metropolitan Housing Authority","addr":"2452 E 43rd St","city":"Cleveland","units":36,"btype":null,"status":null,"built":null,"rad":null,"eld":33,"dis":35,"aunits":36,"prog":"RAD PH Conv","pop":"Family & Elderly","reac":90,"expires":2041,"rentassist":null},"geometry":{"type":"Point","coordinates":[-81.656361000433705,41.492139998898097]}},
{"type":"Feature","properties":{"kind":"pba","name":"Slavic Village Gateway","owner":"NRP Management LLC","addr":"5115 Broadway Ave","city":"Cleveland","units":88,"btype":null,"status":null,"built":null,"rad":null,"eld":-4,"dis":-4,"aunits":9,"prog":"811 PRA DEMO","pop":null,"reac":null,"expires":2042,"rentassist":null},"geometry":{"type":"Point","coordinates":[-81.654987000257194,41.470806998912401]}},
{"type":"Feature","properties":{"kind":"pba","name":"OAKWOOD GARDENS","owner":"Cuyahoga Metropolitan Housing Authority","addr":"23065 Broadway Ave","city":"Oakwood Village","units":117,"btype":null,"status":null,"built":null,"rad":null,"eld":80,"dis":48,"aunits":117,"prog":"RAD PH Conv","pop":"Indv. families - not eld/ handicap","reac":80,"expires":2042,"rentassist":null},"geometry":{"type":"Point","coordinates":[-81.511727999642304,41.3684639989375]}},
{"type":"Feature","properties":{"kind":"pba","name":"PARK DENISON","owner":"Cuyahoga Metropolitan Housing Authority","addr":"4016 Denison Ave","city":"Cleveland","units":37,"btype":null,"status":null,"built":null,"rad":null,"eld":13,"dis":16,"aunits":37,"prog":"RAD PH Conv","pop":"Family & Elderly","reac":86,"expires":2042,"rentassist":null},"geometry":{"type":"Point","coordinates":[-81.712088999688703,41.451588998983702]}},
{"type":"Feature","properties":{"kind":"pba","name":"BOHN TOWER","owner":"Cuyahoga Metropolitan Housing Authority","addr":"1300 Superior Ave","city":"Cleveland","units":266,"btype":null,"status":null,"built":null,"rad":null,"eld":69,"dis":55,"aunits":266,"prog":"RAD PH Conv","pop":"Indv. families - not eld/ handicap","reac":null,"expires":2035,"rentassist":null},"geometry":{"type":"Point","coordinates":[-81.676799999783995,41.504499998940602]}},
{"type":"Feature","properties":{"kind":"pba","name":"CRESTVIEW APARTMENTS","owner":"Cuyahoga Metropolitan Housing Authority","addr":"1400 Crestline Ave","city":"Cleveland","units":216,"btype":null,"status":null,"built":null,"rad":null,"eld":20,"dis":20,"aunits":216,"prog":"RAD PH Conv","pop":"Indv. families - not eld/ handicap","reac":null,"expires":2044,"rentassist":null},"geometry":{"type":"Point","coordinates":[-81.690158999985997,41.443295998748397]}},
{"type":"Feature","properties":{"kind":"pba","name":"BELLAIRE APTS - PURITAS GARDENS","owner":"Cuyahoga Metropolitan Housing Authority","addr":"13609 Bellaire Rd","city":"Cleveland","units":70,"btype":null,"status":null,"built":null,"rad":null,"eld":31,"dis":31,"aunits":70,"prog":"RAD PH Conv","pop":"Indv. families - not eld/ handicap","reac":null,"expires":2044,"rentassist":null},"geometry":{"type":"Point","coordinates":[-81.785973999893002,41.434865999170697]}},
{"type":"Feature","properties":{"kind":"pba","name":"BELLAIRE A-B TOWNHOMES","owner":"Cuyahoga Metropolitan Housing Authority","addr":"12555 Bellaire Rd","city":"Cleveland","units":340,"btype":null,"status":null,"built":null,"rad":null,"eld":21,"dis":25,"aunits":340,"prog":"RAD PH Conv","pop":"Indv. families - not eld/ handicap","reac":null,"expires":2044,"rentassist":null},"geometry":{"type":"Point","coordinates":[-81.775608000266402,41.4402619989201]}},
{"type":"Feature","properties":{"kind":"pba","name":"Santee Landing","owner":"Medina Metropolitan Housing Authority","addr":"455 Seville Rd","city":"Wadsworth","units":45,"btype":null,"status":null,"built":null,"rad":null,"eld":-4,"dis":-4,"aunits":10,"prog":"811 PRA DEMO","pop":null,"reac":null,"expires":2041,"rentassist":null},"geometry":{"type":"Point","coordinates":[-81.7461499999051,41.010431998939502]}},
{"type":"Feature","properties":{"kind":"pba","name":"WILKES VILLA","owner":"Lorain Metropolitan Housing Authority","addr":"104 Louden Ct","city":"Elyria","units":174,"btype":null,"status":null,"built":null,"rad":null,"eld":-4,"dis":-4,"aunits":174,"prog":"RAD PH Conv / RAD PH Conv","pop":"Indv. families - not eld/ handicap","reac":null,"expires":2046,"rentassist":null},"geometry":{"type":"Point","coordinates":[-82.100227000429697,41.344733998932298]}},
{"type":"Feature","properties":{"kind":"pba","name":"WESTERN HORIZON","owner":"Lorain Metropolitan Housing Authority","addr":"2153 Lorain Dr","city":"Lorain","units":0,"btype":null,"status":null,"built":null,"rad":null,"eld":-4,"dis":-4,"aunits":353,"prog":"RAD PH Conv","pop":"Indv. families - not eld/ handicap","reac":null,"expires":2046,"rentassist":null},"geometry":{"type":"Point","coordinates":[-82.199491999948194,41.4519509989669]}},
{"type":"Feature","properties":{"kind":"pba","name":"SCRANTON MANHATTAN","owner":"Cuyahoga Metropolitan Housing Authority","addr":"2000 Castle Ave","city":"Cleveland","units":189,"btype":null,"status":null,"built":null,"rad":null,"eld":77,"dis":68,"aunits":189,"prog":"RAD PH Conv","pop":null,"reac":null,"expires":2045,"rentassist":null},"geometry":{"type":"Point","coordinates":[-81.695898000366398,41.471687998740499]}},
{"type":"Feature","properties":{"kind":"pba","name":"65 Nickel","owner":"RLJ Management Co Inc","addr":"65 Nickel St","city":"Akron","units":43,"btype":null,"status":null,"built":null,"rad":null,"eld":-4,"dis":-4,"aunits":5,"prog":"811 PRA DEMO","pop":null,"reac":null,"expires":2044,"rentassist":null},"geometry":{"type":"Point","coordinates":[-81.527842999694997,41.0924339987777]}},
{"type":"Feature","properties":{"kind":"lihtc","name":"Fernwood","owner":null,"addr":"342 Fernwood Dr","city":"Akron","units":1,"btype":null,"status":null,"built":1988,"rad":null,"eld":null,"dis":null,"aunits":1,"prog":null,"pop":null,"reac":null,"expires":null,"rentassist":0},"geometry":{"type":"Point","coordinates":[-81.544235999582,41.088564999968497]}},
{"type":"Feature","properties":{"kind":"lihtc","name":"Carpenter Street","owner":null,"addr":"632 Carpenter St","city":"Akron","units":1,"btype":null,"status":null,"built":1990,"rad":null,"eld":null,"dis":null,"aunits":1,"prog":null,"pop":null,"reac":null,"expires":null,"rentassist":0},"geometry":{"type":"Point","coordinates":[-81.519488999929393,41.1025670003011]}},
{"type":"Feature","properties":{"kind":"lihtc","name":"Crosier","owner":null,"addr":"366 E Crosier St","city":"Akron","units":1,"btype":null,"status":null,"built":1989,"rad":null,"eld":null,"dis":null,"aunits":1,"prog":null,"pop":null,"reac":null,"expires":null,"rentassist":0},"geometry":{"type":"Point","coordinates":[-81.515142999992094,41.059421999770102]}},
{"type":"Feature","properties":{"kind":"lihtc","name":"Moon-Mallison Homes","owner":null,"addr":"685 Moon St","city":"Akron","units":30,"btype":null,"status":null,"built":null,"rad":null,"eld":null,"dis":null,"aunits":null,"prog":null,"pop":null,"reac":null,"expires":null,"rentassist":0},"geometry":{"type":"Point","coordinates":[-81.544091999642006,41.074046000328899]}},
{"type":"Feature","properties":{"kind":"lihtc","name":"Mildred","owner":null,"addr":"73 W Mildred Ave","city":"Akron","units":1,"btype":null,"status":null,"built":1988,"rad":null,"eld":null,"dis":null,"aunits":1,"prog":null,"pop":null,"reac":null,"expires":null,"rentassist":0},"geometry":{"type":"Point","coordinates":[-81.517385000006897,41.111246000277397]}},
{"type":"Feature","properties":{"kind":"lihtc","name":"E J Grinder Apts","owner":null,"addr":"468 Julien Ave","city":"Akron","units":34,"btype":null,"status":null,"built":1990,"rad":null,"eld":null,"dis":null,"aunits":34,"prog":null,"pop":null,"reac":null,"expires":null,"rentassist":0},"geometry":{"type":"Point","coordinates":[-81.506511000392095,41.097804000183899]}},
{"type":"Feature","properties":{"kind":"lihtc","name":"Parkwood Apts (Akron)","owner":null,"addr":"324 Parkwood Ave","city":"Akron","units":5,"btype":null,"status":null,"built":1988,"rad":null,"eld":null,"dis":null,"aunits":3,"prog":null,"pop":null,"reac":null,"expires":null,"rentassist":0},"geometry":{"type":"Point","coordinates":[-81.506118000031705,41.083179000225002]}},
{"type":"Feature","properties":{"kind":"lihtc","name":"154 S Maple St","owner":null,"addr":"154 S Maple St","city":"Akron","units":41,"btype":null,"status":null,"built":1990,"rad":null,"eld":null,"dis":null,"aunits":41,"prog":null,"pop":null,"reac":null,"expires":null,"rentassist":0},"geometry":{"type":"Point","coordinates":[-81.527687999884293,41.086193000011598]}},
{"type":"Feature","properties":{"kind":"lihtc","name":"The Village At New Seasons","owner":null,"addr":"1495 S Hawkins Ave","city":"Akron","units":50,"btype":null,"status":null,"built":null,"rad":null,"eld":null,"dis":null,"aunits":null,"prog":null,"pop":null,"reac":null,"expires":null,"rentassist":0},"geometry":{"type":"Point","coordinates":[-81.569447999565099,41.0685570000716]}},
{"type":"Feature","properties":{"kind":"lihtc","name":"The Waterford At Portage Trail Phase I","owner":null,"addr":"1773 E Waterford Ct","city":"Akron","units":145,"btype":null,"status":null,"built":null,"rad":null,"eld":null,"dis":null,"aunits":null,"prog":null,"pop":null,"reac":null,"expires":null,"rentassist":0},"geometry":{"type":"Point","coordinates":[-81.540590000151894,41.136633999985698]}},
{"type":"Feature","properties":{"kind":"lihtc","name":"The Waterford At Portage Trail Phase Ii","owner":null,"addr":"1796 W Waterford Ct","city":"Akron","units":124,"btype":null,"status":null,"built":null,"rad":null,"eld":null,"dis":null,"aunits":null,"prog":null,"pop":null,"reac":null,"expires":null,"rentassist":0},"geometry":{"type":"Point","coordinates":[-81.542770000242299,41.136877000195199]}},
{"type":"Feature","properties":{"kind":"lihtc","name":"Akron Section 8 Rehabilitation","owner":null,"addr":"1021 Snyder St","city":"Akron","units":11,"btype":null,"status":null,"built":1987,"rad":null,"eld":null,"dis":null,"aunits":11,"prog":null,"pop":null,"reac":null,"expires":null,"rentassist":0},"geometry":{"type":"Point","coordinates":[-81.542776999915006,41.066604999878898]}},
{"type":"Feature","properties":{"kind":"lihtc","name":"Spring Meadows","owner":null,"addr":"1326 Thurston St","city":"Akron","units":8,"btype":null,"status":null,"built":1988,"rad":null,"eld":null,"dis":null,"aunits":8,"prog":null,"pop":null,"reac":null,"expires":null,"rentassist":0},"geometry":{"type":"Point","coordinates":[-81.570912999978304,41.074853999732703]}},
{"type":"Feature","properties":{"kind":"lihtc","name":"Van Buren","owner":null,"addr":"345 S Van Buren Ave","city":"Barberton","units":1,"btype":null,"status":null,"built":1988,"rad":null,"eld":null,"dis":null,"aunits":1,"prog":null,"pop":null,"reac":null,"expires":null,"rentassist":0},"geometry":{"type":"Point","coordinates":[-81.601029000115403,41.0009879999036]}},
{"type":"Feature","properties":{"kind":"lihtc","name":"Norman Apts","owner":null,"addr":"119 Norman St","city":"Barberton","units":1,"btype":null,"status":null,"built":1989,"rad":null,"eld":null,"dis":null,"aunits":1,"prog":null,"pop":null,"reac":null,"expires":null,"rentassist":0},"geometry":{"type":"Point","coordinates":[-81.602873999571798,41.019577000282702]}},
{"type":"Feature","properties":{"kind":"lihtc","name":"Ohio Property Mgmt & Development","owner":null,"addr":"255 Crosby St","city":"Akron","units":5,"btype":null,"status":null,"built":1989,"rad":null,"eld":null,"dis":null,"aunits":5,"prog":null,"pop":null,"reac":null,"expires":null,"rentassist":0},"geometry":{"type":"Point","coordinates":[-81.525038000338895,41.0868359999142]}},
{"type":"Feature","properties":{"kind":"lihtc","name":"Wdk Apts","owner":null,"addr":"426 4th St NW","city":"Barberton","units":10,"btype":null,"status":null,"built":1988,"rad":null,"eld":null,"dis":null,"aunits":10,"prog":null,"pop":null,"reac":null,"expires":null,"rentassist":0},"geometry":{"type":"Point","coordinates":[-81.609695000050607,41.022201000088899]}},
{"type":"Feature","properties":{"kind":"lihtc","name":"Whitney Rental","owner":null,"addr":"492 Whitney Ave","city":"Akron","units":2,"btype":null,"status":null,"built":1988,"rad":null,"eld":null,"dis":null,"aunits":2,"prog":null,"pop":null,"reac":null,"expires":null,"rentassist":0},"geometry":{"type":"Point","coordinates":[-81.493584999835093,41.058854000128498]}},
{"type":"Feature","properties":{"kind":"lihtc","name":"Wooster Road","owner":null,"addr":"1082 Wooster Rd W","city":"Barberton","units":1,"btype":null,"status":null,"built":1988,"rad":null,"eld":null,"dis":null,"aunits":1,"prog":null,"pop":null,"reac":null,"expires":null,"rentassist":0},"geometry":{"type":"Point","coordinates":[-81.628385000204005,41.008829000225901]}},
{"type":"Feature","properties":{"kind":"lihtc","name":"Wdk Rentals","owner":null,"addr":"553 Rubber St","city":"Barberton","units":5,"btype":null,"status":null,"built":1990,"rad":null,"eld":null,"dis":null,"aunits":5,"prog":null,"pop":null,"reac":null,"expires":null,"rentassist":0},"geometry":{"type":"Point","coordinates":[-81.6104030000553,41.0210300001402]}},
{"type":"Feature","properties":{"kind":"lihtc","name":"Raymond Project","owner":null,"addr":"1053 Raymond St","city":"Akron","units":2,"btype":null,"status":null,"built":1987,"rad":null,"eld":null,"dis":null,"aunits":2,"prog":null,"pop":null,"reac":null,"expires":null,"rentassist":0},"geometry":{"type":"Point","coordinates":[-81.540842999871899,41.065714999791602]}},
{"type":"Feature","properties":{"kind":"lihtc","name":"Seward House","owner":null,"addr":"1276 Seward Ave","city":"Akron","units":1,"btype":null,"status":null,"built":1987,"rad":null,"eld":null,"dis":null,"aunits":1,"prog":null,"pop":null,"reac":null,"expires":null,"rentassist":0},"geometry":{"type":"Point","coordinates":[-81.5719690001375,41.074506000335397]}},
{"type":"Feature","properties":{"kind":"lihtc","name":"Sun Valley Apts","owner":null,"addr":"33 W Long St","city":"Akron","units":2,"btype":null,"status":null,"built":1987,"rad":null,"eld":null,"dis":null,"aunits":2,"prog":null,"pop":null,"reac":null,"expires":null,"rentassist":0},"geometry":{"type":"Point","coordinates":[-81.530252999939194,41.057688000170302]}},
{"type":"Feature","properties":{"kind":"lihtc","name":"Swartz Apts","owner":null,"addr":"124 S Maple St","city":"Akron","units":2,"btype":null,"status":null,"built":1987,"rad":null,"eld":null,"dis":null,"aunits":2,"prog":null,"pop":null,"reac":null,"expires":null,"rentassist":0},"geometry":{"type":"Point","coordinates":[-81.526508999701406,41.086367999854303]}},
{"type":"Feature","properties":{"kind":"lihtc","name":"Arbor Woods I","owner":null,"addr":"354 Arbor Ct","city":"Medina","units":35,"btype":null,"status":null,"built":1991,"rad":null,"eld":null,"dis":null,"aunits":35,"prog":null,"pop":null,"reac":null,"expires":null,"rentassist":0},"geometry":{"type":"Point","coordinates":[-81.870960000390994,41.155054000211102]}},
{"type":"Feature","properties":{"kind":"lihtc","name":"Wunderlink Apts","owner":null,"addr":"294 Wunderlich Ave","city":"Barberton","units":9,"btype":null,"status":null,"built":1987,"rad":null,"eld":null,"dis":null,"aunits":9,"prog":null,"pop":null,"reac":null,"expires":null,"rentassist":0},"geometry":{"type":"Point","coordinates":[-81.608049999712406,41.018468000141397]}},
{"type":"Feature","properties":{"kind":"lihtc","name":"Anders, Fitzpatrick & Weigand Apts","owner":null,"addr":"984 5th Ave","city":"Akron","units":2,"btype":null,"status":null,"built":1988,"rad":null,"eld":null,"dis":null,"aunits":2,"prog":null,"pop":null,"reac":null,"expires":null,"rentassist":0},"geometry":{"type":"Point","coordinates":[-81.494384000076394,41.0612410001252]}},
{"type":"Feature","properties":{"kind":"lihtc","name":"Beck Avenue","owner":null,"addr":"59 Beck Ave","city":"Akron","units":3,"btype":null,"status":null,"built":1988,"rad":null,"eld":null,"dis":null,"aunits":3,"prog":null,"pop":null,"reac":null,"expires":null,"rentassist":0},"geometry":{"type":"Point","coordinates":[-81.5387950000259,41.093269000000902]}},
{"type":"Feature","properties":{"kind":"lihtc","name":"Garman Rental","owner":null,"addr":"1600 Garman Rd","city":"Akron","units":1,"btype":null,"status":null,"built":1988,"rad":null,"eld":null,"dis":null,"aunits":1,"prog":null,"pop":null,"reac":null,"expires":null,"rentassist":0},"geometry":{"type":"Point","coordinates":[-81.570480000333205,41.115410999798698]}},
{"type":"Feature","properties":{"kind":"lihtc","name":"Van Street","owner":null,"addr":"405 Van St","city":"Barberton","units":1,"btype":null,"status":null,"built":1988,"rad":null,"eld":null,"dis":null,"aunits":1,"prog":null,"pop":null,"reac":null,"expires":null,"rentassist":0},"geometry":{"type":"Point","coordinates":[-81.603092000030003,41.020826000225398]}},
{"type":"Feature","properties":{"kind":"lihtc","name":"East Crown Apts","owner":null,"addr":"471 Grant St","city":"Akron","units":108,"btype":null,"status":null,"built":1988,"rad":null,"eld":null,"dis":null,"aunits":108,"prog":null,"pop":null,"reac":null,"expires":null,"rentassist":0},"geometry":{"type":"Point","coordinates":[-81.5176169998104,41.070435999993599]}},
{"type":"Feature","properties":{"kind":"lihtc","name":"Edison Apts","owner":null,"addr":"1180 Edison Ave","city":"Akron","units":1,"btype":null,"status":null,"built":1988,"rad":null,"eld":null,"dis":null,"aunits":1,"prog":null,"pop":null,"reac":null,"expires":null,"rentassist":0},"geometry":{"type":"Point","coordinates":[-81.531919000193795,41.0544889999668]}},
{"type":"Feature","properties":{"kind":"lihtc","name":"Ahepa 63 Apts","owner":null,"addr":"485 South Ave","city":"Tallmadge","units":50,"btype":null,"status":null,"built":null,"rad":null,"eld":null,"dis":null,"aunits":null,"prog":null,"pop":null,"reac":null,"expires":null,"rentassist":0},"geometry":{"type":"Point","coordinates":[-81.441178000320207,41.088039999668901]}},
{"type":"Feature","properties":{"kind":"lihtc","name":"James R Williams Tower","owner":null,"addr":"285 Channelwood Cir","city":"Akron","units":148,"btype":null,"status":null,"built":null,"rad":null,"eld":null,"dis":null,"aunits":147,"prog":null,"pop":"elderly","reac":null,"expires":null,"rentassist":0},"geometry":{"type":"Point","coordinates":[-81.536218000275397,41.067026999815099]}},
{"type":"Feature","properties":{"kind":"lihtc","name":"Waterford At Portage Trail Ii","owner":null,"addr":"1761 E Waterford Ct","city":"Akron","units":136,"btype":null,"status":null,"built":1998,"rad":null,"eld":null,"dis":null,"aunits":136,"prog":null,"pop":"elderly","reac":null,"expires":null,"rentassist":0},"geometry":{"type":"Point","coordinates":[-81.541205000270097,41.137734999806099]}},
{"type":"Feature","properties":{"kind":"lihtc","name":"Wilbeth-Arlington Homes","owner":null,"addr":"1248 Virginia Ave","city":"Akron","units":328,"btype":null,"status":null,"built":1998,"rad":null,"eld":null,"dis":null,"aunits":328,"prog":null,"pop":"elderly","reac":null,"expires":null,"rentassist":0},"geometry":{"type":"Point","coordinates":[-81.496940999735401,41.038040999876301]}},
{"type":"Feature","properties":{"kind":"lihtc","name":"Annunciation Terrace","owner":null,"addr":"25 Broad St","city":"Akron","units":50,"btype":null,"status":null,"built":1999,"rad":null,"eld":null,"dis":null,"aunits":50,"prog":null,"pop":"elderly","reac":null,"expires":null,"rentassist":0},"geometry":{"type":"Point","coordinates":[-81.488531999718106,41.071775999965197]}},
{"type":"Feature","properties":{"kind":"lihtc","name":"Elizabeth Park North","owner":null,"addr":"212 E North St","city":"Akron","units":97,"btype":null,"status":null,"built":2006,"rad":null,"eld":null,"dis":null,"aunits":49,"prog":null,"pop":null,"reac":null,"expires":null,"rentassist":0},"geometry":{"type":"Point","coordinates":[-81.508597999697798,41.089735000111098]}},
{"type":"Feature","properties":{"kind":"lihtc","name":"Hillwood Ii","owner":null,"addr":"1380 Dahlgren Dr","city":"Akron","units":240,"btype":null,"status":null,"built":2006,"rad":null,"eld":null,"dis":null,"aunits":238,"prog":null,"pop":null,"reac":null,"expires":null,"rentassist":0},"geometry":{"type":"Point","coordinates":[-81.488894000116403,41.032521000236599]}},
{"type":"Feature","properties":{"kind":"lihtc","name":"Summit Lake Homes","owner":null,"addr":"1046 S Arlington St","city":"Akron","units":40,"btype":null,"status":null,"built":2001,"rad":null,"eld":null,"dis":null,"aunits":40,"prog":null,"pop":null,"reac":null,"expires":null,"rentassist":0},"geometry":{"type":"Point","coordinates":[-81.491430999683899,41.043517999958297]}},
{"type":"Feature","properties":{"kind":"lihtc","name":"Retirement Residence Of Greene","owner":null,"addr":"4200 Town Xing Blvd","city":"Uniontown","units":58,"btype":null,"status":null,"built":2004,"rad":null,"eld":null,"dis":null,"aunits":48,"prog":null,"pop":"elderly","reac":null,"expires":null,"rentassist":0},"geometry":{"type":"Point","coordinates":[-81.467766999954605,40.947546000335301]}},
{"type":"Feature","properties":{"kind":"lihtc","name":"William Presser Towers","owner":null,"addr":"480 Canton Rd","city":"Akron","units":100,"btype":null,"status":null,"built":2004,"rad":null,"eld":null,"dis":null,"aunits":100,"prog":null,"pop":"elderly","reac":null,"expires":null,"rentassist":0},"geometry":{"type":"Point","coordinates":[-81.437388000051698,41.0503059998588]}},
{"type":"Feature","properties":{"kind":"lihtc","name":"Eastland Woods","owner":null,"addr":"1094 Morningview Ave","city":"Akron","units":100,"btype":null,"status":null,"built":2004,"rad":null,"eld":null,"dis":null,"aunits":100,"prog":null,"pop":null,"reac":null,"expires":null,"rentassist":0},"geometry":{"type":"Point","coordinates":[-81.454728000317999,41.090616000184099]}},
{"type":"Feature","properties":{"kind":"lihtc","name":"North Akron Homes","owner":null,"addr":"1279 Marcy St","city":"Akron","units":38,"btype":null,"status":null,"built":1999,"rad":null,"eld":null,"dis":null,"aunits":38,"prog":null,"pop":"elderly","reac":null,"expires":null,"rentassist":0},"geometry":{"type":"Point","coordinates":[-81.520408999646094,41.052016000253197]}},
{"type":"Feature","properties":{"kind":"lihtc","name":"Eandc Homes","owner":null,"addr":"209 Cuyahoga St","city":"Akron","units":32,"btype":null,"status":null,"built":2005,"rad":null,"eld":null,"dis":null,"aunits":32,"prog":null,"pop":"disabled","reac":null,"expires":null,"rentassist":0},"geometry":{"type":"Point","coordinates":[-81.519945000038902,41.096773999954202]}},
{"type":"Feature","properties":{"kind":"lihtc","name":"Nela Manor","owner":null,"addr":"614 W Market St Apt 1","city":"Akron","units":35,"btype":null,"status":null,"built":2005,"rad":null,"eld":null,"dis":null,"aunits":35,"prog":null,"pop":null,"reac":null,"expires":null,"rentassist":0},"geometry":{"type":"Point","coordinates":[-81.537190999695596,41.093692999919099]}},
{"type":"Feature","properties":{"kind":"lihtc","name":"White Pond Villa","owner":null,"addr":"477 White Pond Dr","city":"Akron","units":173,"btype":null,"status":null,"built":2003,"rad":null,"eld":null,"dis":null,"aunits":173,"prog":null,"pop":null,"reac":null,"expires":null,"rentassist":0},"geometry":{"type":"Point","coordinates":[-81.585873000137596,41.103731000143299]}},
{"type":"Feature","properties":{"kind":"lihtc","name":"Akron Senior Housing","owner":null,"addr":"184 Reid Ter","city":"Akron","units":40,"btype":null,"status":null,"built":2003,"rad":null,"eld":null,"dis":null,"aunits":28,"prog":null,"pop":"elderly","reac":null,"expires":null,"rentassist":0},"geometry":{"type":"Point","coordinates":[-81.521139000290404,41.098665999698497]}},
{"type":"Feature","properties":{"kind":"lihtc","name":"Alexander Square Apts","owner":null,"addr":"553 W Tuscarawas Ave","city":"Barberton","units":35,"btype":null,"status":null,"built":2003,"rad":null,"eld":null,"dis":null,"aunits":28,"prog":null,"pop":"elderly","reac":null,"expires":null,"rentassist":0},"geometry":{"type":"Point","coordinates":[-81.609907999587605,41.013061000100102]}},
{"type":"Feature","properties":{"kind":"lihtc","name":"Channel Wood Village","owner":null,"addr":"695 Dunbar Dr","city":"Akron","units":274,"btype":null,"status":null,"built":2004,"rad":null,"eld":null,"dis":null,"aunits":219,"prog":null,"pop":null,"reac":null,"expires":null,"rentassist":0},"geometry":{"type":"Point","coordinates":[-81.529992999648201,41.067418000287198]}},
{"type":"Feature","properties":{"kind":"lihtc","name":"Elson Pointe","owner":null,"addr":"408 Magnolia Dr","city":"Barberton","units":70,"btype":null,"status":null,"built":2000,"rad":null,"eld":null,"dis":null,"aunits":70,"prog":null,"pop":"elderly","reac":null,"expires":null,"rentassist":0},"geometry":{"type":"Point","coordinates":[-81.594673999791993,40.995757000279397]}},
{"type":"Feature","properties":{"kind":"lihtc","name":"Pleasant Meadows Village","owner":null,"addr":"324 Pleasant Meadow Blvd","city":"Cuyahoga Falls","units":72,"btype":null,"status":null,"built":2000,"rad":null,"eld":null,"dis":null,"aunits":72,"prog":null,"pop":"elderly","reac":null,"expires":null,"rentassist":0},"geometry":{"type":"Point","coordinates":[-81.494557000328697,41.1653530000182]}},
{"type":"Feature","properties":{"kind":"lihtc","name":"South Akron Homes","owner":null,"addr":"1255 Curtis St","city":"Akron","units":45,"btype":null,"status":null,"built":1998,"rad":null,"eld":null,"dis":null,"aunits":45,"prog":null,"pop":null,"reac":null,"expires":null,"rentassist":0},"geometry":{"type":"Point","coordinates":[-81.523587999994405,41.052933000139198]}},
{"type":"Feature","properties":{"kind":"lihtc","name":"Spring Ridge Apts","owner":null,"addr":"5013 Fenn Rd","city":"Medina","units":198,"btype":null,"status":null,"built":1998,"rad":null,"eld":null,"dis":null,"aunits":198,"prog":null,"pop":null,"reac":null,"expires":null,"rentassist":0},"geometry":{"type":"Point","coordinates":[-81.866507000323693,41.170899999837097]}},
{"type":"Feature","properties":{"kind":"lihtc","name":"Waterford At Portage Trail I","owner":null,"addr":"1761 E Waterford Ct","city":"Akron","units":168,"btype":null,"status":null,"built":1998,"rad":null,"eld":null,"dis":null,"aunits":168,"prog":null,"pop":null,"reac":null,"expires":null,"rentassist":0},"geometry":{"type":"Point","coordinates":[-81.541205000270097,41.137734999806099]}},
{"type":"Feature","properties":{"kind":"lihtc","name":"Single Family Home","owner":null,"addr":"623 S Arlington St","city":"Akron","units":2,"btype":null,"status":null,"built":1991,"rad":null,"eld":null,"dis":null,"aunits":2,"prog":null,"pop":null,"reac":null,"expires":null,"rentassist":0},"geometry":{"type":"Point","coordinates":[-81.490743999595594,41.0552969999003]}},
{"type":"Feature","properties":{"kind":"lihtc","name":"Project 4","owner":null,"addr":"931 Work Dr","city":"Akron","units":1,"btype":null,"status":null,"built":1993,"rad":null,"eld":null,"dis":null,"aunits":1,"prog":null,"pop":null,"reac":null,"expires":null,"rentassist":0},"geometry":{"type":"Point","coordinates":[-81.549938000152395,41.0900439999157]}},
{"type":"Feature","properties":{"kind":"lihtc","name":"Southwick Apts","owner":null,"addr":"4375 Southwick Blvd","city":"Brunswick","units":50,"btype":null,"status":null,"built":1993,"rad":null,"eld":null,"dis":null,"aunits":50,"prog":null,"pop":null,"reac":null,"expires":null,"rentassist":0},"geometry":{"type":"Point","coordinates":[-81.842743000136906,41.233718999954597]}},
{"type":"Feature","properties":{"kind":"lihtc","name":"Spring Hill Apts","owner":null,"addr":"1254 Rentar Ln","city":"Akron","units":351,"btype":null,"status":null,"built":1993,"rad":null,"eld":null,"dis":null,"aunits":351,"prog":null,"pop":null,"reac":null,"expires":null,"rentassist":0},"geometry":{"type":"Point","coordinates":[-81.550811999838402,41.067405000026497]}},
{"type":"Feature","properties":{"kind":"lihtc","name":"Cedar Street Apts","owner":null,"addr":"380 W Cedar St","city":"Akron","units":25,"btype":null,"status":null,"built":1992,"rad":null,"eld":null,"dis":null,"aunits":25,"prog":null,"pop":null,"reac":null,"expires":null,"rentassist":0},"geometry":{"type":"Point","coordinates":[-81.5341429997669,41.081472999997601]}},
{"type":"Feature","properties":{"kind":"lihtc","name":"Towne Center Apts","owner":null,"addr":"1266 Pearl Rd","city":"Brunswick","units":88,"btype":null,"status":null,"built":1995,"rad":null,"eld":null,"dis":null,"aunits":88,"prog":null,"pop":null,"reac":null,"expires":null,"rentassist":0},"geometry":{"type":"Point","coordinates":[-81.841503999679603,41.241371000210499]}},
{"type":"Feature","properties":{"kind":"lihtc","name":"Akron Homes Ii","owner":null,"addr":"250 Kelly Ave","city":"Akron","units":30,"btype":null,"status":null,"built":1996,"rad":null,"eld":null,"dis":null,"aunits":30,"prog":null,"pop":null,"reac":null,"expires":null,"rentassist":0},"geometry":{"type":"Point","coordinates":[-81.481732000053995,41.057975999753801]}},
{"type":"Feature","properties":{"kind":"lihtc","name":"Cedar Street Apts Iii","owner":null,"addr":"352 W Cedar St","city":"Akron","units":21,"btype":null,"status":null,"built":1996,"rad":null,"eld":null,"dis":null,"aunits":21,"prog":null,"pop":null,"reac":null,"expires":null,"rentassist":0},"geometry":{"type":"Point","coordinates":[-81.533465999724399,41.080965000035299]}},
{"type":"Feature","properties":{"kind":"lihtc","name":"West Akron Homes","owner":null,"addr":"972 Raymond St","city":"Akron","units":39,"btype":null,"status":null,"built":1997,"rad":null,"eld":null,"dis":null,"aunits":39,"prog":null,"pop":null,"reac":null,"expires":null,"rentassist":0},"geometry":{"type":"Point","coordinates":[-81.541252000125795,41.067744999851101]}},
{"type":"Feature","properties":{"kind":"lihtc","name":"Heritage Place","owner":null,"addr":"39 30th St NW","city":"Barberton","units":66,"btype":null,"status":null,"built":1994,"rad":null,"eld":null,"dis":null,"aunits":66,"prog":null,"pop":null,"reac":null,"expires":null,"rentassist":0},"geometry":{"type":"Point","coordinates":[-81.6372750004452,41.007474000317401]}},
{"type":"Feature","properties":{"kind":"lihtc","name":"Philip Avenue Rehab","owner":null,"addr":"659 Philip Ave","city":"Akron","units":12,"btype":null,"status":null,"built":1992,"rad":null,"eld":null,"dis":null,"aunits":12,"prog":null,"pop":null,"reac":null,"expires":null,"rentassist":0},"geometry":{"type":"Point","coordinates":[-81.496550999747996,41.081684000326]}},
{"type":"Feature","properties":{"kind":"lihtc","name":"Project 1,2,3","owner":null,"addr":"1630 Claudia Ave","city":"Akron","units":3,"btype":null,"status":null,"built":1992,"rad":null,"eld":null,"dis":null,"aunits":3,"prog":null,"pop":null,"reac":null,"expires":null,"rentassist":0},"geometry":{"type":"Point","coordinates":[-81.564700999769897,41.064225999842797]}},
{"type":"Feature","properties":{"kind":"lihtc","name":"Noble House","owner":null,"addr":"1019 Orlando Ave","city":"Akron","units":1,"btype":null,"status":null,"built":1994,"rad":null,"eld":null,"dis":null,"aunits":1,"prog":null,"pop":null,"reac":null,"expires":null,"rentassist":0},"geometry":{"type":"Point","coordinates":[-81.568075000111804,41.0828909999723]}},
{"type":"Feature","properties":{"kind":"lihtc","name":"Oak Creek Apts","owner":null,"addr":"1377 Massillon Rd","city":"Akron","units":72,"btype":null,"status":null,"built":1996,"rad":null,"eld":null,"dis":null,"aunits":72,"prog":null,"pop":null,"reac":null,"expires":null,"rentassist":0},"geometry":{"type":"Point","coordinates":[-81.463053999596198,41.0235330001045]}},
{"type":"Feature","properties":{"kind":"lihtc","name":"Arbor Woods Ii","owner":null,"addr":"344 Quail Roost Dr","city":"Medina","units":35,"btype":null,"status":null,"built":1993,"rad":null,"eld":null,"dis":null,"aunits":35,"prog":null,"pop":null,"reac":null,"expires":null,"rentassist":0},"geometry":{"type":"Point","coordinates":[-81.869534000336003,41.1546799998004]}},
{"type":"Feature","properties":{"kind":"lihtc","name":"Washington Square (Barberton)","owner":null,"addr":"428 S Van Buren Ave","city":"Barberton","units":24,"btype":null,"status":null,"built":1994,"rad":null,"eld":null,"dis":null,"aunits":24,"prog":null,"pop":null,"reac":null,"expires":null,"rentassist":0},"geometry":{"type":"Point","coordinates":[-81.601597000378007,40.998557999977599]}},
{"type":"Feature","properties":{"kind":"lihtc","name":"Akron Homes I","owner":null,"addr":"395 Chittenden St","city":"Akron","units":40,"btype":null,"status":null,"built":1995,"rad":null,"eld":null,"dis":null,"aunits":40,"prog":null,"pop":null,"reac":null,"expires":null,"rentassist":0},"geometry":{"type":"Point","coordinates":[-81.488483000212597,41.059587999766997]}},
{"type":"Feature","properties":{"kind":"lihtc","name":"Cedar Street Apts Phase Ii","owner":null,"addr":"352 W Cedar St","city":"Akron","units":62,"btype":null,"status":null,"built":1995,"rad":null,"eld":null,"dis":null,"aunits":62,"prog":null,"pop":null,"reac":null,"expires":null,"rentassist":0},"geometry":{"type":"Point","coordinates":[-81.533465999724399,41.080965000035299]}},
{"type":"Feature","properties":{"kind":"lihtc","name":"Midtown Apts","owner":null,"addr":"219 E Market St","city":"Akron","units":90,"btype":null,"status":null,"built":1993,"rad":null,"eld":null,"dis":null,"aunits":90,"prog":null,"pop":null,"reac":null,"expires":null,"rentassist":0},"geometry":{"type":"Point","coordinates":[-81.510737999605297,41.082998000119503]}},
{"type":"Feature","properties":{"kind":"lihtc","name":"Southwick Place Townhomes","owner":null,"addr":"4375 Southwick Blvd","city":"Brunswick","units":50,"btype":null,"status":null,"built":2019,"rad":null,"eld":null,"dis":null,"aunits":50,"prog":null,"pop":null,"reac":null,"expires":null,"rentassist":0},"geometry":{"type":"Point","coordinates":[-81.842743000136906,41.233718999954597]}},
{"type":"Feature","properties":{"kind":"lihtc","name":"Greensburgh Manor","owner":null,"addr":"1960 Burgess Dr","city":"Uniontown","units":50,"btype":null,"status":null,"built":2016,"rad":null,"eld":null,"dis":null,"aunits":50,"prog":null,"pop":"elderly","reac":null,"expires":null,"rentassist":0},"geometry":{"type":"Point","coordinates":[-81.461708999731997,40.952714999783304]}},
{"type":"Feature","properties":{"kind":"lihtc","name":"Stoney Pointe Commons Ii","owner":null,"addr":"1791 Vernon Odom Blvd","city":"Akron","units":3,"btype":null,"status":null,"built":2020,"rad":null,"eld":null,"dis":null,"aunits":3,"prog":null,"pop":null,"reac":null,"expires":null,"rentassist":0},"geometry":{"type":"Point","coordinates":[-81.583108000066105,41.059892000217701]}},
{"type":"Feature","properties":{"kind":"lihtc","name":"Stoney Pointe Commons Ii","owner":null,"addr":"1791 Vernon Odom Blvd","city":"Akron","units":45,"btype":null,"status":null,"built":2020,"rad":null,"eld":null,"dis":null,"aunits":45,"prog":null,"pop":null,"reac":null,"expires":null,"rentassist":0},"geometry":{"type":"Point","coordinates":[-81.583108000066105,41.059892000217701]}},
{"type":"Feature","properties":{"kind":"lihtc","name":"The Commons At Madaline Park Ii","owner":null,"addr":"1267 Brownstone Ave","city":"Akron","units":60,"btype":null,"status":null,"built":2016,"rad":null,"eld":null,"dis":null,"aunits":60,"prog":null,"pop":null,"reac":null,"expires":null,"rentassist":0},"geometry":{"type":"Point","coordinates":[-81.474513000090298,41.099704999970598]}},
{"type":"Feature","properties":{"kind":"lihtc","name":"Arlington Ridge Townhomes","owner":null,"addr":"681 Moore Rd","city":"Akron","units":44,"btype":null,"status":null,"built":2018,"rad":null,"eld":null,"dis":null,"aunits":46,"prog":null,"pop":"families","reac":null,"expires":null,"rentassist":0},"geometry":{"type":"Point","coordinates":[-81.498412999821198,40.982412999680498]}},
{"type":"Feature","properties":{"kind":"lihtc","name":"South Court Senior Villas","owner":null,"addr":"171 High Point Dr","city":"Medina","units":40,"btype":null,"status":null,"built":2018,"rad":null,"eld":null,"dis":null,"aunits":40,"prog":null,"pop":"elderly","reac":null,"expires":null,"rentassist":0},"geometry":{"type":"Point","coordinates":[-81.869320999900694,41.112868999744201]}},
{"type":"Feature","properties":{"kind":"lihtc","name":"Stoney Pointe Commons","owner":null,"addr":"1791 Vernon Odom Blvd","city":"Akron","units":68,"btype":null,"status":null,"built":2018,"rad":null,"eld":null,"dis":null,"aunits":68,"prog":null,"pop":null,"reac":null,"expires":null,"rentassist":0},"geometry":{"type":"Point","coordinates":[-81.583108000066105,41.059892000217701]}},
{"type":"Feature","properties":{"kind":"lihtc","name":"International House At San Tomasso","owner":null,"addr":null,"city":"Akron","units":40,"btype":null,"status":null,"built":2019,"rad":null,"eld":null,"dis":null,"aunits":40,"prog":null,"pop":"families","reac":null,"expires":null,"rentassist":0},"geometry":{"type":"Point","coordinates":[-81.478999999594507,41.110299999924798]}},
{"type":"Feature","properties":{"kind":"lihtc","name":"Kenmore Place","owner":null,"addr":"894 Kenmore Blvd","city":"Akron","units":40,"btype":null,"status":null,"built":2015,"rad":null,"eld":null,"dis":null,"aunits":40,"prog":null,"pop":null,"reac":null,"expires":null,"rentassist":0},"geometry":{"type":"Point","coordinates":[-81.556068000344993,41.043908999942801]}},
{"type":"Feature","properties":{"kind":"lihtc","name":"Middlebury Commons","owner":null,"addr":"953 E Market St","city":"Akron","units":0,"btype":null,"status":null,"built":2019,"rad":null,"eld":null,"dis":null,"aunits":40,"prog":null,"pop":"elderly","reac":null,"expires":null,"rentassist":0},"geometry":{"type":"Point","coordinates":[-81.488720000039095,41.071079000326101]}},
{"type":"Feature","properties":{"kind":"lihtc","name":"Union Square Apartments","owner":null,"addr":"308 W Union St Ste 1","city":"Medina","units":0,"btype":null,"status":null,"built":2019,"rad":null,"eld":null,"dis":null,"aunits":84,"prog":null,"pop":null,"reac":null,"expires":null,"rentassist":0},"geometry":{"type":"Point","coordinates":[-81.869376000152201,41.144086999706097]}},
{"type":"Feature","properties":{"kind":"lihtc","name":"Wesley Tower","owner":null,"addr":"1500 Marion Ave","city":"Akron","units":100,"btype":null,"status":null,"built":2019,"rad":null,"eld":null,"dis":null,"aunits":100,"prog":null,"pop":"elderly","reac":null,"expires":null,"rentassist":0},"geometry":{"type":"Point","coordinates":[-81.568670000138596,41.107484000333102]}},
{"type":"Feature","properties":{"kind":"lihtc","name":"Southwick Manor","owner":null,"addr":"4326 Southwick Blvd","city":"Brunswick","units":54,"btype":null,"status":null,"built":2015,"rad":null,"eld":null,"dis":null,"aunits":54,"prog":null,"pop":"elderly","reac":null,"expires":null,"rentassist":0},"geometry":{"type":"Point","coordinates":[-81.842046000002995,41.234060000208899]}},
{"type":"Feature","properties":{"kind":"lihtc","name":"Edgewood Apts Phase I","owner":null,"addr":"491 Vernon Odom Blvd","city":"Akron","units":80,"btype":null,"status":null,"built":2008,"rad":null,"eld":null,"dis":null,"aunits":80,"prog":null,"pop":null,"reac":null,"expires":null,"rentassist":0},"geometry":{"type":"Point","coordinates":[-81.540626000136896,41.0728409999288]}},
{"type":"Feature","properties":{"kind":"lihtc","name":"Pembrook Greene","owner":null,"addr":"733 Bank St","city":"Lodi","units":18,"btype":null,"status":null,"built":2008,"rad":null,"eld":null,"dis":null,"aunits":18,"prog":null,"pop":"families","reac":null,"expires":null,"rentassist":0},"geometry":{"type":"Point","coordinates":[-82.024833000329707,41.0304999999966]}},
{"type":"Feature","properties":{"kind":"lihtc","name":"Village At Anna Dean","owner":null,"addr":"33 3rd St SE","city":"Barberton","units":60,"btype":null,"status":null,"built":2010,"rad":null,"eld":null,"dis":null,"aunits":60,"prog":null,"pop":"elderly","reac":null,"expires":null,"rentassist":0},"geometry":{"type":"Point","coordinates":[-81.593565999754205,41.007606000333801]}},
{"type":"Feature","properties":{"kind":"lihtc","name":"Washington Homes","owner":null,"addr":"1845 Stephanie Ln","city":"Akron","units":34,"btype":null,"status":null,"built":2010,"rad":null,"eld":null,"dis":null,"aunits":34,"prog":null,"pop":null,"reac":null,"expires":null,"rentassist":0},"geometry":{"type":"Point","coordinates":[-81.462308999781698,41.024831999804903]}},
{"type":"Feature","properties":{"kind":"lihtc","name":"The Commons At Madaline Park","owner":null,"addr":"1241 Brownstone Ave","city":"Akron","units":60,"btype":null,"status":null,"built":2014,"rad":null,"eld":null,"dis":null,"aunits":null,"prog":null,"pop":null,"reac":null,"expires":null,"rentassist":0},"geometry":{"type":"Point","coordinates":[-81.474529999808695,41.099021000104301]}},
{"type":"Feature","properties":{"kind":"lihtc","name":"Collinson Apts","owner":null,"addr":"1010 Rosemary Blvd","city":"Akron","units":101,"btype":null,"status":null,"built":2007,"rad":null,"eld":null,"dis":null,"aunits":100,"prog":null,"pop":"elderly","reac":null,"expires":null,"rentassist":0},"geometry":{"type":"Point","coordinates":[-81.490003999803903,41.035245999685102]}},
{"type":"Feature","properties":{"kind":"lihtc","name":"Robinson Homes East","owner":null,"addr":"1431 Hart St","city":"Akron","units":24,"btype":null,"status":null,"built":2014,"rad":null,"eld":null,"dis":null,"aunits":null,"prog":null,"pop":"families","reac":null,"expires":null,"rentassist":0},"geometry":{"type":"Point","coordinates":[-81.485718999966096,41.058428999849099]}},
{"type":"Feature","properties":{"kind":"lihtc","name":"Liberty Plaza","owner":null,"addr":"253 Abbeyville Rd","city":"Medina","units":106,"btype":null,"status":null,"built":2007,"rad":null,"eld":null,"dis":null,"aunits":106,"prog":null,"pop":"families","reac":null,"expires":null,"rentassist":0},"geometry":{"type":"Point","coordinates":[-81.893959999598295,41.143280999852998]}},
{"type":"Feature","properties":{"kind":"lihtc","name":"Watermark Senior Apts","owner":null,"addr":"1846 Front St","city":"Cuyahoga Falls","units":40,"btype":null,"status":null,"built":2011,"rad":null,"eld":null,"dis":null,"aunits":40,"prog":null,"pop":"elderly","reac":null,"expires":null,"rentassist":0},"geometry":{"type":"Point","coordinates":[-81.4840190002746,41.130789999748501]}},
{"type":"Feature","properties":{"kind":"lihtc","name":"Edgewood Village Iv","owner":null,"addr":"491 Vernon Odom Blvd","city":"Akron","units":48,"btype":null,"status":null,"built":2012,"rad":null,"eld":null,"dis":null,"aunits":48,"prog":null,"pop":"families","reac":null,"expires":null,"rentassist":0},"geometry":{"type":"Point","coordinates":[-81.540626000136896,41.0728409999288]}},
{"type":"Feature","properties":{"kind":"lihtc","name":"St Martha Manor","owner":null,"addr":"575 Delmar Ave","city":"Akron","units":36,"btype":null,"status":null,"built":2007,"rad":null,"eld":null,"dis":null,"aunits":36,"prog":null,"pop":"elderly","reac":null,"expires":null,"rentassist":0},"geometry":{"type":"Point","coordinates":[-81.504092999751904,41.100508000223499]}},
{"type":"Feature","properties":{"kind":"lihtc","name":"Stephenson Pointe Townhomes","owner":null,"addr":"792 Stevenson Pt","city":"Akron","units":30,"btype":null,"status":null,"built":2007,"rad":null,"eld":null,"dis":null,"aunits":30,"prog":null,"pop":"families","reac":null,"expires":null,"rentassist":0},"geometry":{"type":"Point","coordinates":[-81.549667999815696,41.069075999753103]}},
{"type":"Feature","properties":{"kind":"lihtc","name":"Callis Tower","owner":null,"addr":"730 Callis Dr","city":"Akron","units":277,"btype":null,"status":null,"built":2009,"rad":null,"eld":null,"dis":null,"aunits":276,"prog":null,"pop":"elderly","reac":null,"expires":null,"rentassist":0},"geometry":{"type":"Point","coordinates":[-81.533103000399507,41.066443000018502]}},
{"type":"Feature","properties":{"kind":"lihtc","name":"Edgewood Village South","owner":null,"addr":"840 Raymond St","city":"Akron","units":50,"btype":null,"status":null,"built":2012,"rad":null,"eld":null,"dis":null,"aunits":50,"prog":null,"pop":null,"reac":null,"expires":null,"rentassist":0},"geometry":{"type":"Point","coordinates":[-81.541367999578398,41.071241000277602]}},
{"type":"Feature","properties":{"kind":"lihtc","name":"Edgewood Village V","owner":null,"addr":"491 Vernon Odom Blvd","city":"Akron","units":48,"btype":null,"status":null,"built":2012,"rad":null,"eld":null,"dis":null,"aunits":48,"prog":null,"pop":"families","reac":null,"expires":null,"rentassist":0},"geometry":{"type":"Point","coordinates":[-81.540626000136896,41.0728409999288]}}
]
}
