{"type":"FeatureCollection","meta":{"asof":"2026-10-06","report_cards":"2024-25","private_survey":"2023-24"},"features":[{"type":"Feature","properties":{"id":"irn:39206","name":"Warner Girls Leadership Academy","sector":"public","kind":"district","district_irn":43786,"district":"Cleveland Municipal","address":"8315 Jeffries Ave Cleveland, OH 44105","grades":"PK-8","grades_guessed":false,"lo":0,"hi":8,"elem":1,"mid":1,"high":0,"enrollment":312,"pct_white":3.9,"pct_black":90.3,"pct_hispanic":3.8,"pct_asian":0,"pct_multi":0,"pct_other":0,"econ_dis_pct":100,"attendance":84.9,"chronic_abs":59.6,"stars_overall":3,"stars_achievement":2,"pi_pct":52,"stars_progress":3,"stars_gap":3,"stars_early_lit":2,"grad4":null,"stars_ccwmr":null,"affiliation":null,"st_ratio":null,"tuition_low":null,"tuition_high":null,"tuition_year":null,"tuition_basis":null,"edchoice":null,"tuition_source":null,"tuition_status":null,"tuition_notes":null,"demo_year":"2024-25","faith":"secular","website":null,"district_website":"https://www.clevelandmetroschools.org/"},"geometry":{"type":"Point","coordinates":[-81.62758,41.43855]}},{"type":"Feature","properties":{"id":"irn:140046","name":"H G Blake Elementary School","sector":"public","kind":"district","district_irn":44388,"district":"Medina City SD","address":"4704 Lexington Ridge Dr Medina, OH 44256","grades":"K-5","grades_guessed":false,"lo":0,"hi":5,"elem":1,"mid":0,"high":0,"enrollment":473,"pct_white":76.4,"pct_black":6.3,"pct_hispanic":7.2,"pct_asian":0,"pct_multi":9.2,"pct_other":0,"econ_dis_pct":37,"attendance":94.3,"chronic_abs":10.2,"stars_overall":4,"stars_achievement":4,"pi_pct":82.9,"stars_progress":3,"stars_gap":4,"stars_early_lit":3,"grad4":null,"stars_ccwmr":null,"affiliation":null,"st_ratio":null,"tuition_low":null,"tuition_high":null,"tuition_year":null,"tuition_basis":null,"edchoice":null,"tuition_source":null,"tuition_status":null,"tuition_notes":null,"demo_year":"2024-25","faith":"secular","website":"https://www.medinabees.org","district_website":"https://www.medinabees.org/"},"geometry":{"type":"Point","coordinates":[-81.856784,41.113559]}},{"type":"Feature","properties":{"id":"irn:122143","name":"Brooklyn School","sector":"public","kind":"district","district_irn":43653,"district":"Brooklyn City","address":"9200 Biddulph Rd Brooklyn, OH 44144","grades":"PK-7","grades_guessed":false,"lo":0,"hi":7,"elem":1,"mid":1,"high":0,"enrollment":667,"pct_white":40.4,"pct_black":10.3,"pct_hispanic":29.3,"pct_asian":13,"pct_multi":6.7,"pct_other":0,"econ_dis_pct":70.2,"attendance":92.5,"chronic_abs":23.6,"stars_overall":3.5,"stars_achievement":3,"pi_pct":71.3,"stars_progress":4,"stars_gap":4,"stars_early_lit":2,"grad4":null,"stars_ccwmr":null,"affiliation":null,"st_ratio":null,"tuition_low":null,"tuition_high":null,"tuition_year":null,"tuition_basis":null,"edchoice":null,"tuition_source":null,"tuition_status":null,"tuition_notes":null,"demo_year":"2024-25","faith":"secular","website":null,"district_website":"https://www.bcshurricanes.org/"},"geometry":{"type":"Point","coordinates":[-81.748734,41.431354]}},{"type":"Feature","properties":{"id":"irn:136101","name":"Twinsburg High School","sector":"public","kind":"district","district_irn":50070,"district":"Twinsburg City","address":"10084 Ravenna Rd Twinsburg, OH 44087","grades":"9-12","grades_guessed":false,"lo":9,"hi":12,"elem":0,"mid":0,"high":1,"enrollment":1106,"pct_white":53.6,"pct_black":25.6,"pct_hispanic":3.5,"pct_asian":10.5,"pct_multi":6.7,"pct_other":0,"econ_dis_pct":23.2,"attendance":93.6,"chronic_abs":17.1,"stars_overall":4.5,"stars_achievement":4,"pi_pct":86.9,"stars_progress":5,"stars_gap":4,"stars_early_lit":null,"grad4":99.1,"stars_ccwmr":2,"affiliation":null,"st_ratio":null,"tuition_low":null,"tuition_high":null,"tuition_year":null,"tuition_basis":null,"edchoice":null,"tuition_source":null,"tuition_status":null,"tuition_notes":null,"demo_year":"2024-25","faith":"secular","website":null,"district_website":"https://www.twinsburg.k12.oh.us/"},"geometry":{"type":"Point","coordinates":[-81.452169,41.318412]}},{"type":"Feature","properties":{"id":"irn:115873","name":"A. I. Root Middle School","sector":"public","kind":"district","district_irn":44388,"district":"Medina City SD","address":"333 W Sturbridge Dr Medina, OH 44256","grades":"6-8","grades_guessed":false,"lo":6,"hi":8,"elem":0,"mid":1,"high":0,"enrollment":657,"pct_white":87.8,"pct_black":2.5,"pct_hispanic":3.8,"pct_asian":0,"pct_multi":4.5,"pct_other":0,"econ_dis_pct":19.2,"attendance":93.5,"chronic_abs":17.9,"stars_overall":4,"stars_achievement":4,"pi_pct":87.3,"stars_progress":3,"stars_gap":3,"stars_early_lit":null,"grad4":null,"stars_ccwmr":null,"affiliation":null,"st_ratio":null,"tuition_low":null,"tuition_high":null,"tuition_year":null,"tuition_basis":null,"edchoice":null,"tuition_source":null,"tuition_status":null,"tuition_notes":null,"demo_year":"2024-25","faith":"secular","website":"https://www.medinabees.org","district_website":"https://www.medinabees.org/"},"geometry":{"type":"Point","coordinates":[-81.871513,41.12032]}},{"type":"Feature","properties":{"id":"irn:29090","name":"Park Elementary School","sector":"public","kind":"district","district_irn":47183,"district":"Chardon Local","address":"111 Goodrich Ct Chardon, OH 44024","grades":"1-3","grades_guessed":false,"lo":1,"hi":3,"elem":1,"mid":0,"high":0,"enrollment":227,"pct_white":90.2,"pct_black":0,"pct_hispanic":0,"pct_asian":0,"pct_multi":0,"pct_other":0,"econ_dis_pct":28.9,"attendance":94.4,"chronic_abs":11.5,"stars_overall":5,"stars_achievement":5,"pi_pct":97.2,"stars_progress":null,"stars_gap":5,"stars_early_lit":4,"grad4":null,"stars_ccwmr":null,"affiliation":null,"st_ratio":null,"tuition_low":null,"tuition_high":null,"tuition_year":null,"tuition_basis":null,"edchoice":null,"tuition_source":null,"tuition_status":null,"tuition_notes":null,"demo_year":"2024-25","faith":"secular","website":null,"district_website":"https://www.chardonschools.org/"},"geometry":{"type":"Point","coordinates":[-81.20172,41.58235]}},{"type":"Feature","properties":{"id":"irn:24521","name":"Big Creek Elementary School","sector":"public","kind":"district","district_irn":43612,"district":"Berea City","address":"7247 Big Creek Pkwy Middleburg Hts, OH 44130","grades":"PK-4","grades_guessed":false,"lo":0,"hi":4,"elem":1,"mid":0,"high":0,"enrollment":559,"pct_white":61.2,"pct_black":3.9,"pct_hispanic":9.2,"pct_asian":17.6,"pct_multi":7.7,"pct_other":0,"econ_dis_pct":100,"attendance":94.7,"chronic_abs":10.5,"stars_overall":4.5,"stars_achievement":4,"pi_pct":88.8,"stars_progress":4,"stars_gap":5,"stars_early_lit":4,"grad4":null,"stars_ccwmr":null,"affiliation":null,"st_ratio":null,"tuition_low":null,"tuition_high":null,"tuition_year":null,"tuition_basis":null,"edchoice":null,"tuition_source":null,"tuition_status":null,"tuition_notes":null,"demo_year":"2024-25","faith":"secular","website":null,"district_website":"https://www.berea.k12.oh.us/"},"geometry":{"type":"Point","coordinates":[-81.807864,41.370332]}},{"type":"Feature","properties":{"id":"irn:28613","name":"Olmsted Falls Middle School","sector":"public","kind":"district","district_irn":46573,"district":"Olmsted Falls City","address":"27045 Bagley Rd Olmsted Falls, OH 44138","grades":"6-8","grades_guessed":false,"lo":6,"hi":8,"elem":0,"mid":1,"high":0,"enrollment":731,"pct_white":87.4,"pct_black":2.8,"pct_hispanic":5.4,"pct_asian":2.8,"pct_multi":1.6,"pct_other":0,"econ_dis_pct":26.2,"attendance":93.5,"chronic_abs":17,"stars_overall":3,"stars_achievement":4,"pi_pct":81.8,"stars_progress":2,"stars_gap":3,"stars_early_lit":null,"grad4":null,"stars_ccwmr":null,"affiliation":null,"st_ratio":null,"tuition_low":null,"tuition_high":null,"tuition_year":null,"tuition_basis":null,"edchoice":null,"tuition_source":null,"tuition_status":null,"tuition_notes":null,"demo_year":"2024-25","faith":"secular","website":null,"district_website":"https://www.ofcs.net/"},"geometry":{"type":"Point","coordinates":[-81.93633,41.37134]}},{"type":"Feature","properties":{"id":"irn:1388","name":"Avon Lake High School","sector":"public","kind":"district","district_irn":48124,"district":"Avon Lake City","address":"175 Avon Belden Rd Avon Lake, OH 44012","grades":"9-12","grades_guessed":false,"lo":9,"hi":12,"elem":0,"mid":0,"high":1,"enrollment":1033,"pct_white":88.9,"pct_black":1.9,"pct_hispanic":3.3,"pct_asian":1.5,"pct_multi":4.4,"pct_other":0,"econ_dis_pct":13.4,"attendance":91.5,"chronic_abs":25.8,"stars_overall":4.5,"stars_achievement":5,"pi_pct":90.9,"stars_progress":4,"stars_gap":4,"stars_early_lit":null,"grad4":98.3,"stars_ccwmr":3,"affiliation":null,"st_ratio":null,"tuition_low":null,"tuition_high":null,"tuition_year":null,"tuition_basis":null,"edchoice":null,"tuition_source":null,"tuition_status":null,"tuition_notes":null,"demo_year":"2024-25","faith":"secular","website":null,"district_website":"https://www.avonlakecityschools.org/"},"geometry":{"type":"Point","coordinates":[-82.01721,41.50883]}},{"type":"Feature","properties":{"id":"irn:13144","name":"Garfield Heights Middle School","sector":"public","kind":"district","district_irn":44040,"district":"Garfield Heights City Schools","address":"12000 Maple Leaf Dr Garfield Heights, OH 44125","grades":"6-8","grades_guessed":false,"lo":6,"hi":8,"elem":0,"mid":1,"high":0,"enrollment":559,"pct_white":2.9,"pct_black":27.7,"pct_hispanic":0,"pct_asian":0,"pct_multi":68.8,"pct_other":0,"econ_dis_pct":100,"attendance":83.4,"chronic_abs":61.4,"stars_overall":2,"stars_achievement":1,"pi_pct":46.4,"stars_progress":2,"stars_gap":1,"stars_early_lit":null,"grad4":null,"stars_ccwmr":null,"affiliation":null,"st_ratio":null,"tuition_low":null,"tuition_high":null,"tuition_year":null,"tuition_basis":null,"edchoice":null,"tuition_source":null,"tuition_status":null,"tuition_notes":null,"demo_year":"2024-25","faith":"secular","website":null,"district_website":"https://www.garfieldheightscityschools.com/"},"geometry":{"type":"Point","coordinates":[-81.600246,41.405977]}},{"type":"Feature","properties":{"id":"irn:4234","name":"Buhrer","sector":"public","kind":"district","district_irn":43786,"district":"Cleveland Municipal","address":"1600 Buhrer Ave Cleveland, OH 44109","grades":"PK-8","grades_guessed":false,"lo":0,"hi":8,"elem":1,"mid":1,"high":0,"enrollment":420,"pct_white":7.3,"pct_black":3.1,"pct_hispanic":89.1,"pct_asian":0,"pct_multi":0,"pct_other":0,"econ_dis_pct":100,"attendance":92.5,"chronic_abs":25.7,"stars_overall":4,"stars_achievement":3,"pi_pct":74.8,"stars_progress":5,"stars_gap":5,"stars_early_lit":1,"grad4":null,"stars_ccwmr":null,"affiliation":null,"st_ratio":null,"tuition_low":null,"tuition_high":null,"tuition_year":null,"tuition_basis":null,"edchoice":null,"tuition_source":null,"tuition_status":null,"tuition_notes":null,"demo_year":"2024-25","faith":"secular","website":null,"district_website":"https://www.clevelandmetroschools.org/"},"geometry":{"type":"Point","coordinates":[-81.69435,41.46822]}},{"type":"Feature","properties":{"id":"irn:13839","name":"Gordon Dewitt Elementary School","sector":"public","kind":"district","district_irn":43836,"district":"Cuyahoga Falls City School District","address":"425 Falls Ave Cuyahoga Falls, OH 44221","grades":"K-5","grades_guessed":false,"lo":0,"hi":5,"elem":1,"mid":0,"high":0,"enrollment":361,"pct_white":71.1,"pct_black":7.1,"pct_hispanic":6,"pct_asian":4.1,"pct_multi":11.7,"pct_other":0,"econ_dis_pct":60,"attendance":94.2,"chronic_abs":15.2,"stars_overall":4.5,"stars_achievement":4,"pi_pct":85.1,"stars_progress":4,"stars_gap":5,"stars_early_lit":3,"grad4":null,"stars_ccwmr":null,"affiliation":null,"st_ratio":null,"tuition_low":null,"tuition_high":null,"tuition_year":null,"tuition_basis":null,"edchoice":null,"tuition_source":null,"tuition_status":null,"tuition_notes":null,"demo_year":"2024-25","faith":"secular","website":"https://www.CFALLS.ORG","district_website":"https://www.cfalls.org/"},"geometry":{"type":"Point","coordinates":[-81.488282,41.133548]}},{"type":"Feature","properties":{"id":"irn:11932","name":"Forest Hill Community Learning Center","sector":"public","kind":"district","district_irn":43489,"district":"Akron City","address":"850 Damon St Akron, OH 44310","grades":"K-5","grades_guessed":false,"lo":0,"hi":5,"elem":1,"mid":0,"high":0,"enrollment":410,"pct_white":11.4,"pct_black":26,"pct_hispanic":16.6,"pct_asian":38.2,"pct_multi":7.8,"pct_other":0,"econ_dis_pct":100,"attendance":93.5,"chronic_abs":19.6,"stars_overall":3,"stars_achievement":2,"pi_pct":61.9,"stars_progress":3,"stars_gap":4,"stars_early_lit":1,"grad4":null,"stars_ccwmr":null,"affiliation":null,"st_ratio":null,"tuition_low":null,"tuition_high":null,"tuition_year":null,"tuition_basis":null,"edchoice":null,"tuition_source":null,"tuition_status":null,"tuition_notes":null,"demo_year":"2024-25","faith":"secular","website":"https://www.akronschools.com","district_website":"https://www.akronschools.com/"},"geometry":{"type":"Point","coordinates":[-81.49423,41.098936]}},{"type":"Feature","properties":{"id":"irn:11767","name":"Fishcreek Elementary School","sector":"public","kind":"district","district_irn":44834,"district":"Stow-Munroe Falls City School District","address":"5080 Fishcreek Rd Stow, OH 44224","grades":"K-4","grades_guessed":false,"lo":0,"hi":4,"elem":1,"mid":0,"high":0,"enrollment":303,"pct_white":79.6,"pct_black":5.7,"pct_hispanic":3.3,"pct_asian":8.8,"pct_multi":0,"pct_other":0,"econ_dis_pct":33.2,"attendance":94.8,"chronic_abs":10.7,"stars_overall":3.5,"stars_achievement":4,"pi_pct":86.5,"stars_progress":1,"stars_gap":3,"stars_early_lit":5,"grad4":null,"stars_ccwmr":null,"affiliation":null,"st_ratio":null,"tuition_low":null,"tuition_high":null,"tuition_year":null,"tuition_basis":null,"edchoice":null,"tuition_source":null,"tuition_status":null,"tuition_notes":null,"demo_year":"2024-25","faith":"secular","website":null,"district_website":"https://www.smfschools.org/"},"geometry":{"type":"Point","coordinates":[-81.42774,41.186741]}},{"type":"Feature","properties":{"id":"irn:2352","name":"Gearity Professional Development School","sector":"public","kind":"district","district_irn":43794,"district":"Cleveland Heights-University Heights City","address":"2323 Wrenford Rd University Hts, OH 44118","grades":"PK-5","grades_guessed":false,"lo":0,"hi":5,"elem":1,"mid":0,"high":0,"enrollment":407,"pct_white":21.8,"pct_black":63.1,"pct_hispanic":10.8,"pct_asian":0,"pct_multi":3.5,"pct_other":0,"econ_dis_pct":100,"attendance":92.3,"chronic_abs":25.2,"stars_overall":3,"stars_achievement":2,"pi_pct":66.4,"stars_progress":3,"stars_gap":3,"stars_early_lit":2,"grad4":null,"stars_ccwmr":null,"affiliation":null,"st_ratio":null,"tuition_low":null,"tuition_high":null,"tuition_year":null,"tuition_basis":null,"edchoice":null,"tuition_source":null,"tuition_status":null,"tuition_notes":null,"demo_year":"2024-25","faith":"secular","website":null,"district_website":"https://www.chuh.org/"},"geometry":{"type":"Point","coordinates":[-81.525744,41.49665]}},{"type":"Feature","properties":{"id":"irn:62349","name":"Mayfield Middle School","sector":"public","kind":"district","district_irn":44370,"district":"Mayfield City","address":"1123 Som Center Rd Cleveland, OH 44124","grades":"6-8","grades_guessed":false,"lo":6,"hi":8,"elem":0,"mid":1,"high":0,"enrollment":896,"pct_white":56.7,"pct_black":20.1,"pct_hispanic":7,"pct_asian":9.2,"pct_multi":6.9,"pct_other":0,"econ_dis_pct":38.5,"attendance":93,"chronic_abs":21.9,"stars_overall":4.5,"stars_achievement":4,"pi_pct":83.2,"stars_progress":4,"stars_gap":4,"stars_early_lit":null,"grad4":null,"stars_ccwmr":null,"affiliation":null,"st_ratio":null,"tuition_low":null,"tuition_high":null,"tuition_year":null,"tuition_basis":null,"edchoice":null,"tuition_source":null,"tuition_status":null,"tuition_notes":null,"demo_year":"2024-25","faith":"secular","website":null,"district_website":"https://www.mayfieldschools.org/"},"geometry":{"type":"Point","coordinates":[-81.4377,41.52998]}},{"type":"Feature","properties":{"id":"irn:11684","name":"Firelands High School","sector":"public","kind":"district","district_irn":48157,"district":"Firelands Local","address":"10521 Vermilion Rd Oberlin, OH 44074","grades":"9-12","grades_guessed":false,"lo":9,"hi":12,"elem":0,"mid":0,"high":1,"enrollment":448,"pct_white":90.1,"pct_black":0,"pct_hispanic":7.2,"pct_asian":0,"pct_multi":0,"pct_other":0,"econ_dis_pct":35.3,"attendance":93.6,"chronic_abs":15.8,"stars_overall":4,"stars_achievement":4,"pi_pct":83.9,"stars_progress":2,"stars_gap":5,"stars_early_lit":null,"grad4":98.7,"stars_ccwmr":4,"affiliation":null,"st_ratio":null,"tuition_low":null,"tuition_high":null,"tuition_year":null,"tuition_basis":null,"edchoice":null,"tuition_source":null,"tuition_status":null,"tuition_notes":null,"demo_year":"2024-25","faith":"secular","website":"http://www.firelandsschools.org","district_website":"https://www.firelandsschools.org/"},"geometry":{"type":"Point","coordinates":[-82.299821,41.338533]}},{"type":"Feature","properties":{"id":"irn:13607","name":"Glendale Primary School","sector":"public","kind":"district","district_irn":43562,"district":"Bedford City","address":"400 W Glendale St Bedford, OH 44146","grades":"PK-2","grades_guessed":false,"lo":0,"hi":2,"elem":1,"mid":0,"high":0,"enrollment":318,"pct_white":7.6,"pct_black":75.2,"pct_hispanic":8.1,"pct_asian":0,"pct_multi":7.8,"pct_other":0,"econ_dis_pct":96.2,"attendance":91.4,"chronic_abs":31.2,"stars_overall":3,"stars_achievement":null,"pi_pct":null,"stars_progress":null,"stars_gap":4,"stars_early_lit":1,"grad4":null,"stars_ccwmr":null,"affiliation":null,"st_ratio":null,"tuition_low":null,"tuition_high":null,"tuition_year":null,"tuition_basis":null,"edchoice":null,"tuition_source":null,"tuition_status":null,"tuition_notes":null,"demo_year":"2024-25","faith":"secular","website":null,"district_website":"https://www.bedford.k12.oh.us/"},"geometry":{"type":"Point","coordinates":[-81.55465,41.39221]}},{"type":"Feature","properties":{"id":"irn:10454","name":"Ely Elementary School","sector":"public","kind":"district","district_irn":43943,"district":"Elyria City Schools","address":"312 Gulf Rd Elyria, OH 44035","grades":"K-4","grades_guessed":false,"lo":0,"hi":4,"elem":1,"mid":0,"high":0,"enrollment":470,"pct_white":44.6,"pct_black":16.2,"pct_hispanic":18.2,"pct_asian":0,"pct_multi":21.1,"pct_other":0,"econ_dis_pct":99.9,"attendance":90.7,"chronic_abs":31.3,"stars_overall":2.5,"stars_achievement":2,"pi_pct":60.2,"stars_progress":3,"stars_gap":1,"stars_early_lit":1,"grad4":null,"stars_ccwmr":null,"affiliation":null,"st_ratio":null,"tuition_low":null,"tuition_high":null,"tuition_year":null,"tuition_basis":null,"edchoice":null,"tuition_source":null,"tuition_status":null,"tuition_notes":null,"demo_year":"2024-25","faith":"secular","website":null,"district_website":"https://www.elyriaschools.org/"},"geometry":{"type":"Point","coordinates":[-82.09518,41.37605]}},{"type":"Feature","properties":{"id":"irn:10462","name":"Elyria High School","sector":"public","kind":"district","district_irn":43943,"district":"Elyria City Schools","address":"601 Middle Ave Elyria, OH 44035","grades":"9-12","grades_guessed":false,"lo":9,"hi":12,"elem":0,"mid":0,"high":1,"enrollment":1497,"pct_white":42.8,"pct_black":20,"pct_hispanic":17.2,"pct_asian":0.7,"pct_multi":19.2,"pct_other":0,"econ_dis_pct":99.9,"attendance":86.8,"chronic_abs":40.4,"stars_overall":2.5,"stars_achievement":2,"pi_pct":60,"stars_progress":2,"stars_gap":2,"stars_early_lit":null,"grad4":85.5,"stars_ccwmr":1,"affiliation":null,"st_ratio":null,"tuition_low":null,"tuition_high":null,"tuition_year":null,"tuition_basis":null,"edchoice":null,"tuition_source":null,"tuition_status":null,"tuition_notes":null,"demo_year":"2024-25","faith":"secular","website":null,"district_website":"https://www.elyriaschools.org/"},"geometry":{"type":"Point","coordinates":[-82.1075,41.36169]}},{"type":"Feature","properties":{"id":"irn:26443","name":"Nathan Hale School","sector":"public","kind":"district","district_irn":43786,"district":"Cleveland Municipal","address":"3588 Martin Luther King Dr Cleveland, OH 44105","grades":"PK-8","grades_guessed":false,"lo":0,"hi":8,"elem":1,"mid":1,"high":0,"enrollment":380,"pct_white":0,"pct_black":95.1,"pct_hispanic":0,"pct_asian":0,"pct_multi":0,"pct_other":0,"econ_dis_pct":100,"attendance":85.4,"chronic_abs":49.6,"stars_overall":2,"stars_achievement":1,"pi_pct":47,"stars_progress":2,"stars_gap":2,"stars_early_lit":1,"grad4":null,"stars_ccwmr":null,"affiliation":null,"st_ratio":null,"tuition_low":null,"tuition_high":null,"tuition_year":null,"tuition_basis":null,"edchoice":null,"tuition_source":null,"tuition_status":null,"tuition_notes":null,"demo_year":"2024-25","faith":"secular","website":null,"district_website":"https://www.clevelandmetroschools.org/"},"geometry":{"type":"Point","coordinates":[-81.60784,41.46039]}},{"type":"Feature","properties":{"id":"irn:41251","name":"Wilcox Elementary School","sector":"public","kind":"district","district_irn":50070,"district":"Twinsburg City","address":"9198 Darrow Rd Twinsburg, OH 44087","grades":"PK-1","grades_guessed":false,"lo":0,"hi":1,"elem":1,"mid":0,"high":0,"enrollment":670,"pct_white":51.9,"pct_black":23.1,"pct_hispanic":5.3,"pct_asian":11.8,"pct_multi":6.8,"pct_other":0,"econ_dis_pct":28.2,"attendance":95,"chronic_abs":10.3,"stars_overall":3,"stars_achievement":null,"pi_pct":null,"stars_progress":null,"stars_gap":5,"stars_early_lit":1,"grad4":null,"stars_ccwmr":null,"affiliation":null,"st_ratio":null,"tuition_low":null,"tuition_high":null,"tuition_year":null,"tuition_basis":null,"edchoice":null,"tuition_source":null,"tuition_status":null,"tuition_notes":null,"demo_year":"2024-25","faith":"secular","website":null,"district_website":"https://www.twinsburg.k12.oh.us/"},"geometry":{"type":"Point","coordinates":[-81.442422,41.316869]}},{"type":"Feature","properties":{"id":"irn:14001","name":"Walter Kidder Elementary School","sector":"public","kind":"district","district_irn":43661,"district":"Brunswick City","address":"3650 Grafton Rd Brunswick, OH 44212","grades":"PK-5","grades_guessed":false,"lo":0,"hi":5,"elem":1,"mid":0,"high":0,"enrollment":494,"pct_white":87.7,"pct_black":0,"pct_hispanic":6,"pct_asian":0,"pct_multi":4.6,"pct_other":0,"econ_dis_pct":34,"attendance":94.4,"chronic_abs":10.8,"stars_overall":4,"stars_achievement":4,"pi_pct":83.1,"stars_progress":3,"stars_gap":5,"stars_early_lit":3,"grad4":null,"stars_ccwmr":null,"affiliation":null,"st_ratio":null,"tuition_low":null,"tuition_high":null,"tuition_year":null,"tuition_basis":null,"edchoice":null,"tuition_source":null,"tuition_status":null,"tuition_notes":null,"demo_year":"2024-25","faith":"secular","website":null,"district_website":"https://www.bcsoh.org/"},"geometry":{"type":"Point","coordinates":[-81.816307,41.261044]}},{"type":"Feature","properties":{"id":"irn:20503","name":"Barberton Middle School","sector":"public","kind":"district","district_irn":43539,"district":"Barberton City","address":"477 4th St NW Barberton, OH 44203","grades":"5-8","grades_guessed":false,"lo":5,"hi":8,"elem":1,"mid":1,"high":0,"enrollment":725,"pct_white":69.8,"pct_black":16.2,"pct_hispanic":3.2,"pct_asian":0,"pct_multi":9.3,"pct_other":0,"econ_dis_pct":77,"attendance":89.3,"chronic_abs":38,"stars_overall":2.5,"stars_achievement":2,"pi_pct":65.8,"stars_progress":2,"stars_gap":2,"stars_early_lit":null,"grad4":null,"stars_ccwmr":null,"affiliation":null,"st_ratio":null,"tuition_low":null,"tuition_high":null,"tuition_year":null,"tuition_basis":null,"edchoice":null,"tuition_source":null,"tuition_status":null,"tuition_notes":null,"demo_year":"2024-25","faith":"secular","website":null,"district_website":"https://www.barbertonschools.org/"},"geometry":{"type":"Point","coordinates":[-81.60924,41.023816]}},{"type":"Feature","properties":{"id":"irn:31575","name":"Richmond Heights Elementary School","sector":"public","kind":"district","district_irn":46599,"district":"Richmond Heights Local","address":"447 Richmond Rd Richmond Heights, OH 44143","grades":"PK-6","grades_guessed":false,"lo":0,"hi":6,"elem":1,"mid":1,"high":0,"enrollment":373,"pct_white":0,"pct_black":84.3,"pct_hispanic":4.3,"pct_asian":3,"pct_multi":6,"pct_other":0,"econ_dis_pct":76.4,"attendance":92.1,"chronic_abs":30.5,"stars_overall":2.5,"stars_achievement":2,"pi_pct":57.9,"stars_progress":3,"stars_gap":2,"stars_early_lit":2,"grad4":null,"stars_ccwmr":null,"affiliation":null,"st_ratio":null,"tuition_low":null,"tuition_high":null,"tuition_year":null,"tuition_basis":null,"edchoice":null,"tuition_source":null,"tuition_status":null,"tuition_notes":null,"demo_year":"2024-25","faith":"secular","website":null,"district_website":"https://www.richmondheightsschools.org/"},"geometry":{"type":"Point","coordinates":[-81.496893,41.5541]}},{"type":"Feature","properties":{"id":"irn:34603","name":"Silver Lake Elementary School","sector":"public","kind":"district","district_irn":43836,"district":"Cuyahoga Falls City School District","address":"2970 Overlook Rd Silver Lake, OH 44224","grades":"K-5","grades_guessed":false,"lo":0,"hi":5,"elem":1,"mid":0,"high":0,"enrollment":208,"pct_white":78.7,"pct_black":0,"pct_hispanic":5.3,"pct_asian":7.3,"pct_multi":4.9,"pct_other":0,"econ_dis_pct":51.4,"attendance":94.3,"chronic_abs":14.3,"stars_overall":4,"stars_achievement":4,"pi_pct":84.4,"stars_progress":3,"stars_gap":4,"stars_early_lit":2,"grad4":null,"stars_ccwmr":null,"affiliation":null,"st_ratio":null,"tuition_low":null,"tuition_high":null,"tuition_year":null,"tuition_basis":null,"edchoice":null,"tuition_source":null,"tuition_status":null,"tuition_notes":null,"demo_year":"2024-25","faith":"secular","website":"https://www.cfalls.org","district_website":"https://www.cfalls.org/"},"geometry":{"type":"Point","coordinates":[-81.465762,41.157157]}},{"type":"Feature","properties":{"id":"irn:9712","name":"Eastview Elementary School","sector":"public","kind":"district","district_irn":48124,"district":"Avon Lake City","address":"230 Lear Rd Avon Lake, OH 44012","grades":"K-4","grades_guessed":false,"lo":0,"hi":4,"elem":1,"mid":0,"high":0,"enrollment":344,"pct_white":87,"pct_black":0,"pct_hispanic":5.5,"pct_asian":0,"pct_multi":4.3,"pct_other":0,"econ_dis_pct":12.6,"attendance":94.6,"chronic_abs":8.7,"stars_overall":5,"stars_achievement":5,"pi_pct":92.7,"stars_progress":5,"stars_gap":5,"stars_early_lit":3,"grad4":null,"stars_ccwmr":null,"affiliation":null,"st_ratio":null,"tuition_low":null,"tuition_high":null,"tuition_year":null,"tuition_basis":null,"edchoice":null,"tuition_source":null,"tuition_status":null,"tuition_notes":null,"demo_year":"2024-25","faith":"secular","website":null,"district_website":"https://www.avonlakecityschools.org/"},"geometry":{"type":"Point","coordinates":[-81.988511,41.503503]}},{"type":"Feature","properties":{"id":"irn:32904","name":"Royalview Elementary School","sector":"public","kind":"district","district_irn":45104,"district":"Willoughby-Eastlake City","address":"31500 Royalview Dr Willowick, OH 44095","grades":"K-5","grades_guessed":false,"lo":0,"hi":5,"elem":1,"mid":0,"high":0,"enrollment":693,"pct_white":68.1,"pct_black":15.9,"pct_hispanic":6.4,"pct_asian":0,"pct_multi":9.3,"pct_other":0,"econ_dis_pct":54.2,"attendance":93.2,"chronic_abs":19.3,"stars_overall":3,"stars_achievement":3,"pi_pct":72.5,"stars_progress":2,"stars_gap":3,"stars_early_lit":4,"grad4":null,"stars_ccwmr":null,"affiliation":null,"st_ratio":null,"tuition_low":null,"tuition_high":null,"tuition_year":null,"tuition_basis":null,"edchoice":null,"tuition_source":null,"tuition_status":null,"tuition_notes":null,"demo_year":"2024-25","faith":"secular","website":null,"district_website":"https://www.weschools.org/"},"geometry":{"type":"Point","coordinates":[-81.46335,41.63146]}},{"type":"Feature","properties":{"id":"irn:32839","name":"Roxboro Elementary School","sector":"public","kind":"district","district_irn":43794,"district":"Cleveland Heights-University Heights City","address":"2405 Roxboro Rd Cleveland Heights, OH 44106","grades":"K-5","grades_guessed":false,"lo":0,"hi":5,"elem":1,"mid":0,"high":0,"enrollment":247,"pct_white":34.1,"pct_black":45.6,"pct_hispanic":9.4,"pct_asian":0,"pct_multi":7,"pct_other":0,"econ_dis_pct":100,"attendance":93.3,"chronic_abs":20.4,"stars_overall":4,"stars_achievement":4,"pi_pct":81.6,"stars_progress":3,"stars_gap":4,"stars_early_lit":3,"grad4":null,"stars_ccwmr":null,"affiliation":null,"st_ratio":null,"tuition_low":null,"tuition_high":null,"tuition_year":null,"tuition_basis":null,"edchoice":null,"tuition_source":null,"tuition_status":null,"tuition_notes":null,"demo_year":"2024-25","faith":"secular","website":null,"district_website":"https://www.chuh.org/"},"geometry":{"type":"Point","coordinates":[-81.589483,41.493609]}},{"type":"Feature","properties":{"id":"irn:11239","name":"Fairport Harding High School","sector":"public","kind":"district","district_irn":45369,"district":"Fairport Harbor Exempted Village","address":"329 Vine St Fairport Harbor, OH 44077","grades":"6-12","grades_guessed":false,"lo":6,"hi":12,"elem":0,"mid":1,"high":1,"enrollment":269,"pct_white":69,"pct_black":0,"pct_hispanic":16.1,"pct_asian":0,"pct_multi":10.8,"pct_other":0,"econ_dis_pct":99.5,"attendance":88.7,"chronic_abs":42.3,"stars_overall":3,"stars_achievement":2,"pi_pct":65.1,"stars_progress":3,"stars_gap":3,"stars_early_lit":null,"grad4":93.8,"stars_ccwmr":2,"affiliation":null,"st_ratio":null,"tuition_low":null,"tuition_high":null,"tuition_year":null,"tuition_basis":null,"edchoice":null,"tuition_source":null,"tuition_status":null,"tuition_notes":null,"demo_year":"2024-25","faith":"secular","website":null,"district_website":"https://www.fhevs.org/"},"geometry":{"type":"Point","coordinates":[-81.27266,41.75465]}},{"type":"Feature","properties":{"id":"irn:34199","name":"Shaw High School","sector":"public","kind":"district","district_irn":43901,"district":"East Cleveland City School District","address":"15320 Euclid Ave East Cleveland, OH 44112","grades":"9-12","grades_guessed":false,"lo":9,"hi":12,"elem":0,"mid":0,"high":1,"enrollment":384,"pct_white":0,"pct_black":95.4,"pct_hispanic":0,"pct_asian":0,"pct_multi":0,"pct_other":0,"econ_dis_pct":100,"attendance":86.2,"chronic_abs":55.4,"stars_overall":3,"stars_achievement":2,"pi_pct":56,"stars_progress":4,"stars_gap":3,"stars_early_lit":null,"grad4":78.2,"stars_ccwmr":3,"affiliation":null,"st_ratio":null,"tuition_low":null,"tuition_high":null,"tuition_year":null,"tuition_basis":null,"edchoice":null,"tuition_source":null,"tuition_status":null,"tuition_notes":null,"demo_year":"2024-25","faith":"secular","website":null,"district_website":"https://eastclevelandschools.org/"},"geometry":{"type":"Point","coordinates":[-81.573784,41.537828]}},{"type":"Feature","properties":{"id":"irn:17251","name":"Hyre Community Learning Center","sector":"public","kind":"district","district_irn":43489,"district":"Akron City","address":"2385 Wedgewood Dr Akron, OH 44312","grades":"6-8","grades_guessed":false,"lo":6,"hi":8,"elem":0,"mid":1,"high":0,"enrollment":657,"pct_white":48.9,"pct_black":32.9,"pct_hispanic":3.3,"pct_asian":2.3,"pct_multi":12.7,"pct_other":0,"econ_dis_pct":100,"attendance":85.3,"chronic_abs":51.8,"stars_overall":2,"stars_achievement":2,"pi_pct":55.7,"stars_progress":2,"stars_gap":1,"stars_early_lit":null,"grad4":null,"stars_ccwmr":null,"affiliation":null,"st_ratio":null,"tuition_low":null,"tuition_high":null,"tuition_year":null,"tuition_basis":null,"edchoice":null,"tuition_source":null,"tuition_status":null,"tuition_notes":null,"demo_year":"2024-25","faith":"secular","website":null,"district_website":"https://www.akronschools.com/"},"geometry":{"type":"Point","coordinates":[-81.444565,41.049863]}},{"type":"Feature","properties":{"id":"irn:24596","name":"Midview High School","sector":"public","kind":"district","district_irn":48173,"district":"Midview Local","address":"38199 Capel Rd Grafton, OH 44044","grades":"9-12","grades_guessed":false,"lo":9,"hi":12,"elem":0,"mid":0,"high":1,"enrollment":695,"pct_white":85.1,"pct_black":2.9,"pct_hispanic":7.4,"pct_asian":0,"pct_multi":3.2,"pct_other":0,"econ_dis_pct":36.9,"attendance":91.2,"chronic_abs":27.9,"stars_overall":4,"stars_achievement":4,"pi_pct":83.4,"stars_progress":4,"stars_gap":4,"stars_early_lit":null,"grad4":98.9,"stars_ccwmr":2,"affiliation":null,"st_ratio":null,"tuition_low":null,"tuition_high":null,"tuition_year":null,"tuition_basis":null,"edchoice":null,"tuition_source":null,"tuition_status":null,"tuition_notes":null,"demo_year":"2024-25","faith":"secular","website":null,"district_website":"https://www.midviewk12.org/"},"geometry":{"type":"Point","coordinates":[-82.0609,41.30179]}},{"type":"Feature","properties":{"id":"irn:5785","name":"R B Chamberlin Middle School","sector":"public","kind":"district","district_irn":50070,"district":"Twinsburg City","address":"10270 Ravenna Rd Twinsburg, OH 44087","grades":"7-8","grades_guessed":false,"lo":7,"hi":8,"elem":0,"mid":1,"high":0,"enrollment":565,"pct_white":51.8,"pct_black":27.7,"pct_hispanic":4.6,"pct_asian":11.5,"pct_multi":4.4,"pct_other":0,"econ_dis_pct":27.1,"attendance":93.7,"chronic_abs":17.8,"stars_overall":3.5,"stars_achievement":4,"pi_pct":84.8,"stars_progress":2,"stars_gap":4,"stars_early_lit":null,"grad4":null,"stars_ccwmr":null,"affiliation":null,"st_ratio":null,"tuition_low":null,"tuition_high":null,"tuition_year":null,"tuition_basis":null,"edchoice":null,"tuition_source":null,"tuition_status":null,"tuition_notes":null,"demo_year":"2024-25","faith":"secular","website":null,"district_website":"https://www.twinsburg.k12.oh.us/"},"geometry":{"type":"Point","coordinates":[-81.455947,41.321695]}},{"type":"Feature","properties":{"id":"irn:3475","name":"Brecksville-Broadview Heights Middle School","sector":"public","kind":"district","district_irn":43646,"district":"Brecksville-Broadview Heights City","address":"6376 Mill Rd Broadview Heights, OH 44147","grades":"6-8","grades_guessed":false,"lo":6,"hi":8,"elem":0,"mid":1,"high":0,"enrollment":792,"pct_white":81.5,"pct_black":2,"pct_hispanic":4.2,"pct_asian":5.7,"pct_multi":6.5,"pct_other":0,"econ_dis_pct":18.9,"attendance":94.7,"chronic_abs":11.9,"stars_overall":5,"stars_achievement":5,"pi_pct":95.2,"stars_progress":4,"stars_gap":5,"stars_early_lit":null,"grad4":null,"stars_ccwmr":null,"affiliation":null,"st_ratio":null,"tuition_low":null,"tuition_high":null,"tuition_year":null,"tuition_basis":null,"edchoice":null,"tuition_source":null,"tuition_status":null,"tuition_notes":null,"demo_year":"2024-25","faith":"secular","website":null,"district_website":"https://www.bbhcsd.org/"},"geometry":{"type":"Point","coordinates":[-81.64312,41.32975]}},{"type":"Feature","properties":{"id":"irn:4457","name":"Shaker Hts Middle School","sector":"public","kind":"district","district_irn":44750,"district":"Shaker Heights City","address":"20600 Shaker Blvd Shaker Heights, OH 44122","grades":"6-8","grades_guessed":false,"lo":6,"hi":8,"elem":0,"mid":1,"high":0,"enrollment":936,"pct_white":33.4,"pct_black":51.6,"pct_hispanic":3.7,"pct_asian":1.8,"pct_multi":9.2,"pct_other":0,"econ_dis_pct":43,"attendance":92.8,"chronic_abs":21.1,"stars_overall":4,"stars_achievement":3,"pi_pct":74.7,"stars_progress":4,"stars_gap":4,"stars_early_lit":null,"grad4":null,"stars_ccwmr":null,"affiliation":null,"st_ratio":null,"tuition_low":null,"tuition_high":null,"tuition_year":null,"tuition_basis":null,"edchoice":null,"tuition_source":null,"tuition_status":null,"tuition_notes":null,"demo_year":"2024-25","faith":"secular","website":null,"district_website":"https://www.shaker.org/"},"geometry":{"type":"Point","coordinates":[-81.53262,41.477]}},{"type":"Feature","properties":{"id":"irn:17178","name":"Cardinal Elementary School","sector":"public","kind":"district","district_irn":47175,"district":"Cardinal Local","address":"16175 Almeda Dr Middlefield, OH 44062","grades":"K-6","grades_guessed":false,"lo":0,"hi":6,"elem":1,"mid":1,"high":0,"enrollment":390,"pct_white":89,"pct_black":0,"pct_hispanic":0,"pct_asian":0,"pct_multi":6.1,"pct_other":0,"econ_dis_pct":50.3,"attendance":92.5,"chronic_abs":18.7,"stars_overall":3.5,"stars_achievement":3,"pi_pct":78,"stars_progress":2,"stars_gap":4,"stars_early_lit":3,"grad4":null,"stars_ccwmr":null,"affiliation":null,"st_ratio":null,"tuition_low":null,"tuition_high":null,"tuition_year":null,"tuition_basis":null,"edchoice":null,"tuition_source":null,"tuition_status":null,"tuition_notes":null,"demo_year":"2024-25","faith":"secular","website":null,"district_website":"https://www.cardinalschools.org/"},"geometry":{"type":"Point","coordinates":[-81.065736,41.467726]}},{"type":"Feature","properties":{"id":"irn:4846","name":"Cardinal Middle School","sector":"public","kind":"district","district_irn":47175,"district":"Cardinal Local","address":"16175 Almeda Dr. Middlefield, OH 44062","grades":"6-8","grades_guessed":true,"lo":6,"hi":8,"elem":0,"mid":1,"high":0,"enrollment":null,"pct_white":null,"pct_black":null,"pct_hispanic":null,"pct_asian":null,"pct_multi":null,"pct_other":null,"econ_dis_pct":null,"attendance":null,"chronic_abs":null,"stars_overall":null,"stars_achievement":null,"pi_pct":null,"stars_progress":null,"stars_gap":null,"stars_early_lit":null,"grad4":null,"stars_ccwmr":null,"affiliation":null,"st_ratio":null,"tuition_low":null,"tuition_high":null,"tuition_year":null,"tuition_basis":null,"edchoice":null,"tuition_source":null,"tuition_status":null,"tuition_notes":null,"demo_year":"2024-25","faith":"secular","website":null,"district_website":"https://www.cardinalschools.org/"},"geometry":{"type":"Point","coordinates":[-81.066135,41.467764]}},{"type":"Feature","properties":{"id":"irn:19448","name":"Keystone Middle School","sector":"public","kind":"district","district_irn":48165,"district":"Keystone Local","address":"501 Opportunity Way Lagrange, OH 44050","grades":"6-8","grades_guessed":false,"lo":6,"hi":8,"elem":0,"mid":1,"high":0,"enrollment":338,"pct_white":91.5,"pct_black":0,"pct_hispanic":4.6,"pct_asian":0,"pct_multi":3,"pct_other":0,"econ_dis_pct":33.2,"attendance":91.8,"chronic_abs":25.6,"stars_overall":4,"stars_achievement":3,"pi_pct":77.9,"stars_progress":4,"stars_gap":4,"stars_early_lit":null,"grad4":null,"stars_ccwmr":null,"affiliation":null,"st_ratio":null,"tuition_low":null,"tuition_high":null,"tuition_year":null,"tuition_basis":null,"edchoice":null,"tuition_source":null,"tuition_status":null,"tuition_notes":null,"demo_year":"2024-25","faith":"secular","website":"http://www.keystonelocalschools.org","district_website":"https://www.keystonelocalschools.org/"},"geometry":{"type":"Point","coordinates":[-82.109903,41.231512]}},{"type":"Feature","properties":{"id":"irn:11532","name":"National Inventors Hall of Fame School, Center for STEM","sector":"public","kind":"district","district_irn":43489,"district":"Akron City","address":"199 S Broadway St Akron, OH 44308","grades":"5-8","grades_guessed":false,"lo":5,"hi":8,"elem":1,"mid":1,"high":0,"enrollment":382,"pct_white":31.8,"pct_black":35.5,"pct_hispanic":4.7,"pct_asian":17.3,"pct_multi":10.5,"pct_other":0,"econ_dis_pct":100,"attendance":94.2,"chronic_abs":16.4,"stars_overall":4,"stars_achievement":4,"pi_pct":81.8,"stars_progress":3,"stars_gap":4,"stars_early_lit":null,"grad4":null,"stars_ccwmr":null,"affiliation":null,"st_ratio":null,"tuition_low":null,"tuition_high":null,"tuition_year":null,"tuition_basis":null,"edchoice":null,"tuition_source":null,"tuition_status":null,"tuition_notes":null,"demo_year":"2024-25","faith":"secular","website":"https://www.akronschools.com","district_website":"https://www.akronschools.com/"},"geometry":{"type":"Point","coordinates":[-81.516919,41.079132]}},{"type":"Feature","properties":{"id":"irn:118844","name":"Euclid Schools Early Learning Village","sector":"public","kind":"district","district_irn":43950,"district":"Euclid City","address":"27000 Elinore Ave Euclid, OH 44132","grades":"PK-3","grades_guessed":false,"lo":0,"hi":3,"elem":1,"mid":0,"high":0,"enrollment":477,"pct_white":5.9,"pct_black":82,"pct_hispanic":3.2,"pct_asian":0,"pct_multi":8.5,"pct_other":0,"econ_dis_pct":100,"attendance":91.7,"chronic_abs":33.6,"stars_overall":2,"stars_achievement":1,"pi_pct":46.6,"stars_progress":null,"stars_gap":3,"stars_early_lit":1,"grad4":null,"stars_ccwmr":null,"affiliation":null,"st_ratio":null,"tuition_low":null,"tuition_high":null,"tuition_year":null,"tuition_basis":null,"edchoice":null,"tuition_source":null,"tuition_status":null,"tuition_notes":null,"demo_year":"2024-25","faith":"secular","website":null,"district_website":"https://www.euclidschools.org/"},"geometry":{"type":"Point","coordinates":[-81.49601,41.60734]}},{"type":"Feature","properties":{"id":"irn:701","name":"Avon Heritage Elementary School","sector":"public","kind":"district","district_irn":48116,"district":"Avon Local","address":"35575 Detroit Rd Avon, OH 44011","grades":"3-5","grades_guessed":false,"lo":3,"hi":5,"elem":1,"mid":0,"high":0,"enrollment":974,"pct_white":78.7,"pct_black":4.5,"pct_hispanic":7.7,"pct_asian":4.7,"pct_multi":4.2,"pct_other":0,"econ_dis_pct":17.2,"attendance":94.8,"chronic_abs":8.7,"stars_overall":4.5,"stars_achievement":5,"pi_pct":94.5,"stars_progress":4,"stars_gap":5,"stars_early_lit":3,"grad4":null,"stars_ccwmr":null,"affiliation":null,"st_ratio":null,"tuition_low":null,"tuition_high":null,"tuition_year":null,"tuition_basis":null,"edchoice":null,"tuition_source":null,"tuition_status":null,"tuition_notes":null,"demo_year":"2024-25","faith":"secular","website":"https://www.avonlocalschools.org/","district_website":"https://www.avonlocalschools.org/"},"geometry":{"type":"Point","coordinates":[-82.011658,41.454399]}},{"type":"Feature","properties":{"id":"irn:9522","name":"Milkovich Middle School","sector":"public","kind":"district","district_irn":44305,"district":"Maple Heights City","address":"19800 Stafford Ave Maple Heights, OH 44137","grades":"6-8","grades_guessed":false,"lo":6,"hi":8,"elem":0,"mid":1,"high":0,"enrollment":638,"pct_white":0,"pct_black":90,"pct_hispanic":5.1,"pct_asian":0,"pct_multi":3.1,"pct_other":0,"econ_dis_pct":100,"attendance":87,"chronic_abs":48.2,"stars_overall":3,"stars_achievement":2,"pi_pct":52.6,"stars_progress":4,"stars_gap":1,"stars_early_lit":null,"grad4":null,"stars_ccwmr":null,"affiliation":null,"st_ratio":null,"tuition_low":null,"tuition_high":null,"tuition_year":null,"tuition_basis":null,"edchoice":null,"tuition_source":null,"tuition_status":null,"tuition_notes":null,"demo_year":"2024-25","faith":"secular","website":null,"district_website":"https://www.mapleschools.com/"},"geometry":{"type":"Point","coordinates":[-81.541197,41.415465]}},{"type":"Feature","properties":{"id":"irn:16882","name":"Rhodes School of Environmental Studies","sector":"public","kind":"district","district_irn":43786,"district":"Cleveland Municipal","address":"5100 Biddulph Ave Cleveland, OH 44144","grades":"9-12","grades_guessed":false,"lo":9,"hi":12,"elem":0,"mid":0,"high":1,"enrollment":319,"pct_white":19.2,"pct_black":42.5,"pct_hispanic":30.5,"pct_asian":0,"pct_multi":6.8,"pct_other":0,"econ_dis_pct":100,"attendance":70.7,"chronic_abs":82.5,"stars_overall":3,"stars_achievement":2,"pi_pct":63.7,"stars_progress":4,"stars_gap":3,"stars_early_lit":null,"grad4":78.3,"stars_ccwmr":3,"affiliation":null,"st_ratio":null,"tuition_low":null,"tuition_high":null,"tuition_year":null,"tuition_basis":null,"edchoice":null,"tuition_source":null,"tuition_status":null,"tuition_notes":null,"demo_year":"2024-25","faith":"secular","website":null,"district_website":"https://www.clevelandmetroschools.org/"},"geometry":{"type":"Point","coordinates":[-81.72129,41.4302]}},{"type":"Feature","properties":{"id":"irn:19258","name":"Garfield Preschool","sector":"public","kind":"district","district_irn":45492,"district":"Mentor Exempted Village","address":"7090 Hopkins Rd Mentor, OH 44060","grades":"K-5","grades_guessed":true,"lo":0,"hi":5,"elem":1,"mid":0,"high":0,"enrollment":null,"pct_white":null,"pct_black":null,"pct_hispanic":null,"pct_asian":null,"pct_multi":null,"pct_other":null,"econ_dis_pct":null,"attendance":null,"chronic_abs":null,"stars_overall":null,"stars_achievement":null,"pi_pct":null,"stars_progress":null,"stars_gap":null,"stars_early_lit":null,"grad4":null,"stars_ccwmr":null,"affiliation":null,"st_ratio":null,"tuition_low":null,"tuition_high":null,"tuition_year":null,"tuition_basis":null,"edchoice":null,"tuition_source":null,"tuition_status":null,"tuition_notes":null,"demo_year":"2024-25","faith":"secular","website":null,"district_website":"https://www.mentorschools.net/"},"geometry":{"type":"Point","coordinates":[-81.316992,41.677017]}},{"type":"Feature","properties":{"id":"irn:19194","name":"Garrett Morgan School of Leadership and Innovation","sector":"public","kind":"district","district_irn":43786,"district":"Cleveland Municipal","address":"4600 Detroit Ave Cleveland, OH 44102","grades":"9-12","grades_guessed":false,"lo":9,"hi":12,"elem":0,"mid":0,"high":1,"enrollment":419,"pct_white":8,"pct_black":61.7,"pct_hispanic":27.1,"pct_asian":0,"pct_multi":2.7,"pct_other":0,"econ_dis_pct":100,"attendance":75.9,"chronic_abs":79.3,"stars_overall":2.5,"stars_achievement":2,"pi_pct":54.2,"stars_progress":4,"stars_gap":2,"stars_early_lit":null,"grad4":83,"stars_ccwmr":1,"affiliation":null,"st_ratio":null,"tuition_low":null,"tuition_high":null,"tuition_year":null,"tuition_basis":null,"edchoice":null,"tuition_source":null,"tuition_status":null,"tuition_notes":null,"demo_year":"2024-25","faith":"secular","website":null,"district_website":"https://www.clevelandmetroschools.org/"},"geometry":{"type":"Point","coordinates":[-81.71946,41.48755]}},{"type":"Feature","properties":{"id":"irn:12369","name":"Hamilton Elementary School","sector":"public","kind":"district","district_irn":43943,"district":"Elyria City Schools","address":"1215 Middle Ave Elyria, OH 44035","grades":"PK-4","grades_guessed":false,"lo":0,"hi":4,"elem":1,"mid":0,"high":0,"enrollment":430,"pct_white":24.8,"pct_black":31.2,"pct_hispanic":24.8,"pct_asian":0,"pct_multi":18.6,"pct_other":0,"econ_dis_pct":99.9,"attendance":88.7,"chronic_abs":43.8,"stars_overall":1.5,"stars_achievement":1,"pi_pct":44.5,"stars_progress":1,"stars_gap":1,"stars_early_lit":1,"grad4":null,"stars_ccwmr":null,"affiliation":null,"st_ratio":null,"tuition_low":null,"tuition_high":null,"tuition_year":null,"tuition_basis":null,"edchoice":null,"tuition_source":null,"tuition_status":null,"tuition_notes":null,"demo_year":"2024-25","faith":"secular","website":null,"district_website":"https://www.elyriaschools.org/"},"geometry":{"type":"Point","coordinates":[-82.10904,41.35426]}},{"type":"Feature","properties":{"id":"irn:63461","name":"Garrett Morgan School of Engineering & Innovation","sector":"public","kind":"district","district_irn":43786,"district":"Cleveland Municipal","address":"4600 Detroit Ave Cleveland, OH 44102","grades":"9-12","grades_guessed":false,"lo":9,"hi":12,"elem":0,"mid":0,"high":1,"enrollment":404,"pct_white":11.6,"pct_black":52.3,"pct_hispanic":30.3,"pct_asian":0,"pct_multi":4.6,"pct_other":0,"econ_dis_pct":100,"attendance":78.2,"chronic_abs":68.4,"stars_overall":3,"stars_achievement":2,"pi_pct":63.1,"stars_progress":5,"stars_gap":1,"stars_early_lit":null,"grad4":78.8,"stars_ccwmr":3,"affiliation":null,"st_ratio":null,"tuition_low":null,"tuition_high":null,"tuition_year":null,"tuition_basis":null,"edchoice":null,"tuition_source":null,"tuition_status":null,"tuition_notes":null,"demo_year":"2024-25","faith":"secular","website":null,"district_website":"https://www.clevelandmetroschools.org/"},"geometry":{"type":"Point","coordinates":[-81.71946,41.48755]}},{"type":"Feature","properties":{"id":"irn:30635","name":"Powers Elementary School","sector":"public","kind":"district","district_irn":45195,"district":"Amherst Exempted Village","address":"393 S Lake St Amherst, OH 44001","grades":"PK-3","grades_guessed":false,"lo":0,"hi":3,"elem":1,"mid":0,"high":0,"enrollment":1116,"pct_white":71.3,"pct_black":2.2,"pct_hispanic":18.7,"pct_asian":1,"pct_multi":6.6,"pct_other":0,"econ_dis_pct":31.3,"attendance":94,"chronic_abs":13.5,"stars_overall":3.5,"stars_achievement":4,"pi_pct":80.3,"stars_progress":null,"stars_gap":4,"stars_early_lit":3,"grad4":null,"stars_ccwmr":null,"affiliation":null,"st_ratio":null,"tuition_low":null,"tuition_high":null,"tuition_year":null,"tuition_basis":null,"edchoice":null,"tuition_source":null,"tuition_status":null,"tuition_notes":null,"demo_year":"2024-25","faith":"secular","website":"http://www.amherstk12.org","district_website":"https://www.amherstk12.org/"},"geometry":{"type":"Point","coordinates":[-82.239302,41.393687]}},{"type":"Feature","properties":{"id":"irn:38679","name":"W.H. Kirk Middle School","sector":"public","kind":"district","district_irn":43901,"district":"East Cleveland City School District","address":"14410 Terrace Rd East Cleveland, OH 44112","grades":"6-8","grades_guessed":false,"lo":6,"hi":8,"elem":0,"mid":1,"high":0,"enrollment":199,"pct_white":0,"pct_black":95.6,"pct_hispanic":0,"pct_asian":0,"pct_multi":0,"pct_other":0,"econ_dis_pct":100,"attendance":83.3,"chronic_abs":65.4,"stars_overall":3.5,"stars_achievement":1,"pi_pct":43.5,"stars_progress":4,"stars_gap":4,"stars_early_lit":null,"grad4":null,"stars_ccwmr":null,"affiliation":null,"st_ratio":null,"tuition_low":null,"tuition_high":null,"tuition_year":null,"tuition_basis":null,"edchoice":null,"tuition_source":null,"tuition_status":null,"tuition_notes":null,"demo_year":"2024-25","faith":"secular","website":null,"district_website":"https://eastclevelandschools.org/"},"geometry":{"type":"Point","coordinates":[-81.57793,41.52851]}},{"type":"Feature","properties":{"id":"irn:29561","name":"Keystone Elementary School","sector":"public","kind":"district","district_irn":48165,"district":"Keystone Local","address":"531 Opportunity Way Lagrange, OH 44050","grades":"K-5","grades_guessed":false,"lo":0,"hi":5,"elem":1,"mid":0,"high":0,"enrollment":656,"pct_white":88.9,"pct_black":0,"pct_hispanic":5.5,"pct_asian":0,"pct_multi":4,"pct_other":0,"econ_dis_pct":32.7,"attendance":94.8,"chronic_abs":8.6,"stars_overall":3.5,"stars_achievement":3,"pi_pct":76.3,"stars_progress":3,"stars_gap":4,"stars_early_lit":2,"grad4":null,"stars_ccwmr":null,"affiliation":null,"st_ratio":null,"tuition_low":null,"tuition_high":null,"tuition_year":null,"tuition_basis":null,"edchoice":null,"tuition_source":null,"tuition_status":null,"tuition_notes":null,"demo_year":"2024-25","faith":"secular","website":"http://www.keystonelocalschools.org","district_website":"https://www.keystonelocalschools.org/"},"geometry":{"type":"Point","coordinates":[-82.10834,41.232199]}},{"type":"Feature","properties":{"id":"irn:126359","name":"Avon Middle School","sector":"public","kind":"district","district_irn":48116,"district":"Avon Local","address":"3445 Long Rd Avon, OH 44011","grades":"6-8","grades_guessed":false,"lo":6,"hi":8,"elem":0,"mid":1,"high":0,"enrollment":970,"pct_white":81.5,"pct_black":4.1,"pct_hispanic":6.4,"pct_asian":3.6,"pct_multi":4.3,"pct_other":0,"econ_dis_pct":16.4,"attendance":94.2,"chronic_abs":11.7,"stars_overall":4.5,"stars_achievement":5,"pi_pct":90.7,"stars_progress":3,"stars_gap":4,"stars_early_lit":null,"grad4":null,"stars_ccwmr":null,"affiliation":null,"st_ratio":null,"tuition_low":null,"tuition_high":null,"tuition_year":null,"tuition_basis":null,"edchoice":null,"tuition_source":null,"tuition_status":null,"tuition_notes":null,"demo_year":"2024-25","faith":"secular","website":"https://www.avonlocalschools.org/","district_website":"https://www.avonlocalschools.org/"},"geometry":{"type":"Point","coordinates":[-82.04786,41.43928]}},{"type":"Feature","properties":{"id":"irn:23382","name":"McEbright Community Learning Center","sector":"public","kind":"district","district_irn":43489,"district":"Akron City","address":"349 Cole Ave Akron, OH 44301","grades":"K-5","grades_guessed":false,"lo":0,"hi":5,"elem":1,"mid":0,"high":0,"enrollment":361,"pct_white":18.1,"pct_black":56.8,"pct_hispanic":7.3,"pct_asian":0,"pct_multi":16.1,"pct_other":0,"econ_dis_pct":100,"attendance":88.2,"chronic_abs":47,"stars_overall":3,"stars_achievement":2,"pi_pct":56.2,"stars_progress":4,"stars_gap":3,"stars_early_lit":2,"grad4":null,"stars_ccwmr":null,"affiliation":null,"st_ratio":null,"tuition_low":null,"tuition_high":null,"tuition_year":null,"tuition_basis":null,"edchoice":null,"tuition_source":null,"tuition_status":null,"tuition_notes":null,"demo_year":"2024-25","faith":"secular","website":"https://www.akronschools.com","district_website":"https://www.akronschools.com/"},"geometry":{"type":"Point","coordinates":[-81.515457,41.051589]}},{"type":"Feature","properties":{"id":"irn:27995","name":"Norton High School","sector":"public","kind":"district","district_irn":44552,"district":"Norton City","address":"1 Panther Way Norton, OH 44203","grades":"9-12","grades_guessed":false,"lo":9,"hi":12,"elem":0,"mid":0,"high":1,"enrollment":619,"pct_white":91.1,"pct_black":2.9,"pct_hispanic":2.6,"pct_asian":0,"pct_multi":3.2,"pct_other":0,"econ_dis_pct":94.7,"attendance":91.9,"chronic_abs":26,"stars_overall":4,"stars_achievement":4,"pi_pct":85.6,"stars_progress":2,"stars_gap":4,"stars_early_lit":null,"grad4":97.4,"stars_ccwmr":3,"affiliation":null,"st_ratio":null,"tuition_low":null,"tuition_high":null,"tuition_year":null,"tuition_basis":null,"edchoice":null,"tuition_source":null,"tuition_status":null,"tuition_notes":null,"demo_year":"2024-25","faith":"secular","website":null,"district_website":"https://www.nortonschools.org/"},"geometry":{"type":"Point","coordinates":[-81.6402,41.0357]}},{"type":"Feature","properties":{"id":"irn:22574","name":"Maple Leaf Elementary School","sector":"public","kind":"district","district_irn":44040,"district":"Garfield Heights City Schools","address":"5764 Turney Rd Garfield Heights, OH 44125","grades":"4-5","grades_guessed":false,"lo":4,"hi":5,"elem":1,"mid":0,"high":0,"enrollment":337,"pct_white":4.7,"pct_black":40.5,"pct_hispanic":0,"pct_asian":0,"pct_multi":54.7,"pct_other":0,"econ_dis_pct":100,"attendance":89.6,"chronic_abs":42.2,"stars_overall":3,"stars_achievement":2,"pi_pct":60.1,"stars_progress":3,"stars_gap":2,"stars_early_lit":null,"grad4":null,"stars_ccwmr":null,"affiliation":null,"st_ratio":null,"tuition_low":null,"tuition_high":null,"tuition_year":null,"tuition_basis":null,"edchoice":null,"tuition_source":null,"tuition_status":null,"tuition_notes":null,"demo_year":"2024-25","faith":"secular","website":null,"district_website":"https://www.garfieldheightscityschools.com/"},"geometry":{"type":"Point","coordinates":[-81.598562,41.406434]}},{"type":"Feature","properties":{"id":"irn:28381","name":"Langston Middle School","sector":"public","kind":"district","district_irn":44594,"district":"Oberlin City Schools","address":"150 N Pleasant St Oberlin, OH 44074","grades":"6-8","grades_guessed":false,"lo":6,"hi":8,"elem":0,"mid":1,"high":0,"enrollment":185,"pct_white":49.4,"pct_black":17.5,"pct_hispanic":12.7,"pct_asian":0,"pct_multi":18.9,"pct_other":0,"econ_dis_pct":46.4,"attendance":92.9,"chronic_abs":17.1,"stars_overall":4.5,"stars_achievement":3,"pi_pct":79.3,"stars_progress":4,"stars_gap":5,"stars_early_lit":null,"grad4":null,"stars_ccwmr":null,"affiliation":null,"st_ratio":null,"tuition_low":null,"tuition_high":null,"tuition_year":null,"tuition_basis":null,"edchoice":null,"tuition_source":null,"tuition_status":null,"tuition_notes":null,"demo_year":"2024-25","faith":"secular","website":null,"district_website":"https://www.oberlinschools.net/"},"geometry":{"type":"Point","coordinates":[-82.214895,41.295816]}},{"type":"Feature","properties":{"id":"irn:22400","name":"Manchester Middle School","sector":"public","kind":"district","district_irn":50005,"district":"Manchester Local","address":"760 W Nimisila Rd Akron, OH 44319","grades":"6-8","grades_guessed":false,"lo":6,"hi":8,"elem":0,"mid":1,"high":0,"enrollment":275,"pct_white":95.1,"pct_black":0,"pct_hispanic":0,"pct_asian":0,"pct_multi":0,"pct_other":0,"econ_dis_pct":33.9,"attendance":94.3,"chronic_abs":11.2,"stars_overall":4,"stars_achievement":4,"pi_pct":86.1,"stars_progress":3,"stars_gap":5,"stars_early_lit":null,"grad4":null,"stars_ccwmr":null,"affiliation":null,"st_ratio":null,"tuition_low":null,"tuition_high":null,"tuition_year":null,"tuition_basis":null,"edchoice":null,"tuition_source":null,"tuition_status":null,"tuition_notes":null,"demo_year":"2024-25","faith":"secular","website":null,"district_website":"https://www.panthercountry.org/"},"geometry":{"type":"Point","coordinates":[-81.56129,40.93616]}},{"type":"Feature","properties":{"id":"irn:3996","name":"Brush High School","sector":"public","kind":"district","district_irn":44792,"district":"South Euclid-Lyndhurst City","address":"4875 Glenlyn Rd Lyndhurst, OH 44124","grades":"9-12","grades_guessed":false,"lo":9,"hi":12,"elem":0,"mid":0,"high":1,"enrollment":912,"pct_white":8.2,"pct_black":78.9,"pct_hispanic":3.1,"pct_asian":1.9,"pct_multi":7.6,"pct_other":0,"econ_dis_pct":100,"attendance":85.8,"chronic_abs":51.9,"stars_overall":3.5,"stars_achievement":2,"pi_pct":65.4,"stars_progress":4,"stars_gap":4,"stars_early_lit":null,"grad4":86.8,"stars_ccwmr":3,"affiliation":null,"st_ratio":null,"tuition_low":null,"tuition_high":null,"tuition_year":null,"tuition_basis":null,"edchoice":null,"tuition_source":null,"tuition_status":null,"tuition_notes":null,"demo_year":"2024-25","faith":"secular","website":null,"district_website":"https://www.selschools.org/"},"geometry":{"type":"Point","coordinates":[-81.504884,41.521416]}},{"type":"Feature","properties":{"id":"irn:18788","name":"Kenston Middle School","sector":"public","kind":"district","district_irn":47191,"district":"Kenston Local","address":"17425 Snyder Rd Chagrin Falls, OH 44023","grades":"4-7","grades_guessed":false,"lo":4,"hi":7,"elem":1,"mid":1,"high":0,"enrollment":774,"pct_white":88.8,"pct_black":4.2,"pct_hispanic":3,"pct_asian":0,"pct_multi":3.3,"pct_other":0,"econ_dis_pct":13.1,"attendance":94.8,"chronic_abs":10.7,"stars_overall":5,"stars_achievement":5,"pi_pct":93.4,"stars_progress":4,"stars_gap":5,"stars_early_lit":null,"grad4":null,"stars_ccwmr":null,"affiliation":null,"st_ratio":null,"tuition_low":null,"tuition_high":null,"tuition_year":null,"tuition_basis":null,"edchoice":null,"tuition_source":null,"tuition_status":null,"tuition_notes":null,"demo_year":"2024-25","faith":"secular","website":null,"district_website":"https://www.kenstonlocal.org/"},"geometry":{"type":"Point","coordinates":[-81.30621,41.39444]}},{"type":"Feature","properties":{"id":"irn:64576","name":"Cleveland School Of The Arts High School","sector":"public","kind":"district","district_irn":43786,"district":"Cleveland Municipal","address":"2064 Stearns Rd Cleveland, OH 44106","grades":"9-12","grades_guessed":false,"lo":9,"hi":12,"elem":0,"mid":0,"high":1,"enrollment":378,"pct_white":11.9,"pct_black":71.4,"pct_hispanic":10.8,"pct_asian":0,"pct_multi":5.5,"pct_other":0,"econ_dis_pct":100,"attendance":87.1,"chronic_abs":52.1,"stars_overall":3.5,"stars_achievement":3,"pi_pct":72.3,"stars_progress":5,"stars_gap":4,"stars_early_lit":null,"grad4":90.8,"stars_ccwmr":1,"affiliation":null,"st_ratio":null,"tuition_low":null,"tuition_high":null,"tuition_year":null,"tuition_basis":null,"edchoice":null,"tuition_source":null,"tuition_status":null,"tuition_notes":null,"demo_year":"2024-25","faith":"secular","website":null,"district_website":"https://www.clevelandmetroschools.org/"},"geometry":{"type":"Point","coordinates":[-81.608943,41.502117]}},{"type":"Feature","properties":{"id":"irn:38505","name":"Voris Community Learning Center","sector":"public","kind":"district","district_irn":43489,"district":"Akron City","address":"1885 Glenmount Ave Akron, OH 44301","grades":"K-5","grades_guessed":false,"lo":0,"hi":5,"elem":1,"mid":0,"high":0,"enrollment":333,"pct_white":31,"pct_black":39.7,"pct_hispanic":9.1,"pct_asian":7.5,"pct_multi":12.4,"pct_other":0,"econ_dis_pct":100,"attendance":92.2,"chronic_abs":24.4,"stars_overall":3,"stars_achievement":2,"pi_pct":63.9,"stars_progress":3,"stars_gap":4,"stars_early_lit":2,"grad4":null,"stars_ccwmr":null,"affiliation":null,"st_ratio":null,"tuition_low":null,"tuition_high":null,"tuition_year":null,"tuition_basis":null,"edchoice":null,"tuition_source":null,"tuition_status":null,"tuition_notes":null,"demo_year":"2024-25","faith":"secular","website":"https://www.akronschools.com","district_website":"https://www.akronschools.com/"},"geometry":{"type":"Point","coordinates":[-81.51494,41.030322]}},{"type":"Feature","properties":{"id":"irn:28027","name":"Norton Middle School","sector":"public","kind":"district","district_irn":44552,"district":"Norton City","address":"4108 S Cleveland Massillon Rd Norton, OH 44203","grades":"5-8","grades_guessed":false,"lo":5,"hi":8,"elem":1,"mid":1,"high":0,"enrollment":651,"pct_white":89.9,"pct_black":1.7,"pct_hispanic":2.4,"pct_asian":0,"pct_multi":5.1,"pct_other":0,"econ_dis_pct":99.6,"attendance":93.2,"chronic_abs":18,"stars_overall":3.5,"stars_achievement":4,"pi_pct":83.4,"stars_progress":2,"stars_gap":5,"stars_early_lit":null,"grad4":null,"stars_ccwmr":null,"affiliation":null,"st_ratio":null,"tuition_low":null,"tuition_high":null,"tuition_year":null,"tuition_basis":null,"edchoice":null,"tuition_source":null,"tuition_status":null,"tuition_notes":null,"demo_year":"2024-25","faith":"secular","website":null,"district_website":"https://www.nortonschools.org/"},"geometry":{"type":"Point","coordinates":[-81.6384,41.026742]}},{"type":"Feature","properties":{"id":"irn:15933","name":"Herberich Primary Elementary School","sector":"public","kind":"district","district_irn":49981,"district":"Copley-Fairlawn City","address":"2645 Smith Rd Fairlawn, OH 44333","grades":"K-4","grades_guessed":false,"lo":0,"hi":4,"elem":1,"mid":0,"high":0,"enrollment":256,"pct_white":56,"pct_black":20.5,"pct_hispanic":8.6,"pct_asian":7.4,"pct_multi":6.4,"pct_other":0,"econ_dis_pct":18.8,"attendance":94.4,"chronic_abs":14.3,"stars_overall":4,"stars_achievement":5,"pi_pct":97,"stars_progress":1,"stars_gap":3,"stars_early_lit":5,"grad4":null,"stars_ccwmr":null,"affiliation":null,"st_ratio":null,"tuition_low":null,"tuition_high":null,"tuition_year":null,"tuition_basis":null,"edchoice":null,"tuition_source":null,"tuition_status":null,"tuition_notes":null,"demo_year":"2024-25","faith":"secular","website":null,"district_website":"https://www.copley-fairlawn.org/"},"geometry":{"type":"Point","coordinates":[-81.605237,41.137167]}},{"type":"Feature","properties":{"id":"irn:37622","name":"Coventry Elementary School","sector":"public","kind":"district","district_irn":49999,"district":"Coventry Local","address":"3089 Manchester Rd Akron, OH 44319","grades":"K-4","grades_guessed":false,"lo":0,"hi":4,"elem":1,"mid":0,"high":0,"enrollment":480,"pct_white":80.7,"pct_black":6.8,"pct_hispanic":2.8,"pct_asian":2.1,"pct_multi":7.3,"pct_other":0,"econ_dis_pct":63.3,"attendance":93.8,"chronic_abs":14.4,"stars_overall":4,"stars_achievement":4,"pi_pct":87.1,"stars_progress":3,"stars_gap":5,"stars_early_lit":3,"grad4":null,"stars_ccwmr":null,"affiliation":null,"st_ratio":null,"tuition_low":null,"tuition_high":null,"tuition_year":null,"tuition_basis":null,"edchoice":null,"tuition_source":null,"tuition_status":null,"tuition_notes":null,"demo_year":"2024-25","faith":"secular","website":null,"district_website":"https://www.coventryschools.org/"},"geometry":{"type":"Point","coordinates":[-81.551514,41.014784]}},{"type":"Feature","properties":{"id":"irn:37457","name":"Tremont Montessori School","sector":"public","kind":"district","district_irn":43786,"district":"Cleveland Municipal","address":"2409 W 10th St Cleveland, OH 44113","grades":"PK-8","grades_guessed":false,"lo":0,"hi":8,"elem":1,"mid":1,"high":0,"enrollment":336,"pct_white":18.6,"pct_black":60.9,"pct_hispanic":13,"pct_asian":0,"pct_multi":6.9,"pct_other":0,"econ_dis_pct":100,"attendance":88.3,"chronic_abs":45.4,"stars_overall":2.5,"stars_achievement":2,"pi_pct":50.5,"stars_progress":3,"stars_gap":2,"stars_early_lit":1,"grad4":null,"stars_ccwmr":null,"affiliation":null,"st_ratio":null,"tuition_low":null,"tuition_high":null,"tuition_year":null,"tuition_basis":null,"edchoice":null,"tuition_source":null,"tuition_status":null,"tuition_notes":null,"demo_year":"2024-25","faith":"secular","website":"https://wm.clevelandmetroschools.org/","district_website":"https://www.clevelandmetroschools.org/"},"geometry":{"type":"Point","coordinates":[-81.68677,41.47871]}},{"type":"Feature","properties":{"id":"irn:27821","name":"Robert C Lindsey Elementary School","sector":"public","kind":"district","district_irn":47225,"district":"West Geauga Local","address":"11844 Caves Rd Chesterland, OH 44026","grades":"3-5","grades_guessed":false,"lo":3,"hi":5,"elem":1,"mid":0,"high":0,"enrollment":459,"pct_white":90.3,"pct_black":2.7,"pct_hispanic":4,"pct_asian":0,"pct_multi":2.6,"pct_other":0,"econ_dis_pct":19.4,"attendance":95.7,"chronic_abs":5.4,"stars_overall":5,"stars_achievement":5,"pi_pct":97.3,"stars_progress":4,"stars_gap":5,"stars_early_lit":3,"grad4":null,"stars_ccwmr":null,"affiliation":null,"st_ratio":null,"tuition_low":null,"tuition_high":null,"tuition_year":null,"tuition_basis":null,"edchoice":null,"tuition_source":null,"tuition_status":null,"tuition_notes":null,"demo_year":"2024-25","faith":"secular","website":null,"district_website":"https://www.wgschools.org/"},"geometry":{"type":"Point","coordinates":[-81.36452,41.54918]}},{"type":"Feature","properties":{"id":"irn:2766","name":"Samuel Bissell Elementary School","sector":"public","kind":"district","district_irn":50070,"district":"Twinsburg City","address":"1811 Glenwood Dr Twinsburg, OH 44087","grades":"2-3","grades_guessed":false,"lo":2,"hi":3,"elem":1,"mid":0,"high":0,"enrollment":581,"pct_white":51.5,"pct_black":22.8,"pct_hispanic":5.1,"pct_asian":14.5,"pct_multi":6.2,"pct_other":0,"econ_dis_pct":29.9,"attendance":95.1,"chronic_abs":8.7,"stars_overall":4.5,"stars_achievement":5,"pi_pct":90.5,"stars_progress":null,"stars_gap":5,"stars_early_lit":3,"grad4":null,"stars_ccwmr":null,"affiliation":null,"st_ratio":null,"tuition_low":null,"tuition_high":null,"tuition_year":null,"tuition_basis":null,"edchoice":null,"tuition_source":null,"tuition_status":null,"tuition_notes":null,"demo_year":"2024-25","faith":"secular","website":null,"district_website":"https://www.twinsburg.k12.oh.us/"},"geometry":{"type":"Point","coordinates":[-81.463714,41.34202]}},{"type":"Feature","properties":{"id":"irn:32243","name":"Rocky River High School","sector":"public","kind":"district","district_irn":44701,"district":"Rocky River City","address":"20951 Detroit Rd Rocky River, OH 44116","grades":"9-12","grades_guessed":false,"lo":9,"hi":12,"elem":0,"mid":0,"high":1,"enrollment":778,"pct_white":86,"pct_black":1.6,"pct_hispanic":4.2,"pct_asian":3.3,"pct_multi":4.6,"pct_other":0,"econ_dis_pct":14.4,"attendance":92.9,"chronic_abs":20.7,"stars_overall":5,"stars_achievement":5,"pi_pct":98,"stars_progress":5,"stars_gap":5,"stars_early_lit":null,"grad4":99.5,"stars_ccwmr":4,"affiliation":null,"st_ratio":null,"tuition_low":null,"tuition_high":null,"tuition_year":null,"tuition_basis":null,"edchoice":null,"tuition_source":null,"tuition_status":null,"tuition_notes":null,"demo_year":"2024-25","faith":"secular","website":null,"district_website":"https://www.rrcs.org/"},"geometry":{"type":"Point","coordinates":[-81.85135,41.47372]}},{"type":"Feature","properties":{"id":"irn:26302","name":"North Olmsted High School","sector":"public","kind":"district","district_irn":44529,"district":"North Olmsted City","address":"27301 Butternut Ridge Rd North Olmsted, OH 44070","grades":"9-12","grades_guessed":false,"lo":9,"hi":12,"elem":0,"mid":0,"high":1,"enrollment":1000,"pct_white":78.5,"pct_black":5.3,"pct_hispanic":9.5,"pct_asian":3,"pct_multi":3.5,"pct_other":0,"econ_dis_pct":100,"attendance":90.8,"chronic_abs":32.7,"stars_overall":3,"stars_achievement":3,"pi_pct":75.1,"stars_progress":2,"stars_gap":3,"stars_early_lit":null,"grad4":95.9,"stars_ccwmr":3,"affiliation":null,"st_ratio":null,"tuition_low":null,"tuition_high":null,"tuition_year":null,"tuition_basis":null,"edchoice":null,"tuition_source":null,"tuition_status":null,"tuition_notes":null,"demo_year":"2024-25","faith":"secular","website":null,"district_website":"https://www.northolmstedschools.org/"},"geometry":{"type":"Point","coordinates":[-81.92412,41.41157]}},{"type":"Feature","properties":{"id":"irn:7310","name":"Copley High School","sector":"public","kind":"district","district_irn":49981,"district":"Copley-Fairlawn City","address":"3807 Ridgewood Rd Copley, OH 44321","grades":"9-12","grades_guessed":false,"lo":9,"hi":12,"elem":0,"mid":0,"high":1,"enrollment":793,"pct_white":69.5,"pct_black":16.1,"pct_hispanic":3.6,"pct_asian":5.1,"pct_multi":5.8,"pct_other":0,"econ_dis_pct":23.2,"attendance":92.7,"chronic_abs":20.6,"stars_overall":3.5,"stars_achievement":4,"pi_pct":86.3,"stars_progress":2,"stars_gap":3,"stars_early_lit":null,"grad4":98.2,"stars_ccwmr":3,"affiliation":null,"st_ratio":null,"tuition_low":null,"tuition_high":null,"tuition_year":null,"tuition_basis":null,"edchoice":null,"tuition_source":null,"tuition_status":null,"tuition_notes":null,"demo_year":"2024-25","faith":"secular","website":null,"district_website":"https://www.copley-fairlawn.org/"},"geometry":{"type":"Point","coordinates":[-81.649111,41.112786]}},{"type":"Feature","properties":{"id":"irn:7328","name":"Copley-Fairlawn Middle School","sector":"public","kind":"district","district_irn":49981,"district":"Copley-Fairlawn City","address":"1531 S Cleveland Massillon Rd Copley, OH 44321","grades":"5-8","grades_guessed":false,"lo":5,"hi":8,"elem":1,"mid":1,"high":0,"enrollment":846,"pct_white":65.9,"pct_black":15.9,"pct_hispanic":4.8,"pct_asian":5.1,"pct_multi":8.2,"pct_other":0,"econ_dis_pct":26.5,"attendance":94.2,"chronic_abs":11.8,"stars_overall":4,"stars_achievement":4,"pi_pct":87.5,"stars_progress":2,"stars_gap":5,"stars_early_lit":null,"grad4":null,"stars_ccwmr":null,"affiliation":null,"st_ratio":null,"tuition_low":null,"tuition_high":null,"tuition_year":null,"tuition_basis":null,"edchoice":null,"tuition_source":null,"tuition_status":null,"tuition_notes":null,"demo_year":"2024-25","faith":"secular","website":null,"district_website":"https://www.copley-fairlawn.org/"},"geometry":{"type":"Point","coordinates":[-81.642588,41.09776]}},{"type":"Feature","properties":{"id":"irn:15073","name":"Hannah Gibbons-Nottingham Elementary School","sector":"public","kind":"district","district_irn":43786,"district":"Cleveland Municipal","address":"1401 Larchmont Rd Cleveland, OH 44110","grades":"PK-8","grades_guessed":false,"lo":0,"hi":8,"elem":1,"mid":1,"high":0,"enrollment":219,"pct_white":0,"pct_black":94.3,"pct_hispanic":0,"pct_asian":0,"pct_multi":0,"pct_other":0,"econ_dis_pct":100,"attendance":87.1,"chronic_abs":46,"stars_overall":2.5,"stars_achievement":1,"pi_pct":37.3,"stars_progress":3,"stars_gap":2,"stars_early_lit":1,"grad4":null,"stars_ccwmr":null,"affiliation":null,"st_ratio":null,"tuition_low":null,"tuition_high":null,"tuition_year":null,"tuition_basis":null,"edchoice":null,"tuition_source":null,"tuition_status":null,"tuition_notes":null,"demo_year":"2024-25","faith":"secular","website":null,"district_website":"https://www.clevelandmetroschools.org/"},"geometry":{"type":"Point","coordinates":[-81.55241,41.56945]}},{"type":"Feature","properties":{"id":"irn:26336","name":"North Ridgeville High School","sector":"public","kind":"district","district_irn":44537,"district":"North Ridgeville City","address":"34600 Bainbridge Rd North Ridgeville, OH 44039","grades":"9-12","grades_guessed":false,"lo":9,"hi":12,"elem":0,"mid":0,"high":1,"enrollment":1232,"pct_white":84.7,"pct_black":2.5,"pct_hispanic":7.9,"pct_asian":1.6,"pct_multi":3.2,"pct_other":0,"econ_dis_pct":27.8,"attendance":91.7,"chronic_abs":28.6,"stars_overall":4.5,"stars_achievement":4,"pi_pct":84.5,"stars_progress":5,"stars_gap":5,"stars_early_lit":null,"grad4":93.7,"stars_ccwmr":2,"affiliation":null,"st_ratio":null,"tuition_low":null,"tuition_high":null,"tuition_year":null,"tuition_basis":null,"edchoice":null,"tuition_source":null,"tuition_status":null,"tuition_notes":null,"demo_year":"2024-25","faith":"secular","website":null,"district_website":"https://www.nrschools.org/"},"geometry":{"type":"Point","coordinates":[-82.00181,41.38763]}},{"type":"Feature","properties":{"id":"irn:64741","name":"Chapman Elementary School","sector":"public","kind":"district","district_irn":44842,"district":"Strongsville City","address":"13883 Drake Rd Strongsville, OH 44136","grades":"PK-5","grades_guessed":false,"lo":0,"hi":5,"elem":1,"mid":0,"high":0,"enrollment":441,"pct_white":78.5,"pct_black":4.7,"pct_hispanic":7.2,"pct_asian":5.6,"pct_multi":3.6,"pct_other":0,"econ_dis_pct":24.6,"attendance":95,"chronic_abs":8,"stars_overall":4,"stars_achievement":4,"pi_pct":87,"stars_progress":2,"stars_gap":5,"stars_early_lit":4,"grad4":null,"stars_ccwmr":null,"affiliation":null,"st_ratio":null,"tuition_low":null,"tuition_high":null,"tuition_year":null,"tuition_basis":null,"edchoice":null,"tuition_source":null,"tuition_status":null,"tuition_notes":null,"demo_year":"2024-25","faith":"secular","website":null,"district_website":"https://www.scsmustangs.org/"},"geometry":{"type":"Point","coordinates":[-81.793076,41.290775]}},{"type":"Feature","properties":{"id":"irn:265","name":"North Royalton Elementary School","sector":"public","kind":"district","district_irn":44545,"district":"North Royalton City","address":"16400 State Rd North Royalton, OH 44133","grades":"PK-4","grades_guessed":false,"lo":0,"hi":4,"elem":1,"mid":0,"high":0,"enrollment":1509,"pct_white":81,"pct_black":2.5,"pct_hispanic":5.6,"pct_asian":5.7,"pct_multi":5.2,"pct_other":0,"econ_dis_pct":33.1,"attendance":94.2,"chronic_abs":12.9,"stars_overall":4.5,"stars_achievement":5,"pi_pct":91.6,"stars_progress":4,"stars_gap":5,"stars_early_lit":3,"grad4":null,"stars_ccwmr":null,"affiliation":null,"st_ratio":null,"tuition_low":null,"tuition_high":null,"tuition_year":null,"tuition_basis":null,"edchoice":null,"tuition_source":null,"tuition_status":null,"tuition_notes":null,"demo_year":"2024-25","faith":"secular","website":null,"district_website":"https://www.northroyaltonsd.org/"},"geometry":{"type":"Point","coordinates":[-81.724627,41.298805]}},{"type":"Feature","properties":{"id":"irn:21659","name":"Stevan Dohanos Elementary School","sector":"public","kind":"district","district_irn":44263,"district":"Lorain City","address":"1625 E 32nd St Lorain, OH 44055","grades":"PK-5","grades_guessed":false,"lo":0,"hi":5,"elem":1,"mid":0,"high":0,"enrollment":306,"pct_white":10.3,"pct_black":23.8,"pct_hispanic":62.5,"pct_asian":0,"pct_multi":3.4,"pct_other":0,"econ_dis_pct":99.9,"attendance":88.1,"chronic_abs":48.1,"stars_overall":2,"stars_achievement":1,"pi_pct":48.4,"stars_progress":2,"stars_gap":1,"stars_early_lit":1,"grad4":null,"stars_ccwmr":null,"affiliation":null,"st_ratio":null,"tuition_low":null,"tuition_high":null,"tuition_year":null,"tuition_basis":null,"edchoice":null,"tuition_source":null,"tuition_status":null,"tuition_notes":null,"demo_year":"2024-25","faith":"secular","website":null,"district_website":"https://www.lorainschools.org/"},"geometry":{"type":"Point","coordinates":[-82.144671,41.441]}},{"type":"Feature","properties":{"id":"irn:39891","name":"Waverly Elementary School","sector":"public","kind":"district","district_irn":43786,"district":"Cleveland Municipal","address":"1805 W 57th St Cleveland, OH 44102","grades":"PK-8","grades_guessed":false,"lo":0,"hi":8,"elem":1,"mid":1,"high":0,"enrollment":284,"pct_white":12.3,"pct_black":52.3,"pct_hispanic":25.1,"pct_asian":0,"pct_multi":8.7,"pct_other":0,"econ_dis_pct":100,"attendance":86,"chronic_abs":54.5,"stars_overall":2.5,"stars_achievement":1,"pi_pct":42.9,"stars_progress":3,"stars_gap":2,"stars_early_lit":1,"grad4":null,"stars_ccwmr":null,"affiliation":null,"st_ratio":null,"tuition_low":null,"tuition_high":null,"tuition_year":null,"tuition_basis":null,"edchoice":null,"tuition_source":null,"tuition_status":null,"tuition_notes":null,"demo_year":"2024-25","faith":"secular","website":null,"district_website":"https://www.clevelandmetroschools.org/"},"geometry":{"type":"Point","coordinates":[-81.724958,41.481753]}},{"type":"Feature","properties":{"id":"irn:24216","name":"Memorial Junior High School","sector":"public","kind":"district","district_irn":44792,"district":"South Euclid-Lyndhurst City","address":"1250 Professor Rd Cleveland, OH 44124","grades":"7-8","grades_guessed":false,"lo":7,"hi":8,"elem":0,"mid":1,"high":0,"enrollment":468,"pct_white":7.3,"pct_black":82,"pct_hispanic":3.9,"pct_asian":0,"pct_multi":5.1,"pct_other":0,"econ_dis_pct":100,"attendance":90.4,"chronic_abs":35.4,"stars_overall":3,"stars_achievement":2,"pi_pct":59.9,"stars_progress":3,"stars_gap":3,"stars_early_lit":null,"grad4":null,"stars_ccwmr":null,"affiliation":null,"st_ratio":null,"tuition_low":null,"tuition_high":null,"tuition_year":null,"tuition_basis":null,"edchoice":null,"tuition_source":null,"tuition_status":null,"tuition_notes":null,"demo_year":"2024-25","faith":"secular","website":null,"district_website":"https://www.selschools.org/"},"geometry":{"type":"Point","coordinates":[-81.507396,41.526165]}},{"type":"Feature","properties":{"id":"irn:13292","name":"George Washington Carver","sector":"public","kind":"district","district_irn":43786,"district":"Cleveland Municipal","address":"2200 E 55th St Cleveland, OH 44103","grades":"PK-8","grades_guessed":false,"lo":0,"hi":8,"elem":1,"mid":1,"high":0,"enrollment":341,"pct_white":0,"pct_black":92.7,"pct_hispanic":3.6,"pct_asian":0,"pct_multi":0,"pct_other":0,"econ_dis_pct":100,"attendance":85.9,"chronic_abs":57,"stars_overall":2,"stars_achievement":1,"pi_pct":44.3,"stars_progress":3,"stars_gap":1,"stars_early_lit":1,"grad4":null,"stars_ccwmr":null,"affiliation":null,"st_ratio":null,"tuition_low":null,"tuition_high":null,"tuition_year":null,"tuition_basis":null,"edchoice":null,"tuition_source":null,"tuition_status":null,"tuition_notes":null,"demo_year":"2024-25","faith":"secular","website":null,"district_website":"https://www.clevelandmetroschools.org/"},"geometry":{"type":"Point","coordinates":[-81.651917,41.498903]}},{"type":"Feature","properties":{"id":"irn:22244","name":"Mccormick Middle School","sector":"public","kind":"district","district_irn":45658,"district":"Wellington Exempted Village","address":"627 S Main St Wellington, OH 44090","grades":"4-8","grades_guessed":false,"lo":4,"hi":8,"elem":1,"mid":1,"high":0,"enrollment":338,"pct_white":89,"pct_black":0,"pct_hispanic":5.2,"pct_asian":0,"pct_multi":5.2,"pct_other":0,"econ_dis_pct":47.4,"attendance":92.6,"chronic_abs":20.2,"stars_overall":2.5,"stars_achievement":3,"pi_pct":70.1,"stars_progress":2,"stars_gap":1,"stars_early_lit":null,"grad4":null,"stars_ccwmr":null,"affiliation":null,"st_ratio":null,"tuition_low":null,"tuition_high":null,"tuition_year":null,"tuition_basis":null,"edchoice":null,"tuition_source":null,"tuition_status":null,"tuition_notes":null,"demo_year":"2024-25","faith":"secular","website":"https://www.wellingtonvillageschools.org","district_website":"https://www.wellingtonvillageschools.org/"},"geometry":{"type":"Point","coordinates":[-82.217671,41.15514]}},{"type":"Feature","properties":{"id":"irn:32128","name":"Robinson G Jones Elementary School","sector":"public","kind":"district","district_irn":43786,"district":"Cleveland Municipal","address":"4550 W 150th St Cleveland, OH 44135","grades":"PK-8","grades_guessed":false,"lo":0,"hi":8,"elem":1,"mid":1,"high":0,"enrollment":452,"pct_white":27.7,"pct_black":33.7,"pct_hispanic":26.8,"pct_asian":6.2,"pct_multi":5.2,"pct_other":0,"econ_dis_pct":100,"attendance":89.7,"chronic_abs":38.2,"stars_overall":4,"stars_achievement":3,"pi_pct":76.5,"stars_progress":5,"stars_gap":5,"stars_early_lit":2,"grad4":null,"stars_ccwmr":null,"affiliation":null,"st_ratio":null,"tuition_low":null,"tuition_high":null,"tuition_year":null,"tuition_basis":null,"edchoice":null,"tuition_source":null,"tuition_status":null,"tuition_notes":null,"demo_year":"2024-25","faith":"secular","website":null,"district_website":"https://www.clevelandmetroschools.org/"},"geometry":{"type":"Point","coordinates":[-81.801493,41.430467]}},{"type":"Feature","properties":{"id":"irn:34553","name":"Walter G. Nord Middle School","sector":"public","kind":"district","district_irn":45195,"district":"Amherst Exempted Village","address":"501 Lincoln St Amherst, OH 44001","grades":"4-5","grades_guessed":false,"lo":4,"hi":5,"elem":1,"mid":0,"high":0,"enrollment":554,"pct_white":72.7,"pct_black":3.1,"pct_hispanic":18,"pct_asian":0,"pct_multi":5.2,"pct_other":0,"econ_dis_pct":31.7,"attendance":94,"chronic_abs":14.5,"stars_overall":4.5,"stars_achievement":4,"pi_pct":88.3,"stars_progress":4,"stars_gap":5,"stars_early_lit":null,"grad4":null,"stars_ccwmr":null,"affiliation":null,"st_ratio":null,"tuition_low":null,"tuition_high":null,"tuition_year":null,"tuition_basis":null,"edchoice":null,"tuition_source":null,"tuition_status":null,"tuition_notes":null,"demo_year":"2024-25","faith":"secular","website":"http://www.amherstk12.org","district_website":"https://www.amherstk12.org/"},"geometry":{"type":"Point","coordinates":[-82.22367,41.40616]}},{"type":"Feature","properties":{"id":"irn:29728","name":"Perry Middle School","sector":"public","kind":"district","district_irn":47902,"district":"Perry Local","address":"2 Learning Ln Perry, OH 44081","grades":"5-8","grades_guessed":false,"lo":5,"hi":8,"elem":1,"mid":1,"high":0,"enrollment":446,"pct_white":83.1,"pct_black":0,"pct_hispanic":10.4,"pct_asian":0,"pct_multi":3.8,"pct_other":0,"econ_dis_pct":29.6,"attendance":93,"chronic_abs":18.4,"stars_overall":4.5,"stars_achievement":4,"pi_pct":83.3,"stars_progress":4,"stars_gap":4,"stars_early_lit":null,"grad4":null,"stars_ccwmr":null,"affiliation":null,"st_ratio":null,"tuition_low":null,"tuition_high":null,"tuition_year":null,"tuition_basis":null,"edchoice":null,"tuition_source":null,"tuition_status":null,"tuition_notes":null,"demo_year":"2024-25","faith":"secular","website":null,"district_website":"https://www.perry-lake.org/"},"geometry":{"type":"Point","coordinates":[-81.136366,41.773134]}},{"type":"Feature","properties":{"id":"irn:29801","name":"Pfeiffer Elementary School","sector":"public","kind":"district","district_irn":43489,"district":"Akron City","address":"2081 9th St SW Akron, OH 44314","grades":"K-5","grades_guessed":false,"lo":0,"hi":5,"elem":1,"mid":0,"high":0,"enrollment":198,"pct_white":31.5,"pct_black":46.8,"pct_hispanic":6.3,"pct_asian":0,"pct_multi":14,"pct_other":0,"econ_dis_pct":100,"attendance":89.9,"chronic_abs":37.8,"stars_overall":1.5,"stars_achievement":2,"pi_pct":50.9,"stars_progress":1,"stars_gap":1,"stars_early_lit":1,"grad4":null,"stars_ccwmr":null,"affiliation":null,"st_ratio":null,"tuition_low":null,"tuition_high":null,"tuition_year":null,"tuition_basis":null,"edchoice":null,"tuition_source":null,"tuition_status":null,"tuition_notes":null,"demo_year":"2024-25","faith":"secular","website":null,"district_website":"https://www.akronschools.com/"},"geometry":{"type":"Point","coordinates":[-81.552935,41.046314]}},{"type":"Feature","properties":{"id":"irn:15560","name":"Harvey High School","sector":"public","kind":"district","district_irn":44628,"district":"Painesville City Local","address":"200 W Walnut Ave Painesville, OH 44077","grades":"9-12","grades_guessed":false,"lo":9,"hi":12,"elem":0,"mid":0,"high":1,"enrollment":759,"pct_white":16.2,"pct_black":15.2,"pct_hispanic":59.9,"pct_asian":0,"pct_multi":8.4,"pct_other":0,"econ_dis_pct":100,"attendance":90.8,"chronic_abs":31.8,"stars_overall":3,"stars_achievement":2,"pi_pct":63.4,"stars_progress":3,"stars_gap":3,"stars_early_lit":null,"grad4":93.3,"stars_ccwmr":3,"affiliation":null,"st_ratio":null,"tuition_low":null,"tuition_high":null,"tuition_year":null,"tuition_basis":null,"edchoice":null,"tuition_source":null,"tuition_status":null,"tuition_notes":null,"demo_year":"2024-25","faith":"secular","website":null,"district_website":"https://www.painesville-city.k12.oh.us/"},"geometry":{"type":"Point","coordinates":[-81.244931,41.715352]}},{"type":"Feature","properties":{"id":"irn:15974","name":"Heskett Middle School","sector":"public","kind":"district","district_irn":43562,"district":"Bedford City","address":"5771 Perkins Rd Bedford, OH 44146","grades":"6-8","grades_guessed":false,"lo":6,"hi":8,"elem":0,"mid":1,"high":0,"enrollment":589,"pct_white":4.4,"pct_black":79.8,"pct_hispanic":8.7,"pct_asian":0,"pct_multi":7.1,"pct_other":0,"econ_dis_pct":97.5,"attendance":89.5,"chronic_abs":36.1,"stars_overall":3,"stars_achievement":2,"pi_pct":53.4,"stars_progress":3,"stars_gap":3,"stars_early_lit":null,"grad4":null,"stars_ccwmr":null,"affiliation":null,"st_ratio":null,"tuition_low":null,"tuition_high":null,"tuition_year":null,"tuition_basis":null,"edchoice":null,"tuition_source":null,"tuition_status":null,"tuition_notes":null,"demo_year":"2024-25","faith":"secular","website":null,"district_website":"https://www.bedford.k12.oh.us/"},"geometry":{"type":"Point","coordinates":[-81.49727,41.40355]}},{"type":"Feature","properties":{"id":"irn:1354","name":"Avon East Elementary School","sector":"public","kind":"district","district_irn":48116,"district":"Avon Local","address":"3100 Nagle Rd Avon, OH 44011","grades":"1-2","grades_guessed":false,"lo":1,"hi":2,"elem":1,"mid":0,"high":0,"enrollment":541,"pct_white":76.9,"pct_black":3.3,"pct_hispanic":9.2,"pct_asian":4.7,"pct_multi":5.9,"pct_other":0,"econ_dis_pct":16.7,"attendance":95.2,"chronic_abs":6.9,"stars_overall":4,"stars_achievement":null,"pi_pct":null,"stars_progress":null,"stars_gap":5,"stars_early_lit":3,"grad4":null,"stars_ccwmr":null,"affiliation":null,"st_ratio":null,"tuition_low":null,"tuition_high":null,"tuition_year":null,"tuition_basis":null,"edchoice":null,"tuition_source":null,"tuition_status":null,"tuition_notes":null,"demo_year":"2024-25","faith":"secular","website":"https://www.avonlocalschools.org/","district_website":"https://www.avonlocalschools.org/"},"geometry":{"type":"Point","coordinates":[-81.989474,41.445836]}},{"type":"Feature","properties":{"id":"irn:1362","name":"Avon Early Learning Center","sector":"public","kind":"district","district_irn":48116,"district":"Avon Local","address":"3075 Stoney Ridge Rd Avon, OH 44011","grades":"PK-K","grades_guessed":false,"lo":0,"hi":0,"elem":1,"mid":0,"high":0,"enrollment":385,"pct_white":77.8,"pct_black":0,"pct_hispanic":10.9,"pct_asian":4.2,"pct_multi":5.1,"pct_other":0,"econ_dis_pct":15.3,"attendance":94.2,"chronic_abs":10.8,"stars_overall":4,"stars_achievement":null,"pi_pct":null,"stars_progress":null,"stars_gap":4,"stars_early_lit":null,"grad4":null,"stars_ccwmr":null,"affiliation":null,"st_ratio":null,"tuition_low":null,"tuition_high":null,"tuition_year":null,"tuition_basis":null,"edchoice":null,"tuition_source":null,"tuition_status":null,"tuition_notes":null,"demo_year":"2024-25","faith":"secular","website":"https://www.avonlocalschools.org/","district_website":"https://www.avonlocalschools.org/"},"geometry":{"type":"Point","coordinates":[-82.026527,41.444817]}},{"type":"Feature","properties":{"id":"irn:34280","name":"Brookside Middle School","sector":"public","kind":"district","district_irn":44768,"district":"Sheffield-Sheffield Lake City","address":"1662 Harris Rd Sheffield Village, OH 44054","grades":"7-8","grades_guessed":false,"lo":7,"hi":8,"elem":0,"mid":1,"high":0,"enrollment":258,"pct_white":80.3,"pct_black":0,"pct_hispanic":9.5,"pct_asian":0,"pct_multi":7,"pct_other":0,"econ_dis_pct":51.3,"attendance":92.5,"chronic_abs":22.5,"stars_overall":4,"stars_achievement":3,"pi_pct":77.8,"stars_progress":4,"stars_gap":3,"stars_early_lit":null,"grad4":null,"stars_ccwmr":null,"affiliation":null,"st_ratio":null,"tuition_low":null,"tuition_high":null,"tuition_year":null,"tuition_basis":null,"edchoice":null,"tuition_source":null,"tuition_status":null,"tuition_notes":null,"demo_year":"2024-25","faith":"secular","website":null,"district_website":"https://www.sheffieldschools.org/"},"geometry":{"type":"Point","coordinates":[-82.099472,41.469417]}},{"type":"Feature","properties":{"id":"irn:34850","name":"O H Somers Elementary School","sector":"public","kind":"district","district_irn":50039,"district":"Mogadore Local","address":"3600 Herbert St Mogadore, OH 44260","grades":"K-6","grades_guessed":false,"lo":0,"hi":6,"elem":1,"mid":1,"high":0,"enrollment":337,"pct_white":94.1,"pct_black":0,"pct_hispanic":3.3,"pct_asian":0,"pct_multi":0,"pct_other":0,"econ_dis_pct":42.5,"attendance":94.6,"chronic_abs":8.8,"stars_overall":4,"stars_achievement":4,"pi_pct":84.1,"stars_progress":4,"stars_gap":4,"stars_early_lit":3,"grad4":null,"stars_ccwmr":null,"affiliation":null,"st_ratio":null,"tuition_low":null,"tuition_high":null,"tuition_year":null,"tuition_basis":null,"edchoice":null,"tuition_source":null,"tuition_status":null,"tuition_notes":null,"demo_year":"2024-25","faith":"secular","website":null,"district_website":"https://www.mogadore.net/"},"geometry":{"type":"Point","coordinates":[-81.404364,41.046754]}},{"type":"Feature","properties":{"id":"irn:9985","name":"Edison Elementary School","sector":"public","kind":"district","district_irn":45104,"district":"Willoughby-Eastlake City","address":"5288 Karen Isle Dr Willoughby, OH 44094","grades":"K-5","grades_guessed":false,"lo":0,"hi":5,"elem":1,"mid":0,"high":0,"enrollment":545,"pct_white":52.6,"pct_black":29.2,"pct_hispanic":2.8,"pct_asian":3.5,"pct_multi":11.6,"pct_other":0,"econ_dis_pct":52.2,"attendance":92.5,"chronic_abs":24.1,"stars_overall":3,"stars_achievement":3,"pi_pct":74.5,"stars_progress":2,"stars_gap":2,"stars_early_lit":4,"grad4":null,"stars_ccwmr":null,"affiliation":null,"st_ratio":null,"tuition_low":null,"tuition_high":null,"tuition_year":null,"tuition_basis":null,"edchoice":null,"tuition_source":null,"tuition_status":null,"tuition_notes":null,"demo_year":"2024-25","faith":"secular","website":null,"district_website":"https://www.weschools.org/"},"geometry":{"type":"Point","coordinates":[-81.434518,41.619106]}},{"type":"Feature","properties":{"id":"irn:14423","name":"Green Valley Elementary School","sector":"public","kind":"district","district_irn":44636,"district":"Parma City","address":"2401 W Pleasant Valley Rd Parma, OH 44134","grades":"K-4","grades_guessed":false,"lo":0,"hi":4,"elem":1,"mid":0,"high":0,"enrollment":370,"pct_white":73.6,"pct_black":8.2,"pct_hispanic":7.6,"pct_asian":0,"pct_multi":7.8,"pct_other":0,"econ_dis_pct":100,"attendance":93.9,"chronic_abs":15.8,"stars_overall":4,"stars_achievement":3,"pi_pct":78.1,"stars_progress":3,"stars_gap":5,"stars_early_lit":3,"grad4":null,"stars_ccwmr":null,"affiliation":null,"st_ratio":null,"tuition_low":null,"tuition_high":null,"tuition_year":null,"tuition_basis":null,"edchoice":null,"tuition_source":null,"tuition_status":null,"tuition_notes":null,"demo_year":"2024-25","faith":"secular","website":"https://greenvalley.parmacityschools.org/","district_website":"https://www.parmacityschools.org/"},"geometry":{"type":"Point","coordinates":[-81.697935,41.361306]}},{"type":"Feature","properties":{"id":"irn:19224","name":"Kirtland Middle School","sector":"public","kind":"district","district_irn":47878,"district":"Kirtland Local","address":"9152 Chillicothe Rd Kirtland, OH 44094","grades":"6-8","grades_guessed":false,"lo":6,"hi":8,"elem":0,"mid":1,"high":0,"enrollment":265,"pct_white":95.7,"pct_black":0,"pct_hispanic":0,"pct_asian":0,"pct_multi":0,"pct_other":0,"econ_dis_pct":15,"attendance":93.8,"chronic_abs":11.8,"stars_overall":5,"stars_achievement":5,"pi_pct":92,"stars_progress":4,"stars_gap":5,"stars_early_lit":null,"grad4":null,"stars_ccwmr":null,"affiliation":null,"st_ratio":null,"tuition_low":null,"tuition_high":null,"tuition_year":null,"tuition_basis":null,"edchoice":null,"tuition_source":null,"tuition_status":null,"tuition_notes":null,"demo_year":"2024-25","faith":"secular","website":null,"district_website":"https://www.kirtlandschools.org/"},"geometry":{"type":"Point","coordinates":[-81.358657,41.619681]}},{"type":"Feature","properties":{"id":"irn:113860","name":"Solon Middle School","sector":"public","kind":"district","district_irn":46607,"district":"Solon City","address":"6835 Som Center Rd Solon, OH 44139","grades":"7-8","grades_guessed":false,"lo":7,"hi":8,"elem":0,"mid":1,"high":0,"enrollment":769,"pct_white":46.7,"pct_black":16.6,"pct_hispanic":4.1,"pct_asian":25,"pct_multi":7.6,"pct_other":0,"econ_dis_pct":19.2,"attendance":95.4,"chronic_abs":7.7,"stars_overall":5,"stars_achievement":5,"pi_pct":101.4,"stars_progress":5,"stars_gap":5,"stars_early_lit":null,"grad4":null,"stars_ccwmr":null,"affiliation":null,"st_ratio":null,"tuition_low":null,"tuition_high":null,"tuition_year":null,"tuition_basis":null,"edchoice":null,"tuition_source":null,"tuition_status":null,"tuition_notes":null,"demo_year":"2024-25","faith":"secular","website":null,"district_website":"https://www.solonschools.org/"},"geometry":{"type":"Point","coordinates":[-81.4352,41.37344]}},{"type":"Feature","properties":{"id":"irn:32847","name":"Roxboro Middle School","sector":"public","kind":"district","district_irn":43794,"district":"Cleveland Heights-University Heights City","address":"2400 Roxboro Rd Cleveland Heights, OH 44106","grades":"6-8","grades_guessed":false,"lo":6,"hi":8,"elem":0,"mid":1,"high":0,"enrollment":545,"pct_white":22.6,"pct_black":63.8,"pct_hispanic":4.9,"pct_asian":0,"pct_multi":8,"pct_other":0,"econ_dis_pct":100,"attendance":89.6,"chronic_abs":35.5,"stars_overall":2.5,"stars_achievement":2,"pi_pct":64.9,"stars_progress":2,"stars_gap":3,"stars_early_lit":null,"grad4":null,"stars_ccwmr":null,"affiliation":null,"st_ratio":null,"tuition_low":null,"tuition_high":null,"tuition_year":null,"tuition_basis":null,"edchoice":null,"tuition_source":null,"tuition_status":null,"tuition_notes":null,"demo_year":"2024-25","faith":"secular","website":null,"district_website":"https://www.chuh.org/"},"geometry":{"type":"Point","coordinates":[-81.589814,41.493731]}},{"type":"Feature","properties":{"id":"irn:24695","name":"Miles Park School","sector":"public","kind":"district","district_irn":43786,"district":"Cleveland Municipal","address":"4090 E 93rd St Cleveland, OH 44105","grades":"PK-8","grades_guessed":false,"lo":0,"hi":8,"elem":1,"mid":1,"high":0,"enrollment":360,"pct_white":3.7,"pct_black":89.8,"pct_hispanic":4.5,"pct_asian":0,"pct_multi":0,"pct_other":0,"econ_dis_pct":100,"attendance":85.7,"chronic_abs":53.5,"stars_overall":2.5,"stars_achievement":1,"pi_pct":43.8,"stars_progress":3,"stars_gap":2,"stars_early_lit":1,"grad4":null,"stars_ccwmr":null,"affiliation":null,"st_ratio":null,"tuition_low":null,"tuition_high":null,"tuition_year":null,"tuition_basis":null,"edchoice":null,"tuition_source":null,"tuition_status":null,"tuition_notes":null,"demo_year":"2024-25","faith":"secular","website":null,"district_website":"https://www.clevelandmetroschools.org/"},"geometry":{"type":"Point","coordinates":[-81.62194,41.4482]}},{"type":"Feature","properties":{"id":"irn:38448","name":"Vincent Elementary School","sector":"public","kind":"district","district_irn":48132,"district":"Clearview Local","address":"2303 N Ridge Rd E Lorain, OH 44055","grades":"K-4","grades_guessed":false,"lo":0,"hi":4,"elem":1,"mid":0,"high":0,"enrollment":449,"pct_white":33.6,"pct_black":11.9,"pct_hispanic":42.5,"pct_asian":0,"pct_multi":11.6,"pct_other":0,"econ_dis_pct":100,"attendance":91.3,"chronic_abs":32.6,"stars_overall":3,"stars_achievement":2,"pi_pct":67.9,"stars_progress":3,"stars_gap":3,"stars_early_lit":2,"grad4":null,"stars_ccwmr":null,"affiliation":null,"st_ratio":null,"tuition_low":null,"tuition_high":null,"tuition_year":null,"tuition_basis":null,"edchoice":null,"tuition_source":null,"tuition_status":null,"tuition_notes":null,"demo_year":"2024-25","faith":"secular","website":null,"district_website":"https://www.clearviewschools.org/"},"geometry":{"type":"Point","coordinates":[-82.117073,41.418999]}},{"type":"Feature","properties":{"id":"irn:5751","name":"Chagrin Falls High School","sector":"public","kind":"district","district_irn":45286,"district":"Chagrin Falls Exempted Village","address":"400 E Washington St Chagrin Falls, OH 44022","grades":"9-12","grades_guessed":false,"lo":9,"hi":12,"elem":0,"mid":0,"high":1,"enrollment":515,"pct_white":90.1,"pct_black":2.6,"pct_hispanic":3.1,"pct_asian":0,"pct_multi":3.5,"pct_other":0,"econ_dis_pct":6.8,"attendance":94.1,"chronic_abs":13.3,"stars_overall":5,"stars_achievement":5,"pi_pct":98.9,"stars_progress":5,"stars_gap":5,"stars_early_lit":null,"grad4":99.3,"stars_ccwmr":4,"affiliation":null,"st_ratio":null,"tuition_low":null,"tuition_high":null,"tuition_year":null,"tuition_basis":null,"edchoice":null,"tuition_source":null,"tuition_status":null,"tuition_notes":null,"demo_year":"2024-25","faith":"secular","website":null,"district_website":"https://www.chagrinschools.org/"},"geometry":{"type":"Point","coordinates":[-81.37972,41.427]}},{"type":"Feature","properties":{"id":"irn:9829","name":"Echo Hills Elementary School","sector":"public","kind":"district","district_irn":44834,"district":"Stow-Munroe Falls City School District","address":"4405 Stow Rd Stow, OH 44224","grades":"K-4","grades_guessed":false,"lo":0,"hi":4,"elem":1,"mid":0,"high":0,"enrollment":298,"pct_white":72.6,"pct_black":8.3,"pct_hispanic":6.3,"pct_asian":7,"pct_multi":5.9,"pct_other":0,"econ_dis_pct":44.3,"attendance":94.5,"chronic_abs":11.5,"stars_overall":4.5,"stars_achievement":4,"pi_pct":84.3,"stars_progress":5,"stars_gap":4,"stars_early_lit":4,"grad4":null,"stars_ccwmr":null,"affiliation":null,"st_ratio":null,"tuition_low":null,"tuition_high":null,"tuition_year":null,"tuition_basis":null,"edchoice":null,"tuition_source":null,"tuition_status":null,"tuition_notes":null,"demo_year":"2024-25","faith":"secular","website":null,"district_website":"https://www.smfschools.org/"},"geometry":{"type":"Point","coordinates":[-81.425737,41.180795]}},{"type":"Feature","properties":{"id":"irn:4101","name":"Buckeye Elementary School","sector":"public","kind":"district","district_irn":47894,"district":"Riverside Local","address":"175 Buckeye Rd Painesville, OH 44077","grades":"PK-4","grades_guessed":false,"lo":0,"hi":4,"elem":1,"mid":0,"high":0,"enrollment":369,"pct_white":67.6,"pct_black":7.8,"pct_hispanic":15.9,"pct_asian":0,"pct_multi":6.3,"pct_other":0,"econ_dis_pct":32.9,"attendance":93.4,"chronic_abs":13.7,"stars_overall":4.5,"stars_achievement":4,"pi_pct":83.3,"stars_progress":5,"stars_gap":5,"stars_early_lit":2,"grad4":null,"stars_ccwmr":null,"affiliation":null,"st_ratio":null,"tuition_low":null,"tuition_high":null,"tuition_year":null,"tuition_basis":null,"edchoice":null,"tuition_source":null,"tuition_status":null,"tuition_notes":null,"demo_year":"2024-25","faith":"secular","website":"https://www.riversidelocalschools.com","district_website":"https://www.riversideschools.net/"},"geometry":{"type":"Point","coordinates":[-81.2629,41.70092]}},{"type":"Feature","properties":{"id":"irn:729","name":"Andrew J Rickoff","sector":"public","kind":"district","district_irn":43786,"district":"Cleveland Municipal","address":"3500 E 147th St Cleveland, OH 44120","grades":"PK-8","grades_guessed":false,"lo":0,"hi":8,"elem":1,"mid":1,"high":0,"enrollment":441,"pct_white":0,"pct_black":94.1,"pct_hispanic":0,"pct_asian":0,"pct_multi":2.8,"pct_other":0,"econ_dis_pct":100,"attendance":83,"chronic_abs":62.9,"stars_overall":2,"stars_achievement":1,"pi_pct":44,"stars_progress":3,"stars_gap":1,"stars_early_lit":1,"grad4":null,"stars_ccwmr":null,"affiliation":null,"st_ratio":null,"tuition_low":null,"tuition_high":null,"tuition_year":null,"tuition_basis":null,"edchoice":null,"tuition_source":null,"tuition_status":null,"tuition_notes":null,"demo_year":"2024-25","faith":"secular","website":null,"district_website":"https://www.clevelandmetroschools.org/"},"geometry":{"type":"Point","coordinates":[-81.57939,41.46355]}},{"type":"Feature","properties":{"id":"irn:14365","name":"Green High School","sector":"public","kind":"district","district_irn":50013,"district":"Green Local","address":"1474 Boettler Rd Uniontown, OH 44685","grades":"9-12","grades_guessed":false,"lo":9,"hi":12,"elem":0,"mid":0,"high":1,"enrollment":1116,"pct_white":90.6,"pct_black":3.2,"pct_hispanic":1.7,"pct_asian":2.7,"pct_multi":1.6,"pct_other":0,"econ_dis_pct":22,"attendance":93.1,"chronic_abs":18.8,"stars_overall":5,"stars_achievement":4,"pi_pct":89.2,"stars_progress":5,"stars_gap":5,"stars_early_lit":null,"grad4":96.8,"stars_ccwmr":3,"affiliation":null,"st_ratio":null,"tuition_low":null,"tuition_high":null,"tuition_year":null,"tuition_basis":null,"edchoice":null,"tuition_source":null,"tuition_status":null,"tuition_notes":null,"demo_year":"2024-25","faith":"secular","website":null,"district_website":"https://www.greenlocalschools.org/"},"geometry":{"type":"Point","coordinates":[-81.473757,40.955745]}},{"type":"Feature","properties":{"id":"irn:224","name":"Adlai Stevenson School","sector":"public","kind":"district","district_irn":43786,"district":"Cleveland Municipal","address":"18300 Woda Cleveland, OH 44122","grades":"PK-8","grades_guessed":false,"lo":0,"hi":8,"elem":1,"mid":1,"high":0,"enrollment":287,"pct_white":0,"pct_black":94.7,"pct_hispanic":0,"pct_asian":0,"pct_multi":0,"pct_other":0,"econ_dis_pct":100,"attendance":89.6,"chronic_abs":34.4,"stars_overall":2,"stars_achievement":1,"pi_pct":46,"stars_progress":2,"stars_gap":2,"stars_early_lit":1,"grad4":null,"stars_ccwmr":null,"affiliation":null,"st_ratio":null,"tuition_low":null,"tuition_high":null,"tuition_year":null,"tuition_basis":null,"edchoice":null,"tuition_source":null,"tuition_status":null,"tuition_notes":null,"demo_year":"2024-25","faith":"secular","website":null,"district_website":"https://www.clevelandmetroschools.org/"},"geometry":{"type":"Point","coordinates":[-81.550779,41.454907]}},{"type":"Feature","properties":{"id":"irn:4853","name":"Cardinal Jr/Sr High School","sector":"public","kind":"district","district_irn":47175,"district":"Cardinal Local","address":"14785 Thompson Ave Middlefield, OH 44062","grades":"7-12","grades_guessed":false,"lo":7,"hi":12,"elem":0,"mid":1,"high":1,"enrollment":285,"pct_white":96.2,"pct_black":0,"pct_hispanic":0,"pct_asian":0,"pct_multi":0,"pct_other":0,"econ_dis_pct":40.9,"attendance":92.7,"chronic_abs":19,"stars_overall":3.5,"stars_achievement":3,"pi_pct":73.2,"stars_progress":3,"stars_gap":4,"stars_early_lit":null,"grad4":93.8,"stars_ccwmr":2,"affiliation":null,"st_ratio":null,"tuition_low":null,"tuition_high":null,"tuition_year":null,"tuition_basis":null,"edchoice":null,"tuition_source":null,"tuition_status":null,"tuition_notes":null,"demo_year":"2024-25","faith":"secular","website":null,"district_website":"https://www.cardinalschools.org/"},"geometry":{"type":"Point","coordinates":[-81.06705,41.46627]}},{"type":"Feature","properties":{"id":"irn:8252","name":"Green Primary School","sector":"public","kind":"district","district_irn":50013,"district":"Green Local","address":"2300 Graybill Rd Uniontown, OH 44685","grades":"1-3","grades_guessed":false,"lo":1,"hi":3,"elem":1,"mid":0,"high":0,"enrollment":844,"pct_white":85.1,"pct_black":5.4,"pct_hispanic":2.5,"pct_asian":2,"pct_multi":4.7,"pct_other":0,"econ_dis_pct":28.1,"attendance":94.9,"chronic_abs":8.6,"stars_overall":4.5,"stars_achievement":4,"pi_pct":89.7,"stars_progress":null,"stars_gap":5,"stars_early_lit":3,"grad4":null,"stars_ccwmr":null,"affiliation":null,"st_ratio":null,"tuition_low":null,"tuition_high":null,"tuition_year":null,"tuition_basis":null,"edchoice":null,"tuition_source":null,"tuition_status":null,"tuition_notes":null,"demo_year":"2024-25","faith":"secular","website":"http://www.greenlocalschools.org","district_website":"https://www.greenlocalschools.org/"},"geometry":{"type":"Point","coordinates":[-81.448512,40.955942]}},{"type":"Feature","properties":{"id":"irn:18960","name":"Keystone High School","sector":"public","kind":"district","district_irn":48165,"district":"Keystone Local","address":"580 Opportunity Way Lagrange, OH 44050","grades":"9-12","grades_guessed":false,"lo":9,"hi":12,"elem":0,"mid":0,"high":1,"enrollment":383,"pct_white":93.1,"pct_black":0,"pct_hispanic":3,"pct_asian":0,"pct_multi":2.6,"pct_other":0,"econ_dis_pct":30,"attendance":93.7,"chronic_abs":17.9,"stars_overall":4,"stars_achievement":4,"pi_pct":81.1,"stars_progress":3,"stars_gap":4,"stars_early_lit":null,"grad4":97.8,"stars_ccwmr":3,"affiliation":null,"st_ratio":null,"tuition_low":null,"tuition_high":null,"tuition_year":null,"tuition_basis":null,"edchoice":null,"tuition_source":null,"tuition_status":null,"tuition_notes":null,"demo_year":"2024-25","faith":"secular","website":"http://www.keystonelocalschools.org","district_website":"https://www.keystonelocalschools.org/"},"geometry":{"type":"Point","coordinates":[-82.110686,41.231058]}},{"type":"Feature","properties":{"id":"irn:22111","name":"Madison High School","sector":"public","kind":"district","district_irn":47886,"district":"Madison Local","address":"3100 Burns Rd Madison, OH 44057","grades":"9-12","grades_guessed":false,"lo":9,"hi":12,"elem":0,"mid":0,"high":1,"enrollment":729,"pct_white":85.1,"pct_black":0,"pct_hispanic":6.8,"pct_asian":0,"pct_multi":6.5,"pct_other":0,"econ_dis_pct":43.8,"attendance":90.8,"chronic_abs":30.9,"stars_overall":2.5,"stars_achievement":3,"pi_pct":74,"stars_progress":2,"stars_gap":2,"stars_early_lit":null,"grad4":94,"stars_ccwmr":1,"affiliation":null,"st_ratio":null,"tuition_low":null,"tuition_high":null,"tuition_year":null,"tuition_basis":null,"edchoice":null,"tuition_source":null,"tuition_status":null,"tuition_notes":null,"demo_year":"2024-25","faith":"secular","website":null,"district_website":"https://www.madisonschools.net/"},"geometry":{"type":"Point","coordinates":[-81.066234,41.790537]}},{"type":"Feature","properties":{"id":"irn:26252","name":"North Elementary School","sector":"public","kind":"district","district_irn":47886,"district":"Madison Local","address":"1941 Red Bird Rd Madison, OH 44057","grades":"K-5","grades_guessed":false,"lo":0,"hi":5,"elem":1,"mid":0,"high":0,"enrollment":572,"pct_white":83.7,"pct_black":0,"pct_hispanic":9.4,"pct_asian":0,"pct_multi":5.7,"pct_other":0,"econ_dis_pct":61.9,"attendance":92.6,"chronic_abs":23.3,"stars_overall":4,"stars_achievement":3,"pi_pct":79.9,"stars_progress":5,"stars_gap":3,"stars_early_lit":2,"grad4":null,"stars_ccwmr":null,"affiliation":null,"st_ratio":null,"tuition_low":null,"tuition_high":null,"tuition_year":null,"tuition_basis":null,"edchoice":null,"tuition_source":null,"tuition_status":null,"tuition_notes":null,"demo_year":"2024-25","faith":"secular","website":null,"district_website":"https://www.madisonschools.net/"},"geometry":{"type":"Point","coordinates":[-81.06049,41.82034]}},{"type":"Feature","properties":{"id":"irn:841","name":"Longfellow Middle School","sector":"public","kind":"district","district_irn":44263,"district":"Lorain City","address":"305 Louisiana Ave Lorain, OH 44052","grades":"6-8","grades_guessed":false,"lo":6,"hi":8,"elem":0,"mid":1,"high":0,"enrollment":392,"pct_white":24,"pct_black":29.7,"pct_hispanic":35.9,"pct_asian":0,"pct_multi":10.1,"pct_other":0,"econ_dis_pct":100,"attendance":82.2,"chronic_abs":61.1,"stars_overall":2,"stars_achievement":1,"pi_pct":47.2,"stars_progress":2,"stars_gap":2,"stars_early_lit":null,"grad4":null,"stars_ccwmr":null,"affiliation":null,"st_ratio":null,"tuition_low":null,"tuition_high":null,"tuition_year":null,"tuition_basis":null,"edchoice":null,"tuition_source":null,"tuition_status":null,"tuition_notes":null,"demo_year":"2024-25","faith":"secular","website":"http://www.lorainschools.org","district_website":"https://www.lorainschools.org/"},"geometry":{"type":"Point","coordinates":[-82.154701,41.474529]}},{"type":"Feature","properties":{"id":"irn:8309","name":"Lorain High School","sector":"public","kind":"district","district_irn":44263,"district":"Lorain City","address":"2600 Ashland Ave Lorain, OH 44052","grades":"9-12","grades_guessed":false,"lo":9,"hi":12,"elem":0,"mid":0,"high":1,"enrollment":1679,"pct_white":19.9,"pct_black":26,"pct_hispanic":46.1,"pct_asian":0,"pct_multi":7.3,"pct_other":0,"econ_dis_pct":100,"attendance":76.9,"chronic_abs":66.7,"stars_overall":2,"stars_achievement":1,"pi_pct":48.3,"stars_progress":2,"stars_gap":1,"stars_early_lit":null,"grad4":82.3,"stars_ccwmr":3,"affiliation":null,"st_ratio":null,"tuition_low":null,"tuition_high":null,"tuition_year":null,"tuition_basis":null,"edchoice":null,"tuition_source":null,"tuition_status":null,"tuition_notes":null,"demo_year":"2024-25","faith":"secular","website":"http://www.lorainschools.org","district_website":"https://www.lorainschools.org/"},"geometry":{"type":"Point","coordinates":[-82.1912,41.44661]}},{"type":"Feature","properties":{"id":"irn:20073","name":"Lee Burneson Middle School","sector":"public","kind":"district","district_irn":45062,"district":"Westlake City","address":"2260 Dover Center Rd Westlake, OH 44145","grades":"7-8","grades_guessed":false,"lo":7,"hi":8,"elem":0,"mid":1,"high":0,"enrollment":499,"pct_white":74.8,"pct_black":3.7,"pct_hispanic":8.4,"pct_asian":6.2,"pct_multi":7,"pct_other":0,"econ_dis_pct":25.5,"attendance":93.9,"chronic_abs":16.6,"stars_overall":4.5,"stars_achievement":4,"pi_pct":88.5,"stars_progress":4,"stars_gap":4,"stars_early_lit":null,"grad4":null,"stars_ccwmr":null,"affiliation":null,"st_ratio":null,"tuition_low":null,"tuition_high":null,"tuition_year":null,"tuition_basis":null,"edchoice":null,"tuition_source":null,"tuition_status":null,"tuition_notes":null,"demo_year":"2024-25","faith":"secular","website":"https://www.wlake.org/","district_website":"https://www.wlake.org/"},"geometry":{"type":"Point","coordinates":[-81.92299,41.45398]}},{"type":"Feature","properties":{"id":"irn:16796","name":"Richmond Heights Middle School","sector":"public","kind":"district","district_irn":46599,"district":"Richmond Heights Local","address":"447 Richmond Rd Richmond Heights, OH 44143","grades":"7-8","grades_guessed":false,"lo":7,"hi":8,"elem":0,"mid":1,"high":0,"enrollment":134,"pct_white":0,"pct_black":90.4,"pct_hispanic":0,"pct_asian":0,"pct_multi":0,"pct_other":0,"econ_dis_pct":74.1,"attendance":93.8,"chronic_abs":17.5,"stars_overall":2.5,"stars_achievement":2,"pi_pct":51.5,"stars_progress":3,"stars_gap":2,"stars_early_lit":null,"grad4":null,"stars_ccwmr":null,"affiliation":null,"st_ratio":null,"tuition_low":null,"tuition_high":null,"tuition_year":null,"tuition_basis":null,"edchoice":null,"tuition_source":null,"tuition_status":null,"tuition_notes":null,"demo_year":"2024-25","faith":"secular","website":"https://www.richmondheightsschools.org","district_website":"https://www.richmondheightsschools.org/"},"geometry":{"type":"Point","coordinates":[-81.49547,41.55424]}},{"type":"Feature","properties":{"id":"irn:16794","name":"Barberton Preschool","sector":"public","kind":"district","district_irn":43539,"district":"Barberton City","address":"633 Brady Ave Barberton, OH 44203","grades":"K-5","grades_guessed":true,"lo":0,"hi":5,"elem":1,"mid":0,"high":0,"enrollment":null,"pct_white":null,"pct_black":null,"pct_hispanic":null,"pct_asian":null,"pct_multi":null,"pct_other":null,"econ_dis_pct":null,"attendance":null,"chronic_abs":null,"stars_overall":null,"stars_achievement":null,"pi_pct":null,"stars_progress":null,"stars_gap":null,"stars_early_lit":null,"grad4":null,"stars_ccwmr":null,"affiliation":null,"st_ratio":null,"tuition_low":null,"tuition_high":null,"tuition_year":null,"tuition_basis":null,"edchoice":null,"tuition_source":null,"tuition_status":null,"tuition_notes":null,"demo_year":"2024-25","faith":"secular","website":null,"district_website":"https://www.barbertonschools.org/"},"geometry":{"type":"Point","coordinates":[-81.61281,41.022739]}},{"type":"Feature","properties":{"id":"irn:17199","name":"I Promise School","sector":"public","kind":"district","district_irn":43489,"district":"Akron City","address":"400 W Market St Akron, OH 44303","grades":"3-8","grades_guessed":false,"lo":3,"hi":8,"elem":1,"mid":1,"high":0,"enrollment":470,"pct_white":12.1,"pct_black":57.5,"pct_hispanic":8.1,"pct_asian":10.9,"pct_multi":11.4,"pct_other":0,"econ_dis_pct":100,"attendance":88.9,"chronic_abs":42.6,"stars_overall":2.5,"stars_achievement":1,"pi_pct":42,"stars_progress":4,"stars_gap":2,"stars_early_lit":1,"grad4":null,"stars_ccwmr":null,"affiliation":null,"st_ratio":null,"tuition_low":null,"tuition_high":null,"tuition_year":null,"tuition_basis":null,"edchoice":null,"tuition_source":null,"tuition_status":null,"tuition_notes":null,"demo_year":"2024-25","faith":"secular","website":"https://www.akronschools.com","district_website":"https://www.akronschools.com/"},"geometry":{"type":"Point","coordinates":[-81.530989,41.090211]}},{"type":"Feature","properties":{"id":"irn:17190","name":"William Rainey Harper","sector":"public","kind":"district","district_irn":43786,"district":"Cleveland Municipal","address":"5515 Ira Ave Cleveland, OH 44144","grades":"PK-8","grades_guessed":false,"lo":0,"hi":8,"elem":1,"mid":1,"high":0,"enrollment":434,"pct_white":34.5,"pct_black":23.9,"pct_hispanic":34.4,"pct_asian":0,"pct_multi":5.1,"pct_other":0,"econ_dis_pct":100,"attendance":95.4,"chronic_abs":13.5,"stars_overall":3.5,"stars_achievement":2,"pi_pct":67.9,"stars_progress":4,"stars_gap":4,"stars_early_lit":3,"grad4":null,"stars_ccwmr":null,"affiliation":null,"st_ratio":null,"tuition_low":null,"tuition_high":null,"tuition_year":null,"tuition_basis":null,"edchoice":null,"tuition_source":null,"tuition_status":null,"tuition_notes":null,"demo_year":"2024-25","faith":"secular","website":null,"district_website":"https://www.clevelandmetroschools.org/"},"geometry":{"type":"Point","coordinates":[-81.72485,41.42769]}},{"type":"Feature","properties":{"id":"irn:16887","name":"Davis Aerospace & Maritime High School","sector":"public","kind":"district","district_irn":43786,"district":"Cleveland Municipal","address":"1440 Lakeside Ave E Cleveland, OH 44114","grades":"9-12","grades_guessed":false,"lo":9,"hi":12,"elem":0,"mid":0,"high":1,"enrollment":248,"pct_white":13,"pct_black":59.5,"pct_hispanic":25,"pct_asian":0,"pct_multi":0,"pct_other":0,"econ_dis_pct":100,"attendance":75.8,"chronic_abs":73.7,"stars_overall":3.5,"stars_achievement":2,"pi_pct":68.8,"stars_progress":5,"stars_gap":3,"stars_early_lit":null,"grad4":82.1,"stars_ccwmr":3,"affiliation":null,"st_ratio":null,"tuition_low":null,"tuition_high":null,"tuition_year":null,"tuition_basis":null,"edchoice":null,"tuition_source":null,"tuition_status":null,"tuition_notes":null,"demo_year":"2024-25","faith":"secular","website":null,"district_website":"https://www.clevelandmetroschools.org/"},"geometry":{"type":"Point","coordinates":[-81.68646,41.5073]}},{"type":"Feature","properties":{"id":"irn:123034","name":"Woodridge Elementary School","sector":"public","kind":"district","district_irn":49973,"district":"Woodridge Local","address":"4351 Quick Rd Peninsula, OH 44264","grades":"PK-5","grades_guessed":false,"lo":0,"hi":5,"elem":1,"mid":0,"high":0,"enrollment":901,"pct_white":54.9,"pct_black":26.3,"pct_hispanic":5.5,"pct_asian":3.2,"pct_multi":10,"pct_other":0,"econ_dis_pct":61.7,"attendance":92,"chronic_abs":23.3,"stars_overall":3.5,"stars_achievement":3,"pi_pct":76.8,"stars_progress":3,"stars_gap":3,"stars_early_lit":3,"grad4":null,"stars_ccwmr":null,"affiliation":null,"st_ratio":null,"tuition_low":null,"tuition_high":null,"tuition_year":null,"tuition_basis":null,"edchoice":null,"tuition_source":null,"tuition_status":null,"tuition_notes":null,"demo_year":"2024-25","faith":"secular","website":null,"district_website":"https://www.woodridge.us/"},"geometry":{"type":"Point","coordinates":[-81.509014,41.190068]}},{"type":"Feature","properties":{"id":"irn:25411","name":"Monticello Middle School","sector":"public","kind":"district","district_irn":43794,"district":"Cleveland Heights-University Heights City","address":"3665 Monticello Blvd Cleveland Heights, OH 44121","grades":"6-8","grades_guessed":false,"lo":6,"hi":8,"elem":0,"mid":1,"high":0,"enrollment":519,"pct_white":5.8,"pct_black":82.2,"pct_hispanic":8.1,"pct_asian":0,"pct_multi":3,"pct_other":0,"econ_dis_pct":100,"attendance":89.7,"chronic_abs":39,"stars_overall":3.5,"stars_achievement":2,"pi_pct":57.8,"stars_progress":4,"stars_gap":3,"stars_early_lit":null,"grad4":null,"stars_ccwmr":null,"affiliation":null,"st_ratio":null,"tuition_low":null,"tuition_high":null,"tuition_year":null,"tuition_basis":null,"edchoice":null,"tuition_source":null,"tuition_status":null,"tuition_notes":null,"demo_year":"2024-25","faith":"secular","website":null,"district_website":"https://www.chuh.org/"},"geometry":{"type":"Point","coordinates":[-81.549274,41.530369]}},{"type":"Feature","properties":{"id":"irn:41756","name":"Northwood Elementary School","sector":"public","kind":"district","district_irn":43943,"district":"Elyria City Schools","address":"570 Abbe Rd N Elyria, OH 44035","grades":"K-4","grades_guessed":false,"lo":0,"hi":4,"elem":1,"mid":0,"high":0,"enrollment":335,"pct_white":58,"pct_black":8.6,"pct_hispanic":16,"pct_asian":0,"pct_multi":17.1,"pct_other":0,"econ_dis_pct":99.8,"attendance":93.2,"chronic_abs":19.2,"stars_overall":3,"stars_achievement":3,"pi_pct":71.1,"stars_progress":3,"stars_gap":3,"stars_early_lit":3,"grad4":null,"stars_ccwmr":null,"affiliation":null,"st_ratio":null,"tuition_low":null,"tuition_high":null,"tuition_year":null,"tuition_basis":null,"edchoice":null,"tuition_source":null,"tuition_status":null,"tuition_notes":null,"demo_year":"2024-25","faith":"secular","website":null,"district_website":"https://www.elyriaschools.org/"},"geometry":{"type":"Point","coordinates":[-82.077608,41.389996]}},{"type":"Feature","properties":{"id":"irn:13128","name":"Garfield Community Learning Center","sector":"public","kind":"district","district_irn":43489,"district":"Akron City","address":"1326 Brown St Akron, OH 44301","grades":"9-12","grades_guessed":false,"lo":9,"hi":12,"elem":0,"mid":0,"high":1,"enrollment":866,"pct_white":20.9,"pct_black":59.2,"pct_hispanic":5.9,"pct_asian":3.8,"pct_multi":10.2,"pct_other":0,"econ_dis_pct":100,"attendance":78.2,"chronic_abs":71.9,"stars_overall":3.5,"stars_achievement":2,"pi_pct":56.3,"stars_progress":4,"stars_gap":3,"stars_early_lit":null,"grad4":85.5,"stars_ccwmr":4,"affiliation":null,"st_ratio":null,"tuition_low":null,"tuition_high":null,"tuition_year":null,"tuition_basis":null,"edchoice":null,"tuition_source":null,"tuition_status":null,"tuition_notes":null,"demo_year":"2024-25","faith":"secular","website":null,"district_website":"https://www.akronschools.com/"},"geometry":{"type":"Point","coordinates":[-81.510397,41.045574]}},{"type":"Feature","properties":{"id":"irn:30783","name":"Eastern Heights Elementary School","sector":"public","kind":"district","district_irn":43943,"district":"Elyria City Schools","address":"528 Garford Ave Elyria, OH 44035","grades":"K-4","grades_guessed":false,"lo":0,"hi":4,"elem":1,"mid":0,"high":0,"enrollment":563,"pct_white":57,"pct_black":10.3,"pct_hispanic":16.4,"pct_asian":0,"pct_multi":16.2,"pct_other":0,"econ_dis_pct":100,"attendance":92.6,"chronic_abs":20.4,"stars_overall":2,"stars_achievement":2,"pi_pct":62.4,"stars_progress":1,"stars_gap":2,"stars_early_lit":2,"grad4":null,"stars_ccwmr":null,"affiliation":null,"st_ratio":null,"tuition_low":null,"tuition_high":null,"tuition_year":null,"tuition_basis":null,"edchoice":null,"tuition_source":null,"tuition_status":null,"tuition_notes":null,"demo_year":"2024-25","faith":"secular","website":null,"district_website":"https://www.elyriaschools.org/"},"geometry":{"type":"Point","coordinates":[-82.091469,41.363004]}},{"type":"Feature","properties":{"id":"irn:18051","name":"Chardon Hills Elementary School","sector":"public","kind":"district","district_irn":43950,"district":"Euclid City","address":"1750 E 234th St Euclid, OH 44117","grades":"K-5","grades_guessed":false,"lo":0,"hi":5,"elem":1,"mid":0,"high":0,"enrollment":473,"pct_white":4.4,"pct_black":84.6,"pct_hispanic":2.7,"pct_asian":0,"pct_multi":7.4,"pct_other":0,"econ_dis_pct":100,"attendance":93.3,"chronic_abs":20,"stars_overall":3.5,"stars_achievement":3,"pi_pct":77,"stars_progress":3,"stars_gap":5,"stars_early_lit":3,"grad4":null,"stars_ccwmr":null,"affiliation":null,"st_ratio":null,"tuition_low":null,"tuition_high":null,"tuition_year":null,"tuition_basis":null,"edchoice":null,"tuition_source":null,"tuition_status":null,"tuition_notes":null,"demo_year":"2024-25","faith":"secular","website":null,"district_website":"https://www.euclidschools.org/"},"geometry":{"type":"Point","coordinates":[-81.519415,41.568045]}},{"type":"Feature","properties":{"id":"irn:20873","name":"Warrensville Heights Early Learning Center","sector":"public","kind":"district","district_irn":45005,"district":"Warrensville Heights City","address":"4265 Northfield Road Warrensville Heights, OH 44128","grades":"PK-K","grades_guessed":false,"lo":0,"hi":0,"elem":1,"mid":0,"high":0,"enrollment":218,"pct_white":0,"pct_black":96.6,"pct_hispanic":0,"pct_asian":0,"pct_multi":0,"pct_other":0,"econ_dis_pct":100,"attendance":92,"chronic_abs":23,"stars_overall":4,"stars_achievement":null,"pi_pct":null,"stars_progress":null,"stars_gap":4,"stars_early_lit":null,"grad4":null,"stars_ccwmr":null,"affiliation":null,"st_ratio":null,"tuition_low":null,"tuition_high":null,"tuition_year":null,"tuition_basis":null,"edchoice":null,"tuition_source":null,"tuition_status":null,"tuition_notes":null,"demo_year":"2024-25","faith":"secular","website":null,"district_website":"https://www.warrensville.k12.oh.us/"},"geometry":{"type":"Point","coordinates":[-81.530113,41.444548]}},{"type":"Feature","properties":{"id":"irn:37101","name":"Natividad Pagan International Newcomers Academy","sector":"public","kind":"district","district_irn":43786,"district":"Cleveland Municipal","address":"3145 W 46th St Cleveland, OH 44102","grades":"PK-12","grades_guessed":false,"lo":0,"hi":12,"elem":1,"mid":1,"high":1,"enrollment":726,"pct_white":20.6,"pct_black":33.1,"pct_hispanic":32.5,"pct_asian":7.5,"pct_multi":6.2,"pct_other":0,"econ_dis_pct":100,"attendance":88.1,"chronic_abs":35.8,"stars_overall":1.5,"stars_achievement":1,"pi_pct":31.2,"stars_progress":null,"stars_gap":1,"stars_early_lit":1,"grad4":70.7,"stars_ccwmr":3,"affiliation":null,"st_ratio":null,"tuition_low":null,"tuition_high":null,"tuition_year":null,"tuition_basis":null,"edchoice":null,"tuition_source":null,"tuition_status":null,"tuition_notes":null,"demo_year":"2024-25","faith":"secular","website":null,"district_website":"https://www.clevelandmetroschools.org/"},"geometry":{"type":"Point","coordinates":[-81.71787,41.46785]}},{"type":"Feature","properties":{"id":"irn:27318","name":"Nolley Elementary School","sector":"public","kind":"district","district_irn":50005,"district":"Manchester Local","address":"437 W Nimisila Rd New Franklin, OH 44319","grades":"K-5","grades_guessed":false,"lo":0,"hi":5,"elem":1,"mid":0,"high":0,"enrollment":525,"pct_white":93.6,"pct_black":0,"pct_hispanic":0,"pct_asian":0,"pct_multi":3.9,"pct_other":0,"econ_dis_pct":39,"attendance":95.3,"chronic_abs":7.9,"stars_overall":4.5,"stars_achievement":5,"pi_pct":92.7,"stars_progress":3,"stars_gap":5,"stars_early_lit":5,"grad4":null,"stars_ccwmr":null,"affiliation":null,"st_ratio":null,"tuition_low":null,"tuition_high":null,"tuition_year":null,"tuition_basis":null,"edchoice":null,"tuition_source":null,"tuition_status":null,"tuition_notes":null,"demo_year":"2024-25","faith":"secular","website":null,"district_website":"https://www.panthercountry.org/"},"geometry":{"type":"Point","coordinates":[-81.551483,40.941917]}},{"type":"Feature","properties":{"id":"irn:40857","name":"Westwood Elementary School","sector":"public","kind":"district","district_irn":47225,"district":"West Geauga Local","address":"13738 Caves Rd Novelty, OH 44072","grades":"K-2","grades_guessed":false,"lo":0,"hi":2,"elem":1,"mid":0,"high":0,"enrollment":365,"pct_white":89.4,"pct_black":3,"pct_hispanic":2.9,"pct_asian":0,"pct_multi":4.1,"pct_other":0,"econ_dis_pct":17,"attendance":95,"chronic_abs":7.2,"stars_overall":4,"stars_achievement":null,"pi_pct":null,"stars_progress":null,"stars_gap":4,"stars_early_lit":null,"grad4":null,"stars_ccwmr":null,"affiliation":null,"st_ratio":null,"tuition_low":null,"tuition_high":null,"tuition_year":null,"tuition_basis":null,"edchoice":null,"tuition_source":null,"tuition_status":null,"tuition_notes":null,"demo_year":"2024-25","faith":"secular","website":null,"district_website":"https://www.wgschools.org/"},"geometry":{"type":"Point","coordinates":[-81.36433,41.49385]}},{"type":"Feature","properties":{"id":"irn:147397","name":"Cleveland School of Science & Medicine","sector":"public","kind":"district","district_irn":43786,"district":"Cleveland Municipal","address":"2075 Stokes Blvd Cleveland, OH 44106","grades":"9-12","grades_guessed":false,"lo":9,"hi":12,"elem":0,"mid":0,"high":1,"enrollment":379,"pct_white":6.4,"pct_black":80.7,"pct_hispanic":6.6,"pct_asian":4,"pct_multi":0,"pct_other":0,"econ_dis_pct":100,"attendance":89.4,"chronic_abs":36,"stars_overall":4.5,"stars_achievement":4,"pi_pct":80.2,"stars_progress":5,"stars_gap":5,"stars_early_lit":null,"grad4":96.1,"stars_ccwmr":1,"affiliation":null,"st_ratio":null,"tuition_low":null,"tuition_high":null,"tuition_year":null,"tuition_basis":null,"edchoice":null,"tuition_source":null,"tuition_status":null,"tuition_notes":null,"demo_year":"2024-25","faith":"secular","website":null,"district_website":"https://www.clevelandmetroschools.org/"},"geometry":{"type":"Point","coordinates":[-81.61202,41.50185]}},{"type":"Feature","properties":{"id":"irn:11319","name":"Eliza Northrop Elementary","sector":"public","kind":"district","district_irn":44388,"district":"Medina City SD","address":"950 East Reagan Parkway Medina, OH 44256","grades":"K-5","grades_guessed":false,"lo":0,"hi":5,"elem":1,"mid":0,"high":0,"enrollment":467,"pct_white":81.7,"pct_black":0,"pct_hispanic":7.9,"pct_asian":0,"pct_multi":6.9,"pct_other":0,"econ_dis_pct":32.1,"attendance":94.6,"chronic_abs":11,"stars_overall":3.5,"stars_achievement":4,"pi_pct":85.8,"stars_progress":2,"stars_gap":4,"stars_early_lit":3,"grad4":null,"stars_ccwmr":null,"affiliation":null,"st_ratio":null,"tuition_low":null,"tuition_high":null,"tuition_year":null,"tuition_basis":null,"edchoice":null,"tuition_source":null,"tuition_status":null,"tuition_notes":null,"demo_year":"2024-25","faith":"secular","website":"https://www.medinabees.org","district_website":"https://www.medinabees.org/"},"geometry":{"type":"Point","coordinates":[-81.838712,41.155213]}},{"type":"Feature","properties":{"id":"irn:99416","name":"North Royalton Middle School","sector":"public","kind":"district","district_irn":44545,"district":"North Royalton City","address":"14709 Ridge Rd North Royalton, OH 44133","grades":"5-8","grades_guessed":false,"lo":5,"hi":8,"elem":1,"mid":1,"high":0,"enrollment":1215,"pct_white":81.9,"pct_black":2.3,"pct_hispanic":5.7,"pct_asian":5.8,"pct_multi":4.2,"pct_other":0,"econ_dis_pct":34.8,"attendance":93.4,"chronic_abs":17.8,"stars_overall":4.5,"stars_achievement":4,"pi_pct":87.6,"stars_progress":4,"stars_gap":5,"stars_early_lit":null,"grad4":null,"stars_ccwmr":null,"affiliation":null,"st_ratio":null,"tuition_low":null,"tuition_high":null,"tuition_year":null,"tuition_basis":null,"edchoice":null,"tuition_source":null,"tuition_status":null,"tuition_notes":null,"demo_year":"2024-25","faith":"secular","website":null,"district_website":"https://www.northroyaltonsd.org/"},"geometry":{"type":"Point","coordinates":[-81.73385,41.31172]}},{"type":"Feature","properties":{"id":"irn:64162","name":"Orchard Middle School","sector":"public","kind":"district","district_irn":46607,"district":"Solon City","address":"6800 Som Center Rd Solon, OH 44139","grades":"5-6","grades_guessed":false,"lo":5,"hi":6,"elem":1,"mid":1,"high":0,"enrollment":733,"pct_white":49.6,"pct_black":15,"pct_hispanic":4.9,"pct_asian":23.5,"pct_multi":6.9,"pct_other":0,"econ_dis_pct":18.4,"attendance":95.7,"chronic_abs":5.7,"stars_overall":5,"stars_achievement":5,"pi_pct":102.9,"stars_progress":4,"stars_gap":5,"stars_early_lit":null,"grad4":null,"stars_ccwmr":null,"affiliation":null,"st_ratio":null,"tuition_low":null,"tuition_high":null,"tuition_year":null,"tuition_basis":null,"edchoice":null,"tuition_source":null,"tuition_status":null,"tuition_notes":null,"demo_year":"2024-25","faith":"secular","website":null,"district_website":"https://www.solonschools.org/"},"geometry":{"type":"Point","coordinates":[-81.44011,41.37389]}},{"type":"Feature","properties":{"id":"irn:24281","name":"Mentor High School","sector":"public","kind":"district","district_irn":45492,"district":"Mentor Exempted Village","address":"6477 Center St Mentor, OH 44060","grades":"9-12","grades_guessed":false,"lo":9,"hi":12,"elem":0,"mid":0,"high":1,"enrollment":2113,"pct_white":82.6,"pct_black":4.9,"pct_hispanic":4.4,"pct_asian":2.8,"pct_multi":5.2,"pct_other":0,"econ_dis_pct":36.9,"attendance":92.6,"chronic_abs":23.2,"stars_overall":4.5,"stars_achievement":4,"pi_pct":86.3,"stars_progress":5,"stars_gap":5,"stars_early_lit":null,"grad4":96.2,"stars_ccwmr":3,"affiliation":null,"st_ratio":null,"tuition_low":null,"tuition_high":null,"tuition_year":null,"tuition_basis":null,"edchoice":null,"tuition_source":null,"tuition_status":null,"tuition_notes":null,"demo_year":"2024-25","faith":"secular","website":null,"district_website":"https://www.mentorschools.net/"},"geometry":{"type":"Point","coordinates":[-81.33546,41.69433]}},{"type":"Feature","properties":{"id":"irn:4127","name":"Buckeye High School","sector":"public","kind":"district","district_irn":48470,"district":"Buckeye Local","address":"3084 Columbia Rd Medina, OH 44256","grades":"9-12","grades_guessed":false,"lo":9,"hi":12,"elem":0,"mid":0,"high":1,"enrollment":530,"pct_white":93.1,"pct_black":0,"pct_hispanic":2.4,"pct_asian":0,"pct_multi":3.4,"pct_other":0,"econ_dis_pct":16.9,"attendance":93.1,"chronic_abs":20.5,"stars_overall":4.5,"stars_achievement":4,"pi_pct":88.4,"stars_progress":3,"stars_gap":5,"stars_early_lit":null,"grad4":97.6,"stars_ccwmr":3,"affiliation":null,"st_ratio":null,"tuition_low":null,"tuition_high":null,"tuition_year":null,"tuition_basis":null,"edchoice":null,"tuition_source":null,"tuition_status":null,"tuition_notes":null,"demo_year":"2024-25","faith":"secular","website":null,"district_website":"https://www.buckeyeschools.info/"},"geometry":{"type":"Point","coordinates":[-81.925247,41.189476]}},{"type":"Feature","properties":{"id":"irn:37143","name":"Thoreau Park Elementary School","sector":"public","kind":"district","district_irn":44636,"district":"Parma City","address":"5401 W 54th St Parma, OH 44129","grades":"K-4","grades_guessed":false,"lo":0,"hi":4,"elem":1,"mid":0,"high":0,"enrollment":483,"pct_white":61.4,"pct_black":7.2,"pct_hispanic":21.3,"pct_asian":0,"pct_multi":9,"pct_other":0,"econ_dis_pct":100,"attendance":91.9,"chronic_abs":26.9,"stars_overall":3,"stars_achievement":3,"pi_pct":72.6,"stars_progress":3,"stars_gap":3,"stars_early_lit":1,"grad4":null,"stars_ccwmr":null,"affiliation":null,"st_ratio":null,"tuition_low":null,"tuition_high":null,"tuition_year":null,"tuition_basis":null,"edchoice":null,"tuition_source":null,"tuition_status":null,"tuition_notes":null,"demo_year":"2024-25","faith":"secular","website":"https://thoreaupark.parmacityschools.org/","district_website":"https://www.parmacityschools.org/"},"geometry":{"type":"Point","coordinates":[-81.722596,41.414899]}},{"type":"Feature","properties":{"id":"irn:22418","name":"Manchester High School","sector":"public","kind":"district","district_irn":50005,"district":"Manchester Local","address":"407 W Nimisila Rd New Franklin, OH 44319","grades":"9-12","grades_guessed":false,"lo":9,"hi":12,"elem":0,"mid":0,"high":1,"enrollment":365,"pct_white":94.2,"pct_black":0,"pct_hispanic":0,"pct_asian":0,"pct_multi":3,"pct_other":0,"econ_dis_pct":32.7,"attendance":93.9,"chronic_abs":16.2,"stars_overall":4,"stars_achievement":4,"pi_pct":83.3,"stars_progress":2,"stars_gap":4,"stars_early_lit":null,"grad4":99.1,"stars_ccwmr":3,"affiliation":null,"st_ratio":null,"tuition_low":null,"tuition_high":null,"tuition_year":null,"tuition_basis":null,"edchoice":null,"tuition_source":null,"tuition_status":null,"tuition_notes":null,"demo_year":"2024-25","faith":"secular","website":null,"district_website":"https://www.panthercountry.org/"},"geometry":{"type":"Point","coordinates":[-81.549429,40.940359]}},{"type":"Feature","properties":{"id":"irn:17459","name":"Innes Community Learning Center","sector":"public","kind":"district","district_irn":43489,"district":"Akron City","address":"1999 East Ave Akron, OH 44314","grades":"6-8","grades_guessed":false,"lo":6,"hi":8,"elem":0,"mid":1,"high":0,"enrollment":677,"pct_white":25.9,"pct_black":50.4,"pct_hispanic":7.2,"pct_asian":4.3,"pct_multi":12.2,"pct_other":0,"econ_dis_pct":100,"attendance":82,"chronic_abs":64.3,"stars_overall":2,"stars_achievement":1,"pi_pct":42.9,"stars_progress":2,"stars_gap":1,"stars_early_lit":null,"grad4":null,"stars_ccwmr":null,"affiliation":null,"st_ratio":null,"tuition_low":null,"tuition_high":null,"tuition_year":null,"tuition_basis":null,"edchoice":null,"tuition_source":null,"tuition_status":null,"tuition_notes":null,"demo_year":"2024-25","faith":"secular","website":"https://www.akronschools.com","district_website":"https://www.akronschools.com/"},"geometry":{"type":"Point","coordinates":[-81.567232,41.049577]}},{"type":"Feature","properties":{"id":"irn:24570","name":"Berea-Midpark High School","sector":"public","kind":"district","district_irn":43612,"district":"Berea City","address":"165 E Bagley Rd Berea, OH 44017","grades":"9-12","grades_guessed":false,"lo":9,"hi":12,"elem":0,"mid":0,"high":1,"enrollment":1424,"pct_white":71,"pct_black":5.9,"pct_hispanic":12,"pct_asian":4.1,"pct_multi":7,"pct_other":0,"econ_dis_pct":100,"attendance":90.6,"chronic_abs":32.1,"stars_overall":4,"stars_achievement":3,"pi_pct":78.9,"stars_progress":5,"stars_gap":3,"stars_early_lit":null,"grad4":95.7,"stars_ccwmr":3,"affiliation":null,"st_ratio":null,"tuition_low":null,"tuition_high":null,"tuition_year":null,"tuition_basis":null,"edchoice":null,"tuition_source":null,"tuition_status":null,"tuition_notes":null,"demo_year":"2024-25","faith":"secular","website":null,"district_website":"https://www.berea.k12.oh.us/"},"geometry":{"type":"Point","coordinates":[-81.84499,41.37335]}},{"type":"Feature","properties":{"id":"irn:28035","name":"Norton Primary Elementary School","sector":"public","kind":"district","district_irn":44552,"district":"Norton City","address":"3163 Greenwich Rd Norton, OH 44203","grades":"PK-K","grades_guessed":false,"lo":0,"hi":0,"elem":1,"mid":0,"high":0,"enrollment":220,"pct_white":89.9,"pct_black":0,"pct_hispanic":0,"pct_asian":0,"pct_multi":5,"pct_other":0,"econ_dis_pct":70.1,"attendance":94.3,"chronic_abs":11.1,"stars_overall":4,"stars_achievement":null,"pi_pct":null,"stars_progress":null,"stars_gap":4,"stars_early_lit":null,"grad4":null,"stars_ccwmr":null,"affiliation":null,"st_ratio":null,"tuition_low":null,"tuition_high":null,"tuition_year":null,"tuition_basis":null,"edchoice":null,"tuition_source":null,"tuition_status":null,"tuition_notes":null,"demo_year":"2024-25","faith":"secular","website":null,"district_website":"https://www.nortonschools.org/"},"geometry":{"type":"Point","coordinates":[-81.638798,41.025955]}},{"type":"Feature","properties":{"id":"irn:26310","name":"North Olmsted Middle School","sector":"public","kind":"district","district_irn":44529,"district":"North Olmsted City","address":"27401 Butternut Ridge Rd North Olmsted, OH 44070","grades":"6-8","grades_guessed":false,"lo":6,"hi":8,"elem":0,"mid":1,"high":0,"enrollment":803,"pct_white":79.3,"pct_black":5.7,"pct_hispanic":9.1,"pct_asian":3.1,"pct_multi":2.7,"pct_other":0,"econ_dis_pct":100,"attendance":91.6,"chronic_abs":27.2,"stars_overall":4,"stars_achievement":3,"pi_pct":77.3,"stars_progress":4,"stars_gap":4,"stars_early_lit":null,"grad4":null,"stars_ccwmr":null,"affiliation":null,"st_ratio":null,"tuition_low":null,"tuition_high":null,"tuition_year":null,"tuition_basis":null,"edchoice":null,"tuition_source":null,"tuition_status":null,"tuition_notes":null,"demo_year":"2024-25","faith":"secular","website":null,"district_website":"https://www.northolmstedschools.org/"},"geometry":{"type":"Point","coordinates":[-81.925293,41.411864]}},{"type":"Feature","properties":{"id":"irn:27573","name":"North High School","sector":"public","kind":"district","district_irn":45104,"district":"Willoughby-Eastlake City","address":"34041 Stevens Blvd Eastlake, OH 44095","grades":"9-12","grades_guessed":false,"lo":9,"hi":12,"elem":0,"mid":0,"high":1,"enrollment":1118,"pct_white":76.5,"pct_black":9.3,"pct_hispanic":4,"pct_asian":0,"pct_multi":9,"pct_other":0,"econ_dis_pct":52.9,"attendance":89.2,"chronic_abs":37.9,"stars_overall":2.5,"stars_achievement":3,"pi_pct":70.1,"stars_progress":2,"stars_gap":2,"stars_early_lit":null,"grad4":91.2,"stars_ccwmr":2,"affiliation":null,"st_ratio":null,"tuition_low":null,"tuition_high":null,"tuition_year":null,"tuition_basis":null,"edchoice":null,"tuition_source":null,"tuition_status":null,"tuition_notes":null,"demo_year":"2024-25","faith":"secular","website":null,"district_website":"https://www.weschools.org/"},"geometry":{"type":"Point","coordinates":[-81.446558,41.650193]}},{"type":"Feature","properties":{"id":"irn:32235","name":"Rocky River Middle School","sector":"public","kind":"district","district_irn":44701,"district":"Rocky River City","address":"1631 Lakeview Ave Rocky River, OH 44116","grades":"6-8","grades_guessed":false,"lo":6,"hi":8,"elem":0,"mid":1,"high":0,"enrollment":574,"pct_white":87.5,"pct_black":0,"pct_hispanic":3.3,"pct_asian":3.7,"pct_multi":4.8,"pct_other":0,"econ_dis_pct":14,"attendance":95.3,"chronic_abs":8.7,"stars_overall":4,"stars_achievement":5,"pi_pct":99.5,"stars_progress":2,"stars_gap":4,"stars_early_lit":null,"grad4":null,"stars_ccwmr":null,"affiliation":null,"st_ratio":null,"tuition_low":null,"tuition_high":null,"tuition_year":null,"tuition_basis":null,"edchoice":null,"tuition_source":null,"tuition_status":null,"tuition_notes":null,"demo_year":"2024-25","faith":"secular","website":null,"district_website":"https://www.rrcs.org/"},"geometry":{"type":"Point","coordinates":[-81.84242,41.47592]}},{"type":"Feature","properties":{"id":"irn:139287","name":"Central Intermediate School","sector":"public","kind":"district","district_irn":44974,"district":"Wadsworth City","address":"151 Main St Wadsworth, OH 44281","grades":"5-6","grades_guessed":false,"lo":5,"hi":6,"elem":1,"mid":1,"high":0,"enrollment":606,"pct_white":91.7,"pct_black":0,"pct_hispanic":3.9,"pct_asian":0,"pct_multi":2.7,"pct_other":0,"econ_dis_pct":31.8,"attendance":94.7,"chronic_abs":10.9,"stars_overall":4.5,"stars_achievement":4,"pi_pct":87.1,"stars_progress":4,"stars_gap":4,"stars_early_lit":null,"grad4":null,"stars_ccwmr":null,"affiliation":null,"st_ratio":null,"tuition_low":null,"tuition_high":null,"tuition_year":null,"tuition_basis":null,"edchoice":null,"tuition_source":null,"tuition_status":null,"tuition_notes":null,"demo_year":"2024-25","faith":"secular","website":null,"district_website":"https://www.wadsworthschools.org/"},"geometry":{"type":"Point","coordinates":[-81.728774,41.024129]}},{"type":"Feature","properties":{"id":"irn:16360","name":"Independence Primary School","sector":"public","kind":"district","district_irn":46565,"district":"Independence Local","address":"7600 Hillside Rd Independence, OH 44131","grades":"PK-4","grades_guessed":false,"lo":0,"hi":4,"elem":1,"mid":0,"high":0,"enrollment":440,"pct_white":86.5,"pct_black":0,"pct_hispanic":4.3,"pct_asian":4.3,"pct_multi":4.4,"pct_other":0,"econ_dis_pct":13.2,"attendance":94.8,"chronic_abs":8.6,"stars_overall":5,"stars_achievement":5,"pi_pct":94.2,"stars_progress":5,"stars_gap":5,"stars_early_lit":5,"grad4":null,"stars_ccwmr":null,"affiliation":null,"st_ratio":null,"tuition_low":null,"tuition_high":null,"tuition_year":null,"tuition_basis":null,"edchoice":null,"tuition_source":null,"tuition_status":null,"tuition_notes":null,"demo_year":"2024-25","faith":"secular","website":null,"district_website":"https://www.independence.k12.oh.us/"},"geometry":{"type":"Point","coordinates":[-81.634643,41.369039]}},{"type":"Feature","properties":{"id":"irn:31849","name":"Ritzman Community Learning Center","sector":"public","kind":"district","district_irn":43489,"district":"Akron City","address":"629 Canton Rd Akron, OH 44312","grades":"PK-5","grades_guessed":false,"lo":0,"hi":5,"elem":1,"mid":0,"high":0,"enrollment":322,"pct_white":55.7,"pct_black":25.3,"pct_hispanic":4.1,"pct_asian":3.4,"pct_multi":11.2,"pct_other":0,"econ_dis_pct":100,"attendance":91.6,"chronic_abs":29.9,"stars_overall":3.5,"stars_achievement":3,"pi_pct":77,"stars_progress":3,"stars_gap":3,"stars_early_lit":3,"grad4":null,"stars_ccwmr":null,"affiliation":null,"st_ratio":null,"tuition_low":null,"tuition_high":null,"tuition_year":null,"tuition_basis":null,"edchoice":null,"tuition_source":null,"tuition_status":null,"tuition_notes":null,"demo_year":"2024-25","faith":"secular","website":"https://www.akronschools.com","district_website":"https://www.akronschools.com/"},"geometry":{"type":"Point","coordinates":[-81.436471,41.046698]}},{"type":"Feature","properties":{"id":"irn:30700","name":"Preston Elementary School","sector":"public","kind":"district","district_irn":43836,"district":"Cuyahoga Falls City School District","address":"800 Tallmadge Rd Cuyahoga Falls, OH 44221","grades":"K-5","grades_guessed":false,"lo":0,"hi":5,"elem":1,"mid":0,"high":0,"enrollment":240,"pct_white":53.9,"pct_black":17.9,"pct_hispanic":0,"pct_asian":12.9,"pct_multi":10.8,"pct_other":0,"econ_dis_pct":73.5,"attendance":94,"chronic_abs":15.1,"stars_overall":3,"stars_achievement":3,"pi_pct":75.1,"stars_progress":2,"stars_gap":4,"stars_early_lit":3,"grad4":null,"stars_ccwmr":null,"affiliation":null,"st_ratio":null,"tuition_low":null,"tuition_high":null,"tuition_year":null,"tuition_basis":null,"edchoice":null,"tuition_source":null,"tuition_status":null,"tuition_notes":null,"demo_year":"2024-25","faith":"secular","website":null,"district_website":"https://www.cfalls.org/"},"geometry":{"type":"Point","coordinates":[-81.47354,41.124125]}},{"type":"Feature","properties":{"id":"irn:31963","name":"Riverside School","sector":"public","kind":"district","district_irn":43786,"district":"Cleveland Municipal","address":"14601 Montrose Ave Cleveland, OH 44111","grades":"PK-8","grades_guessed":false,"lo":0,"hi":8,"elem":1,"mid":1,"high":0,"enrollment":507,"pct_white":49.3,"pct_black":22.2,"pct_hispanic":17.3,"pct_asian":4.5,"pct_multi":5.6,"pct_other":0,"econ_dis_pct":100,"attendance":91,"chronic_abs":31.7,"stars_overall":3.5,"stars_achievement":2,"pi_pct":68.2,"stars_progress":4,"stars_gap":4,"stars_early_lit":2,"grad4":null,"stars_ccwmr":null,"affiliation":null,"st_ratio":null,"tuition_low":null,"tuition_high":null,"tuition_year":null,"tuition_basis":null,"edchoice":null,"tuition_source":null,"tuition_status":null,"tuition_notes":null,"demo_year":"2024-25","faith":"secular","website":null,"district_website":"https://www.clevelandmetroschools.org/"},"geometry":{"type":"Point","coordinates":[-81.79697,41.46434]}},{"type":"Feature","properties":{"id":"irn:3103","name":"Bolich Middle School","sector":"public","kind":"district","district_irn":43836,"district":"Cuyahoga Falls City School District","address":"2630 13th St Cuyahoga Falls, OH 44223","grades":"6-8","grades_guessed":false,"lo":6,"hi":8,"elem":0,"mid":1,"high":0,"enrollment":506,"pct_white":63.2,"pct_black":11.4,"pct_hispanic":5.6,"pct_asian":10,"pct_multi":9.9,"pct_other":0,"econ_dis_pct":67.5,"attendance":91.7,"chronic_abs":22.9,"stars_overall":3,"stars_achievement":3,"pi_pct":70.6,"stars_progress":2,"stars_gap":3,"stars_early_lit":null,"grad4":null,"stars_ccwmr":null,"affiliation":null,"st_ratio":null,"tuition_low":null,"tuition_high":null,"tuition_year":null,"tuition_basis":null,"edchoice":null,"tuition_source":null,"tuition_status":null,"tuition_notes":null,"demo_year":"2024-25","faith":"secular","website":"https://www.cfalls.org","district_website":"https://www.cfalls.org/"},"geometry":{"type":"Point","coordinates":[-81.49886,41.145236]}},{"type":"Feature","properties":{"id":"irn:1057","name":"Joseph V. Regano Early Learning Center","sector":"public","kind":"district","district_irn":46607,"district":"Solon City","address":"6545 Som Center Rd Solon, OH 44139","grades":"K-5","grades_guessed":true,"lo":0,"hi":5,"elem":1,"mid":0,"high":0,"enrollment":null,"pct_white":null,"pct_black":null,"pct_hispanic":null,"pct_asian":null,"pct_multi":null,"pct_other":null,"econ_dis_pct":null,"attendance":null,"chronic_abs":null,"stars_overall":null,"stars_achievement":null,"pi_pct":null,"stars_progress":null,"stars_gap":null,"stars_early_lit":null,"grad4":null,"stars_ccwmr":null,"affiliation":null,"st_ratio":null,"tuition_low":null,"tuition_high":null,"tuition_year":null,"tuition_basis":null,"edchoice":null,"tuition_source":null,"tuition_status":null,"tuition_notes":null,"demo_year":"2024-25","faith":"secular","website":null,"district_website":"https://www.solonschools.org/"},"geometry":{"type":"Point","coordinates":[-81.43714,41.38101]}},{"type":"Feature","properties":{"id":"irn:61291","name":"Kimpton Middle School","sector":"public","kind":"district","district_irn":44834,"district":"Stow-Munroe Falls City School District","address":"380 N River Rd Munroe Falls, OH 44262","grades":"7-8","grades_guessed":false,"lo":7,"hi":8,"elem":0,"mid":1,"high":0,"enrollment":774,"pct_white":80.1,"pct_black":7.4,"pct_hispanic":3.1,"pct_asian":4.6,"pct_multi":4.6,"pct_other":0,"econ_dis_pct":41,"attendance":92.5,"chronic_abs":22.3,"stars_overall":3.5,"stars_achievement":4,"pi_pct":82,"stars_progress":3,"stars_gap":3,"stars_early_lit":null,"grad4":null,"stars_ccwmr":null,"affiliation":null,"st_ratio":null,"tuition_low":null,"tuition_high":null,"tuition_year":null,"tuition_basis":null,"edchoice":null,"tuition_source":null,"tuition_status":null,"tuition_notes":null,"demo_year":"2024-25","faith":"secular","website":null,"district_website":"https://www.smfschools.org/"},"geometry":{"type":"Point","coordinates":[-81.42547,41.14852]}},{"type":"Feature","properties":{"id":"irn:36558","name":"Surrarrer Elementary School","sector":"public","kind":"district","district_irn":44842,"district":"Strongsville City","address":"9306 Priem Rd Strongsville, OH 44149","grades":"K-5","grades_guessed":false,"lo":0,"hi":5,"elem":1,"mid":0,"high":0,"enrollment":389,"pct_white":79.1,"pct_black":0,"pct_hispanic":7.4,"pct_asian":9,"pct_multi":0,"pct_other":0,"econ_dis_pct":18.8,"attendance":94.9,"chronic_abs":9.8,"stars_overall":4,"stars_achievement":5,"pi_pct":91.2,"stars_progress":2,"stars_gap":5,"stars_early_lit":3,"grad4":null,"stars_ccwmr":null,"affiliation":null,"st_ratio":null,"tuition_low":null,"tuition_high":null,"tuition_year":null,"tuition_basis":null,"edchoice":null,"tuition_source":null,"tuition_status":null,"tuition_notes":null,"demo_year":"2024-25","faith":"secular","website":null,"district_website":"https://www.scsmustangs.org/"},"geometry":{"type":"Point","coordinates":[-81.87006,41.34187]}},{"type":"Feature","properties":{"id":"irn:3400","name":"Ballard Brady Middle School","sector":"public","kind":"district","district_irn":46581,"district":"Orange City","address":"32000 Chagrin Blvd Pepper Pike, OH 44124","grades":"6-8","grades_guessed":false,"lo":6,"hi":8,"elem":0,"mid":1,"high":0,"enrollment":463,"pct_white":65.1,"pct_black":13.2,"pct_hispanic":2.8,"pct_asian":10.2,"pct_multi":8.7,"pct_other":0,"econ_dis_pct":15.2,"attendance":95.9,"chronic_abs":5.3,"stars_overall":5,"stars_achievement":5,"pi_pct":96.1,"stars_progress":5,"stars_gap":5,"stars_early_lit":null,"grad4":null,"stars_ccwmr":null,"affiliation":null,"st_ratio":null,"tuition_low":null,"tuition_high":null,"tuition_year":null,"tuition_basis":null,"edchoice":null,"tuition_source":null,"tuition_status":null,"tuition_notes":null,"demo_year":"2024-25","faith":"secular","website":null,"district_website":"https://www.orangeschools.org/"},"geometry":{"type":"Point","coordinates":[-81.455034,41.459252]}},{"type":"Feature","properties":{"id":"irn:23325","name":"Mayfield High School","sector":"public","kind":"district","district_irn":44370,"district":"Mayfield City","address":"6116 Wilson Mills Rd Cleveland, OH 44143","grades":"9-12","grades_guessed":false,"lo":9,"hi":12,"elem":0,"mid":0,"high":1,"enrollment":1257,"pct_white":58.8,"pct_black":22,"pct_hispanic":6.3,"pct_asian":7,"pct_multi":5.9,"pct_other":0,"econ_dis_pct":30.7,"attendance":91.9,"chronic_abs":27.3,"stars_overall":5,"stars_achievement":4,"pi_pct":85.2,"stars_progress":5,"stars_gap":5,"stars_early_lit":null,"grad4":98.3,"stars_ccwmr":4,"affiliation":null,"st_ratio":null,"tuition_low":null,"tuition_high":null,"tuition_year":null,"tuition_basis":null,"edchoice":null,"tuition_source":null,"tuition_status":null,"tuition_notes":null,"demo_year":"2024-25","faith":"secular","website":null,"district_website":"https://www.mayfieldschools.org/"},"geometry":{"type":"Point","coordinates":[-81.45962,41.53792]}},{"type":"Feature","properties":{"id":"irn:31211","name":"Redwood Elementary School","sector":"public","kind":"district","district_irn":48124,"district":"Avon Lake City","address":"32967 Redwood Blvd Avon Lake, OH 44012","grades":"PK-4","grades_guessed":false,"lo":0,"hi":4,"elem":1,"mid":0,"high":0,"enrollment":393,"pct_white":87.3,"pct_black":0,"pct_hispanic":4.5,"pct_asian":0,"pct_multi":5.6,"pct_other":0,"econ_dis_pct":15.7,"attendance":94.6,"chronic_abs":10.1,"stars_overall":4,"stars_achievement":5,"pi_pct":97,"stars_progress":1,"stars_gap":5,"stars_early_lit":5,"grad4":null,"stars_ccwmr":null,"affiliation":null,"st_ratio":null,"tuition_low":null,"tuition_high":null,"tuition_year":null,"tuition_basis":null,"edchoice":null,"tuition_source":null,"tuition_status":null,"tuition_notes":null,"demo_year":"2024-25","faith":"secular","website":null,"district_website":"https://www.avonlakecityschools.org/"},"geometry":{"type":"Point","coordinates":[-82.02866,41.50116]}},{"type":"Feature","properties":{"id":"irn:3202","name":"Woodridge Middle School","sector":"public","kind":"district","district_irn":49973,"district":"Woodridge Local","address":"4451 Quick Rd Peninsula, OH 44264","grades":"6-8","grades_guessed":false,"lo":6,"hi":8,"elem":0,"mid":1,"high":0,"enrollment":404,"pct_white":58.1,"pct_black":24.9,"pct_hispanic":5.9,"pct_asian":3.2,"pct_multi":7.9,"pct_other":0,"econ_dis_pct":59.9,"attendance":91.4,"chronic_abs":28.7,"stars_overall":4.5,"stars_achievement":3,"pi_pct":77.9,"stars_progress":5,"stars_gap":4,"stars_early_lit":null,"grad4":null,"stars_ccwmr":null,"affiliation":null,"st_ratio":null,"tuition_low":null,"tuition_high":null,"tuition_year":null,"tuition_basis":null,"edchoice":null,"tuition_source":null,"tuition_status":null,"tuition_notes":null,"demo_year":"2024-25","faith":"secular","website":"http://www.woodridge.k12.oh.us/middleschool/wms.htm","district_website":"https://www.woodridge.us/"},"geometry":{"type":"Point","coordinates":[-81.509421,41.192983]}},{"type":"Feature","properties":{"id":"irn:17509","name":"Hawthorne Elementary School","sector":"public","kind":"district","district_irn":44263,"district":"Lorain City","address":"610 W 20th St Lorain, OH 44052","grades":"PK-5","grades_guessed":false,"lo":0,"hi":5,"elem":1,"mid":0,"high":0,"enrollment":222,"pct_white":21.9,"pct_black":23.5,"pct_hispanic":40.4,"pct_asian":0,"pct_multi":14.2,"pct_other":0,"econ_dis_pct":100,"attendance":89,"chronic_abs":48.4,"stars_overall":2,"stars_achievement":2,"pi_pct":51.7,"stars_progress":2,"stars_gap":2,"stars_early_lit":1,"grad4":null,"stars_ccwmr":null,"affiliation":null,"st_ratio":null,"tuition_low":null,"tuition_high":null,"tuition_year":null,"tuition_basis":null,"edchoice":null,"tuition_source":null,"tuition_status":null,"tuition_notes":null,"demo_year":"2024-25","faith":"secular","website":null,"district_website":"https://www.lorainschools.org/"},"geometry":{"type":"Point","coordinates":[-82.173249,41.451875]}},{"type":"Feature","properties":{"id":"irn:20164","name":"Falls-Lenox Primary Elementary School","sector":"public","kind":"district","district_irn":46573,"district":"Olmsted Falls City","address":"26450 Bagley Rd Olmsted Falls, OH 44138","grades":"1-3","grades_guessed":false,"lo":1,"hi":3,"elem":1,"mid":0,"high":0,"enrollment":701,"pct_white":83.8,"pct_black":0,"pct_hispanic":7.8,"pct_asian":2.3,"pct_multi":5.1,"pct_other":0,"econ_dis_pct":26.8,"attendance":94.7,"chronic_abs":12.5,"stars_overall":4,"stars_achievement":4,"pi_pct":83.4,"stars_progress":null,"stars_gap":5,"stars_early_lit":3,"grad4":null,"stars_ccwmr":null,"affiliation":null,"st_ratio":null,"tuition_low":null,"tuition_high":null,"tuition_year":null,"tuition_basis":null,"edchoice":null,"tuition_source":null,"tuition_status":null,"tuition_notes":null,"demo_year":"2024-25","faith":"secular","website":null,"district_website":"https://www.ofcs.net/"},"geometry":{"type":"Point","coordinates":[-81.91448,41.37333]}},{"type":"Feature","properties":{"id":"irn:21279","name":"Lomond Elementary School","sector":"public","kind":"district","district_irn":44750,"district":"Shaker Heights City","address":"17917 Lomond Blvd Shaker Heights, OH 44122","grades":"K-5","grades_guessed":false,"lo":0,"hi":5,"elem":1,"mid":0,"high":0,"enrollment":466,"pct_white":28.3,"pct_black":48.9,"pct_hispanic":5.9,"pct_asian":0,"pct_multi":15.4,"pct_other":0,"econ_dis_pct":46.6,"attendance":93.2,"chronic_abs":19.3,"stars_overall":3,"stars_achievement":3,"pi_pct":75.9,"stars_progress":2,"stars_gap":3,"stars_early_lit":3,"grad4":null,"stars_ccwmr":null,"affiliation":null,"st_ratio":null,"tuition_low":null,"tuition_high":null,"tuition_year":null,"tuition_basis":null,"edchoice":null,"tuition_source":null,"tuition_status":null,"tuition_notes":null,"demo_year":"2024-25","faith":"secular","website":null,"district_website":"https://www.shaker.org/"},"geometry":{"type":"Point","coordinates":[-81.55364,41.46021]}},{"type":"Feature","properties":{"id":"irn:38927","name":"Wade Park","sector":"public","kind":"district","district_irn":43786,"district":"Cleveland Municipal","address":"7600 Wade Park Ave Cleveland, OH 44103","grades":"PK-8","grades_guessed":false,"lo":0,"hi":8,"elem":1,"mid":1,"high":0,"enrollment":343,"pct_white":0,"pct_black":97.9,"pct_hispanic":0,"pct_asian":0,"pct_multi":0,"pct_other":0,"econ_dis_pct":100,"attendance":83.8,"chronic_abs":59.5,"stars_overall":2,"stars_achievement":1,"pi_pct":40.1,"stars_progress":2,"stars_gap":3,"stars_early_lit":1,"grad4":null,"stars_ccwmr":null,"affiliation":null,"st_ratio":null,"tuition_low":null,"tuition_high":null,"tuition_year":null,"tuition_basis":null,"edchoice":null,"tuition_source":null,"tuition_status":null,"tuition_notes":null,"demo_year":"2024-25","faith":"secular","website":null,"district_website":"https://www.clevelandmetroschools.org/"},"geometry":{"type":"Point","coordinates":[-81.63476,41.51553]}},{"type":"Feature","properties":{"id":"irn:11130","name":"Judith A Resnik Community Learning Center","sector":"public","kind":"district","district_irn":43489,"district":"Akron City","address":"65 N Meadowcroft Dr Akron, OH 44313","grades":"K-5","grades_guessed":false,"lo":0,"hi":5,"elem":1,"mid":0,"high":0,"enrollment":365,"pct_white":26.9,"pct_black":53.8,"pct_hispanic":6.3,"pct_asian":0,"pct_multi":12.2,"pct_other":0,"econ_dis_pct":100,"attendance":92.8,"chronic_abs":22.5,"stars_overall":3.5,"stars_achievement":3,"pi_pct":72,"stars_progress":3,"stars_gap":4,"stars_early_lit":3,"grad4":null,"stars_ccwmr":null,"affiliation":null,"st_ratio":null,"tuition_low":null,"tuition_high":null,"tuition_year":null,"tuition_basis":null,"edchoice":null,"tuition_source":null,"tuition_status":null,"tuition_notes":null,"demo_year":"2024-25","faith":"secular","website":"https://www.akronschools.com","district_website":"https://www.akronschools.com/"},"geometry":{"type":"Point","coordinates":[-81.583234,41.117013]}},{"type":"Feature","properties":{"id":"irn:42614","name":"Beachwood Middle School","sector":"public","kind":"district","district_irn":43554,"district":"Beachwood City","address":"2860 Richmond Rd Beachwood, OH 44122","grades":"6-8","grades_guessed":false,"lo":6,"hi":8,"elem":0,"mid":1,"high":0,"enrollment":334,"pct_white":40.3,"pct_black":28.1,"pct_hispanic":5.8,"pct_asian":19.3,"pct_multi":6.3,"pct_other":0,"econ_dis_pct":19.3,"attendance":94.7,"chronic_abs":11.1,"stars_overall":5,"stars_achievement":5,"pi_pct":97.2,"stars_progress":4,"stars_gap":5,"stars_early_lit":null,"grad4":null,"stars_ccwmr":null,"affiliation":null,"st_ratio":null,"tuition_low":null,"tuition_high":null,"tuition_year":null,"tuition_basis":null,"edchoice":null,"tuition_source":null,"tuition_status":null,"tuition_notes":null,"demo_year":"2024-25","faith":"secular","website":null,"district_website":"https://www.beachwoodschools.org/"},"geometry":{"type":"Point","coordinates":[-81.50018,41.48064]}},{"type":"Feature","properties":{"id":"irn:31583","name":"Richmond Heights High School","sector":"public","kind":"district","district_irn":46599,"district":"Richmond Heights Local","address":"447 Richmond Rd Richmond Heights, OH 44143","grades":"9-12","grades_guessed":false,"lo":9,"hi":12,"elem":0,"mid":0,"high":1,"enrollment":244,"pct_white":0,"pct_black":86.5,"pct_hispanic":5.6,"pct_asian":0,"pct_multi":0,"pct_other":0,"econ_dis_pct":61.4,"attendance":91.3,"chronic_abs":31.6,"stars_overall":4,"stars_achievement":2,"pi_pct":69.6,"stars_progress":5,"stars_gap":3,"stars_early_lit":null,"grad4":95.2,"stars_ccwmr":1,"affiliation":null,"st_ratio":null,"tuition_low":null,"tuition_high":null,"tuition_year":null,"tuition_basis":null,"edchoice":null,"tuition_source":null,"tuition_status":null,"tuition_notes":null,"demo_year":"2024-25","faith":"secular","website":null,"district_website":"https://www.richmondheightsschools.org/"},"geometry":{"type":"Point","coordinates":[-81.496893,41.5541]}},{"type":"Feature","properties":{"id":"irn:31617","name":"Ridge-Brook Elementary School","sector":"public","kind":"district","district_irn":44636,"district":"Parma City","address":"7915 Manhattan Ave Parma, OH 44129","grades":"K-4","grades_guessed":false,"lo":0,"hi":4,"elem":1,"mid":0,"high":0,"enrollment":349,"pct_white":58.2,"pct_black":15,"pct_hispanic":11.6,"pct_asian":4.9,"pct_multi":10.3,"pct_other":0,"econ_dis_pct":100,"attendance":93.3,"chronic_abs":14.9,"stars_overall":4,"stars_achievement":3,"pi_pct":77.3,"stars_progress":5,"stars_gap":5,"stars_early_lit":2,"grad4":null,"stars_ccwmr":null,"affiliation":null,"st_ratio":null,"tuition_low":null,"tuition_high":null,"tuition_year":null,"tuition_basis":null,"edchoice":null,"tuition_source":null,"tuition_status":null,"tuition_notes":null,"demo_year":"2024-25","faith":"secular","website":"https://ridgebrook.parmacityschools.org/","district_website":"https://www.parmacityschools.org/"},"geometry":{"type":"Point","coordinates":[-81.739512,41.416049]}},{"type":"Feature","properties":{"id":"irn:6353","name":"Clara E Westropp School","sector":"public","kind":"district","district_irn":43786,"district":"Cleveland Municipal","address":"19101 Puritas Ave Cleveland, OH 44135","grades":"PK-8","grades_guessed":false,"lo":0,"hi":8,"elem":1,"mid":1,"high":0,"enrollment":413,"pct_white":29.2,"pct_black":38.4,"pct_hispanic":21.1,"pct_asian":5.8,"pct_multi":5.4,"pct_other":0,"econ_dis_pct":100,"attendance":81.8,"chronic_abs":60.1,"stars_overall":2.5,"stars_achievement":2,"pi_pct":58.3,"stars_progress":3,"stars_gap":2,"stars_early_lit":2,"grad4":null,"stars_ccwmr":null,"affiliation":null,"st_ratio":null,"tuition_low":null,"tuition_high":null,"tuition_year":null,"tuition_basis":null,"edchoice":null,"tuition_source":null,"tuition_status":null,"tuition_notes":null,"demo_year":"2024-25","faith":"secular","website":null,"district_website":"https://www.clevelandmetroschools.org/"},"geometry":{"type":"Point","coordinates":[-81.832079,41.434033]}},{"type":"Feature","properties":{"id":"irn:28993","name":"Oxford Elementary School","sector":"public","kind":"district","district_irn":43794,"district":"Cleveland Heights-University Heights City","address":"939 Quilliams Rd Cleveland Heights, OH 44121","grades":"PK-5","grades_guessed":false,"lo":0,"hi":5,"elem":1,"mid":0,"high":0,"enrollment":268,"pct_white":0,"pct_black":90.4,"pct_hispanic":0,"pct_asian":0,"pct_multi":0,"pct_other":0,"econ_dis_pct":100,"attendance":92.2,"chronic_abs":23.4,"stars_overall":2.5,"stars_achievement":2,"pi_pct":61.5,"stars_progress":2,"stars_gap":3,"stars_early_lit":2,"grad4":null,"stars_ccwmr":null,"affiliation":null,"st_ratio":null,"tuition_low":null,"tuition_high":null,"tuition_year":null,"tuition_basis":null,"edchoice":null,"tuition_source":null,"tuition_status":null,"tuition_notes":null,"demo_year":"2024-25","faith":"secular","website":null,"district_website":"https://www.chuh.org/"},"geometry":{"type":"Point","coordinates":[-81.54612,41.534694]}},{"type":"Feature","properties":{"id":"irn:5561","name":"Central Primary School","sector":"public","kind":"district","district_irn":43562,"district":"Bedford City","address":"799 Washington St Bedford, OH 44146","grades":"PK-2","grades_guessed":false,"lo":0,"hi":2,"elem":1,"mid":0,"high":0,"enrollment":404,"pct_white":6.1,"pct_black":72.2,"pct_hispanic":12.1,"pct_asian":0,"pct_multi":8.7,"pct_other":0,"econ_dis_pct":98.1,"attendance":90.7,"chronic_abs":31.4,"stars_overall":2.5,"stars_achievement":null,"pi_pct":null,"stars_progress":null,"stars_gap":4,"stars_early_lit":1,"grad4":null,"stars_ccwmr":null,"affiliation":null,"st_ratio":null,"tuition_low":null,"tuition_high":null,"tuition_year":null,"tuition_basis":null,"edchoice":null,"tuition_source":null,"tuition_status":null,"tuition_notes":null,"demo_year":"2024-25","faith":"secular","website":null,"district_website":"https://www.bedford.k12.oh.us/"},"geometry":{"type":"Point","coordinates":[-81.531,41.39025]}},{"type":"Feature","properties":{"id":"irn:8060","name":"Daniel E Morgan School","sector":"public","kind":"district","district_irn":43786,"district":"Cleveland Municipal","address":"8912 Morris Ct Cleveland, OH 44106","grades":"PK-8","grades_guessed":false,"lo":0,"hi":8,"elem":1,"mid":1,"high":0,"enrollment":283,"pct_white":0,"pct_black":94.9,"pct_hispanic":0,"pct_asian":0,"pct_multi":0,"pct_other":0,"econ_dis_pct":100,"attendance":87.3,"chronic_abs":41.7,"stars_overall":3,"stars_achievement":2,"pi_pct":50.4,"stars_progress":4,"stars_gap":4,"stars_early_lit":1,"grad4":null,"stars_ccwmr":null,"affiliation":null,"st_ratio":null,"tuition_low":null,"tuition_high":null,"tuition_year":null,"tuition_basis":null,"edchoice":null,"tuition_source":null,"tuition_status":null,"tuition_notes":null,"demo_year":"2024-25","faith":"secular","website":null,"district_website":"https://www.clevelandmetroschools.org/"},"geometry":{"type":"Point","coordinates":[-81.625393,41.517372]}},{"type":"Feature","properties":{"id":"irn:36475","name":"Sunbeam","sector":"public","kind":"district","district_irn":43786,"district":"Cleveland Municipal","address":"11731 Mount Overlook Ave Cleveland, OH 44120","grades":"PK-8","grades_guessed":false,"lo":0,"hi":8,"elem":1,"mid":1,"high":0,"enrollment":452,"pct_white":4.9,"pct_black":89.8,"pct_hispanic":2.7,"pct_asian":0,"pct_multi":2.5,"pct_other":0,"econ_dis_pct":100,"attendance":86.6,"chronic_abs":50.4,"stars_overall":2.5,"stars_achievement":1,"pi_pct":39.8,"stars_progress":3,"stars_gap":2,"stars_early_lit":1,"grad4":null,"stars_ccwmr":null,"affiliation":null,"st_ratio":null,"tuition_low":null,"tuition_high":null,"tuition_year":null,"tuition_basis":null,"edchoice":null,"tuition_source":null,"tuition_status":null,"tuition_notes":null,"demo_year":"2024-25","faith":"secular","website":null,"district_website":"https://www.clevelandmetroschools.org/"},"geometry":{"type":"Point","coordinates":[-81.6008,41.49003]}},{"type":"Feature","properties":{"id":"irn:38653","name":"West Geauga High School","sector":"public","kind":"district","district_irn":47225,"district":"West Geauga Local","address":"13401 Chillicothe Rd Chesterland, OH 44026","grades":"9-12","grades_guessed":false,"lo":9,"hi":12,"elem":0,"mid":0,"high":1,"enrollment":603,"pct_white":89.3,"pct_black":0,"pct_hispanic":4.7,"pct_asian":0,"pct_multi":3.4,"pct_other":0,"econ_dis_pct":16.5,"attendance":94,"chronic_abs":13.2,"stars_overall":5,"stars_achievement":5,"pi_pct":99.5,"stars_progress":5,"stars_gap":5,"stars_early_lit":null,"grad4":98.8,"stars_ccwmr":3,"affiliation":null,"st_ratio":null,"tuition_low":null,"tuition_high":null,"tuition_year":null,"tuition_basis":null,"edchoice":null,"tuition_source":null,"tuition_status":null,"tuition_notes":null,"demo_year":"2024-25","faith":"secular","website":null,"district_website":"https://www.wgschools.org/"},"geometry":{"type":"Point","coordinates":[-81.33766,41.50311]}},{"type":"Feature","properties":{"id":"irn:34579","name":"Sidney Fenn Elementary School","sector":"public","kind":"district","district_irn":44388,"district":"Medina City SD","address":"320 N Spring Grove St Medina, OH 44256","grades":"K-5","grades_guessed":false,"lo":0,"hi":5,"elem":1,"mid":0,"high":0,"enrollment":604,"pct_white":83.1,"pct_black":3.3,"pct_hispanic":5.1,"pct_asian":0,"pct_multi":7,"pct_other":0,"econ_dis_pct":28.9,"attendance":95,"chronic_abs":7.6,"stars_overall":4.5,"stars_achievement":5,"pi_pct":92.8,"stars_progress":3,"stars_gap":5,"stars_early_lit":4,"grad4":null,"stars_ccwmr":null,"affiliation":null,"st_ratio":null,"tuition_low":null,"tuition_high":null,"tuition_year":null,"tuition_basis":null,"edchoice":null,"tuition_source":null,"tuition_status":null,"tuition_notes":null,"demo_year":"2024-25","faith":"secular","website":"https://www.medinabees.org","district_website":"https://www.medinabees.org/"},"geometry":{"type":"Point","coordinates":[-81.854658,41.142613]}},{"type":"Feature","properties":{"id":"irn:33902","name":"Scranton School","sector":"public","kind":"district","district_irn":43786,"district":"Cleveland Municipal","address":"1991 Barber Ave Cleveland, OH 44113","grades":"PK-8","grades_guessed":false,"lo":0,"hi":8,"elem":1,"mid":1,"high":0,"enrollment":491,"pct_white":11.4,"pct_black":21.9,"pct_hispanic":63.9,"pct_asian":0,"pct_multi":0,"pct_other":0,"econ_dis_pct":100,"attendance":86.8,"chronic_abs":50.7,"stars_overall":3.5,"stars_achievement":2,"pi_pct":59.4,"stars_progress":5,"stars_gap":3,"stars_early_lit":1,"grad4":null,"stars_ccwmr":null,"affiliation":null,"st_ratio":null,"tuition_low":null,"tuition_high":null,"tuition_year":null,"tuition_basis":null,"edchoice":null,"tuition_source":null,"tuition_status":null,"tuition_notes":null,"demo_year":"2024-25","faith":"secular","website":null,"district_website":"https://www.clevelandmetroschools.org/"},"geometry":{"type":"Point","coordinates":[-81.696479,41.475309]}},{"type":"Feature","properties":{"id":"irn:65565","name":"Marion C Seltzer Elementary School","sector":"public","kind":"district","district_irn":43786,"district":"Cleveland Municipal","address":"1468 W 98th St Cleveland, OH 44102","grades":"PK-8","grades_guessed":false,"lo":0,"hi":8,"elem":1,"mid":1,"high":0,"enrollment":369,"pct_white":16.8,"pct_black":39.9,"pct_hispanic":39.4,"pct_asian":0,"pct_multi":0,"pct_other":0,"econ_dis_pct":100,"attendance":86.4,"chronic_abs":46.7,"stars_overall":2.5,"stars_achievement":1,"pi_pct":47.2,"stars_progress":3,"stars_gap":2,"stars_early_lit":1,"grad4":null,"stars_ccwmr":null,"affiliation":null,"st_ratio":null,"tuition_low":null,"tuition_high":null,"tuition_year":null,"tuition_basis":null,"edchoice":null,"tuition_source":null,"tuition_status":null,"tuition_notes":null,"demo_year":"2024-25","faith":"secular","website":null,"district_website":"https://www.clevelandmetroschools.org/"},"geometry":{"type":"Point","coordinates":[-81.751166,41.47793]}},{"type":"Feature","properties":{"id":"irn:17285","name":"Independence High School","sector":"public","kind":"district","district_irn":46565,"district":"Independence Local","address":"6001 Archwood Rd Independence, OH 44131","grades":"9-12","grades_guessed":false,"lo":9,"hi":12,"elem":0,"mid":0,"high":1,"enrollment":276,"pct_white":87.9,"pct_black":0,"pct_hispanic":0,"pct_asian":0,"pct_multi":6.1,"pct_other":0,"econ_dis_pct":12.1,"attendance":92.7,"chronic_abs":24.1,"stars_overall":4.5,"stars_achievement":5,"pi_pct":91.2,"stars_progress":3,"stars_gap":3,"stars_early_lit":null,"grad4":95.2,"stars_ccwmr":4,"affiliation":null,"st_ratio":null,"tuition_low":null,"tuition_high":null,"tuition_year":null,"tuition_basis":null,"edchoice":null,"tuition_source":null,"tuition_status":null,"tuition_notes":null,"demo_year":"2024-25","faith":"secular","website":null,"district_website":"https://www.independence.k12.oh.us/"},"geometry":{"type":"Point","coordinates":[-81.648003,41.372822]}},{"type":"Feature","properties":{"id":"irn:19273","name":"Knollwood Elementary School","sector":"public","kind":"district","district_irn":44768,"district":"Sheffield-Sheffield Lake City","address":"4975 Oster Rd Sheffield Village, OH 44054","grades":"1-2","grades_guessed":false,"lo":1,"hi":2,"elem":1,"mid":0,"high":0,"enrollment":201,"pct_white":79.3,"pct_black":0,"pct_hispanic":10.4,"pct_asian":0,"pct_multi":8.2,"pct_other":0,"econ_dis_pct":49.2,"attendance":93.5,"chronic_abs":17.5,"stars_overall":3,"stars_achievement":null,"pi_pct":null,"stars_progress":null,"stars_gap":4,"stars_early_lit":1,"grad4":null,"stars_ccwmr":null,"affiliation":null,"st_ratio":null,"tuition_low":null,"tuition_high":null,"tuition_year":null,"tuition_basis":null,"edchoice":null,"tuition_source":null,"tuition_status":null,"tuition_notes":null,"demo_year":"2024-25","faith":"secular","website":null,"district_website":"https://www.sheffieldschools.org/"},"geometry":{"type":"Point","coordinates":[-82.08598,41.48307]}},{"type":"Feature","properties":{"id":"irn:18259","name":"Jennings Community Learning Center","sector":"public","kind":"district","district_irn":43489,"district":"Akron City","address":"227 E Tallmadge Ave Akron, OH 44310","grades":"6-8","grades_guessed":false,"lo":6,"hi":8,"elem":0,"mid":1,"high":0,"enrollment":854,"pct_white":10,"pct_black":33.3,"pct_hispanic":20.6,"pct_asian":29.8,"pct_multi":6.3,"pct_other":0,"econ_dis_pct":100,"attendance":88.3,"chronic_abs":37.5,"stars_overall":3,"stars_achievement":1,"pi_pct":49.2,"stars_progress":3,"stars_gap":3,"stars_early_lit":null,"grad4":null,"stars_ccwmr":null,"affiliation":null,"st_ratio":null,"tuition_low":null,"tuition_high":null,"tuition_year":null,"tuition_basis":null,"edchoice":null,"tuition_source":null,"tuition_status":null,"tuition_notes":null,"demo_year":"2024-25","faith":"secular","website":"https://www.akronschools.com","district_website":"https://www.akronschools.com/"},"geometry":{"type":"Point","coordinates":[-81.50683,41.102313]}},{"type":"Feature","properties":{"id":"irn:5942","name":"Whitney M Young","sector":"public","kind":"district","district_irn":43786,"district":"Cleveland Municipal","address":"17900 Harvard Ave Cleveland, OH 44128","grades":"PK-8","grades_guessed":false,"lo":0,"hi":8,"elem":1,"mid":1,"high":0,"enrollment":263,"pct_white":0,"pct_black":93.1,"pct_hispanic":4,"pct_asian":0,"pct_multi":0,"pct_other":0,"econ_dis_pct":100,"attendance":85.3,"chronic_abs":50.2,"stars_overall":2.5,"stars_achievement":1,"pi_pct":39.5,"stars_progress":3,"stars_gap":2,"stars_early_lit":1,"grad4":null,"stars_ccwmr":null,"affiliation":null,"st_ratio":null,"tuition_low":null,"tuition_high":null,"tuition_year":null,"tuition_basis":null,"edchoice":null,"tuition_source":null,"tuition_status":null,"tuition_notes":null,"demo_year":"2024-25","faith":"secular","website":"https://young.clevelandmetroschools.org/","district_website":"https://www.clevelandmetroschools.org/"},"geometry":{"type":"Point","coordinates":[-81.55323,41.44914]}},{"type":"Feature","properties":{"id":"irn:1024","name":"Arrowhead Primary Elementary School","sector":"public","kind":"district","district_irn":49981,"district":"Copley-Fairlawn City","address":"1600 Raleigh Blvd Copley, OH 44321","grades":"K-4","grades_guessed":false,"lo":0,"hi":4,"elem":1,"mid":0,"high":0,"enrollment":370,"pct_white":77.2,"pct_black":8,"pct_hispanic":4.5,"pct_asian":0,"pct_multi":7.6,"pct_other":0,"econ_dis_pct":26.8,"attendance":95.3,"chronic_abs":6.4,"stars_overall":5,"stars_achievement":5,"pi_pct":94.2,"stars_progress":4,"stars_gap":5,"stars_early_lit":3,"grad4":null,"stars_ccwmr":null,"affiliation":null,"st_ratio":null,"tuition_low":null,"tuition_high":null,"tuition_year":null,"tuition_basis":null,"edchoice":null,"tuition_source":null,"tuition_status":null,"tuition_notes":null,"demo_year":"2024-25","faith":"secular","website":null,"district_website":"https://www.copley-fairlawn.org/"},"geometry":{"type":"Point","coordinates":[-81.639144,41.091098]}},{"type":"Feature","properties":{"id":"irn:34132","name":"Sharon Elementary School","sector":"public","kind":"district","district_irn":48496,"district":"Highland Local","address":"6216 Ridge Rd Wadsworth, OH 44281","grades":"K-5","grades_guessed":false,"lo":0,"hi":5,"elem":1,"mid":0,"high":0,"enrollment":628,"pct_white":89,"pct_black":0,"pct_hispanic":4.5,"pct_asian":2.5,"pct_multi":3.3,"pct_other":0,"econ_dis_pct":9,"attendance":95,"chronic_abs":6.5,"stars_overall":4.5,"stars_achievement":5,"pi_pct":98.3,"stars_progress":2,"stars_gap":5,"stars_early_lit":4,"grad4":null,"stars_ccwmr":null,"affiliation":null,"st_ratio":null,"tuition_low":null,"tuition_high":null,"tuition_year":null,"tuition_basis":null,"edchoice":null,"tuition_source":null,"tuition_status":null,"tuition_notes":null,"demo_year":"2024-25","faith":"secular","website":null,"district_website":"https://www.highlandschools.org/"},"geometry":{"type":"Point","coordinates":[-81.735557,41.105907]}},{"type":"Feature","properties":{"id":"irn:363","name":"Akron Alternative Academy","sector":"public","kind":"district","district_irn":43489,"district":"Akron City","address":"65 Steiner Ave Akron, OH 44301","grades":"11-12","grades_guessed":false,"lo":11,"hi":12,"elem":0,"mid":0,"high":1,"enrollment":144,"pct_white":20.8,"pct_black":57.8,"pct_hispanic":0,"pct_asian":0,"pct_multi":11,"pct_other":0,"econ_dis_pct":100,"attendance":60.2,"chronic_abs":90.2,"stars_overall":1,"stars_achievement":2,"pi_pct":52.4,"stars_progress":null,"stars_gap":1,"stars_early_lit":null,"grad4":0,"stars_ccwmr":1,"affiliation":null,"st_ratio":null,"tuition_low":null,"tuition_high":null,"tuition_year":null,"tuition_basis":null,"edchoice":null,"tuition_source":null,"tuition_status":null,"tuition_notes":null,"demo_year":"2024-25","faith":"secular","website":null,"district_website":"https://www.akronschools.com/"},"geometry":{"type":"Point","coordinates":[-81.526733,41.055079]}},{"type":"Feature","properties":{"id":"irn:943","name":"First Step Preschool","sector":"public","kind":"district","district_irn":44636,"district":"Parma City","address":"7700 Malibu Dr Parma, OH 44130","grades":"K-5","grades_guessed":true,"lo":0,"hi":5,"elem":1,"mid":0,"high":0,"enrollment":null,"pct_white":null,"pct_black":null,"pct_hispanic":null,"pct_asian":null,"pct_multi":null,"pct_other":null,"econ_dis_pct":null,"attendance":null,"chronic_abs":null,"stars_overall":null,"stars_achievement":null,"pi_pct":null,"stars_progress":null,"stars_gap":null,"stars_early_lit":null,"grad4":null,"stars_ccwmr":null,"affiliation":null,"st_ratio":null,"tuition_low":null,"tuition_high":null,"tuition_year":null,"tuition_basis":null,"edchoice":null,"tuition_source":null,"tuition_status":null,"tuition_notes":null,"demo_year":"2024-25","faith":"secular","website":"https://firststep.parmacityschools.org/","district_website":"https://www.parmacityschools.org/"},"geometry":{"type":"Point","coordinates":[-81.768875,41.357186]}},{"type":"Feature","properties":{"id":"irn:7981","name":"Early Learning Preschool","sector":"public","kind":"district","district_irn":44842,"district":"Strongsville City","address":"19543 Lunn Rd Strongsville, OH 44149","grades":"K-5","grades_guessed":true,"lo":0,"hi":5,"elem":1,"mid":0,"high":0,"enrollment":null,"pct_white":null,"pct_black":null,"pct_hispanic":null,"pct_asian":null,"pct_multi":null,"pct_other":null,"econ_dis_pct":null,"attendance":null,"chronic_abs":null,"stars_overall":null,"stars_achievement":null,"pi_pct":null,"stars_progress":null,"stars_gap":null,"stars_early_lit":null,"grad4":null,"stars_ccwmr":null,"affiliation":null,"st_ratio":null,"tuition_low":null,"tuition_high":null,"tuition_year":null,"tuition_basis":null,"edchoice":null,"tuition_source":null,"tuition_status":null,"tuition_notes":null,"demo_year":"2024-25","faith":"secular","website":null,"district_website":"https://www.scsmustangs.org/"},"geometry":{"type":"Point","coordinates":[-81.84173,41.30473]}},{"type":"Feature","properties":{"id":"irn:9120","name":"Harrison Elementary School","sector":"public","kind":"district","district_irn":44198,"district":"Lakewood City","address":"2080 Quail St Lakewood, OH 44107","grades":"PK-5","grades_guessed":false,"lo":0,"hi":5,"elem":1,"mid":0,"high":0,"enrollment":263,"pct_white":55.3,"pct_black":12.2,"pct_hispanic":7.2,"pct_asian":18.9,"pct_multi":6.5,"pct_other":0,"econ_dis_pct":52.1,"attendance":93.7,"chronic_abs":19.7,"stars_overall":4,"stars_achievement":4,"pi_pct":80,"stars_progress":3,"stars_gap":4,"stars_early_lit":4,"grad4":null,"stars_ccwmr":null,"affiliation":null,"st_ratio":null,"tuition_low":null,"tuition_high":null,"tuition_year":null,"tuition_basis":null,"edchoice":null,"tuition_source":null,"tuition_status":null,"tuition_notes":null,"demo_year":"2024-25","faith":"secular","website":"https://www.lakewoodcityschools.org","district_website":"https://www.lakewoodcityschools.org/"},"geometry":{"type":"Point","coordinates":[-81.777203,41.475081]}},{"type":"Feature","properties":{"id":"irn:9119","name":"Hayes Elementary School","sector":"public","kind":"district","district_irn":44198,"district":"Lakewood City","address":"16401 Delaware Ave Lakewood, OH 44107","grades":"PK-5","grades_guessed":false,"lo":0,"hi":5,"elem":1,"mid":0,"high":0,"enrollment":295,"pct_white":80.5,"pct_black":0,"pct_hispanic":5.1,"pct_asian":0,"pct_multi":9.6,"pct_other":0,"econ_dis_pct":30.4,"attendance":95.9,"chronic_abs":7.3,"stars_overall":4.5,"stars_achievement":5,"pi_pct":91.2,"stars_progress":2,"stars_gap":5,"stars_early_lit":4,"grad4":null,"stars_ccwmr":null,"affiliation":null,"st_ratio":null,"tuition_low":null,"tuition_high":null,"tuition_year":null,"tuition_basis":null,"edchoice":null,"tuition_source":null,"tuition_status":null,"tuition_notes":null,"demo_year":"2024-25","faith":"secular","website":"https://www.lakewoodcityschools.org","district_website":"https://www.lakewoodcityschools.org/"},"geometry":{"type":"Point","coordinates":[-81.81124,41.47085]}},{"type":"Feature","properties":{"id":"irn:9285","name":"Douglas MacArthur","sector":"public","kind":"district","district_irn":43786,"district":"Cleveland Municipal","address":"4401 Valleyside Rd Cleveland, OH 44135","grades":"PK-8","grades_guessed":false,"lo":0,"hi":8,"elem":1,"mid":1,"high":0,"enrollment":280,"pct_white":30.3,"pct_black":34.1,"pct_hispanic":19,"pct_asian":11.1,"pct_multi":5.5,"pct_other":0,"econ_dis_pct":100,"attendance":91.4,"chronic_abs":27.7,"stars_overall":4.5,"stars_achievement":3,"pi_pct":78.7,"stars_progress":5,"stars_gap":5,"stars_early_lit":2,"grad4":null,"stars_ccwmr":null,"affiliation":null,"st_ratio":null,"tuition_low":null,"tuition_high":null,"tuition_year":null,"tuition_basis":null,"edchoice":null,"tuition_source":null,"tuition_status":null,"tuition_notes":null,"demo_year":"2024-25","faith":"secular","website":null,"district_website":"https://www.clevelandmetroschools.org/"},"geometry":{"type":"Point","coordinates":[-81.83348,41.43492]}},{"type":"Feature","properties":{"id":"irn:9145","name":"Akron Early College High School","sector":"public","kind":"district","district_irn":43489,"district":"Akron City","address":"225 S. Main St. Akron, OH 44308","grades":"9-12","grades_guessed":false,"lo":9,"hi":12,"elem":0,"mid":0,"high":1,"enrollment":398,"pct_white":25.6,"pct_black":29.3,"pct_hispanic":5.3,"pct_asian":30.7,"pct_multi":9.1,"pct_other":0,"econ_dis_pct":100,"attendance":97.4,"chronic_abs":2.8,"stars_overall":5,"stars_achievement":5,"pi_pct":97.6,"stars_progress":5,"stars_gap":5,"stars_early_lit":null,"grad4":100,"stars_ccwmr":5,"affiliation":null,"st_ratio":null,"tuition_low":null,"tuition_high":null,"tuition_year":null,"tuition_basis":null,"edchoice":null,"tuition_source":null,"tuition_status":null,"tuition_notes":null,"demo_year":"2024-25","faith":"secular","website":"https://www.akronschools.com","district_website":"https://www.akronschools.com/"},"geometry":{"type":"Point","coordinates":[-81.520025,41.079256]}},{"type":"Feature","properties":{"id":"irn:39099","name":"Heritage  Middle School","sector":"public","kind":"district","district_irn":44628,"district":"Painesville City Local","address":"135 Cedarbrook Dr Painesville, OH 44077","grades":"6-8","grades_guessed":false,"lo":6,"hi":8,"elem":0,"mid":1,"high":0,"enrollment":599,"pct_white":15.8,"pct_black":14.7,"pct_hispanic":60.6,"pct_asian":0,"pct_multi":8.2,"pct_other":0,"econ_dis_pct":100,"attendance":94,"chronic_abs":18.9,"stars_overall":3,"stars_achievement":2,"pi_pct":56.2,"stars_progress":3,"stars_gap":2,"stars_early_lit":null,"grad4":null,"stars_ccwmr":null,"affiliation":null,"st_ratio":null,"tuition_low":null,"tuition_high":null,"tuition_year":null,"tuition_basis":null,"edchoice":null,"tuition_source":null,"tuition_status":null,"tuition_notes":null,"demo_year":"2024-25","faith":"secular","website":null,"district_website":"https://www.painesville-city.k12.oh.us/"},"geometry":{"type":"Point","coordinates":[-81.24304,41.711176]}},{"type":"Feature","properties":{"id":"irn:36897","name":"Tallmadge High School","sector":"public","kind":"district","district_irn":44883,"district":"Tallmadge City","address":"140 N Munroe Rd Tallmadge, OH 44278","grades":"9-12","grades_guessed":false,"lo":9,"hi":12,"elem":0,"mid":0,"high":1,"enrollment":714,"pct_white":78.6,"pct_black":6,"pct_hispanic":3.3,"pct_asian":7.7,"pct_multi":4.2,"pct_other":0,"econ_dis_pct":31.4,"attendance":93,"chronic_abs":19.2,"stars_overall":3.5,"stars_achievement":4,"pi_pct":82.1,"stars_progress":2,"stars_gap":3,"stars_early_lit":null,"grad4":97.8,"stars_ccwmr":3,"affiliation":null,"st_ratio":null,"tuition_low":null,"tuition_high":null,"tuition_year":null,"tuition_basis":null,"edchoice":null,"tuition_source":null,"tuition_status":null,"tuition_notes":null,"demo_year":"2024-25","faith":"secular","website":null,"district_website":"https://www.tallmadgeschools.org/"},"geometry":{"type":"Point","coordinates":[-81.415424,41.104426]}},{"type":"Feature","properties":{"id":"irn:18754","name":"Kensington Intermediate Elementary School","sector":"public","kind":"district","district_irn":44701,"district":"Rocky River City","address":"20140 Lake Rd Rocky River, OH 44116","grades":"3-5","grades_guessed":false,"lo":3,"hi":5,"elem":1,"mid":0,"high":0,"enrollment":590,"pct_white":89.1,"pct_black":0,"pct_hispanic":3.3,"pct_asian":1.9,"pct_multi":4.9,"pct_other":0,"econ_dis_pct":12.8,"attendance":95.2,"chronic_abs":7.5,"stars_overall":5,"stars_achievement":5,"pi_pct":101.5,"stars_progress":5,"stars_gap":5,"stars_early_lit":5,"grad4":null,"stars_ccwmr":null,"affiliation":null,"st_ratio":null,"tuition_low":null,"tuition_high":null,"tuition_year":null,"tuition_basis":null,"edchoice":null,"tuition_source":null,"tuition_status":null,"tuition_notes":null,"demo_year":"2024-25","faith":"secular","website":null,"district_website":"https://www.rrcs.org/"},"geometry":{"type":"Point","coordinates":[-81.844363,41.483881]}},{"type":"Feature","properties":{"id":"irn:14142","name":"Grant Elementary School","sector":"public","kind":"district","district_irn":44198,"district":"Lakewood City","address":"1470 Victoria Ave Lakewood, OH 44107","grades":"PK-5","grades_guessed":false,"lo":0,"hi":5,"elem":1,"mid":0,"high":0,"enrollment":321,"pct_white":84,"pct_black":0,"pct_hispanic":3.9,"pct_asian":0,"pct_multi":7.2,"pct_other":0,"econ_dis_pct":28.6,"attendance":95.7,"chronic_abs":9.7,"stars_overall":5,"stars_achievement":5,"pi_pct":97.8,"stars_progress":4,"stars_gap":5,"stars_early_lit":5,"grad4":null,"stars_ccwmr":null,"affiliation":null,"st_ratio":null,"tuition_low":null,"tuition_high":null,"tuition_year":null,"tuition_basis":null,"edchoice":null,"tuition_source":null,"tuition_status":null,"tuition_notes":null,"demo_year":"2024-25","faith":"secular","website":null,"district_website":"https://www.lakewoodcityschools.org/"},"geometry":{"type":"Point","coordinates":[-81.800975,41.482375]}},{"type":"Feature","properties":{"id":"irn:42457","name":"Buckeye  Primary School","sector":"public","kind":"district","district_irn":48470,"district":"Buckeye Local","address":"3180 Columbia Rd Medina, OH 44256","grades":"K-3","grades_guessed":false,"lo":0,"hi":3,"elem":1,"mid":0,"high":0,"enrollment":579,"pct_white":87.1,"pct_black":2.5,"pct_hispanic":5.7,"pct_asian":0,"pct_multi":4.5,"pct_other":0,"econ_dis_pct":28.3,"attendance":94.1,"chronic_abs":13.7,"stars_overall":4.5,"stars_achievement":5,"pi_pct":90.5,"stars_progress":null,"stars_gap":5,"stars_early_lit":3,"grad4":null,"stars_ccwmr":null,"affiliation":null,"st_ratio":null,"tuition_low":null,"tuition_high":null,"tuition_year":null,"tuition_basis":null,"edchoice":null,"tuition_source":null,"tuition_status":null,"tuition_notes":null,"demo_year":"2024-25","faith":"secular","website":null,"district_website":"https://www.buckeyeschools.info/"},"geometry":{"type":"Point","coordinates":[-81.925249,41.188068]}},{"type":"Feature","properties":{"id":"irn:4598","name":"Caledonia Elementary School","sector":"public","kind":"district","district_irn":43901,"district":"East Cleveland City School District","address":"914 Caledonia Ave Cleveland Heights, OH 44112","grades":"K-2","grades_guessed":false,"lo":0,"hi":2,"elem":1,"mid":0,"high":0,"enrollment":245,"pct_white":0,"pct_black":92.5,"pct_hispanic":4.9,"pct_asian":0,"pct_multi":0,"pct_other":0,"econ_dis_pct":100,"attendance":87.1,"chronic_abs":54.4,"stars_overall":3,"stars_achievement":null,"pi_pct":null,"stars_progress":null,"stars_gap":4,"stars_early_lit":1,"grad4":null,"stars_ccwmr":null,"affiliation":null,"st_ratio":null,"tuition_low":null,"tuition_high":null,"tuition_year":null,"tuition_basis":null,"edchoice":null,"tuition_source":null,"tuition_status":null,"tuition_notes":null,"demo_year":"2024-25","faith":"secular","website":null,"district_website":"https://eastclevelandschools.org/"},"geometry":{"type":"Point","coordinates":[-81.561698,41.535189]}},{"type":"Feature","properties":{"id":"irn:15842","name":"Cleveland Heights High School","sector":"public","kind":"district","district_irn":43794,"district":"Cleveland Heights-University Heights City","address":"13263 Cedar Rd Cleveland Heights, OH 44118","grades":"9-12","grades_guessed":false,"lo":9,"hi":12,"elem":0,"mid":0,"high":1,"enrollment":1589,"pct_white":15.2,"pct_black":73.7,"pct_hispanic":4.7,"pct_asian":1,"pct_multi":5.1,"pct_other":0,"econ_dis_pct":99.7,"attendance":84.4,"chronic_abs":56.8,"stars_overall":3.5,"stars_achievement":2,"pi_pct":67.6,"stars_progress":4,"stars_gap":4,"stars_early_lit":null,"grad4":91.2,"stars_ccwmr":3,"affiliation":null,"st_ratio":null,"tuition_low":null,"tuition_high":null,"tuition_year":null,"tuition_basis":null,"edchoice":null,"tuition_source":null,"tuition_status":null,"tuition_notes":null,"demo_year":"2024-25","faith":"secular","website":null,"district_website":"https://www.chuh.org/"},"geometry":{"type":"Point","coordinates":[-81.56293,41.50232]}},{"type":"Feature","properties":{"id":"irn:16442","name":"Reach Center Summit Lake","sector":"public","kind":"district","district_irn":43489,"district":"Akron City","address":"390 W Crosier St Akron, OH 44311","grades":null,"grades_guessed":false,"lo":null,"hi":null,"elem":1,"mid":1,"high":1,"enrollment":null,"pct_white":null,"pct_black":null,"pct_hispanic":null,"pct_asian":null,"pct_multi":null,"pct_other":null,"econ_dis_pct":null,"attendance":null,"chronic_abs":null,"stars_overall":null,"stars_achievement":null,"pi_pct":null,"stars_progress":null,"stars_gap":null,"stars_early_lit":null,"grad4":null,"stars_ccwmr":null,"affiliation":null,"st_ratio":null,"tuition_low":null,"tuition_high":null,"tuition_year":null,"tuition_basis":null,"edchoice":null,"tuition_source":null,"tuition_status":null,"tuition_notes":null,"demo_year":"2024-25","faith":"secular","website":null,"district_website":"https://www.akronschools.com/"},"geometry":{"type":"Point","coordinates":[-81.541562,41.059426]}},{"type":"Feature","properties":{"id":"irn:16885","name":"John Adams College & Career Academy","sector":"public","kind":"district","district_irn":43786,"district":"Cleveland Municipal","address":"3817 Martin Luther King Jr Dr Cleveland, OH 44105","grades":"9-12","grades_guessed":false,"lo":9,"hi":12,"elem":0,"mid":0,"high":1,"enrollment":436,"pct_white":2.5,"pct_black":93.6,"pct_hispanic":3,"pct_asian":0,"pct_multi":0,"pct_other":0,"econ_dis_pct":100,"attendance":65.7,"chronic_abs":80.9,"stars_overall":2,"stars_achievement":1,"pi_pct":41.9,"stars_progress":2,"stars_gap":2,"stars_early_lit":null,"grad4":55.4,"stars_ccwmr":1,"affiliation":null,"st_ratio":null,"tuition_low":null,"tuition_high":null,"tuition_year":null,"tuition_basis":null,"edchoice":null,"tuition_source":null,"tuition_status":null,"tuition_notes":null,"demo_year":"2024-25","faith":"secular","website":null,"district_website":"https://www.clevelandmetroschools.org/"},"geometry":{"type":"Point","coordinates":[-81.60128,41.45452]}},{"type":"Feature","properties":{"id":"irn:17306","name":"Chardon Early Learning Center","sector":"public","kind":"district","district_irn":47183,"district":"Chardon Local","address":"308 Maple Ave Chardon, OH 44024","grades":"PK-K","grades_guessed":false,"lo":0,"hi":0,"elem":1,"mid":0,"high":0,"enrollment":213,"pct_white":93.2,"pct_black":0,"pct_hispanic":0,"pct_asian":0,"pct_multi":0,"pct_other":0,"econ_dis_pct":25.9,"attendance":93.4,"chronic_abs":16.2,"stars_overall":4,"stars_achievement":null,"pi_pct":null,"stars_progress":null,"stars_gap":4,"stars_early_lit":null,"grad4":null,"stars_ccwmr":null,"affiliation":null,"st_ratio":null,"tuition_low":null,"tuition_high":null,"tuition_year":null,"tuition_basis":null,"edchoice":null,"tuition_source":null,"tuition_status":null,"tuition_notes":null,"demo_year":"2024-25","faith":"secular","website":null,"district_website":"https://www.chardonschools.org/"},"geometry":{"type":"Point","coordinates":[-81.19496,41.59204]}},{"type":"Feature","properties":{"id":"irn:19359","name":"Little Middies PreSchool","sector":"public","kind":"district","district_irn":48173,"district":"Midview Local","address":"13060 Durkee Rd Grafton, OH 44044","grades":"K-5","grades_guessed":true,"lo":0,"hi":5,"elem":1,"mid":0,"high":0,"enrollment":null,"pct_white":null,"pct_black":null,"pct_hispanic":null,"pct_asian":null,"pct_multi":null,"pct_other":null,"econ_dis_pct":null,"attendance":null,"chronic_abs":null,"stars_overall":null,"stars_achievement":null,"pi_pct":null,"stars_progress":null,"stars_gap":null,"stars_early_lit":null,"grad4":null,"stars_ccwmr":null,"affiliation":null,"st_ratio":null,"tuition_low":null,"tuition_high":null,"tuition_year":null,"tuition_basis":null,"edchoice":null,"tuition_source":null,"tuition_status":null,"tuition_notes":null,"demo_year":"2024-25","faith":"secular","website":"https://www.midviewk12.org","district_website":"https://www.midviewk12.org/"},"geometry":{"type":"Point","coordinates":[-82.051181,41.299482]}},{"type":"Feature","properties":{"id":"irn:7716","name":"Westwood Elementary School","sector":"public","kind":"district","district_irn":43943,"district":"Elyria City Schools","address":"42350 Adelbert St Elyria, OH 44035","grades":"K-4","grades_guessed":false,"lo":0,"hi":4,"elem":1,"mid":0,"high":0,"enrollment":444,"pct_white":40.5,"pct_black":17.9,"pct_hispanic":22.8,"pct_asian":0,"pct_multi":18.8,"pct_other":0,"econ_dis_pct":99.9,"attendance":91.6,"chronic_abs":28.3,"stars_overall":3,"stars_achievement":2,"pi_pct":62.8,"stars_progress":3,"stars_gap":3,"stars_early_lit":2,"grad4":null,"stars_ccwmr":null,"affiliation":null,"st_ratio":null,"tuition_low":null,"tuition_high":null,"tuition_year":null,"tuition_basis":null,"edchoice":null,"tuition_source":null,"tuition_status":null,"tuition_notes":null,"demo_year":"2024-25","faith":"secular","website":null,"district_website":"https://www.elyriaschools.org/"},"geometry":{"type":"Point","coordinates":[-82.141544,41.394208]}},{"type":"Feature","properties":{"id":"irn:40881","name":"Westwood Elementary School","sector":"public","kind":"district","district_irn":45658,"district":"Wellington Exempted Village","address":"305 Union St Wellington, OH 44090","grades":"K-3","grades_guessed":false,"lo":0,"hi":3,"elem":1,"mid":0,"high":0,"enrollment":292,"pct_white":87.6,"pct_black":0,"pct_hispanic":6.6,"pct_asian":0,"pct_multi":5.2,"pct_other":0,"econ_dis_pct":46,"attendance":93.7,"chronic_abs":17.2,"stars_overall":4,"stars_achievement":4,"pi_pct":86.7,"stars_progress":null,"stars_gap":3,"stars_early_lit":4,"grad4":null,"stars_ccwmr":null,"affiliation":null,"st_ratio":null,"tuition_low":null,"tuition_high":null,"tuition_year":null,"tuition_basis":null,"edchoice":null,"tuition_source":null,"tuition_status":null,"tuition_notes":null,"demo_year":"2024-25","faith":"secular","website":"https://www.wellingtonvillageschools.org","district_website":"https://www.wellingtonvillageschools.org/"},"geometry":{"type":"Point","coordinates":[-82.222014,41.174219]}},{"type":"Feature","properties":{"id":"irn:15600","name":"John Marshall School of Information Technology","sector":"public","kind":"district","district_irn":43786,"district":"Cleveland Municipal","address":"3952 W 140th St Cleveland, OH 44111","grades":"9-12","grades_guessed":false,"lo":9,"hi":12,"elem":0,"mid":0,"high":1,"enrollment":463,"pct_white":24,"pct_black":38.9,"pct_hispanic":28.1,"pct_asian":4.9,"pct_multi":4,"pct_other":0,"econ_dis_pct":100,"attendance":75.4,"chronic_abs":76.2,"stars_overall":2.5,"stars_achievement":2,"pi_pct":58.1,"stars_progress":3,"stars_gap":2,"stars_early_lit":null,"grad4":81.2,"stars_ccwmr":1,"affiliation":null,"st_ratio":null,"tuition_low":null,"tuition_high":null,"tuition_year":null,"tuition_basis":null,"edchoice":null,"tuition_source":null,"tuition_status":null,"tuition_notes":null,"demo_year":"2024-25","faith":"secular","website":null,"district_website":"https://www.clevelandmetroschools.org/"},"geometry":{"type":"Point","coordinates":[-81.790598,41.446922]}},{"type":"Feature","properties":{"id":"irn:15599","name":"John Marshall School of Business and Civic Leadership","sector":"public","kind":"district","district_irn":43786,"district":"Cleveland Municipal","address":"3952 W 140th St Cleveland, OH 44111","grades":"9-12","grades_guessed":false,"lo":9,"hi":12,"elem":0,"mid":0,"high":1,"enrollment":481,"pct_white":20.9,"pct_black":46.5,"pct_hispanic":27.7,"pct_asian":0,"pct_multi":3.3,"pct_other":0,"econ_dis_pct":100,"attendance":74.2,"chronic_abs":81.6,"stars_overall":3.5,"stars_achievement":2,"pi_pct":60.9,"stars_progress":5,"stars_gap":2,"stars_early_lit":null,"grad4":86.6,"stars_ccwmr":2,"affiliation":null,"st_ratio":null,"tuition_low":null,"tuition_high":null,"tuition_year":null,"tuition_basis":null,"edchoice":null,"tuition_source":null,"tuition_status":null,"tuition_notes":null,"demo_year":"2024-25","faith":"secular","website":null,"district_website":"https://www.clevelandmetroschools.org/"},"geometry":{"type":"Point","coordinates":[-81.790598,41.446922]}},{"type":"Feature","properties":{"id":"irn:36996","name":"Forestlawn Early Learning Center","sector":"public","kind":"district","district_irn":44768,"district":"Sheffield-Sheffield Lake City","address":"3975 Forestlawn Ave Sheffield Lake, OH 44054","grades":"PK-K","grades_guessed":false,"lo":0,"hi":0,"elem":1,"mid":0,"high":0,"enrollment":169,"pct_white":68.3,"pct_black":0,"pct_hispanic":21.9,"pct_asian":0,"pct_multi":6,"pct_other":0,"econ_dis_pct":38.3,"attendance":92.7,"chronic_abs":17.1,"stars_overall":4,"stars_achievement":null,"pi_pct":null,"stars_progress":null,"stars_gap":4,"stars_early_lit":null,"grad4":null,"stars_ccwmr":null,"affiliation":null,"st_ratio":null,"tuition_low":null,"tuition_high":null,"tuition_year":null,"tuition_basis":null,"edchoice":null,"tuition_source":null,"tuition_status":null,"tuition_notes":null,"demo_year":"2024-25","faith":"secular","website":null,"district_website":"https://www.sheffieldschools.org/"},"geometry":{"type":"Point","coordinates":[-82.11689,41.48386]}},{"type":"Feature","properties":{"id":"irn:16427","name":"Lincoln West School Of Global Studies","sector":"public","kind":"district","district_irn":43786,"district":"Cleveland Municipal","address":"3202 W 30th St Cleveland, OH 44109","grades":"9-12","grades_guessed":false,"lo":9,"hi":12,"elem":0,"mid":0,"high":1,"enrollment":284,"pct_white":9.3,"pct_black":35.3,"pct_hispanic":52.4,"pct_asian":0,"pct_multi":0,"pct_other":0,"econ_dis_pct":100,"attendance":72,"chronic_abs":79.5,"stars_overall":2,"stars_achievement":1,"pi_pct":39.9,"stars_progress":3,"stars_gap":1,"stars_early_lit":null,"grad4":72,"stars_ccwmr":3,"affiliation":null,"st_ratio":null,"tuition_low":null,"tuition_high":null,"tuition_year":null,"tuition_basis":null,"edchoice":null,"tuition_source":null,"tuition_status":null,"tuition_notes":null,"demo_year":"2024-25","faith":"secular","website":null,"district_website":"https://www.clevelandmetroschools.org/"},"geometry":{"type":"Point","coordinates":[-81.701792,41.466871]}},{"type":"Feature","properties":{"id":"irn:14175","name":"Grant Elementary School","sector":"public","kind":"district","district_irn":45104,"district":"Willoughby-Eastlake City","address":"2838 Lost Nation Rd Willoughby, OH 44094","grades":"K-5","grades_guessed":false,"lo":0,"hi":5,"elem":1,"mid":0,"high":0,"enrollment":520,"pct_white":59.9,"pct_black":23.1,"pct_hispanic":6.3,"pct_asian":2.6,"pct_multi":8,"pct_other":0,"econ_dis_pct":57.8,"attendance":92.6,"chronic_abs":19.9,"stars_overall":3,"stars_achievement":3,"pi_pct":74.4,"stars_progress":1,"stars_gap":3,"stars_early_lit":4,"grad4":null,"stars_ccwmr":null,"affiliation":null,"st_ratio":null,"tuition_low":null,"tuition_high":null,"tuition_year":null,"tuition_basis":null,"edchoice":null,"tuition_source":null,"tuition_status":null,"tuition_notes":null,"demo_year":"2024-25","faith":"secular","website":null,"district_website":"https://www.weschools.org/"},"geometry":{"type":"Point","coordinates":[-81.401402,41.663453]}},{"type":"Feature","properties":{"id":"irn:62778","name":"Joseph M Gallagher School","sector":"public","kind":"district","district_irn":43786,"district":"Cleveland Municipal","address":"4016 Woodbine Ave Cleveland, OH 44113","grades":"PK-8","grades_guessed":false,"lo":0,"hi":8,"elem":1,"mid":1,"high":0,"enrollment":608,"pct_white":13.7,"pct_black":41.2,"pct_hispanic":38.4,"pct_asian":4.3,"pct_multi":2.4,"pct_other":0,"econ_dis_pct":100,"attendance":90,"chronic_abs":36.9,"stars_overall":3.5,"stars_achievement":2,"pi_pct":61,"stars_progress":5,"stars_gap":3,"stars_early_lit":1,"grad4":null,"stars_ccwmr":null,"affiliation":null,"st_ratio":null,"tuition_low":null,"tuition_high":null,"tuition_year":null,"tuition_basis":null,"edchoice":null,"tuition_source":null,"tuition_status":null,"tuition_notes":null,"demo_year":"2024-25","faith":"secular","website":null,"district_website":"https://www.clevelandmetroschools.org/"},"geometry":{"type":"Point","coordinates":[-81.714754,41.484318]}},{"type":"Feature","properties":{"id":"irn:38158","name":"Valley View Elementary School","sector":"public","kind":"district","district_irn":44974,"district":"Wadsworth City","address":"625 Orchard St Wadsworth, OH 44281","grades":"K-4","grades_guessed":false,"lo":0,"hi":4,"elem":1,"mid":0,"high":0,"enrollment":316,"pct_white":87.2,"pct_black":0,"pct_hispanic":5.3,"pct_asian":0,"pct_multi":4.6,"pct_other":0,"econ_dis_pct":35.8,"attendance":94.7,"chronic_abs":10,"stars_overall":4,"stars_achievement":4,"pi_pct":87.1,"stars_progress":3,"stars_gap":4,"stars_early_lit":3,"grad4":null,"stars_ccwmr":null,"affiliation":null,"st_ratio":null,"tuition_low":null,"tuition_high":null,"tuition_year":null,"tuition_basis":null,"edchoice":null,"tuition_source":null,"tuition_status":null,"tuition_notes":null,"demo_year":"2024-25","faith":"secular","website":null,"district_website":"https://www.wadsworthschools.org/"},"geometry":{"type":"Point","coordinates":[-81.733392,41.039845]}},{"type":"Feature","properties":{"id":"irn:18077","name":"Jefferson Elementary School","sector":"public","kind":"district","district_irn":45104,"district":"Willoughby-Eastlake City","address":"35980 Lake Shore Blvd Eastlake, OH 44095","grades":"K-5","grades_guessed":false,"lo":0,"hi":5,"elem":1,"mid":0,"high":0,"enrollment":396,"pct_white":80.4,"pct_black":7.1,"pct_hispanic":4.2,"pct_asian":0,"pct_multi":8.3,"pct_other":0,"econ_dis_pct":57.8,"attendance":92.1,"chronic_abs":24.5,"stars_overall":3,"stars_achievement":3,"pi_pct":73.9,"stars_progress":3,"stars_gap":2,"stars_early_lit":3,"grad4":null,"stars_ccwmr":null,"affiliation":null,"st_ratio":null,"tuition_low":null,"tuition_high":null,"tuition_year":null,"tuition_basis":null,"edchoice":null,"tuition_source":null,"tuition_status":null,"tuition_notes":null,"demo_year":"2024-25","faith":"secular","website":null,"district_website":"https://www.weschools.org/"},"geometry":{"type":"Point","coordinates":[-81.424707,41.671922]}},{"type":"Feature","properties":{"id":"irn:27367","name":"Normandy High School","sector":"public","kind":"district","district_irn":44636,"district":"Parma City","address":"2500 W Pleasant Valley Rd Parma, OH 44134","grades":"9-12","grades_guessed":false,"lo":9,"hi":12,"elem":0,"mid":0,"high":1,"enrollment":1569,"pct_white":69.1,"pct_black":6.4,"pct_hispanic":15.1,"pct_asian":3.3,"pct_multi":6,"pct_other":0,"econ_dis_pct":100,"attendance":92.1,"chronic_abs":24.2,"stars_overall":4,"stars_achievement":3,"pi_pct":76.9,"stars_progress":4,"stars_gap":4,"stars_early_lit":null,"grad4":96.4,"stars_ccwmr":4,"affiliation":null,"st_ratio":null,"tuition_low":null,"tuition_high":null,"tuition_year":null,"tuition_basis":null,"edchoice":null,"tuition_source":null,"tuition_status":null,"tuition_notes":null,"demo_year":"2024-25","faith":"secular","website":"https://normandy.parmacityschools.org/","district_website":"https://www.parmacityschools.org/"},"geometry":{"type":"Point","coordinates":[-81.699034,41.361571]}},{"type":"Feature","properties":{"id":"irn:20375","name":"Cardinal Autism Resource and Education School (CARES)","sector":"public","kind":"district","district_irn":45492,"district":"Mentor Exempted Village","address":"5028 Forest Rd Mentor, OH 44060","grades":null,"grades_guessed":false,"lo":null,"hi":null,"elem":1,"mid":1,"high":1,"enrollment":81,"pct_white":74.8,"pct_black":14.8,"pct_hispanic":0,"pct_asian":0,"pct_multi":0,"pct_other":0,"econ_dis_pct":55.9,"attendance":94.1,"chronic_abs":13.4,"stars_overall":2,"stars_achievement":1,"pi_pct":45.4,"stars_progress":null,"stars_gap":3,"stars_early_lit":null,"grad4":null,"stars_ccwmr":null,"affiliation":null,"st_ratio":null,"tuition_low":null,"tuition_high":null,"tuition_year":null,"tuition_basis":null,"edchoice":null,"tuition_source":null,"tuition_status":null,"tuition_notes":null,"demo_year":"2024-25","faith":"secular","website":"http://www.mentorschools.net","district_website":"https://www.mentorschools.net/"},"geometry":{"type":"Point","coordinates":[-81.32043,41.73417]}},{"type":"Feature","properties":{"id":"irn:3970","name":"Brunswick High School","sector":"public","kind":"district","district_irn":43661,"district":"Brunswick City","address":"3581 Center Rd Brunswick, OH 44212","grades":"9-12","grades_guessed":false,"lo":9,"hi":12,"elem":0,"mid":0,"high":1,"enrollment":1726,"pct_white":87.1,"pct_black":2.2,"pct_hispanic":5.8,"pct_asian":1.7,"pct_multi":3,"pct_other":0,"econ_dis_pct":26.2,"attendance":93.3,"chronic_abs":18,"stars_overall":4.5,"stars_achievement":4,"pi_pct":83.2,"stars_progress":4,"stars_gap":4,"stars_early_lit":null,"grad4":97.7,"stars_ccwmr":3,"affiliation":null,"st_ratio":null,"tuition_low":null,"tuition_high":null,"tuition_year":null,"tuition_basis":null,"edchoice":null,"tuition_source":null,"tuition_status":null,"tuition_notes":null,"demo_year":"2024-25","faith":"secular","website":"https://www.bcsoh.org/Domain/8","district_website":"https://www.bcsoh.org/"},"geometry":{"type":"Point","coordinates":[-81.813475,41.238439]}},{"type":"Feature","properties":{"id":"irn:4804","name":"Canterbury Elementary School","sector":"public","kind":"district","district_irn":43794,"district":"Cleveland Heights-University Heights City","address":"2530 Canterbury Rd Cleveland Heights, OH 44118","grades":"K-5","grades_guessed":false,"lo":0,"hi":5,"elem":1,"mid":0,"high":0,"enrollment":311,"pct_white":28.6,"pct_black":52.1,"pct_hispanic":6.4,"pct_asian":0,"pct_multi":10.8,"pct_other":0,"econ_dis_pct":100,"attendance":93.5,"chronic_abs":15.3,"stars_overall":3,"stars_achievement":4,"pi_pct":81,"stars_progress":1,"stars_gap":4,"stars_early_lit":4,"grad4":null,"stars_ccwmr":null,"affiliation":null,"st_ratio":null,"tuition_low":null,"tuition_high":null,"tuition_year":null,"tuition_basis":null,"edchoice":null,"tuition_source":null,"tuition_status":null,"tuition_notes":null,"demo_year":"2024-25","faith":"secular","website":null,"district_website":"https://www.chuh.org/"},"geometry":{"type":"Point","coordinates":[-81.549767,41.490748]}},{"type":"Feature","properties":{"id":"irn:61895","name":"Henry F Lamuth Middle School","sector":"public","kind":"district","district_irn":47894,"district":"Riverside Local","address":"6700 Auburn Rd Painesville, OH 44077","grades":"5-7","grades_guessed":false,"lo":5,"hi":7,"elem":1,"mid":1,"high":0,"enrollment":701,"pct_white":76.5,"pct_black":5.1,"pct_hispanic":11.6,"pct_asian":0,"pct_multi":5.8,"pct_other":0,"econ_dis_pct":32.8,"attendance":92.9,"chronic_abs":19.7,"stars_overall":3,"stars_achievement":3,"pi_pct":78.4,"stars_progress":2,"stars_gap":3,"stars_early_lit":null,"grad4":null,"stars_ccwmr":null,"affiliation":null,"st_ratio":null,"tuition_low":null,"tuition_high":null,"tuition_year":null,"tuition_basis":null,"edchoice":null,"tuition_source":null,"tuition_status":null,"tuition_notes":null,"demo_year":"2024-25","faith":"secular","website":"https://www.riversidelocalschools.com","district_website":"https://www.riversideschools.net/"},"geometry":{"type":"Point","coordinates":[-81.24872,41.69025]}},{"type":"Feature","properties":{"id":"irn:16154","name":"Highland High School","sector":"public","kind":"district","district_irn":48496,"district":"Highland Local","address":"4150 Ridge Rd Medina, OH 44256","grades":"9-12","grades_guessed":false,"lo":9,"hi":12,"elem":0,"mid":0,"high":1,"enrollment":968,"pct_white":92.2,"pct_black":0,"pct_hispanic":2.4,"pct_asian":2.1,"pct_multi":2.8,"pct_other":0,"econ_dis_pct":10.5,"attendance":94.3,"chronic_abs":13.6,"stars_overall":5,"stars_achievement":5,"pi_pct":94,"stars_progress":5,"stars_gap":5,"stars_early_lit":null,"grad4":97.3,"stars_ccwmr":4,"affiliation":null,"st_ratio":null,"tuition_low":null,"tuition_high":null,"tuition_year":null,"tuition_basis":null,"edchoice":null,"tuition_source":null,"tuition_status":null,"tuition_notes":null,"demo_year":"2024-25","faith":"secular","website":null,"district_website":"https://www.highlandschools.org/"},"geometry":{"type":"Point","coordinates":[-81.740545,41.164633]}},{"type":"Feature","properties":{"id":"irn:36012","name":"Sterling Morton Elementary School","sector":"public","kind":"district","district_irn":45492,"district":"Mentor Exempted Village","address":"9292 Jordan Dr Mentor, OH 44060","grades":"K-5","grades_guessed":false,"lo":0,"hi":5,"elem":1,"mid":0,"high":0,"enrollment":294,"pct_white":80,"pct_black":5.7,"pct_hispanic":7.7,"pct_asian":0,"pct_multi":5.5,"pct_other":0,"econ_dis_pct":54.1,"attendance":94,"chronic_abs":13.7,"stars_overall":4,"stars_achievement":3,"pi_pct":79.6,"stars_progress":4,"stars_gap":4,"stars_early_lit":2,"grad4":null,"stars_ccwmr":null,"affiliation":null,"st_ratio":null,"tuition_low":null,"tuition_high":null,"tuition_year":null,"tuition_basis":null,"edchoice":null,"tuition_source":null,"tuition_status":null,"tuition_notes":null,"demo_year":"2024-25","faith":"secular","website":null,"district_website":"https://www.mentorschools.net/"},"geometry":{"type":"Point","coordinates":[-81.30493,41.74347]}},{"type":"Feature","properties":{"id":"irn:42762","name":"Roberts Middle School","sector":"public","kind":"district","district_irn":43836,"district":"Cuyahoga Falls City School District","address":"3333 Charles St Cuyahoga Falls, OH 44221","grades":"6-8","grades_guessed":false,"lo":6,"hi":8,"elem":0,"mid":1,"high":0,"enrollment":371,"pct_white":76.5,"pct_black":5.4,"pct_hispanic":0,"pct_asian":10.2,"pct_multi":5.2,"pct_other":0,"econ_dis_pct":61.8,"attendance":91.8,"chronic_abs":25.7,"stars_overall":2.5,"stars_achievement":2,"pi_pct":65.9,"stars_progress":2,"stars_gap":2,"stars_early_lit":null,"grad4":null,"stars_ccwmr":null,"affiliation":null,"st_ratio":null,"tuition_low":null,"tuition_high":null,"tuition_year":null,"tuition_basis":null,"edchoice":null,"tuition_source":null,"tuition_status":null,"tuition_notes":null,"demo_year":"2024-25","faith":"secular","website":null,"district_website":"https://www.cfalls.org/"},"geometry":{"type":"Point","coordinates":[-81.470416,41.159867]}},{"type":"Feature","properties":{"id":"irn:16428","name":"Hilltop Elementary School","sector":"public","kind":"district","district_irn":43554,"district":"Beachwood City","address":"24524 Hilltop Dr Beachwood, OH 44122","grades":"3-5","grades_guessed":false,"lo":3,"hi":5,"elem":1,"mid":0,"high":0,"enrollment":304,"pct_white":36.8,"pct_black":22.8,"pct_hispanic":5.4,"pct_asian":28.1,"pct_multi":6.6,"pct_other":0,"econ_dis_pct":19.3,"attendance":93.8,"chronic_abs":14.4,"stars_overall":5,"stars_achievement":5,"pi_pct":95.9,"stars_progress":5,"stars_gap":5,"stars_early_lit":5,"grad4":null,"stars_ccwmr":null,"affiliation":null,"st_ratio":null,"tuition_low":null,"tuition_high":null,"tuition_year":null,"tuition_basis":null,"edchoice":null,"tuition_source":null,"tuition_status":null,"tuition_notes":null,"demo_year":"2024-25","faith":"secular","website":null,"district_website":"https://www.beachwoodschools.org/"},"geometry":{"type":"Point","coordinates":[-81.50518,41.49682]}},{"type":"Feature","properties":{"id":"irn:27250","name":"Noble Elementary School","sector":"public","kind":"district","district_irn":43794,"district":"Cleveland Heights-University Heights City","address":"1293 Ardoon St Cleveland Heights, OH 44121","grades":"PK-5","grades_guessed":false,"lo":0,"hi":5,"elem":1,"mid":0,"high":0,"enrollment":403,"pct_white":8.8,"pct_black":74.4,"pct_hispanic":4.8,"pct_asian":3.8,"pct_multi":7.2,"pct_other":0,"econ_dis_pct":100,"attendance":92,"chronic_abs":26.4,"stars_overall":3,"stars_achievement":3,"pi_pct":70.8,"stars_progress":3,"stars_gap":3,"stars_early_lit":2,"grad4":null,"stars_ccwmr":null,"affiliation":null,"st_ratio":null,"tuition_low":null,"tuition_high":null,"tuition_year":null,"tuition_basis":null,"edchoice":null,"tuition_source":null,"tuition_status":null,"tuition_notes":null,"demo_year":"2024-25","faith":"secular","website":null,"district_website":"https://www.chuh.org/"},"geometry":{"type":"Point","coordinates":[-81.541422,41.524404]}},{"type":"Feature","properties":{"id":"irn:25981","name":"Munson Elementary School","sector":"public","kind":"district","district_irn":47183,"district":"Chardon Local","address":"12687 Bass Lake Rd Chardon, OH 44024","grades":"1-3","grades_guessed":false,"lo":1,"hi":3,"elem":1,"mid":0,"high":0,"enrollment":231,"pct_white":90.2,"pct_black":0,"pct_hispanic":0,"pct_asian":0,"pct_multi":0,"pct_other":0,"econ_dis_pct":30.3,"attendance":94.4,"chronic_abs":11.3,"stars_overall":5,"stars_achievement":5,"pi_pct":94.6,"stars_progress":null,"stars_gap":5,"stars_early_lit":4,"grad4":null,"stars_ccwmr":null,"affiliation":null,"st_ratio":null,"tuition_low":null,"tuition_high":null,"tuition_year":null,"tuition_basis":null,"edchoice":null,"tuition_source":null,"tuition_status":null,"tuition_notes":null,"demo_year":"2024-25","faith":"secular","website":null,"district_website":"https://www.chardonschools.org/"},"geometry":{"type":"Point","coordinates":[-81.21477,41.52432]}},{"type":"Feature","properties":{"id":"irn:26344","name":"North Ridgeville Academic Center","sector":"public","kind":"district","district_irn":44537,"district":"North Ridgeville City","address":"34620 Bainbridge Rd North Ridgeville, OH 44039","grades":"3-8","grades_guessed":false,"lo":3,"hi":8,"elem":1,"mid":1,"high":0,"enrollment":1862,"pct_white":81.8,"pct_black":2.2,"pct_hispanic":8.5,"pct_asian":2.4,"pct_multi":5,"pct_other":0,"econ_dis_pct":31.5,"attendance":94.1,"chronic_abs":13.8,"stars_overall":4,"stars_achievement":3,"pi_pct":79.6,"stars_progress":4,"stars_gap":4,"stars_early_lit":2,"grad4":null,"stars_ccwmr":null,"affiliation":null,"st_ratio":null,"tuition_low":null,"tuition_high":null,"tuition_year":null,"tuition_basis":null,"edchoice":null,"tuition_source":null,"tuition_status":null,"tuition_notes":null,"demo_year":"2024-25","faith":"secular","website":null,"district_website":"https://www.nrschools.org/"},"geometry":{"type":"Point","coordinates":[-82.002314,41.385308]}},{"type":"Feature","properties":{"id":"irn:5876","name":"Chardon High School","sector":"public","kind":"district","district_irn":47183,"district":"Chardon Local","address":"151 Chardon Ave Chardon, OH 44024","grades":"8-12","grades_guessed":false,"lo":8,"hi":12,"elem":0,"mid":1,"high":1,"enrollment":989,"pct_white":92,"pct_black":0,"pct_hispanic":4.4,"pct_asian":0,"pct_multi":2.6,"pct_other":0,"econ_dis_pct":17.6,"attendance":92.1,"chronic_abs":26,"stars_overall":4.5,"stars_achievement":5,"pi_pct":91.4,"stars_progress":4,"stars_gap":4,"stars_early_lit":null,"grad4":98.8,"stars_ccwmr":3,"affiliation":null,"st_ratio":null,"tuition_low":null,"tuition_high":null,"tuition_year":null,"tuition_basis":null,"edchoice":null,"tuition_source":null,"tuition_status":null,"tuition_notes":null,"demo_year":"2024-25","faith":"secular","website":null,"district_website":"https://www.chardonschools.org/"},"geometry":{"type":"Point","coordinates":[-81.20025,41.59107]}},{"type":"Feature","properties":{"id":"irn:61671","name":"Shore Middle School","sector":"public","kind":"district","district_irn":45492,"district":"Mentor Exempted Village","address":"5670 Hopkins Rd Mentor, OH 44060","grades":"6-8","grades_guessed":false,"lo":6,"hi":8,"elem":0,"mid":1,"high":0,"enrollment":750,"pct_white":85.5,"pct_black":2.5,"pct_hispanic":4.7,"pct_asian":0,"pct_multi":5.5,"pct_other":0,"econ_dis_pct":43.8,"attendance":92.7,"chronic_abs":19.7,"stars_overall":4,"stars_achievement":3,"pi_pct":79.1,"stars_progress":3,"stars_gap":5,"stars_early_lit":null,"grad4":null,"stars_ccwmr":null,"affiliation":null,"st_ratio":null,"tuition_low":null,"tuition_high":null,"tuition_year":null,"tuition_basis":null,"edchoice":null,"tuition_source":null,"tuition_status":null,"tuition_notes":null,"demo_year":"2024-25","faith":"secular","website":null,"district_website":"https://www.mentorschools.net/"},"geometry":{"type":"Point","coordinates":[-81.34572,41.71709]}},{"type":"Feature","properties":{"id":"irn:61481","name":"Geo G Dodge Elementary School","sector":"public","kind":"district","district_irn":50070,"district":"Twinsburg City","address":"10225 Ravenna Rd Twinsburg, OH 44087","grades":"4-6","grades_guessed":false,"lo":4,"hi":6,"elem":1,"mid":1,"high":0,"enrollment":858,"pct_white":50.9,"pct_black":26.2,"pct_hispanic":4.1,"pct_asian":10.9,"pct_multi":7.4,"pct_other":0,"econ_dis_pct":27.6,"attendance":94.6,"chronic_abs":14.1,"stars_overall":4.5,"stars_achievement":4,"pi_pct":87.8,"stars_progress":3,"stars_gap":5,"stars_early_lit":null,"grad4":null,"stars_ccwmr":null,"affiliation":null,"st_ratio":null,"tuition_low":null,"tuition_high":null,"tuition_year":null,"tuition_basis":null,"edchoice":null,"tuition_source":null,"tuition_status":null,"tuition_notes":null,"demo_year":"2024-25","faith":"secular","website":null,"district_website":"https://www.twinsburg.k12.oh.us/"},"geometry":{"type":"Point","coordinates":[-81.452436,41.321329]}},{"type":"Feature","properties":{"id":"irn:23259","name":"Max S Hayes High School","sector":"public","kind":"district","district_irn":43786,"district":"Cleveland Municipal","address":"2211 W 65th St Cleveland, OH 44102","grades":"9-12","grades_guessed":false,"lo":9,"hi":12,"elem":0,"mid":0,"high":1,"enrollment":579,"pct_white":21.4,"pct_black":34.3,"pct_hispanic":40.1,"pct_asian":0,"pct_multi":3.5,"pct_other":0,"econ_dis_pct":100,"attendance":74.6,"chronic_abs":71.6,"stars_overall":2,"stars_achievement":1,"pi_pct":48.7,"stars_progress":3,"stars_gap":1,"stars_early_lit":null,"grad4":63.2,"stars_ccwmr":1,"affiliation":null,"st_ratio":null,"tuition_low":null,"tuition_high":null,"tuition_year":null,"tuition_basis":null,"edchoice":null,"tuition_source":null,"tuition_status":null,"tuition_notes":null,"demo_year":"2024-25","faith":"secular","website":null,"district_website":"https://www.clevelandmetroschools.org/"},"geometry":{"type":"Point","coordinates":[-81.730079,41.4716]}},{"type":"Feature","properties":{"id":"irn:7864","name":"Crouse Community Learning Center","sector":"public","kind":"district","district_irn":43489,"district":"Akron City","address":"1000 Diagonal Rd Akron, OH 44320","grades":"PK-5","grades_guessed":false,"lo":0,"hi":5,"elem":1,"mid":0,"high":0,"enrollment":446,"pct_white":5.8,"pct_black":75.3,"pct_hispanic":6.2,"pct_asian":0,"pct_multi":10.8,"pct_other":0,"econ_dis_pct":100,"attendance":89.2,"chronic_abs":39.9,"stars_overall":3,"stars_achievement":2,"pi_pct":50.7,"stars_progress":4,"stars_gap":3,"stars_early_lit":1,"grad4":null,"stars_ccwmr":null,"affiliation":null,"st_ratio":null,"tuition_low":null,"tuition_high":null,"tuition_year":null,"tuition_basis":null,"edchoice":null,"tuition_source":null,"tuition_status":null,"tuition_notes":null,"demo_year":"2024-25","faith":"secular","website":"https://www.akronschools.com","district_website":"https://www.akronschools.com/"},"geometry":{"type":"Point","coordinates":[-81.552365,41.077046]}},{"type":"Feature","properties":{"id":"irn:36285","name":"Strongsville Middle School","sector":"public","kind":"district","district_irn":44842,"district":"Strongsville City","address":"13200 Pearl Rd Strongsville, OH 44136","grades":"6-8","grades_guessed":false,"lo":6,"hi":8,"elem":0,"mid":1,"high":0,"enrollment":1287,"pct_white":74.6,"pct_black":4.1,"pct_hispanic":6.1,"pct_asian":10.8,"pct_multi":4.2,"pct_other":0,"econ_dis_pct":27.6,"attendance":93.4,"chronic_abs":16.7,"stars_overall":4.5,"stars_achievement":4,"pi_pct":86.5,"stars_progress":4,"stars_gap":4,"stars_early_lit":null,"grad4":null,"stars_ccwmr":null,"affiliation":null,"st_ratio":null,"tuition_low":null,"tuition_high":null,"tuition_year":null,"tuition_basis":null,"edchoice":null,"tuition_source":null,"tuition_status":null,"tuition_notes":null,"demo_year":"2024-25","faith":"secular","website":null,"district_website":"https://www.scsmustangs.org/"},"geometry":{"type":"Point","coordinates":[-81.83672,41.31756]}},{"type":"Feature","properties":{"id":"irn:21527","name":"Mary Church Terrell","sector":"public","kind":"district","district_irn":43786,"district":"Cleveland Municipal","address":"3595 Bosworth Rd Cleveland, OH 44111","grades":"PK-8","grades_guessed":false,"lo":0,"hi":8,"elem":1,"mid":1,"high":0,"enrollment":255,"pct_white":25.9,"pct_black":36.2,"pct_hispanic":24.5,"pct_asian":6.6,"pct_multi":6.9,"pct_other":0,"econ_dis_pct":100,"attendance":84,"chronic_abs":52.5,"stars_overall":2.5,"stars_achievement":2,"pi_pct":53.3,"stars_progress":3,"stars_gap":2,"stars_early_lit":1,"grad4":null,"stars_ccwmr":null,"affiliation":null,"st_ratio":null,"tuition_low":null,"tuition_high":null,"tuition_year":null,"tuition_basis":null,"edchoice":null,"tuition_source":null,"tuition_status":null,"tuition_notes":null,"demo_year":"2024-25","faith":"secular","website":null,"district_website":"https://www.clevelandmetroschools.org/"},"geometry":{"type":"Point","coordinates":[-81.76393,41.45428]}},{"type":"Feature","properties":{"id":"irn:10652","name":"Erieview Elementary School","sector":"public","kind":"district","district_irn":48124,"district":"Avon Lake City","address":"32630 Electric Blvd Avon Lake, OH 44012","grades":"K-4","grades_guessed":false,"lo":0,"hi":4,"elem":1,"mid":0,"high":0,"enrollment":273,"pct_white":89.9,"pct_black":0,"pct_hispanic":4,"pct_asian":0,"pct_multi":0,"pct_other":0,"econ_dis_pct":9.8,"attendance":95.2,"chronic_abs":7.6,"stars_overall":4.5,"stars_achievement":5,"pi_pct":91.4,"stars_progress":3,"stars_gap":4,"stars_early_lit":4,"grad4":null,"stars_ccwmr":null,"affiliation":null,"st_ratio":null,"tuition_low":null,"tuition_high":null,"tuition_year":null,"tuition_basis":null,"edchoice":null,"tuition_source":null,"tuition_status":null,"tuition_notes":null,"demo_year":"2024-25","faith":"secular","website":null,"district_website":"https://www.avonlakecityschools.org/"},"geometry":{"type":"Point","coordinates":[-82.012605,41.510494]}},{"type":"Feature","properties":{"id":"irn:3251","name":"Boulevard Elementary School","sector":"public","kind":"district","district_irn":43794,"district":"Cleveland Heights-University Heights City","address":"1749 Lee Rd Cleveland Heights, OH 44118","grades":"K-5","grades_guessed":false,"lo":0,"hi":5,"elem":1,"mid":0,"high":0,"enrollment":272,"pct_white":15.6,"pct_black":68.6,"pct_hispanic":7.3,"pct_asian":0,"pct_multi":7.3,"pct_other":0,"econ_dis_pct":100,"attendance":91.4,"chronic_abs":34.1,"stars_overall":3,"stars_achievement":3,"pi_pct":71.4,"stars_progress":3,"stars_gap":3,"stars_early_lit":2,"grad4":null,"stars_ccwmr":null,"affiliation":null,"st_ratio":null,"tuition_low":null,"tuition_high":null,"tuition_year":null,"tuition_basis":null,"edchoice":null,"tuition_source":null,"tuition_status":null,"tuition_notes":null,"demo_year":"2024-25","faith":"secular","website":null,"district_website":"https://www.chuh.org/"},"geometry":{"type":"Point","coordinates":[-81.567029,41.512057]}},{"type":"Feature","properties":{"id":"irn:31476","name":"Richardson Elementary School","sector":"public","kind":"district","district_irn":43836,"district":"Cuyahoga Falls City School District","address":"2226 23rd St Cuyahoga Falls, OH 44223","grades":"K-5","grades_guessed":false,"lo":0,"hi":5,"elem":1,"mid":0,"high":0,"enrollment":315,"pct_white":62.9,"pct_black":9,"pct_hispanic":7.3,"pct_asian":8.6,"pct_multi":12.3,"pct_other":0,"econ_dis_pct":64.6,"attendance":94.3,"chronic_abs":12.5,"stars_overall":4.5,"stars_achievement":4,"pi_pct":85.2,"stars_progress":4,"stars_gap":5,"stars_early_lit":3,"grad4":null,"stars_ccwmr":null,"affiliation":null,"st_ratio":null,"tuition_low":null,"tuition_high":null,"tuition_year":null,"tuition_basis":null,"edchoice":null,"tuition_source":null,"tuition_status":null,"tuition_notes":null,"demo_year":"2024-25","faith":"secular","website":"https://www.CFALLS.ORG","district_website":"https://www.cfalls.org/"},"geometry":{"type":"Point","coordinates":[-81.511709,41.137297]}},{"type":"Feature","properties":{"id":"irn:10413","name":"Elmwood Elementary School","sector":"public","kind":"district","district_irn":44040,"district":"Garfield Heights City Schools","address":"5275 Turney Rd Garfield Heights, OH 44125","grades":"2-3","grades_guessed":false,"lo":2,"hi":3,"elem":1,"mid":0,"high":0,"enrollment":387,"pct_white":4.1,"pct_black":60,"pct_hispanic":0,"pct_asian":0,"pct_multi":34.5,"pct_other":0,"econ_dis_pct":100,"attendance":89.5,"chronic_abs":40.3,"stars_overall":2.5,"stars_achievement":2,"pi_pct":60.3,"stars_progress":null,"stars_gap":3,"stars_early_lit":1,"grad4":null,"stars_ccwmr":null,"affiliation":null,"st_ratio":null,"tuition_low":null,"tuition_high":null,"tuition_year":null,"tuition_basis":null,"edchoice":null,"tuition_source":null,"tuition_status":null,"tuition_notes":null,"demo_year":"2024-25","faith":"secular","website":null,"district_website":"https://www.garfieldheightscityschools.com/"},"geometry":{"type":"Point","coordinates":[-81.606837,41.418388]}},{"type":"Feature","properties":{"id":"irn:34835","name":"Solon High School","sector":"public","kind":"district","district_irn":46607,"district":"Solon City","address":"33600 Inwood Dr Solon, OH 44139","grades":"9-12","grades_guessed":false,"lo":9,"hi":12,"elem":0,"mid":0,"high":1,"enrollment":1450,"pct_white":49.2,"pct_black":16.9,"pct_hispanic":3.4,"pct_asian":24.4,"pct_multi":6,"pct_other":0,"econ_dis_pct":17.7,"attendance":95.1,"chronic_abs":9.5,"stars_overall":5,"stars_achievement":5,"pi_pct":98.4,"stars_progress":5,"stars_gap":5,"stars_early_lit":null,"grad4":99.1,"stars_ccwmr":3,"affiliation":null,"st_ratio":null,"tuition_low":null,"tuition_high":null,"tuition_year":null,"tuition_basis":null,"edchoice":null,"tuition_source":null,"tuition_status":null,"tuition_notes":null,"demo_year":"2024-25","faith":"secular","website":null,"district_website":"https://www.solonschools.org/"},"geometry":{"type":"Point","coordinates":[-81.44102,41.37764]}},{"type":"Feature","properties":{"id":"irn:14787","name":"Gurney Elementary School","sector":"public","kind":"district","district_irn":45286,"district":"Chagrin Falls Exempted Village","address":"1155 Bell Rd Chagrin Falls, OH 44022","grades":"PK-3","grades_guessed":false,"lo":0,"hi":3,"elem":1,"mid":0,"high":0,"enrollment":479,"pct_white":91.3,"pct_black":0,"pct_hispanic":4.4,"pct_asian":0,"pct_multi":3.2,"pct_other":0,"econ_dis_pct":6.4,"attendance":94.6,"chronic_abs":8.6,"stars_overall":5,"stars_achievement":5,"pi_pct":101.8,"stars_progress":null,"stars_gap":5,"stars_early_lit":5,"grad4":null,"stars_ccwmr":null,"affiliation":null,"st_ratio":null,"tuition_low":null,"tuition_high":null,"tuition_year":null,"tuition_basis":null,"edchoice":null,"tuition_source":null,"tuition_status":null,"tuition_notes":null,"demo_year":"2024-25","faith":"secular","website":null,"district_website":"https://www.chagrinschools.org/"},"geometry":{"type":"Point","coordinates":[-81.34578,41.43366]}},{"type":"Feature","properties":{"id":"irn:24307","name":"Mercer Elementary School","sector":"public","kind":"district","district_irn":44750,"district":"Shaker Heights City","address":"23325 Wimbledon Rd Shaker Heights, OH 44122","grades":"K-5","grades_guessed":false,"lo":0,"hi":5,"elem":1,"mid":0,"high":0,"enrollment":397,"pct_white":45.8,"pct_black":40.8,"pct_hispanic":3.7,"pct_asian":0,"pct_multi":8.4,"pct_other":0,"econ_dis_pct":35.2,"attendance":93.8,"chronic_abs":17.1,"stars_overall":3,"stars_achievement":3,"pi_pct":75.5,"stars_progress":3,"stars_gap":2,"stars_early_lit":2,"grad4":null,"stars_ccwmr":null,"affiliation":null,"st_ratio":null,"tuition_low":null,"tuition_high":null,"tuition_year":null,"tuition_basis":null,"edchoice":null,"tuition_source":null,"tuition_status":null,"tuition_notes":null,"demo_year":"2024-25","faith":"secular","website":null,"district_website":"https://www.shaker.org/"},"geometry":{"type":"Point","coordinates":[-81.51507,41.47577]}},{"type":"Feature","properties":{"id":"irn:1537","name":"Barber Community Learning Center","sector":"public","kind":"district","district_irn":43489,"district":"Akron City","address":"665 Garry Rd Akron, OH 44305","grades":"PK-5","grades_guessed":false,"lo":0,"hi":5,"elem":1,"mid":0,"high":0,"enrollment":435,"pct_white":11.8,"pct_black":31.5,"pct_hispanic":7.5,"pct_asian":39.1,"pct_multi":9.8,"pct_other":0,"econ_dis_pct":100,"attendance":91.8,"chronic_abs":28.2,"stars_overall":2.5,"stars_achievement":2,"pi_pct":60.4,"stars_progress":2,"stars_gap":3,"stars_early_lit":2,"grad4":null,"stars_ccwmr":null,"affiliation":null,"st_ratio":null,"tuition_low":null,"tuition_high":null,"tuition_year":null,"tuition_basis":null,"edchoice":null,"tuition_source":null,"tuition_status":null,"tuition_notes":null,"demo_year":"2024-25","faith":"secular","website":"https://www.akronschools.com","district_website":"https://www.akronschools.com/"},"geometry":{"type":"Point","coordinates":[-81.474357,41.082706]}},{"type":"Feature","properties":{"id":"irn:65573","name":"Marion-Sterling Elementary School","sector":"public","kind":"district","district_irn":43786,"district":"Cleveland Municipal","address":"3033 Central Ave Cleveland, OH 44115","grades":"PK-8","grades_guessed":false,"lo":0,"hi":8,"elem":1,"mid":1,"high":0,"enrollment":245,"pct_white":0,"pct_black":90,"pct_hispanic":4.9,"pct_asian":0,"pct_multi":0,"pct_other":0,"econ_dis_pct":100,"attendance":84.6,"chronic_abs":55.4,"stars_overall":2,"stars_achievement":1,"pi_pct":38.4,"stars_progress":3,"stars_gap":1,"stars_early_lit":1,"grad4":null,"stars_ccwmr":null,"affiliation":null,"st_ratio":null,"tuition_low":null,"tuition_high":null,"tuition_year":null,"tuition_basis":null,"edchoice":null,"tuition_source":null,"tuition_status":null,"tuition_notes":null,"demo_year":"2024-25","faith":"secular","website":null,"district_website":"https://www.clevelandmetroschools.org/"},"geometry":{"type":"Point","coordinates":[-81.66562,41.49751]}},{"type":"Feature","properties":{"id":"irn:24059","name":"Claggett Middle School","sector":"public","kind":"district","district_irn":44388,"district":"Medina City SD","address":"420 E Union St Medina, OH 44256","grades":"6-8","grades_guessed":false,"lo":6,"hi":8,"elem":0,"mid":1,"high":0,"enrollment":693,"pct_white":82.8,"pct_black":5.6,"pct_hispanic":4.7,"pct_asian":0,"pct_multi":5.6,"pct_other":0,"econ_dis_pct":34.6,"attendance":92.8,"chronic_abs":20.7,"stars_overall":3.5,"stars_achievement":4,"pi_pct":80.9,"stars_progress":3,"stars_gap":3,"stars_early_lit":null,"grad4":null,"stars_ccwmr":null,"affiliation":null,"st_ratio":null,"tuition_low":null,"tuition_high":null,"tuition_year":null,"tuition_basis":null,"edchoice":null,"tuition_source":null,"tuition_status":null,"tuition_notes":null,"demo_year":"2024-25","faith":"secular","website":"https://www.medinabees.org","district_website":"https://www.medinabees.org/"},"geometry":{"type":"Point","coordinates":[-81.85864,41.144182]}},{"type":"Feature","properties":{"id":"irn:32821","name":"Rowland Elementary School","sector":"public","kind":"district","district_irn":44792,"district":"South Euclid-Lyndhurst City","address":"4300 Bayard Rd South Euclid, OH 44121","grades":"PK-3","grades_guessed":false,"lo":0,"hi":3,"elem":1,"mid":0,"high":0,"enrollment":483,"pct_white":10.5,"pct_black":69.4,"pct_hispanic":8,"pct_asian":0,"pct_multi":10.5,"pct_other":0,"econ_dis_pct":100,"attendance":91.9,"chronic_abs":28.5,"stars_overall":3,"stars_achievement":3,"pi_pct":75.8,"stars_progress":null,"stars_gap":3,"stars_early_lit":2,"grad4":null,"stars_ccwmr":null,"affiliation":null,"st_ratio":null,"tuition_low":null,"tuition_high":null,"tuition_year":null,"tuition_basis":null,"edchoice":null,"tuition_source":null,"tuition_status":null,"tuition_notes":null,"demo_year":"2024-25","faith":"secular","website":null,"district_website":"https://www.selschools.org/"},"geometry":{"type":"Point","coordinates":[-81.525073,41.509599]}},{"type":"Feature","properties":{"id":"irn:41525","name":"Willowick Middle School","sector":"public","kind":"district","district_irn":45104,"district":"Willoughby-Eastlake City","address":"31500 Royalview Dr Willowick, OH 44095","grades":"6-8","grades_guessed":false,"lo":6,"hi":8,"elem":0,"mid":1,"high":0,"enrollment":402,"pct_white":62.8,"pct_black":18.5,"pct_hispanic":5.3,"pct_asian":0,"pct_multi":12.4,"pct_other":0,"econ_dis_pct":63,"attendance":90.2,"chronic_abs":34.8,"stars_overall":3,"stars_achievement":2,"pi_pct":66.1,"stars_progress":3,"stars_gap":2,"stars_early_lit":null,"grad4":null,"stars_ccwmr":null,"affiliation":null,"st_ratio":null,"tuition_low":null,"tuition_high":null,"tuition_year":null,"tuition_basis":null,"edchoice":null,"tuition_source":null,"tuition_status":null,"tuition_notes":null,"demo_year":"2024-25","faith":"secular","website":null,"district_website":"https://www.weschools.org/"},"geometry":{"type":"Point","coordinates":[-81.46335,41.63146]}},{"type":"Feature","properties":{"id":"irn:30023","name":"Pine Intermediate School","sector":"public","kind":"district","district_irn":44529,"district":"North Olmsted City","address":"4267 Dover Center Rd North Olmsted, OH 44070","grades":"4-5","grades_guessed":false,"lo":4,"hi":5,"elem":1,"mid":0,"high":0,"enrollment":511,"pct_white":74.3,"pct_black":4.8,"pct_hispanic":10.4,"pct_asian":3.4,"pct_multi":7.1,"pct_other":0,"econ_dis_pct":100,"attendance":94.1,"chronic_abs":13.6,"stars_overall":4,"stars_achievement":4,"pi_pct":81.6,"stars_progress":3,"stars_gap":5,"stars_early_lit":null,"grad4":null,"stars_ccwmr":null,"affiliation":null,"st_ratio":null,"tuition_low":null,"tuition_high":null,"tuition_year":null,"tuition_basis":null,"edchoice":null,"tuition_source":null,"tuition_status":null,"tuition_notes":null,"demo_year":"2024-25","faith":"secular","website":"https://www.northolmstedschools.org/pineschool_home.aspx","district_website":"https://www.northolmstedschools.org/"},"geometry":{"type":"Point","coordinates":[-81.91968,41.42776]}},{"type":"Feature","properties":{"id":"irn:5884","name":"Chardon Middle School","sector":"public","kind":"district","district_irn":47183,"district":"Chardon Local","address":"424 North St Chardon, OH 44024","grades":"4-7","grades_guessed":false,"lo":4,"hi":7,"elem":1,"mid":1,"high":0,"enrollment":708,"pct_white":88.1,"pct_black":1.8,"pct_hispanic":4.9,"pct_asian":0,"pct_multi":4.5,"pct_other":0,"econ_dis_pct":22.9,"attendance":93.9,"chronic_abs":13.8,"stars_overall":4.5,"stars_achievement":5,"pi_pct":91.1,"stars_progress":3,"stars_gap":5,"stars_early_lit":null,"grad4":null,"stars_ccwmr":null,"affiliation":null,"st_ratio":null,"tuition_low":null,"tuition_high":null,"tuition_year":null,"tuition_basis":null,"edchoice":null,"tuition_source":null,"tuition_status":null,"tuition_notes":null,"demo_year":"2024-25","faith":"secular","website":null,"district_website":"https://www.chardonschools.org/"},"geometry":{"type":"Point","coordinates":[-81.20334,41.59097]}},{"type":"Feature","properties":{"id":"irn:35048","name":"Miller-South Visual Performing Arts","sector":"public","kind":"district","district_irn":43489,"district":"Akron City","address":"1055 East Ave Akron, OH 44307","grades":"4-8","grades_guessed":false,"lo":4,"hi":8,"elem":1,"mid":1,"high":0,"enrollment":398,"pct_white":55.1,"pct_black":28.7,"pct_hispanic":4,"pct_asian":0,"pct_multi":11.1,"pct_other":0,"econ_dis_pct":100,"attendance":93,"chronic_abs":21.5,"stars_overall":3.5,"stars_achievement":4,"pi_pct":81.4,"stars_progress":2,"stars_gap":4,"stars_early_lit":null,"grad4":null,"stars_ccwmr":null,"affiliation":null,"st_ratio":null,"tuition_low":null,"tuition_high":null,"tuition_year":null,"tuition_basis":null,"edchoice":null,"tuition_source":null,"tuition_status":null,"tuition_notes":null,"demo_year":"2024-25","faith":"secular","website":"https://www.akronschools.com","district_website":"https://www.akronschools.com/"},"geometry":{"type":"Point","coordinates":[-81.548286,41.069611]}},{"type":"Feature","properties":{"id":"irn:1800","name":"Bay Middle School","sector":"public","kind":"district","district_irn":43547,"district":"Bay Village City","address":"27725 Wolf Rd Bay Village, OH 44140","grades":"5-8","grades_guessed":false,"lo":5,"hi":8,"elem":1,"mid":1,"high":0,"enrollment":735,"pct_white":88.2,"pct_black":0,"pct_hispanic":5,"pct_asian":1.6,"pct_multi":4.7,"pct_other":0,"econ_dis_pct":11.8,"attendance":95,"chronic_abs":7.6,"stars_overall":5,"stars_achievement":5,"pi_pct":96.1,"stars_progress":4,"stars_gap":5,"stars_early_lit":null,"grad4":null,"stars_ccwmr":null,"affiliation":null,"st_ratio":null,"tuition_low":null,"tuition_high":null,"tuition_year":null,"tuition_basis":null,"edchoice":null,"tuition_source":null,"tuition_status":null,"tuition_notes":null,"demo_year":"2024-25","faith":"secular","website":null,"district_website":"https://www.bayk12.org/"},"geometry":{"type":"Point","coordinates":[-81.9264,41.48407]}},{"type":"Feature","properties":{"id":"irn:348","name":"Palm Elementary School","sector":"public","kind":"district","district_irn":44263,"district":"Lorain City","address":"2319 E 34th St Lorain, OH 44055","grades":"PK-5","grades_guessed":false,"lo":0,"hi":5,"elem":1,"mid":0,"high":0,"enrollment":297,"pct_white":15,"pct_black":20.5,"pct_hispanic":54.3,"pct_asian":0,"pct_multi":10.2,"pct_other":0,"econ_dis_pct":99.9,"attendance":86.8,"chronic_abs":50.5,"stars_overall":2,"stars_achievement":1,"pi_pct":46.4,"stars_progress":2,"stars_gap":2,"stars_early_lit":1,"grad4":null,"stars_ccwmr":null,"affiliation":null,"st_ratio":null,"tuition_low":null,"tuition_high":null,"tuition_year":null,"tuition_basis":null,"edchoice":null,"tuition_source":null,"tuition_status":null,"tuition_notes":null,"demo_year":"2024-25","faith":"secular","website":"http://www.lorainschools.org","district_website":"https://www.lorainschools.org/"},"geometry":{"type":"Point","coordinates":[-82.116804,41.43995]}},{"type":"Feature","properties":{"id":"irn:36871","name":"Tallmadge Middle School","sector":"public","kind":"district","district_irn":44883,"district":"Tallmadge City","address":"484 East Ave Tallmadge, OH 44278","grades":"6-8","grades_guessed":false,"lo":6,"hi":8,"elem":0,"mid":1,"high":0,"enrollment":613,"pct_white":75.1,"pct_black":5.6,"pct_hispanic":4,"pct_asian":11,"pct_multi":4.2,"pct_other":0,"econ_dis_pct":35.1,"attendance":93.4,"chronic_abs":15.2,"stars_overall":4.5,"stars_achievement":4,"pi_pct":80.3,"stars_progress":4,"stars_gap":5,"stars_early_lit":null,"grad4":null,"stars_ccwmr":null,"affiliation":null,"st_ratio":null,"tuition_low":null,"tuition_high":null,"tuition_year":null,"tuition_basis":null,"edchoice":null,"tuition_source":null,"tuition_status":null,"tuition_notes":null,"demo_year":"2024-25","faith":"secular","website":null,"district_website":"https://www.tallmadgeschools.org/"},"geometry":{"type":"Point","coordinates":[-81.42291,41.097798]}},{"type":"Feature","properties":{"id":"irn:14613","name":"Greenview School","sector":"public","kind":"district","district_irn":44792,"district":"South Euclid-Lyndhurst City","address":"1825 S Green Rd South Euclid, OH 44121","grades":"4-6","grades_guessed":false,"lo":4,"hi":6,"elem":1,"mid":1,"high":0,"enrollment":637,"pct_white":9,"pct_black":78.5,"pct_hispanic":3.4,"pct_asian":1.8,"pct_multi":7.2,"pct_other":0,"econ_dis_pct":100,"attendance":91.3,"chronic_abs":33.5,"stars_overall":3,"stars_achievement":2,"pi_pct":69.9,"stars_progress":2,"stars_gap":3,"stars_early_lit":null,"grad4":null,"stars_ccwmr":null,"affiliation":null,"st_ratio":null,"tuition_low":null,"tuition_high":null,"tuition_year":null,"tuition_basis":null,"edchoice":null,"tuition_source":null,"tuition_status":null,"tuition_notes":null,"demo_year":"2024-25","faith":"secular","website":null,"district_website":"https://www.selschools.org/"},"geometry":{"type":"Point","coordinates":[-81.519262,41.510201]}},{"type":"Feature","properties":{"id":"irn:7336","name":"Copopa Elementary School","sector":"public","kind":"district","district_irn":48140,"district":"Columbia Local","address":"13644 W River Rd Columbia Station, OH 44028","grades":"PK-4","grades_guessed":false,"lo":0,"hi":4,"elem":1,"mid":0,"high":0,"enrollment":426,"pct_white":74.8,"pct_black":0,"pct_hispanic":6.3,"pct_asian":14.2,"pct_multi":2.8,"pct_other":0,"econ_dis_pct":26.5,"attendance":94.7,"chronic_abs":8.6,"stars_overall":3.5,"stars_achievement":4,"pi_pct":87.4,"stars_progress":1,"stars_gap":4,"stars_early_lit":4,"grad4":null,"stars_ccwmr":null,"affiliation":null,"st_ratio":null,"tuition_low":null,"tuition_high":null,"tuition_year":null,"tuition_basis":null,"edchoice":null,"tuition_source":null,"tuition_status":null,"tuition_notes":null,"demo_year":"2024-25","faith":"secular","website":"http://www.columbia.k12.oh.us","district_website":"https://www.columbia.k12.oh.us/"},"geometry":{"type":"Point","coordinates":[-81.92507,41.316646]}},{"type":"Feature","properties":{"id":"irn:29611","name":"Orange Inclusive Preschool","sector":"public","kind":"district","district_irn":46581,"district":"Orange City","address":"32000 Chagrin Blvd Pepper Pike, OH 44124","grades":"K-5","grades_guessed":true,"lo":0,"hi":5,"elem":1,"mid":0,"high":0,"enrollment":null,"pct_white":null,"pct_black":null,"pct_hispanic":null,"pct_asian":null,"pct_multi":null,"pct_other":null,"econ_dis_pct":null,"attendance":null,"chronic_abs":null,"stars_overall":null,"stars_achievement":null,"pi_pct":null,"stars_progress":null,"stars_gap":null,"stars_early_lit":null,"grad4":null,"stars_ccwmr":null,"affiliation":null,"st_ratio":null,"tuition_low":null,"tuition_high":null,"tuition_year":null,"tuition_basis":null,"edchoice":null,"tuition_source":null,"tuition_status":null,"tuition_notes":null,"demo_year":"2024-25","faith":"secular","website":null,"district_website":"https://www.orangeschools.org/"},"geometry":{"type":"Point","coordinates":[-81.455034,41.459252]}},{"type":"Feature","properties":{"id":"irn:10198","name":"Midview East Intermediate School","sector":"public","kind":"district","district_irn":48173,"district":"Midview Local","address":"13060 Durkee Rd Grafton, OH 44044","grades":"5-6","grades_guessed":false,"lo":5,"hi":6,"elem":1,"mid":1,"high":0,"enrollment":429,"pct_white":83.7,"pct_black":3.4,"pct_hispanic":7.5,"pct_asian":0,"pct_multi":3.8,"pct_other":0,"econ_dis_pct":46.7,"attendance":93.2,"chronic_abs":18.4,"stars_overall":3.5,"stars_achievement":3,"pi_pct":79.5,"stars_progress":2,"stars_gap":4,"stars_early_lit":null,"grad4":null,"stars_ccwmr":null,"affiliation":null,"st_ratio":null,"tuition_low":null,"tuition_high":null,"tuition_year":null,"tuition_basis":null,"edchoice":null,"tuition_source":null,"tuition_status":null,"tuition_notes":null,"demo_year":"2024-25","faith":"secular","website":"https://www.midviewk12.org","district_website":"https://www.midviewk12.org/"},"geometry":{"type":"Point","coordinates":[-82.051029,41.298373]}},{"type":"Feature","properties":{"id":"irn:16883","name":"Rhodes College and Career Academy","sector":"public","kind":"district","district_irn":43786,"district":"Cleveland Municipal","address":"5100 Biddulph Ave Cleveland, OH 44144","grades":"9-12","grades_guessed":false,"lo":9,"hi":12,"elem":0,"mid":0,"high":1,"enrollment":561,"pct_white":18,"pct_black":53.9,"pct_hispanic":23.7,"pct_asian":0,"pct_multi":3.7,"pct_other":0,"econ_dis_pct":100,"attendance":76.1,"chronic_abs":80.5,"stars_overall":4,"stars_achievement":2,"pi_pct":64.4,"stars_progress":4,"stars_gap":4,"stars_early_lit":null,"grad4":92.9,"stars_ccwmr":4,"affiliation":null,"st_ratio":null,"tuition_low":null,"tuition_high":null,"tuition_year":null,"tuition_basis":null,"edchoice":null,"tuition_source":null,"tuition_status":null,"tuition_notes":null,"demo_year":"2024-25","faith":"secular","website":null,"district_website":"https://www.clevelandmetroschools.org/"},"geometry":{"type":"Point","coordinates":[-81.72129,41.4302]}},{"type":"Feature","properties":{"id":"irn:5074","name":"Case Community Learning Center","sector":"public","kind":"district","district_irn":43489,"district":"Akron City","address":"1420 Garman Rd Akron, OH 44313","grades":"PK-5","grades_guessed":false,"lo":0,"hi":5,"elem":1,"mid":0,"high":0,"enrollment":370,"pct_white":23.7,"pct_black":59.8,"pct_hispanic":5.1,"pct_asian":0,"pct_multi":10.1,"pct_other":0,"econ_dis_pct":100,"attendance":89.4,"chronic_abs":36.1,"stars_overall":4,"stars_achievement":3,"pi_pct":70.2,"stars_progress":5,"stars_gap":4,"stars_early_lit":2,"grad4":null,"stars_ccwmr":null,"affiliation":null,"st_ratio":null,"tuition_low":null,"tuition_high":null,"tuition_year":null,"tuition_basis":null,"edchoice":null,"tuition_source":null,"tuition_status":null,"tuition_notes":null,"demo_year":"2024-25","faith":"secular","website":null,"district_website":"https://www.akronschools.com/"},"geometry":{"type":"Point","coordinates":[-81.564901,41.116385]}},{"type":"Feature","properties":{"id":"irn:13847","name":"Halle","sector":"public","kind":"district","district_irn":43786,"district":"Cleveland Municipal","address":"7901 Halle Ave Cleveland, OH 44102","grades":"PK-8","grades_guessed":false,"lo":0,"hi":8,"elem":1,"mid":1,"high":0,"enrollment":435,"pct_white":18.3,"pct_black":49.5,"pct_hispanic":25.8,"pct_asian":0,"pct_multi":5.6,"pct_other":0,"econ_dis_pct":100,"attendance":81.6,"chronic_abs":60.7,"stars_overall":2,"stars_achievement":1,"pi_pct":38.1,"stars_progress":3,"stars_gap":1,"stars_early_lit":1,"grad4":null,"stars_ccwmr":null,"affiliation":null,"st_ratio":null,"tuition_low":null,"tuition_high":null,"tuition_year":null,"tuition_basis":null,"edchoice":null,"tuition_source":null,"tuition_status":null,"tuition_notes":null,"demo_year":"2024-25","faith":"secular","website":null,"district_website":"https://www.clevelandmetroschools.org/"},"geometry":{"type":"Point","coordinates":[-81.74007,41.46825]}},{"type":"Feature","properties":{"id":"irn:9222","name":"Helen Steiner Rice ES","sector":"public","kind":"district","district_irn":44263,"district":"Lorain City","address":"4500 Tacoma Ave Lorain, OH 44055","grades":"PK-5","grades_guessed":false,"lo":0,"hi":5,"elem":1,"mid":0,"high":0,"enrollment":296,"pct_white":21.6,"pct_black":12.1,"pct_hispanic":54.2,"pct_asian":0,"pct_multi":11.7,"pct_other":0,"econ_dis_pct":100,"attendance":88,"chronic_abs":46.1,"stars_overall":2,"stars_achievement":2,"pi_pct":55.3,"stars_progress":2,"stars_gap":2,"stars_early_lit":1,"grad4":null,"stars_ccwmr":null,"affiliation":null,"st_ratio":null,"tuition_low":null,"tuition_high":null,"tuition_year":null,"tuition_basis":null,"edchoice":null,"tuition_source":null,"tuition_status":null,"tuition_notes":null,"demo_year":"2024-25","faith":"secular","website":null,"district_website":"https://www.lorainschools.org/"},"geometry":{"type":"Point","coordinates":[-82.109845,41.428859]}},{"type":"Feature","properties":{"id":"irn:9221","name":"Toni Wofford Morrison ES","sector":"public","kind":"district","district_irn":44263,"district":"Lorain City","address":"1830 40th St Lorain, OH 44052","grades":"PK-5","grades_guessed":false,"lo":0,"hi":5,"elem":1,"mid":0,"high":0,"enrollment":321,"pct_white":20.6,"pct_black":19.9,"pct_hispanic":44.1,"pct_asian":0,"pct_multi":14,"pct_other":0,"econ_dis_pct":100,"attendance":88.4,"chronic_abs":47.9,"stars_overall":2.5,"stars_achievement":2,"pi_pct":60.4,"stars_progress":2,"stars_gap":2,"stars_early_lit":2,"grad4":null,"stars_ccwmr":null,"affiliation":null,"st_ratio":null,"tuition_low":null,"tuition_high":null,"tuition_year":null,"tuition_basis":null,"edchoice":null,"tuition_source":null,"tuition_status":null,"tuition_notes":null,"demo_year":"2024-25","faith":"secular","website":null,"district_website":"https://www.lorainschools.org/"},"geometry":{"type":"Point","coordinates":[-82.196459,41.434479]}},{"type":"Feature","properties":{"id":"irn:15578","name":"Harvey Rice Elementary School","sector":"public","kind":"district","district_irn":43786,"district":"Cleveland Municipal","address":"2730 East 116th Cleveland, OH 44120","grades":"PK-8","grades_guessed":false,"lo":0,"hi":8,"elem":1,"mid":1,"high":0,"enrollment":463,"pct_white":0,"pct_black":96.2,"pct_hispanic":0,"pct_asian":0,"pct_multi":0,"pct_other":0,"econ_dis_pct":100,"attendance":81.6,"chronic_abs":68.7,"stars_overall":2,"stars_achievement":1,"pi_pct":38.6,"stars_progress":3,"stars_gap":2,"stars_early_lit":1,"grad4":null,"stars_ccwmr":null,"affiliation":null,"st_ratio":null,"tuition_low":null,"tuition_high":null,"tuition_year":null,"tuition_basis":null,"edchoice":null,"tuition_source":null,"tuition_status":null,"tuition_notes":null,"demo_year":"2024-25","faith":"secular","website":null,"district_website":"https://www.clevelandmetroschools.org/"},"geometry":{"type":"Point","coordinates":[-81.603092,41.484811]}},{"type":"Feature","properties":{"id":"irn:12682","name":"Albert Bushnell Hart","sector":"public","kind":"district","district_irn":43786,"district":"Cleveland Municipal","address":"3900 E 75th St Cleveland, OH 44105","grades":"PK-8","grades_guessed":false,"lo":0,"hi":8,"elem":1,"mid":1,"high":0,"enrollment":259,"pct_white":9.7,"pct_black":80.3,"pct_hispanic":4.3,"pct_asian":0,"pct_multi":4.8,"pct_other":0,"econ_dis_pct":100,"attendance":86.7,"chronic_abs":52.6,"stars_overall":3.5,"stars_achievement":2,"pi_pct":55.4,"stars_progress":5,"stars_gap":3,"stars_early_lit":2,"grad4":null,"stars_ccwmr":null,"affiliation":null,"st_ratio":null,"tuition_low":null,"tuition_high":null,"tuition_year":null,"tuition_basis":null,"edchoice":null,"tuition_source":null,"tuition_status":null,"tuition_notes":null,"demo_year":"2024-25","faith":"secular","website":null,"district_website":"https://www.clevelandmetroschools.org/"},"geometry":{"type":"Point","coordinates":[-81.63595,41.45208]}},{"type":"Feature","properties":{"id":"irn:12335","name":"New Beginnings","sector":"public","kind":"district","district_irn":44263,"district":"Lorain City","address":"2600 Ashland Ave Lorain, OH 44052","grades":"10-12","grades_guessed":false,"lo":10,"hi":12,"elem":0,"mid":0,"high":1,"enrollment":144,"pct_white":13.5,"pct_black":40,"pct_hispanic":38.3,"pct_asian":0,"pct_multi":8.2,"pct_other":0,"econ_dis_pct":100,"attendance":63.5,"chronic_abs":87.9,"stars_overall":1.5,"stars_achievement":1,"pi_pct":33.4,"stars_progress":1,"stars_gap":2,"stars_early_lit":null,"grad4":67.6,"stars_ccwmr":2,"affiliation":null,"st_ratio":null,"tuition_low":null,"tuition_high":null,"tuition_year":null,"tuition_basis":null,"edchoice":null,"tuition_source":null,"tuition_status":null,"tuition_notes":null,"demo_year":"2024-25","faith":"secular","website":"https://www.lorainschools.org","district_website":"https://www.lorainschools.org/"},"geometry":{"type":"Point","coordinates":[-82.1912,41.44661]}},{"type":"Feature","properties":{"id":"irn:20348","name":"Springfield Preschool Center","sector":"public","kind":"district","district_irn":50062,"district":"Springfield Local","address":"2141 Pickle Rd Akron, OH 44312","grades":"K-5","grades_guessed":true,"lo":0,"hi":5,"elem":1,"mid":0,"high":0,"enrollment":null,"pct_white":null,"pct_black":null,"pct_hispanic":null,"pct_asian":null,"pct_multi":null,"pct_other":null,"econ_dis_pct":null,"attendance":null,"chronic_abs":null,"stars_overall":null,"stars_achievement":null,"pi_pct":null,"stars_progress":null,"stars_gap":null,"stars_early_lit":null,"grad4":null,"stars_ccwmr":null,"affiliation":null,"st_ratio":null,"tuition_low":null,"tuition_high":null,"tuition_year":null,"tuition_basis":null,"edchoice":null,"tuition_source":null,"tuition_status":null,"tuition_notes":null,"demo_year":"2024-25","faith":"secular","website":null,"district_website":"https://www.springfieldspartans.org/"},"geometry":{"type":"Point","coordinates":[-81.473134,41.00541]}},{"type":"Feature","properties":{"id":"irn:10751","name":"Eastern Heights Middle School","sector":"public","kind":"district","district_irn":43943,"district":"Elyria City Schools","address":"528 Garford Ave Elyria, OH 44035","grades":"5-8","grades_guessed":false,"lo":5,"hi":8,"elem":1,"mid":1,"high":0,"enrollment":547,"pct_white":45,"pct_black":16.5,"pct_hispanic":17,"pct_asian":0,"pct_multi":21.6,"pct_other":0,"econ_dis_pct":100,"attendance":89.3,"chronic_abs":37.3,"stars_overall":3,"stars_achievement":2,"pi_pct":57.5,"stars_progress":3,"stars_gap":2,"stars_early_lit":null,"grad4":null,"stars_ccwmr":null,"affiliation":null,"st_ratio":null,"tuition_low":null,"tuition_high":null,"tuition_year":null,"tuition_basis":null,"edchoice":null,"tuition_source":null,"tuition_status":null,"tuition_notes":null,"demo_year":"2024-25","faith":"secular","website":null,"district_website":"https://www.elyriaschools.org/"},"geometry":{"type":"Point","coordinates":[-82.091469,41.363004]}},{"type":"Feature","properties":{"id":"irn:30528","name":"Barberton Intermediate School","sector":"public","kind":"district","district_irn":43539,"district":"Barberton City","address":"292 Robinson Ave Barberton, OH 44203","grades":"3-5","grades_guessed":false,"lo":3,"hi":5,"elem":1,"mid":0,"high":0,"enrollment":661,"pct_white":65.5,"pct_black":15.2,"pct_hispanic":5.2,"pct_asian":0,"pct_multi":13.1,"pct_other":0,"econ_dis_pct":81.9,"attendance":91.5,"chronic_abs":27.5,"stars_overall":3,"stars_achievement":3,"pi_pct":73,"stars_progress":2,"stars_gap":3,"stars_early_lit":2,"grad4":null,"stars_ccwmr":null,"affiliation":null,"st_ratio":null,"tuition_low":null,"tuition_high":null,"tuition_year":null,"tuition_basis":null,"edchoice":null,"tuition_source":null,"tuition_status":null,"tuition_notes":null,"demo_year":"2024-25","faith":"secular","website":null,"district_website":"https://www.barbertonschools.org/"},"geometry":{"type":"Point","coordinates":[-81.594706,41.009077]}},{"type":"Feature","properties":{"id":"irn:98418","name":"Lakeview Elementary School","sector":"public","kind":"district","district_irn":44834,"district":"Stow-Munroe Falls City School District","address":"1819 Graham Rd Stow, OH 44224","grades":"5-6","grades_guessed":false,"lo":5,"hi":6,"elem":1,"mid":1,"high":0,"enrollment":747,"pct_white":80.1,"pct_black":5.6,"pct_hispanic":2.7,"pct_asian":6.2,"pct_multi":5.1,"pct_other":0,"econ_dis_pct":38.1,"attendance":94.3,"chronic_abs":12.3,"stars_overall":3.5,"stars_achievement":4,"pi_pct":80.2,"stars_progress":2,"stars_gap":4,"stars_early_lit":null,"grad4":null,"stars_ccwmr":null,"affiliation":null,"st_ratio":null,"tuition_low":null,"tuition_high":null,"tuition_year":null,"tuition_basis":null,"edchoice":null,"tuition_source":null,"tuition_status":null,"tuition_notes":null,"demo_year":"2024-25","faith":"secular","website":null,"district_website":"https://www.smfschools.org/"},"geometry":{"type":"Point","coordinates":[-81.448248,41.168606]}},{"type":"Feature","properties":{"id":"irn:33746","name":"Schumacher Community Learning Center","sector":"public","kind":"district","district_irn":43489,"district":"Akron City","address":"1020 Hartford Ave Akron, OH 44320","grades":"K-5","grades_guessed":false,"lo":0,"hi":5,"elem":1,"mid":0,"high":0,"enrollment":347,"pct_white":5.1,"pct_black":78,"pct_hispanic":6.7,"pct_asian":0,"pct_multi":8.8,"pct_other":0,"econ_dis_pct":100,"attendance":90.3,"chronic_abs":35,"stars_overall":3,"stars_achievement":2,"pi_pct":55.5,"stars_progress":4,"stars_gap":3,"stars_early_lit":2,"grad4":null,"stars_ccwmr":null,"affiliation":null,"st_ratio":null,"tuition_low":null,"tuition_high":null,"tuition_year":null,"tuition_basis":null,"edchoice":null,"tuition_source":null,"tuition_status":null,"tuition_notes":null,"demo_year":"2024-25","faith":"secular","website":null,"district_website":"https://www.akronschools.com/"},"geometry":{"type":"Point","coordinates":[-81.56431,41.079115]}},{"type":"Feature","properties":{"id":"irn:32482","name":"Spring Hill Elementary","sector":"public","kind":"district","district_irn":50062,"district":"Springfield Local","address":"660 Lessig Ave Akron, OH 44312","grades":"K-3","grades_guessed":false,"lo":0,"hi":3,"elem":1,"mid":0,"high":0,"enrollment":479,"pct_white":75.1,"pct_black":12.2,"pct_hispanic":4.8,"pct_asian":6,"pct_multi":0,"pct_other":0,"econ_dis_pct":67.2,"attendance":92.7,"chronic_abs":23.7,"stars_overall":2,"stars_achievement":2,"pi_pct":61.9,"stars_progress":null,"stars_gap":2,"stars_early_lit":1,"grad4":null,"stars_ccwmr":null,"affiliation":null,"st_ratio":null,"tuition_low":null,"tuition_high":null,"tuition_year":null,"tuition_basis":null,"edchoice":null,"tuition_source":null,"tuition_status":null,"tuition_notes":null,"demo_year":"2024-25","faith":"secular","website":null,"district_website":"https://www.springfieldspartans.org/"},"geometry":{"type":"Point","coordinates":[-81.403786,41.032798]}},{"type":"Feature","properties":{"id":"irn:13193","name":"Gates Mills Elementary School","sector":"public","kind":"district","district_irn":44370,"district":"Mayfield City","address":"7639 Colvin Rd Gates Mills, OH 44040","grades":"K-5","grades_guessed":false,"lo":0,"hi":5,"elem":1,"mid":0,"high":0,"enrollment":120,"pct_white":46.2,"pct_black":28.8,"pct_hispanic":0,"pct_asian":12.5,"pct_multi":0,"pct_other":0,"econ_dis_pct":42.5,"attendance":93.9,"chronic_abs":17.4,"stars_overall":5,"stars_achievement":5,"pi_pct":101,"stars_progress":3,"stars_gap":5,"stars_early_lit":5,"grad4":null,"stars_ccwmr":null,"affiliation":null,"st_ratio":null,"tuition_low":null,"tuition_high":null,"tuition_year":null,"tuition_basis":null,"edchoice":null,"tuition_source":null,"tuition_status":null,"tuition_notes":null,"demo_year":"2024-25","faith":"secular","website":null,"district_website":"https://www.mayfieldschools.org/"},"geometry":{"type":"Point","coordinates":[-81.40403,41.52232]}},{"type":"Feature","properties":{"id":"irn:23135","name":"Mason Community Learning Center","sector":"public","kind":"district","district_irn":43489,"district":"Akron City","address":"700 E Exchange St Akron, OH 44306","grades":"PK-5","grades_guessed":false,"lo":0,"hi":5,"elem":1,"mid":0,"high":0,"enrollment":381,"pct_white":15.5,"pct_black":57.3,"pct_hispanic":9.8,"pct_asian":0,"pct_multi":15.5,"pct_other":0,"econ_dis_pct":100,"attendance":88.7,"chronic_abs":43.1,"stars_overall":2,"stars_achievement":2,"pi_pct":55.2,"stars_progress":1,"stars_gap":3,"stars_early_lit":1,"grad4":null,"stars_ccwmr":null,"affiliation":null,"st_ratio":null,"tuition_low":null,"tuition_high":null,"tuition_year":null,"tuition_basis":null,"edchoice":null,"tuition_source":null,"tuition_status":null,"tuition_notes":null,"demo_year":"2024-25","faith":"secular","website":"https://www.akronschools.com","district_website":"https://www.akronschools.com/"},"geometry":{"type":"Point","coordinates":[-81.498364,41.070067]}},{"type":"Feature","properties":{"id":"irn:28647","name":"Onaway Elementary School","sector":"public","kind":"district","district_irn":44750,"district":"Shaker Heights City","address":"3115 Woodbury Rd Shaker Heights, OH 44120","grades":"PK-5","grades_guessed":false,"lo":0,"hi":5,"elem":1,"mid":0,"high":0,"enrollment":468,"pct_white":49.8,"pct_black":34.8,"pct_hispanic":3.3,"pct_asian":0,"pct_multi":10.5,"pct_other":0,"econ_dis_pct":30,"attendance":94.8,"chronic_abs":10.4,"stars_overall":4,"stars_achievement":4,"pi_pct":86.6,"stars_progress":3,"stars_gap":4,"stars_early_lit":4,"grad4":null,"stars_ccwmr":null,"affiliation":null,"st_ratio":null,"tuition_low":null,"tuition_high":null,"tuition_year":null,"tuition_basis":null,"edchoice":null,"tuition_source":null,"tuition_status":null,"tuition_notes":null,"demo_year":"2024-25","faith":"secular","website":null,"district_website":"https://www.shaker.org/"},"geometry":{"type":"Point","coordinates":[-81.575742,41.477659]}},{"type":"Feature","properties":{"id":"irn:13136","name":"Garfield Heights High School","sector":"public","kind":"district","district_irn":44040,"district":"Garfield Heights City Schools","address":"4900 Turney Rd Garfield Heights, OH 44125","grades":"9-12","grades_guessed":false,"lo":9,"hi":12,"elem":0,"mid":0,"high":1,"enrollment":859,"pct_white":5.5,"pct_black":46.7,"pct_hispanic":0,"pct_asian":0,"pct_multi":46.9,"pct_other":0,"econ_dis_pct":98,"attendance":78.1,"chronic_abs":72,"stars_overall":3,"stars_achievement":2,"pi_pct":56.9,"stars_progress":4,"stars_gap":2,"stars_early_lit":null,"grad4":88.8,"stars_ccwmr":3,"affiliation":null,"st_ratio":null,"tuition_low":null,"tuition_high":null,"tuition_year":null,"tuition_basis":null,"edchoice":null,"tuition_source":null,"tuition_status":null,"tuition_notes":null,"demo_year":"2024-25","faith":"secular","website":null,"district_website":"https://www.garfieldheightscityschools.com/"},"geometry":{"type":"Point","coordinates":[-81.613323,41.426785]}},{"type":"Feature","properties":{"id":"irn:8383","name":"Denison","sector":"public","kind":"district","district_irn":43786,"district":"Cleveland Municipal","address":"3799 W 33rd St Cleveland, OH 44109","grades":"PK-8","grades_guessed":false,"lo":0,"hi":8,"elem":1,"mid":1,"high":0,"enrollment":265,"pct_white":23.6,"pct_black":32.6,"pct_hispanic":32.4,"pct_asian":0,"pct_multi":8.1,"pct_other":0,"econ_dis_pct":100,"attendance":86.8,"chronic_abs":53.3,"stars_overall":3.5,"stars_achievement":2,"pi_pct":65.1,"stars_progress":4,"stars_gap":3,"stars_early_lit":2,"grad4":null,"stars_ccwmr":null,"affiliation":null,"st_ratio":null,"tuition_low":null,"tuition_high":null,"tuition_year":null,"tuition_basis":null,"edchoice":null,"tuition_source":null,"tuition_status":null,"tuition_notes":null,"demo_year":"2024-25","faith":"secular","website":null,"district_website":"https://www.clevelandmetroschools.org/"},"geometry":{"type":"Point","coordinates":[-81.704871,41.451578]}},{"type":"Feature","properties":{"id":"irn:62760","name":"Luis Munoz Marin School","sector":"public","kind":"district","district_irn":43786,"district":"Cleveland Municipal","address":"1701 Castle Ave Cleveland, OH 44113","grades":"PK-8","grades_guessed":false,"lo":0,"hi":8,"elem":1,"mid":1,"high":0,"enrollment":510,"pct_white":8.5,"pct_black":14,"pct_hispanic":74.8,"pct_asian":0,"pct_multi":2.3,"pct_other":0,"econ_dis_pct":100,"attendance":85.2,"chronic_abs":54.9,"stars_overall":2,"stars_achievement":1,"pi_pct":37.1,"stars_progress":3,"stars_gap":1,"stars_early_lit":1,"grad4":null,"stars_ccwmr":null,"affiliation":null,"st_ratio":null,"tuition_low":null,"tuition_high":null,"tuition_year":null,"tuition_basis":null,"edchoice":null,"tuition_source":null,"tuition_status":null,"tuition_notes":null,"demo_year":"2024-25","faith":"secular","website":null,"district_website":"https://www.clevelandmetroschools.org/"},"geometry":{"type":"Point","coordinates":[-81.69453,41.47107]}},{"type":"Feature","properties":{"id":"irn:3988","name":"Midview North Elementary School","sector":"public","kind":"district","district_irn":48173,"district":"Midview Local","address":"13070 Durkee Rd Grafton, OH 44044","grades":"K-2","grades_guessed":false,"lo":0,"hi":2,"elem":1,"mid":0,"high":0,"enrollment":517,"pct_white":81.4,"pct_black":3.2,"pct_hispanic":7.6,"pct_asian":0,"pct_multi":7.2,"pct_other":0,"econ_dis_pct":48.9,"attendance":93.4,"chronic_abs":16.4,"stars_overall":3,"stars_achievement":null,"pi_pct":null,"stars_progress":null,"stars_gap":4,"stars_early_lit":1,"grad4":null,"stars_ccwmr":null,"affiliation":null,"st_ratio":null,"tuition_low":null,"tuition_high":null,"tuition_year":null,"tuition_basis":null,"edchoice":null,"tuition_source":null,"tuition_status":null,"tuition_notes":null,"demo_year":"2024-25","faith":"secular","website":null,"district_website":"https://www.midviewk12.org/"},"geometry":{"type":"Point","coordinates":[-82.05117,41.298387]}},{"type":"Feature","properties":{"id":"irn:8490","name":"Dike School of Arts","sector":"public","kind":"district","district_irn":43786,"district":"Cleveland Municipal","address":"2501 E 61st St Cleveland, OH 44104","grades":"PK-8","grades_guessed":false,"lo":0,"hi":8,"elem":1,"mid":1,"high":0,"enrollment":300,"pct_white":0,"pct_black":95.7,"pct_hispanic":0,"pct_asian":0,"pct_multi":0,"pct_other":0,"econ_dis_pct":100,"attendance":87.2,"chronic_abs":50.1,"stars_overall":2,"stars_achievement":1,"pi_pct":45.2,"stars_progress":3,"stars_gap":1,"stars_early_lit":1,"grad4":null,"stars_ccwmr":null,"affiliation":null,"st_ratio":null,"tuition_low":null,"tuition_high":null,"tuition_year":null,"tuition_basis":null,"edchoice":null,"tuition_source":null,"tuition_status":null,"tuition_notes":null,"demo_year":"2024-25","faith":"secular","website":null,"district_website":"https://www.clevelandmetroschools.org/"},"geometry":{"type":"Point","coordinates":[-81.64751,41.49054]}},{"type":"Feature","properties":{"id":"irn:877","name":"Applewood Elementary School","sector":"public","kind":"district","district_irn":43661,"district":"Brunswick City","address":"3891 Applewood Dr Brunswick, OH 44212","grades":"K-5","grades_guessed":false,"lo":0,"hi":5,"elem":1,"mid":0,"high":0,"enrollment":470,"pct_white":81.7,"pct_black":6.8,"pct_hispanic":3.4,"pct_asian":2.8,"pct_multi":5.3,"pct_other":0,"econ_dis_pct":40,"attendance":94.1,"chronic_abs":14.8,"stars_overall":3.5,"stars_achievement":4,"pi_pct":83.9,"stars_progress":3,"stars_gap":3,"stars_early_lit":3,"grad4":null,"stars_ccwmr":null,"affiliation":null,"st_ratio":null,"tuition_low":null,"tuition_high":null,"tuition_year":null,"tuition_basis":null,"edchoice":null,"tuition_source":null,"tuition_status":null,"tuition_notes":null,"demo_year":"2024-25","faith":"secular","website":"https://www.bcsoh.org/Domain/10","district_website":"https://www.bcsoh.org/"},"geometry":{"type":"Point","coordinates":[-81.826221,41.223619]}},{"type":"Feature","properties":{"id":"irn:17533","name":"Isham Memorial Elementary School","sector":"public","kind":"district","district_irn":44974,"district":"Wadsworth City","address":"325 Sunset Blvd Wadsworth, OH 44281","grades":"K-4","grades_guessed":false,"lo":0,"hi":4,"elem":1,"mid":0,"high":0,"enrollment":341,"pct_white":83.8,"pct_black":0,"pct_hispanic":7.5,"pct_asian":0,"pct_multi":5,"pct_other":0,"econ_dis_pct":39.8,"attendance":94.5,"chronic_abs":11.9,"stars_overall":4.5,"stars_achievement":4,"pi_pct":89.6,"stars_progress":4,"stars_gap":4,"stars_early_lit":3,"grad4":null,"stars_ccwmr":null,"affiliation":null,"st_ratio":null,"tuition_low":null,"tuition_high":null,"tuition_year":null,"tuition_basis":null,"edchoice":null,"tuition_source":null,"tuition_status":null,"tuition_notes":null,"demo_year":"2024-25","faith":"secular","website":null,"district_website":"https://www.wadsworthschools.org/"},"geometry":{"type":"Point","coordinates":[-81.739602,41.027622]}},{"type":"Feature","properties":{"id":"irn:22533","name":"Maple Elementary School","sector":"public","kind":"district","district_irn":44529,"district":"North Olmsted City","address":"24101 Maple Ridge Rd North Olmsted, OH 44070","grades":"1-3","grades_guessed":false,"lo":1,"hi":3,"elem":1,"mid":0,"high":0,"enrollment":349,"pct_white":72.4,"pct_black":6.4,"pct_hispanic":11,"pct_asian":4.1,"pct_multi":6.1,"pct_other":0,"econ_dis_pct":100,"attendance":94.2,"chronic_abs":12.8,"stars_overall":4,"stars_achievement":3,"pi_pct":78,"stars_progress":null,"stars_gap":5,"stars_early_lit":2,"grad4":null,"stars_ccwmr":null,"affiliation":null,"st_ratio":null,"tuition_low":null,"tuition_high":null,"tuition_year":null,"tuition_basis":null,"edchoice":null,"tuition_source":null,"tuition_status":null,"tuition_notes":null,"demo_year":"2024-25","faith":"secular","website":"https://www.northolmstedschools.org/mapleschool_home.aspx","district_website":"https://www.northolmstedschools.org/"},"geometry":{"type":"Point","coordinates":[-81.88862,41.43919]}},{"type":"Feature","properties":{"id":"irn:12286","name":"Franklin Elementary School","sector":"public","kind":"district","district_irn":44974,"district":"Wadsworth City","address":"200 Takacs Dr Wadsworth, OH 44281","grades":"K-4","grades_guessed":false,"lo":0,"hi":4,"elem":1,"mid":0,"high":0,"enrollment":247,"pct_white":88.4,"pct_black":0,"pct_hispanic":4.8,"pct_asian":0,"pct_multi":5.1,"pct_other":0,"econ_dis_pct":26.6,"attendance":95,"chronic_abs":10.6,"stars_overall":4.5,"stars_achievement":4,"pi_pct":89.4,"stars_progress":3,"stars_gap":5,"stars_early_lit":4,"grad4":null,"stars_ccwmr":null,"affiliation":null,"st_ratio":null,"tuition_low":null,"tuition_high":null,"tuition_year":null,"tuition_basis":null,"edchoice":null,"tuition_source":null,"tuition_status":null,"tuition_notes":null,"demo_year":"2024-25","faith":"secular","website":null,"district_website":"https://www.wadsworthschools.org/"},"geometry":{"type":"Point","coordinates":[-81.725256,41.012924]}},{"type":"Feature","properties":{"id":"irn:61911","name":"Troy Intermediate Elementary School","sector":"public","kind":"district","district_irn":48124,"district":"Avon Lake City","address":"237 Belmar Blvd Avon Lake, OH 44012","grades":"5-6","grades_guessed":false,"lo":5,"hi":6,"elem":1,"mid":1,"high":0,"enrollment":541,"pct_white":83.7,"pct_black":2,"pct_hispanic":7.7,"pct_asian":2,"pct_multi":4.4,"pct_other":0,"econ_dis_pct":15.9,"attendance":94.3,"chronic_abs":11.7,"stars_overall":5,"stars_achievement":5,"pi_pct":93.5,"stars_progress":4,"stars_gap":5,"stars_early_lit":null,"grad4":null,"stars_ccwmr":null,"affiliation":null,"st_ratio":null,"tuition_low":null,"tuition_high":null,"tuition_year":null,"tuition_basis":null,"edchoice":null,"tuition_source":null,"tuition_status":null,"tuition_notes":null,"demo_year":"2024-25","faith":"secular","website":null,"district_website":"https://www.avonlakecityschools.org/"},"geometry":{"type":"Point","coordinates":[-82.039375,41.500187]}},{"type":"Feature","properties":{"id":"irn:21378","name":"Longfellow Elementary School","sector":"public","kind":"district","district_irn":45104,"district":"Willoughby-Eastlake City","address":"35200 Stevens Blvd Eastlake, OH 44095","grades":"K-5","grades_guessed":false,"lo":0,"hi":5,"elem":1,"mid":0,"high":0,"enrollment":431,"pct_white":68.5,"pct_black":14.2,"pct_hispanic":6.1,"pct_asian":0,"pct_multi":10.9,"pct_other":0,"econ_dis_pct":61,"attendance":92.6,"chronic_abs":21.6,"stars_overall":3.5,"stars_achievement":3,"pi_pct":76.5,"stars_progress":3,"stars_gap":3,"stars_early_lit":3,"grad4":null,"stars_ccwmr":null,"affiliation":null,"st_ratio":null,"tuition_low":null,"tuition_high":null,"tuition_year":null,"tuition_basis":null,"edchoice":null,"tuition_source":null,"tuition_status":null,"tuition_notes":null,"demo_year":"2024-25","faith":"secular","website":null,"district_website":"https://www.weschools.org/"},"geometry":{"type":"Point","coordinates":[-81.43983,41.64828]}},{"type":"Feature","properties":{"id":"irn:27359","name":"Normandy Elementary School","sector":"public","kind":"district","district_irn":43547,"district":"Bay Village City","address":"26920 Normandy Rd Bay Village, OH 44140","grades":"K-2","grades_guessed":false,"lo":0,"hi":2,"elem":1,"mid":0,"high":0,"enrollment":478,"pct_white":91.2,"pct_black":0,"pct_hispanic":3.6,"pct_asian":0,"pct_multi":3.6,"pct_other":0,"econ_dis_pct":7,"attendance":96.1,"chronic_abs":2.9,"stars_overall":4,"stars_achievement":null,"pi_pct":null,"stars_progress":null,"stars_gap":4,"stars_early_lit":null,"grad4":null,"stars_ccwmr":null,"affiliation":null,"st_ratio":null,"tuition_low":null,"tuition_high":null,"tuition_year":null,"tuition_basis":null,"edchoice":null,"tuition_source":null,"tuition_status":null,"tuition_notes":null,"demo_year":"2024-25","faith":"secular","website":null,"district_website":"https://www.bayk12.org/"},"geometry":{"type":"Point","coordinates":[-81.917938,41.483177]}},{"type":"Feature","properties":{"id":"irn:11304","name":"Fairview High School","sector":"public","kind":"district","district_irn":43976,"district":"Fairview Park City","address":"4507 W 213 Street Fairview Park, OH 44126","grades":"9-12","grades_guessed":false,"lo":9,"hi":12,"elem":0,"mid":0,"high":1,"enrollment":411,"pct_white":84.2,"pct_black":4.6,"pct_hispanic":4,"pct_asian":0,"pct_multi":4.8,"pct_other":0,"econ_dis_pct":27.3,"attendance":91.9,"chronic_abs":22.5,"stars_overall":4,"stars_achievement":4,"pi_pct":84.9,"stars_progress":3,"stars_gap":3,"stars_early_lit":null,"grad4":92.9,"stars_ccwmr":3,"affiliation":null,"st_ratio":null,"tuition_low":null,"tuition_high":null,"tuition_year":null,"tuition_basis":null,"edchoice":null,"tuition_source":null,"tuition_status":null,"tuition_notes":null,"demo_year":"2024-25","faith":"secular","website":null,"district_website":"https://www.fairviewparkschools.org/"},"geometry":{"type":"Point","coordinates":[-81.856467,41.442164]}},{"type":"Feature","properties":{"id":"irn:6940","name":"Collinwood High School","sector":"public","kind":"district","district_irn":43786,"district":"Cleveland Municipal","address":"15210 Saint Clair Ave Cleveland, OH 44110","grades":"9-12","grades_guessed":false,"lo":9,"hi":12,"elem":0,"mid":0,"high":1,"enrollment":235,"pct_white":0,"pct_black":92.8,"pct_hispanic":0,"pct_asian":0,"pct_multi":0,"pct_other":0,"econ_dis_pct":100,"attendance":62.9,"chronic_abs":81.3,"stars_overall":2,"stars_achievement":1,"pi_pct":42.2,"stars_progress":2,"stars_gap":1,"stars_early_lit":null,"grad4":50,"stars_ccwmr":3,"affiliation":null,"st_ratio":null,"tuition_low":null,"tuition_high":null,"tuition_year":null,"tuition_basis":null,"edchoice":null,"tuition_source":null,"tuition_status":null,"tuition_notes":null,"demo_year":"2024-25","faith":"secular","website":null,"district_website":"https://www.clevelandmetroschools.org/"},"geometry":{"type":"Point","coordinates":[-81.57384,41.55312]}},{"type":"Feature","properties":{"id":"irn:8987","name":"East Clark","sector":"public","kind":"district","district_irn":43786,"district":"Cleveland Municipal","address":"885 E 146th St Cleveland, OH 44110","grades":"K-8","grades_guessed":false,"lo":0,"hi":8,"elem":1,"mid":1,"high":0,"enrollment":176,"pct_white":0,"pct_black":94.5,"pct_hispanic":0,"pct_asian":0,"pct_multi":0,"pct_other":0,"econ_dis_pct":100,"attendance":82.7,"chronic_abs":59.9,"stars_overall":2.5,"stars_achievement":2,"pi_pct":52,"stars_progress":3,"stars_gap":3,"stars_early_lit":1,"grad4":null,"stars_ccwmr":null,"affiliation":null,"st_ratio":null,"tuition_low":null,"tuition_high":null,"tuition_year":null,"tuition_basis":null,"edchoice":null,"tuition_source":null,"tuition_status":null,"tuition_notes":null,"demo_year":"2024-25","faith":"secular","website":null,"district_website":"https://www.clevelandmetroschools.org/"},"geometry":{"type":"Point","coordinates":[-81.580311,41.555209]}},{"type":"Feature","properties":{"id":"irn:68510","name":"Liberty Elementary School","sector":"public","kind":"district","district_irn":44537,"district":"North Ridgeville City","address":"5700 Jaycox Rd North Ridgeville, OH 44039","grades":"1-2","grades_guessed":false,"lo":1,"hi":2,"elem":1,"mid":0,"high":0,"enrollment":626,"pct_white":82.6,"pct_black":1.7,"pct_hispanic":7.8,"pct_asian":2.5,"pct_multi":5.3,"pct_other":0,"econ_dis_pct":31.4,"attendance":94.2,"chronic_abs":12,"stars_overall":3.5,"stars_achievement":null,"pi_pct":null,"stars_progress":null,"stars_gap":3,"stars_early_lit":4,"grad4":null,"stars_ccwmr":null,"affiliation":null,"st_ratio":null,"tuition_low":null,"tuition_high":null,"tuition_year":null,"tuition_basis":null,"edchoice":null,"tuition_source":null,"tuition_status":null,"tuition_notes":null,"demo_year":"2024-25","faith":"secular","website":null,"district_website":"https://www.nrschools.org/"},"geometry":{"type":"Point","coordinates":[-82.006603,41.406098]}},{"type":"Feature","properties":{"id":"irn:21097","name":"Litchfield Community Learning Center","sector":"public","kind":"district","district_irn":43489,"district":"Akron City","address":"470 Castle Blvd Akron, OH 44313","grades":"6-8","grades_guessed":false,"lo":6,"hi":8,"elem":0,"mid":1,"high":0,"enrollment":468,"pct_white":22.5,"pct_black":62.4,"pct_hispanic":5,"pct_asian":0,"pct_multi":8.7,"pct_other":0,"econ_dis_pct":100,"attendance":86.7,"chronic_abs":47.8,"stars_overall":2.5,"stars_achievement":2,"pi_pct":55.4,"stars_progress":2,"stars_gap":3,"stars_early_lit":null,"grad4":null,"stars_ccwmr":null,"affiliation":null,"st_ratio":null,"tuition_low":null,"tuition_high":null,"tuition_year":null,"tuition_basis":null,"edchoice":null,"tuition_source":null,"tuition_status":null,"tuition_notes":null,"demo_year":"2024-25","faith":"secular","website":null,"district_website":"https://www.akronschools.com/"},"geometry":{"type":"Point","coordinates":[-81.562562,41.118716]}},{"type":"Feature","properties":{"id":"irn:16253","name":"David Hill Community Learning Center","sector":"public","kind":"district","district_irn":43489,"district":"Akron City","address":"1060 E Archwood Ave Akron, OH 44306","grades":"PK-5","grades_guessed":false,"lo":0,"hi":5,"elem":1,"mid":0,"high":0,"enrollment":355,"pct_white":8.9,"pct_black":68.1,"pct_hispanic":9.7,"pct_asian":0,"pct_multi":10.3,"pct_other":0,"econ_dis_pct":100,"attendance":87.1,"chronic_abs":51.2,"stars_overall":2.5,"stars_achievement":2,"pi_pct":53.2,"stars_progress":4,"stars_gap":1,"stars_early_lit":1,"grad4":null,"stars_ccwmr":null,"affiliation":null,"st_ratio":null,"tuition_low":null,"tuition_high":null,"tuition_year":null,"tuition_basis":null,"edchoice":null,"tuition_source":null,"tuition_status":null,"tuition_notes":null,"demo_year":"2024-25","faith":"secular","website":"https://www.akronschools.com","district_website":"https://www.akronschools.com/"},"geometry":{"type":"Point","coordinates":[-81.489043,41.046807]}},{"type":"Feature","properties":{"id":"irn:11692","name":"Firestone Community Learning Center","sector":"public","kind":"district","district_irn":43489,"district":"Akron City","address":"470 Castle Blvd Akron, OH 44313","grades":"9-12","grades_guessed":false,"lo":9,"hi":12,"elem":0,"mid":0,"high":1,"enrollment":1011,"pct_white":29.6,"pct_black":53.4,"pct_hispanic":6.4,"pct_asian":1.4,"pct_multi":9.1,"pct_other":0,"econ_dis_pct":100,"attendance":82.9,"chronic_abs":59.4,"stars_overall":4,"stars_achievement":2,"pi_pct":68.9,"stars_progress":4,"stars_gap":4,"stars_early_lit":null,"grad4":96.8,"stars_ccwmr":5,"affiliation":null,"st_ratio":null,"tuition_low":null,"tuition_high":null,"tuition_year":null,"tuition_basis":null,"edchoice":null,"tuition_source":null,"tuition_status":null,"tuition_notes":null,"demo_year":"2024-25","faith":"secular","website":null,"district_website":"https://www.akronschools.com/"},"geometry":{"type":"Point","coordinates":[-81.562588,41.118923]}},{"type":"Feature","properties":{"id":"irn:4366","name":"Berkshire Middle School","sector":"public","kind":"district","district_irn":47167,"district":"Berkshire Local","address":"14155 Claridon Troy Rd Burton, OH 44021","grades":"5-8","grades_guessed":false,"lo":5,"hi":8,"elem":1,"mid":1,"high":0,"enrollment":387,"pct_white":95.5,"pct_black":0,"pct_hispanic":0,"pct_asian":0,"pct_multi":0,"pct_other":0,"econ_dis_pct":38.6,"attendance":93.3,"chronic_abs":19.2,"stars_overall":3.5,"stars_achievement":3,"pi_pct":76.9,"stars_progress":3,"stars_gap":3,"stars_early_lit":null,"grad4":null,"stars_ccwmr":null,"affiliation":null,"st_ratio":null,"tuition_low":null,"tuition_high":null,"tuition_year":null,"tuition_basis":null,"edchoice":null,"tuition_source":null,"tuition_status":null,"tuition_notes":null,"demo_year":"2024-25","faith":"secular","website":null,"district_website":"https://www.berkshireschools.org/"},"geometry":{"type":"Point","coordinates":[-81.144927,41.483325]}},{"type":"Feature","properties":{"id":"irn:31989","name":"Riverside Jr/Sr High School","sector":"public","kind":"district","district_irn":47894,"district":"Riverside Local","address":"585 Riverside Dr Painesville, OH 44077","grades":"8-12","grades_guessed":false,"lo":8,"hi":12,"elem":0,"mid":1,"high":1,"enrollment":1461,"pct_white":80.2,"pct_black":2.9,"pct_hispanic":11.6,"pct_asian":0,"pct_multi":4.8,"pct_other":0,"econ_dis_pct":29.5,"attendance":90.7,"chronic_abs":35,"stars_overall":3.5,"stars_achievement":3,"pi_pct":78,"stars_progress":2,"stars_gap":3,"stars_early_lit":null,"grad4":96.5,"stars_ccwmr":3,"affiliation":null,"st_ratio":null,"tuition_low":null,"tuition_high":null,"tuition_year":null,"tuition_basis":null,"edchoice":null,"tuition_source":null,"tuition_status":null,"tuition_notes":null,"demo_year":"2024-25","faith":"secular","website":"https://www.riversidelocalschools.com","district_website":"https://www.riversideschools.net/"},"geometry":{"type":"Point","coordinates":[-81.21729,41.71294]}},{"type":"Feature","properties":{"id":"irn:27334","name":"Nordonia High School","sector":"public","kind":"district","district_irn":50047,"district":"Nordonia Hills City","address":"8006 S Bedford Rd Macedonia, OH 44056","grades":"9-12","grades_guessed":false,"lo":9,"hi":12,"elem":0,"mid":0,"high":1,"enrollment":1088,"pct_white":73.8,"pct_black":15,"pct_hispanic":1.8,"pct_asian":3.8,"pct_multi":5.5,"pct_other":0,"econ_dis_pct":12.1,"attendance":92.2,"chronic_abs":25.4,"stars_overall":3.5,"stars_achievement":4,"pi_pct":84.2,"stars_progress":2,"stars_gap":3,"stars_early_lit":null,"grad4":99,"stars_ccwmr":2,"affiliation":null,"st_ratio":null,"tuition_low":null,"tuition_high":null,"tuition_year":null,"tuition_basis":null,"edchoice":null,"tuition_source":null,"tuition_status":null,"tuition_notes":null,"demo_year":"2024-25","faith":"secular","website":null,"district_website":"https://www.nordoniaschools.org/"},"geometry":{"type":"Point","coordinates":[-81.508059,41.30254]}},{"type":"Feature","properties":{"id":"irn:61663","name":"Orchard Hollow Elementary School","sector":"public","kind":"district","district_irn":45492,"district":"Mentor Exempted Village","address":"8700 Hendricks Rd Mentor, OH 44060","grades":"K-5","grades_guessed":false,"lo":0,"hi":5,"elem":1,"mid":0,"high":0,"enrollment":357,"pct_white":86,"pct_black":0,"pct_hispanic":0,"pct_asian":0,"pct_multi":8.5,"pct_other":0,"econ_dis_pct":27.1,"attendance":95,"chronic_abs":9.2,"stars_overall":4,"stars_achievement":4,"pi_pct":88.8,"stars_progress":3,"stars_gap":5,"stars_early_lit":3,"grad4":null,"stars_ccwmr":null,"affiliation":null,"st_ratio":null,"tuition_low":null,"tuition_high":null,"tuition_year":null,"tuition_basis":null,"edchoice":null,"tuition_source":null,"tuition_status":null,"tuition_notes":null,"demo_year":"2024-25","faith":"secular","website":null,"district_website":"https://www.mentorschools.net/"},"geometry":{"type":"Point","coordinates":[-81.32729,41.70369]}},{"type":"Feature","properties":{"id":"irn:64675","name":"Hickory Ridge Elementary School","sector":"public","kind":"district","district_irn":43661,"district":"Brunswick City","address":"4628 Hickory Ridge Ave Brunswick, OH 44212","grades":"K-5","grades_guessed":false,"lo":0,"hi":5,"elem":1,"mid":0,"high":0,"enrollment":394,"pct_white":84.8,"pct_black":0,"pct_hispanic":5.9,"pct_asian":0,"pct_multi":6.2,"pct_other":0,"econ_dis_pct":25.2,"attendance":94.8,"chronic_abs":9.4,"stars_overall":4.5,"stars_achievement":5,"pi_pct":91,"stars_progress":4,"stars_gap":5,"stars_early_lit":4,"grad4":null,"stars_ccwmr":null,"affiliation":null,"st_ratio":null,"tuition_low":null,"tuition_high":null,"tuition_year":null,"tuition_basis":null,"edchoice":null,"tuition_source":null,"tuition_status":null,"tuition_notes":null,"demo_year":"2024-25","faith":"secular","website":null,"district_website":"https://www.bcsoh.org/"},"geometry":{"type":"Point","coordinates":[-81.852425,41.245343]}},{"type":"Feature","properties":{"id":"irn:10793","name":"Euclid Middle School","sector":"public","kind":"district","district_irn":43950,"district":"Euclid City","address":"22555 Tracy Ave Euclid, OH 44123","grades":"6-8","grades_guessed":false,"lo":6,"hi":8,"elem":0,"mid":1,"high":0,"enrollment":873,"pct_white":2.6,"pct_black":86.2,"pct_hispanic":4.5,"pct_asian":0,"pct_multi":6.5,"pct_other":0,"econ_dis_pct":99.9,"attendance":89,"chronic_abs":43.2,"stars_overall":3.5,"stars_achievement":2,"pi_pct":54.3,"stars_progress":4,"stars_gap":4,"stars_early_lit":null,"grad4":null,"stars_ccwmr":null,"affiliation":null,"st_ratio":null,"tuition_low":null,"tuition_high":null,"tuition_year":null,"tuition_basis":null,"edchoice":null,"tuition_source":null,"tuition_status":null,"tuition_notes":null,"demo_year":"2024-25","faith":"secular","website":null,"district_website":"https://www.euclidschools.org/"},"geometry":{"type":"Point","coordinates":[-81.524339,41.59427]}},{"type":"Feature","properties":{"id":"irn:10801","name":"Euclid Park Elementary School","sector":"public","kind":"district","district_irn":43786,"district":"Cleveland Municipal","address":"17914 Euclid Ave Cleveland, OH 44112","grades":"PK-8","grades_guessed":false,"lo":0,"hi":8,"elem":1,"mid":1,"high":0,"enrollment":284,"pct_white":0,"pct_black":90.9,"pct_hispanic":4.4,"pct_asian":0,"pct_multi":3.7,"pct_other":0,"econ_dis_pct":100,"attendance":86.6,"chronic_abs":45.7,"stars_overall":2.5,"stars_achievement":2,"pi_pct":51,"stars_progress":3,"stars_gap":1,"stars_early_lit":1,"grad4":null,"stars_ccwmr":null,"affiliation":null,"st_ratio":null,"tuition_low":null,"tuition_high":null,"tuition_year":null,"tuition_basis":null,"edchoice":null,"tuition_source":null,"tuition_status":null,"tuition_notes":null,"demo_year":"2024-25","faith":"secular","website":null,"district_website":"https://www.clevelandmetroschools.org/"},"geometry":{"type":"Point","coordinates":[-81.5533,41.55368]}},{"type":"Feature","properties":{"id":"irn:10819","name":"Euclid High School","sector":"public","kind":"district","district_irn":43950,"district":"Euclid City","address":"711 E 222nd St Euclid, OH 44123","grades":"9-12","grades_guessed":false,"lo":9,"hi":12,"elem":0,"mid":0,"high":1,"enrollment":1308,"pct_white":6.3,"pct_black":83.9,"pct_hispanic":4.5,"pct_asian":0,"pct_multi":4.7,"pct_other":0,"econ_dis_pct":99.8,"attendance":83.4,"chronic_abs":59.8,"stars_overall":2.5,"stars_achievement":2,"pi_pct":57.1,"stars_progress":4,"stars_gap":1,"stars_early_lit":null,"grad4":83.3,"stars_ccwmr":2,"affiliation":null,"st_ratio":null,"tuition_low":null,"tuition_high":null,"tuition_year":null,"tuition_basis":null,"edchoice":null,"tuition_source":null,"tuition_status":null,"tuition_notes":null,"demo_year":"2024-25","faith":"secular","website":null,"district_website":"https://www.euclidschools.org/"},"geometry":{"type":"Point","coordinates":[-81.52537,41.59568]}},{"type":"Feature","properties":{"id":"irn:20115","name":"Leggett Community Learning Center","sector":"public","kind":"district","district_irn":43489,"district":"Akron City","address":"333 E Thornton St Akron, OH 44311","grades":"K-5","grades_guessed":false,"lo":0,"hi":5,"elem":1,"mid":0,"high":0,"enrollment":387,"pct_white":12.8,"pct_black":52.1,"pct_hispanic":13.5,"pct_asian":10.1,"pct_multi":11.4,"pct_other":0,"econ_dis_pct":100,"attendance":88.1,"chronic_abs":41.8,"stars_overall":3,"stars_achievement":2,"pi_pct":59.2,"stars_progress":3,"stars_gap":4,"stars_early_lit":2,"grad4":null,"stars_ccwmr":null,"affiliation":null,"st_ratio":null,"tuition_low":null,"tuition_high":null,"tuition_year":null,"tuition_basis":null,"edchoice":null,"tuition_source":null,"tuition_status":null,"tuition_notes":null,"demo_year":"2024-25","faith":"secular","website":"https://www.akronschools.com","district_website":"https://www.akronschools.com/"},"geometry":{"type":"Point","coordinates":[-81.514001,41.066061]}},{"type":"Feature","properties":{"id":"irn:19687","name":"Lakewood High School","sector":"public","kind":"district","district_irn":44198,"district":"Lakewood City","address":"14100 Franklin Blvd Lakewood, OH 44107","grades":"9-12","grades_guessed":false,"lo":9,"hi":12,"elem":0,"mid":0,"high":1,"enrollment":1308,"pct_white":72.3,"pct_black":6.2,"pct_hispanic":8,"pct_asian":4.6,"pct_multi":8.7,"pct_other":0,"econ_dis_pct":44.6,"attendance":90.1,"chronic_abs":36.6,"stars_overall":4,"stars_achievement":4,"pi_pct":82.5,"stars_progress":3,"stars_gap":3,"stars_early_lit":null,"grad4":97.9,"stars_ccwmr":3,"affiliation":null,"st_ratio":null,"tuition_low":null,"tuition_high":null,"tuition_year":null,"tuition_basis":null,"edchoice":null,"tuition_source":null,"tuition_status":null,"tuition_notes":null,"demo_year":"2024-25","faith":"secular","website":null,"district_website":"https://www.lakewoodcityschools.org/"},"geometry":{"type":"Point","coordinates":[-81.79041,41.48072]}},{"type":"Feature","properties":{"id":"irn:21543","name":"Franklin D. Roosevelt","sector":"public","kind":"district","district_irn":43786,"district":"Cleveland Municipal","address":"800 Linn Dr Cleveland, OH 44108","grades":"PK-8","grades_guessed":false,"lo":0,"hi":8,"elem":1,"mid":1,"high":0,"enrollment":385,"pct_white":0,"pct_black":94.1,"pct_hispanic":0,"pct_asian":0,"pct_multi":0,"pct_other":0,"econ_dis_pct":100,"attendance":82.5,"chronic_abs":64.1,"stars_overall":2.5,"stars_achievement":1,"pi_pct":36.6,"stars_progress":4,"stars_gap":2,"stars_early_lit":1,"grad4":null,"stars_ccwmr":null,"affiliation":null,"st_ratio":null,"tuition_low":null,"tuition_high":null,"tuition_year":null,"tuition_basis":null,"edchoice":null,"tuition_source":null,"tuition_status":null,"tuition_notes":null,"demo_year":"2024-25","faith":"secular","website":null,"district_website":"https://www.clevelandmetroschools.org/"},"geometry":{"type":"Point","coordinates":[-81.61059,41.53536]}},{"type":"Feature","properties":{"id":"irn:65383","name":"Buckeye Junior High School","sector":"public","kind":"district","district_irn":48470,"district":"Buckeye Local","address":"3024 Columbia Rd Medina, OH 44256","grades":"7-8","grades_guessed":false,"lo":7,"hi":8,"elem":0,"mid":1,"high":0,"enrollment":300,"pct_white":91.3,"pct_black":0,"pct_hispanic":0,"pct_asian":0,"pct_multi":4.1,"pct_other":0,"econ_dis_pct":24.2,"attendance":93.8,"chronic_abs":15.9,"stars_overall":4,"stars_achievement":4,"pi_pct":84.2,"stars_progress":3,"stars_gap":3,"stars_early_lit":null,"grad4":null,"stars_ccwmr":null,"affiliation":null,"st_ratio":null,"tuition_low":null,"tuition_high":null,"tuition_year":null,"tuition_basis":null,"edchoice":null,"tuition_source":null,"tuition_status":null,"tuition_notes":null,"demo_year":"2024-25","faith":"secular","website":null,"district_website":"https://www.buckeyeschools.info/"},"geometry":{"type":"Point","coordinates":[-81.92525,41.191518]}},{"type":"Feature","properties":{"id":"irn:11536","name":"Fernway Elementary School","sector":"public","kind":"district","district_irn":44750,"district":"Shaker Heights City","address":"17420 Fernway Rd Shaker Heights, OH 44120","grades":"K-5","grades_guessed":false,"lo":0,"hi":5,"elem":1,"mid":0,"high":0,"enrollment":327,"pct_white":47.4,"pct_black":36.8,"pct_hispanic":4.6,"pct_asian":0,"pct_multi":10.2,"pct_other":0,"econ_dis_pct":32.3,"attendance":94.5,"chronic_abs":9.9,"stars_overall":3.5,"stars_achievement":4,"pi_pct":84.4,"stars_progress":2,"stars_gap":4,"stars_early_lit":3,"grad4":null,"stars_ccwmr":null,"affiliation":null,"st_ratio":null,"tuition_low":null,"tuition_high":null,"tuition_year":null,"tuition_basis":null,"edchoice":null,"tuition_source":null,"tuition_status":null,"tuition_notes":null,"demo_year":"2024-25","faith":"secular","website":null,"district_website":"https://www.shaker.org/"},"geometry":{"type":"Point","coordinates":[-81.557579,41.471255]}},{"type":"Feature","properties":{"id":"irn:15347","name":"Harris/Jackson Community Learning Center","sector":"public","kind":"district","district_irn":43489,"district":"Akron City","address":"1085 Clifton Ave Akron, OH 44310","grades":"PK-5","grades_guessed":false,"lo":0,"hi":5,"elem":1,"mid":0,"high":0,"enrollment":480,"pct_white":17.6,"pct_black":20.1,"pct_hispanic":13.2,"pct_asian":42.2,"pct_multi":6.9,"pct_other":0,"econ_dis_pct":100,"attendance":92.8,"chronic_abs":24.1,"stars_overall":2.5,"stars_achievement":2,"pi_pct":60,"stars_progress":2,"stars_gap":3,"stars_early_lit":2,"grad4":null,"stars_ccwmr":null,"affiliation":null,"st_ratio":null,"tuition_low":null,"tuition_high":null,"tuition_year":null,"tuition_basis":null,"edchoice":null,"tuition_source":null,"tuition_status":null,"tuition_notes":null,"demo_year":"2024-25","faith":"secular","website":null,"district_website":"https://www.akronschools.com/"},"geometry":{"type":"Point","coordinates":[-81.497926,41.115129]}},{"type":"Feature","properties":{"id":"irn:29371","name":"Stephanie Tubbs Jones","sector":"public","kind":"district","district_irn":43786,"district":"Cleveland Municipal","address":"11901 Durant Ave Cleveland, OH 44108","grades":"PK-8","grades_guessed":false,"lo":0,"hi":8,"elem":1,"mid":1,"high":0,"enrollment":237,"pct_white":0,"pct_black":95.4,"pct_hispanic":0,"pct_asian":0,"pct_multi":0,"pct_other":0,"econ_dis_pct":100,"attendance":84,"chronic_abs":59.2,"stars_overall":2,"stars_achievement":1,"pi_pct":35.9,"stars_progress":3,"stars_gap":1,"stars_early_lit":1,"grad4":null,"stars_ccwmr":null,"affiliation":null,"st_ratio":null,"tuition_low":null,"tuition_high":null,"tuition_year":null,"tuition_basis":null,"edchoice":null,"tuition_source":null,"tuition_status":null,"tuition_notes":null,"demo_year":"2024-25","faith":"secular","website":null,"district_website":"https://www.clevelandmetroschools.org/"},"geometry":{"type":"Point","coordinates":[-81.603018,41.53299]}},{"type":"Feature","properties":{"id":"irn:7286","name":"Coventry High School","sector":"public","kind":"district","district_irn":49999,"district":"Coventry Local","address":"1135 Portage Lakes Dr Akron, OH 44319","grades":"9-12","grades_guessed":false,"lo":9,"hi":12,"elem":0,"mid":0,"high":1,"enrollment":476,"pct_white":83.3,"pct_black":4.4,"pct_hispanic":2.4,"pct_asian":2.6,"pct_multi":7.1,"pct_other":0,"econ_dis_pct":55.8,"attendance":88.8,"chronic_abs":39.5,"stars_overall":2.5,"stars_achievement":2,"pi_pct":68.8,"stars_progress":1,"stars_gap":3,"stars_early_lit":null,"grad4":93.6,"stars_ccwmr":3,"affiliation":null,"st_ratio":null,"tuition_low":null,"tuition_high":null,"tuition_year":null,"tuition_basis":null,"edchoice":null,"tuition_source":null,"tuition_status":null,"tuition_notes":null,"demo_year":"2024-25","faith":"secular","website":null,"district_website":"https://www.coventryschools.org/"},"geometry":{"type":"Point","coordinates":[-81.55377,41.00678]}},{"type":"Feature","properties":{"id":"irn:38935","name":"Wadsworth High School","sector":"public","kind":"district","district_irn":44974,"district":"Wadsworth City","address":"625 Broad St Wadsworth, OH 44281","grades":"9-12","grades_guessed":false,"lo":9,"hi":12,"elem":0,"mid":0,"high":1,"enrollment":1333,"pct_white":90.5,"pct_black":1.3,"pct_hispanic":3.2,"pct_asian":1.4,"pct_multi":3.3,"pct_other":0,"econ_dis_pct":29.6,"attendance":90.6,"chronic_abs":31,"stars_overall":4,"stars_achievement":4,"pi_pct":84.9,"stars_progress":4,"stars_gap":3,"stars_early_lit":null,"grad4":96.2,"stars_ccwmr":3,"affiliation":null,"st_ratio":null,"tuition_low":null,"tuition_high":null,"tuition_year":null,"tuition_basis":null,"edchoice":null,"tuition_source":null,"tuition_status":null,"tuition_notes":null,"demo_year":"2024-25","faith":"secular","website":null,"district_website":"https://www.wadsworthschools.org/"},"geometry":{"type":"Point","coordinates":[-81.710564,41.025506]}},{"type":"Feature","properties":{"id":"irn:30353","name":"Pleasant Valley Elementary School","sector":"public","kind":"district","district_irn":44636,"district":"Parma City","address":"9906 W Pleasant Valley Rd Parma, OH 44130","grades":"K-4","grades_guessed":false,"lo":0,"hi":4,"elem":1,"mid":0,"high":0,"enrollment":969,"pct_white":63.6,"pct_black":5.9,"pct_hispanic":13.3,"pct_asian":6.6,"pct_multi":10.6,"pct_other":0,"econ_dis_pct":100,"attendance":93.5,"chronic_abs":18.9,"stars_overall":3.5,"stars_achievement":4,"pi_pct":83.8,"stars_progress":2,"stars_gap":5,"stars_early_lit":2,"grad4":null,"stars_ccwmr":null,"affiliation":null,"st_ratio":null,"tuition_low":null,"tuition_high":null,"tuition_year":null,"tuition_basis":null,"edchoice":null,"tuition_source":null,"tuition_status":null,"tuition_notes":null,"demo_year":"2024-25","faith":"secular","website":"https://pleasantvalley.parmacityschools.org/","district_website":"https://www.parmacityschools.org/"},"geometry":{"type":"Point","coordinates":[-81.75412,41.364014]}},{"type":"Feature","properties":{"id":"irn:43034","name":"Indian Trail Elementary School","sector":"public","kind":"district","district_irn":44834,"district":"Stow-Munroe Falls City School District","address":"3512 Kent Rd Stow, OH 44224","grades":"PK-4","grades_guessed":false,"lo":0,"hi":4,"elem":1,"mid":0,"high":0,"enrollment":353,"pct_white":80.6,"pct_black":6.2,"pct_hispanic":0,"pct_asian":5.3,"pct_multi":6.2,"pct_other":0,"econ_dis_pct":41,"attendance":94.2,"chronic_abs":15.3,"stars_overall":3.5,"stars_achievement":3,"pi_pct":79.4,"stars_progress":3,"stars_gap":3,"stars_early_lit":4,"grad4":null,"stars_ccwmr":null,"affiliation":null,"st_ratio":null,"tuition_low":null,"tuition_high":null,"tuition_year":null,"tuition_basis":null,"edchoice":null,"tuition_source":null,"tuition_status":null,"tuition_notes":null,"demo_year":"2024-25","faith":"secular","website":null,"district_website":"https://www.smfschools.org/"},"geometry":{"type":"Point","coordinates":[-81.434518,41.158355]}},{"type":"Feature","properties":{"id":"irn:1230","name":"Timmons Elementary School","sector":"public","kind":"district","district_irn":47191,"district":"Kenston Local","address":"9595 E Washington St Chagrin Falls, OH 44023","grades":"PK-3","grades_guessed":false,"lo":0,"hi":3,"elem":1,"mid":0,"high":0,"enrollment":763,"pct_white":88.8,"pct_black":3.1,"pct_hispanic":2.2,"pct_asian":0,"pct_multi":5.3,"pct_other":0,"econ_dis_pct":11.3,"attendance":94.9,"chronic_abs":8,"stars_overall":5,"stars_achievement":5,"pi_pct":98.1,"stars_progress":null,"stars_gap":5,"stars_early_lit":4,"grad4":null,"stars_ccwmr":null,"affiliation":null,"st_ratio":null,"tuition_low":null,"tuition_high":null,"tuition_year":null,"tuition_basis":null,"edchoice":null,"tuition_source":null,"tuition_status":null,"tuition_notes":null,"demo_year":"2024-25","faith":"secular","website":null,"district_website":"https://www.kenstonlocal.org/"},"geometry":{"type":"Point","coordinates":[-81.300955,41.396926]}},{"type":"Feature","properties":{"id":"irn:19646","name":"Admiral King Elementary School","sector":"public","kind":"district","district_irn":44263,"district":"Lorain City","address":"720 Washington Ave Lorain, OH 44052","grades":"PK-5","grades_guessed":false,"lo":0,"hi":5,"elem":1,"mid":0,"high":0,"enrollment":276,"pct_white":25.8,"pct_black":20.7,"pct_hispanic":38.3,"pct_asian":0,"pct_multi":15.2,"pct_other":0,"econ_dis_pct":100,"attendance":88.6,"chronic_abs":47.9,"stars_overall":3,"stars_achievement":1,"pi_pct":43.9,"stars_progress":4,"stars_gap":3,"stars_early_lit":1,"grad4":null,"stars_ccwmr":null,"affiliation":null,"st_ratio":null,"tuition_low":null,"tuition_high":null,"tuition_year":null,"tuition_basis":null,"edchoice":null,"tuition_source":null,"tuition_status":null,"tuition_notes":null,"demo_year":"2024-25","faith":"secular","website":null,"district_website":"https://www.lorainschools.org/"},"geometry":{"type":"Point","coordinates":[-82.179349,41.463036]}},{"type":"Feature","properties":{"id":"irn:41335","name":"William Foster Elementary School","sector":"public","kind":"district","district_irn":44040,"district":"Garfield Heights City Schools","address":"12801 Bangor Ave Garfield Heights, OH 44125","grades":"PK-1","grades_guessed":false,"lo":0,"hi":1,"elem":1,"mid":0,"high":0,"enrollment":423,"pct_white":5.7,"pct_black":65.5,"pct_hispanic":0,"pct_asian":0,"pct_multi":26.7,"pct_other":0,"econ_dis_pct":100,"attendance":88.7,"chronic_abs":43.5,"stars_overall":2.5,"stars_achievement":null,"pi_pct":null,"stars_progress":null,"stars_gap":4,"stars_early_lit":1,"grad4":null,"stars_ccwmr":null,"affiliation":null,"st_ratio":null,"tuition_low":null,"tuition_high":null,"tuition_year":null,"tuition_basis":null,"edchoice":null,"tuition_source":null,"tuition_status":null,"tuition_notes":null,"demo_year":"2024-25","faith":"secular","website":null,"district_website":"https://www.garfieldheightscityschools.com/"},"geometry":{"type":"Point","coordinates":[-81.594504,41.4142]}},{"type":"Feature","properties":{"id":"irn:7930","name":"Cuyahoga Falls High School","sector":"public","kind":"district","district_irn":43836,"district":"Cuyahoga Falls City School District","address":"2300 4th St Cuyahoga Falls, OH 44221","grades":"9-12","grades_guessed":false,"lo":9,"hi":12,"elem":0,"mid":0,"high":1,"enrollment":1056,"pct_white":74.2,"pct_black":8,"pct_hispanic":4,"pct_asian":8,"pct_multi":5.5,"pct_other":0,"econ_dis_pct":57.4,"attendance":87.8,"chronic_abs":39.1,"stars_overall":3.5,"stars_achievement":3,"pi_pct":74.1,"stars_progress":4,"stars_gap":3,"stars_early_lit":null,"grad4":89.6,"stars_ccwmr":1,"affiliation":null,"st_ratio":null,"tuition_low":null,"tuition_high":null,"tuition_year":null,"tuition_basis":null,"edchoice":null,"tuition_source":null,"tuition_status":null,"tuition_notes":null,"demo_year":"2024-25","faith":"secular","website":"https://www.CFALLS.ORG","district_website":"https://www.cfalls.org/"},"geometry":{"type":"Point","coordinates":[-81.488148,41.139766]}},{"type":"Feature","properties":{"id":"irn:17145","name":"Huntington Elementary School","sector":"public","kind":"district","district_irn":43661,"district":"Brunswick City","address":"1931 Huntington Cir Brunswick, OH 44212","grades":"K-5","grades_guessed":false,"lo":0,"hi":5,"elem":1,"mid":0,"high":0,"enrollment":510,"pct_white":87.1,"pct_black":2,"pct_hispanic":4.4,"pct_asian":0,"pct_multi":4.8,"pct_other":0,"econ_dis_pct":38.4,"attendance":94.1,"chronic_abs":11.7,"stars_overall":4,"stars_achievement":4,"pi_pct":86.8,"stars_progress":3,"stars_gap":5,"stars_early_lit":3,"grad4":null,"stars_ccwmr":null,"affiliation":null,"st_ratio":null,"tuition_low":null,"tuition_high":null,"tuition_year":null,"tuition_basis":null,"edchoice":null,"tuition_source":null,"tuition_status":null,"tuition_notes":null,"demo_year":"2024-25","faith":"secular","website":null,"district_website":"https://www.bcsoh.org/"},"geometry":{"type":"Point","coordinates":[-81.813559,41.223047]}},{"type":"Feature","properties":{"id":"irn:17152","name":"Elm Street Elementary School","sector":"public","kind":"district","district_irn":44628,"district":"Painesville City Local","address":"585 Elm St Painesville, OH 44077","grades":"K-5","grades_guessed":false,"lo":0,"hi":5,"elem":1,"mid":0,"high":0,"enrollment":424,"pct_white":15.2,"pct_black":12.9,"pct_hispanic":60.3,"pct_asian":0,"pct_multi":10.6,"pct_other":0,"econ_dis_pct":100,"attendance":92.4,"chronic_abs":22.4,"stars_overall":2.5,"stars_achievement":2,"pi_pct":57.4,"stars_progress":3,"stars_gap":2,"stars_early_lit":1,"grad4":null,"stars_ccwmr":null,"affiliation":null,"st_ratio":null,"tuition_low":null,"tuition_high":null,"tuition_year":null,"tuition_basis":null,"edchoice":null,"tuition_source":null,"tuition_status":null,"tuition_notes":null,"demo_year":"2024-25","faith":"secular","website":null,"district_website":"https://www.painesville-city.k12.oh.us/"},"geometry":{"type":"Point","coordinates":[-81.242192,41.737608]}},{"type":"Feature","properties":{"id":"irn:2378","name":"Benjamin Franklin","sector":"public","kind":"district","district_irn":43786,"district":"Cleveland Municipal","address":"1905 Spring Rd Cleveland, OH 44109","grades":"PK-8","grades_guessed":false,"lo":0,"hi":8,"elem":1,"mid":1,"high":0,"enrollment":378,"pct_white":24.5,"pct_black":38.4,"pct_hispanic":27.2,"pct_asian":0,"pct_multi":7.6,"pct_other":0,"econ_dis_pct":100,"attendance":84.9,"chronic_abs":53.2,"stars_overall":2.5,"stars_achievement":1,"pi_pct":49.8,"stars_progress":3,"stars_gap":2,"stars_early_lit":1,"grad4":null,"stars_ccwmr":null,"affiliation":null,"st_ratio":null,"tuition_low":null,"tuition_high":null,"tuition_year":null,"tuition_basis":null,"edchoice":null,"tuition_source":null,"tuition_status":null,"tuition_notes":null,"demo_year":"2024-25","faith":"secular","website":null,"district_website":"https://www.clevelandmetroschools.org/"},"geometry":{"type":"Point","coordinates":[-81.694882,41.435342]}},{"type":"Feature","properties":{"id":"irn:31773","name":"Rimer Community Learning Center","sector":"public","kind":"district","district_irn":43489,"district":"Akron City","address":"2370 Manchester Rd Akron, OH 44314","grades":"PK-5","grades_guessed":false,"lo":0,"hi":5,"elem":1,"mid":0,"high":0,"enrollment":281,"pct_white":38.5,"pct_black":42.7,"pct_hispanic":4.4,"pct_asian":0,"pct_multi":12.1,"pct_other":0,"econ_dis_pct":100,"attendance":89.3,"chronic_abs":39.6,"stars_overall":3.5,"stars_achievement":2,"pi_pct":68.1,"stars_progress":5,"stars_gap":3,"stars_early_lit":1,"grad4":null,"stars_ccwmr":null,"affiliation":null,"st_ratio":null,"tuition_low":null,"tuition_high":null,"tuition_year":null,"tuition_basis":null,"edchoice":null,"tuition_source":null,"tuition_status":null,"tuition_notes":null,"demo_year":"2024-25","faith":"secular","website":"https://www.akronschools.com","district_website":"https://www.akronschools.com/"},"geometry":{"type":"Point","coordinates":[-81.5479,41.033616]}},{"type":"Feature","properties":{"id":"irn:10975","name":"Fairfax Elementary School","sector":"public","kind":"district","district_irn":45492,"district":"Mentor Exempted Village","address":"6465 Curtiss Ct Mentor, OH 44060","grades":"K-5","grades_guessed":false,"lo":0,"hi":5,"elem":1,"mid":0,"high":0,"enrollment":304,"pct_white":82.2,"pct_black":4.7,"pct_hispanic":4.5,"pct_asian":0,"pct_multi":7.2,"pct_other":0,"econ_dis_pct":35,"attendance":95.1,"chronic_abs":9.1,"stars_overall":3.5,"stars_achievement":4,"pi_pct":81.6,"stars_progress":2,"stars_gap":5,"stars_early_lit":3,"grad4":null,"stars_ccwmr":null,"affiliation":null,"st_ratio":null,"tuition_low":null,"tuition_high":null,"tuition_year":null,"tuition_basis":null,"edchoice":null,"tuition_source":null,"tuition_status":null,"tuition_notes":null,"demo_year":"2024-25","faith":"secular","website":null,"district_website":"https://www.mentorschools.net/"},"geometry":{"type":"Point","coordinates":[-81.347296,41.694469]}},{"type":"Feature","properties":{"id":"irn:20859","name":"Lincoln Elementary School","sector":"public","kind":"district","district_irn":44198,"district":"Lakewood City","address":"15615 Clifton Blvd Lakewood, OH 44107","grades":"PK-5","grades_guessed":false,"lo":0,"hi":5,"elem":1,"mid":0,"high":0,"enrollment":269,"pct_white":87.5,"pct_black":0,"pct_hispanic":0,"pct_asian":0,"pct_multi":7.7,"pct_other":0,"econ_dis_pct":18.1,"attendance":94.9,"chronic_abs":15.3,"stars_overall":5,"stars_achievement":5,"pi_pct":96.5,"stars_progress":3,"stars_gap":5,"stars_early_lit":5,"grad4":null,"stars_ccwmr":null,"affiliation":null,"st_ratio":null,"tuition_low":null,"tuition_high":null,"tuition_year":null,"tuition_basis":null,"edchoice":null,"tuition_source":null,"tuition_status":null,"tuition_notes":null,"demo_year":"2024-25","faith":"secular","website":null,"district_website":"https://www.lakewoodcityschools.org/"},"geometry":{"type":"Point","coordinates":[-81.806465,41.491245]}},{"type":"Feature","properties":{"id":"irn:9621","name":"Eastlake Middle School","sector":"public","kind":"district","district_irn":45104,"district":"Willoughby-Eastlake City","address":"35972 Lake Shore Blvd Eastlake, OH 44095","grades":"6-8","grades_guessed":false,"lo":6,"hi":8,"elem":0,"mid":1,"high":0,"enrollment":328,"pct_white":75.6,"pct_black":9.3,"pct_hispanic":4.4,"pct_asian":0,"pct_multi":10.3,"pct_other":0,"econ_dis_pct":62.5,"attendance":91,"chronic_abs":30.3,"stars_overall":3,"stars_achievement":2,"pi_pct":69.5,"stars_progress":3,"stars_gap":2,"stars_early_lit":null,"grad4":null,"stars_ccwmr":null,"affiliation":null,"st_ratio":null,"tuition_low":null,"tuition_high":null,"tuition_year":null,"tuition_basis":null,"edchoice":null,"tuition_source":null,"tuition_status":null,"tuition_notes":null,"demo_year":"2024-25","faith":"secular","website":null,"district_website":"https://www.weschools.org/"},"geometry":{"type":"Point","coordinates":[-81.424681,41.671871]}},{"type":"Feature","properties":{"id":"irn:19042","name":"King Community Learning Center","sector":"public","kind":"district","district_irn":43489,"district":"Akron City","address":"805 Memorial Pkwy Akron, OH 44303","grades":"K-5","grades_guessed":false,"lo":0,"hi":5,"elem":1,"mid":0,"high":0,"enrollment":374,"pct_white":38.5,"pct_black":42.3,"pct_hispanic":5.3,"pct_asian":0,"pct_multi":12.3,"pct_other":0,"econ_dis_pct":100,"attendance":93.1,"chronic_abs":19.6,"stars_overall":4,"stars_achievement":3,"pi_pct":77.8,"stars_progress":4,"stars_gap":4,"stars_early_lit":3,"grad4":null,"stars_ccwmr":null,"affiliation":null,"st_ratio":null,"tuition_low":null,"tuition_high":null,"tuition_year":null,"tuition_basis":null,"edchoice":null,"tuition_source":null,"tuition_status":null,"tuition_notes":null,"demo_year":"2024-25","faith":"secular","website":null,"district_website":"https://www.akronschools.com/"},"geometry":{"type":"Point","coordinates":[-81.541061,41.106197]}},{"type":"Feature","properties":{"id":"irn:40626","name":"Westerly Elementary School","sector":"public","kind":"district","district_irn":43547,"district":"Bay Village City","address":"30301 Wolf Rd Bay Village, OH 44140","grades":"3-4","grades_guessed":false,"lo":3,"hi":4,"elem":1,"mid":0,"high":0,"enrollment":375,"pct_white":89.6,"pct_black":0,"pct_hispanic":4.5,"pct_asian":0,"pct_multi":4.3,"pct_other":0,"econ_dis_pct":11.7,"attendance":95.7,"chronic_abs":4.5,"stars_overall":4.5,"stars_achievement":5,"pi_pct":97.3,"stars_progress":3,"stars_gap":5,"stars_early_lit":4,"grad4":null,"stars_ccwmr":null,"affiliation":null,"st_ratio":null,"tuition_low":null,"tuition_high":null,"tuition_year":null,"tuition_basis":null,"edchoice":null,"tuition_source":null,"tuition_status":null,"tuition_notes":null,"demo_year":"2024-25","faith":"secular","website":null,"district_website":"https://www.bayk12.org/"},"geometry":{"type":"Point","coordinates":[-81.95529,41.48438]}},{"type":"Feature","properties":{"id":"irn:33548","name":"Chagrin Falls Intermediate Elementary School","sector":"public","kind":"district","district_irn":45286,"district":"Chagrin Falls Exempted Village","address":"77 E Washington St Chagrin Falls, OH 44022","grades":"4-6","grades_guessed":false,"lo":4,"hi":6,"elem":1,"mid":1,"high":0,"enrollment":388,"pct_white":94,"pct_black":0,"pct_hispanic":0,"pct_asian":0,"pct_multi":2.6,"pct_other":0,"econ_dis_pct":5.3,"attendance":95.4,"chronic_abs":4.8,"stars_overall":5,"stars_achievement":5,"pi_pct":98.7,"stars_progress":4,"stars_gap":5,"stars_early_lit":null,"grad4":null,"stars_ccwmr":null,"affiliation":null,"st_ratio":null,"tuition_low":null,"tuition_high":null,"tuition_year":null,"tuition_basis":null,"edchoice":null,"tuition_source":null,"tuition_status":null,"tuition_notes":null,"demo_year":"2024-25","faith":"secular","website":null,"district_website":"https://www.chagrinschools.org/"},"geometry":{"type":"Point","coordinates":[-81.38855,41.43083]}},{"type":"Feature","properties":{"id":"irn:489","name":"Almira","sector":"public","kind":"district","district_irn":43786,"district":"Cleveland Municipal","address":"3375 W 99th St Cleveland, OH 44102","grades":"PK-8","grades_guessed":false,"lo":0,"hi":8,"elem":1,"mid":1,"high":0,"enrollment":495,"pct_white":16.2,"pct_black":31,"pct_hispanic":46.3,"pct_asian":0,"pct_multi":5.9,"pct_other":0,"econ_dis_pct":100,"attendance":84.3,"chronic_abs":56.9,"stars_overall":3,"stars_achievement":1,"pi_pct":44.6,"stars_progress":4,"stars_gap":3,"stars_early_lit":1,"grad4":null,"stars_ccwmr":null,"affiliation":null,"st_ratio":null,"tuition_low":null,"tuition_high":null,"tuition_year":null,"tuition_basis":null,"edchoice":null,"tuition_source":null,"tuition_status":null,"tuition_notes":null,"demo_year":"2024-25","faith":"secular","website":null,"district_website":"https://www.clevelandmetroschools.org/"},"geometry":{"type":"Point","coordinates":[-81.752131,41.46175]}},{"type":"Feature","properties":{"id":"irn:25148","name":"Mogadore High School","sector":"public","kind":"district","district_irn":50039,"district":"Mogadore Local","address":"130 S Cleveland Ave Mogadore, OH 44260","grades":"9-12","grades_guessed":false,"lo":9,"hi":12,"elem":0,"mid":0,"high":1,"enrollment":199,"pct_white":98.5,"pct_black":0,"pct_hispanic":0,"pct_asian":0,"pct_multi":0,"pct_other":0,"econ_dis_pct":28.4,"attendance":93,"chronic_abs":20.8,"stars_overall":3.5,"stars_achievement":4,"pi_pct":80.6,"stars_progress":2,"stars_gap":4,"stars_early_lit":null,"grad4":96.3,"stars_ccwmr":2,"affiliation":null,"st_ratio":null,"tuition_low":null,"tuition_high":null,"tuition_year":null,"tuition_basis":null,"edchoice":null,"tuition_source":null,"tuition_status":null,"tuition_notes":null,"demo_year":"2024-25","faith":"secular","website":null,"district_website":"https://www.mogadore.net/"},"geometry":{"type":"Point","coordinates":[-81.394147,41.047874]}},{"type":"Feature","properties":{"id":"irn:39149","name":"Walton School","sector":"public","kind":"district","district_irn":43786,"district":"Cleveland Municipal","address":"3409 Walton Ave Cleveland, OH 44113","grades":"K-8","grades_guessed":false,"lo":0,"hi":8,"elem":1,"mid":1,"high":0,"enrollment":244,"pct_white":16,"pct_black":29.6,"pct_hispanic":49.3,"pct_asian":0,"pct_multi":0,"pct_other":0,"econ_dis_pct":100,"attendance":85.5,"chronic_abs":51.7,"stars_overall":2,"stars_achievement":1,"pi_pct":46.2,"stars_progress":3,"stars_gap":1,"stars_early_lit":1,"grad4":null,"stars_ccwmr":null,"affiliation":null,"st_ratio":null,"tuition_low":null,"tuition_high":null,"tuition_year":null,"tuition_basis":null,"edchoice":null,"tuition_source":null,"tuition_status":null,"tuition_notes":null,"demo_year":"2024-25","faith":"secular","website":null,"district_website":"https://www.clevelandmetroschools.org/"},"geometry":{"type":"Point","coordinates":[-81.7057,41.47065]}},{"type":"Feature","properties":{"id":"irn:34108","name":"Shaker Hts High School","sector":"public","kind":"district","district_irn":44750,"district":"Shaker Heights City","address":"15911 Aldersyde Dr Shaker Heights, OH 44120","grades":"9-12","grades_guessed":false,"lo":9,"hi":12,"elem":0,"mid":0,"high":1,"enrollment":1369,"pct_white":38.4,"pct_black":46.1,"pct_hispanic":4.7,"pct_asian":3.2,"pct_multi":7.6,"pct_other":0,"econ_dis_pct":39.3,"attendance":88.8,"chronic_abs":39.4,"stars_overall":4,"stars_achievement":3,"pi_pct":78.5,"stars_progress":4,"stars_gap":4,"stars_early_lit":null,"grad4":94.3,"stars_ccwmr":2,"affiliation":null,"st_ratio":null,"tuition_low":null,"tuition_high":null,"tuition_year":null,"tuition_basis":null,"edchoice":null,"tuition_source":null,"tuition_status":null,"tuition_notes":null,"demo_year":"2024-25","faith":"secular","website":null,"district_website":"https://www.shaker.org/"},"geometry":{"type":"Point","coordinates":[-81.57156,41.473152]}},{"type":"Feature","properties":{"id":"irn:28589","name":"Oliver Hazard Perry Elementary School","sector":"public","kind":"district","district_irn":43786,"district":"Cleveland Municipal","address":"18400 Schenely Ave Cleveland, OH 44119","grades":"PK-8","grades_guessed":false,"lo":0,"hi":8,"elem":1,"mid":1,"high":0,"enrollment":285,"pct_white":0,"pct_black":94.2,"pct_hispanic":0,"pct_asian":0,"pct_multi":0,"pct_other":0,"econ_dis_pct":100,"attendance":85.4,"chronic_abs":54.9,"stars_overall":2.5,"stars_achievement":1,"pi_pct":42.9,"stars_progress":3,"stars_gap":2,"stars_early_lit":1,"grad4":null,"stars_ccwmr":null,"affiliation":null,"st_ratio":null,"tuition_low":null,"tuition_high":null,"tuition_year":null,"tuition_basis":null,"edchoice":null,"tuition_source":null,"tuition_status":null,"tuition_notes":null,"demo_year":"2024-25","faith":"secular","website":null,"district_website":"https://www.clevelandmetroschools.org/"},"geometry":{"type":"Point","coordinates":[-81.55189,41.58727]}},{"type":"Feature","properties":{"id":"irn:38182","name":"Valley View Elementary School","sector":"public","kind":"district","district_irn":43786,"district":"Cleveland Municipal","address":"17200 Valleyview Ave Cleveland, OH 44135","grades":"1-8","grades_guessed":false,"lo":1,"hi":8,"elem":1,"mid":1,"high":0,"enrollment":159,"pct_white":16.7,"pct_black":53.1,"pct_hispanic":18,"pct_asian":0,"pct_multi":10.9,"pct_other":0,"econ_dis_pct":100,"attendance":87.3,"chronic_abs":47.1,"stars_overall":3,"stars_achievement":2,"pi_pct":58.2,"stars_progress":4,"stars_gap":2,"stars_early_lit":1,"grad4":null,"stars_ccwmr":null,"affiliation":null,"st_ratio":null,"tuition_low":null,"tuition_high":null,"tuition_year":null,"tuition_basis":null,"edchoice":null,"tuition_source":null,"tuition_status":null,"tuition_notes":null,"demo_year":"2024-25","faith":"secular","website":null,"district_website":"https://www.clevelandmetroschools.org/"},"geometry":{"type":"Point","coordinates":[-81.817486,41.441278]}},{"type":"Feature","properties":{"id":"irn:5041","name":"Carylwood Intermediate School","sector":"public","kind":"district","district_irn":43562,"district":"Bedford City","address":"1387 Caryl Dr Bedford, OH 44146","grades":"3-5","grades_guessed":false,"lo":3,"hi":5,"elem":1,"mid":0,"high":0,"enrollment":253,"pct_white":5.3,"pct_black":81,"pct_hispanic":5.1,"pct_asian":0,"pct_multi":8.4,"pct_other":0,"econ_dis_pct":96.8,"attendance":92.3,"chronic_abs":23,"stars_overall":3,"stars_achievement":2,"pi_pct":61.9,"stars_progress":3,"stars_gap":4,"stars_early_lit":1,"grad4":null,"stars_ccwmr":null,"affiliation":null,"st_ratio":null,"tuition_low":null,"tuition_high":null,"tuition_year":null,"tuition_basis":null,"edchoice":null,"tuition_source":null,"tuition_status":null,"tuition_notes":null,"demo_year":"2024-25","faith":"secular","website":null,"district_website":"https://www.bedford.k12.oh.us/"},"geometry":{"type":"Point","coordinates":[-81.517319,41.375805]}},{"type":"Feature","properties":{"id":"irn:27326","name":"Nordonia Middle School","sector":"public","kind":"district","district_irn":50047,"district":"Nordonia Hills City","address":"73 Leonard Ave Northfield, OH 44067","grades":"7-8","grades_guessed":false,"lo":7,"hi":8,"elem":0,"mid":1,"high":0,"enrollment":524,"pct_white":70.9,"pct_black":14.4,"pct_hispanic":3,"pct_asian":3.2,"pct_multi":8.2,"pct_other":0,"econ_dis_pct":14.5,"attendance":93.7,"chronic_abs":16.6,"stars_overall":4.5,"stars_achievement":5,"pi_pct":90.7,"stars_progress":4,"stars_gap":4,"stars_early_lit":null,"grad4":null,"stars_ccwmr":null,"affiliation":null,"st_ratio":null,"tuition_low":null,"tuition_high":null,"tuition_year":null,"tuition_basis":null,"edchoice":null,"tuition_source":null,"tuition_status":null,"tuition_notes":null,"demo_year":"2024-25","faith":"secular","website":null,"district_website":"https://www.nordoniaschools.org/"},"geometry":{"type":"Point","coordinates":[-81.53521,41.315965]}},{"type":"Feature","properties":{"id":"irn:7039","name":"Columbia Middle School","sector":"public","kind":"district","district_irn":48140,"district":"Columbia Local","address":"13646 W River Rd Columbia Station, OH 44028","grades":"5-8","grades_guessed":false,"lo":5,"hi":8,"elem":1,"mid":1,"high":0,"enrollment":341,"pct_white":82.5,"pct_black":0,"pct_hispanic":4.1,"pct_asian":9.7,"pct_multi":0,"pct_other":0,"econ_dis_pct":32.6,"attendance":94.2,"chronic_abs":14,"stars_overall":4.5,"stars_achievement":4,"pi_pct":83.5,"stars_progress":4,"stars_gap":5,"stars_early_lit":null,"grad4":null,"stars_ccwmr":null,"affiliation":null,"st_ratio":null,"tuition_low":null,"tuition_high":null,"tuition_year":null,"tuition_basis":null,"edchoice":null,"tuition_source":null,"tuition_status":null,"tuition_notes":null,"demo_year":"2024-25","faith":"secular","website":"http://www.columbia.k12.oh.us","district_website":"https://www.columbia.k12.oh.us/"},"geometry":{"type":"Point","coordinates":[-81.925305,41.313393]}},{"type":"Feature","properties":{"id":"irn:20644","name":"Lincoln Elementary School","sector":"public","kind":"district","district_irn":43836,"district":"Cuyahoga Falls City School District","address":"3131 Bailey Rd Cuyahoga Falls, OH 44221","grades":"K-5","grades_guessed":false,"lo":0,"hi":5,"elem":1,"mid":0,"high":0,"enrollment":376,"pct_white":66.8,"pct_black":6.1,"pct_hispanic":7,"pct_asian":13.3,"pct_multi":6.9,"pct_other":0,"econ_dis_pct":69.7,"attendance":92.8,"chronic_abs":18.7,"stars_overall":3,"stars_achievement":3,"pi_pct":72.2,"stars_progress":2,"stars_gap":4,"stars_early_lit":3,"grad4":null,"stars_ccwmr":null,"affiliation":null,"st_ratio":null,"tuition_low":null,"tuition_high":null,"tuition_year":null,"tuition_basis":null,"edchoice":null,"tuition_source":null,"tuition_status":null,"tuition_notes":null,"demo_year":"2024-25","faith":"secular","website":"https://www.CFALLS.ORG","district_website":"https://www.cfalls.org/"},"geometry":{"type":"Point","coordinates":[-81.48216,41.156123]}},{"type":"Feature","properties":{"id":"irn:28969","name":"Overlook Elementary School","sector":"public","kind":"district","district_irn":44974,"district":"Wadsworth City","address":"650 Broad St Wadsworth, OH 44281","grades":"PK-4","grades_guessed":false,"lo":0,"hi":4,"elem":1,"mid":0,"high":0,"enrollment":401,"pct_white":88.1,"pct_black":0,"pct_hispanic":4.1,"pct_asian":0,"pct_multi":4.6,"pct_other":0,"econ_dis_pct":21.9,"attendance":95,"chronic_abs":9.2,"stars_overall":5,"stars_achievement":5,"pi_pct":91.2,"stars_progress":5,"stars_gap":5,"stars_early_lit":4,"grad4":null,"stars_ccwmr":null,"affiliation":null,"st_ratio":null,"tuition_low":null,"tuition_high":null,"tuition_year":null,"tuition_basis":null,"edchoice":null,"tuition_source":null,"tuition_status":null,"tuition_notes":null,"demo_year":"2024-25","faith":"secular","website":null,"district_website":"https://www.wadsworthschools.org/"},"geometry":{"type":"Point","coordinates":[-81.710906,41.025753]}},{"type":"Feature","properties":{"id":"irn:18457","name":"Barberton Primary School","sector":"public","kind":"district","district_irn":43539,"district":"Barberton City","address":"1151 Shannon Ave Barberton, OH 44203","grades":"K-2","grades_guessed":false,"lo":0,"hi":2,"elem":1,"mid":0,"high":0,"enrollment":672,"pct_white":61.2,"pct_black":18.4,"pct_hispanic":5.3,"pct_asian":0,"pct_multi":14.2,"pct_other":0,"econ_dis_pct":82.3,"attendance":92.3,"chronic_abs":23.6,"stars_overall":3,"stars_achievement":null,"pi_pct":null,"stars_progress":null,"stars_gap":4,"stars_early_lit":1,"grad4":null,"stars_ccwmr":null,"affiliation":null,"st_ratio":null,"tuition_low":null,"tuition_high":null,"tuition_year":null,"tuition_basis":null,"edchoice":null,"tuition_source":null,"tuition_status":null,"tuition_notes":null,"demo_year":"2024-25","faith":"secular","website":null,"district_website":"https://www.barbertonschools.org/"},"geometry":{"type":"Point","coordinates":[-81.631789,41.015594]}},{"type":"Feature","properties":{"id":"irn:3467","name":"Brecksville-Broadview Heights High School","sector":"public","kind":"district","district_irn":43646,"district":"Brecksville-Broadview Heights City","address":"6380 Mill Rd Broadview Heights, OH 44147","grades":"9-12","grades_guessed":false,"lo":9,"hi":12,"elem":0,"mid":0,"high":1,"enrollment":1106,"pct_white":82.4,"pct_black":1.7,"pct_hispanic":4.3,"pct_asian":6.7,"pct_multi":4.9,"pct_other":0,"econ_dis_pct":16.4,"attendance":94.6,"chronic_abs":11.1,"stars_overall":5,"stars_achievement":5,"pi_pct":96.8,"stars_progress":5,"stars_gap":5,"stars_early_lit":null,"grad4":98.7,"stars_ccwmr":4,"affiliation":null,"st_ratio":null,"tuition_low":null,"tuition_high":null,"tuition_year":null,"tuition_basis":null,"edchoice":null,"tuition_source":null,"tuition_status":null,"tuition_notes":null,"demo_year":"2024-25","faith":"secular","website":null,"district_website":"https://www.bbhcsd.org/"},"geometry":{"type":"Point","coordinates":[-81.64418,41.32645]}},{"type":"Feature","properties":{"id":"irn:4077","name":"Buchtel Community Learning Center","sector":"public","kind":"district","district_irn":43489,"district":"Akron City","address":"1040 Copley Rd Akron, OH 44320","grades":"6-12","grades_guessed":false,"lo":6,"hi":12,"elem":0,"mid":1,"high":1,"enrollment":964,"pct_white":3.9,"pct_black":84.9,"pct_hispanic":4.9,"pct_asian":0,"pct_multi":5.4,"pct_other":0,"econ_dis_pct":100,"attendance":81,"chronic_abs":65.8,"stars_overall":3,"stars_achievement":1,"pi_pct":48.5,"stars_progress":3,"stars_gap":3,"stars_early_lit":null,"grad4":87.7,"stars_ccwmr":4,"affiliation":null,"st_ratio":null,"tuition_low":null,"tuition_high":null,"tuition_year":null,"tuition_basis":null,"edchoice":null,"tuition_source":null,"tuition_status":null,"tuition_notes":null,"demo_year":"2024-25","faith":"secular","website":null,"district_website":"https://www.akronschools.com/"},"geometry":{"type":"Point","coordinates":[-81.559943,41.086215]}},{"type":"Feature","properties":{"id":"irn:2022","name":"Bedford High School","sector":"public","kind":"district","district_irn":43562,"district":"Bedford City","address":"481 Northfield Rd Bedford, OH 44146","grades":"9-12","grades_guessed":false,"lo":9,"hi":12,"elem":0,"mid":0,"high":1,"enrollment":811,"pct_white":5.9,"pct_black":82.1,"pct_hispanic":5.2,"pct_asian":0,"pct_multi":6,"pct_other":0,"econ_dis_pct":98.2,"attendance":86.8,"chronic_abs":49.3,"stars_overall":3.5,"stars_achievement":2,"pi_pct":64.8,"stars_progress":4,"stars_gap":5,"stars_early_lit":null,"grad4":96.8,"stars_ccwmr":3,"affiliation":null,"st_ratio":null,"tuition_low":null,"tuition_high":null,"tuition_year":null,"tuition_basis":null,"edchoice":null,"tuition_source":null,"tuition_status":null,"tuition_notes":null,"demo_year":"2024-25","faith":"secular","website":null,"district_website":"https://www.bedford.k12.oh.us/"},"geometry":{"type":"Point","coordinates":[-81.52621,41.40234]}},{"type":"Feature","properties":{"id":"irn:43448","name":"Green Middle School","sector":"public","kind":"district","district_irn":50013,"district":"Green Local","address":"1711 Steese Rd Green, OH 44232","grades":"7-8","grades_guessed":false,"lo":7,"hi":8,"elem":0,"mid":1,"high":0,"enrollment":617,"pct_white":90.5,"pct_black":4.1,"pct_hispanic":0,"pct_asian":2.3,"pct_multi":2.4,"pct_other":0,"econ_dis_pct":23.3,"attendance":93.3,"chronic_abs":16.2,"stars_overall":4,"stars_achievement":4,"pi_pct":87.8,"stars_progress":3,"stars_gap":4,"stars_early_lit":null,"grad4":null,"stars_ccwmr":null,"affiliation":null,"st_ratio":null,"tuition_low":null,"tuition_high":null,"tuition_year":null,"tuition_basis":null,"edchoice":null,"tuition_source":null,"tuition_status":null,"tuition_notes":null,"demo_year":"2024-25","faith":"secular","website":null,"district_website":"https://www.greenlocalschools.org/"},"geometry":{"type":"Point","coordinates":[-81.4833,40.9458]}},{"type":"Feature","properties":{"id":"irn:29413","name":"Paul L Dunbar Elementary School","sector":"public","kind":"district","district_irn":43786,"district":"Cleveland Municipal","address":"2159 West 29th Cleveland, OH 44113","grades":"PK-8","grades_guessed":false,"lo":0,"hi":8,"elem":1,"mid":1,"high":0,"enrollment":390,"pct_white":13.7,"pct_black":55.1,"pct_hispanic":26.6,"pct_asian":0,"pct_multi":2.7,"pct_other":0,"econ_dis_pct":100,"attendance":87.4,"chronic_abs":46.8,"stars_overall":3.5,"stars_achievement":2,"pi_pct":62.3,"stars_progress":4,"stars_gap":4,"stars_early_lit":1,"grad4":null,"stars_ccwmr":null,"affiliation":null,"st_ratio":null,"tuition_low":null,"tuition_high":null,"tuition_year":null,"tuition_basis":null,"edchoice":null,"tuition_source":null,"tuition_status":null,"tuition_notes":null,"demo_year":"2024-25","faith":"secular","website":null,"district_website":"https://www.clevelandmetroschools.org/"},"geometry":{"type":"Point","coordinates":[-81.704516,41.4811]}},{"type":"Feature","properties":{"id":"irn:12688","name":"Willoughby-Eastlake Preschool","sector":"public","kind":"district","district_irn":45104,"district":"Willoughby-Eastlake City","address":"34050 Glen Dr Eastlake, OH 44095","grades":"K-5","grades_guessed":true,"lo":0,"hi":5,"elem":1,"mid":0,"high":0,"enrollment":null,"pct_white":null,"pct_black":null,"pct_hispanic":null,"pct_asian":null,"pct_multi":null,"pct_other":null,"econ_dis_pct":null,"attendance":null,"chronic_abs":null,"stars_overall":null,"stars_achievement":null,"pi_pct":null,"stars_progress":null,"stars_gap":null,"stars_early_lit":null,"grad4":null,"stars_ccwmr":null,"affiliation":null,"st_ratio":null,"tuition_low":null,"tuition_high":null,"tuition_year":null,"tuition_basis":null,"edchoice":null,"tuition_source":null,"tuition_status":null,"tuition_notes":null,"demo_year":"2024-25","faith":"secular","website":null,"district_website":"https://www.weschools.org/"},"geometry":{"type":"Point","coordinates":[-81.446474,41.654633]}},{"type":"Feature","properties":{"id":"irn:840","name":"General Johnnie Wilson Middle School","sector":"public","kind":"district","district_irn":44263,"district":"Lorain City","address":"2700 Washington Ave Lorain, OH 44052","grades":"6-8","grades_guessed":false,"lo":6,"hi":8,"elem":0,"mid":1,"high":0,"enrollment":434,"pct_white":17.4,"pct_black":29.4,"pct_hispanic":42.8,"pct_asian":0,"pct_multi":10.1,"pct_other":0,"econ_dis_pct":100,"attendance":81.8,"chronic_abs":60.4,"stars_overall":3,"stars_achievement":1,"pi_pct":44.5,"stars_progress":4,"stars_gap":3,"stars_early_lit":null,"grad4":null,"stars_ccwmr":null,"affiliation":null,"st_ratio":null,"tuition_low":null,"tuition_high":null,"tuition_year":null,"tuition_basis":null,"edchoice":null,"tuition_source":null,"tuition_status":null,"tuition_notes":null,"demo_year":"2024-25","faith":"secular","website":null,"district_website":"https://www.lorainschools.org/"},"geometry":{"type":"Point","coordinates":[-82.180824,41.446568]}},{"type":"Feature","properties":{"id":"irn:13231","name":"National Inventors Hall of Fame STEM HS at Robinson CLC","sector":"public","kind":"district","district_irn":43489,"district":"Akron City","address":"1156 4th Ave Akron, OH 44306","grades":"9-12","grades_guessed":false,"lo":9,"hi":12,"elem":0,"mid":0,"high":1,"enrollment":311,"pct_white":33.5,"pct_black":42.8,"pct_hispanic":3.3,"pct_asian":14.2,"pct_multi":6.1,"pct_other":0,"econ_dis_pct":100,"attendance":92.9,"chronic_abs":22.2,"stars_overall":4.5,"stars_achievement":3,"pi_pct":75.4,"stars_progress":4,"stars_gap":5,"stars_early_lit":null,"grad4":100,"stars_ccwmr":5,"affiliation":null,"st_ratio":null,"tuition_low":null,"tuition_high":null,"tuition_year":null,"tuition_basis":null,"edchoice":null,"tuition_source":null,"tuition_status":null,"tuition_notes":null,"demo_year":"2024-25","faith":"secular","website":"https://www.akronschools.com","district_website":"https://www.akronschools.com/"},"geometry":{"type":"Point","coordinates":[-81.487466,41.061882]}},{"type":"Feature","properties":{"id":"irn:9030","name":"Abraham Lincoln School","sector":"public","kind":"district","district_irn":44305,"district":"Maple Heights City","address":"6009 Dunham Rd Maple Heights, OH 44137","grades":"PK-1","grades_guessed":false,"lo":0,"hi":1,"elem":1,"mid":0,"high":0,"enrollment":470,"pct_white":2.3,"pct_black":85,"pct_hispanic":6.2,"pct_asian":0,"pct_multi":5.9,"pct_other":0,"econ_dis_pct":100,"attendance":90.9,"chronic_abs":34.6,"stars_overall":3.5,"stars_achievement":null,"pi_pct":null,"stars_progress":null,"stars_gap":4,"stars_early_lit":2,"grad4":null,"stars_ccwmr":null,"affiliation":null,"st_ratio":null,"tuition_low":null,"tuition_high":null,"tuition_year":null,"tuition_basis":null,"edchoice":null,"tuition_source":null,"tuition_status":null,"tuition_notes":null,"demo_year":"2024-25","faith":"secular","website":"http://www.mapleschools.com","district_website":"https://www.mapleschools.com/"},"geometry":{"type":"Point","coordinates":[-81.575074,41.395833]}},{"type":"Feature","properties":{"id":"irn:11707","name":"Evolve Academy","sector":"public","kind":"district","district_irn":44388,"district":"Medina City SD","address":"222 S Broadway St Medina, OH 44256","grades":null,"grades_guessed":false,"lo":null,"hi":null,"elem":1,"mid":1,"high":1,"enrollment":13,"pct_white":0,"pct_black":0,"pct_hispanic":0,"pct_asian":0,"pct_multi":0,"pct_other":0,"econ_dis_pct":80.1,"attendance":79.2,"chronic_abs":88.1,"stars_overall":1.5,"stars_achievement":1,"pi_pct":44.1,"stars_progress":null,"stars_gap":1,"stars_early_lit":null,"grad4":null,"stars_ccwmr":null,"affiliation":null,"st_ratio":null,"tuition_low":null,"tuition_high":null,"tuition_year":null,"tuition_basis":null,"edchoice":null,"tuition_source":null,"tuition_status":null,"tuition_notes":null,"demo_year":"2024-25","faith":"secular","website":"https://www.medinabees.org","district_website":"https://www.medinabees.org/"},"geometry":{"type":"Point","coordinates":[-81.862228,41.137201]}},{"type":"Feature","properties":{"id":"irn:14919","name":"John F Kennedy High School","sector":"public","kind":"district","district_irn":43786,"district":"Cleveland Municipal","address":"15111 Miles Ave Cleveland, OH 44128","grades":"9-12","grades_guessed":false,"lo":9,"hi":12,"elem":0,"mid":0,"high":1,"enrollment":606,"pct_white":0,"pct_black":94.5,"pct_hispanic":2.8,"pct_asian":0,"pct_multi":0,"pct_other":0,"econ_dis_pct":100,"attendance":60.7,"chronic_abs":93.3,"stars_overall":2,"stars_achievement":1,"pi_pct":42.2,"stars_progress":2,"stars_gap":1,"stars_early_lit":null,"grad4":66.4,"stars_ccwmr":3,"affiliation":null,"st_ratio":null,"tuition_low":null,"tuition_high":null,"tuition_year":null,"tuition_basis":null,"edchoice":null,"tuition_source":null,"tuition_status":null,"tuition_notes":null,"demo_year":"2024-25","faith":"secular","website":null,"district_website":"https://www.clevelandmetroschools.org/"},"geometry":{"type":"Point","coordinates":[-81.574808,41.442993]}},{"type":"Feature","properties":{"id":"irn:16886","name":"Campus International High School","sector":"public","kind":"district","district_irn":43786,"district":"Cleveland Municipal","address":"3100 Chester Ave Cleveland, OH 44114","grades":"9-12","grades_guessed":false,"lo":9,"hi":12,"elem":0,"mid":0,"high":1,"enrollment":207,"pct_white":6.1,"pct_black":79.6,"pct_hispanic":11,"pct_asian":0,"pct_multi":0,"pct_other":0,"econ_dis_pct":100,"attendance":74.8,"chronic_abs":75.8,"stars_overall":2.5,"stars_achievement":2,"pi_pct":54.1,"stars_progress":2,"stars_gap":2,"stars_early_lit":null,"grad4":80.7,"stars_ccwmr":3,"affiliation":null,"st_ratio":null,"tuition_low":null,"tuition_high":null,"tuition_year":null,"tuition_basis":null,"edchoice":null,"tuition_source":null,"tuition_status":null,"tuition_notes":null,"demo_year":"2024-25","faith":"secular","website":null,"district_website":"https://www.clevelandmetroschools.org/"},"geometry":{"type":"Point","coordinates":[-81.66649,41.50415]}},{"type":"Feature","properties":{"id":"irn:3509","name":"Ridge Elementary School","sector":"public","kind":"district","district_irn":45492,"district":"Mentor Exempted Village","address":"7860 Johnnycake Ridge Rd Mentor, OH 44060","grades":"K-5","grades_guessed":false,"lo":0,"hi":5,"elem":1,"mid":0,"high":0,"enrollment":651,"pct_white":78.1,"pct_black":5.4,"pct_hispanic":5.6,"pct_asian":4.6,"pct_multi":6.2,"pct_other":0,"econ_dis_pct":33.3,"attendance":95,"chronic_abs":9.6,"stars_overall":4,"stars_achievement":4,"pi_pct":89.3,"stars_progress":3,"stars_gap":5,"stars_early_lit":3,"grad4":null,"stars_ccwmr":null,"affiliation":null,"st_ratio":null,"tuition_low":null,"tuition_high":null,"tuition_year":null,"tuition_basis":null,"edchoice":null,"tuition_source":null,"tuition_status":null,"tuition_notes":null,"demo_year":"2024-25","faith":"secular","website":null,"district_website":"https://www.mentorschools.net/"},"geometry":{"type":"Point","coordinates":[-81.3673,41.65183]}},{"type":"Feature","properties":{"id":"irn:15327","name":"Berkshire Elementary","sector":"public","kind":"district","district_irn":47167,"district":"Berkshire Local","address":"14155 Claridon Troy Rd Burton, OH 44021","grades":"K-4","grades_guessed":false,"lo":0,"hi":4,"elem":1,"mid":0,"high":0,"enrollment":510,"pct_white":94.1,"pct_black":0,"pct_hispanic":2.5,"pct_asian":0,"pct_multi":3.2,"pct_other":0,"econ_dis_pct":37.7,"attendance":93.7,"chronic_abs":14.2,"stars_overall":3,"stars_achievement":3,"pi_pct":77.3,"stars_progress":1,"stars_gap":4,"stars_early_lit":2,"grad4":null,"stars_ccwmr":null,"affiliation":null,"st_ratio":null,"tuition_low":null,"tuition_high":null,"tuition_year":null,"tuition_basis":null,"edchoice":null,"tuition_source":null,"tuition_status":null,"tuition_notes":null,"demo_year":"2024-25","faith":"secular","website":"https://www.berkshireschools.org","district_website":"https://www.berkshireschools.org/"},"geometry":{"type":"Point","coordinates":[-81.144927,41.483325]}},{"type":"Feature","properties":{"id":"irn:142554","name":"Moreland Hills Elementary School","sector":"public","kind":"district","district_irn":46581,"district":"Orange City","address":"32000 Chagrin Blvd Pepper Pike, OH 44124","grades":"K-5","grades_guessed":false,"lo":0,"hi":5,"elem":1,"mid":0,"high":0,"enrollment":919,"pct_white":72.2,"pct_black":8.5,"pct_hispanic":2.4,"pct_asian":10.9,"pct_multi":5.9,"pct_other":0,"econ_dis_pct":10.8,"attendance":94.8,"chronic_abs":9.4,"stars_overall":5,"stars_achievement":5,"pi_pct":96.5,"stars_progress":5,"stars_gap":5,"stars_early_lit":4,"grad4":null,"stars_ccwmr":null,"affiliation":null,"st_ratio":null,"tuition_low":null,"tuition_high":null,"tuition_year":null,"tuition_basis":null,"edchoice":null,"tuition_source":null,"tuition_status":null,"tuition_notes":null,"demo_year":"2024-25","faith":"secular","website":null,"district_website":"https://www.orangeschools.org/"},"geometry":{"type":"Point","coordinates":[-81.455034,41.459252]}},{"type":"Feature","properties":{"id":"irn:118323","name":"North Ridgeville Early Childhood Learning Community","sector":"public","kind":"district","district_irn":44537,"district":"North Ridgeville City","address":"5490 Mills Creek Ln North Ridgeville, OH 44039","grades":"PK-K","grades_guessed":false,"lo":0,"hi":0,"elem":1,"mid":0,"high":0,"enrollment":456,"pct_white":79.2,"pct_black":3.3,"pct_hispanic":8.9,"pct_asian":2.2,"pct_multi":6.4,"pct_other":0,"econ_dis_pct":24.8,"attendance":93.6,"chronic_abs":12.9,"stars_overall":4,"stars_achievement":null,"pi_pct":null,"stars_progress":null,"stars_gap":4,"stars_early_lit":null,"grad4":null,"stars_ccwmr":null,"affiliation":null,"st_ratio":null,"tuition_low":null,"tuition_high":null,"tuition_year":null,"tuition_basis":null,"edchoice":null,"tuition_source":null,"tuition_status":null,"tuition_notes":null,"demo_year":"2024-25","faith":"secular","website":null,"district_website":"https://www.nrschools.org/"},"geometry":{"type":"Point","coordinates":[-81.98219,41.4073]}},{"type":"Feature","properties":{"id":"irn:16429","name":"Lincoln West School of Science & Health","sector":"public","kind":"district","district_irn":43786,"district":"Cleveland Municipal","address":"3202 W 30th Street Cleveland, OH 44109","grades":"9-12","grades_guessed":false,"lo":9,"hi":12,"elem":0,"mid":0,"high":1,"enrollment":207,"pct_white":15.6,"pct_black":52.5,"pct_hispanic":29.3,"pct_asian":0,"pct_multi":0,"pct_other":0,"econ_dis_pct":100,"attendance":79.4,"chronic_abs":65.6,"stars_overall":2.5,"stars_achievement":2,"pi_pct":51.8,"stars_progress":3,"stars_gap":3,"stars_early_lit":null,"grad4":62.2,"stars_ccwmr":3,"affiliation":null,"st_ratio":null,"tuition_low":null,"tuition_high":null,"tuition_year":null,"tuition_basis":null,"edchoice":null,"tuition_source":null,"tuition_status":null,"tuition_notes":null,"demo_year":"2024-25","faith":"secular","website":null,"district_website":"https://www.clevelandmetroschools.org/"},"geometry":{"type":"Point","coordinates":[-81.701794,41.466876]}},{"type":"Feature","properties":{"id":"irn:111062","name":"Birch Primary School","sector":"public","kind":"district","district_irn":44529,"district":"North Olmsted City","address":"24100 Palm Dr North Olmsted, OH 44070","grades":"PK-K","grades_guessed":false,"lo":0,"hi":0,"elem":1,"mid":0,"high":0,"enrollment":355,"pct_white":72.7,"pct_black":5.3,"pct_hispanic":12.4,"pct_asian":0,"pct_multi":6.8,"pct_other":0,"econ_dis_pct":100,"attendance":92.9,"chronic_abs":20,"stars_overall":4,"stars_achievement":null,"pi_pct":null,"stars_progress":null,"stars_gap":4,"stars_early_lit":null,"grad4":null,"stars_ccwmr":null,"affiliation":null,"st_ratio":null,"tuition_low":null,"tuition_high":null,"tuition_year":null,"tuition_basis":null,"edchoice":null,"tuition_source":null,"tuition_status":null,"tuition_notes":null,"demo_year":"2024-25","faith":"secular","website":"https://www.northolmstedschools.org/birchschool_home.aspx","district_website":"https://www.northolmstedschools.org/"},"geometry":{"type":"Point","coordinates":[-81.88914,41.42451]}},{"type":"Feature","properties":{"id":"irn:71357","name":"Brunswick Memorial Elementary School","sector":"public","kind":"district","district_irn":43661,"district":"Brunswick City","address":"3845 Magnolia Dr Brunswick, OH 44212","grades":"K-5","grades_guessed":false,"lo":0,"hi":5,"elem":1,"mid":0,"high":0,"enrollment":366,"pct_white":82.6,"pct_black":0,"pct_hispanic":6.6,"pct_asian":2.8,"pct_multi":5.8,"pct_other":0,"econ_dis_pct":33.3,"attendance":93.5,"chronic_abs":17.6,"stars_overall":5,"stars_achievement":5,"pi_pct":90.9,"stars_progress":5,"stars_gap":5,"stars_early_lit":3,"grad4":null,"stars_ccwmr":null,"affiliation":null,"st_ratio":null,"tuition_low":null,"tuition_high":null,"tuition_year":null,"tuition_basis":null,"edchoice":null,"tuition_source":null,"tuition_status":null,"tuition_notes":null,"demo_year":"2024-25","faith":"secular","website":null,"district_website":"https://www.bcsoh.org/"},"geometry":{"type":"Point","coordinates":[-81.824165,41.268858]}},{"type":"Feature","properties":{"id":"irn:25874","name":"The School of One","sector":"public","kind":"district","district_irn":43786,"district":"Cleveland Municipal","address":"3575 W 130th St Cleveland, OH 44111","grades":"9-12","grades_guessed":false,"lo":9,"hi":12,"elem":0,"mid":0,"high":1,"enrollment":265,"pct_white":17.4,"pct_black":61,"pct_hispanic":19,"pct_asian":0,"pct_multi":0,"pct_other":0,"econ_dis_pct":100,"attendance":87,"chronic_abs":50.9,"stars_overall":2,"stars_achievement":2,"pi_pct":53.8,"stars_progress":3,"stars_gap":2,"stars_early_lit":null,"grad4":63,"stars_ccwmr":1,"affiliation":null,"st_ratio":null,"tuition_low":null,"tuition_high":null,"tuition_year":null,"tuition_basis":null,"edchoice":null,"tuition_source":null,"tuition_status":null,"tuition_notes":null,"demo_year":"2024-25","faith":"secular","website":null,"district_website":"https://www.clevelandmetroschools.org/"},"geometry":{"type":"Point","coordinates":[-81.77901,41.45688]}},{"type":"Feature","properties":{"id":"irn:38109","name":"Valley Forge High School","sector":"public","kind":"district","district_irn":44636,"district":"Parma City","address":"9999 Independence Blvd Parma Heights, OH 44130","grades":"9-12","grades_guessed":false,"lo":9,"hi":12,"elem":0,"mid":0,"high":1,"enrollment":1341,"pct_white":67.1,"pct_black":8.3,"pct_hispanic":13.9,"pct_asian":4,"pct_multi":6.6,"pct_other":0,"econ_dis_pct":100,"attendance":91.1,"chronic_abs":28.8,"stars_overall":3.5,"stars_achievement":3,"pi_pct":74,"stars_progress":4,"stars_gap":4,"stars_early_lit":null,"grad4":88.3,"stars_ccwmr":3,"affiliation":null,"st_ratio":null,"tuition_low":null,"tuition_high":null,"tuition_year":null,"tuition_basis":null,"edchoice":null,"tuition_source":null,"tuition_status":null,"tuition_notes":null,"demo_year":"2024-25","faith":"secular","website":"https://valleyforge.parmacityschools.org/","district_website":"https://www.parmacityschools.org/"},"geometry":{"type":"Point","coordinates":[-81.756245,41.373056]}},{"type":"Feature","properties":{"id":"irn:8979","name":"Midview West Elementary School","sector":"public","kind":"district","district_irn":48173,"district":"Midview Local","address":"13080 Durkee Rd Grafton, OH 44044","grades":"3-4","grades_guessed":false,"lo":3,"hi":4,"elem":1,"mid":0,"high":0,"enrollment":385,"pct_white":84.5,"pct_black":0,"pct_hispanic":8.3,"pct_asian":0,"pct_multi":4.4,"pct_other":0,"econ_dis_pct":52.3,"attendance":93.4,"chronic_abs":16.1,"stars_overall":4.5,"stars_achievement":4,"pi_pct":82.9,"stars_progress":5,"stars_gap":5,"stars_early_lit":2,"grad4":null,"stars_ccwmr":null,"affiliation":null,"st_ratio":null,"tuition_low":null,"tuition_high":null,"tuition_year":null,"tuition_basis":null,"edchoice":null,"tuition_source":null,"tuition_status":null,"tuition_notes":null,"demo_year":"2024-25","faith":"secular","website":null,"district_website":"https://www.midviewk12.org/"},"geometry":{"type":"Point","coordinates":[-82.051169,41.298279]}},{"type":"Feature","properties":{"id":"irn:24224","name":"Memorial Middle School","sector":"public","kind":"district","district_irn":45492,"district":"Mentor Exempted Village","address":"8979 Mentor Ave Mentor, OH 44060","grades":"6-8","grades_guessed":false,"lo":6,"hi":8,"elem":0,"mid":1,"high":0,"enrollment":848,"pct_white":85.3,"pct_black":4.2,"pct_hispanic":3.8,"pct_asian":2.9,"pct_multi":3.7,"pct_other":0,"econ_dis_pct":31.7,"attendance":92.7,"chronic_abs":22.9,"stars_overall":4,"stars_achievement":4,"pi_pct":84,"stars_progress":3,"stars_gap":4,"stars_early_lit":null,"grad4":null,"stars_ccwmr":null,"affiliation":null,"st_ratio":null,"tuition_low":null,"tuition_high":null,"tuition_year":null,"tuition_basis":null,"edchoice":null,"tuition_source":null,"tuition_status":null,"tuition_notes":null,"demo_year":"2024-25","faith":"secular","website":null,"district_website":"https://www.mentorschools.net/"},"geometry":{"type":"Point","coordinates":[-81.31836,41.67659]}},{"type":"Feature","properties":{"id":"irn:12963","name":"Garfield Elementary School","sector":"public","kind":"district","district_irn":44263,"district":"Lorain City","address":"200 W 31st St Lorain, OH 44055","grades":"PK-5","grades_guessed":false,"lo":0,"hi":5,"elem":1,"mid":0,"high":0,"enrollment":265,"pct_white":12.8,"pct_black":22.9,"pct_hispanic":51.3,"pct_asian":0,"pct_multi":13,"pct_other":0,"econ_dis_pct":99.7,"attendance":85.5,"chronic_abs":57.2,"stars_overall":2,"stars_achievement":1,"pi_pct":43.3,"stars_progress":2,"stars_gap":2,"stars_early_lit":1,"grad4":null,"stars_ccwmr":null,"affiliation":null,"st_ratio":null,"tuition_low":null,"tuition_high":null,"tuition_year":null,"tuition_basis":null,"edchoice":null,"tuition_source":null,"tuition_status":null,"tuition_notes":null,"demo_year":"2024-25","faith":"secular","website":"http://www.lorainschools.org","district_website":"https://www.lorainschools.org/"},"geometry":{"type":"Point","coordinates":[-82.167496,41.442183]}},{"type":"Feature","properties":{"id":"irn:61515","name":"Mayfield Preschool","sector":"public","kind":"district","district_irn":44370,"district":"Mayfield City","address":"6116 Wilson Mills Rd Mayfield Village, OH 44143","grades":"K-5","grades_guessed":true,"lo":0,"hi":5,"elem":1,"mid":0,"high":0,"enrollment":null,"pct_white":null,"pct_black":null,"pct_hispanic":null,"pct_asian":null,"pct_multi":null,"pct_other":null,"econ_dis_pct":null,"attendance":null,"chronic_abs":null,"stars_overall":null,"stars_achievement":null,"pi_pct":null,"stars_progress":null,"stars_gap":null,"stars_early_lit":null,"grad4":null,"stars_ccwmr":null,"affiliation":null,"st_ratio":null,"tuition_low":null,"tuition_high":null,"tuition_year":null,"tuition_basis":null,"edchoice":null,"tuition_source":null,"tuition_status":null,"tuition_notes":null,"demo_year":"2024-25","faith":"secular","website":null,"district_website":"https://www.mayfieldschools.org/"},"geometry":{"type":"Point","coordinates":[-81.458668,41.538829]}},{"type":"Feature","properties":{"id":"irn:4044","name":"Bryden Elementary School","sector":"public","kind":"district","district_irn":43554,"district":"Beachwood City","address":"25501 Bryden Rd Beachwood, OH 44122","grades":"K-2","grades_guessed":false,"lo":0,"hi":2,"elem":1,"mid":0,"high":0,"enrollment":265,"pct_white":34.7,"pct_black":24.7,"pct_hispanic":8.3,"pct_asian":24.3,"pct_multi":7.7,"pct_other":0,"econ_dis_pct":14.7,"attendance":93.9,"chronic_abs":13.8,"stars_overall":5,"stars_achievement":null,"pi_pct":null,"stars_progress":null,"stars_gap":5,"stars_early_lit":null,"grad4":null,"stars_ccwmr":null,"affiliation":null,"st_ratio":null,"tuition_low":null,"tuition_high":null,"tuition_year":null,"tuition_basis":null,"edchoice":null,"tuition_source":null,"tuition_status":null,"tuition_notes":null,"demo_year":"2024-25","faith":"secular","website":null,"district_website":"https://www.beachwoodschools.org/"},"geometry":{"type":"Point","coordinates":[-81.50008,41.46914]}},{"type":"Feature","properties":{"id":"irn:35485","name":"Springfield Junior/Senior High School","sector":"public","kind":"district","district_irn":50062,"district":"Springfield Local","address":"1880 Canton Road Akron, OH 44312","grades":"7-12","grades_guessed":false,"lo":7,"hi":12,"elem":0,"mid":1,"high":1,"enrollment":712,"pct_white":82.6,"pct_black":4.8,"pct_hispanic":4.2,"pct_asian":4.9,"pct_multi":3.4,"pct_other":0,"econ_dis_pct":60,"attendance":90,"chronic_abs":37.6,"stars_overall":3,"stars_achievement":2,"pi_pct":69.3,"stars_progress":3,"stars_gap":2,"stars_early_lit":null,"grad4":95,"stars_ccwmr":4,"affiliation":null,"st_ratio":null,"tuition_low":null,"tuition_high":null,"tuition_year":null,"tuition_basis":null,"edchoice":null,"tuition_source":null,"tuition_status":null,"tuition_notes":null,"demo_year":"2024-25","faith":"secular","website":null,"district_website":"https://www.springfieldspartans.org/"},"geometry":{"type":"Point","coordinates":[-81.414053,41.017425]}},{"type":"Feature","properties":{"id":"irn:34041","name":"Cloverleaf Elementary School","sector":"public","kind":"district","district_irn":48488,"district":"Cloverleaf Local","address":"8337 Friendsville Rd Seville, OH 44273","grades":"PK-5","grades_guessed":false,"lo":0,"hi":5,"elem":1,"mid":0,"high":0,"enrollment":1137,"pct_white":92.1,"pct_black":0,"pct_hispanic":2.8,"pct_asian":0,"pct_multi":3.8,"pct_other":0,"econ_dis_pct":100,"attendance":93.5,"chronic_abs":14.5,"stars_overall":4,"stars_achievement":4,"pi_pct":88.1,"stars_progress":3,"stars_gap":4,"stars_early_lit":3,"grad4":null,"stars_ccwmr":null,"affiliation":null,"st_ratio":null,"tuition_low":null,"tuition_high":null,"tuition_year":null,"tuition_basis":null,"edchoice":null,"tuition_source":null,"tuition_status":null,"tuition_notes":null,"demo_year":"2024-25","faith":"secular","website":null,"district_website":"https://www.cloverleaflocal.org/"},"geometry":{"type":"Point","coordinates":[-81.965619,41.045943]}},{"type":"Feature","properties":{"id":"irn:18408","name":"Cleveland Early College High","sector":"public","kind":"district","district_irn":43786,"district":"Cleveland Municipal","address":"2075 Stokes Blvd Cleveland, OH 44106","grades":"9-12","grades_guessed":false,"lo":9,"hi":12,"elem":0,"mid":0,"high":1,"enrollment":259,"pct_white":0,"pct_black":90.3,"pct_hispanic":3.9,"pct_asian":0,"pct_multi":0,"pct_other":0,"econ_dis_pct":100,"attendance":91.2,"chronic_abs":23.8,"stars_overall":4.5,"stars_achievement":4,"pi_pct":88.4,"stars_progress":5,"stars_gap":5,"stars_early_lit":null,"grad4":100,"stars_ccwmr":1,"affiliation":null,"st_ratio":null,"tuition_low":null,"tuition_high":null,"tuition_year":null,"tuition_basis":null,"edchoice":null,"tuition_source":null,"tuition_status":null,"tuition_notes":null,"demo_year":"2024-25","faith":"secular","website":null,"district_website":"https://www.clevelandmetroschools.org/"},"geometry":{"type":"Point","coordinates":[-81.61202,41.50185]}},{"type":"Feature","properties":{"id":"irn:16121","name":"Highland Elementary School","sector":"public","kind":"district","district_irn":44834,"district":"Stow-Munroe Falls City School District","address":"1843 Graham Rd Stow, OH 44224","grades":"K-4","grades_guessed":false,"lo":0,"hi":4,"elem":1,"mid":0,"high":0,"enrollment":286,"pct_white":80.3,"pct_black":6.6,"pct_hispanic":0,"pct_asian":4.4,"pct_multi":5.6,"pct_other":0,"econ_dis_pct":37.1,"attendance":95,"chronic_abs":9,"stars_overall":5,"stars_achievement":4,"pi_pct":89.3,"stars_progress":5,"stars_gap":5,"stars_early_lit":4,"grad4":null,"stars_ccwmr":null,"affiliation":null,"st_ratio":null,"tuition_low":null,"tuition_high":null,"tuition_year":null,"tuition_basis":null,"edchoice":null,"tuition_source":null,"tuition_status":null,"tuition_notes":null,"demo_year":"2024-25","faith":"secular","website":null,"district_website":"https://www.smfschools.org/"},"geometry":{"type":"Point","coordinates":[-81.447843,41.166863]}},{"type":"Feature","properties":{"id":"irn:23085","name":"Mary M Bethune","sector":"public","kind":"district","district_irn":43786,"district":"Cleveland Municipal","address":"11815 Moulton Ave Cleveland, OH 44106","grades":"PK-8","grades_guessed":false,"lo":0,"hi":8,"elem":1,"mid":1,"high":0,"enrollment":263,"pct_white":0,"pct_black":94.4,"pct_hispanic":0,"pct_asian":0,"pct_multi":0,"pct_other":0,"econ_dis_pct":100,"attendance":84.7,"chronic_abs":57.9,"stars_overall":2,"stars_achievement":1,"pi_pct":43.7,"stars_progress":3,"stars_gap":1,"stars_early_lit":1,"grad4":null,"stars_ccwmr":null,"affiliation":null,"st_ratio":null,"tuition_low":null,"tuition_high":null,"tuition_year":null,"tuition_basis":null,"edchoice":null,"tuition_source":null,"tuition_status":null,"tuition_notes":null,"demo_year":"2024-25","faith":"secular","website":null,"district_website":"https://www.clevelandmetroschools.org/"},"geometry":{"type":"Point","coordinates":[-81.60286,41.52027]}},{"type":"Feature","properties":{"id":"irn:16832","name":"Hopkins Elementary School","sector":"public","kind":"district","district_irn":45492,"district":"Mentor Exempted Village","address":"7565 Hopkins Rd Mentor, OH 44060","grades":"K-5","grades_guessed":false,"lo":0,"hi":5,"elem":1,"mid":0,"high":0,"enrollment":456,"pct_white":88.5,"pct_black":0,"pct_hispanic":6.1,"pct_asian":2.7,"pct_multi":0,"pct_other":0,"econ_dis_pct":17.1,"attendance":94.9,"chronic_abs":7.5,"stars_overall":4.5,"stars_achievement":5,"pi_pct":93.5,"stars_progress":3,"stars_gap":5,"stars_early_lit":5,"grad4":null,"stars_ccwmr":null,"affiliation":null,"st_ratio":null,"tuition_low":null,"tuition_high":null,"tuition_year":null,"tuition_basis":null,"edchoice":null,"tuition_source":null,"tuition_status":null,"tuition_notes":null,"demo_year":"2024-25","faith":"secular","website":null,"district_website":"https://www.mentorschools.net/"},"geometry":{"type":"Point","coordinates":[-81.31413,41.66478]}},{"type":"Feature","properties":{"id":"irn:232","name":"Adrian Elementary School","sector":"public","kind":"district","district_irn":44792,"district":"South Euclid-Lyndhurst City","address":"1071 Homestead Rd South Euclid, OH 44121","grades":"K-3","grades_guessed":false,"lo":0,"hi":3,"elem":1,"mid":0,"high":0,"enrollment":266,"pct_white":6,"pct_black":82.6,"pct_hispanic":0,"pct_asian":0,"pct_multi":7.5,"pct_other":0,"econ_dis_pct":100,"attendance":91.7,"chronic_abs":26.7,"stars_overall":4,"stars_achievement":4,"pi_pct":89.7,"stars_progress":null,"stars_gap":3,"stars_early_lit":4,"grad4":null,"stars_ccwmr":null,"affiliation":null,"st_ratio":null,"tuition_low":null,"tuition_high":null,"tuition_year":null,"tuition_basis":null,"edchoice":null,"tuition_source":null,"tuition_status":null,"tuition_notes":null,"demo_year":"2024-25","faith":"secular","website":null,"district_website":"https://www.selschools.org/"},"geometry":{"type":"Point","coordinates":[-81.526626,41.532328]}},{"type":"Feature","properties":{"id":"irn:43174","name":"Lake Elementary School","sector":"public","kind":"district","district_irn":45492,"district":"Mentor Exempted Village","address":"7625 Pinehurst Dr Mentor On The Lake, OH 44060","grades":"K-5","grades_guessed":false,"lo":0,"hi":5,"elem":1,"mid":0,"high":0,"enrollment":273,"pct_white":78.2,"pct_black":0,"pct_hispanic":6.4,"pct_asian":0,"pct_multi":10.3,"pct_other":0,"econ_dis_pct":58.8,"attendance":94.5,"chronic_abs":12.6,"stars_overall":4,"stars_achievement":3,"pi_pct":79.9,"stars_progress":4,"stars_gap":5,"stars_early_lit":3,"grad4":null,"stars_ccwmr":null,"affiliation":null,"st_ratio":null,"tuition_low":null,"tuition_high":null,"tuition_year":null,"tuition_basis":null,"edchoice":null,"tuition_source":null,"tuition_status":null,"tuition_notes":null,"demo_year":"2024-25","faith":"secular","website":null,"district_website":"https://www.mentorschools.net/"},"geometry":{"type":"Point","coordinates":[-81.367506,41.712184]}},{"type":"Feature","properties":{"id":"irn:16261","name":"Richfield Elementary School","sector":"public","kind":"district","district_irn":50054,"district":"Revere Local","address":"3080 Revere Rd Richfield, OH 44286","grades":"PK-2","grades_guessed":false,"lo":0,"hi":2,"elem":1,"mid":0,"high":0,"enrollment":702,"pct_white":81.5,"pct_black":2.3,"pct_hispanic":3.9,"pct_asian":8.3,"pct_multi":4,"pct_other":0,"econ_dis_pct":7.8,"attendance":94.6,"chronic_abs":8.5,"stars_overall":5,"stars_achievement":null,"pi_pct":null,"stars_progress":null,"stars_gap":5,"stars_early_lit":null,"grad4":null,"stars_ccwmr":null,"affiliation":null,"st_ratio":null,"tuition_low":null,"tuition_high":null,"tuition_year":null,"tuition_basis":null,"edchoice":null,"tuition_source":null,"tuition_status":null,"tuition_notes":null,"demo_year":"2024-25","faith":"secular","website":null,"district_website":"https://www.revereschools.org/"},"geometry":{"type":"Point","coordinates":[-81.61555,41.204036]}},{"type":"Feature","properties":{"id":"irn:37978","name":"Shoreview Elementary School","sector":"public","kind":"district","district_irn":43950,"district":"Euclid City","address":"490 E 260th St Euclid, OH 44132","grades":"K-5","grades_guessed":false,"lo":0,"hi":5,"elem":1,"mid":0,"high":0,"enrollment":428,"pct_white":4.9,"pct_black":80.7,"pct_hispanic":7,"pct_asian":0,"pct_multi":6.7,"pct_other":0,"econ_dis_pct":100,"attendance":91.4,"chronic_abs":29.6,"stars_overall":2,"stars_achievement":2,"pi_pct":52.3,"stars_progress":2,"stars_gap":2,"stars_early_lit":1,"grad4":null,"stars_ccwmr":null,"affiliation":null,"st_ratio":null,"tuition_low":null,"tuition_high":null,"tuition_year":null,"tuition_basis":null,"edchoice":null,"tuition_source":null,"tuition_status":null,"tuition_notes":null,"demo_year":"2024-25","faith":"secular","website":null,"district_website":"https://www.euclidschools.org/"},"geometry":{"type":"Point","coordinates":[-81.50401,41.6134]}},{"type":"Feature","properties":{"id":"irn:18424","name":"John Muir Elementary School","sector":"public","kind":"district","district_irn":44636,"district":"Parma City","address":"5531 W 24th St Parma, OH 44134","grades":"K-4","grades_guessed":false,"lo":0,"hi":4,"elem":1,"mid":0,"high":0,"enrollment":530,"pct_white":55.5,"pct_black":10.1,"pct_hispanic":16.7,"pct_asian":3.7,"pct_multi":13.8,"pct_other":0,"econ_dis_pct":100,"attendance":92.3,"chronic_abs":21.1,"stars_overall":3.5,"stars_achievement":3,"pi_pct":76.8,"stars_progress":3,"stars_gap":4,"stars_early_lit":2,"grad4":null,"stars_ccwmr":null,"affiliation":null,"st_ratio":null,"tuition_low":null,"tuition_high":null,"tuition_year":null,"tuition_basis":null,"edchoice":null,"tuition_source":null,"tuition_status":null,"tuition_notes":null,"demo_year":"2024-25","faith":"secular","website":"https://johnmuir.parmacityschools.org/","district_website":"https://www.parmacityschools.org/"},"geometry":{"type":"Point","coordinates":[-81.698176,41.41118]}},{"type":"Feature","properties":{"id":"irn:27565","name":"North High School","sector":"public","kind":"district","district_irn":43489,"district":"Akron City","address":"985 Gorge Blvd Akron, OH 44310","grades":"PK, 9-12","grades_guessed":false,"lo":9,"hi":12,"elem":0,"mid":0,"high":1,"enrollment":896,"pct_white":9.4,"pct_black":35.1,"pct_hispanic":18.7,"pct_asian":30.7,"pct_multi":6.1,"pct_other":0,"econ_dis_pct":100,"attendance":83.5,"chronic_abs":52.9,"stars_overall":3.5,"stars_achievement":2,"pi_pct":58.7,"stars_progress":5,"stars_gap":3,"stars_early_lit":null,"grad4":87.8,"stars_ccwmr":4,"affiliation":null,"st_ratio":null,"tuition_low":null,"tuition_high":null,"tuition_year":null,"tuition_basis":null,"edchoice":null,"tuition_source":null,"tuition_status":null,"tuition_notes":null,"demo_year":"2024-25","faith":"secular","website":null,"district_website":"https://www.akronschools.com/"},"geometry":{"type":"Point","coordinates":[-81.497234,41.103841]}},{"type":"Feature","properties":{"id":"irn:3137","name":"Bolton","sector":"public","kind":"district","district_irn":43786,"district":"Cleveland Municipal","address":"9803 Quebec Ave Cleveland, OH 44106","grades":"PK-8","grades_guessed":false,"lo":0,"hi":8,"elem":1,"mid":1,"high":0,"enrollment":207,"pct_white":0,"pct_black":92.4,"pct_hispanic":0,"pct_asian":0,"pct_multi":0,"pct_other":0,"econ_dis_pct":100,"attendance":80.5,"chronic_abs":67.5,"stars_overall":1.5,"stars_achievement":1,"pi_pct":32.1,"stars_progress":2,"stars_gap":1,"stars_early_lit":1,"grad4":null,"stars_ccwmr":null,"affiliation":null,"st_ratio":null,"tuition_low":null,"tuition_high":null,"tuition_year":null,"tuition_basis":null,"edchoice":null,"tuition_source":null,"tuition_status":null,"tuition_notes":null,"demo_year":"2024-25","faith":"secular","website":null,"district_website":"https://www.clevelandmetroschools.org/"},"geometry":{"type":"Point","coordinates":[-81.61908,41.49456]}},{"type":"Feature","properties":{"id":"irn:41053","name":"Whitney Elementary School","sector":"public","kind":"district","district_irn":44842,"district":"Strongsville City","address":"13548 Whitney Rd Strongsville, OH 44136","grades":"K-5","grades_guessed":false,"lo":0,"hi":5,"elem":1,"mid":0,"high":0,"enrollment":419,"pct_white":60.6,"pct_black":3.3,"pct_hispanic":7.4,"pct_asian":23.5,"pct_multi":4.4,"pct_other":0,"econ_dis_pct":28.1,"attendance":95.5,"chronic_abs":7.8,"stars_overall":5,"stars_achievement":5,"pi_pct":95.4,"stars_progress":4,"stars_gap":5,"stars_early_lit":4,"grad4":null,"stars_ccwmr":null,"affiliation":null,"st_ratio":null,"tuition_low":null,"tuition_high":null,"tuition_year":null,"tuition_basis":null,"edchoice":null,"tuition_source":null,"tuition_status":null,"tuition_notes":null,"demo_year":"2024-25","faith":"secular","website":null,"district_website":"https://www.scsmustangs.org/"},"geometry":{"type":"Point","coordinates":[-81.79033,41.3444]}},{"type":"Feature","properties":{"id":"irn:11783","name":"Olmsted Falls Intermediate Building","sector":"public","kind":"district","district_irn":46573,"district":"Olmsted Falls City","address":"27043 Bagley Rd Olmsted Falls, OH 44138","grades":"4-5","grades_guessed":false,"lo":4,"hi":5,"elem":1,"mid":0,"high":0,"enrollment":505,"pct_white":86.3,"pct_black":2,"pct_hispanic":6.1,"pct_asian":2.5,"pct_multi":3.1,"pct_other":0,"econ_dis_pct":27.8,"attendance":94.7,"chronic_abs":11.4,"stars_overall":4.5,"stars_achievement":4,"pi_pct":86,"stars_progress":4,"stars_gap":5,"stars_early_lit":null,"grad4":null,"stars_ccwmr":null,"affiliation":null,"st_ratio":null,"tuition_low":null,"tuition_high":null,"tuition_year":null,"tuition_basis":null,"edchoice":null,"tuition_source":null,"tuition_status":null,"tuition_notes":null,"demo_year":"2024-25","faith":"secular","website":null,"district_website":"https://www.ofcs.net/"},"geometry":{"type":"Point","coordinates":[-81.937127,41.372519]}},{"type":"Feature","properties":{"id":"irn:41236","name":"Wilbur Wright School","sector":"public","kind":"district","district_irn":43786,"district":"Cleveland Municipal","address":"11005 Parkhurst Dr Cleveland, OH 44111","grades":"PK-8","grades_guessed":false,"lo":0,"hi":8,"elem":1,"mid":1,"high":0,"enrollment":535,"pct_white":23.4,"pct_black":38.7,"pct_hispanic":24.5,"pct_asian":4.4,"pct_multi":8.9,"pct_other":0,"econ_dis_pct":100,"attendance":84.4,"chronic_abs":54.5,"stars_overall":2.5,"stars_achievement":1,"pi_pct":49.1,"stars_progress":4,"stars_gap":2,"stars_early_lit":1,"grad4":null,"stars_ccwmr":null,"affiliation":null,"st_ratio":null,"tuition_low":null,"tuition_high":null,"tuition_year":null,"tuition_basis":null,"edchoice":null,"tuition_source":null,"tuition_status":null,"tuition_notes":null,"demo_year":"2024-25","faith":"secular","website":"https://www.clevelandmetroschools.org/","district_website":"https://www.clevelandmetroschools.org/"},"geometry":{"type":"Point","coordinates":[-81.76377,41.46022]}},{"type":"Feature","properties":{"id":"irn:64733","name":"Westwood Middle School","sector":"public","kind":"district","district_irn":43943,"district":"Elyria City Schools","address":"42350 Adelbert St Elyria, OH 44035","grades":"5-8","grades_guessed":false,"lo":5,"hi":8,"elem":1,"mid":1,"high":0,"enrollment":466,"pct_white":37.1,"pct_black":22.9,"pct_hispanic":19.6,"pct_asian":0,"pct_multi":19.8,"pct_other":0,"econ_dis_pct":99.9,"attendance":89.5,"chronic_abs":33.4,"stars_overall":3,"stars_achievement":2,"pi_pct":57.9,"stars_progress":4,"stars_gap":2,"stars_early_lit":null,"grad4":null,"stars_ccwmr":null,"affiliation":null,"st_ratio":null,"tuition_low":null,"tuition_high":null,"tuition_year":null,"tuition_basis":null,"edchoice":null,"tuition_source":null,"tuition_status":null,"tuition_notes":null,"demo_year":"2024-25","faith":"secular","website":null,"district_website":"https://www.elyriaschools.org/"},"geometry":{"type":"Point","coordinates":[-82.141544,41.394208]}},{"type":"Feature","properties":{"id":"irn:61473","name":"Rushwood Elementary School","sector":"public","kind":"district","district_irn":50047,"district":"Nordonia Hills City","address":"8200 Rushwood Ln Northfield, OH 44067","grades":"K-4","grades_guessed":false,"lo":0,"hi":4,"elem":1,"mid":0,"high":0,"enrollment":351,"pct_white":79.7,"pct_black":6.7,"pct_hispanic":5.5,"pct_asian":0,"pct_multi":6.6,"pct_other":0,"econ_dis_pct":20.2,"attendance":94.8,"chronic_abs":12,"stars_overall":4.5,"stars_achievement":5,"pi_pct":95.6,"stars_progress":3,"stars_gap":5,"stars_early_lit":4,"grad4":null,"stars_ccwmr":null,"affiliation":null,"st_ratio":null,"tuition_low":null,"tuition_high":null,"tuition_year":null,"tuition_basis":null,"edchoice":null,"tuition_source":null,"tuition_status":null,"tuition_notes":null,"demo_year":"2024-25","faith":"secular","website":null,"district_website":"https://www.nordoniaschools.org/"},"geometry":{"type":"Point","coordinates":[-81.556721,41.327231]}},{"type":"Feature","properties":{"id":"irn:36277","name":"Strongsville High School","sector":"public","kind":"district","district_irn":44842,"district":"Strongsville City","address":"20025 Lunn Rd Strongsville, OH 44149","grades":"9-12","grades_guessed":false,"lo":9,"hi":12,"elem":0,"mid":0,"high":1,"enrollment":1677,"pct_white":76.9,"pct_black":3.9,"pct_hispanic":6.8,"pct_asian":8.5,"pct_multi":3.5,"pct_other":0,"econ_dis_pct":26.2,"attendance":93.1,"chronic_abs":19.2,"stars_overall":5,"stars_achievement":5,"pi_pct":90.2,"stars_progress":5,"stars_gap":5,"stars_early_lit":null,"grad4":96.8,"stars_ccwmr":3,"affiliation":null,"st_ratio":null,"tuition_low":null,"tuition_high":null,"tuition_year":null,"tuition_basis":null,"edchoice":null,"tuition_source":null,"tuition_status":null,"tuition_notes":null,"demo_year":"2024-25","faith":"secular","website":null,"district_website":"https://www.scsmustangs.org/"},"geometry":{"type":"Point","coordinates":[-81.847633,41.305097]}},{"type":"Feature","properties":{"id":"irn:10249","name":"Ella Canavan Elementary School","sector":"public","kind":"district","district_irn":44388,"district":"Medina City SD","address":"825 Lawrence St Medina, OH 44256","grades":"K-5","grades_guessed":false,"lo":0,"hi":5,"elem":1,"mid":0,"high":0,"enrollment":473,"pct_white":84.4,"pct_black":2.9,"pct_hispanic":4.5,"pct_asian":0,"pct_multi":7,"pct_other":0,"econ_dis_pct":26.4,"attendance":95.2,"chronic_abs":8,"stars_overall":5,"stars_achievement":4,"pi_pct":89.9,"stars_progress":5,"stars_gap":5,"stars_early_lit":3,"grad4":null,"stars_ccwmr":null,"affiliation":null,"st_ratio":null,"tuition_low":null,"tuition_high":null,"tuition_year":null,"tuition_basis":null,"edchoice":null,"tuition_source":null,"tuition_status":null,"tuition_notes":null,"demo_year":"2024-25","faith":"secular","website":"https://www.medinabees.org","district_website":"https://www.medinabees.org/"},"geometry":{"type":"Point","coordinates":[-81.869227,41.127189]}},{"type":"Feature","properties":{"id":"irn:39347","name":"Washington Elementary School","sector":"public","kind":"district","district_irn":44263,"district":"Lorain City","address":"1025 W 23rd St Lorain, OH 44052","grades":"PK-5","grades_guessed":false,"lo":0,"hi":5,"elem":1,"mid":0,"high":0,"enrollment":289,"pct_white":16,"pct_black":21.1,"pct_hispanic":52,"pct_asian":0,"pct_multi":10.6,"pct_other":0,"econ_dis_pct":100,"attendance":87.5,"chronic_abs":46.7,"stars_overall":2.5,"stars_achievement":1,"pi_pct":48,"stars_progress":3,"stars_gap":2,"stars_early_lit":1,"grad4":null,"stars_ccwmr":null,"affiliation":null,"st_ratio":null,"tuition_low":null,"tuition_high":null,"tuition_year":null,"tuition_basis":null,"edchoice":null,"tuition_source":null,"tuition_status":null,"tuition_notes":null,"demo_year":"2024-25","faith":"secular","website":null,"district_website":"https://www.lorainschools.org/"},"geometry":{"type":"Point","coordinates":[-82.18082,41.44657]}},{"type":"Feature","properties":{"id":"irn:68221","name":"Kenneth W Clement","sector":"public","kind":"district","district_irn":43786,"district":"Cleveland Municipal","address":"14311 Woodworth Rd Cleveland, OH 44112","grades":"K-8","grades_guessed":false,"lo":0,"hi":8,"elem":1,"mid":1,"high":0,"enrollment":144,"pct_white":0,"pct_black":94.6,"pct_hispanic":0,"pct_asian":0,"pct_multi":0,"pct_other":0,"econ_dis_pct":100,"attendance":90.6,"chronic_abs":30.9,"stars_overall":3,"stars_achievement":2,"pi_pct":53.3,"stars_progress":4,"stars_gap":3,"stars_early_lit":1,"grad4":null,"stars_ccwmr":null,"affiliation":null,"st_ratio":null,"tuition_low":null,"tuition_high":null,"tuition_year":null,"tuition_basis":null,"edchoice":null,"tuition_source":null,"tuition_status":null,"tuition_notes":null,"demo_year":"2024-25","faith":"secular","website":"https://kcbla.clevelandmetroschools.org/","district_website":"https://www.clevelandmetroschools.org/"},"geometry":{"type":"Point","coordinates":[-81.582657,41.545281]}},{"type":"Feature","properties":{"id":"irn:6759","name":"Cloverleaf High School","sector":"public","kind":"district","district_irn":48488,"district":"Cloverleaf Local","address":"7540 Buffham Rd Seville, OH 44273","grades":"9-12","grades_guessed":false,"lo":9,"hi":12,"elem":0,"mid":0,"high":1,"enrollment":602,"pct_white":88.5,"pct_black":0,"pct_hispanic":5.5,"pct_asian":0,"pct_multi":3.6,"pct_other":0,"econ_dis_pct":98.9,"attendance":91.8,"chronic_abs":24,"stars_overall":4.5,"stars_achievement":4,"pi_pct":85.7,"stars_progress":4,"stars_gap":4,"stars_early_lit":null,"grad4":97.9,"stars_ccwmr":3,"affiliation":null,"st_ratio":null,"tuition_low":null,"tuition_high":null,"tuition_year":null,"tuition_basis":null,"edchoice":null,"tuition_source":null,"tuition_status":null,"tuition_notes":null,"demo_year":"2024-25","faith":"secular","website":null,"district_website":"https://www.cloverleaflocal.org/"},"geometry":{"type":"Point","coordinates":[-81.961747,41.041454]}},{"type":"Feature","properties":{"id":"irn:7070","name":"Columbus Intermediate School","sector":"public","kind":"district","district_irn":43562,"district":"Bedford City","address":"23600 Columbus Rd Bedford, OH 44146","grades":"3-5","grades_guessed":false,"lo":3,"hi":5,"elem":1,"mid":0,"high":0,"enrollment":366,"pct_white":6,"pct_black":74,"pct_hispanic":11.7,"pct_asian":0,"pct_multi":7.5,"pct_other":0,"econ_dis_pct":99.5,"attendance":91.9,"chronic_abs":27.3,"stars_overall":3.5,"stars_achievement":2,"pi_pct":65.6,"stars_progress":4,"stars_gap":3,"stars_early_lit":2,"grad4":null,"stars_ccwmr":null,"affiliation":null,"st_ratio":null,"tuition_low":null,"tuition_high":null,"tuition_year":null,"tuition_basis":null,"edchoice":null,"tuition_source":null,"tuition_status":null,"tuition_notes":null,"demo_year":"2024-25","faith":"secular","website":null,"district_website":"https://www.bedford.k12.oh.us/"},"geometry":{"type":"Point","coordinates":[-81.51191,41.4015]}},{"type":"Feature","properties":{"id":"irn:20065","name":"Ledgeview Elementary School","sector":"public","kind":"district","district_irn":50047,"district":"Nordonia Hills City","address":"9130 Shepard Rd Macedonia, OH 44056","grades":"K-4","grades_guessed":false,"lo":0,"hi":4,"elem":1,"mid":0,"high":0,"enrollment":432,"pct_white":70.3,"pct_black":12.5,"pct_hispanic":3.4,"pct_asian":4.8,"pct_multi":8.8,"pct_other":0,"econ_dis_pct":17.7,"attendance":94,"chronic_abs":15,"stars_overall":4,"stars_achievement":4,"pi_pct":89.2,"stars_progress":3,"stars_gap":5,"stars_early_lit":3,"grad4":null,"stars_ccwmr":null,"affiliation":null,"st_ratio":null,"tuition_low":null,"tuition_high":null,"tuition_year":null,"tuition_basis":null,"edchoice":null,"tuition_source":null,"tuition_status":null,"tuition_notes":null,"demo_year":"2024-25","faith":"secular","website":null,"district_website":"https://www.nordoniaschools.org/"},"geometry":{"type":"Point","coordinates":[-81.491624,41.32275]}},{"type":"Feature","properties":{"id":"irn:29710","name":"Perry High School","sector":"public","kind":"district","district_irn":47902,"district":"Perry Local","address":"1 Success Blvd Perry, OH 44081","grades":"9-12","grades_guessed":false,"lo":9,"hi":12,"elem":0,"mid":0,"high":1,"enrollment":487,"pct_white":81.3,"pct_black":2.4,"pct_hispanic":12.3,"pct_asian":0,"pct_multi":3.2,"pct_other":0,"econ_dis_pct":27.8,"attendance":93.5,"chronic_abs":16.5,"stars_overall":4.5,"stars_achievement":4,"pi_pct":88.2,"stars_progress":4,"stars_gap":4,"stars_early_lit":null,"grad4":98.2,"stars_ccwmr":2,"affiliation":null,"st_ratio":null,"tuition_low":null,"tuition_high":null,"tuition_year":null,"tuition_basis":null,"edchoice":null,"tuition_source":null,"tuition_status":null,"tuition_notes":null,"demo_year":"2024-25","faith":"secular","website":null,"district_website":"https://www.perry-lake.org/"},"geometry":{"type":"Point","coordinates":[-81.139957,41.773962]}},{"type":"Feature","properties":{"id":"irn:34462","name":"Shiloh Middle School","sector":"public","kind":"district","district_irn":44636,"district":"Parma City","address":"2303 Grantwood Dr Parma, OH 44134","grades":"5-8","grades_guessed":false,"lo":5,"hi":8,"elem":1,"mid":1,"high":0,"enrollment":732,"pct_white":61.5,"pct_black":10.1,"pct_hispanic":16.1,"pct_asian":3.7,"pct_multi":8.2,"pct_other":0,"econ_dis_pct":100,"attendance":90.5,"chronic_abs":32,"stars_overall":2.5,"stars_achievement":2,"pi_pct":64.9,"stars_progress":2,"stars_gap":3,"stars_early_lit":null,"grad4":null,"stars_ccwmr":null,"affiliation":null,"st_ratio":null,"tuition_low":null,"tuition_high":null,"tuition_year":null,"tuition_basis":null,"edchoice":null,"tuition_source":null,"tuition_status":null,"tuition_notes":null,"demo_year":"2024-25","faith":"secular","website":"https://shiloh.parmacityschools.org/","district_website":"https://www.parmacityschools.org/"},"geometry":{"type":"Point","coordinates":[-81.697089,41.396293]}},{"type":"Feature","properties":{"id":"irn:1040","name":"Artemus Ward","sector":"public","kind":"district","district_irn":43786,"district":"Cleveland Municipal","address":"4315 W 140th St Cleveland, OH 44135","grades":"PK-8","grades_guessed":false,"lo":0,"hi":8,"elem":1,"mid":1,"high":0,"enrollment":499,"pct_white":17.9,"pct_black":37.8,"pct_hispanic":33.3,"pct_asian":4.9,"pct_multi":6,"pct_other":0,"econ_dis_pct":100,"attendance":88.2,"chronic_abs":44.2,"stars_overall":3,"stars_achievement":2,"pi_pct":53.3,"stars_progress":4,"stars_gap":2,"stars_early_lit":2,"grad4":null,"stars_ccwmr":null,"affiliation":null,"st_ratio":null,"tuition_low":null,"tuition_high":null,"tuition_year":null,"tuition_basis":null,"edchoice":null,"tuition_source":null,"tuition_status":null,"tuition_notes":null,"demo_year":"2024-25","faith":"secular","website":null,"district_website":"https://www.clevelandmetroschools.org/"},"geometry":{"type":"Point","coordinates":[-81.790437,41.4369]}},{"type":"Feature","properties":{"id":"irn:12609","name":"Fort Island Primary Elementary School","sector":"public","kind":"district","district_irn":49981,"district":"Copley-Fairlawn City","address":"496 Trunko Rd Fairlawn, OH 44333","grades":"K-4","grades_guessed":false,"lo":0,"hi":4,"elem":1,"mid":0,"high":0,"enrollment":358,"pct_white":67.2,"pct_black":9.4,"pct_hispanic":5.9,"pct_asian":7.8,"pct_multi":9.8,"pct_other":0,"econ_dis_pct":27.6,"attendance":94.5,"chronic_abs":12.8,"stars_overall":4.5,"stars_achievement":5,"pi_pct":91.1,"stars_progress":3,"stars_gap":5,"stars_early_lit":3,"grad4":null,"stars_ccwmr":null,"affiliation":null,"st_ratio":null,"tuition_low":null,"tuition_high":null,"tuition_year":null,"tuition_basis":null,"edchoice":null,"tuition_source":null,"tuition_status":null,"tuition_notes":null,"demo_year":"2024-25","faith":"secular","website":null,"district_website":"https://www.copley-fairlawn.org/"},"geometry":{"type":"Point","coordinates":[-81.623492,41.120303]}},{"type":"Feature","properties":{"id":"irn:41541","name":"Willson School","sector":"public","kind":"district","district_irn":43786,"district":"Cleveland Municipal","address":"1122 Ansel Rd Cleveland, OH 44108","grades":"PK-8","grades_guessed":false,"lo":0,"hi":8,"elem":1,"mid":1,"high":0,"enrollment":346,"pct_white":5.2,"pct_black":82.8,"pct_hispanic":7.9,"pct_asian":0,"pct_multi":3.8,"pct_other":0,"econ_dis_pct":100,"attendance":86.6,"chronic_abs":51,"stars_overall":2,"stars_achievement":1,"pi_pct":44.6,"stars_progress":3,"stars_gap":1,"stars_early_lit":1,"grad4":null,"stars_ccwmr":null,"affiliation":null,"st_ratio":null,"tuition_low":null,"tuition_high":null,"tuition_year":null,"tuition_basis":null,"edchoice":null,"tuition_source":null,"tuition_status":null,"tuition_notes":null,"demo_year":"2024-25","faith":"secular","website":null,"district_website":"https://www.clevelandmetroschools.org/"},"geometry":{"type":"Point","coordinates":[-81.627578,41.524134]}},{"type":"Feature","properties":{"id":"irn:5710","name":"Wadsworth Middle School","sector":"public","kind":"district","district_irn":44974,"district":"Wadsworth City","address":"150 Silvercreek Rd Wadsworth, OH 44281","grades":"7-8","grades_guessed":false,"lo":7,"hi":8,"elem":0,"mid":1,"high":0,"enrollment":598,"pct_white":91.1,"pct_black":0,"pct_hispanic":3.2,"pct_asian":0,"pct_multi":3.8,"pct_other":0,"econ_dis_pct":30.5,"attendance":92.8,"chronic_abs":20,"stars_overall":4.5,"stars_achievement":4,"pi_pct":87.6,"stars_progress":4,"stars_gap":4,"stars_early_lit":null,"grad4":null,"stars_ccwmr":null,"affiliation":null,"st_ratio":null,"tuition_low":null,"tuition_high":null,"tuition_year":null,"tuition_basis":null,"edchoice":null,"tuition_source":null,"tuition_status":null,"tuition_notes":null,"demo_year":"2024-25","faith":"secular","website":null,"district_website":"https://www.wadsworthschools.org/"},"geometry":{"type":"Point","coordinates":[-81.706184,41.024089]}},{"type":"Feature","properties":{"id":"irn:41988","name":"Woodland Elementary School","sector":"public","kind":"district","district_irn":44834,"district":"Stow-Munroe Falls City School District","address":"2908 Graham Rd Stow, OH 44224","grades":"K-4","grades_guessed":false,"lo":0,"hi":4,"elem":1,"mid":0,"high":0,"enrollment":269,"pct_white":85,"pct_black":0,"pct_hispanic":0,"pct_asian":0,"pct_multi":6,"pct_other":0,"econ_dis_pct":32,"attendance":95.1,"chronic_abs":9.7,"stars_overall":4,"stars_achievement":4,"pi_pct":89.8,"stars_progress":3,"stars_gap":3,"stars_early_lit":4,"grad4":null,"stars_ccwmr":null,"affiliation":null,"st_ratio":null,"tuition_low":null,"tuition_high":null,"tuition_year":null,"tuition_basis":null,"edchoice":null,"tuition_source":null,"tuition_status":null,"tuition_notes":null,"demo_year":"2024-25","faith":"secular","website":null,"district_website":"https://www.smfschools.org/"},"geometry":{"type":"Point","coordinates":[-81.409667,41.165223]}},{"type":"Feature","properties":{"id":"irn:61432","name":"Cloverleaf Middle School","sector":"public","kind":"district","district_irn":48488,"district":"Cloverleaf Local","address":"7540 Buffham Rd Seville, OH 44273","grades":"6-8","grades_guessed":false,"lo":6,"hi":8,"elem":0,"mid":1,"high":0,"enrollment":579,"pct_white":92.5,"pct_black":0,"pct_hispanic":2.4,"pct_asian":0,"pct_multi":3.6,"pct_other":0,"econ_dis_pct":100,"attendance":93.7,"chronic_abs":16.3,"stars_overall":4.5,"stars_achievement":4,"pi_pct":85.4,"stars_progress":4,"stars_gap":5,"stars_early_lit":null,"grad4":null,"stars_ccwmr":null,"affiliation":null,"st_ratio":null,"tuition_low":null,"tuition_high":null,"tuition_year":null,"tuition_basis":null,"edchoice":null,"tuition_source":null,"tuition_status":null,"tuition_notes":null,"demo_year":"2024-25","faith":"secular","website":null,"district_website":"https://www.cloverleaflocal.org/"},"geometry":{"type":"Point","coordinates":[-81.961747,41.041454]}},{"type":"Feature","properties":{"id":"irn:42051","name":"Woodridge High School","sector":"public","kind":"district","district_irn":49973,"district":"Woodridge Local","address":"4440 Quick Rd Peninsula, OH 44264","grades":"9-12","grades_guessed":false,"lo":9,"hi":12,"elem":0,"mid":0,"high":1,"enrollment":552,"pct_white":68.5,"pct_black":17.7,"pct_hispanic":4.3,"pct_asian":2.9,"pct_multi":6.6,"pct_other":0,"econ_dis_pct":50.5,"attendance":91.6,"chronic_abs":27.7,"stars_overall":3,"stars_achievement":3,"pi_pct":76.1,"stars_progress":2,"stars_gap":2,"stars_early_lit":null,"grad4":97.4,"stars_ccwmr":1,"affiliation":null,"st_ratio":null,"tuition_low":null,"tuition_high":null,"tuition_year":null,"tuition_basis":null,"edchoice":null,"tuition_source":null,"tuition_status":null,"tuition_notes":null,"demo_year":"2024-25","faith":"secular","website":"http://www.woodridge.k12.oh.us/mainpage.htm","district_website":"https://www.woodridge.us/"},"geometry":{"type":"Point","coordinates":[-81.512817,41.192307]}},{"type":"Feature","properties":{"id":"irn:1628","name":"Brookside Intermediate School","sector":"public","kind":"district","district_irn":44768,"district":"Sheffield-Sheffield Lake City","address":"1812 Harris Rd Sheffield Village, OH 44054","grades":"3-6","grades_guessed":false,"lo":3,"hi":6,"elem":1,"mid":1,"high":0,"enrollment":413,"pct_white":71.6,"pct_black":2.9,"pct_hispanic":16.5,"pct_asian":0,"pct_multi":7.2,"pct_other":0,"econ_dis_pct":59.5,"attendance":92.5,"chronic_abs":23.4,"stars_overall":2.5,"stars_achievement":3,"pi_pct":74.6,"stars_progress":2,"stars_gap":3,"stars_early_lit":2,"grad4":null,"stars_ccwmr":null,"affiliation":null,"st_ratio":null,"tuition_low":null,"tuition_high":null,"tuition_year":null,"tuition_basis":null,"edchoice":null,"tuition_source":null,"tuition_status":null,"tuition_notes":null,"demo_year":"2024-25","faith":"secular","website":null,"district_website":"https://www.sheffieldschools.org/"},"geometry":{"type":"Point","coordinates":[-82.09642,41.46706]}},{"type":"Feature","properties":{"id":"irn:24141","name":"Melridge Elementary School","sector":"public","kind":"district","district_irn":47894,"district":"Riverside Local","address":"6689 Melridge Dr Painesville, OH 44077","grades":"PK-4","grades_guessed":false,"lo":0,"hi":4,"elem":1,"mid":0,"high":0,"enrollment":301,"pct_white":73.5,"pct_black":6,"pct_hispanic":15.7,"pct_asian":0,"pct_multi":3.5,"pct_other":0,"econ_dis_pct":38.6,"attendance":93.7,"chronic_abs":14.7,"stars_overall":4,"stars_achievement":4,"pi_pct":85.6,"stars_progress":4,"stars_gap":5,"stars_early_lit":2,"grad4":null,"stars_ccwmr":null,"affiliation":null,"st_ratio":null,"tuition_low":null,"tuition_high":null,"tuition_year":null,"tuition_basis":null,"edchoice":null,"tuition_source":null,"tuition_status":null,"tuition_notes":null,"demo_year":"2024-25","faith":"secular","website":"https://www.riversidelocalschools.com","district_website":"https://www.riversideschools.net/"},"geometry":{"type":"Point","coordinates":[-81.26274,41.68743]}},{"type":"Feature","properties":{"id":"irn:24075","name":"Medina High School","sector":"public","kind":"district","district_irn":44388,"district":"Medina City SD","address":"777 E Union St Medina, OH 44256","grades":"9-12","grades_guessed":false,"lo":9,"hi":12,"elem":0,"mid":0,"high":1,"enrollment":1685,"pct_white":86.7,"pct_black":2.7,"pct_hispanic":5.2,"pct_asian":1.5,"pct_multi":3.9,"pct_other":0,"econ_dis_pct":20.3,"attendance":91.3,"chronic_abs":27.6,"stars_overall":4.5,"stars_achievement":4,"pi_pct":87.9,"stars_progress":4,"stars_gap":4,"stars_early_lit":null,"grad4":98.2,"stars_ccwmr":3,"affiliation":null,"st_ratio":null,"tuition_low":null,"tuition_high":null,"tuition_year":null,"tuition_basis":null,"edchoice":null,"tuition_source":null,"tuition_status":null,"tuition_notes":null,"demo_year":"2024-25","faith":"secular","website":"https://www.medinabees.org","district_website":"https://www.medinabees.org/"},"geometry":{"type":"Point","coordinates":[-81.851829,41.143857]}},{"type":"Feature","properties":{"id":"irn:9498","name":"East Community Learning Center","sector":"public","kind":"district","district_irn":43489,"district":"Akron City","address":"80 Brittain Rd Akron, OH 44305","grades":"6-12","grades_guessed":false,"lo":6,"hi":12,"elem":0,"mid":1,"high":1,"enrollment":899,"pct_white":18.8,"pct_black":62.4,"pct_hispanic":6.2,"pct_asian":2.1,"pct_multi":10.4,"pct_other":0,"econ_dis_pct":100,"attendance":80.6,"chronic_abs":68.6,"stars_overall":3,"stars_achievement":2,"pi_pct":52.1,"stars_progress":3,"stars_gap":3,"stars_early_lit":null,"grad4":91.1,"stars_ccwmr":5,"affiliation":null,"st_ratio":null,"tuition_low":null,"tuition_high":null,"tuition_year":null,"tuition_basis":null,"edchoice":null,"tuition_source":null,"tuition_status":null,"tuition_notes":null,"demo_year":"2024-25","faith":"secular","website":null,"district_website":"https://www.akronschools.com/"},"geometry":{"type":"Point","coordinates":[-81.46861,41.064587]}},{"type":"Feature","properties":{"id":"irn:9555","name":"East Technical High School","sector":"public","kind":"district","district_irn":43786,"district":"Cleveland Municipal","address":"2439 E 55th St Cleveland, OH 44104","grades":"9-12","grades_guessed":false,"lo":9,"hi":12,"elem":0,"mid":0,"high":1,"enrollment":475,"pct_white":5.5,"pct_black":88.2,"pct_hispanic":5,"pct_asian":0,"pct_multi":0,"pct_other":0,"econ_dis_pct":100,"attendance":65.6,"chronic_abs":86.1,"stars_overall":2.5,"stars_achievement":1,"pi_pct":46.5,"stars_progress":4,"stars_gap":1,"stars_early_lit":null,"grad4":48.2,"stars_ccwmr":3,"affiliation":null,"st_ratio":null,"tuition_low":null,"tuition_high":null,"tuition_year":null,"tuition_basis":null,"edchoice":null,"tuition_source":null,"tuition_status":null,"tuition_notes":null,"demo_year":"2024-25","faith":"secular","website":null,"district_website":"https://www.clevelandmetroschools.org/"},"geometry":{"type":"Point","coordinates":[-81.65072,41.49237]}},{"type":"Feature","properties":{"id":"irn:23705","name":"Horace Mann Elementary School","sector":"public","kind":"district","district_irn":44198,"district":"Lakewood City","address":"1215 W Clifton Blvd Lakewood, OH 44107","grades":"PK-5","grades_guessed":false,"lo":0,"hi":5,"elem":1,"mid":0,"high":0,"enrollment":269,"pct_white":73.3,"pct_black":4.4,"pct_hispanic":7.1,"pct_asian":0,"pct_multi":13.9,"pct_other":0,"econ_dis_pct":32.1,"attendance":94.2,"chronic_abs":14.9,"stars_overall":3.5,"stars_achievement":3,"pi_pct":78.6,"stars_progress":2,"stars_gap":3,"stars_early_lit":4,"grad4":null,"stars_ccwmr":null,"affiliation":null,"st_ratio":null,"tuition_low":null,"tuition_high":null,"tuition_year":null,"tuition_basis":null,"edchoice":null,"tuition_source":null,"tuition_status":null,"tuition_notes":null,"demo_year":"2024-25","faith":"secular","website":null,"district_website":"https://www.lakewoodcityschools.org/"},"geometry":{"type":"Point","coordinates":[-81.822426,41.489196]}},{"type":"Feature","properties":{"id":"irn:24885","name":"Millridge Elementary School","sector":"public","kind":"district","district_irn":44370,"district":"Mayfield City","address":"962 Millridge Rd Cleveland, OH 44143","grades":"K-5","grades_guessed":false,"lo":0,"hi":5,"elem":1,"mid":0,"high":0,"enrollment":603,"pct_white":71.4,"pct_black":8.6,"pct_hispanic":5.9,"pct_asian":6.2,"pct_multi":7.8,"pct_other":0,"econ_dis_pct":34,"attendance":94.8,"chronic_abs":10.7,"stars_overall":5,"stars_achievement":5,"pi_pct":94.1,"stars_progress":4,"stars_gap":5,"stars_early_lit":4,"grad4":null,"stars_ccwmr":null,"affiliation":null,"st_ratio":null,"tuition_low":null,"tuition_high":null,"tuition_year":null,"tuition_basis":null,"edchoice":null,"tuition_source":null,"tuition_status":null,"tuition_notes":null,"demo_year":"2024-25","faith":"secular","website":null,"district_website":"https://www.mayfieldschools.org/"},"geometry":{"type":"Point","coordinates":[-81.475797,41.534094]}},{"type":"Feature","properties":{"id":"irn:35089","name":"South High School","sector":"public","kind":"district","district_irn":45104,"district":"Willoughby-Eastlake City","address":"4900 Shankland Rd Willoughby, OH 44094","grades":"9-12","grades_guessed":false,"lo":9,"hi":12,"elem":0,"mid":0,"high":1,"enrollment":925,"pct_white":64.4,"pct_black":23.2,"pct_hispanic":3.3,"pct_asian":2.3,"pct_multi":6.8,"pct_other":0,"econ_dis_pct":43,"attendance":90.2,"chronic_abs":36,"stars_overall":4,"stars_achievement":3,"pi_pct":79.7,"stars_progress":4,"stars_gap":4,"stars_early_lit":null,"grad4":91.7,"stars_ccwmr":2,"affiliation":null,"st_ratio":null,"tuition_low":null,"tuition_high":null,"tuition_year":null,"tuition_basis":null,"edchoice":null,"tuition_source":null,"tuition_status":null,"tuition_notes":null,"demo_year":"2024-25","faith":"secular","website":null,"district_website":"https://www.weschools.org/"},"geometry":{"type":"Point","coordinates":[-81.4197,41.626671]}},{"type":"Feature","properties":{"id":"irn:29207","name":"Dover Intermediate School","sector":"public","kind":"district","district_irn":45062,"district":"Westlake City","address":"2240 Dover Center Rd Westlake, OH 44145","grades":"5-6","grades_guessed":false,"lo":5,"hi":6,"elem":1,"mid":1,"high":0,"enrollment":473,"pct_white":76.5,"pct_black":0,"pct_hispanic":5.5,"pct_asian":7.8,"pct_multi":8.3,"pct_other":0,"econ_dis_pct":23.9,"attendance":94.7,"chronic_abs":12.7,"stars_overall":5,"stars_achievement":5,"pi_pct":93,"stars_progress":4,"stars_gap":4,"stars_early_lit":null,"grad4":null,"stars_ccwmr":null,"affiliation":null,"st_ratio":null,"tuition_low":null,"tuition_high":null,"tuition_year":null,"tuition_basis":null,"edchoice":null,"tuition_source":null,"tuition_status":null,"tuition_notes":null,"demo_year":"2024-25","faith":"secular","website":null,"district_website":"https://www.wlake.org/"},"geometry":{"type":"Point","coordinates":[-81.92411,41.45574]}},{"type":"Feature","properties":{"id":"irn:24604","name":"Midview Middle School","sector":"public","kind":"district","district_irn":48173,"district":"Midview Local","address":"12865 Grafton Rd Grafton, OH 44044","grades":"7-8","grades_guessed":false,"lo":7,"hi":8,"elem":0,"mid":1,"high":0,"enrollment":428,"pct_white":84.4,"pct_black":3.3,"pct_hispanic":7.4,"pct_asian":0,"pct_multi":4.5,"pct_other":0,"econ_dis_pct":44.9,"attendance":91.8,"chronic_abs":25,"stars_overall":3.5,"stars_achievement":3,"pi_pct":77.5,"stars_progress":3,"stars_gap":2,"stars_early_lit":null,"grad4":null,"stars_ccwmr":null,"affiliation":null,"st_ratio":null,"tuition_low":null,"tuition_high":null,"tuition_year":null,"tuition_basis":null,"edchoice":null,"tuition_source":null,"tuition_status":null,"tuition_notes":null,"demo_year":"2024-25","faith":"secular","website":null,"district_website":"https://www.midviewk12.org/"},"geometry":{"type":"Point","coordinates":[-82.06412,41.29759]}},{"type":"Feature","properties":{"id":"irn:9787","name":"Lee Eaton Intermediate School","sector":"public","kind":"district","district_irn":50047,"district":"Nordonia Hills City","address":"115 Ledge Rd Northfield, OH 44067","grades":"5-6","grades_guessed":false,"lo":5,"hi":6,"elem":1,"mid":1,"high":0,"enrollment":484,"pct_white":68.9,"pct_black":16.6,"pct_hispanic":2.2,"pct_asian":4.5,"pct_multi":7.8,"pct_other":0,"econ_dis_pct":14.3,"attendance":94,"chronic_abs":16.5,"stars_overall":5,"stars_achievement":5,"pi_pct":91.9,"stars_progress":4,"stars_gap":5,"stars_early_lit":null,"grad4":null,"stars_ccwmr":null,"affiliation":null,"st_ratio":null,"tuition_low":null,"tuition_high":null,"tuition_year":null,"tuition_basis":null,"edchoice":null,"tuition_source":null,"tuition_status":null,"tuition_notes":null,"demo_year":"2024-25","faith":"secular","website":null,"district_website":"https://www.nordoniaschools.org/"},"geometry":{"type":"Point","coordinates":[-81.526809,41.337032]}},{"type":"Feature","properties":{"id":"irn:3806","name":"Brook Park Elementary School","sector":"public","kind":"district","district_irn":43612,"district":"Berea City","address":"17001 Holland Rd Brook Park, OH 44142","grades":"PK-4","grades_guessed":false,"lo":0,"hi":4,"elem":1,"mid":0,"high":0,"enrollment":925,"pct_white":62.9,"pct_black":5.5,"pct_hispanic":14.5,"pct_asian":6.3,"pct_multi":10.5,"pct_other":0,"econ_dis_pct":100,"attendance":93,"chronic_abs":20.3,"stars_overall":3,"stars_achievement":3,"pi_pct":75.3,"stars_progress":1,"stars_gap":4,"stars_early_lit":3,"grad4":null,"stars_ccwmr":null,"affiliation":null,"st_ratio":null,"tuition_low":null,"tuition_high":null,"tuition_year":null,"tuition_basis":null,"edchoice":null,"tuition_source":null,"tuition_status":null,"tuition_notes":null,"demo_year":"2024-25","faith":"secular","website":null,"district_website":"https://www.berea.k12.oh.us/"},"geometry":{"type":"Point","coordinates":[-81.819917,41.394477]}},{"type":"Feature","properties":{"id":"irn:9720","name":"Revere Middle School","sector":"public","kind":"district","district_irn":50054,"district":"Revere Local","address":"3195 Spring Valley Rd Akron, OH 44333","grades":"6-8","grades_guessed":false,"lo":6,"hi":8,"elem":0,"mid":1,"high":0,"enrollment":597,"pct_white":81.3,"pct_black":2.8,"pct_hispanic":2.6,"pct_asian":9.7,"pct_multi":3.2,"pct_other":0,"econ_dis_pct":11,"attendance":95.1,"chronic_abs":7.8,"stars_overall":4,"stars_achievement":5,"pi_pct":91.8,"stars_progress":2,"stars_gap":5,"stars_early_lit":null,"grad4":null,"stars_ccwmr":null,"affiliation":null,"st_ratio":null,"tuition_low":null,"tuition_high":null,"tuition_year":null,"tuition_basis":null,"edchoice":null,"tuition_source":null,"tuition_status":null,"tuition_notes":null,"demo_year":"2024-25","faith":"secular","website":null,"district_website":"https://www.revereschools.org/"},"geometry":{"type":"Point","coordinates":[-81.618245,41.197909]}},{"type":"Feature","properties":{"id":"irn:29223","name":"Gilles-Sweet Elementary School","sector":"public","kind":"district","district_irn":43976,"district":"Fairview Park City","address":"4320 West 220 Street Fairview Park, OH 44126","grades":"K-5","grades_guessed":false,"lo":0,"hi":5,"elem":1,"mid":0,"high":0,"enrollment":626,"pct_white":89.6,"pct_black":5.9,"pct_hispanic":0,"pct_asian":2.7,"pct_multi":0,"pct_other":0,"econ_dis_pct":30.4,"attendance":95.5,"chronic_abs":7,"stars_overall":5,"stars_achievement":5,"pi_pct":91.6,"stars_progress":4,"stars_gap":5,"stars_early_lit":4,"grad4":null,"stars_ccwmr":null,"affiliation":null,"st_ratio":null,"tuition_low":null,"tuition_high":null,"tuition_year":null,"tuition_basis":null,"edchoice":null,"tuition_source":null,"tuition_status":null,"tuition_notes":null,"demo_year":"2024-25","faith":"secular","website":null,"district_website":"https://www.fairviewparkschools.org/"},"geometry":{"type":"Point","coordinates":[-81.864472,41.443032]}},{"type":"Feature","properties":{"id":"irn:5157","name":"Chestnut Elementary School","sector":"public","kind":"district","district_irn":44628,"district":"Painesville City Local","address":"341 Chestnut St Painesville, OH 44077","grades":"K-5","grades_guessed":false,"lo":0,"hi":5,"elem":1,"mid":0,"high":0,"enrollment":422,"pct_white":18.8,"pct_black":15,"pct_hispanic":56.4,"pct_asian":0,"pct_multi":9.4,"pct_other":0,"econ_dis_pct":100,"attendance":93.3,"chronic_abs":20.7,"stars_overall":3,"stars_achievement":2,"pi_pct":67.6,"stars_progress":3,"stars_gap":4,"stars_early_lit":1,"grad4":null,"stars_ccwmr":null,"affiliation":null,"st_ratio":null,"tuition_low":null,"tuition_high":null,"tuition_year":null,"tuition_basis":null,"edchoice":null,"tuition_source":null,"tuition_status":null,"tuition_notes":null,"demo_year":"2024-25","faith":"secular","website":null,"district_website":"https://www.painesville-city.k12.oh.us/"},"geometry":{"type":"Point","coordinates":[-81.270863,41.754839]}},{"type":"Feature","properties":{"id":"irn:20719","name":"Arbor Elementary School","sector":"public","kind":"district","district_irn":43950,"district":"Euclid City","address":"20400 Arbor Avenue Euclid, OH 44119","grades":"K-5","grades_guessed":false,"lo":0,"hi":5,"elem":1,"mid":0,"high":0,"enrollment":377,"pct_white":0,"pct_black":80.1,"pct_hispanic":7.5,"pct_asian":0,"pct_multi":9,"pct_other":0,"econ_dis_pct":100,"attendance":90.6,"chronic_abs":35.3,"stars_overall":2.5,"stars_achievement":2,"pi_pct":59.6,"stars_progress":2,"stars_gap":3,"stars_early_lit":2,"grad4":null,"stars_ccwmr":null,"affiliation":null,"st_ratio":null,"tuition_low":null,"tuition_high":null,"tuition_year":null,"tuition_basis":null,"edchoice":null,"tuition_source":null,"tuition_status":null,"tuition_notes":null,"demo_year":"2024-25","faith":"secular","website":null,"district_website":"https://www.euclidschools.org/"},"geometry":{"type":"Point","coordinates":[-81.53793,41.591718]}},{"type":"Feature","properties":{"id":"irn:14920","name":"Bard Early College Cleveland","sector":"public","kind":"district","district_irn":43786,"district":"Cleveland Municipal","address":"13501 Terminal Ave Cleveland, OH 44135","grades":"9-12","grades_guessed":false,"lo":9,"hi":12,"elem":0,"mid":0,"high":1,"enrollment":344,"pct_white":24,"pct_black":26.5,"pct_hispanic":39.8,"pct_asian":4.1,"pct_multi":5,"pct_other":0,"econ_dis_pct":100,"attendance":88,"chronic_abs":51.1,"stars_overall":4.5,"stars_achievement":4,"pi_pct":84.2,"stars_progress":3,"stars_gap":5,"stars_early_lit":null,"grad4":100,"stars_ccwmr":5,"affiliation":null,"st_ratio":null,"tuition_low":null,"tuition_high":null,"tuition_year":null,"tuition_basis":null,"edchoice":null,"tuition_source":null,"tuition_status":null,"tuition_notes":null,"demo_year":"2024-25","faith":"secular","website":null,"district_website":"https://www.clevelandmetroschools.org/"},"geometry":{"type":"Point","coordinates":[-81.784798,41.438721]}},{"type":"Feature","properties":{"id":"irn:12394","name":"Warrensville Heights Elementary School","sector":"public","kind":"district","district_irn":45005,"district":"Warrensville Heights City","address":"21865 Clarkwood Pkwy Cleveland, OH 44128","grades":"1-5","grades_guessed":false,"lo":1,"hi":5,"elem":1,"mid":0,"high":0,"enrollment":686,"pct_white":0,"pct_black":92.5,"pct_hispanic":3.1,"pct_asian":0,"pct_multi":2.9,"pct_other":0,"econ_dis_pct":100,"attendance":92.5,"chronic_abs":24.9,"stars_overall":3,"stars_achievement":2,"pi_pct":62.9,"stars_progress":3,"stars_gap":4,"stars_early_lit":1,"grad4":null,"stars_ccwmr":null,"affiliation":null,"st_ratio":null,"tuition_low":null,"tuition_high":null,"tuition_year":null,"tuition_basis":null,"edchoice":null,"tuition_source":null,"tuition_status":null,"tuition_notes":null,"demo_year":"2024-25","faith":"secular","website":"https://www.warrensville.k12.oh.us","district_website":"https://www.warrensville.k12.oh.us/"},"geometry":{"type":"Point","coordinates":[-81.52524,41.44325]}},{"type":"Feature","properties":{"id":"irn:21139","name":"Buckeye Intermediate School","sector":"public","kind":"district","district_irn":48470,"district":"Buckeye Local","address":"3140 Columbia Rd Medina, OH 44256","grades":"PK, 4-6","grades_guessed":false,"lo":4,"hi":6,"elem":1,"mid":1,"high":0,"enrollment":582,"pct_white":89.4,"pct_black":0,"pct_hispanic":4.4,"pct_asian":0,"pct_multi":5.1,"pct_other":0,"econ_dis_pct":21.9,"attendance":93.9,"chronic_abs":14.9,"stars_overall":4,"stars_achievement":4,"pi_pct":86.2,"stars_progress":2,"stars_gap":5,"stars_early_lit":null,"grad4":null,"stars_ccwmr":null,"affiliation":null,"st_ratio":null,"tuition_low":null,"tuition_high":null,"tuition_year":null,"tuition_basis":null,"edchoice":null,"tuition_source":null,"tuition_status":null,"tuition_notes":null,"demo_year":"2024-25","faith":"secular","website":null,"district_website":"https://www.buckeyeschools.info/"},"geometry":{"type":"Point","coordinates":[-81.925253,41.188131]}},{"type":"Feature","properties":{"id":"irn:11321","name":"Ralph E. Waite Elementary","sector":"public","kind":"district","district_irn":44388,"district":"Medina City SD","address":"4765 Cobblestone Park Drive Medina, OH 44256","grades":"K-5","grades_guessed":false,"lo":0,"hi":5,"elem":1,"mid":0,"high":0,"enrollment":501,"pct_white":87.7,"pct_black":0,"pct_hispanic":4.1,"pct_asian":0,"pct_multi":5.9,"pct_other":0,"econ_dis_pct":12.1,"attendance":94.6,"chronic_abs":9,"stars_overall":4.5,"stars_achievement":5,"pi_pct":91.9,"stars_progress":3,"stars_gap":4,"stars_early_lit":4,"grad4":null,"stars_ccwmr":null,"affiliation":null,"st_ratio":null,"tuition_low":null,"tuition_high":null,"tuition_year":null,"tuition_basis":null,"edchoice":null,"tuition_source":null,"tuition_status":null,"tuition_notes":null,"demo_year":"2024-25","faith":"secular","website":"https://www.medinabees.org","district_website":"https://www.medinabees.org/"},"geometry":{"type":"Point","coordinates":[-81.860523,41.098509]}},{"type":"Feature","properties":{"id":"irn:15734","name":"Southview Middle School","sector":"public","kind":"district","district_irn":44263,"district":"Lorain City","address":"2321 Fairless Dr Lorain, OH 44055","grades":"6-8","grades_guessed":false,"lo":6,"hi":8,"elem":0,"mid":1,"high":0,"enrollment":411,"pct_white":16.2,"pct_black":25.4,"pct_hispanic":50.8,"pct_asian":0,"pct_multi":7.5,"pct_other":0,"econ_dis_pct":100,"attendance":82.1,"chronic_abs":62.7,"stars_overall":2,"stars_achievement":1,"pi_pct":42.8,"stars_progress":2,"stars_gap":2,"stars_early_lit":null,"grad4":null,"stars_ccwmr":null,"affiliation":null,"st_ratio":null,"tuition_low":null,"tuition_high":null,"tuition_year":null,"tuition_basis":null,"edchoice":null,"tuition_source":null,"tuition_status":null,"tuition_notes":null,"demo_year":"2024-25","faith":"secular","website":null,"district_website":"https://www.lorainschools.org/"},"geometry":{"type":"Point","coordinates":[-82.114916,41.42741]}},{"type":"Feature","properties":{"id":"irn:32912","name":"Mayfair Elementary School","sector":"public","kind":"district","district_irn":43901,"district":"East Cleveland City School District","address":"13916 Mayfair Ave East Cleveland, OH 44112","grades":"3-5","grades_guessed":false,"lo":3,"hi":5,"elem":1,"mid":0,"high":0,"enrollment":132,"pct_white":0,"pct_black":94.4,"pct_hispanic":0,"pct_asian":0,"pct_multi":0,"pct_other":0,"econ_dis_pct":100,"attendance":88.2,"chronic_abs":43.6,"stars_overall":2.5,"stars_achievement":1,"pi_pct":49.3,"stars_progress":3,"stars_gap":2,"stars_early_lit":1,"grad4":null,"stars_ccwmr":null,"affiliation":null,"st_ratio":null,"tuition_low":null,"tuition_high":null,"tuition_year":null,"tuition_basis":null,"edchoice":null,"tuition_source":null,"tuition_status":null,"tuition_notes":null,"demo_year":"2024-25","faith":"secular","website":null,"district_website":"https://eastclevelandschools.org/"},"geometry":{"type":"Point","coordinates":[-81.586128,41.534273]}},{"type":"Feature","properties":{"id":"irn:14845","name":"Riverview Elementary School","sector":"public","kind":"district","district_irn":47894,"district":"Riverside Local","address":"845 Madison Ave Painesville, OH 44077","grades":"K-5","grades_guessed":false,"lo":0,"hi":5,"elem":1,"mid":0,"high":0,"enrollment":619,"pct_white":75.4,"pct_black":3.3,"pct_hispanic":12,"pct_asian":0,"pct_multi":8.4,"pct_other":0,"econ_dis_pct":40.2,"attendance":93.6,"chronic_abs":16.9,"stars_overall":4,"stars_achievement":4,"pi_pct":83.9,"stars_progress":3,"stars_gap":3,"stars_early_lit":3,"grad4":null,"stars_ccwmr":null,"affiliation":null,"st_ratio":null,"tuition_low":null,"tuition_high":null,"tuition_year":null,"tuition_basis":null,"edchoice":null,"tuition_source":null,"tuition_status":null,"tuition_notes":null,"demo_year":"2024-25","faith":"secular","website":"https://www.riversidelocalschools.com","district_website":"https://www.riversideschools.net/"},"geometry":{"type":"Point","coordinates":[-81.22108,41.72802]}},{"type":"Feature","properties":{"id":"irn:1677","name":"Westlake Elementary School","sector":"public","kind":"district","district_irn":45062,"district":"Westlake City","address":"27555 Center Ridge Rd Westlake, OH 44145","grades":"PK-4","grades_guessed":false,"lo":0,"hi":4,"elem":1,"mid":0,"high":0,"enrollment":1210,"pct_white":77.3,"pct_black":1.5,"pct_hispanic":8.4,"pct_asian":5.5,"pct_multi":7.2,"pct_other":0,"econ_dis_pct":23.1,"attendance":95,"chronic_abs":8.5,"stars_overall":4.5,"stars_achievement":5,"pi_pct":91.5,"stars_progress":3,"stars_gap":5,"stars_early_lit":4,"grad4":null,"stars_ccwmr":null,"affiliation":null,"st_ratio":null,"tuition_low":null,"tuition_high":null,"tuition_year":null,"tuition_basis":null,"edchoice":null,"tuition_source":null,"tuition_status":null,"tuition_notes":null,"demo_year":"2024-25","faith":"secular","website":null,"district_website":"https://www.wlake.org/"},"geometry":{"type":"Point","coordinates":[-81.927216,41.447372]}},{"type":"Feature","properties":{"id":"irn:25965","name":"Tallmadge Elementary School","sector":"public","kind":"district","district_irn":44883,"district":"Tallmadge City","address":"480 East Ave Tallmadge, OH 44278","grades":"K-5","grades_guessed":false,"lo":0,"hi":5,"elem":1,"mid":0,"high":0,"enrollment":1094,"pct_white":69,"pct_black":6.3,"pct_hispanic":3.9,"pct_asian":15.4,"pct_multi":5.5,"pct_other":0,"econ_dis_pct":40.8,"attendance":94.4,"chronic_abs":12.5,"stars_overall":3.5,"stars_achievement":3,"pi_pct":79.4,"stars_progress":2,"stars_gap":4,"stars_early_lit":3,"grad4":null,"stars_ccwmr":null,"affiliation":null,"st_ratio":null,"tuition_low":null,"tuition_high":null,"tuition_year":null,"tuition_basis":null,"edchoice":null,"tuition_source":null,"tuition_status":null,"tuition_notes":null,"demo_year":"2024-25","faith":"secular","website":null,"district_website":"https://www.tallmadgeschools.org/"},"geometry":{"type":"Point","coordinates":[-81.422825,41.100949]}},{"type":"Feature","properties":{"id":"irn:19169","name":"Mentor High School Preschool","sector":"public","kind":"district","district_irn":45492,"district":"Mentor Exempted Village","address":"6477 Center St Mentor, OH 44060","grades":"9-12","grades_guessed":true,"lo":9,"hi":12,"elem":0,"mid":0,"high":1,"enrollment":null,"pct_white":null,"pct_black":null,"pct_hispanic":null,"pct_asian":null,"pct_multi":null,"pct_other":null,"econ_dis_pct":null,"attendance":null,"chronic_abs":null,"stars_overall":null,"stars_achievement":null,"pi_pct":null,"stars_progress":null,"stars_gap":null,"stars_early_lit":null,"grad4":null,"stars_ccwmr":null,"affiliation":null,"st_ratio":null,"tuition_low":null,"tuition_high":null,"tuition_year":null,"tuition_basis":null,"edchoice":null,"tuition_source":null,"tuition_status":null,"tuition_notes":null,"demo_year":"2024-25","faith":"secular","website":null,"district_website":"https://www.mentorschools.net/"},"geometry":{"type":"Point","coordinates":[-81.33546,41.69433]}},{"type":"Feature","properties":{"id":"irn:24703","name":"Stonebrook-White Montessori","sector":"public","kind":"district","district_irn":43786,"district":"Cleveland Municipal","address":"1000 E 92nd St Cleveland, OH 44108","grades":"PK-8","grades_guessed":false,"lo":0,"hi":8,"elem":1,"mid":1,"high":0,"enrollment":370,"pct_white":0,"pct_black":93.8,"pct_hispanic":0,"pct_asian":0,"pct_multi":0,"pct_other":0,"econ_dis_pct":100,"attendance":88.6,"chronic_abs":41,"stars_overall":3,"stars_achievement":2,"pi_pct":50.4,"stars_progress":4,"stars_gap":2,"stars_early_lit":1,"grad4":null,"stars_ccwmr":null,"affiliation":null,"st_ratio":null,"tuition_low":null,"tuition_high":null,"tuition_year":null,"tuition_basis":null,"edchoice":null,"tuition_source":null,"tuition_status":null,"tuition_notes":null,"demo_year":"2024-25","faith":"secular","website":null,"district_website":"https://www.clevelandmetroschools.org/"},"geometry":{"type":"Point","coordinates":[-81.623961,41.529786]}},{"type":"Feature","properties":{"id":"irn:16477","name":"Hinckley Elementary School","sector":"public","kind":"district","district_irn":48496,"district":"Highland Local","address":"1157 Ridge Rd Hinckley, OH 44233","grades":"K-5","grades_guessed":false,"lo":0,"hi":5,"elem":1,"mid":0,"high":0,"enrollment":383,"pct_white":90.1,"pct_black":0,"pct_hispanic":0,"pct_asian":2.9,"pct_multi":4.7,"pct_other":0,"econ_dis_pct":12.8,"attendance":95.6,"chronic_abs":4.8,"stars_overall":5,"stars_achievement":5,"pi_pct":101.7,"stars_progress":4,"stars_gap":5,"stars_early_lit":4,"grad4":null,"stars_ccwmr":null,"affiliation":null,"st_ratio":null,"tuition_low":null,"tuition_high":null,"tuition_year":null,"tuition_basis":null,"edchoice":null,"tuition_source":null,"tuition_status":null,"tuition_notes":null,"demo_year":"2024-25","faith":"secular","website":null,"district_website":"https://www.highlandschools.org/"},"geometry":{"type":"Point","coordinates":[-81.744804,41.244617]}},{"type":"Feature","properties":{"id":"irn:20109","name":"Superior School for the Performing Arts","sector":"public","kind":"district","district_irn":43901,"district":"East Cleveland City School District","address":"1865 Garfield Rd East Cleveland, OH 44112","grades":"3-7","grades_guessed":false,"lo":3,"hi":7,"elem":1,"mid":1,"high":0,"enrollment":118,"pct_white":0,"pct_black":93.8,"pct_hispanic":0,"pct_asian":0,"pct_multi":0,"pct_other":0,"econ_dis_pct":100,"attendance":90.8,"chronic_abs":33.9,"stars_overall":3,"stars_achievement":2,"pi_pct":60.9,"stars_progress":3,"stars_gap":4,"stars_early_lit":1,"grad4":null,"stars_ccwmr":null,"affiliation":null,"st_ratio":null,"tuition_low":null,"tuition_high":null,"tuition_year":null,"tuition_basis":null,"edchoice":null,"tuition_source":null,"tuition_status":null,"tuition_notes":null,"demo_year":"2024-25","faith":"secular","website":null,"district_website":"https://eastclevelandschools.org/"},"geometry":{"type":"Point","coordinates":[-81.58824,41.52163]}},{"type":"Feature","properties":{"id":"irn:33126","name":"Firelands Middle School","sector":"public","kind":"district","district_irn":48157,"district":"Firelands Local","address":"10521 Vermilion Rd Oberlin, OH 44074","grades":"6-8","grades_guessed":false,"lo":6,"hi":8,"elem":0,"mid":1,"high":0,"enrollment":401,"pct_white":89,"pct_black":0,"pct_hispanic":7.1,"pct_asian":0,"pct_multi":3.1,"pct_other":0,"econ_dis_pct":38,"attendance":93.7,"chronic_abs":16.9,"stars_overall":4.5,"stars_achievement":4,"pi_pct":82.8,"stars_progress":4,"stars_gap":5,"stars_early_lit":null,"grad4":null,"stars_ccwmr":null,"affiliation":null,"st_ratio":null,"tuition_low":null,"tuition_high":null,"tuition_year":null,"tuition_basis":null,"edchoice":null,"tuition_source":null,"tuition_status":null,"tuition_notes":null,"demo_year":"2024-25","faith":"secular","website":"http://www.firelandsschools.org","district_website":"https://www.firelandsschools.org/"},"geometry":{"type":"Point","coordinates":[-82.299821,41.338533]}},{"type":"Feature","properties":{"id":"irn:20854","name":"Grizzly Academy","sector":"public","kind":"district","district_irn":44974,"district":"Wadsworth City","address":"524 Broad St Wadsworth, OH 44281","grades":null,"grades_guessed":false,"lo":null,"hi":null,"elem":1,"mid":1,"high":1,"enrollment":28,"pct_white":85.2,"pct_black":0,"pct_hispanic":0,"pct_asian":0,"pct_multi":0,"pct_other":0,"econ_dis_pct":70.2,"attendance":93.7,"chronic_abs":12.4,"stars_overall":2.5,"stars_achievement":1,"pi_pct":49,"stars_progress":null,"stars_gap":4,"stars_early_lit":null,"grad4":null,"stars_ccwmr":null,"affiliation":null,"st_ratio":null,"tuition_low":null,"tuition_high":null,"tuition_year":null,"tuition_basis":null,"edchoice":null,"tuition_source":null,"tuition_status":null,"tuition_notes":null,"demo_year":"2024-25","faith":"secular","website":null,"district_website":"https://www.wadsworthschools.org/"},"geometry":{"type":"Point","coordinates":[-81.714608,41.025665]}},{"type":"Feature","properties":{"id":"irn:41202","name":"Wickliffe Upper School","sector":"public","kind":"district","district_irn":45088,"district":"Wickliffe City","address":"2255 Rockefeller Rd Wickliffe, OH 44092","grades":"7-12","grades_guessed":false,"lo":7,"hi":12,"elem":0,"mid":1,"high":1,"enrollment":549,"pct_white":67.2,"pct_black":17,"pct_hispanic":4.7,"pct_asian":0,"pct_multi":10.8,"pct_other":0,"econ_dis_pct":52.7,"attendance":91.2,"chronic_abs":33.6,"stars_overall":3,"stars_achievement":3,"pi_pct":71.7,"stars_progress":2,"stars_gap":2,"stars_early_lit":null,"grad4":99.1,"stars_ccwmr":1,"affiliation":null,"st_ratio":null,"tuition_low":null,"tuition_high":null,"tuition_year":null,"tuition_basis":null,"edchoice":null,"tuition_source":null,"tuition_status":null,"tuition_notes":null,"demo_year":"2024-25","faith":"secular","website":"https://www.wickliffeschools.org","district_website":"https://www.wickliffeschools.org/"},"geometry":{"type":"Point","coordinates":[-81.45663,41.59929]}},{"type":"Feature","properties":{"id":"irn:21517","name":"Helping Hands Preschool","sector":"public","kind":"district","district_irn":44388,"district":"Medina City SD","address":"833 Guilford Blvd Medina, OH 44256","grades":"K-5","grades_guessed":true,"lo":0,"hi":5,"elem":1,"mid":0,"high":0,"enrollment":null,"pct_white":null,"pct_black":null,"pct_hispanic":null,"pct_asian":null,"pct_multi":null,"pct_other":null,"econ_dis_pct":null,"attendance":null,"chronic_abs":null,"stars_overall":null,"stars_achievement":null,"pi_pct":null,"stars_progress":null,"stars_gap":null,"stars_early_lit":null,"grad4":null,"stars_ccwmr":null,"affiliation":null,"st_ratio":null,"tuition_low":null,"tuition_high":null,"tuition_year":null,"tuition_basis":null,"edchoice":null,"tuition_source":null,"tuition_status":null,"tuition_notes":null,"demo_year":"2024-25","faith":"secular","website":null,"district_website":"https://www.medinabees.org/"},"geometry":{"type":"Point","coordinates":[-81.848731,41.125029]}},{"type":"Feature","properties":{"id":"irn:17087","name":"Hudson Middle School","sector":"public","kind":"district","district_irn":50021,"district":"Hudson City","address":"83 N Oviatt St Hudson, OH 44236","grades":"6-8","grades_guessed":false,"lo":6,"hi":8,"elem":0,"mid":1,"high":0,"enrollment":1028,"pct_white":83,"pct_black":1.7,"pct_hispanic":3,"pct_asian":8,"pct_multi":4.3,"pct_other":0,"econ_dis_pct":9.5,"attendance":95.1,"chronic_abs":9.1,"stars_overall":5,"stars_achievement":5,"pi_pct":96.1,"stars_progress":4,"stars_gap":5,"stars_early_lit":null,"grad4":null,"stars_ccwmr":null,"affiliation":null,"st_ratio":null,"tuition_low":null,"tuition_high":null,"tuition_year":null,"tuition_basis":null,"edchoice":null,"tuition_source":null,"tuition_status":null,"tuition_notes":null,"demo_year":"2024-25","faith":"secular","website":null,"district_website":"https://www.hudson.k12.oh.us/"},"geometry":{"type":"Point","coordinates":[-81.434766,41.24338]}},{"type":"Feature","properties":{"id":"irn:125955","name":"Kinsner Elementary School","sector":"public","kind":"district","district_irn":44842,"district":"Strongsville City","address":"19091 Waterford Pkwy Strongsville, OH 44149","grades":"K-5","grades_guessed":false,"lo":0,"hi":5,"elem":1,"mid":0,"high":0,"enrollment":628,"pct_white":79.8,"pct_black":3.3,"pct_hispanic":4.1,"pct_asian":9.5,"pct_multi":3,"pct_other":0,"econ_dis_pct":18.8,"attendance":95.5,"chronic_abs":6.5,"stars_overall":4.5,"stars_achievement":5,"pi_pct":91.8,"stars_progress":3,"stars_gap":4,"stars_early_lit":3,"grad4":null,"stars_ccwmr":null,"affiliation":null,"st_ratio":null,"tuition_low":null,"tuition_high":null,"tuition_year":null,"tuition_basis":null,"edchoice":null,"tuition_source":null,"tuition_status":null,"tuition_notes":null,"demo_year":"2024-25","faith":"secular","website":null,"district_website":"https://www.scsmustangs.org/"},"geometry":{"type":"Point","coordinates":[-81.846603,41.281501]}},{"type":"Feature","properties":{"id":"irn:33738","name":"Schrop Intermediate School","sector":"public","kind":"district","district_irn":50062,"district":"Springfield Local","address":"2215 Pickle Rd Akron, OH 44312","grades":"4-6","grades_guessed":false,"lo":4,"hi":6,"elem":1,"mid":1,"high":0,"enrollment":387,"pct_white":82.6,"pct_black":0,"pct_hispanic":3.3,"pct_asian":5.1,"pct_multi":6.7,"pct_other":0,"econ_dis_pct":62.2,"attendance":92.3,"chronic_abs":22.8,"stars_overall":4.5,"stars_achievement":3,"pi_pct":73.4,"stars_progress":5,"stars_gap":4,"stars_early_lit":null,"grad4":null,"stars_ccwmr":null,"affiliation":null,"st_ratio":null,"tuition_low":null,"tuition_high":null,"tuition_year":null,"tuition_basis":null,"edchoice":null,"tuition_source":null,"tuition_status":null,"tuition_notes":null,"demo_year":"2024-25","faith":"secular","website":null,"district_website":"https://www.springfieldspartans.org/"},"geometry":{"type":"Point","coordinates":[-81.471925,41.004829]}},{"type":"Feature","properties":{"id":"irn:8623","name":"Dorothy E Lewis Elementary School","sector":"public","kind":"district","district_irn":46607,"district":"Solon City","address":"32345 Cannon Rd Solon, OH 44139","grades":"K-4","grades_guessed":false,"lo":0,"hi":4,"elem":1,"mid":0,"high":0,"enrollment":512,"pct_white":61.4,"pct_black":8.7,"pct_hispanic":6.1,"pct_asian":14.3,"pct_multi":9.4,"pct_other":0,"econ_dis_pct":15.2,"attendance":95.3,"chronic_abs":6.7,"stars_overall":5,"stars_achievement":5,"pi_pct":102.8,"stars_progress":3,"stars_gap":5,"stars_early_lit":5,"grad4":null,"stars_ccwmr":null,"affiliation":null,"st_ratio":null,"tuition_low":null,"tuition_high":null,"tuition_year":null,"tuition_basis":null,"edchoice":null,"tuition_source":null,"tuition_status":null,"tuition_notes":null,"demo_year":"2024-25","faith":"secular","website":null,"district_website":"https://www.solonschools.org/"},"geometry":{"type":"Point","coordinates":[-81.4498,41.41026]}},{"type":"Feature","properties":{"id":"irn:22871","name":"Marion L Steele High School","sector":"public","kind":"district","district_irn":45195,"district":"Amherst Exempted Village","address":"450 Washington St Amherst, OH 44001","grades":"9-12","grades_guessed":false,"lo":9,"hi":12,"elem":0,"mid":0,"high":1,"enrollment":990,"pct_white":76.4,"pct_black":2.6,"pct_hispanic":14.2,"pct_asian":2.2,"pct_multi":4.5,"pct_other":0,"econ_dis_pct":25.7,"attendance":92.3,"chronic_abs":22.3,"stars_overall":4.5,"stars_achievement":4,"pi_pct":85.2,"stars_progress":4,"stars_gap":4,"stars_early_lit":null,"grad4":97.1,"stars_ccwmr":3,"affiliation":null,"st_ratio":null,"tuition_low":null,"tuition_high":null,"tuition_year":null,"tuition_basis":null,"edchoice":null,"tuition_source":null,"tuition_status":null,"tuition_notes":null,"demo_year":"2024-25","faith":"secular","website":"http://www.amherstk12.org","district_website":"https://www.amherstk12.org/"},"geometry":{"type":"Point","coordinates":[-82.22373,41.40327]}},{"type":"Feature","properties":{"id":"irn:28399","name":"Oberlin High School","sector":"public","kind":"district","district_irn":44594,"district":"Oberlin City Schools","address":"281 N Pleasant St Oberlin, OH 44074","grades":"9-12","grades_guessed":false,"lo":9,"hi":12,"elem":0,"mid":0,"high":1,"enrollment":210,"pct_white":52.7,"pct_black":16.4,"pct_hispanic":13.4,"pct_asian":0,"pct_multi":17.4,"pct_other":0,"econ_dis_pct":44.9,"attendance":92.2,"chronic_abs":23,"stars_overall":4,"stars_achievement":3,"pi_pct":74.3,"stars_progress":3,"stars_gap":4,"stars_early_lit":null,"grad4":97.5,"stars_ccwmr":5,"affiliation":null,"st_ratio":null,"tuition_low":null,"tuition_high":null,"tuition_year":null,"tuition_basis":null,"edchoice":null,"tuition_source":null,"tuition_status":null,"tuition_notes":null,"demo_year":"2024-25","faith":"secular","website":null,"district_website":"https://www.oberlinschools.net/"},"geometry":{"type":"Point","coordinates":[-82.214416,41.298783]}},{"type":"Feature","properties":{"id":"irn:38661","name":"West Geauga Middle School","sector":"public","kind":"district","district_irn":47225,"district":"West Geauga Local","address":"8611 Cedar Rd Chesterland, OH 44026","grades":"6-8","grades_guessed":false,"lo":6,"hi":8,"elem":0,"mid":1,"high":0,"enrollment":488,"pct_white":88.9,"pct_black":2.3,"pct_hispanic":4.5,"pct_asian":0,"pct_multi":3.9,"pct_other":0,"econ_dis_pct":19.9,"attendance":94.9,"chronic_abs":9.1,"stars_overall":5,"stars_achievement":5,"pi_pct":97.5,"stars_progress":4,"stars_gap":5,"stars_early_lit":null,"grad4":null,"stars_ccwmr":null,"affiliation":null,"st_ratio":null,"tuition_low":null,"tuition_high":null,"tuition_year":null,"tuition_basis":null,"edchoice":null,"tuition_source":null,"tuition_status":null,"tuition_notes":null,"demo_year":"2024-25","faith":"secular","website":null,"district_website":"https://www.wgschools.org/"},"geometry":{"type":"Point","coordinates":[-81.33658,41.50476]}},{"type":"Feature","properties":{"id":"irn:8391","name":"Dentzler Elementary School","sector":"public","kind":"district","district_irn":44636,"district":"Parma City","address":"3600 Dentzler Rd Parma, OH 44134","grades":"K-4","grades_guessed":false,"lo":0,"hi":4,"elem":1,"mid":0,"high":0,"enrollment":446,"pct_white":63.2,"pct_black":5.7,"pct_hispanic":16.6,"pct_asian":4.2,"pct_multi":10.1,"pct_other":0,"econ_dis_pct":100,"attendance":93.8,"chronic_abs":15.4,"stars_overall":5,"stars_achievement":4,"pi_pct":89.7,"stars_progress":5,"stars_gap":5,"stars_early_lit":3,"grad4":null,"stars_ccwmr":null,"affiliation":null,"st_ratio":null,"tuition_low":null,"tuition_high":null,"tuition_year":null,"tuition_basis":null,"edchoice":null,"tuition_source":null,"tuition_status":null,"tuition_notes":null,"demo_year":"2024-25","faith":"secular","website":"https://dentzler.parmacityschools.org/","district_website":"https://www.parmacityschools.org/"},"geometry":{"type":"Point","coordinates":[-81.710193,41.371096]}},{"type":"Feature","properties":{"id":"irn:20776","name":"Wickliffe Lower School","sector":"public","kind":"district","district_irn":45088,"district":"Wickliffe City","address":"2255 Rockefeller Rd Wickliffe, OH 44092","grades":"PK-6","grades_guessed":false,"lo":0,"hi":6,"elem":1,"mid":1,"high":0,"enrollment":650,"pct_white":62.2,"pct_black":19.1,"pct_hispanic":4.7,"pct_asian":0,"pct_multi":13,"pct_other":0,"econ_dis_pct":45.9,"attendance":92.8,"chronic_abs":22.1,"stars_overall":3,"stars_achievement":3,"pi_pct":71,"stars_progress":2,"stars_gap":3,"stars_early_lit":2,"grad4":null,"stars_ccwmr":null,"affiliation":null,"st_ratio":null,"tuition_low":null,"tuition_high":null,"tuition_year":null,"tuition_basis":null,"edchoice":null,"tuition_source":null,"tuition_status":null,"tuition_notes":null,"demo_year":"2024-25","faith":"secular","website":"https://www.wickliffeschools.org","district_website":"https://www.wickliffeschools.org/"},"geometry":{"type":"Point","coordinates":[-81.45663,41.59929]}},{"type":"Feature","properties":{"id":"irn:27979","name":"Northwood Middle School","sector":"public","kind":"district","district_irn":43943,"district":"Elyria City Schools","address":"570 Abbe Rd N Elyria, OH 44035","grades":"5-8","grades_guessed":false,"lo":5,"hi":8,"elem":1,"mid":1,"high":0,"enrollment":586,"pct_white":51.6,"pct_black":14.4,"pct_hispanic":15.4,"pct_asian":0,"pct_multi":18.6,"pct_other":0,"econ_dis_pct":100,"attendance":90.8,"chronic_abs":28.4,"stars_overall":3,"stars_achievement":2,"pi_pct":63.7,"stars_progress":3,"stars_gap":3,"stars_early_lit":null,"grad4":null,"stars_ccwmr":null,"affiliation":null,"st_ratio":null,"tuition_low":null,"tuition_high":null,"tuition_year":null,"tuition_basis":null,"edchoice":null,"tuition_source":null,"tuition_status":null,"tuition_notes":null,"demo_year":"2024-25","faith":"secular","website":null,"district_website":"https://www.elyriaschools.org/"},"geometry":{"type":"Point","coordinates":[-82.077608,41.389996]}},{"type":"Feature","properties":{"id":"irn:28001","name":"Norton Elementary School","sector":"public","kind":"district","district_irn":44552,"district":"Norton City","address":"3390 S Cleveland Massillon Rd Norton, OH 44203","grades":"1-4","grades_guessed":false,"lo":1,"hi":4,"elem":1,"mid":0,"high":0,"enrollment":573,"pct_white":90,"pct_black":0,"pct_hispanic":1.8,"pct_asian":0,"pct_multi":5.3,"pct_other":0,"econ_dis_pct":99.8,"attendance":94,"chronic_abs":12.4,"stars_overall":5,"stars_achievement":5,"pi_pct":91.3,"stars_progress":5,"stars_gap":5,"stars_early_lit":3,"grad4":null,"stars_ccwmr":null,"affiliation":null,"st_ratio":null,"tuition_low":null,"tuition_high":null,"tuition_year":null,"tuition_basis":null,"edchoice":null,"tuition_source":null,"tuition_status":null,"tuition_notes":null,"demo_year":"2024-25","faith":"secular","website":null,"district_website":"https://www.nortonschools.org/"},"geometry":{"type":"Point","coordinates":[-81.637993,41.046559]}},{"type":"Feature","properties":{"id":"irn:11908","name":"Berea-Midpark Middle School","sector":"public","kind":"district","district_irn":43612,"district":"Berea City","address":"7000 Paula Dr Middleburg Heights, OH 44130","grades":"5-8","grades_guessed":false,"lo":5,"hi":8,"elem":1,"mid":1,"high":0,"enrollment":1500,"pct_white":66.8,"pct_black":5.8,"pct_hispanic":11.8,"pct_asian":6.7,"pct_multi":8.7,"pct_other":0,"econ_dis_pct":100,"attendance":91.7,"chronic_abs":25.2,"stars_overall":3,"stars_achievement":3,"pi_pct":73.1,"stars_progress":2,"stars_gap":3,"stars_early_lit":null,"grad4":null,"stars_ccwmr":null,"affiliation":null,"st_ratio":null,"tuition_low":null,"tuition_high":null,"tuition_year":null,"tuition_basis":null,"edchoice":null,"tuition_source":null,"tuition_status":null,"tuition_notes":null,"demo_year":"2024-25","faith":"secular","website":null,"district_website":"https://www.berea.k12.oh.us/"},"geometry":{"type":"Point","coordinates":[-81.80398,41.376344]}},{"type":"Feature","properties":{"id":"irn:11635","name":"Findley Community Learning Center","sector":"public","kind":"district","district_irn":43489,"district":"Akron City","address":"65 W Tallmadge Ave Akron, OH 44310","grades":"K-5","grades_guessed":false,"lo":0,"hi":5,"elem":1,"mid":0,"high":0,"enrollment":550,"pct_white":7.1,"pct_black":29.4,"pct_hispanic":31.5,"pct_asian":24.7,"pct_multi":7.3,"pct_other":0,"econ_dis_pct":100,"attendance":90.9,"chronic_abs":28.8,"stars_overall":3,"stars_achievement":2,"pi_pct":55.5,"stars_progress":4,"stars_gap":2,"stars_early_lit":1,"grad4":null,"stars_ccwmr":null,"affiliation":null,"st_ratio":null,"tuition_low":null,"tuition_high":null,"tuition_year":null,"tuition_basis":null,"edchoice":null,"tuition_source":null,"tuition_status":null,"tuition_notes":null,"demo_year":"2024-25","faith":"secular","website":"https://www.akronschools.com","district_website":"https://www.akronschools.com/"},"geometry":{"type":"Point","coordinates":[-81.517849,41.102465]}},{"type":"Feature","properties":{"id":"irn:16188","name":"Sam Salem Community Learning Center","sector":"public","kind":"district","district_irn":43489,"district":"Akron City","address":"1222 W Waterloo Rd Akron, OH 44314","grades":"PK-5","grades_guessed":false,"lo":0,"hi":5,"elem":1,"mid":0,"high":0,"enrollment":363,"pct_white":45.7,"pct_black":32.1,"pct_hispanic":6.2,"pct_asian":0,"pct_multi":15.6,"pct_other":0,"econ_dis_pct":100,"attendance":90.1,"chronic_abs":39.5,"stars_overall":2.5,"stars_achievement":2,"pi_pct":68.2,"stars_progress":2,"stars_gap":3,"stars_early_lit":2,"grad4":null,"stars_ccwmr":null,"affiliation":null,"st_ratio":null,"tuition_low":null,"tuition_high":null,"tuition_year":null,"tuition_basis":null,"edchoice":null,"tuition_source":null,"tuition_status":null,"tuition_notes":null,"demo_year":"2024-25","faith":"secular","website":"https://www.akronschools.com","district_website":"https://www.akronschools.com/"},"geometry":{"type":"Point","coordinates":[-81.569915,41.030923]}},{"type":"Feature","properties":{"id":"irn:31393","name":"Revere High School","sector":"public","kind":"district","district_irn":50054,"district":"Revere Local","address":"3420 Everett Rd Richfield, OH 44286","grades":"9-12","grades_guessed":false,"lo":9,"hi":12,"elem":0,"mid":0,"high":1,"enrollment":896,"pct_white":84.3,"pct_black":2.1,"pct_hispanic":2.6,"pct_asian":6.9,"pct_multi":4.1,"pct_other":0,"econ_dis_pct":8.7,"attendance":93.4,"chronic_abs":16.7,"stars_overall":5,"stars_achievement":5,"pi_pct":94.3,"stars_progress":4,"stars_gap":5,"stars_early_lit":null,"grad4":100,"stars_ccwmr":3,"affiliation":null,"st_ratio":null,"tuition_low":null,"tuition_high":null,"tuition_year":null,"tuition_basis":null,"edchoice":null,"tuition_source":null,"tuition_status":null,"tuition_notes":null,"demo_year":"2024-25","faith":"secular","website":null,"district_website":"https://www.revereschools.org/"},"geometry":{"type":"Point","coordinates":[-81.617588,41.202334]}},{"type":"Feature","properties":{"id":"irn:23069","name":"Mary B Martin School","sector":"public","kind":"district","district_irn":43786,"district":"Cleveland Municipal","address":"8200 Brookline Ave Cleveland, OH 44103","grades":"PK-8","grades_guessed":false,"lo":0,"hi":8,"elem":1,"mid":1,"high":0,"enrollment":241,"pct_white":0,"pct_black":92.1,"pct_hispanic":0,"pct_asian":0,"pct_multi":0,"pct_other":0,"econ_dis_pct":100,"attendance":78.9,"chronic_abs":65.6,"stars_overall":2,"stars_achievement":1,"pi_pct":41,"stars_progress":3,"stars_gap":1,"stars_early_lit":1,"grad4":null,"stars_ccwmr":null,"affiliation":null,"st_ratio":null,"tuition_low":null,"tuition_high":null,"tuition_year":null,"tuition_basis":null,"edchoice":null,"tuition_source":null,"tuition_status":null,"tuition_notes":null,"demo_year":"2024-25","faith":"secular","website":null,"district_website":"https://www.clevelandmetroschools.org/"},"geometry":{"type":"Point","coordinates":[-81.63,41.50823]}},{"type":"Feature","properties":{"id":"irn:62398","name":"Learwood Middle School","sector":"public","kind":"district","district_irn":48124,"district":"Avon Lake City","address":"340 Lear Rd Avon Lake, OH 44012","grades":"7-8","grades_guessed":false,"lo":7,"hi":8,"elem":0,"mid":1,"high":0,"enrollment":557,"pct_white":88.2,"pct_black":0,"pct_hispanic":5.6,"pct_asian":2,"pct_multi":2.9,"pct_other":0,"econ_dis_pct":14.5,"attendance":93.2,"chronic_abs":17.3,"stars_overall":3.5,"stars_achievement":4,"pi_pct":89.8,"stars_progress":2,"stars_gap":3,"stars_early_lit":null,"grad4":null,"stars_ccwmr":null,"affiliation":null,"st_ratio":null,"tuition_low":null,"tuition_high":null,"tuition_year":null,"tuition_basis":null,"edchoice":null,"tuition_source":null,"tuition_status":null,"tuition_notes":null,"demo_year":"2024-25","faith":"secular","website":null,"district_website":"https://www.avonlakecityschools.org/"},"geometry":{"type":"Point","coordinates":[-81.98862,41.49827]}},{"type":"Feature","properties":{"id":"irn:11676","name":"Firelands Elementary School","sector":"public","kind":"district","district_irn":48157,"district":"Firelands Local","address":"10779 Vermilion Rd Oberlin, OH 44074","grades":"K-5","grades_guessed":false,"lo":0,"hi":5,"elem":1,"mid":0,"high":0,"enrollment":788,"pct_white":88.6,"pct_black":0,"pct_hispanic":8.5,"pct_asian":0,"pct_multi":2.5,"pct_other":0,"econ_dis_pct":42.3,"attendance":94.4,"chronic_abs":9.9,"stars_overall":3.5,"stars_achievement":4,"pi_pct":85.3,"stars_progress":2,"stars_gap":4,"stars_early_lit":3,"grad4":null,"stars_ccwmr":null,"affiliation":null,"st_ratio":null,"tuition_low":null,"tuition_high":null,"tuition_year":null,"tuition_basis":null,"edchoice":null,"tuition_source":null,"tuition_status":null,"tuition_notes":null,"demo_year":"2024-25","faith":"secular","website":"http://www.firelandsschools.org","district_website":"https://www.firelandsschools.org/"},"geometry":{"type":"Point","coordinates":[-82.29846,41.33565]}},{"type":"Feature","properties":{"id":"irn:12898","name":"Garfield Elementary School","sector":"public","kind":"district","district_irn":43786,"district":"Cleveland Municipal","address":"3800 W 140th St Cleveland, OH 44111","grades":"PK-8","grades_guessed":false,"lo":0,"hi":8,"elem":1,"mid":1,"high":0,"enrollment":536,"pct_white":24.1,"pct_black":28.8,"pct_hispanic":30,"pct_asian":7.4,"pct_multi":9.6,"pct_other":0,"econ_dis_pct":100,"attendance":89.1,"chronic_abs":37.4,"stars_overall":3,"stars_achievement":2,"pi_pct":63.4,"stars_progress":4,"stars_gap":3,"stars_early_lit":1,"grad4":null,"stars_ccwmr":null,"affiliation":null,"st_ratio":null,"tuition_low":null,"tuition_high":null,"tuition_year":null,"tuition_basis":null,"edchoice":null,"tuition_source":null,"tuition_status":null,"tuition_notes":null,"demo_year":"2024-25","faith":"secular","website":null,"district_website":"https://www.clevelandmetroschools.org/"},"geometry":{"type":"Point","coordinates":[-81.790528,41.450297]}},{"type":"Feature","properties":{"id":"irn:36210","name":"Stow-Munroe Falls High School","sector":"public","kind":"district","district_irn":44834,"district":"Stow-Munroe Falls City School District","address":"3227 Graham Rd Stow, OH 44224","grades":"9-12","grades_guessed":false,"lo":9,"hi":12,"elem":0,"mid":0,"high":1,"enrollment":1444,"pct_white":82,"pct_black":6.3,"pct_hispanic":3.3,"pct_asian":3.5,"pct_multi":4.7,"pct_other":0,"econ_dis_pct":40,"attendance":91.3,"chronic_abs":28.2,"stars_overall":4,"stars_achievement":4,"pi_pct":82,"stars_progress":4,"stars_gap":3,"stars_early_lit":null,"grad4":95.8,"stars_ccwmr":3,"affiliation":null,"st_ratio":null,"tuition_low":null,"tuition_high":null,"tuition_year":null,"tuition_basis":null,"edchoice":null,"tuition_source":null,"tuition_status":null,"tuition_notes":null,"demo_year":"2024-25","faith":"secular","website":null,"district_website":"https://www.smfschools.org/"},"geometry":{"type":"Point","coordinates":[-81.394337,41.168501]}},{"type":"Feature","properties":{"id":"irn:3244","name":"Boulevard Elementary School","sector":"public","kind":"district","district_irn":44750,"district":"Shaker Heights City","address":"14900 Drexmore Rd Shaker Heights, OH 44120","grades":"K-5","grades_guessed":false,"lo":0,"hi":5,"elem":1,"mid":0,"high":0,"enrollment":376,"pct_white":33.3,"pct_black":46.7,"pct_hispanic":5.4,"pct_asian":4.7,"pct_multi":9.8,"pct_other":0,"econ_dis_pct":49.6,"attendance":93.5,"chronic_abs":19.4,"stars_overall":4,"stars_achievement":4,"pi_pct":81.3,"stars_progress":4,"stars_gap":4,"stars_early_lit":3,"grad4":null,"stars_ccwmr":null,"affiliation":null,"st_ratio":null,"tuition_low":null,"tuition_high":null,"tuition_year":null,"tuition_basis":null,"edchoice":null,"tuition_source":null,"tuition_status":null,"tuition_notes":null,"demo_year":"2024-25","faith":"secular","website":null,"district_website":"https://www.shaker.org/"},"geometry":{"type":"Point","coordinates":[-81.577644,41.481707]}},{"type":"Feature","properties":{"id":"irn:6619","name":"Clearview High School","sector":"public","kind":"district","district_irn":48132,"district":"Clearview Local","address":"4700 Broadway Lorain, OH 44052","grades":"9-12","grades_guessed":false,"lo":9,"hi":12,"elem":0,"mid":0,"high":1,"enrollment":326,"pct_white":32.9,"pct_black":14.3,"pct_hispanic":42.9,"pct_asian":0,"pct_multi":9.3,"pct_other":0,"econ_dis_pct":100,"attendance":85.5,"chronic_abs":52.5,"stars_overall":3,"stars_achievement":2,"pi_pct":63.5,"stars_progress":2,"stars_gap":3,"stars_early_lit":null,"grad4":96.3,"stars_ccwmr":3,"affiliation":null,"st_ratio":null,"tuition_low":null,"tuition_high":null,"tuition_year":null,"tuition_basis":null,"edchoice":null,"tuition_source":null,"tuition_status":null,"tuition_notes":null,"demo_year":"2024-25","faith":"secular","website":null,"district_website":"https://www.clearviewschools.org/"},"geometry":{"type":"Point","coordinates":[-82.16345,41.42547]}},{"type":"Feature","properties":{"id":"irn:828","name":"Anton Grdina","sector":"public","kind":"district","district_irn":43786,"district":"Cleveland Municipal","address":"2955 E 71st St Cleveland, OH 44104","grades":"PK-8","grades_guessed":false,"lo":0,"hi":8,"elem":1,"mid":1,"high":0,"enrollment":314,"pct_white":0,"pct_black":89,"pct_hispanic":0,"pct_asian":0,"pct_multi":6.5,"pct_other":0,"econ_dis_pct":100,"attendance":80.1,"chronic_abs":66.7,"stars_overall":2,"stars_achievement":1,"pi_pct":33.1,"stars_progress":3,"stars_gap":1,"stars_early_lit":1,"grad4":null,"stars_ccwmr":null,"affiliation":null,"st_ratio":null,"tuition_low":null,"tuition_high":null,"tuition_year":null,"tuition_basis":null,"edchoice":null,"tuition_source":null,"tuition_status":null,"tuition_notes":null,"demo_year":"2024-25","faith":"secular","website":null,"district_website":"https://www.clevelandmetroschools.org/"},"geometry":{"type":"Point","coordinates":[-81.639621,41.478483]}},{"type":"Feature","properties":{"id":"irn:21550","name":"Louisa May Alcott Elementary School","sector":"public","kind":"district","district_irn":43786,"district":"Cleveland Municipal","address":"10308 Baltic Rd Cleveland, OH 44102","grades":"K-5","grades_guessed":false,"lo":0,"hi":5,"elem":1,"mid":0,"high":0,"enrollment":167,"pct_white":24.2,"pct_black":55.3,"pct_hispanic":14.1,"pct_asian":0,"pct_multi":0,"pct_other":0,"econ_dis_pct":100,"attendance":89.5,"chronic_abs":38.5,"stars_overall":3.5,"stars_achievement":2,"pi_pct":64,"stars_progress":4,"stars_gap":3,"stars_early_lit":2,"grad4":null,"stars_ccwmr":null,"affiliation":null,"st_ratio":null,"tuition_low":null,"tuition_high":null,"tuition_year":null,"tuition_basis":null,"edchoice":null,"tuition_source":null,"tuition_status":null,"tuition_notes":null,"demo_year":"2024-25","faith":"secular","website":null,"district_website":"https://www.clevelandmetroschools.org/"},"geometry":{"type":"Point","coordinates":[-81.75679,41.48252]}},{"type":"Feature","properties":{"id":"irn:10702","name":"Coventry Middle School","sector":"public","kind":"district","district_irn":49999,"district":"Coventry Local","address":"3257 Cormany Rd Akron, OH 44319","grades":"5-8","grades_guessed":false,"lo":5,"hi":8,"elem":1,"mid":1,"high":0,"enrollment":429,"pct_white":83.1,"pct_black":6.8,"pct_hispanic":0,"pct_asian":0,"pct_multi":5.5,"pct_other":0,"econ_dis_pct":61.6,"attendance":91.6,"chronic_abs":28.7,"stars_overall":3,"stars_achievement":3,"pi_pct":79.1,"stars_progress":2,"stars_gap":3,"stars_early_lit":null,"grad4":null,"stars_ccwmr":null,"affiliation":null,"st_ratio":null,"tuition_low":null,"tuition_high":null,"tuition_year":null,"tuition_basis":null,"edchoice":null,"tuition_source":null,"tuition_status":null,"tuition_notes":null,"demo_year":"2024-25","faith":"secular","website":null,"district_website":"https://www.coventryschools.org/"},"geometry":{"type":"Point","coordinates":[-81.548296,41.009843]}},{"type":"Feature","properties":{"id":"irn:39263","name":"Warrensville Heights High School","sector":"public","kind":"district","district_irn":45005,"district":"Warrensville Heights City","address":"4270 Northfield Rd Warrensville Heights, OH 44128","grades":"9-12","grades_guessed":false,"lo":9,"hi":12,"elem":0,"mid":0,"high":1,"enrollment":545,"pct_white":0,"pct_black":94.7,"pct_hispanic":2.1,"pct_asian":0,"pct_multi":0,"pct_other":0,"econ_dis_pct":100,"attendance":87.8,"chronic_abs":47.8,"stars_overall":4,"stars_achievement":2,"pi_pct":65.4,"stars_progress":4,"stars_gap":5,"stars_early_lit":null,"grad4":97.5,"stars_ccwmr":3,"affiliation":null,"st_ratio":null,"tuition_low":null,"tuition_high":null,"tuition_year":null,"tuition_basis":null,"edchoice":null,"tuition_source":null,"tuition_status":null,"tuition_notes":null,"demo_year":"2024-25","faith":"secular","website":null,"district_website":"https://www.warrensville.k12.oh.us/"},"geometry":{"type":"Point","coordinates":[-81.530098,41.443945]}},{"type":"Feature","properties":{"id":"irn:30536","name":"Portage Path Community Learning Center","sector":"public","kind":"district","district_irn":43489,"district":"Akron City","address":"55 S Portage Path Akron, OH 44303","grades":"PK-5","grades_guessed":false,"lo":0,"hi":5,"elem":1,"mid":0,"high":0,"enrollment":296,"pct_white":14.4,"pct_black":68.6,"pct_hispanic":4.6,"pct_asian":0,"pct_multi":11.6,"pct_other":0,"econ_dis_pct":100,"attendance":91,"chronic_abs":35.2,"stars_overall":2.5,"stars_achievement":2,"pi_pct":54.5,"stars_progress":3,"stars_gap":2,"stars_early_lit":1,"grad4":null,"stars_ccwmr":null,"affiliation":null,"st_ratio":null,"tuition_low":null,"tuition_high":null,"tuition_year":null,"tuition_basis":null,"edchoice":null,"tuition_source":null,"tuition_status":null,"tuition_notes":null,"demo_year":"2024-25","faith":"secular","website":"https://www.akronschools.com","district_website":"https://www.akronschools.com/"},"geometry":{"type":"Point","coordinates":[-81.544254,41.095608]}},{"type":"Feature","properties":{"id":"irn:1370","name":"Avon High School","sector":"public","kind":"district","district_irn":48116,"district":"Avon Local","address":"37545 Detroit Rd Avon, OH 44011","grades":"9-12","grades_guessed":false,"lo":9,"hi":12,"elem":0,"mid":0,"high":1,"enrollment":1349,"pct_white":79.9,"pct_black":2.8,"pct_hispanic":8.8,"pct_asian":4,"pct_multi":4.5,"pct_other":0,"econ_dis_pct":13.9,"attendance":93.8,"chronic_abs":12.6,"stars_overall":5,"stars_achievement":5,"pi_pct":94.9,"stars_progress":4,"stars_gap":5,"stars_early_lit":null,"grad4":98.2,"stars_ccwmr":3,"affiliation":null,"st_ratio":null,"tuition_low":null,"tuition_high":null,"tuition_year":null,"tuition_basis":null,"edchoice":null,"tuition_source":null,"tuition_status":null,"tuition_notes":null,"demo_year":"2024-25","faith":"secular","website":"https://www.avonlocalschools.org/","district_website":"https://www.avonlocalschools.org/"},"geometry":{"type":"Point","coordinates":[-82.03905,41.44538]}},{"type":"Feature","properties":{"id":"irn:20180","name":"Parkside Elementary School","sector":"public","kind":"district","district_irn":47894,"district":"Riverside Local","address":"12428 Concord Hambden Rd Concord Twp, OH 44077","grades":"K-5","grades_guessed":false,"lo":0,"hi":5,"elem":1,"mid":0,"high":0,"enrollment":551,"pct_white":91,"pct_black":0,"pct_hispanic":4.8,"pct_asian":0,"pct_multi":2.5,"pct_other":0,"econ_dis_pct":17.4,"attendance":94.7,"chronic_abs":10.8,"stars_overall":4.5,"stars_achievement":5,"pi_pct":92.8,"stars_progress":3,"stars_gap":5,"stars_early_lit":4,"grad4":null,"stars_ccwmr":null,"affiliation":null,"st_ratio":null,"tuition_low":null,"tuition_high":null,"tuition_year":null,"tuition_basis":null,"edchoice":null,"tuition_source":null,"tuition_status":null,"tuition_notes":null,"demo_year":"2024-25","faith":"secular","website":"https://www.riversidelocalschools.com","district_website":"https://www.riversideschools.net/"},"geometry":{"type":"Point","coordinates":[-81.19456,41.65351]}},{"type":"Feature","properties":{"id":"irn:7948","name":"Cuyahoga Hts Elementary School","sector":"public","kind":"district","district_irn":46557,"district":"Cuyahoga Heights Local","address":"4880 E 71st St Cuyahoga Heights, OH 44125","grades":"PK-5","grades_guessed":false,"lo":0,"hi":5,"elem":1,"mid":0,"high":0,"enrollment":351,"pct_white":84.3,"pct_black":0,"pct_hispanic":6.4,"pct_asian":0,"pct_multi":5.1,"pct_other":0,"econ_dis_pct":36.4,"attendance":95.4,"chronic_abs":6.1,"stars_overall":5,"stars_achievement":5,"pi_pct":91.5,"stars_progress":5,"stars_gap":5,"stars_early_lit":3,"grad4":null,"stars_ccwmr":null,"affiliation":null,"st_ratio":null,"tuition_low":null,"tuition_high":null,"tuition_year":null,"tuition_basis":null,"edchoice":null,"tuition_source":null,"tuition_status":null,"tuition_notes":null,"demo_year":"2024-25","faith":"secular","website":null,"district_website":"https://www.cuyhts.org/"},"geometry":{"type":"Point","coordinates":[-81.64246,41.42587]}},{"type":"Feature","properties":{"id":"irn:13771","name":"Glover Community Learning Center","sector":"public","kind":"district","district_irn":43489,"district":"Akron City","address":"935 Hammel St Akron, OH 44306","grades":"K-5","grades_guessed":false,"lo":0,"hi":5,"elem":1,"mid":0,"high":0,"enrollment":347,"pct_white":17.5,"pct_black":52.3,"pct_hispanic":6.3,"pct_asian":3.7,"pct_multi":19.8,"pct_other":0,"econ_dis_pct":100,"attendance":87.9,"chronic_abs":48.8,"stars_overall":3.5,"stars_achievement":2,"pi_pct":57.6,"stars_progress":5,"stars_gap":3,"stars_early_lit":1,"grad4":null,"stars_ccwmr":null,"affiliation":null,"st_ratio":null,"tuition_low":null,"tuition_high":null,"tuition_year":null,"tuition_basis":null,"edchoice":null,"tuition_source":null,"tuition_status":null,"tuition_notes":null,"demo_year":"2024-25","faith":"secular","website":"https://www.akronschools.com","district_website":"https://www.akronschools.com/"},"geometry":{"type":"Point","coordinates":[-81.501676,41.052209]}},{"type":"Feature","properties":{"id":"irn:36525","name":"Sunview Elementary School","sector":"public","kind":"district","district_irn":44792,"district":"South Euclid-Lyndhurst City","address":"5520 Meadow Wood Blvd Lyndhurst, OH 44124","grades":"K-3","grades_guessed":false,"lo":0,"hi":3,"elem":1,"mid":0,"high":0,"enrollment":343,"pct_white":28,"pct_black":53.8,"pct_hispanic":5.3,"pct_asian":3.5,"pct_multi":9.2,"pct_other":0,"econ_dis_pct":100,"attendance":93.9,"chronic_abs":15.4,"stars_overall":4.5,"stars_achievement":5,"pi_pct":90.9,"stars_progress":null,"stars_gap":5,"stars_early_lit":3,"grad4":null,"stars_ccwmr":null,"affiliation":null,"st_ratio":null,"tuition_low":null,"tuition_high":null,"tuition_year":null,"tuition_basis":null,"edchoice":null,"tuition_source":null,"tuition_status":null,"tuition_notes":null,"demo_year":"2024-25","faith":"secular","website":null,"district_website":"https://www.selschools.org/"},"geometry":{"type":"Point","coordinates":[-81.4823,41.511037]}},{"type":"Feature","properties":{"id":"irn:10967","name":"Fairfax Elementary School","sector":"public","kind":"district","district_irn":43794,"district":"Cleveland Heights-University Heights City","address":"3150 Fairfax Rd Cleveland Heights, OH 44118","grades":"K-5","grades_guessed":false,"lo":0,"hi":5,"elem":1,"mid":0,"high":0,"enrollment":302,"pct_white":25.8,"pct_black":61.7,"pct_hispanic":4.9,"pct_asian":0,"pct_multi":7.3,"pct_other":0,"econ_dis_pct":100,"attendance":92.3,"chronic_abs":24.2,"stars_overall":3.5,"stars_achievement":3,"pi_pct":77,"stars_progress":3,"stars_gap":4,"stars_early_lit":3,"grad4":null,"stars_ccwmr":null,"affiliation":null,"st_ratio":null,"tuition_low":null,"tuition_high":null,"tuition_year":null,"tuition_basis":null,"edchoice":null,"tuition_source":null,"tuition_status":null,"tuition_notes":null,"demo_year":"2024-25","faith":"secular","website":null,"district_website":"https://www.chuh.org/"},"geometry":{"type":"Point","coordinates":[-81.566883,41.492453]}},{"type":"Feature","properties":{"id":"irn:14431","name":"Greenbriar Middle School","sector":"public","kind":"district","district_irn":44636,"district":"Parma City","address":"11810 Huffman Rd Parma, OH 44130","grades":"5-8","grades_guessed":false,"lo":5,"hi":8,"elem":1,"mid":1,"high":0,"enrollment":1049,"pct_white":60.1,"pct_black":10.5,"pct_hispanic":14.3,"pct_asian":5.9,"pct_multi":9.1,"pct_other":0,"econ_dis_pct":100,"attendance":91.8,"chronic_abs":26.8,"stars_overall":4,"stars_achievement":3,"pi_pct":72.5,"stars_progress":4,"stars_gap":4,"stars_early_lit":null,"grad4":null,"stars_ccwmr":null,"affiliation":null,"st_ratio":null,"tuition_low":null,"tuition_high":null,"tuition_year":null,"tuition_basis":null,"edchoice":null,"tuition_source":null,"tuition_status":null,"tuition_notes":null,"demo_year":"2024-25","faith":"secular","website":"https://greenbriar.parmacityschools.org/","district_website":"https://www.parmacityschools.org/"},"geometry":{"type":"Point","coordinates":[-81.7695,41.3956]}},{"type":"Feature","properties":{"id":"irn:40808","name":"Westview Elementary School","sector":"public","kind":"district","district_irn":48124,"district":"Avon Lake City","address":"155 Moore Rd Avon Lake, OH 44012","grades":"K-4","grades_guessed":false,"lo":0,"hi":4,"elem":1,"mid":0,"high":0,"enrollment":276,"pct_white":75.2,"pct_black":0,"pct_hispanic":11.2,"pct_asian":4,"pct_multi":7.2,"pct_other":0,"econ_dis_pct":23.7,"attendance":95.1,"chronic_abs":8,"stars_overall":4.5,"stars_achievement":5,"pi_pct":90.7,"stars_progress":3,"stars_gap":4,"stars_early_lit":4,"grad4":null,"stars_ccwmr":null,"affiliation":null,"st_ratio":null,"tuition_low":null,"tuition_high":null,"tuition_year":null,"tuition_basis":null,"edchoice":null,"tuition_source":null,"tuition_status":null,"tuition_notes":null,"demo_year":"2024-25","faith":"secular","website":null,"district_website":"https://www.avonlakecityschools.org/"},"geometry":{"type":"Point","coordinates":[-82.046636,41.502063]}},{"type":"Feature","properties":{"id":"irn:41699","name":"Windemere Community Learning Center","sector":"public","kind":"district","district_irn":43489,"district":"Akron City","address":"2283 Windemere Ave Akron, OH 44312","grades":"PK-5","grades_guessed":false,"lo":0,"hi":5,"elem":1,"mid":0,"high":0,"enrollment":272,"pct_white":61.1,"pct_black":17.5,"pct_hispanic":7.1,"pct_asian":0,"pct_multi":12.9,"pct_other":0,"econ_dis_pct":100,"attendance":92.4,"chronic_abs":24.2,"stars_overall":4,"stars_achievement":3,"pi_pct":78.6,"stars_progress":4,"stars_gap":3,"stars_early_lit":2,"grad4":null,"stars_ccwmr":null,"affiliation":null,"st_ratio":null,"tuition_low":null,"tuition_high":null,"tuition_year":null,"tuition_basis":null,"edchoice":null,"tuition_source":null,"tuition_status":null,"tuition_notes":null,"demo_year":"2024-25","faith":"secular","website":null,"district_website":"https://www.akronschools.com/"},"geometry":{"type":"Point","coordinates":[-81.446328,41.061941]}},{"type":"Feature","properties":{"id":"irn:19208","name":"Kirtland Elementary School","sector":"public","kind":"district","district_irn":47878,"district":"Kirtland Local","address":"9140 Chillicothe Rd Kirtland, OH 44094","grades":"PK-5","grades_guessed":false,"lo":0,"hi":5,"elem":1,"mid":0,"high":0,"enrollment":453,"pct_white":91.4,"pct_black":0,"pct_hispanic":3.3,"pct_asian":0,"pct_multi":4.2,"pct_other":0,"econ_dis_pct":16.4,"attendance":95.1,"chronic_abs":6.7,"stars_overall":5,"stars_achievement":5,"pi_pct":95.6,"stars_progress":5,"stars_gap":5,"stars_early_lit":5,"grad4":null,"stars_ccwmr":null,"affiliation":null,"st_ratio":null,"tuition_low":null,"tuition_high":null,"tuition_year":null,"tuition_basis":null,"edchoice":null,"tuition_source":null,"tuition_status":null,"tuition_notes":null,"demo_year":"2024-25","faith":"secular","website":null,"district_website":"https://www.kirtlandschools.org/"},"geometry":{"type":"Point","coordinates":[-81.358818,41.619961]}},{"type":"Feature","properties":{"id":"irn:19216","name":"Kirtland High School","sector":"public","kind":"district","district_irn":47878,"district":"Kirtland Local","address":"9150 Chillicothe Rd Kirtland, OH 44094","grades":"9-12","grades_guessed":false,"lo":9,"hi":12,"elem":0,"mid":0,"high":1,"enrollment":310,"pct_white":95.2,"pct_black":0,"pct_hispanic":0,"pct_asian":0,"pct_multi":0,"pct_other":0,"econ_dis_pct":10.2,"attendance":93.4,"chronic_abs":17.2,"stars_overall":5,"stars_achievement":5,"pi_pct":90.9,"stars_progress":5,"stars_gap":5,"stars_early_lit":null,"grad4":99.1,"stars_ccwmr":4,"affiliation":null,"st_ratio":null,"tuition_low":null,"tuition_high":null,"tuition_year":null,"tuition_basis":null,"edchoice":null,"tuition_source":null,"tuition_status":null,"tuition_notes":null,"demo_year":"2024-25","faith":"secular","website":null,"district_website":"https://www.kirtlandschools.org/"},"geometry":{"type":"Point","coordinates":[-81.358673,41.61971]}},{"type":"Feature","properties":{"id":"irn:64113","name":"Amherst Junior High School","sector":"public","kind":"district","district_irn":45195,"district":"Amherst Exempted Village","address":"548 Milan Ave Amherst, OH 44001","grades":"6-8","grades_guessed":false,"lo":6,"hi":8,"elem":0,"mid":1,"high":0,"enrollment":855,"pct_white":73.1,"pct_black":3.3,"pct_hispanic":16.7,"pct_asian":1.2,"pct_multi":5.5,"pct_other":0,"econ_dis_pct":31.7,"attendance":92.7,"chronic_abs":20.2,"stars_overall":4.5,"stars_achievement":4,"pi_pct":81.5,"stars_progress":4,"stars_gap":5,"stars_early_lit":null,"grad4":null,"stars_ccwmr":null,"affiliation":null,"st_ratio":null,"tuition_low":null,"tuition_high":null,"tuition_year":null,"tuition_basis":null,"edchoice":null,"tuition_source":null,"tuition_status":null,"tuition_notes":null,"demo_year":"2024-25","faith":"secular","website":"http://www.amherstk12.org","district_website":"https://www.amherstk12.org/"},"geometry":{"type":"Point","coordinates":[-82.23815,41.39558]}},{"type":"Feature","properties":{"id":"irn:32854","name":"Grace L Roxbury Elementary School","sector":"public","kind":"district","district_irn":46607,"district":"Solon City","address":"6795 Solon Blvd Solon, OH 44139","grades":"K-4","grades_guessed":false,"lo":0,"hi":4,"elem":1,"mid":0,"high":0,"enrollment":479,"pct_white":46.8,"pct_black":11.8,"pct_hispanic":5.6,"pct_asian":26.1,"pct_multi":9.7,"pct_other":0,"econ_dis_pct":19.8,"attendance":95.9,"chronic_abs":4,"stars_overall":5,"stars_achievement":5,"pi_pct":105,"stars_progress":5,"stars_gap":5,"stars_early_lit":5,"grad4":null,"stars_ccwmr":null,"affiliation":null,"st_ratio":null,"tuition_low":null,"tuition_high":null,"tuition_year":null,"tuition_basis":null,"edchoice":null,"tuition_source":null,"tuition_status":null,"tuition_notes":null,"demo_year":"2024-25","faith":"secular","website":null,"district_website":"https://www.solonschools.org/"},"geometry":{"type":"Point","coordinates":[-81.44289,41.37399]}},{"type":"Feature","properties":{"id":"irn:28720","name":"Orchard School","sector":"public","kind":"district","district_irn":43786,"district":"Cleveland Municipal","address":"4200 Bailey Ave Cleveland, OH 44113","grades":"PK-8","grades_guessed":false,"lo":0,"hi":8,"elem":1,"mid":1,"high":0,"enrollment":508,"pct_white":18.6,"pct_black":53.4,"pct_hispanic":22.4,"pct_asian":0,"pct_multi":5,"pct_other":0,"econ_dis_pct":100,"attendance":87.4,"chronic_abs":44.2,"stars_overall":2.5,"stars_achievement":1,"pi_pct":48.5,"stars_progress":4,"stars_gap":1,"stars_early_lit":1,"grad4":null,"stars_ccwmr":null,"affiliation":null,"st_ratio":null,"tuition_low":null,"tuition_high":null,"tuition_year":null,"tuition_basis":null,"edchoice":null,"tuition_source":null,"tuition_status":null,"tuition_notes":null,"demo_year":"2024-25","faith":"secular","website":null,"district_website":"https://www.clevelandmetroschools.org/"},"geometry":{"type":"Point","coordinates":[-81.715035,41.476969]}},{"type":"Feature","properties":{"id":"irn:3780","name":"Brooklyn High School","sector":"public","kind":"district","district_irn":43653,"district":"Brooklyn City","address":"9200 Biddulph Rd Brooklyn, OH 44144","grades":"8-12","grades_guessed":false,"lo":8,"hi":12,"elem":0,"mid":1,"high":1,"enrollment":360,"pct_white":46.6,"pct_black":10.1,"pct_hispanic":29.6,"pct_asian":5.9,"pct_multi":6.9,"pct_other":0,"econ_dis_pct":70.8,"attendance":89.3,"chronic_abs":35.9,"stars_overall":4,"stars_achievement":3,"pi_pct":72,"stars_progress":5,"stars_gap":3,"stars_early_lit":null,"grad4":94.4,"stars_ccwmr":3,"affiliation":null,"st_ratio":null,"tuition_low":null,"tuition_high":null,"tuition_year":null,"tuition_basis":null,"edchoice":null,"tuition_source":null,"tuition_status":null,"tuition_notes":null,"demo_year":"2024-25","faith":"secular","website":null,"district_website":"https://www.bcshurricanes.org/"},"geometry":{"type":"Point","coordinates":[-81.748734,41.431354]}},{"type":"Feature","properties":{"id":"irn:5769","name":"Chagrin Falls Middle School","sector":"public","kind":"district","district_irn":45286,"district":"Chagrin Falls Exempted Village","address":"342 E Washington St Chagrin Falls, OH 44022","grades":"7-8","grades_guessed":false,"lo":7,"hi":8,"elem":0,"mid":1,"high":0,"enrollment":224,"pct_white":90.2,"pct_black":0,"pct_hispanic":0,"pct_asian":0,"pct_multi":0,"pct_other":0,"econ_dis_pct":6.3,"attendance":95.3,"chronic_abs":6.2,"stars_overall":5,"stars_achievement":5,"pi_pct":101.3,"stars_progress":4,"stars_gap":5,"stars_early_lit":null,"grad4":null,"stars_ccwmr":null,"affiliation":null,"st_ratio":null,"tuition_low":null,"tuition_high":null,"tuition_year":null,"tuition_basis":null,"edchoice":null,"tuition_source":null,"tuition_status":null,"tuition_notes":null,"demo_year":"2024-25","faith":"secular","website":null,"district_website":"https://www.chagrinschools.org/"},"geometry":{"type":"Point","coordinates":[-81.38091,41.42628]}},{"type":"Feature","properties":{"id":"irn:10272","name":"Ellet Community Learning Center","sector":"public","kind":"district","district_irn":43489,"district":"Akron City","address":"309 Woolf Ave Akron, OH 44312","grades":"9-12","grades_guessed":false,"lo":9,"hi":12,"elem":0,"mid":0,"high":1,"enrollment":822,"pct_white":53.7,"pct_black":28,"pct_hispanic":3.9,"pct_asian":1.5,"pct_multi":12.9,"pct_other":0,"econ_dis_pct":100,"attendance":85.1,"chronic_abs":56.4,"stars_overall":4.5,"stars_achievement":2,"pi_pct":67.5,"stars_progress":5,"stars_gap":5,"stars_early_lit":null,"grad4":94.8,"stars_ccwmr":5,"affiliation":null,"st_ratio":null,"tuition_low":null,"tuition_high":null,"tuition_year":null,"tuition_basis":null,"edchoice":null,"tuition_source":null,"tuition_status":null,"tuition_notes":null,"demo_year":"2024-25","faith":"secular","website":null,"district_website":"https://www.akronschools.com/"},"geometry":{"type":"Point","coordinates":[-81.432978,41.053525]}},{"type":"Feature","properties":{"id":"irn:3830","name":"Brookside High School","sector":"public","kind":"district","district_irn":44768,"district":"Sheffield-Sheffield Lake City","address":"1662 Harris Rd Sheffield Village, OH 44054","grades":"9-12","grades_guessed":false,"lo":9,"hi":12,"elem":0,"mid":0,"high":1,"enrollment":407,"pct_white":73.9,"pct_black":2.5,"pct_hispanic":16.2,"pct_asian":0,"pct_multi":5.3,"pct_other":0,"econ_dis_pct":44.4,"attendance":90,"chronic_abs":32,"stars_overall":3.5,"stars_achievement":3,"pi_pct":77.5,"stars_progress":2,"stars_gap":3,"stars_early_lit":null,"grad4":96.3,"stars_ccwmr":2,"affiliation":null,"st_ratio":null,"tuition_low":null,"tuition_high":null,"tuition_year":null,"tuition_basis":null,"edchoice":null,"tuition_source":null,"tuition_status":null,"tuition_notes":null,"demo_year":"2024-25","faith":"secular","website":null,"district_website":"https://www.sheffieldschools.org/"},"geometry":{"type":"Point","coordinates":[-82.099472,41.469417]}},{"type":"Feature","properties":{"id":"irn:1792","name":"Bay High School","sector":"public","kind":"district","district_irn":43547,"district":"Bay Village City","address":"29230 Wolf Rd Bay Village, OH 44140","grades":"9-12","grades_guessed":false,"lo":9,"hi":12,"elem":0,"mid":0,"high":1,"enrollment":671,"pct_white":90.6,"pct_black":0,"pct_hispanic":4.7,"pct_asian":0,"pct_multi":3.3,"pct_other":0,"econ_dis_pct":7.7,"attendance":94,"chronic_abs":13.3,"stars_overall":5,"stars_achievement":5,"pi_pct":98.2,"stars_progress":5,"stars_gap":5,"stars_early_lit":null,"grad4":99.1,"stars_ccwmr":3,"affiliation":null,"st_ratio":null,"tuition_low":null,"tuition_high":null,"tuition_year":null,"tuition_basis":null,"edchoice":null,"tuition_source":null,"tuition_status":null,"tuition_notes":null,"demo_year":"2024-25","faith":"secular","website":null,"district_website":"https://www.bayk12.org/"},"geometry":{"type":"Point","coordinates":[-81.94301,41.48679]}},{"type":"Feature","properties":{"id":"irn:1735","name":"Bath Elementary School","sector":"public","kind":"district","district_irn":50054,"district":"Revere Local","address":"1246 N Cleveland Massillon Rd Akron, OH 44333","grades":"3-5","grades_guessed":false,"lo":3,"hi":5,"elem":1,"mid":0,"high":0,"enrollment":664,"pct_white":81.9,"pct_black":2,"pct_hispanic":3.5,"pct_asian":8.5,"pct_multi":4.2,"pct_other":0,"econ_dis_pct":10.1,"attendance":95.2,"chronic_abs":6.4,"stars_overall":4.5,"stars_achievement":5,"pi_pct":99.3,"stars_progress":2,"stars_gap":5,"stars_early_lit":4,"grad4":null,"stars_ccwmr":null,"affiliation":null,"st_ratio":null,"tuition_low":null,"tuition_high":null,"tuition_year":null,"tuition_basis":null,"edchoice":null,"tuition_source":null,"tuition_status":null,"tuition_notes":null,"demo_year":"2024-25","faith":"secular","website":null,"district_website":"https://www.revereschools.org/"},"geometry":{"type":"Point","coordinates":[-81.638337,41.169895]}},{"type":"Feature","properties":{"id":"irn:113878","name":"Parkside Elementary School","sector":"public","kind":"district","district_irn":46607,"district":"Solon City","address":"6845 Som Center Rd Solon, OH 44139","grades":"K-4","grades_guessed":false,"lo":0,"hi":4,"elem":1,"mid":0,"high":0,"enrollment":506,"pct_white":43.5,"pct_black":15.3,"pct_hispanic":2.2,"pct_asian":32.8,"pct_multi":6.1,"pct_other":0,"econ_dis_pct":17.6,"attendance":95.2,"chronic_abs":8.9,"stars_overall":4.5,"stars_achievement":5,"pi_pct":103.2,"stars_progress":2,"stars_gap":5,"stars_early_lit":5,"grad4":null,"stars_ccwmr":null,"affiliation":null,"st_ratio":null,"tuition_low":null,"tuition_high":null,"tuition_year":null,"tuition_basis":null,"edchoice":null,"tuition_source":null,"tuition_status":null,"tuition_notes":null,"demo_year":"2024-25","faith":"secular","website":null,"district_website":"https://www.solonschools.org/"},"geometry":{"type":"Point","coordinates":[-81.437557,41.372482]}},{"type":"Feature","properties":{"id":"irn:350","name":"Granger Elementary School","sector":"public","kind":"district","district_irn":48496,"district":"Highland Local","address":"1724 Wilbur Rd Medina, OH 44256","grades":"PK-5","grades_guessed":false,"lo":0,"hi":5,"elem":1,"mid":0,"high":0,"enrollment":517,"pct_white":87.5,"pct_black":0,"pct_hispanic":3.5,"pct_asian":2.1,"pct_multi":6.4,"pct_other":0,"econ_dis_pct":12,"attendance":95.7,"chronic_abs":6.5,"stars_overall":5,"stars_achievement":5,"pi_pct":98.6,"stars_progress":4,"stars_gap":5,"stars_early_lit":4,"grad4":null,"stars_ccwmr":null,"affiliation":null,"st_ratio":null,"tuition_low":null,"tuition_high":null,"tuition_year":null,"tuition_basis":null,"edchoice":null,"tuition_source":null,"tuition_status":null,"tuition_notes":null,"demo_year":"2024-25","faith":"secular","website":"http://www.highlandschools.org","district_website":"https://www.highlandschools.org/"},"geometry":{"type":"Point","coordinates":[-81.748837,41.168631]}},{"type":"Feature","properties":{"id":"irn:9107","name":"Helen Arnold Community Learning Center","sector":"public","kind":"district","district_irn":43489,"district":"Akron City","address":"450 Vernon Odom Boulevard Akron, OH 44307","grades":"PK-5","grades_guessed":false,"lo":0,"hi":5,"elem":1,"mid":0,"high":0,"enrollment":301,"pct_white":6.6,"pct_black":81.5,"pct_hispanic":0,"pct_asian":0,"pct_multi":8.1,"pct_other":0,"econ_dis_pct":100,"attendance":91.1,"chronic_abs":34.2,"stars_overall":3,"stars_achievement":2,"pi_pct":56.2,"stars_progress":4,"stars_gap":2,"stars_early_lit":1,"grad4":null,"stars_ccwmr":null,"affiliation":null,"st_ratio":null,"tuition_low":null,"tuition_high":null,"tuition_year":null,"tuition_basis":null,"edchoice":null,"tuition_source":null,"tuition_status":null,"tuition_notes":null,"demo_year":"2024-25","faith":"secular","website":"https://www.akronschools.com","district_website":"https://www.akronschools.com/"},"geometry":{"type":"Point","coordinates":[-81.538458,41.073041]}},{"type":"Feature","properties":{"id":"irn:9117","name":"Garfield Middle School","sector":"public","kind":"district","district_irn":44198,"district":"Lakewood City","address":"13114 Detroit Ave Lakewood, OH 44107","grades":"6-8","grades_guessed":false,"lo":6,"hi":8,"elem":0,"mid":1,"high":0,"enrollment":465,"pct_white":64.4,"pct_black":9.7,"pct_hispanic":9.6,"pct_asian":6.6,"pct_multi":9.5,"pct_other":0,"econ_dis_pct":55.1,"attendance":93.2,"chronic_abs":19.8,"stars_overall":3,"stars_achievement":3,"pi_pct":76.8,"stars_progress":2,"stars_gap":3,"stars_early_lit":null,"grad4":null,"stars_ccwmr":null,"affiliation":null,"st_ratio":null,"tuition_low":null,"tuition_high":null,"tuition_year":null,"tuition_basis":null,"edchoice":null,"tuition_source":null,"tuition_status":null,"tuition_notes":null,"demo_year":"2024-25","faith":"secular","website":"https://www.lakewoodcityschools.org","district_website":"https://www.lakewoodcityschools.org/"},"geometry":{"type":"Point","coordinates":[-81.77971,41.48545]}},{"type":"Feature","properties":{"id":"irn:9116","name":"Harding Middle School","sector":"public","kind":"district","district_irn":44198,"district":"Lakewood City","address":"16601 Madison Ave Lakewood, OH 44107","grades":"6-8","grades_guessed":false,"lo":6,"hi":8,"elem":0,"mid":1,"high":0,"enrollment":445,"pct_white":78.6,"pct_black":3.5,"pct_hispanic":6.6,"pct_asian":0,"pct_multi":9.4,"pct_other":0,"econ_dis_pct":41,"attendance":93.2,"chronic_abs":19.2,"stars_overall":4.5,"stars_achievement":5,"pi_pct":90.6,"stars_progress":3,"stars_gap":5,"stars_early_lit":null,"grad4":null,"stars_ccwmr":null,"affiliation":null,"st_ratio":null,"tuition_low":null,"tuition_high":null,"tuition_year":null,"tuition_basis":null,"edchoice":null,"tuition_source":null,"tuition_status":null,"tuition_notes":null,"demo_year":"2024-25","faith":"secular","website":"https://www.lakewoodcityschools.org","district_website":"https://www.lakewoodcityschools.org/"},"geometry":{"type":"Point","coordinates":[-81.813081,41.477343]}},{"type":"Feature","properties":{"id":"irn:9421","name":"Ginn Academy","sector":"public","kind":"district","district_irn":43786,"district":"Cleveland Municipal","address":"655 E 162nd St Cleveland, OH 44110","grades":"9-12","grades_guessed":false,"lo":9,"hi":12,"elem":0,"mid":0,"high":1,"enrollment":328,"pct_white":0,"pct_black":96.9,"pct_hispanic":0,"pct_asian":0,"pct_multi":0,"pct_other":0,"econ_dis_pct":100,"attendance":80.6,"chronic_abs":84.2,"stars_overall":2.5,"stars_achievement":2,"pi_pct":53.3,"stars_progress":3,"stars_gap":2,"stars_early_lit":null,"grad4":88.7,"stars_ccwmr":1,"affiliation":null,"st_ratio":null,"tuition_low":null,"tuition_high":null,"tuition_year":null,"tuition_basis":null,"edchoice":null,"tuition_source":null,"tuition_status":null,"tuition_notes":null,"demo_year":"2024-25","faith":"secular","website":"https://www.clevelandmetroschools.org","district_website":"https://www.clevelandmetroschools.org/"},"geometry":{"type":"Point","coordinates":[-81.56681,41.56335]}},{"type":"Feature","properties":{"id":"irn:5892","name":"Charles A Mooney School","sector":"public","kind":"district","district_irn":43786,"district":"Cleveland Municipal","address":"3213 Montclair Ave Cleveland, OH 44109","grades":"PK-8","grades_guessed":false,"lo":0,"hi":8,"elem":1,"mid":1,"high":0,"enrollment":317,"pct_white":31.3,"pct_black":36.7,"pct_hispanic":25.1,"pct_asian":0,"pct_multi":5.8,"pct_other":0,"econ_dis_pct":100,"attendance":89.6,"chronic_abs":40.9,"stars_overall":2,"stars_achievement":2,"pi_pct":52.1,"stars_progress":2,"stars_gap":2,"stars_early_lit":1,"grad4":null,"stars_ccwmr":null,"affiliation":null,"st_ratio":null,"tuition_low":null,"tuition_high":null,"tuition_year":null,"tuition_basis":null,"edchoice":null,"tuition_source":null,"tuition_status":null,"tuition_notes":null,"demo_year":"2024-25","faith":"secular","website":null,"district_website":"https://www.clevelandmetroschools.org/"},"geometry":{"type":"Point","coordinates":[-81.704699,41.435459]}},{"type":"Feature","properties":{"id":"irn:5900","name":"Charles Dickens School","sector":"public","kind":"district","district_irn":43786,"district":"Cleveland Municipal","address":"13013 Corlett Ave Cleveland, OH 44105","grades":"PK-8","grades_guessed":false,"lo":0,"hi":8,"elem":1,"mid":1,"high":0,"enrollment":257,"pct_white":0,"pct_black":93.7,"pct_hispanic":0,"pct_asian":0,"pct_multi":0,"pct_other":0,"econ_dis_pct":100,"attendance":84.3,"chronic_abs":56.9,"stars_overall":2,"stars_achievement":1,"pi_pct":39,"stars_progress":3,"stars_gap":1,"stars_early_lit":1,"grad4":null,"stars_ccwmr":null,"affiliation":null,"st_ratio":null,"tuition_low":null,"tuition_high":null,"tuition_year":null,"tuition_basis":null,"edchoice":null,"tuition_source":null,"tuition_status":null,"tuition_notes":null,"demo_year":"2024-25","faith":"secular","website":null,"district_website":"https://www.clevelandmetroschools.org/"},"geometry":{"type":"Point","coordinates":[-81.591691,41.455843]}},{"type":"Feature","properties":{"id":"irn:15610","name":"Hatton Community Learning Center","sector":"public","kind":"district","district_irn":43489,"district":"Akron City","address":"1933 Baker Ave Akron, OH 44312","grades":"K-5","grades_guessed":false,"lo":0,"hi":5,"elem":1,"mid":0,"high":0,"enrollment":429,"pct_white":46.6,"pct_black":30.1,"pct_hispanic":6.1,"pct_asian":2.6,"pct_multi":14.7,"pct_other":0,"econ_dis_pct":100,"attendance":89.8,"chronic_abs":38.3,"stars_overall":2.5,"stars_achievement":2,"pi_pct":65,"stars_progress":1,"stars_gap":2,"stars_early_lit":2,"grad4":null,"stars_ccwmr":null,"affiliation":null,"st_ratio":null,"tuition_low":null,"tuition_high":null,"tuition_year":null,"tuition_basis":null,"edchoice":null,"tuition_source":null,"tuition_status":null,"tuition_notes":null,"demo_year":"2024-25","faith":"secular","website":null,"district_website":"https://www.akronschools.com/"},"geometry":{"type":"Point","coordinates":[-81.457739,41.049771]}},{"type":"Feature","properties":{"id":"irn:22566","name":"Maple Heights High School","sector":"public","kind":"district","district_irn":44305,"district":"Maple Heights City","address":"1 Mustang Way Maple Heights, OH 44137","grades":"9-12","grades_guessed":false,"lo":9,"hi":12,"elem":0,"mid":0,"high":1,"enrollment":868,"pct_white":2,"pct_black":90,"pct_hispanic":2.5,"pct_asian":0,"pct_multi":4.8,"pct_other":0,"econ_dis_pct":100,"attendance":88.3,"chronic_abs":44.9,"stars_overall":3.5,"stars_achievement":2,"pi_pct":61,"stars_progress":3,"stars_gap":3,"stars_early_lit":null,"grad4":92.9,"stars_ccwmr":4,"affiliation":null,"st_ratio":null,"tuition_low":null,"tuition_high":null,"tuition_year":null,"tuition_basis":null,"edchoice":null,"tuition_source":null,"tuition_status":null,"tuition_notes":null,"demo_year":"2024-25","faith":"secular","website":null,"district_website":"https://www.mapleschools.com/"},"geometry":{"type":"Point","coordinates":[-81.5607,41.4121]}},{"type":"Feature","properties":{"id":"irn:36533","name":"Prospect Academy","sector":"public","kind":"district","district_irn":43901,"district":"East Cleveland City School District","address":"1843 Stanwood Rd East Cleveland, OH 44112","grades":null,"grades_guessed":false,"lo":null,"hi":null,"elem":1,"mid":1,"high":1,"enrollment":null,"pct_white":null,"pct_black":null,"pct_hispanic":null,"pct_asian":null,"pct_multi":null,"pct_other":null,"econ_dis_pct":null,"attendance":null,"chronic_abs":null,"stars_overall":null,"stars_achievement":null,"pi_pct":null,"stars_progress":null,"stars_gap":null,"stars_early_lit":null,"grad4":null,"stars_ccwmr":null,"affiliation":null,"st_ratio":null,"tuition_low":null,"tuition_high":null,"tuition_year":null,"tuition_basis":null,"edchoice":null,"tuition_source":null,"tuition_status":null,"tuition_notes":null,"demo_year":"2024-25","faith":"secular","website":null,"district_website":"https://eastclevelandschools.org/"},"geometry":{"type":"Point","coordinates":[-81.574488,41.535339]}},{"type":"Feature","properties":{"id":"irn:27102","name":"Newton D Baker School","sector":"public","kind":"district","district_irn":43786,"district":"Cleveland Municipal","address":"3690 W 159th St Cleveland, OH 44111","grades":"PK-8","grades_guessed":false,"lo":0,"hi":8,"elem":1,"mid":1,"high":0,"enrollment":318,"pct_white":23.8,"pct_black":42.5,"pct_hispanic":19.4,"pct_asian":4.8,"pct_multi":8.8,"pct_other":0,"econ_dis_pct":100,"attendance":89.2,"chronic_abs":43.8,"stars_overall":2.5,"stars_achievement":2,"pi_pct":56.3,"stars_progress":3,"stars_gap":2,"stars_early_lit":1,"grad4":null,"stars_ccwmr":null,"affiliation":null,"st_ratio":null,"tuition_low":null,"tuition_high":null,"tuition_year":null,"tuition_basis":null,"edchoice":null,"tuition_source":null,"tuition_status":null,"tuition_notes":null,"demo_year":"2024-25","faith":"secular","website":null,"district_website":"https://www.clevelandmetroschools.org/"},"geometry":{"type":"Point","coordinates":[-81.810261,41.453024]}},{"type":"Feature","properties":{"id":"irn:676","name":"Frank Jacinto Elementary","sector":"public","kind":"district","district_irn":44263,"district":"Lorain City","address":"2515 Marshall Ave Lorain, OH 44052","grades":"PK-5","grades_guessed":false,"lo":0,"hi":5,"elem":1,"mid":0,"high":0,"enrollment":306,"pct_white":12.4,"pct_black":30.4,"pct_hispanic":49.4,"pct_asian":0,"pct_multi":6.6,"pct_other":0,"econ_dis_pct":99.9,"attendance":86.2,"chronic_abs":54.9,"stars_overall":2.5,"stars_achievement":1,"pi_pct":42.8,"stars_progress":4,"stars_gap":2,"stars_early_lit":1,"grad4":null,"stars_ccwmr":null,"affiliation":null,"st_ratio":null,"tuition_low":null,"tuition_high":null,"tuition_year":null,"tuition_basis":null,"edchoice":null,"tuition_source":null,"tuition_status":null,"tuition_notes":null,"demo_year":"2024-25","faith":"secular","website":null,"district_website":"https://www.lorainschools.org/"},"geometry":{"type":"Point","coordinates":[-82.194954,41.446964]}},{"type":"Feature","properties":{"id":"irn:14918","name":"Cleveland High School for the Digital Arts","sector":"public","kind":"district","district_irn":43786,"district":"Cleveland Municipal","address":"1440 Lakeside Ave E Cleveland, OH 44114","grades":"9-12","grades_guessed":false,"lo":9,"hi":12,"elem":0,"mid":0,"high":1,"enrollment":297,"pct_white":8.3,"pct_black":73.3,"pct_hispanic":13.5,"pct_asian":0,"pct_multi":0,"pct_other":0,"econ_dis_pct":100,"attendance":77.3,"chronic_abs":67.7,"stars_overall":3.5,"stars_achievement":3,"pi_pct":70.2,"stars_progress":5,"stars_gap":4,"stars_early_lit":null,"grad4":82.9,"stars_ccwmr":1,"affiliation":null,"st_ratio":null,"tuition_low":null,"tuition_high":null,"tuition_year":null,"tuition_basis":null,"edchoice":null,"tuition_source":null,"tuition_status":null,"tuition_notes":null,"demo_year":"2024-25","faith":"secular","website":null,"district_website":"https://www.clevelandmetroschools.org/"},"geometry":{"type":"Point","coordinates":[-81.686699,41.50721]}},{"type":"Feature","properties":{"id":"irn:20784","name":"Lincoln Elementary School","sector":"public","kind":"district","district_irn":44974,"district":"Wadsworth City","address":"280 N Lyman St Wadsworth, OH 44281","grades":"K-4","grades_guessed":false,"lo":0,"hi":4,"elem":1,"mid":0,"high":0,"enrollment":197,"pct_white":91.9,"pct_black":0,"pct_hispanic":0,"pct_asian":0,"pct_multi":0,"pct_other":0,"econ_dis_pct":48.6,"attendance":93.9,"chronic_abs":20.2,"stars_overall":4,"stars_achievement":4,"pi_pct":86.1,"stars_progress":3,"stars_gap":3,"stars_early_lit":4,"grad4":null,"stars_ccwmr":null,"affiliation":null,"st_ratio":null,"tuition_low":null,"tuition_high":null,"tuition_year":null,"tuition_basis":null,"edchoice":null,"tuition_source":null,"tuition_status":null,"tuition_notes":null,"demo_year":"2024-25","faith":"secular","website":null,"district_website":"https://www.wadsworthschools.org/"},"geometry":{"type":"Point","coordinates":[-81.728434,41.030535]}},{"type":"Feature","properties":{"id":"irn:21693","name":"Franklin School of Opportunity - On Site","sector":"public","kind":"district","district_irn":44198,"district":"Lakewood City","address":"13465 Franklin Blvd Lakewood, OH 44107","grades":"8-12","grades_guessed":false,"lo":8,"hi":12,"elem":0,"mid":1,"high":1,"enrollment":62,"pct_white":65.4,"pct_black":0,"pct_hispanic":0,"pct_asian":0,"pct_multi":0,"pct_other":0,"econ_dis_pct":74,"attendance":83.2,"chronic_abs":61,"stars_overall":2.5,"stars_achievement":2,"pi_pct":57.7,"stars_progress":3,"stars_gap":1,"stars_early_lit":null,"grad4":null,"stars_ccwmr":null,"affiliation":null,"st_ratio":null,"tuition_low":null,"tuition_high":null,"tuition_year":null,"tuition_basis":null,"edchoice":null,"tuition_source":null,"tuition_status":null,"tuition_notes":null,"demo_year":"2024-25","faith":"secular","website":null,"district_website":"https://www.lakewoodcityschools.org/"},"geometry":{"type":"Point","coordinates":[-81.78569,41.48048]}},{"type":"Feature","properties":{"id":"irn:19406","name":"Cleveland School of Architecture & Design","sector":"public","kind":"district","district_irn":43786,"district":"Cleveland Municipal","address":"2075 Stokes Blvd Cleveland, OH 44106","grades":"9-12","grades_guessed":false,"lo":9,"hi":12,"elem":0,"mid":0,"high":1,"enrollment":212,"pct_white":0,"pct_black":89.1,"pct_hispanic":6.1,"pct_asian":0,"pct_multi":0,"pct_other":0,"econ_dis_pct":100,"attendance":86.6,"chronic_abs":48.9,"stars_overall":4.5,"stars_achievement":4,"pi_pct":88.2,"stars_progress":5,"stars_gap":4,"stars_early_lit":null,"grad4":96.6,"stars_ccwmr":1,"affiliation":null,"st_ratio":null,"tuition_low":null,"tuition_high":null,"tuition_year":null,"tuition_basis":null,"edchoice":null,"tuition_source":null,"tuition_status":null,"tuition_notes":null,"demo_year":"2024-25","faith":"secular","website":null,"district_website":"https://www.clevelandmetroschools.org/"},"geometry":{"type":"Point","coordinates":[-81.61202,41.50185]}},{"type":"Feature","properties":{"id":"irn:138347","name":"Mogadore Junior High School","sector":"public","kind":"district","district_irn":50039,"district":"Mogadore Local","address":"130 S Cleveland Ave Mogadore, OH 44260","grades":"7-8","grades_guessed":false,"lo":7,"hi":8,"elem":0,"mid":1,"high":0,"enrollment":113,"pct_white":96.5,"pct_black":0,"pct_hispanic":0,"pct_asian":0,"pct_multi":0,"pct_other":0,"econ_dis_pct":38.8,"attendance":93,"chronic_abs":22.1,"stars_overall":2.5,"stars_achievement":3,"pi_pct":78,"stars_progress":1,"stars_gap":2,"stars_early_lit":null,"grad4":null,"stars_ccwmr":null,"affiliation":null,"st_ratio":null,"tuition_low":null,"tuition_high":null,"tuition_year":null,"tuition_basis":null,"edchoice":null,"tuition_source":null,"tuition_status":null,"tuition_notes":null,"demo_year":"2024-25","faith":"secular","website":null,"district_website":"https://www.mogadore.net/"},"geometry":{"type":"Point","coordinates":[-81.394147,41.047874]}},{"type":"Feature","properties":{"id":"irn:32359","name":"Roosevelt Elementary School","sector":"public","kind":"district","district_irn":44198,"district":"Lakewood City","address":"14237 Athens Ave Lakewood, OH 44107","grades":"K-5","grades_guessed":false,"lo":0,"hi":5,"elem":1,"mid":0,"high":0,"enrollment":232,"pct_white":73.7,"pct_black":6.8,"pct_hispanic":8.2,"pct_asian":0,"pct_multi":8.2,"pct_other":0,"econ_dis_pct":47.8,"attendance":94,"chronic_abs":15.2,"stars_overall":4.5,"stars_achievement":4,"pi_pct":87.6,"stars_progress":4,"stars_gap":5,"stars_early_lit":3,"grad4":null,"stars_ccwmr":null,"affiliation":null,"st_ratio":null,"tuition_low":null,"tuition_high":null,"tuition_year":null,"tuition_basis":null,"edchoice":null,"tuition_source":null,"tuition_status":null,"tuition_notes":null,"demo_year":"2024-25","faith":"secular","website":null,"district_website":"https://www.lakewoodcityschools.org/"},"geometry":{"type":"Point","coordinates":[-81.794136,41.473602]}},{"type":"Feature","properties":{"id":"irn:13680","name":"Glenville High School","sector":"public","kind":"district","district_irn":43786,"district":"Cleveland Municipal","address":"650 E 113th St Cleveland, OH 44108","grades":"9-12","grades_guessed":false,"lo":9,"hi":12,"elem":0,"mid":0,"high":1,"enrollment":334,"pct_white":0,"pct_black":92.7,"pct_hispanic":3.3,"pct_asian":0,"pct_multi":0,"pct_other":0,"econ_dis_pct":100,"attendance":65,"chronic_abs":87.1,"stars_overall":2,"stars_achievement":1,"pi_pct":42.1,"stars_progress":3,"stars_gap":2,"stars_early_lit":null,"grad4":62.2,"stars_ccwmr":1,"affiliation":null,"st_ratio":null,"tuition_low":null,"tuition_high":null,"tuition_year":null,"tuition_basis":null,"edchoice":null,"tuition_source":null,"tuition_status":null,"tuition_notes":null,"demo_year":"2024-25","faith":"secular","website":null,"district_website":"https://www.clevelandmetroschools.org/"},"geometry":{"type":"Point","coordinates":[-81.60663,41.53886]}},{"type":"Feature","properties":{"id":"irn:8896","name":"Durling Middle School","sector":"public","kind":"district","district_irn":48132,"district":"Clearview Local","address":"100 N Ridge Rd W Lorain, OH 44053","grades":"5-8","grades_guessed":false,"lo":5,"hi":8,"elem":1,"mid":1,"high":0,"enrollment":443,"pct_white":29.8,"pct_black":16.7,"pct_hispanic":44.7,"pct_asian":0,"pct_multi":8.6,"pct_other":0,"econ_dis_pct":100,"attendance":88.8,"chronic_abs":44.1,"stars_overall":2.5,"stars_achievement":2,"pi_pct":57.2,"stars_progress":2,"stars_gap":2,"stars_early_lit":null,"grad4":null,"stars_ccwmr":null,"affiliation":null,"st_ratio":null,"tuition_low":null,"tuition_high":null,"tuition_year":null,"tuition_basis":null,"edchoice":null,"tuition_source":null,"tuition_status":null,"tuition_notes":null,"demo_year":"2024-25","faith":"secular","website":null,"district_website":"https://www.clearviewschools.org/"},"geometry":{"type":"Point","coordinates":[-82.164815,41.425089]}},{"type":"Feature","properties":{"id":"irn:27672","name":"Northfield Elementary School","sector":"public","kind":"district","district_irn":50047,"district":"Nordonia Hills City","address":"9370 Olde 8 Rd Northfield, OH 44067","grades":"K-4","grades_guessed":false,"lo":0,"hi":4,"elem":1,"mid":0,"high":0,"enrollment":338,"pct_white":67.9,"pct_black":14.1,"pct_hispanic":4.4,"pct_asian":5.6,"pct_multi":8.1,"pct_other":0,"econ_dis_pct":19.4,"attendance":95.1,"chronic_abs":8.3,"stars_overall":5,"stars_achievement":5,"pi_pct":91.4,"stars_progress":5,"stars_gap":5,"stars_early_lit":3,"grad4":null,"stars_ccwmr":null,"affiliation":null,"st_ratio":null,"tuition_low":null,"tuition_high":null,"tuition_year":null,"tuition_basis":null,"edchoice":null,"tuition_source":null,"tuition_status":null,"tuition_notes":null,"demo_year":"2024-25","faith":"secular","website":null,"district_website":"https://www.nordoniaschools.org/"},"geometry":{"type":"Point","coordinates":[-81.540584,41.315179]}},{"type":"Feature","properties":{"id":"irn:8680","name":"Memorial School","sector":"public","kind":"district","district_irn":43786,"district":"Cleveland Municipal","address":"410 E 152nd St Cleveland, OH 44110","grades":"PK-8","grades_guessed":false,"lo":0,"hi":8,"elem":1,"mid":1,"high":0,"enrollment":388,"pct_white":0,"pct_black":93.7,"pct_hispanic":4,"pct_asian":0,"pct_multi":0,"pct_other":0,"econ_dis_pct":100,"attendance":87.1,"chronic_abs":49.8,"stars_overall":3.5,"stars_achievement":2,"pi_pct":55.6,"stars_progress":5,"stars_gap":4,"stars_early_lit":1,"grad4":null,"stars_ccwmr":null,"affiliation":null,"st_ratio":null,"tuition_low":null,"tuition_high":null,"tuition_year":null,"tuition_basis":null,"edchoice":null,"tuition_source":null,"tuition_status":null,"tuition_notes":null,"demo_year":"2024-25","faith":"secular","website":null,"district_website":"https://www.clevelandmetroschools.org/"},"geometry":{"type":"Point","coordinates":[-81.57632,41.57097]}},{"type":"Feature","properties":{"id":"irn:32011","name":"Riverview Elementary School","sector":"public","kind":"district","district_irn":44834,"district":"Stow-Munroe Falls City School District","address":"240 N River Rd Munroe Falls, OH 44262","grades":"K-4","grades_guessed":false,"lo":0,"hi":4,"elem":1,"mid":0,"high":0,"enrollment":274,"pct_white":72.9,"pct_black":5.9,"pct_hispanic":5.8,"pct_asian":5.8,"pct_multi":9.5,"pct_other":0,"econ_dis_pct":46.1,"attendance":94.8,"chronic_abs":9.2,"stars_overall":4,"stars_achievement":4,"pi_pct":83.8,"stars_progress":3,"stars_gap":4,"stars_early_lit":4,"grad4":null,"stars_ccwmr":null,"affiliation":null,"st_ratio":null,"tuition_low":null,"tuition_high":null,"tuition_year":null,"tuition_basis":null,"edchoice":null,"tuition_source":null,"tuition_status":null,"tuition_notes":null,"demo_year":"2024-25","faith":"secular","website":null,"district_website":"https://www.smfschools.org/"},"geometry":{"type":"Point","coordinates":[-81.432323,41.146156]}},{"type":"Feature","properties":{"id":"irn:32060","name":"Robert H Jamison School","sector":"public","kind":"district","district_irn":43786,"district":"Cleveland Municipal","address":"4092 E 146th St Cleveland, OH 44128","grades":"PK-8","grades_guessed":false,"lo":0,"hi":8,"elem":1,"mid":1,"high":0,"enrollment":386,"pct_white":0,"pct_black":92.6,"pct_hispanic":4.1,"pct_asian":0,"pct_multi":0,"pct_other":0,"econ_dis_pct":100,"attendance":83.7,"chronic_abs":55.3,"stars_overall":2,"stars_achievement":1,"pi_pct":37.1,"stars_progress":3,"stars_gap":1,"stars_early_lit":1,"grad4":null,"stars_ccwmr":null,"affiliation":null,"st_ratio":null,"tuition_low":null,"tuition_high":null,"tuition_year":null,"tuition_basis":null,"edchoice":null,"tuition_source":null,"tuition_status":null,"tuition_notes":null,"demo_year":"2024-25","faith":"secular","website":null,"district_website":"https://www.clevelandmetroschools.org/"},"geometry":{"type":"Point","coordinates":[-81.58032,41.44828]}},{"type":"Feature","properties":{"id":"irn:18770","name":"Kenston High School","sector":"public","kind":"district","district_irn":47191,"district":"Kenston Local","address":"9500 Bainbridge Rd Chagrin Falls, OH 44023","grades":"8-12","grades_guessed":false,"lo":8,"hi":12,"elem":0,"mid":1,"high":1,"enrollment":927,"pct_white":87.8,"pct_black":4,"pct_hispanic":3.6,"pct_asian":1.2,"pct_multi":3.5,"pct_other":0,"econ_dis_pct":13.7,"attendance":94.9,"chronic_abs":9.6,"stars_overall":4.5,"stars_achievement":5,"pi_pct":91.8,"stars_progress":4,"stars_gap":5,"stars_early_lit":null,"grad4":97.1,"stars_ccwmr":3,"affiliation":null,"st_ratio":null,"tuition_low":null,"tuition_high":null,"tuition_year":null,"tuition_basis":null,"edchoice":null,"tuition_source":null,"tuition_status":null,"tuition_notes":null,"demo_year":"2024-25","faith":"secular","website":null,"district_website":"https://www.kenstonlocal.org/"},"geometry":{"type":"Point","coordinates":[-81.30307,41.39046]}},{"type":"Feature","properties":{"id":"irn:15598","name":"John Marshall School of Engineering","sector":"public","kind":"district","district_irn":43786,"district":"Cleveland Municipal","address":"3952 W 140th St Cleveland, OH 44111","grades":"9-12","grades_guessed":false,"lo":9,"hi":12,"elem":0,"mid":0,"high":1,"enrollment":471,"pct_white":23.6,"pct_black":33.1,"pct_hispanic":32.2,"pct_asian":5.8,"pct_multi":5.3,"pct_other":0,"econ_dis_pct":100,"attendance":75.8,"chronic_abs":72.2,"stars_overall":3,"stars_achievement":2,"pi_pct":55.2,"stars_progress":5,"stars_gap":1,"stars_early_lit":null,"grad4":74.1,"stars_ccwmr":3,"affiliation":null,"st_ratio":null,"tuition_low":null,"tuition_high":null,"tuition_year":null,"tuition_basis":null,"edchoice":null,"tuition_source":null,"tuition_status":null,"tuition_notes":null,"demo_year":"2024-25","faith":"secular","website":null,"district_website":"https://www.clevelandmetroschools.org/"},"geometry":{"type":"Point","coordinates":[-81.790598,41.446922]}},{"type":"Feature","properties":{"id":"irn:12355","name":"Facing History High School@Charles Mooney","sector":"public","kind":"district","district_irn":43786,"district":"Cleveland Municipal","address":"3202 W 30th St Cleveland, OH 44109","grades":"9-12","grades_guessed":false,"lo":9,"hi":12,"elem":0,"mid":0,"high":1,"enrollment":139,"pct_white":28.1,"pct_black":35.1,"pct_hispanic":28.5,"pct_asian":0,"pct_multi":7.4,"pct_other":0,"econ_dis_pct":100,"attendance":64,"chronic_abs":83.2,"stars_overall":2.5,"stars_achievement":1,"pi_pct":48.2,"stars_progress":3,"stars_gap":2,"stars_early_lit":null,"grad4":75,"stars_ccwmr":3,"affiliation":null,"st_ratio":null,"tuition_low":null,"tuition_high":null,"tuition_year":null,"tuition_basis":null,"edchoice":null,"tuition_source":null,"tuition_status":null,"tuition_notes":null,"demo_year":"2024-25","faith":"secular","website":null,"district_website":"https://www.clevelandmetroschools.org/"},"geometry":{"type":"Point","coordinates":[-81.701929,41.466785]}},{"type":"Feature","properties":{"id":"irn:7633","name":"Crestview Elementary School","sector":"public","kind":"district","district_irn":43661,"district":"Brunswick City","address":"300 W 130th St Brunswick, OH 44212","grades":"K-5","grades_guessed":false,"lo":0,"hi":5,"elem":1,"mid":0,"high":0,"enrollment":435,"pct_white":87.8,"pct_black":0,"pct_hispanic":4.3,"pct_asian":2.9,"pct_multi":4.4,"pct_other":0,"econ_dis_pct":21.3,"attendance":95.3,"chronic_abs":6.2,"stars_overall":4.5,"stars_achievement":5,"pi_pct":93.6,"stars_progress":3,"stars_gap":5,"stars_early_lit":4,"grad4":null,"stars_ccwmr":null,"affiliation":null,"st_ratio":null,"tuition_low":null,"tuition_high":null,"tuition_year":null,"tuition_basis":null,"edchoice":null,"tuition_source":null,"tuition_status":null,"tuition_notes":null,"demo_year":"2024-25","faith":"secular","website":null,"district_website":"https://www.bcsoh.org/"},"geometry":{"type":"Point","coordinates":[-81.78516,41.268498]}},{"type":"Feature","properties":{"id":"irn:23317","name":"Mayfield Center Elementary School","sector":"public","kind":"district","district_irn":44370,"district":"Mayfield City","address":"6625 Wilson Mills Rd Mayfield, OH 44143","grades":"K-5","grades_guessed":false,"lo":0,"hi":5,"elem":1,"mid":0,"high":0,"enrollment":467,"pct_white":54.9,"pct_black":17.1,"pct_hispanic":6.4,"pct_asian":17.2,"pct_multi":3.2,"pct_other":0,"econ_dis_pct":32.3,"attendance":95.4,"chronic_abs":8,"stars_overall":4.5,"stars_achievement":5,"pi_pct":93.1,"stars_progress":3,"stars_gap":5,"stars_early_lit":3,"grad4":null,"stars_ccwmr":null,"affiliation":null,"st_ratio":null,"tuition_low":null,"tuition_high":null,"tuition_year":null,"tuition_basis":null,"edchoice":null,"tuition_source":null,"tuition_status":null,"tuition_notes":null,"demo_year":"2024-25","faith":"secular","website":null,"district_website":"https://www.mayfieldschools.org/"},"geometry":{"type":"Point","coordinates":[-81.439617,41.539048]}},{"type":"Feature","properties":{"id":"irn:61317","name":"Wellington High School","sector":"public","kind":"district","district_irn":45658,"district":"Wellington Exempted Village","address":"629 N Main St Wellington, OH 44090","grades":"9-12","grades_guessed":false,"lo":9,"hi":12,"elem":0,"mid":0,"high":1,"enrollment":220,"pct_white":85.2,"pct_black":0,"pct_hispanic":5.3,"pct_asian":0,"pct_multi":5.5,"pct_other":0,"econ_dis_pct":37.1,"attendance":90.3,"chronic_abs":29.7,"stars_overall":3,"stars_achievement":3,"pi_pct":72.5,"stars_progress":3,"stars_gap":2,"stars_early_lit":null,"grad4":90.2,"stars_ccwmr":3,"affiliation":null,"st_ratio":null,"tuition_low":null,"tuition_high":null,"tuition_year":null,"tuition_basis":null,"edchoice":null,"tuition_source":null,"tuition_status":null,"tuition_notes":null,"demo_year":"2024-25","faith":"secular","website":"https://www.wellingtonvillageschools.org","district_website":"https://www.wellingtonvillageschools.org/"},"geometry":{"type":"Point","coordinates":[-82.22008,41.17745]}},{"type":"Feature","properties":{"id":"irn:2634","name":"Betty Jane Community Learning Center","sector":"public","kind":"district","district_irn":43489,"district":"Akron City","address":"444 Darrow Rd Akron, OH 44305","grades":"K-5","grades_guessed":false,"lo":0,"hi":5,"elem":1,"mid":0,"high":0,"enrollment":352,"pct_white":52.7,"pct_black":25.3,"pct_hispanic":6.7,"pct_asian":0,"pct_multi":13.1,"pct_other":0,"econ_dis_pct":100,"attendance":92.1,"chronic_abs":24.9,"stars_overall":3,"stars_achievement":2,"pi_pct":66.2,"stars_progress":2,"stars_gap":4,"stars_early_lit":2,"grad4":null,"stars_ccwmr":null,"affiliation":null,"st_ratio":null,"tuition_low":null,"tuition_high":null,"tuition_year":null,"tuition_basis":null,"edchoice":null,"tuition_source":null,"tuition_status":null,"tuition_notes":null,"demo_year":"2024-25","faith":"secular","website":"https://www.akronschools.com","district_website":"https://www.akronschools.com/"},"geometry":{"type":"Point","coordinates":[-81.44363,41.076269]}},{"type":"Feature","properties":{"id":"irn:16378","name":"Hillside Middle School","sector":"public","kind":"district","district_irn":44636,"district":"Parma City","address":"1 Educational Park Dr Seven Hills, OH 44131","grades":"5-8","grades_guessed":false,"lo":5,"hi":8,"elem":1,"mid":1,"high":0,"enrollment":720,"pct_white":71.4,"pct_black":5.9,"pct_hispanic":12.4,"pct_asian":3.6,"pct_multi":6.6,"pct_other":0,"econ_dis_pct":100,"attendance":92.4,"chronic_abs":23.4,"stars_overall":4.5,"stars_achievement":4,"pi_pct":81.7,"stars_progress":4,"stars_gap":5,"stars_early_lit":null,"grad4":null,"stars_ccwmr":null,"affiliation":null,"st_ratio":null,"tuition_low":null,"tuition_high":null,"tuition_year":null,"tuition_basis":null,"edchoice":null,"tuition_source":null,"tuition_status":null,"tuition_notes":null,"demo_year":"2024-25","faith":"secular","website":"https://hillside.parmacityschools.org/","district_website":"https://www.parmacityschools.org/"},"geometry":{"type":"Point","coordinates":[-81.675672,41.368573]}},{"type":"Feature","properties":{"id":"irn:118414","name":"Cuyahoga Hts Middle School","sector":"public","kind":"district","district_irn":46557,"district":"Cuyahoga Heights Local","address":"4840 E 71st St Cuyahoga Heights, OH 44125","grades":"6-8","grades_guessed":false,"lo":6,"hi":8,"elem":0,"mid":1,"high":0,"enrollment":169,"pct_white":78.8,"pct_black":0,"pct_hispanic":11.1,"pct_asian":0,"pct_multi":0,"pct_other":0,"econ_dis_pct":38.8,"attendance":95.7,"chronic_abs":5.4,"stars_overall":5,"stars_achievement":5,"pi_pct":92.7,"stars_progress":4,"stars_gap":5,"stars_early_lit":null,"grad4":null,"stars_ccwmr":null,"affiliation":null,"st_ratio":null,"tuition_low":null,"tuition_high":null,"tuition_year":null,"tuition_basis":null,"edchoice":null,"tuition_source":null,"tuition_status":null,"tuition_notes":null,"demo_year":"2024-25","faith":"secular","website":null,"district_website":"https://www.cuyhts.org/"},"geometry":{"type":"Point","coordinates":[-81.642124,41.427283]}},{"type":"Feature","properties":{"id":"irn:19851","name":"Larkmoor Elementary School","sector":"public","kind":"district","district_irn":44263,"district":"Lorain City","address":"1201 Nebraska Lorain, OH 44052","grades":"PK-5","grades_guessed":false,"lo":0,"hi":5,"elem":1,"mid":0,"high":0,"enrollment":432,"pct_white":30.5,"pct_black":19.1,"pct_hispanic":37.4,"pct_asian":0,"pct_multi":13,"pct_other":0,"econ_dis_pct":100,"attendance":85.3,"chronic_abs":60.3,"stars_overall":2.5,"stars_achievement":2,"pi_pct":63.8,"stars_progress":2,"stars_gap":2,"stars_early_lit":1,"grad4":null,"stars_ccwmr":null,"affiliation":null,"st_ratio":null,"tuition_low":null,"tuition_high":null,"tuition_year":null,"tuition_basis":null,"edchoice":null,"tuition_source":null,"tuition_status":null,"tuition_notes":null,"demo_year":"2024-25","faith":"secular","website":null,"district_website":"https://www.lorainschools.org/"},"geometry":{"type":"Point","coordinates":[-82.14269,41.47284]}},{"type":"Feature","properties":{"id":"irn:17079","name":"Ellsworth Hill Elementary School","sector":"public","kind":"district","district_irn":50021,"district":"Hudson City","address":"7750 Stow Rd Hudson, OH 44236","grades":"1-2","grades_guessed":false,"lo":1,"hi":2,"elem":1,"mid":0,"high":0,"enrollment":616,"pct_white":83.3,"pct_black":0,"pct_hispanic":3,"pct_asian":7.2,"pct_multi":5.3,"pct_other":0,"econ_dis_pct":5.2,"attendance":95.1,"chronic_abs":7.7,"stars_overall":3.5,"stars_achievement":null,"pi_pct":null,"stars_progress":null,"stars_gap":5,"stars_early_lit":1,"grad4":null,"stars_ccwmr":null,"affiliation":null,"st_ratio":null,"tuition_low":null,"tuition_high":null,"tuition_year":null,"tuition_basis":null,"edchoice":null,"tuition_source":null,"tuition_status":null,"tuition_notes":null,"demo_year":"2024-25","faith":"secular","website":null,"district_website":"https://www.hudson.k12.oh.us/"},"geometry":{"type":"Point","coordinates":[-81.411222,41.268812]}},{"type":"Feature","properties":{"id":"irn:10215","name":"Elizabeth Price Elementary School","sector":"public","kind":"district","district_irn":43836,"district":"Cuyahoga Falls City School District","address":"2610 Delmore St Cuyahoga Falls, OH 44221","grades":"K-5","grades_guessed":false,"lo":0,"hi":5,"elem":1,"mid":0,"high":0,"enrollment":275,"pct_white":55.7,"pct_black":8.3,"pct_hispanic":0,"pct_asian":26,"pct_multi":7.5,"pct_other":0,"econ_dis_pct":78.5,"attendance":93.8,"chronic_abs":16.9,"stars_overall":3.5,"stars_achievement":3,"pi_pct":76,"stars_progress":3,"stars_gap":3,"stars_early_lit":2,"grad4":null,"stars_ccwmr":null,"affiliation":null,"st_ratio":null,"tuition_low":null,"tuition_high":null,"tuition_year":null,"tuition_basis":null,"edchoice":null,"tuition_source":null,"tuition_status":null,"tuition_notes":null,"demo_year":"2024-25","faith":"secular","website":"https://www.CFALLS.ORG","district_website":"https://www.cfalls.org/"},"geometry":{"type":"Point","coordinates":[-81.465293,41.136099]}},{"type":"Feature","properties":{"id":"irn:19877","name":"Maple Elementary School","sector":"public","kind":"district","district_irn":44628,"district":"Painesville City Local","address":"560 W Jackson St Painesville, OH 44077","grades":"PK-5","grades_guessed":false,"lo":0,"hi":5,"elem":1,"mid":0,"high":0,"enrollment":439,"pct_white":20.3,"pct_black":12,"pct_hispanic":54.8,"pct_asian":0,"pct_multi":11.4,"pct_other":0,"econ_dis_pct":100,"attendance":93.4,"chronic_abs":20.9,"stars_overall":2.5,"stars_achievement":2,"pi_pct":60.7,"stars_progress":2,"stars_gap":3,"stars_early_lit":1,"grad4":null,"stars_ccwmr":null,"affiliation":null,"st_ratio":null,"tuition_low":null,"tuition_high":null,"tuition_year":null,"tuition_basis":null,"edchoice":null,"tuition_source":null,"tuition_status":null,"tuition_notes":null,"demo_year":"2024-25","faith":"secular","website":null,"district_website":"https://www.painesville-city.k12.oh.us/"},"geometry":{"type":"Point","coordinates":[-81.258192,41.717328]}},{"type":"Feature","properties":{"id":"irn:10827","name":"McDowell Early Learning School","sector":"public","kind":"district","district_irn":50021,"district":"Hudson City","address":"280 N Hayden Pkwy Hudson, OH 44236","grades":"PK-K","grades_guessed":false,"lo":0,"hi":0,"elem":1,"mid":0,"high":0,"enrollment":370,"pct_white":84.8,"pct_black":0,"pct_hispanic":5.1,"pct_asian":5.6,"pct_multi":3.8,"pct_other":0,"econ_dis_pct":6.6,"attendance":95.6,"chronic_abs":4.2,"stars_overall":4,"stars_achievement":null,"pi_pct":null,"stars_progress":null,"stars_gap":4,"stars_early_lit":null,"grad4":null,"stars_ccwmr":null,"affiliation":null,"st_ratio":null,"tuition_low":null,"tuition_high":null,"tuition_year":null,"tuition_basis":null,"edchoice":null,"tuition_source":null,"tuition_status":null,"tuition_notes":null,"demo_year":"2024-25","faith":"secular","website":null,"district_website":"https://www.hudson.k12.oh.us/"},"geometry":{"type":"Point","coordinates":[-81.425666,41.249993]}},{"type":"Feature","properties":{"id":"irn:19778","name":"Lander Elementary","sector":"public","kind":"district","district_irn":44370,"district":"Mayfield City","address":"1714 Lander Rd Cleveland, OH 44124","grades":"K-5","grades_guessed":false,"lo":0,"hi":5,"elem":1,"mid":0,"high":0,"enrollment":502,"pct_white":38.7,"pct_black":37.6,"pct_hispanic":7.4,"pct_asian":6.9,"pct_multi":8.8,"pct_other":0,"econ_dis_pct":54.2,"attendance":92.7,"chronic_abs":22.6,"stars_overall":4,"stars_achievement":4,"pi_pct":85.3,"stars_progress":3,"stars_gap":4,"stars_early_lit":3,"grad4":null,"stars_ccwmr":null,"affiliation":null,"st_ratio":null,"tuition_low":null,"tuition_high":null,"tuition_year":null,"tuition_basis":null,"edchoice":null,"tuition_source":null,"tuition_status":null,"tuition_notes":null,"demo_year":"2024-25","faith":"secular","website":null,"district_website":"https://www.mayfieldschools.org/"},"geometry":{"type":"Point","coordinates":[-81.46445,41.51389]}},{"type":"Feature","properties":{"id":"irn:25999","name":"Muraski Elementary School","sector":"public","kind":"district","district_irn":44842,"district":"Strongsville City","address":"20270 Royalton Rd Strongsville, OH 44149","grades":"K-5","grades_guessed":false,"lo":0,"hi":5,"elem":1,"mid":0,"high":0,"enrollment":520,"pct_white":73.9,"pct_black":3,"pct_hispanic":6.1,"pct_asian":12,"pct_multi":3.8,"pct_other":0,"econ_dis_pct":27.9,"attendance":95.2,"chronic_abs":8.8,"stars_overall":4.5,"stars_achievement":5,"pi_pct":93.6,"stars_progress":3,"stars_gap":4,"stars_early_lit":4,"grad4":null,"stars_ccwmr":null,"affiliation":null,"st_ratio":null,"tuition_low":null,"tuition_high":null,"tuition_year":null,"tuition_basis":null,"edchoice":null,"tuition_source":null,"tuition_status":null,"tuition_notes":null,"demo_year":"2024-25","faith":"secular","website":null,"district_website":"https://www.scsmustangs.org/"},"geometry":{"type":"Point","coordinates":[-81.849039,41.3127]}},{"type":"Feature","properties":{"id":"irn:10660","name":"North Royalton High School","sector":"public","kind":"district","district_irn":44545,"district":"North Royalton City","address":"14713 Ridge Rd North Royalton, OH 44133","grades":"9-12","grades_guessed":false,"lo":9,"hi":12,"elem":0,"mid":0,"high":1,"enrollment":1327,"pct_white":82.3,"pct_black":1.5,"pct_hispanic":4.7,"pct_asian":6.8,"pct_multi":4.6,"pct_other":0,"econ_dis_pct":26.9,"attendance":93,"chronic_abs":17.8,"stars_overall":4.5,"stars_achievement":4,"pi_pct":89.3,"stars_progress":4,"stars_gap":4,"stars_early_lit":null,"grad4":98.8,"stars_ccwmr":3,"affiliation":null,"st_ratio":null,"tuition_low":null,"tuition_high":null,"tuition_year":null,"tuition_basis":null,"edchoice":null,"tuition_source":null,"tuition_status":null,"tuition_notes":null,"demo_year":"2024-25","faith":"secular","website":null,"district_website":"https://www.northroyaltonsd.org/"},"geometry":{"type":"Point","coordinates":[-81.73352,41.31124]}},{"type":"Feature","properties":{"id":"irn:7955","name":"Cuyahoga Hts High School","sector":"public","kind":"district","district_irn":46557,"district":"Cuyahoga Heights Local","address":"4820 E 71st St Cuyahoga Heights, OH 44125","grades":"9-12","grades_guessed":false,"lo":9,"hi":12,"elem":0,"mid":0,"high":1,"enrollment":222,"pct_white":80.8,"pct_black":6.1,"pct_hispanic":5.6,"pct_asian":0,"pct_multi":0,"pct_other":0,"econ_dis_pct":39.1,"attendance":95.1,"chronic_abs":7.8,"stars_overall":5,"stars_achievement":5,"pi_pct":92,"stars_progress":5,"stars_gap":5,"stars_early_lit":null,"grad4":100,"stars_ccwmr":4,"affiliation":null,"st_ratio":null,"tuition_low":null,"tuition_high":null,"tuition_year":null,"tuition_basis":null,"edchoice":null,"tuition_source":null,"tuition_status":null,"tuition_notes":null,"demo_year":"2024-25","faith":"secular","website":null,"district_website":"https://www.cuyhts.org/"},"geometry":{"type":"Point","coordinates":[-81.64211,41.427667]}},{"type":"Feature","properties":{"id":"irn:17095","name":"Hudson High School","sector":"public","kind":"district","district_irn":50021,"district":"Hudson City","address":"2500 Hudson Aurora Rd Hudson, OH 44236","grades":"9-12","grades_guessed":false,"lo":9,"hi":12,"elem":0,"mid":0,"high":1,"enrollment":1360,"pct_white":83.3,"pct_black":1.7,"pct_hispanic":4,"pct_asian":6.6,"pct_multi":4.4,"pct_other":0,"econ_dis_pct":8.3,"attendance":94.6,"chronic_abs":11.4,"stars_overall":5,"stars_achievement":5,"pi_pct":97.1,"stars_progress":5,"stars_gap":5,"stars_early_lit":null,"grad4":98.3,"stars_ccwmr":4,"affiliation":null,"st_ratio":null,"tuition_low":null,"tuition_high":null,"tuition_year":null,"tuition_basis":null,"edchoice":null,"tuition_source":null,"tuition_status":null,"tuition_notes":null,"demo_year":"2024-25","faith":"secular","website":null,"district_website":"https://www.hudson.k12.oh.us/"},"geometry":{"type":"Point","coordinates":[-81.414375,41.255834]}},{"type":"Feature","properties":{"id":"irn:64824","name":"Bellflower Elementary School","sector":"public","kind":"district","district_irn":45492,"district":"Mentor Exempted Village","address":"6655 Reynolds Rd Mentor, OH 44060","grades":"K-5","grades_guessed":false,"lo":0,"hi":5,"elem":1,"mid":0,"high":0,"enrollment":460,"pct_white":89.1,"pct_black":0,"pct_hispanic":3.3,"pct_asian":0,"pct_multi":4.9,"pct_other":0,"econ_dis_pct":32.9,"attendance":95.3,"chronic_abs":8.3,"stars_overall":4,"stars_achievement":4,"pi_pct":83.8,"stars_progress":3,"stars_gap":5,"stars_early_lit":3,"grad4":null,"stars_ccwmr":null,"affiliation":null,"st_ratio":null,"tuition_low":null,"tuition_high":null,"tuition_year":null,"tuition_basis":null,"edchoice":null,"tuition_source":null,"tuition_status":null,"tuition_notes":null,"demo_year":"2024-25","faith":"secular","website":null,"district_website":"https://www.mentorschools.net/"},"geometry":{"type":"Point","coordinates":[-81.377743,41.688898]}},{"type":"Feature","properties":{"id":"irn:13797","name":"Goldwood Primary Elementary School","sector":"public","kind":"district","district_irn":44701,"district":"Rocky River City","address":"21600 Center Ridge Rd Rocky River, OH 44116","grades":"K-2","grades_guessed":false,"lo":0,"hi":2,"elem":1,"mid":0,"high":0,"enrollment":573,"pct_white":87.7,"pct_black":0,"pct_hispanic":5,"pct_asian":1.9,"pct_multi":5,"pct_other":0,"econ_dis_pct":12.3,"attendance":95.5,"chronic_abs":5.2,"stars_overall":4.5,"stars_achievement":null,"pi_pct":null,"stars_progress":null,"stars_gap":5,"stars_early_lit":3,"grad4":null,"stars_ccwmr":null,"affiliation":null,"st_ratio":null,"tuition_low":null,"tuition_high":null,"tuition_year":null,"tuition_basis":null,"edchoice":null,"tuition_source":null,"tuition_status":null,"tuition_notes":null,"demo_year":"2024-25","faith":"secular","website":null,"district_website":"https://www.rrcs.org/"},"geometry":{"type":"Point","coordinates":[-81.8596,41.46085]}},{"type":"Feature","properties":{"id":"irn:36772","name":"Emerson Elementary School","sector":"public","kind":"district","district_irn":44198,"district":"Lakewood City","address":"13439 Clifton Blvd Lakewood, OH 44107","grades":"K-5","grades_guessed":false,"lo":0,"hi":5,"elem":1,"mid":0,"high":0,"enrollment":325,"pct_white":72.1,"pct_black":7.1,"pct_hispanic":12.5,"pct_asian":0,"pct_multi":5.5,"pct_other":0,"econ_dis_pct":38.6,"attendance":93.3,"chronic_abs":20,"stars_overall":4.5,"stars_achievement":4,"pi_pct":84.5,"stars_progress":5,"stars_gap":4,"stars_early_lit":3,"grad4":null,"stars_ccwmr":null,"affiliation":null,"st_ratio":null,"tuition_low":null,"tuition_high":null,"tuition_year":null,"tuition_basis":null,"edchoice":null,"tuition_source":null,"tuition_status":null,"tuition_notes":null,"demo_year":"2024-25","faith":"secular","website":null,"district_website":"https://www.lakewoodcityschools.org/"},"geometry":{"type":"Point","coordinates":[-81.78473,41.4905]}},{"type":"Feature","properties":{"id":"irn:25650","name":"Mound Elementary School","sector":"public","kind":"district","district_irn":43786,"district":"Cleveland Municipal","address":"5935 Ackley Rd Cleveland, OH 44105","grades":"PK-8","grades_guessed":false,"lo":0,"hi":8,"elem":1,"mid":1,"high":0,"enrollment":331,"pct_white":7,"pct_black":82.4,"pct_hispanic":6.9,"pct_asian":0,"pct_multi":3.8,"pct_other":0,"econ_dis_pct":100,"attendance":81.1,"chronic_abs":67.9,"stars_overall":2,"stars_achievement":1,"pi_pct":36.5,"stars_progress":3,"stars_gap":1,"stars_early_lit":1,"grad4":null,"stars_ccwmr":null,"affiliation":null,"st_ratio":null,"tuition_low":null,"tuition_high":null,"tuition_year":null,"tuition_basis":null,"edchoice":null,"tuition_source":null,"tuition_status":null,"tuition_notes":null,"demo_year":"2024-25","faith":"secular","website":null,"district_website":"https://www.clevelandmetroschools.org/"},"geometry":{"type":"Point","coordinates":[-81.64833,41.46258]}},{"type":"Feature","properties":{"id":"irn:7021","name":"Columbia High School","sector":"public","kind":"district","district_irn":48140,"district":"Columbia Local","address":"14168 W River Rd Columbia Station, OH 44028","grades":"9-12","grades_guessed":false,"lo":9,"hi":12,"elem":0,"mid":0,"high":1,"enrollment":259,"pct_white":87.1,"pct_black":0,"pct_hispanic":0,"pct_asian":3.9,"pct_multi":0,"pct_other":0,"econ_dis_pct":24.9,"attendance":94.1,"chronic_abs":14.1,"stars_overall":4,"stars_achievement":4,"pi_pct":88.6,"stars_progress":3,"stars_gap":4,"stars_early_lit":null,"grad4":96.5,"stars_ccwmr":3,"affiliation":null,"st_ratio":null,"tuition_low":null,"tuition_high":null,"tuition_year":null,"tuition_basis":null,"edchoice":null,"tuition_source":null,"tuition_status":null,"tuition_notes":null,"demo_year":"2024-25","faith":"secular","website":"http://www.columbia.k12.oh.us","district_website":"https://www.columbia.k12.oh.us/"},"geometry":{"type":"Point","coordinates":[-81.92375,41.31121]}},{"type":"Feature","properties":{"id":"irn:34710","name":"Grindstone Elementary School","sector":"public","kind":"district","district_irn":43612,"district":"Berea City","address":"191 Race St Berea, OH 44017","grades":"PK-4","grades_guessed":false,"lo":0,"hi":4,"elem":1,"mid":0,"high":0,"enrollment":637,"pct_white":72.3,"pct_black":6.9,"pct_hispanic":9.3,"pct_asian":3.3,"pct_multi":7.4,"pct_other":0,"econ_dis_pct":100,"attendance":94.4,"chronic_abs":10.6,"stars_overall":5,"stars_achievement":5,"pi_pct":90.8,"stars_progress":5,"stars_gap":5,"stars_early_lit":4,"grad4":null,"stars_ccwmr":null,"affiliation":null,"st_ratio":null,"tuition_low":null,"tuition_high":null,"tuition_year":null,"tuition_basis":null,"edchoice":null,"tuition_source":null,"tuition_status":null,"tuition_notes":null,"demo_year":"2024-25","faith":"secular","website":null,"district_website":"https://www.berea.k12.oh.us/"},"geometry":{"type":"Point","coordinates":[-81.86678,41.361152]}},{"type":"Feature","properties":{"id":"irn:20263","name":"Lewis F Mayer Middle School","sector":"public","kind":"district","district_irn":43976,"district":"Fairview Park City","address":"21200 Campus Drive Fairview Park, OH 44126","grades":"6-8","grades_guessed":false,"lo":6,"hi":8,"elem":0,"mid":1,"high":0,"enrollment":302,"pct_white":84.6,"pct_black":6.4,"pct_hispanic":3.5,"pct_asian":4,"pct_multi":0,"pct_other":0,"econ_dis_pct":30.2,"attendance":93.2,"chronic_abs":16.3,"stars_overall":4.5,"stars_achievement":4,"pi_pct":84.9,"stars_progress":4,"stars_gap":5,"stars_early_lit":null,"grad4":null,"stars_ccwmr":null,"affiliation":null,"st_ratio":null,"tuition_low":null,"tuition_high":null,"tuition_year":null,"tuition_basis":null,"edchoice":null,"tuition_source":null,"tuition_status":null,"tuition_notes":null,"demo_year":"2024-25","faith":"secular","website":null,"district_website":"https://www.fairviewparkschools.org/"},"geometry":{"type":"Point","coordinates":[-81.85567,41.441419]}},{"type":"Feature","properties":{"id":"irn:5637","name":"Alfred Benesch","sector":"public","kind":"district","district_irn":43786,"district":"Cleveland Municipal","address":"5393 Quincy Ave Cleveland, OH 44104","grades":"K-8","grades_guessed":false,"lo":0,"hi":8,"elem":1,"mid":1,"high":0,"enrollment":239,"pct_white":0,"pct_black":92.1,"pct_hispanic":4.9,"pct_asian":0,"pct_multi":0,"pct_other":0,"econ_dis_pct":100,"attendance":75.9,"chronic_abs":75.9,"stars_overall":1.5,"stars_achievement":1,"pi_pct":33.1,"stars_progress":2,"stars_gap":1,"stars_early_lit":1,"grad4":null,"stars_ccwmr":null,"affiliation":null,"st_ratio":null,"tuition_low":null,"tuition_high":null,"tuition_year":null,"tuition_basis":null,"edchoice":null,"tuition_source":null,"tuition_status":null,"tuition_notes":null,"demo_year":"2024-25","faith":"secular","website":null,"district_website":"https://www.clevelandmetroschools.org/"},"geometry":{"type":"Point","coordinates":[-81.65239,41.49366]}},{"type":"Feature","properties":{"id":"irn:6189","name":"Chestnut Elementary School","sector":"public","kind":"district","district_irn":44529,"district":"North Olmsted City","address":"30395 Lorain Rd North Olmsted, OH 44070","grades":"1-3","grades_guessed":false,"lo":1,"hi":3,"elem":1,"mid":0,"high":0,"enrollment":411,"pct_white":74.6,"pct_black":5.3,"pct_hispanic":12.5,"pct_asian":0,"pct_multi":5.5,"pct_other":0,"econ_dis_pct":99.9,"attendance":94.3,"chronic_abs":12,"stars_overall":4,"stars_achievement":4,"pi_pct":84.2,"stars_progress":null,"stars_gap":5,"stars_early_lit":3,"grad4":null,"stars_ccwmr":null,"affiliation":null,"st_ratio":null,"tuition_low":null,"tuition_high":null,"tuition_year":null,"tuition_basis":null,"edchoice":null,"tuition_source":null,"tuition_status":null,"tuition_notes":null,"demo_year":"2024-25","faith":"secular","website":"https://www.northolmstedschools.org/chestnutschool_home.aspx","district_website":"https://www.northolmstedschools.org/"},"geometry":{"type":"Point","coordinates":[-81.95324,41.39914]}},{"type":"Feature","properties":{"id":"irn:9738","name":"Oberlin Elementary School","sector":"public","kind":"district","district_irn":44594,"district":"Oberlin City Schools","address":"210 N Park St Oberlin, OH 44074","grades":"PK-5","grades_guessed":false,"lo":0,"hi":5,"elem":1,"mid":0,"high":0,"enrollment":356,"pct_white":48.9,"pct_black":16.4,"pct_hispanic":12.5,"pct_asian":0,"pct_multi":21.9,"pct_other":0,"econ_dis_pct":97.8,"attendance":92.2,"chronic_abs":16,"stars_overall":4.5,"stars_achievement":3,"pi_pct":77.3,"stars_progress":5,"stars_gap":5,"stars_early_lit":2,"grad4":null,"stars_ccwmr":null,"affiliation":null,"st_ratio":null,"tuition_low":null,"tuition_high":null,"tuition_year":null,"tuition_basis":null,"edchoice":null,"tuition_source":null,"tuition_status":null,"tuition_notes":null,"demo_year":"2024-25","faith":"secular","website":"https://www.oberlinschools.net","district_website":"https://www.oberlinschools.net/"},"geometry":{"type":"Point","coordinates":[-82.212426,41.297371]}},{"type":"Feature","properties":{"id":"irn:1545","name":"Barberton High School","sector":"public","kind":"district","district_irn":43539,"district":"Barberton City","address":"555 Barber Rd Barberton, OH 44203","grades":"9-12","grades_guessed":false,"lo":9,"hi":12,"elem":0,"mid":0,"high":1,"enrollment":1000,"pct_white":71.9,"pct_black":12.7,"pct_hispanic":4.5,"pct_asian":0,"pct_multi":10.3,"pct_other":0,"econ_dis_pct":68.6,"attendance":88.9,"chronic_abs":38,"stars_overall":3,"stars_achievement":3,"pi_pct":76.3,"stars_progress":3,"stars_gap":3,"stars_early_lit":null,"grad4":85.6,"stars_ccwmr":3,"affiliation":null,"st_ratio":null,"tuition_low":null,"tuition_high":null,"tuition_year":null,"tuition_basis":null,"edchoice":null,"tuition_source":null,"tuition_status":null,"tuition_notes":null,"demo_year":"2024-25","faith":"secular","website":null,"district_website":"https://www.barbertonschools.org/"},"geometry":{"type":"Point","coordinates":[-81.607248,41.025059]}},{"type":"Feature","properties":{"id":"irn:28712","name":"Orange High School","sector":"public","kind":"district","district_irn":46581,"district":"Orange City","address":"32000 Chagrin Blvd Pepper Pike, OH 44124","grades":"9-12","grades_guessed":false,"lo":9,"hi":12,"elem":0,"mid":0,"high":1,"enrollment":571,"pct_white":67.6,"pct_black":13.1,"pct_hispanic":3.2,"pct_asian":7.2,"pct_multi":8.9,"pct_other":0,"econ_dis_pct":14,"attendance":94.2,"chronic_abs":15.5,"stars_overall":5,"stars_achievement":5,"pi_pct":94.7,"stars_progress":5,"stars_gap":5,"stars_early_lit":null,"grad4":98.5,"stars_ccwmr":4,"affiliation":null,"st_ratio":null,"tuition_low":null,"tuition_high":null,"tuition_year":null,"tuition_basis":null,"edchoice":null,"tuition_source":null,"tuition_status":null,"tuition_notes":null,"demo_year":"2024-25","faith":"secular","website":null,"district_website":"https://www.orangeschools.org/"},"geometry":{"type":"Point","coordinates":[-81.455034,41.459252]}},{"type":"Feature","properties":{"id":"irn:5264","name":"Perry Elementary School","sector":"public","kind":"district","district_irn":47902,"district":"Perry Local","address":"1 Learning Ln Perry, OH 44081","grades":"PK-4","grades_guessed":false,"lo":0,"hi":4,"elem":1,"mid":0,"high":0,"enrollment":543,"pct_white":79.8,"pct_black":2.2,"pct_hispanic":13.5,"pct_asian":0,"pct_multi":4.3,"pct_other":0,"econ_dis_pct":32.3,"attendance":94,"chronic_abs":12.4,"stars_overall":4,"stars_achievement":4,"pi_pct":81.2,"stars_progress":3,"stars_gap":4,"stars_early_lit":3,"grad4":null,"stars_ccwmr":null,"affiliation":null,"st_ratio":null,"tuition_low":null,"tuition_high":null,"tuition_year":null,"tuition_basis":null,"edchoice":null,"tuition_source":null,"tuition_status":null,"tuition_notes":null,"demo_year":"2024-25","faith":"secular","website":null,"district_website":"https://www.perry-lake.org/"},"geometry":{"type":"Point","coordinates":[-81.136992,41.772135]}},{"type":"Feature","properties":{"id":"irn:23804","name":"Mckinley Elementary School","sector":"public","kind":"district","district_irn":45369,"district":"Fairport Harbor Exempted Village","address":"602 Plum St Fairport Harbor, OH 44077","grades":"K-5","grades_guessed":false,"lo":0,"hi":5,"elem":1,"mid":0,"high":0,"enrollment":243,"pct_white":73.6,"pct_black":0,"pct_hispanic":13.2,"pct_asian":0,"pct_multi":10.1,"pct_other":0,"econ_dis_pct":99,"attendance":92.8,"chronic_abs":20.4,"stars_overall":2.5,"stars_achievement":2,"pi_pct":63.3,"stars_progress":2,"stars_gap":3,"stars_early_lit":2,"grad4":null,"stars_ccwmr":null,"affiliation":null,"st_ratio":null,"tuition_low":null,"tuition_high":null,"tuition_year":null,"tuition_basis":null,"edchoice":null,"tuition_source":null,"tuition_status":null,"tuition_notes":null,"demo_year":"2024-25","faith":"secular","website":null,"district_website":"https://www.fhevs.org/"},"geometry":{"type":"Point","coordinates":[-81.27331,41.75021]}},{"type":"Feature","properties":{"id":"irn:28605","name":"Olmsted Falls High School","sector":"public","kind":"district","district_irn":46573,"district":"Olmsted Falls City","address":"26939 Bagley Rd Olmsted Falls, OH 44138","grades":"9-12","grades_guessed":false,"lo":9,"hi":12,"elem":0,"mid":0,"high":1,"enrollment":1031,"pct_white":88.9,"pct_black":3.4,"pct_hispanic":3.5,"pct_asian":2.6,"pct_multi":1.6,"pct_other":0,"econ_dis_pct":22,"attendance":93,"chronic_abs":20.8,"stars_overall":4.5,"stars_achievement":4,"pi_pct":85.7,"stars_progress":4,"stars_gap":4,"stars_early_lit":null,"grad4":98.5,"stars_ccwmr":4,"affiliation":null,"st_ratio":null,"tuition_low":null,"tuition_high":null,"tuition_year":null,"tuition_basis":null,"edchoice":null,"tuition_source":null,"tuition_status":null,"tuition_notes":null,"demo_year":"2024-25","faith":"secular","website":null,"district_website":"https://www.ofcs.net/"},"geometry":{"type":"Point","coordinates":[-81.92675,41.37057]}},{"type":"Feature","properties":{"id":"irn:40758","name":"Westlake High School","sector":"public","kind":"district","district_irn":45062,"district":"Westlake City","address":"27830 Hilliard Blvd Westlake, OH 44145","grades":"9-12","grades_guessed":false,"lo":9,"hi":12,"elem":0,"mid":0,"high":1,"enrollment":967,"pct_white":76.8,"pct_black":2.3,"pct_hispanic":7.1,"pct_asian":7.8,"pct_multi":5.9,"pct_other":0,"econ_dis_pct":22.4,"attendance":92.4,"chronic_abs":23.8,"stars_overall":4,"stars_achievement":4,"pi_pct":89.3,"stars_progress":3,"stars_gap":4,"stars_early_lit":null,"grad4":97,"stars_ccwmr":3,"affiliation":null,"st_ratio":null,"tuition_low":null,"tuition_high":null,"tuition_year":null,"tuition_basis":null,"edchoice":null,"tuition_source":null,"tuition_status":null,"tuition_notes":null,"demo_year":"2024-25","faith":"secular","website":null,"district_website":"https://www.wlake.org/"},"geometry":{"type":"Point","coordinates":[-81.9287,41.46104]}},{"type":"Feature","properties":{"id":"irn:24687","name":"Miles School","sector":"public","kind":"district","district_irn":43786,"district":"Cleveland Municipal","address":"11918 Miles Ave Cleveland, OH 44105","grades":"PK-8","grades_guessed":false,"lo":0,"hi":8,"elem":1,"mid":1,"high":0,"enrollment":261,"pct_white":0,"pct_black":93.3,"pct_hispanic":4.3,"pct_asian":0,"pct_multi":0,"pct_other":0,"econ_dis_pct":100,"attendance":86,"chronic_abs":48.7,"stars_overall":2.5,"stars_achievement":1,"pi_pct":38.4,"stars_progress":3,"stars_gap":2,"stars_early_lit":1,"grad4":null,"stars_ccwmr":null,"affiliation":null,"st_ratio":null,"tuition_low":null,"tuition_high":null,"tuition_year":null,"tuition_basis":null,"edchoice":null,"tuition_source":null,"tuition_status":null,"tuition_notes":null,"demo_year":"2024-25","faith":"secular","website":null,"district_website":"https://www.clevelandmetroschools.org/"},"geometry":{"type":"Point","coordinates":[-81.59932,41.44464]}},{"type":"Feature","properties":{"id":"irn:24497","name":"Highland Middle School","sector":"public","kind":"district","district_irn":48496,"district":"Highland Local","address":"3880 Ridge Rd Medina, OH 44256","grades":"6-8","grades_guessed":false,"lo":6,"hi":8,"elem":0,"mid":1,"high":0,"enrollment":780,"pct_white":91.9,"pct_black":0,"pct_hispanic":2.5,"pct_asian":2.4,"pct_multi":2.7,"pct_other":0,"econ_dis_pct":9.8,"attendance":94.9,"chronic_abs":9.2,"stars_overall":4.5,"stars_achievement":5,"pi_pct":93.7,"stars_progress":3,"stars_gap":5,"stars_early_lit":null,"grad4":null,"stars_ccwmr":null,"affiliation":null,"st_ratio":null,"tuition_low":null,"tuition_high":null,"tuition_year":null,"tuition_basis":null,"edchoice":null,"tuition_source":null,"tuition_status":null,"tuition_notes":null,"demo_year":"2024-25","faith":"secular","website":null,"district_website":"https://www.highlandschools.org/"},"geometry":{"type":"Point","coordinates":[-81.741955,41.169866]}},{"type":"Feature","properties":{"id":"irn:33977","name":"Seiberling Community Learning Center","sector":"public","kind":"district","district_irn":43489,"district":"Akron City","address":"400 Brittain Rd Akron, OH 44305","grades":"PK-5","grades_guessed":false,"lo":0,"hi":5,"elem":1,"mid":0,"high":0,"enrollment":468,"pct_white":26.9,"pct_black":50.8,"pct_hispanic":5.5,"pct_asian":3.1,"pct_multi":13.7,"pct_other":0,"econ_dis_pct":100,"attendance":89.6,"chronic_abs":38.9,"stars_overall":2.5,"stars_achievement":2,"pi_pct":54.5,"stars_progress":3,"stars_gap":2,"stars_early_lit":1,"grad4":null,"stars_ccwmr":null,"affiliation":null,"st_ratio":null,"tuition_low":null,"tuition_high":null,"tuition_year":null,"tuition_basis":null,"edchoice":null,"tuition_source":null,"tuition_status":null,"tuition_notes":null,"demo_year":"2024-25","faith":"secular","website":null,"district_website":"https://www.akronschools.com/"},"geometry":{"type":"Point","coordinates":[-81.468701,41.073932]}},{"type":"Feature","properties":{"id":"irn:38604","name":"William C Bryant Elementary School","sector":"public","kind":"district","district_irn":43786,"district":"Cleveland Municipal","address":"3121 Oak Park Ave Cleveland, OH 44109","grades":"PK-8","grades_guessed":false,"lo":0,"hi":8,"elem":1,"mid":1,"high":0,"enrollment":344,"pct_white":49.9,"pct_black":18.4,"pct_hispanic":25,"pct_asian":0,"pct_multi":5.8,"pct_other":0,"econ_dis_pct":100,"attendance":89.4,"chronic_abs":44.3,"stars_overall":2.5,"stars_achievement":2,"pi_pct":57.7,"stars_progress":3,"stars_gap":2,"stars_early_lit":2,"grad4":null,"stars_ccwmr":null,"affiliation":null,"st_ratio":null,"tuition_low":null,"tuition_high":null,"tuition_year":null,"tuition_basis":null,"edchoice":null,"tuition_source":null,"tuition_status":null,"tuition_notes":null,"demo_year":"2024-25","faith":"secular","website":null,"district_website":"https://www.clevelandmetroschools.org/"},"geometry":{"type":"Point","coordinates":[-81.70544,41.42611]}},{"type":"Feature","properties":{"id":"irn:17293","name":"Independence Middle School","sector":"public","kind":"district","district_irn":46565,"district":"Independence Local","address":"6111 Archwood Rd Independence, OH 44131","grades":"5-8","grades_guessed":false,"lo":5,"hi":8,"elem":1,"mid":1,"high":0,"enrollment":299,"pct_white":91.6,"pct_black":0,"pct_hispanic":0,"pct_asian":3.3,"pct_multi":0,"pct_other":0,"econ_dis_pct":11.6,"attendance":94.8,"chronic_abs":9.4,"stars_overall":4.5,"stars_achievement":5,"pi_pct":91.8,"stars_progress":3,"stars_gap":5,"stars_early_lit":null,"grad4":null,"stars_ccwmr":null,"affiliation":null,"st_ratio":null,"tuition_low":null,"tuition_high":null,"tuition_year":null,"tuition_basis":null,"edchoice":null,"tuition_source":null,"tuition_status":null,"tuition_notes":null,"demo_year":"2024-25","faith":"secular","website":null,"district_website":"https://www.independence.k12.oh.us/"},"geometry":{"type":"Point","coordinates":[-81.6467,41.37367]}},{"type":"Feature","properties":{"id":"irn:41509","name":"Willoughby Middle School","sector":"public","kind":"district","district_irn":45104,"district":"Willoughby-Eastlake City","address":"5000 Shankland Rd Willoughby, OH 44094","grades":"6-8","grades_guessed":false,"lo":6,"hi":8,"elem":0,"mid":1,"high":0,"enrollment":513,"pct_white":57.2,"pct_black":28.3,"pct_hispanic":4.5,"pct_asian":0,"pct_multi":9.6,"pct_other":0,"econ_dis_pct":54.5,"attendance":90.2,"chronic_abs":34.3,"stars_overall":3.5,"stars_achievement":2,"pi_pct":66.2,"stars_progress":4,"stars_gap":2,"stars_early_lit":null,"grad4":null,"stars_ccwmr":null,"affiliation":null,"st_ratio":null,"tuition_low":null,"tuition_high":null,"tuition_year":null,"tuition_basis":null,"edchoice":null,"tuition_source":null,"tuition_status":null,"tuition_notes":null,"demo_year":"2024-25","faith":"secular","website":null,"district_website":"https://www.weschools.org/"},"geometry":{"type":"Point","coordinates":[-81.419666,41.624284]}},{"type":"Feature","properties":{"id":"irn:1842","name":"Beachwood High School","sector":"public","kind":"district","district_irn":43554,"district":"Beachwood City","address":"25100 Fairmount Blvd Beachwood, OH 44122","grades":"9-12","grades_guessed":false,"lo":9,"hi":12,"elem":0,"mid":0,"high":1,"enrollment":538,"pct_white":47.2,"pct_black":23.3,"pct_hispanic":5.5,"pct_asian":14.9,"pct_multi":8.6,"pct_other":0,"econ_dis_pct":17.3,"attendance":93.2,"chronic_abs":21.2,"stars_overall":4.5,"stars_achievement":5,"pi_pct":92.8,"stars_progress":4,"stars_gap":5,"stars_early_lit":null,"grad4":96.9,"stars_ccwmr":3,"affiliation":null,"st_ratio":null,"tuition_low":null,"tuition_high":null,"tuition_year":null,"tuition_basis":null,"edchoice":null,"tuition_source":null,"tuition_status":null,"tuition_notes":null,"demo_year":"2024-25","faith":"secular","website":null,"district_website":"https://www.beachwoodschools.org/"},"geometry":{"type":"Point","coordinates":[-81.50094,41.486058]}},{"type":"Feature","properties":{"id":"irn:475","name":"Bluestone Elementary School","sector":"public","kind":"district","district_irn":43950,"district":"Euclid City","address":"1455 E 260th St Euclid, OH 44132","grades":"K-5","grades_guessed":false,"lo":0,"hi":5,"elem":1,"mid":0,"high":0,"enrollment":274,"pct_white":0,"pct_black":89.6,"pct_hispanic":5,"pct_asian":0,"pct_multi":3.9,"pct_other":0,"econ_dis_pct":100,"attendance":91.2,"chronic_abs":32.2,"stars_overall":2.5,"stars_achievement":2,"pi_pct":59,"stars_progress":3,"stars_gap":3,"stars_early_lit":1,"grad4":null,"stars_ccwmr":null,"affiliation":null,"st_ratio":null,"tuition_low":null,"tuition_high":null,"tuition_year":null,"tuition_basis":null,"edchoice":null,"tuition_source":null,"tuition_status":null,"tuition_notes":null,"demo_year":"2024-25","faith":"secular","website":null,"district_website":"https://www.euclidschools.org/"},"geometry":{"type":"Point","coordinates":[-81.50191,41.5909]}},{"type":"Feature","properties":{"id":"irn:123398","name":"Green Intermediate Elementary School","sector":"public","kind":"district","district_irn":50013,"district":"Green Local","address":"1737 Steese Rd Uniontown, OH 44685","grades":"4-6","grades_guessed":false,"lo":4,"hi":6,"elem":1,"mid":1,"high":0,"enrollment":874,"pct_white":84.4,"pct_black":4.7,"pct_hispanic":0,"pct_asian":3.2,"pct_multi":6.5,"pct_other":0,"econ_dis_pct":26.8,"attendance":94.6,"chronic_abs":10.2,"stars_overall":4.5,"stars_achievement":4,"pi_pct":89.2,"stars_progress":4,"stars_gap":5,"stars_early_lit":null,"grad4":null,"stars_ccwmr":null,"affiliation":null,"st_ratio":null,"tuition_low":null,"tuition_high":null,"tuition_year":null,"tuition_basis":null,"edchoice":null,"tuition_source":null,"tuition_status":null,"tuition_notes":null,"demo_year":"2024-25","faith":"secular","website":"https://www.greenlocalschools.org","district_website":"https://www.greenlocalschools.org/"},"geometry":{"type":"Point","coordinates":[-81.471921,40.947933]}},{"type":"Feature","properties":{"id":"irn:14654","name":"Greenwood Early Learning Center","sector":"public","kind":"district","district_irn":50013,"district":"Green Local","address":"2250 Graybill Rd Green, OH 44232","grades":"PK-K","grades_guessed":false,"lo":0,"hi":0,"elem":1,"mid":0,"high":0,"enrollment":374,"pct_white":84.4,"pct_black":3.5,"pct_hispanic":3.2,"pct_asian":3.9,"pct_multi":4.8,"pct_other":0,"econ_dis_pct":25.7,"attendance":94,"chronic_abs":11.8,"stars_overall":4,"stars_achievement":null,"pi_pct":null,"stars_progress":null,"stars_gap":4,"stars_early_lit":null,"grad4":null,"stars_ccwmr":null,"affiliation":null,"st_ratio":null,"tuition_low":null,"tuition_high":null,"tuition_year":null,"tuition_basis":null,"edchoice":null,"tuition_source":null,"tuition_status":null,"tuition_notes":null,"demo_year":"2024-25","faith":"secular","website":null,"district_website":"https://www.greenlocalschools.org/"},"geometry":{"type":"Point","coordinates":[-81.4833,40.9458]}},{"type":"Feature","properties":{"id":"irn:22038","name":"Madison Middle School","sector":"public","kind":"district","district_irn":47886,"district":"Madison Local","address":"6079 Middle Ridge Rd Madison, OH 44057","grades":"6-8","grades_guessed":false,"lo":6,"hi":8,"elem":0,"mid":1,"high":0,"enrollment":606,"pct_white":84.1,"pct_black":0,"pct_hispanic":6.2,"pct_asian":0,"pct_multi":7.4,"pct_other":0,"econ_dis_pct":50.7,"attendance":91.8,"chronic_abs":24.9,"stars_overall":2.5,"stars_achievement":3,"pi_pct":70.7,"stars_progress":2,"stars_gap":2,"stars_early_lit":null,"grad4":null,"stars_ccwmr":null,"affiliation":null,"st_ratio":null,"tuition_low":null,"tuition_high":null,"tuition_year":null,"tuition_basis":null,"edchoice":null,"tuition_source":null,"tuition_status":null,"tuition_notes":null,"demo_year":"2024-25","faith":"secular","website":null,"district_website":"https://www.madisonschools.net/"},"geometry":{"type":"Point","coordinates":[-81.07239,41.79162]}},{"type":"Feature","properties":{"id":"irn:31203","name":"South  Elementary School","sector":"public","kind":"district","district_irn":47886,"district":"Madison Local","address":"92 E Main St Madison, OH 44057","grades":"K-5","grades_guessed":false,"lo":0,"hi":5,"elem":1,"mid":0,"high":0,"enrollment":506,"pct_white":86.3,"pct_black":0,"pct_hispanic":5.9,"pct_asian":0,"pct_multi":6.8,"pct_other":0,"econ_dis_pct":43.3,"attendance":93.7,"chronic_abs":16.3,"stars_overall":4.5,"stars_achievement":4,"pi_pct":85.1,"stars_progress":4,"stars_gap":5,"stars_early_lit":3,"grad4":null,"stars_ccwmr":null,"affiliation":null,"st_ratio":null,"tuition_low":null,"tuition_high":null,"tuition_year":null,"tuition_basis":null,"edchoice":null,"tuition_source":null,"tuition_status":null,"tuition_notes":null,"demo_year":"2024-25","faith":"secular","website":null,"district_website":"https://www.madisonschools.net/"},"geometry":{"type":"Point","coordinates":[-81.04486,41.77004]}},{"type":"Feature","properties":{"id":"irn:12352","name":"New Technology West","sector":"public","kind":"district","district_irn":43786,"district":"Cleveland Municipal","address":"11801 Worthington Ave Cleveland, OH 44111","grades":"9-12","grades_guessed":false,"lo":9,"hi":12,"elem":0,"mid":0,"high":1,"enrollment":303,"pct_white":24.4,"pct_black":28.4,"pct_hispanic":41.7,"pct_asian":0,"pct_multi":4.6,"pct_other":0,"econ_dis_pct":100,"attendance":79.7,"chronic_abs":64.7,"stars_overall":2.5,"stars_achievement":2,"pi_pct":57.4,"stars_progress":3,"stars_gap":1,"stars_early_lit":null,"grad4":80.3,"stars_ccwmr":3,"affiliation":null,"st_ratio":null,"tuition_low":null,"tuition_high":null,"tuition_year":null,"tuition_basis":null,"edchoice":null,"tuition_source":null,"tuition_status":null,"tuition_notes":null,"demo_year":"2024-25","faith":"secular","website":null,"district_website":"https://www.clevelandmetroschools.org/"},"geometry":{"type":"Point","coordinates":[-81.770279,41.448006]}},{"type":"Feature","properties":{"id":"irn:11710","name":"Olmsted Falls Early Childhood Center","sector":"public","kind":"district","district_irn":46573,"district":"Olmsted Falls City","address":"7105 Fitch Rd Olmsted, OH 44138","grades":"PK-K","grades_guessed":false,"lo":0,"hi":0,"elem":1,"mid":0,"high":0,"enrollment":327,"pct_white":81.1,"pct_black":0,"pct_hispanic":6.9,"pct_asian":0,"pct_multi":6.5,"pct_other":0,"econ_dis_pct":22.3,"attendance":93.9,"chronic_abs":13.6,"stars_overall":4,"stars_achievement":null,"pi_pct":null,"stars_progress":null,"stars_gap":4,"stars_early_lit":null,"grad4":null,"stars_ccwmr":null,"affiliation":null,"st_ratio":null,"tuition_low":null,"tuition_high":null,"tuition_year":null,"tuition_basis":null,"edchoice":null,"tuition_source":null,"tuition_status":null,"tuition_notes":null,"demo_year":"2024-25","faith":"secular","website":null,"district_website":"https://www.ofcs.net/"},"geometry":{"type":"Point","coordinates":[-81.91961,41.38661]}},{"type":"Feature","properties":{"id":"irn:9029","name":"Barack Obama School","sector":"public","kind":"district","district_irn":44305,"district":"Maple Heights City","address":"5800 Glenwood Ave Maple Heights, OH 44137","grades":"4-5","grades_guessed":false,"lo":4,"hi":5,"elem":1,"mid":0,"high":0,"enrollment":444,"pct_white":0,"pct_black":88.8,"pct_hispanic":5.1,"pct_asian":0,"pct_multi":4.2,"pct_other":0,"econ_dis_pct":100,"attendance":89.6,"chronic_abs":40.5,"stars_overall":2.5,"stars_achievement":2,"pi_pct":56.5,"stars_progress":2,"stars_gap":2,"stars_early_lit":null,"grad4":null,"stars_ccwmr":null,"affiliation":null,"st_ratio":null,"tuition_low":null,"tuition_high":null,"tuition_year":null,"tuition_basis":null,"edchoice":null,"tuition_source":null,"tuition_status":null,"tuition_notes":null,"demo_year":"2024-25","faith":"secular","website":"http://www.mapleschools.com","district_website":"https://www.mapleschools.com/"},"geometry":{"type":"Point","coordinates":[-81.570364,41.399281]}},{"type":"Feature","properties":{"id":"irn:9031","name":"J.F. Kennedy School","sector":"public","kind":"district","district_irn":44305,"district":"Maple Heights City","address":"5933 Dunham Rd Maple Heights, OH 44137","grades":"2-3","grades_guessed":false,"lo":2,"hi":3,"elem":1,"mid":0,"high":0,"enrollment":467,"pct_white":2.3,"pct_black":88.8,"pct_hispanic":3,"pct_asian":0,"pct_multi":5.9,"pct_other":0,"econ_dis_pct":100,"attendance":89.7,"chronic_abs":39.3,"stars_overall":2,"stars_achievement":2,"pi_pct":55.7,"stars_progress":null,"stars_gap":2,"stars_early_lit":1,"grad4":null,"stars_ccwmr":null,"affiliation":null,"st_ratio":null,"tuition_low":null,"tuition_high":null,"tuition_year":null,"tuition_basis":null,"edchoice":null,"tuition_source":null,"tuition_status":null,"tuition_notes":null,"demo_year":"2024-25","faith":"secular","website":"http://www.mapleschools.com","district_website":"https://www.mapleschools.com/"},"geometry":{"type":"Point","coordinates":[-81.575113,41.398491]}},{"type":"Feature","properties":{"id":"irn:15137","name":"School of Innovation","sector":"public","kind":"district","district_irn":45104,"district":"Willoughby-Eastlake City","address":"32500 Chardon Rd Willoughby, OH 44094","grades":"3-8","grades_guessed":false,"lo":3,"hi":8,"elem":1,"mid":1,"high":0,"enrollment":448,"pct_white":79.1,"pct_black":3.7,"pct_hispanic":2.9,"pct_asian":4.5,"pct_multi":9.8,"pct_other":0,"econ_dis_pct":25.4,"attendance":94,"chronic_abs":14.8,"stars_overall":5,"stars_achievement":5,"pi_pct":100.4,"stars_progress":4,"stars_gap":5,"stars_early_lit":5,"grad4":null,"stars_ccwmr":null,"affiliation":null,"st_ratio":null,"tuition_low":null,"tuition_high":null,"tuition_year":null,"tuition_basis":null,"edchoice":null,"tuition_source":null,"tuition_status":null,"tuition_notes":null,"demo_year":"2024-25","faith":"secular","website":null,"district_website":"https://www.weschools.org/"},"geometry":{"type":"Point","coordinates":[-81.449654,41.581787]}},{"type":"Feature","properties":{"id":"irn:16786","name":"Ranger High Tech Academy","sector":"public","kind":"district","district_irn":44537,"district":"North Ridgeville City","address":"5580 Lear Nagle Rd North Ridgeville, OH 44039","grades":"3-8","grades_guessed":false,"lo":3,"hi":8,"elem":1,"mid":1,"high":0,"enrollment":258,"pct_white":88.7,"pct_black":0,"pct_hispanic":6.3,"pct_asian":0,"pct_multi":0,"pct_other":0,"econ_dis_pct":14.7,"attendance":94.9,"chronic_abs":9.3,"stars_overall":5,"stars_achievement":5,"pi_pct":93.2,"stars_progress":5,"stars_gap":5,"stars_early_lit":5,"grad4":null,"stars_ccwmr":null,"affiliation":null,"st_ratio":null,"tuition_low":null,"tuition_high":null,"tuition_year":null,"tuition_basis":null,"edchoice":null,"tuition_source":null,"tuition_status":null,"tuition_notes":null,"demo_year":"2024-25","faith":"secular","website":"https://www.nrcs.net","district_website":"https://www.nrschools.org/"},"geometry":{"type":"Point","coordinates":[-81.989678,41.408788]}},{"type":"Feature","properties":{"id":"irn:2436","name":"Berkshire High School","sector":"public","kind":"district","district_irn":47167,"district":"Berkshire Local","address":"14155 Claridon Troy Rd # 14155 Burton, OH 44021","grades":"9-12","grades_guessed":false,"lo":9,"hi":12,"elem":0,"mid":0,"high":1,"enrollment":367,"pct_white":93.4,"pct_black":0,"pct_hispanic":3.3,"pct_asian":0,"pct_multi":0,"pct_other":0,"econ_dis_pct":32.6,"attendance":92.5,"chronic_abs":22.1,"stars_overall":4.5,"stars_achievement":4,"pi_pct":81.3,"stars_progress":4,"stars_gap":3,"stars_early_lit":null,"grad4":97.1,"stars_ccwmr":5,"affiliation":null,"st_ratio":null,"tuition_low":null,"tuition_high":null,"tuition_year":null,"tuition_basis":null,"edchoice":null,"tuition_source":null,"tuition_status":null,"tuition_notes":null,"demo_year":"2024-25","faith":"secular","website":null,"district_website":"https://www.berkshireschools.org/"},"geometry":{"type":"Point","coordinates":[-81.144927,41.483325]}},{"type":"Feature","properties":{"id":"irn:19168","name":"Preschool at North High School","sector":"public","kind":"district","district_irn":43489,"district":"Akron City","address":"985 Gorge Blvd Akron, OH 44310","grades":"9-12","grades_guessed":true,"lo":9,"hi":12,"elem":0,"mid":0,"high":1,"enrollment":null,"pct_white":null,"pct_black":null,"pct_hispanic":null,"pct_asian":null,"pct_multi":null,"pct_other":null,"econ_dis_pct":null,"attendance":null,"chronic_abs":null,"stars_overall":null,"stars_achievement":null,"pi_pct":null,"stars_progress":null,"stars_gap":null,"stars_early_lit":null,"grad4":null,"stars_ccwmr":null,"affiliation":null,"st_ratio":null,"tuition_low":null,"tuition_high":null,"tuition_year":null,"tuition_basis":null,"edchoice":null,"tuition_source":null,"tuition_status":null,"tuition_notes":null,"demo_year":"2024-25","faith":"secular","website":null,"district_website":"https://www.akronschools.com/"},"geometry":{"type":"Point","coordinates":[-81.497234,41.103841]}},{"type":"Feature","properties":{"id":"irn:19057","name":"Taft Center for Innovation","sector":"public","kind":"district","district_irn":44198,"district":"Lakewood City","address":"13701 Lake Ave Lakewood, OH 44107","grades":null,"grades_guessed":false,"lo":null,"hi":null,"elem":1,"mid":1,"high":1,"enrollment":null,"pct_white":null,"pct_black":null,"pct_hispanic":null,"pct_asian":null,"pct_multi":null,"pct_other":null,"econ_dis_pct":null,"attendance":null,"chronic_abs":null,"stars_overall":null,"stars_achievement":null,"pi_pct":null,"stars_progress":null,"stars_gap":null,"stars_early_lit":null,"grad4":null,"stars_ccwmr":null,"affiliation":null,"st_ratio":null,"tuition_low":null,"tuition_high":null,"tuition_year":null,"tuition_basis":null,"edchoice":null,"tuition_source":null,"tuition_status":null,"tuition_notes":null,"demo_year":"2024-25","faith":"secular","website":"https://www.lakewoodcityschools.org/","district_website":"https://www.lakewoodcityschools.org/"},"geometry":{"type":"Point","coordinates":[-81.78741,41.49177]}},{"type":"Feature","properties":{"id":"irn:114090","name":"East Woods Intermediate School","sector":"public","kind":"district","district_irn":50021,"district":"Hudson City","address":"120 N Hayden Pkwy Hudson, OH 44236","grades":"3-5","grades_guessed":false,"lo":3,"hi":5,"elem":1,"mid":0,"high":0,"enrollment":1031,"pct_white":83,"pct_black":1.4,"pct_hispanic":3.1,"pct_asian":8.7,"pct_multi":3.7,"pct_other":0,"econ_dis_pct":7.8,"attendance":95.1,"chronic_abs":8.9,"stars_overall":5,"stars_achievement":5,"pi_pct":95.5,"stars_progress":4,"stars_gap":5,"stars_early_lit":4,"grad4":null,"stars_ccwmr":null,"affiliation":null,"st_ratio":null,"tuition_low":null,"tuition_high":null,"tuition_year":null,"tuition_basis":null,"edchoice":null,"tuition_source":null,"tuition_status":null,"tuition_notes":null,"demo_year":"2024-25","faith":"secular","website":null,"district_website":"https://www.hudson.k12.oh.us/"},"geometry":{"type":"Point","coordinates":[-81.423131,41.245145]}},{"type":"Feature","properties":{"id":"irn:98426","name":"Brunswick Middle School","sector":"public","kind":"district","district_irn":43661,"district":"Brunswick City","address":"1483 Pearl Rd Brunswick, OH 44212","grades":"6-8","grades_guessed":false,"lo":6,"hi":8,"elem":0,"mid":1,"high":0,"enrollment":1332,"pct_white":87.3,"pct_black":1.9,"pct_hispanic":4.5,"pct_asian":2,"pct_multi":4.2,"pct_other":0,"econ_dis_pct":30.8,"attendance":92.8,"chronic_abs":19.9,"stars_overall":3.5,"stars_achievement":4,"pi_pct":80.5,"stars_progress":2,"stars_gap":4,"stars_early_lit":null,"grad4":null,"stars_ccwmr":null,"affiliation":null,"st_ratio":null,"tuition_low":null,"tuition_high":null,"tuition_year":null,"tuition_basis":null,"edchoice":null,"tuition_source":null,"tuition_status":null,"tuition_notes":null,"demo_year":"2024-25","faith":"secular","website":"https://www.bcsoh.org/Domain/9","district_website":"https://www.bcsoh.org/"},"geometry":{"type":"Point","coordinates":[-81.841164,41.234743]}},{"type":"Feature","properties":{"id":"irn:12350","name":"Campus International School","sector":"public","kind":"district","district_irn":43786,"district":"Cleveland Municipal","address":"2160 Payne Ave Cleveland, OH 44114","grades":"K-8","grades_guessed":false,"lo":0,"hi":8,"elem":1,"mid":1,"high":0,"enrollment":694,"pct_white":25,"pct_black":62.5,"pct_hispanic":4.1,"pct_asian":4,"pct_multi":4.1,"pct_other":0,"econ_dis_pct":100,"attendance":93.2,"chronic_abs":20.2,"stars_overall":3.5,"stars_achievement":3,"pi_pct":75.2,"stars_progress":3,"stars_gap":4,"stars_early_lit":3,"grad4":null,"stars_ccwmr":null,"affiliation":null,"st_ratio":null,"tuition_low":null,"tuition_high":null,"tuition_year":null,"tuition_basis":null,"edchoice":null,"tuition_source":null,"tuition_status":null,"tuition_notes":null,"demo_year":"2024-25","faith":"secular","website":null,"district_website":"https://www.clevelandmetroschools.org/"},"geometry":{"type":"Point","coordinates":[-81.676362,41.505605]}},{"type":"Feature","properties":{"id":"irn:10200","name":"MC^2 STEM High School","sector":"public","kind":"district","district_irn":43786,"district":"Cleveland Municipal","address":"601 Erieside Ave Cleveland, OH 44114","grades":"9-12","grades_guessed":false,"lo":9,"hi":12,"elem":0,"mid":0,"high":1,"enrollment":219,"pct_white":8.4,"pct_black":82.2,"pct_hispanic":7.4,"pct_asian":0,"pct_multi":0,"pct_other":0,"econ_dis_pct":100,"attendance":71.7,"chronic_abs":79.2,"stars_overall":2,"stars_achievement":2,"pi_pct":60.1,"stars_progress":2,"stars_gap":2,"stars_early_lit":null,"grad4":78.7,"stars_ccwmr":1,"affiliation":null,"st_ratio":null,"tuition_low":null,"tuition_high":null,"tuition_year":null,"tuition_basis":null,"edchoice":null,"tuition_source":null,"tuition_status":null,"tuition_notes":null,"demo_year":"2024-25","faith":"secular","website":null,"district_website":"https://www.clevelandmetroschools.org/"},"geometry":{"type":"Point","coordinates":[-81.696977,41.506448]}},{"type":"Feature","properties":{"id":"irn:39271","name":"Warrensville Heights Middle School","sector":"public","kind":"district","district_irn":45005,"district":"Warrensville Heights City","address":"4270 Northfield Rd Warrensville Heights, OH 44128","grades":"6-8","grades_guessed":false,"lo":6,"hi":8,"elem":0,"mid":1,"high":0,"enrollment":409,"pct_white":0,"pct_black":93.9,"pct_hispanic":2.9,"pct_asian":0,"pct_multi":2.6,"pct_other":0,"econ_dis_pct":100,"attendance":91,"chronic_abs":28.4,"stars_overall":2.5,"stars_achievement":2,"pi_pct":54.4,"stars_progress":3,"stars_gap":2,"stars_early_lit":null,"grad4":null,"stars_ccwmr":null,"affiliation":null,"st_ratio":null,"tuition_low":null,"tuition_high":null,"tuition_year":null,"tuition_basis":null,"edchoice":null,"tuition_source":null,"tuition_status":null,"tuition_notes":null,"demo_year":"2024-25","faith":"secular","website":null,"district_website":"https://www.warrensville.k12.oh.us/"},"geometry":{"type":"Point","coordinates":[-81.530044,41.443908]}},{"type":"Feature","properties":{"id":"irn:6429","name":"Clark School","sector":"public","kind":"district","district_irn":43786,"district":"Cleveland Municipal","address":"2121 W 67th St Cleveland, OH 44102","grades":"PK-8","grades_guessed":false,"lo":0,"hi":8,"elem":1,"mid":1,"high":0,"enrollment":637,"pct_white":11.3,"pct_black":24.2,"pct_hispanic":61.1,"pct_asian":0,"pct_multi":3.1,"pct_other":0,"econ_dis_pct":100,"attendance":92.2,"chronic_abs":27.3,"stars_overall":4.5,"stars_achievement":3,"pi_pct":75,"stars_progress":5,"stars_gap":5,"stars_early_lit":3,"grad4":null,"stars_ccwmr":null,"affiliation":null,"st_ratio":null,"tuition_low":null,"tuition_high":null,"tuition_year":null,"tuition_basis":null,"edchoice":null,"tuition_source":null,"tuition_status":null,"tuition_notes":null,"demo_year":"2024-25","faith":"secular","website":null,"district_website":"https://www.clevelandmetroschools.org/"},"geometry":{"type":"Point","coordinates":[-81.73127,41.47335]}},{"type":"Feature","properties":{"id":"irn:302","name":"Summit Academy Community School - Parma","sector":"public","kind":"charter","district_irn":null,"district":null,"address":"5868 Stumph Rd Parma, OH 44130","grades":"8-11","grades_guessed":false,"lo":8,"hi":11,"elem":0,"mid":1,"high":1,"enrollment":92,"pct_white":54.3,"pct_black":15.8,"pct_hispanic":23,"pct_asian":0,"pct_multi":0,"pct_other":0,"econ_dis_pct":100,"attendance":81.9,"chronic_abs":68.2,"stars_overall":2.5,"stars_achievement":1,"pi_pct":43.1,"stars_progress":3,"stars_gap":1,"stars_early_lit":null,"grad4":91.7,"stars_ccwmr":3,"affiliation":null,"st_ratio":null,"tuition_low":null,"tuition_high":null,"tuition_year":null,"tuition_basis":null,"edchoice":null,"tuition_source":null,"tuition_status":null,"tuition_notes":null,"demo_year":"2024-25","faith":"secular","website":"https://summitacademies.org/parma","district_website":null},"geometry":{"type":"Point","coordinates":[-81.769195,41.40322]}},{"type":"Feature","properties":{"id":"irn:7995","name":"Cleveland Arts and Social Sciences Academy","sector":"public","kind":"charter","district_irn":null,"district":null,"address":"10701 Shaker Blvd Cleveland, OH 44104","grades":"K-8","grades_guessed":false,"lo":0,"hi":8,"elem":1,"mid":1,"high":0,"enrollment":365,"pct_white":0,"pct_black":91.2,"pct_hispanic":0,"pct_asian":0,"pct_multi":2.9,"pct_other":0,"econ_dis_pct":100,"attendance":87,"chronic_abs":48.1,"stars_overall":4.5,"stars_achievement":4,"pi_pct":83.4,"stars_progress":5,"stars_gap":5,"stars_early_lit":2,"grad4":null,"stars_ccwmr":null,"affiliation":null,"st_ratio":null,"tuition_low":null,"tuition_high":null,"tuition_year":null,"tuition_basis":null,"edchoice":null,"tuition_source":null,"tuition_status":null,"tuition_notes":null,"demo_year":"2024-25","faith":"secular","website":"https://clevelandartsocsci.org/","district_website":null},"geometry":{"type":"Point","coordinates":[-81.61129,41.48415]}},{"type":"Feature","properties":{"id":"irn:11533","name":"Horizon Science Academy Lorain","sector":"public","kind":"charter","district_irn":null,"district":null,"address":"760 Tower Blvd Lorain, OH 44052","grades":"K-12","grades_guessed":false,"lo":0,"hi":12,"elem":1,"mid":1,"high":1,"enrollment":823,"pct_white":18.6,"pct_black":19.2,"pct_hispanic":50.8,"pct_asian":0,"pct_multi":11.2,"pct_other":0,"econ_dis_pct":100,"attendance":92.2,"chronic_abs":27.6,"stars_overall":3.5,"stars_achievement":2,"pi_pct":61.5,"stars_progress":4,"stars_gap":4,"stars_early_lit":1,"grad4":100,"stars_ccwmr":1,"affiliation":null,"st_ratio":null,"tuition_low":null,"tuition_high":null,"tuition_year":null,"tuition_basis":null,"edchoice":null,"tuition_source":null,"tuition_status":null,"tuition_notes":null,"demo_year":"2024-25","faith":"secular","website":"https://www.horizonlorain.org/","district_website":null},"geometry":{"type":"Point","coordinates":[-82.17752,41.43763]}},{"type":"Feature","properties":{"id":"irn:12030","name":"Near West Intergenerational School","sector":"public","kind":"charter","district_irn":null,"district":null,"address":"3805 Terrett Ave Cleveland, OH 44113","grades":"K-8","grades_guessed":false,"lo":0,"hi":8,"elem":1,"mid":1,"high":0,"enrollment":212,"pct_white":35.9,"pct_black":35.4,"pct_hispanic":23.5,"pct_asian":0,"pct_multi":0,"pct_other":0,"econ_dis_pct":100,"attendance":92.1,"chronic_abs":23.4,"stars_overall":4.5,"stars_achievement":4,"pi_pct":80.9,"stars_progress":4,"stars_gap":5,"stars_early_lit":3,"grad4":null,"stars_ccwmr":null,"affiliation":null,"st_ratio":null,"tuition_low":null,"tuition_high":null,"tuition_year":null,"tuition_basis":null,"edchoice":null,"tuition_source":null,"tuition_status":null,"tuition_notes":null,"demo_year":"2024-25","faith":"secular","website":"https://igschools.org/about/our-campuses/nearwest/","district_website":null},"geometry":{"type":"Point","coordinates":[-81.71504,41.48446]}},{"type":"Feature","properties":{"id":"irn:12671","name":"Constellation Schools: Eastside Arts Academy","sector":"public","kind":"charter","district_irn":null,"district":null,"address":"6700 Lansing Ave Cleveland, OH 44105","grades":"K-8","grades_guessed":false,"lo":0,"hi":8,"elem":1,"mid":1,"high":0,"enrollment":149,"pct_white":16.4,"pct_black":58.2,"pct_hispanic":13.2,"pct_asian":0,"pct_multi":10.6,"pct_other":0,"econ_dis_pct":100,"attendance":89.6,"chronic_abs":43,"stars_overall":3,"stars_achievement":2,"pi_pct":58.2,"stars_progress":3,"stars_gap":4,"stars_early_lit":1,"grad4":null,"stars_ccwmr":null,"affiliation":null,"st_ratio":null,"tuition_low":null,"tuition_high":null,"tuition_year":null,"tuition_basis":null,"edchoice":null,"tuition_source":null,"tuition_status":null,"tuition_notes":null,"demo_year":"2024-25","faith":"secular","website":"https://constellationschools.com/locations/eastside-arts/","district_website":null},"geometry":{"type":"Point","coordinates":[-81.642525,41.452145]}},{"type":"Feature","properties":{"id":"irn:133322","name":"Summit Academy Community School Alternative Learners-Lorain","sector":"public","kind":"charter","district_irn":null,"district":null,"address":"346 Illinois Ave Lorain, OH 44052","grades":"3-7","grades_guessed":false,"lo":3,"hi":7,"elem":1,"mid":1,"high":0,"enrollment":69,"pct_white":56.6,"pct_black":0,"pct_hispanic":26,"pct_asian":0,"pct_multi":0,"pct_other":0,"econ_dis_pct":100,"attendance":83,"chronic_abs":65.5,"stars_overall":2,"stars_achievement":1,"pi_pct":35.5,"stars_progress":3,"stars_gap":1,"stars_early_lit":1,"grad4":null,"stars_ccwmr":null,"affiliation":null,"st_ratio":null,"tuition_low":null,"tuition_high":null,"tuition_year":null,"tuition_basis":null,"edchoice":null,"tuition_source":null,"tuition_status":null,"tuition_notes":null,"demo_year":"2024-25","faith":"secular","website":"https://summitacademies.org/lorain","district_website":null},"geometry":{"type":"Point","coordinates":[-82.162176,41.471824]}},{"type":"Feature","properties":{"id":"irn:147231","name":"Schnee Learning Center","sector":"public","kind":"charter","district_irn":null,"district":null,"address":"2222 Issaquah St Cuyahoga Falls, OH 44221","grades":"11-12","grades_guessed":false,"lo":11,"hi":12,"elem":0,"mid":0,"high":1,"enrollment":75,"pct_white":73.2,"pct_black":0,"pct_hispanic":0,"pct_asian":0,"pct_multi":0,"pct_other":0,"econ_dis_pct":73.6,"attendance":59,"chronic_abs":92.8,"stars_overall":1.5,"stars_achievement":1,"pi_pct":49.6,"stars_progress":null,"stars_gap":1,"stars_early_lit":null,"grad4":57.1,"stars_ccwmr":null,"affiliation":null,"st_ratio":null,"tuition_low":null,"tuition_high":null,"tuition_year":null,"tuition_basis":null,"edchoice":null,"tuition_source":null,"tuition_status":null,"tuition_notes":null,"demo_year":"2024-25","faith":"secular","website":"https://www.schneelearningcenter.org/","district_website":null},"geometry":{"type":"Point","coordinates":[-81.453597,41.13732]}},{"type":"Feature","properties":{"id":"irn:133215","name":"Intergenerational School, The","sector":"public","kind":"charter","district_irn":null,"district":null,"address":"11327 Shaker Blvd Ste 200 E. Cleveland, OH 44104","grades":"K-8","grades_guessed":false,"lo":0,"hi":8,"elem":1,"mid":1,"high":0,"enrollment":225,"pct_white":0,"pct_black":90.2,"pct_hispanic":0,"pct_asian":0,"pct_multi":4.7,"pct_other":0,"econ_dis_pct":100,"attendance":89.7,"chronic_abs":34.2,"stars_overall":2.5,"stars_achievement":2,"pi_pct":52.6,"stars_progress":2,"stars_gap":3,"stars_early_lit":2,"grad4":null,"stars_ccwmr":null,"affiliation":null,"st_ratio":null,"tuition_low":null,"tuition_high":null,"tuition_year":null,"tuition_basis":null,"edchoice":null,"tuition_source":null,"tuition_status":null,"tuition_notes":null,"demo_year":"2024-25","faith":"secular","website":"https://igschools.org/about/our-campuses/east/","district_website":null},"geometry":{"type":"Point","coordinates":[-81.606426,41.484408]}},{"type":"Feature","properties":{"id":"irn:19910","name":"Brecksville-Broadview Heights Elementary School","sector":"public","kind":"district","district_irn":43646,"district":"Brecksville-Broadview Heights City","address":"3500 Oakes Rd Brecksville, OH 44141","grades":"PK-5","grades_guessed":false,"lo":0,"hi":5,"elem":1,"mid":0,"high":0,"enrollment":1700,"pct_white":84.2,"pct_black":2.1,"pct_hispanic":4,"pct_asian":4.8,"pct_multi":4.9,"pct_other":0,"econ_dis_pct":15.6,"attendance":95.1,"chronic_abs":6.9,"stars_overall":4.5,"stars_achievement":5,"pi_pct":95,"stars_progress":3,"stars_gap":5,"stars_early_lit":5,"grad4":null,"stars_ccwmr":null,"affiliation":null,"st_ratio":null,"tuition_low":null,"tuition_high":null,"tuition_year":null,"tuition_basis":null,"edchoice":null,"tuition_source":null,"tuition_status":null,"tuition_notes":null,"demo_year":"2024-25","faith":"secular","website":null,"district_website":"https://www.bbhcsd.org/"},"geometry":{"type":"Point","coordinates":[-81.664874,41.307654]}},{"type":"Feature","properties":{"id":"irn:17535","name":"Huber Heights Preparatory Academy dba Parma Academy","sector":"public","kind":"charter","district_irn":null,"district":null,"address":"12925 Corporate Dr Parma, OH 44130","grades":"K-3","grades_guessed":false,"lo":0,"hi":3,"elem":1,"mid":0,"high":0,"enrollment":156,"pct_white":43.6,"pct_black":21.9,"pct_hispanic":24.5,"pct_asian":0,"pct_multi":6.6,"pct_other":0,"econ_dis_pct":99.8,"attendance":89.8,"chronic_abs":37.8,"stars_overall":3,"stars_achievement":2,"pi_pct":68.2,"stars_progress":null,"stars_gap":5,"stars_early_lit":2,"grad4":null,"stars_ccwmr":null,"affiliation":null,"st_ratio":null,"tuition_low":null,"tuition_high":null,"tuition_year":null,"tuition_basis":null,"edchoice":null,"tuition_source":null,"tuition_status":null,"tuition_notes":null,"demo_year":"2024-25","faith":"secular","website":"https://parmaacademy.org/","district_website":null},"geometry":{"type":"Point","coordinates":[-81.7815,41.40801]}},{"type":"Feature","properties":{"id":"irn:20186","name":"Lorain Preparatory High School","sector":"public","kind":"charter","district_irn":null,"district":null,"address":"2702 Elyria Ave Lorain, OH 44055","grades":"9-12","grades_guessed":false,"lo":9,"hi":12,"elem":0,"mid":0,"high":1,"enrollment":104,"pct_white":27.5,"pct_black":20.2,"pct_hispanic":43.6,"pct_asian":0,"pct_multi":0,"pct_other":0,"econ_dis_pct":100,"attendance":74.1,"chronic_abs":83.3,"stars_overall":2,"stars_achievement":1,"pi_pct":41.9,"stars_progress":1,"stars_gap":2,"stars_early_lit":null,"grad4":null,"stars_ccwmr":null,"affiliation":null,"st_ratio":null,"tuition_low":null,"tuition_high":null,"tuition_year":null,"tuition_basis":null,"edchoice":null,"tuition_source":null,"tuition_status":null,"tuition_notes":null,"demo_year":"2024-25","faith":"secular","website":"https://lorainprephs.org/","district_website":null},"geometry":{"type":"Point","coordinates":[-82.16229,41.44577]}},{"type":"Feature","properties":{"id":"irn:298","name":"Summit Academy Secondary - Akron","sector":"public","kind":"charter","district_irn":null,"district":null,"address":"464 S Hawkins Ave Akron, OH 44320","grades":"9-11","grades_guessed":false,"lo":9,"hi":11,"elem":0,"mid":0,"high":1,"enrollment":58,"pct_white":50.1,"pct_black":40.2,"pct_hispanic":0,"pct_asian":0,"pct_multi":0,"pct_other":0,"econ_dis_pct":100,"attendance":86.1,"chronic_abs":53.7,"stars_overall":2.5,"stars_achievement":1,"pi_pct":49.5,"stars_progress":3,"stars_gap":2,"stars_early_lit":null,"grad4":93.3,"stars_ccwmr":3,"affiliation":null,"st_ratio":null,"tuition_low":null,"tuition_high":null,"tuition_year":null,"tuition_basis":null,"edchoice":null,"tuition_source":null,"tuition_status":null,"tuition_notes":null,"demo_year":"2024-25","faith":"secular","website":"https://summitacademies.org/akron-secondary","district_website":null},"geometry":{"type":"Point","coordinates":[-81.570259,41.096914]}},{"type":"Feature","properties":{"id":"irn:13147","name":"STEAM Academy of Warrensville Heights","sector":"public","kind":"charter","district_irn":null,"district":null,"address":"4700 Richmond Rd Ste 3000 Warrensville Heights, OH 44128","grades":"K-8","grades_guessed":false,"lo":0,"hi":8,"elem":1,"mid":1,"high":0,"enrollment":342,"pct_white":0,"pct_black":96.1,"pct_hispanic":0,"pct_asian":0,"pct_multi":0,"pct_other":0,"econ_dis_pct":99.9,"attendance":84,"chronic_abs":61.3,"stars_overall":4,"stars_achievement":2,"pi_pct":66.5,"stars_progress":5,"stars_gap":5,"stars_early_lit":2,"grad4":null,"stars_ccwmr":null,"affiliation":null,"st_ratio":null,"tuition_low":null,"tuition_high":null,"tuition_year":null,"tuition_basis":null,"edchoice":null,"tuition_source":null,"tuition_status":null,"tuition_notes":null,"demo_year":"2024-25","faith":"secular","website":"https://steamwarrensville.org/","district_website":null},"geometry":{"type":"Point","coordinates":[-81.498061,41.432412]}},{"type":"Feature","properties":{"id":"irn:12684","name":"Broadway Academy","sector":"public","kind":"charter","district_irn":null,"district":null,"address":"5004 Glazier Ave Cleveland, OH 44127","grades":"K-8","grades_guessed":false,"lo":0,"hi":8,"elem":1,"mid":1,"high":0,"enrollment":448,"pct_white":0,"pct_black":90.8,"pct_hispanic":4.6,"pct_asian":0,"pct_multi":3.1,"pct_other":0,"econ_dis_pct":100,"attendance":82.5,"chronic_abs":66.2,"stars_overall":4,"stars_achievement":3,"pi_pct":70.5,"stars_progress":5,"stars_gap":5,"stars_early_lit":1,"grad4":null,"stars_ccwmr":null,"affiliation":null,"st_ratio":null,"tuition_low":null,"tuition_high":null,"tuition_year":null,"tuition_basis":null,"edchoice":null,"tuition_source":null,"tuition_status":null,"tuition_notes":null,"demo_year":"2024-25","faith":"secular","website":"https://acabroadway.com/","district_website":null},"geometry":{"type":"Point","coordinates":[-81.65627,41.47538]}},{"type":"Feature","properties":{"id":"irn:13034","name":"Village Preparatory School Woodland Hills","sector":"public","kind":"charter","district_irn":null,"district":null,"address":"9201 Crane Ave Cleveland, OH 44105","grades":"K-7","grades_guessed":false,"lo":0,"hi":7,"elem":1,"mid":1,"high":0,"enrollment":492,"pct_white":0,"pct_black":95.5,"pct_hispanic":0,"pct_asian":0,"pct_multi":2.7,"pct_other":0,"econ_dis_pct":100,"attendance":85.8,"chronic_abs":58.1,"stars_overall":2.5,"stars_achievement":1,"pi_pct":45.6,"stars_progress":3,"stars_gap":2,"stars_early_lit":1,"grad4":null,"stars_ccwmr":null,"affiliation":null,"st_ratio":null,"tuition_low":null,"tuition_high":null,"tuition_year":null,"tuition_basis":null,"edchoice":null,"tuition_source":null,"tuition_status":null,"tuition_notes":null,"demo_year":"2024-25","faith":"secular","website":"https://breakthroughschools.org/breakthrough-woodland-hills/","district_website":null},"geometry":{"type":"Point","coordinates":[-81.62229,41.46289]}},{"type":"Feature","properties":{"id":"irn:15712","name":"Euclid Preparatory School","sector":"public","kind":"charter","district_irn":null,"district":null,"address":"23001 Euclid Ave Euclid, OH 44117","grades":"K-8","grades_guessed":false,"lo":0,"hi":8,"elem":1,"mid":1,"high":0,"enrollment":371,"pct_white":0,"pct_black":92.6,"pct_hispanic":0,"pct_asian":0,"pct_multi":4.3,"pct_other":0,"econ_dis_pct":100,"attendance":82.9,"chronic_abs":62.4,"stars_overall":2.5,"stars_achievement":1,"pi_pct":45.6,"stars_progress":3,"stars_gap":2,"stars_early_lit":1,"grad4":null,"stars_ccwmr":null,"affiliation":null,"st_ratio":null,"tuition_low":null,"tuition_high":null,"tuition_year":null,"tuition_basis":null,"edchoice":null,"tuition_source":null,"tuition_status":null,"tuition_notes":null,"demo_year":"2024-25","faith":"secular","website":"https://euclidprep.org/","district_website":null},"geometry":{"type":"Point","coordinates":[-81.521546,41.574266]}},{"type":"Feature","properties":{"id":"irn:132779","name":"Summit Academy Akron Middle School","sector":"public","kind":"charter","district_irn":null,"district":null,"address":"2791 Mogadore Rd Akron, OH 44312","grades":"6-8","grades_guessed":false,"lo":6,"hi":8,"elem":0,"mid":1,"high":0,"enrollment":71,"pct_white":46.3,"pct_black":32.9,"pct_hispanic":0,"pct_asian":0,"pct_multi":16.5,"pct_other":0,"econ_dis_pct":100,"attendance":88.9,"chronic_abs":37.5,"stars_overall":2.5,"stars_achievement":1,"pi_pct":47.6,"stars_progress":3,"stars_gap":2,"stars_early_lit":null,"grad4":null,"stars_ccwmr":null,"affiliation":null,"st_ratio":null,"tuition_low":null,"tuition_high":null,"tuition_year":null,"tuition_basis":null,"edchoice":null,"tuition_source":null,"tuition_status":null,"tuition_notes":null,"demo_year":"2024-25","faith":"secular","website":"https://summitacademies.org/akron-middle","district_website":null},"geometry":{"type":"Point","coordinates":[-81.430278,41.058833]}},{"type":"Feature","properties":{"id":"irn:133835","name":"Invictus High School","sector":"public","kind":"charter","district_irn":null,"district":null,"address":"3122 Euclid Ave Cleveland, OH 44115","grades":"9-12","grades_guessed":false,"lo":9,"hi":12,"elem":0,"mid":0,"high":1,"enrollment":326,"pct_white":4.5,"pct_black":92,"pct_hispanic":0,"pct_asian":0,"pct_multi":0,"pct_other":0,"econ_dis_pct":100,"attendance":33.8,"chronic_abs":99.9,"stars_overall":2,"stars_achievement":1,"pi_pct":38.3,"stars_progress":3,"stars_gap":1,"stars_early_lit":null,"grad4":42.4,"stars_ccwmr":null,"affiliation":null,"st_ratio":null,"tuition_low":null,"tuition_high":null,"tuition_year":null,"tuition_basis":null,"edchoice":null,"tuition_source":null,"tuition_status":null,"tuition_notes":null,"demo_year":"2024-25","faith":"secular","website":"https://www.invictushighschool.org/","district_website":null},"geometry":{"type":"Point","coordinates":[-81.6658,41.50215]}},{"type":"Feature","properties":{"id":"irn:134098","name":"Constellation Schools: Old Brooklyn Community Elementary","sector":"public","kind":"charter","district_irn":null,"district":null,"address":"4430 State Rd Cleveland, OH 44109","grades":"K-4","grades_guessed":false,"lo":0,"hi":4,"elem":1,"mid":0,"high":0,"enrollment":360,"pct_white":33.2,"pct_black":23,"pct_hispanic":36.9,"pct_asian":0,"pct_multi":6.5,"pct_other":0,"econ_dis_pct":99.9,"attendance":87.1,"chronic_abs":55.3,"stars_overall":2,"stars_achievement":1,"pi_pct":48.5,"stars_progress":3,"stars_gap":1,"stars_early_lit":1,"grad4":null,"stars_ccwmr":null,"affiliation":null,"st_ratio":null,"tuition_low":null,"tuition_high":null,"tuition_year":null,"tuition_basis":null,"edchoice":null,"tuition_source":null,"tuition_status":null,"tuition_notes":null,"demo_year":"2024-25","faith":"secular","website":"https://constellationschools.com/old-brooklyn-elementary/","district_website":null},"geometry":{"type":"Point","coordinates":[-81.7074,41.43396]}},{"type":"Feature","properties":{"id":"irn:142968","name":"Hope Academy Northcoast Campus","sector":"public","kind":"charter","district_irn":null,"district":null,"address":"4310 E 71st St Cleveland, OH 44105","grades":"K-8","grades_guessed":false,"lo":0,"hi":8,"elem":1,"mid":1,"high":0,"enrollment":173,"pct_white":16.3,"pct_black":74.6,"pct_hispanic":6.1,"pct_asian":0,"pct_multi":0,"pct_other":0,"econ_dis_pct":99.9,"attendance":82.9,"chronic_abs":66.2,"stars_overall":3,"stars_achievement":1,"pi_pct":49.9,"stars_progress":4,"stars_gap":3,"stars_early_lit":1,"grad4":null,"stars_ccwmr":null,"affiliation":null,"st_ratio":null,"tuition_low":null,"tuition_high":null,"tuition_year":null,"tuition_basis":null,"edchoice":null,"tuition_source":null,"tuition_status":null,"tuition_notes":null,"demo_year":"2024-25","faith":"secular","website":"https://northstarclev.org/","district_website":null},"geometry":{"type":"Point","coordinates":[-81.63978,41.44153]}},{"type":"Feature","properties":{"id":"irn:14187","name":"East Academy","sector":"public","kind":"charter","district_irn":null,"district":null,"address":"15720 Kipling Ave Cleveland, OH 44110","grades":"K-8","grades_guessed":false,"lo":0,"hi":8,"elem":1,"mid":1,"high":0,"enrollment":205,"pct_white":0,"pct_black":90,"pct_hispanic":0,"pct_asian":0,"pct_multi":5.3,"pct_other":0,"econ_dis_pct":100,"attendance":80.7,"chronic_abs":67.2,"stars_overall":2,"stars_achievement":1,"pi_pct":42.7,"stars_progress":2,"stars_gap":2,"stars_early_lit":1,"grad4":null,"stars_ccwmr":null,"affiliation":null,"st_ratio":null,"tuition_low":null,"tuition_high":null,"tuition_year":null,"tuition_basis":null,"edchoice":null,"tuition_source":null,"tuition_status":null,"tuition_notes":null,"demo_year":"2024-25","faith":"secular","website":"https://acaeast.com/","district_website":null},"geometry":{"type":"Point","coordinates":[-81.568283,41.555036]}},{"type":"Feature","properties":{"id":"irn:14189","name":"West Park Bilingual Academy","sector":"public","kind":"charter","district_irn":null,"district":null,"address":"12913 Bennington Ave Cleveland, OH 44135","grades":"K-8","grades_guessed":false,"lo":0,"hi":8,"elem":1,"mid":1,"high":0,"enrollment":209,"pct_white":10,"pct_black":36.8,"pct_hispanic":42.2,"pct_asian":0,"pct_multi":10.1,"pct_other":0,"econ_dis_pct":100,"attendance":82.7,"chronic_abs":61.2,"stars_overall":3,"stars_achievement":1,"pi_pct":43.4,"stars_progress":4,"stars_gap":3,"stars_early_lit":1,"grad4":null,"stars_ccwmr":null,"affiliation":null,"st_ratio":null,"tuition_low":null,"tuition_high":null,"tuition_year":null,"tuition_basis":null,"edchoice":null,"tuition_source":null,"tuition_status":null,"tuition_notes":null,"demo_year":"2024-25","faith":"secular","website":"https://acawestpark.com/","district_website":null},"geometry":{"type":"Point","coordinates":[-81.77929,41.426671]}},{"type":"Feature","properties":{"id":"irn:21456","name":"Ginn-Thompson School for Girls","sector":"public","kind":"charter","district_irn":null,"district":null,"address":"3030 Euclid Ave Cleveland, OH 44115","grades":"9-9","grades_guessed":false,"lo":9,"hi":9,"elem":0,"mid":0,"high":1,"enrollment":26,"pct_white":0,"pct_black":95.3,"pct_hispanic":0,"pct_asian":0,"pct_multi":0,"pct_other":0,"econ_dis_pct":83.1,"attendance":81.9,"chronic_abs":86.9,"stars_overall":2.5,"stars_achievement":2,"pi_pct":65.2,"stars_progress":null,"stars_gap":2,"stars_early_lit":null,"grad4":null,"stars_ccwmr":null,"affiliation":null,"st_ratio":null,"tuition_low":null,"tuition_high":null,"tuition_year":null,"tuition_basis":null,"edchoice":null,"tuition_source":null,"tuition_status":null,"tuition_notes":null,"demo_year":"2024-25","faith":"secular","website":"https://thompsonschoolforgirls.org/","district_website":null},"geometry":{"type":"Point","coordinates":[-81.66674,41.5022]}},{"type":"Feature","properties":{"id":"irn:20092","name":"Sheffield Academy","sector":"public","kind":"charter","district_irn":null,"district":null,"address":"2180 Lake Breeze Rd Sheffield Village, OH 44054","grades":"K-6","grades_guessed":false,"lo":0,"hi":6,"elem":1,"mid":1,"high":0,"enrollment":186,"pct_white":47.2,"pct_black":14.8,"pct_hispanic":26.7,"pct_asian":0,"pct_multi":9.8,"pct_other":0,"econ_dis_pct":100,"attendance":86.8,"chronic_abs":52.9,"stars_overall":3,"stars_achievement":2,"pi_pct":66.8,"stars_progress":3,"stars_gap":4,"stars_early_lit":1,"grad4":null,"stars_ccwmr":null,"affiliation":null,"st_ratio":null,"tuition_low":null,"tuition_high":null,"tuition_year":null,"tuition_basis":null,"edchoice":null,"tuition_source":null,"tuition_status":null,"tuition_notes":null,"demo_year":"2024-25","faith":"secular","website":"https://sheffieldacademy.org/","district_website":null},"geometry":{"type":"Point","coordinates":[-82.113757,41.463253]}},{"type":"Feature","properties":{"id":"irn:321","name":"Constellation Schools: Old Brooklyn Community Middle","sector":"public","kind":"charter","district_irn":null,"district":null,"address":"4430 State Rd Cleveland, OH 44109","grades":"5-8","grades_guessed":false,"lo":5,"hi":8,"elem":1,"mid":1,"high":0,"enrollment":269,"pct_white":37.9,"pct_black":19.2,"pct_hispanic":34.5,"pct_asian":0,"pct_multi":7.6,"pct_other":0,"econ_dis_pct":99.9,"attendance":85,"chronic_abs":61.7,"stars_overall":2,"stars_achievement":1,"pi_pct":43.2,"stars_progress":2,"stars_gap":1,"stars_early_lit":null,"grad4":null,"stars_ccwmr":null,"affiliation":null,"st_ratio":null,"tuition_low":null,"tuition_high":null,"tuition_year":null,"tuition_basis":null,"edchoice":null,"tuition_source":null,"tuition_status":null,"tuition_notes":null,"demo_year":"2024-25","faith":"secular","website":"https://constellationschools.com/old-brooklyn-middle/","district_website":null},"geometry":{"type":"Point","coordinates":[-81.7074,41.43396]}},{"type":"Feature","properties":{"id":"irn:8278","name":"Noble Academy-Cleveland","sector":"public","kind":"charter","district_irn":null,"district":null,"address":"1200 E 200th St Euclid, OH 44117","grades":"K-8","grades_guessed":false,"lo":0,"hi":8,"elem":1,"mid":1,"high":0,"enrollment":318,"pct_white":0,"pct_black":89.8,"pct_hispanic":0,"pct_asian":0,"pct_multi":5.5,"pct_other":0,"econ_dis_pct":100,"attendance":89.5,"chronic_abs":36.8,"stars_overall":3.5,"stars_achievement":2,"pi_pct":60.8,"stars_progress":4,"stars_gap":5,"stars_early_lit":1,"grad4":null,"stars_ccwmr":null,"affiliation":null,"st_ratio":null,"tuition_low":null,"tuition_high":null,"tuition_year":null,"tuition_basis":null,"edchoice":null,"tuition_source":null,"tuition_status":null,"tuition_notes":null,"demo_year":"2024-25","faith":"secular","website":"https://www.nobleeuclid.org/","district_website":null},"geometry":{"type":"Point","coordinates":[-81.539536,41.57667]}},{"type":"Feature","properties":{"id":"irn:8000","name":"Lorain Preparatory Academy","sector":"public","kind":"charter","district_irn":null,"district":null,"address":"4119 Leavitt Rd Lorain, OH 44053","grades":"K-8","grades_guessed":false,"lo":0,"hi":8,"elem":1,"mid":1,"high":0,"enrollment":427,"pct_white":21,"pct_black":28.9,"pct_hispanic":37.4,"pct_asian":0,"pct_multi":11.5,"pct_other":0,"econ_dis_pct":100,"attendance":85.8,"chronic_abs":51.7,"stars_overall":2,"stars_achievement":2,"pi_pct":52.7,"stars_progress":2,"stars_gap":2,"stars_early_lit":2,"grad4":null,"stars_ccwmr":null,"affiliation":null,"st_ratio":null,"tuition_low":null,"tuition_high":null,"tuition_year":null,"tuition_basis":null,"edchoice":null,"tuition_source":null,"tuition_status":null,"tuition_notes":null,"demo_year":"2024-25","faith":"secular","website":"https://lorainprep.org/","district_website":null},"geometry":{"type":"Point","coordinates":[-82.202255,41.433377]}},{"type":"Feature","properties":{"id":"irn:19220","name":"North Shore High School","sector":"public","kind":"charter","district_irn":null,"district":null,"address":"4744 Turney Rd Garfield Heights, OH 44125","grades":"9-12","grades_guessed":false,"lo":9,"hi":12,"elem":0,"mid":0,"high":1,"enrollment":412,"pct_white":18,"pct_black":73.5,"pct_hispanic":7.8,"pct_asian":0,"pct_multi":0,"pct_other":0,"econ_dis_pct":99.8,"attendance":48.1,"chronic_abs":94.5,"stars_overall":1.5,"stars_achievement":1,"pi_pct":43.9,"stars_progress":1,"stars_gap":2,"stars_early_lit":null,"grad4":42.2,"stars_ccwmr":null,"affiliation":null,"st_ratio":null,"tuition_low":null,"tuition_high":null,"tuition_year":null,"tuition_basis":null,"edchoice":null,"tuition_source":null,"tuition_status":null,"tuition_notes":null,"demo_year":"2024-25","faith":"secular","website":"https://www.nshighschool.com/","district_website":null},"geometry":{"type":"Point","coordinates":[-81.616598,41.431037]}},{"type":"Feature","properties":{"id":"irn:14121","name":"Imagine Leadership Academy","sector":"public","kind":"charter","district_irn":null,"district":null,"address":"2405 Romig Rd Akron, OH 44320","grades":"1-6","grades_guessed":false,"lo":1,"hi":6,"elem":1,"mid":1,"high":0,"enrollment":144,"pct_white":0,"pct_black":87.8,"pct_hispanic":0,"pct_asian":0,"pct_multi":0,"pct_other":0,"econ_dis_pct":100,"attendance":91,"chronic_abs":31.8,"stars_overall":3.5,"stars_achievement":2,"pi_pct":60.7,"stars_progress":4,"stars_gap":5,"stars_early_lit":1,"grad4":null,"stars_ccwmr":null,"affiliation":null,"st_ratio":null,"tuition_low":null,"tuition_high":null,"tuition_year":null,"tuition_basis":null,"edchoice":null,"tuition_source":null,"tuition_status":null,"tuition_notes":null,"demo_year":"2024-25","faith":"secular","website":"https://www.imagineleadershipacademy.org/","district_website":null},"geometry":{"type":"Point","coordinates":[-81.578872,41.048749]}},{"type":"Feature","properties":{"id":"irn:14147","name":"East Preparatory Academy","sector":"public","kind":"charter","district_irn":null,"district":null,"address":"4129 Superior Ave Cleveland, OH 44103","grades":"K-8","grades_guessed":false,"lo":0,"hi":8,"elem":1,"mid":1,"high":0,"enrollment":206,"pct_white":0,"pct_black":87.6,"pct_hispanic":0,"pct_asian":0,"pct_multi":6.5,"pct_other":0,"econ_dis_pct":100,"attendance":83.1,"chronic_abs":67.8,"stars_overall":2.5,"stars_achievement":2,"pi_pct":51.2,"stars_progress":3,"stars_gap":2,"stars_early_lit":1,"grad4":null,"stars_ccwmr":null,"affiliation":null,"st_ratio":null,"tuition_low":null,"tuition_high":null,"tuition_year":null,"tuition_basis":null,"edchoice":null,"tuition_source":null,"tuition_status":null,"tuition_notes":null,"demo_year":"2024-25","faith":"secular","website":"https://www.eastprep.org/","district_website":null},"geometry":{"type":"Point","coordinates":[-81.66053,41.51478]}},{"type":"Feature","properties":{"id":"irn:12541","name":"University of Cleveland Preparatory School","sector":"public","kind":"charter","district_irn":null,"district":null,"address":"1906 E 40th St Cleveland, OH 44103","grades":"K-8","grades_guessed":false,"lo":0,"hi":8,"elem":1,"mid":1,"high":0,"enrollment":146,"pct_white":0,"pct_black":90.1,"pct_hispanic":0,"pct_asian":0,"pct_multi":0,"pct_other":0,"econ_dis_pct":99.8,"attendance":78.6,"chronic_abs":67,"stars_overall":3,"stars_achievement":1,"pi_pct":42.4,"stars_progress":4,"stars_gap":4,"stars_early_lit":1,"grad4":null,"stars_ccwmr":null,"affiliation":null,"st_ratio":null,"tuition_low":null,"tuition_high":null,"tuition_year":null,"tuition_basis":null,"edchoice":null,"tuition_source":null,"tuition_status":null,"tuition_notes":null,"demo_year":"2024-25","faith":"secular","website":"https://uniclevelandprep.org/","district_website":null},"geometry":{"type":"Point","coordinates":[-81.65896,41.50596]}},{"type":"Feature","properties":{"id":"irn:132951","name":"Constellation Schools: Lorain Community Elementary","sector":"public","kind":"charter","district_irn":null,"district":null,"address":"1110 W 4th St Lorain, OH 44052","grades":"K-4","grades_guessed":false,"lo":0,"hi":4,"elem":1,"mid":0,"high":0,"enrollment":87,"pct_white":29.7,"pct_black":27.9,"pct_hispanic":36.6,"pct_asian":0,"pct_multi":0,"pct_other":0,"econ_dis_pct":100,"attendance":87.4,"chronic_abs":47.8,"stars_overall":2,"stars_achievement":1,"pi_pct":37.8,"stars_progress":1,"stars_gap":3,"stars_early_lit":1,"grad4":null,"stars_ccwmr":null,"affiliation":null,"st_ratio":null,"tuition_low":null,"tuition_high":null,"tuition_year":null,"tuition_basis":null,"edchoice":null,"tuition_source":null,"tuition_status":null,"tuition_notes":null,"demo_year":"2024-25","faith":"secular","website":"https://constellationschools.com/lorain-elementary/","district_website":null},"geometry":{"type":"Point","coordinates":[-82.182617,41.466311]}},{"type":"Feature","properties":{"id":"irn:133629","name":"Horizon Science Acad Cleveland","sector":"public","kind":"charter","district_irn":null,"district":null,"address":"6000 S Marginal Rd Cleveland, OH 44103","grades":"9-12","grades_guessed":false,"lo":9,"hi":12,"elem":0,"mid":0,"high":1,"enrollment":290,"pct_white":0,"pct_black":90.3,"pct_hispanic":3.5,"pct_asian":0,"pct_multi":0,"pct_other":0,"econ_dis_pct":100,"attendance":86.7,"chronic_abs":57.3,"stars_overall":3,"stars_achievement":2,"pi_pct":57.6,"stars_progress":4,"stars_gap":2,"stars_early_lit":null,"grad4":90,"stars_ccwmr":3,"affiliation":null,"st_ratio":null,"tuition_low":null,"tuition_high":null,"tuition_year":null,"tuition_basis":null,"edchoice":null,"tuition_source":null,"tuition_status":null,"tuition_notes":null,"demo_year":"2024-25","faith":"secular","website":"https://www.hsas.org/","district_website":null},"geometry":{"type":"Point","coordinates":[-81.64858,41.53092]}},{"type":"Feature","properties":{"id":"irn:134213","name":"Middlebury Academy","sector":"public","kind":"charter","district_irn":null,"district":null,"address":"88 Kent St Akron, OH 44305","grades":"K-8","grades_guessed":false,"lo":0,"hi":8,"elem":1,"mid":1,"high":0,"enrollment":244,"pct_white":4.9,"pct_black":80.7,"pct_hispanic":0,"pct_asian":0,"pct_multi":11.8,"pct_other":0,"econ_dis_pct":100,"attendance":82.6,"chronic_abs":67.9,"stars_overall":2.5,"stars_achievement":1,"pi_pct":49.2,"stars_progress":3,"stars_gap":1,"stars_early_lit":3,"grad4":null,"stars_ccwmr":null,"affiliation":null,"st_ratio":null,"tuition_low":null,"tuition_high":null,"tuition_year":null,"tuition_basis":null,"edchoice":null,"tuition_source":null,"tuition_status":null,"tuition_notes":null,"demo_year":"2024-25","faith":"secular","website":"https://brightwoodacademy.org/","district_website":null},"geometry":{"type":"Point","coordinates":[-81.487995,41.072816]}},{"type":"Feature","properties":{"id":"irn:151183","name":"Lake Erie International High School","sector":"public","kind":"charter","district_irn":null,"district":null,"address":"11650 Detroit Ave Cleveland, OH 44102","grades":"9-12","grades_guessed":false,"lo":9,"hi":12,"elem":0,"mid":0,"high":1,"enrollment":123,"pct_white":22.6,"pct_black":47,"pct_hispanic":22.1,"pct_asian":0,"pct_multi":8.3,"pct_other":0,"econ_dis_pct":100,"attendance":43.1,"chronic_abs":99.2,"stars_overall":1,"stars_achievement":1,"pi_pct":14.7,"stars_progress":null,"stars_gap":1,"stars_early_lit":null,"grad4":46.9,"stars_ccwmr":null,"affiliation":null,"st_ratio":null,"tuition_low":null,"tuition_high":null,"tuition_year":null,"tuition_basis":null,"edchoice":null,"tuition_source":null,"tuition_status":null,"tuition_notes":null,"demo_year":"2024-25","faith":"secular","website":"https://lakeeriehigh.org/","district_website":null},"geometry":{"type":"Point","coordinates":[-81.76852,41.48372]}},{"type":"Feature","properties":{"id":"irn:20076","name":"Solon Academy","sector":"public","kind":"charter","district_irn":null,"district":null,"address":"32800 Solon Rd Solon, OH 44139","grades":"K-1","grades_guessed":false,"lo":0,"hi":1,"elem":1,"mid":0,"high":0,"enrollment":74,"pct_white":0,"pct_black":80.1,"pct_hispanic":0,"pct_asian":0,"pct_multi":0,"pct_other":0,"econ_dis_pct":73.5,"attendance":90.4,"chronic_abs":34.5,"stars_overall":3.5,"stars_achievement":null,"pi_pct":null,"stars_progress":null,"stars_gap":5,"stars_early_lit":1,"grad4":null,"stars_ccwmr":null,"affiliation":null,"st_ratio":null,"tuition_low":null,"tuition_high":null,"tuition_year":null,"tuition_basis":null,"edchoice":null,"tuition_source":null,"tuition_status":null,"tuition_notes":null,"demo_year":"2024-25","faith":"secular","website":"https://solonacademy.org/","district_website":null},"geometry":{"type":"Point","coordinates":[-81.44596,41.3882]}},{"type":"Feature","properties":{"id":"irn:15737","name":"Global Ambassadors Language Academy","sector":"public","kind":"charter","district_irn":null,"district":null,"address":"13442 Lorain Ave Cleveland, OH 44111","grades":"K-8","grades_guessed":false,"lo":0,"hi":8,"elem":1,"mid":1,"high":0,"enrollment":281,"pct_white":14.6,"pct_black":29,"pct_hispanic":47.3,"pct_asian":4.5,"pct_multi":4.6,"pct_other":0,"econ_dis_pct":63.1,"attendance":91.1,"chronic_abs":32.5,"stars_overall":3,"stars_achievement":2,"pi_pct":66.1,"stars_progress":3,"stars_gap":2,"stars_early_lit":2,"grad4":null,"stars_ccwmr":null,"affiliation":null,"st_ratio":null,"tuition_low":null,"tuition_high":null,"tuition_year":null,"tuition_basis":null,"edchoice":null,"tuition_source":null,"tuition_status":null,"tuition_notes":null,"demo_year":"2024-25","faith":"secular","website":"https://www.galacleveland.org/","district_website":null},"geometry":{"type":"Point","coordinates":[-81.784339,41.457067]}},{"type":"Feature","properties":{"id":"irn:20189","name":"Strongsville Academy","sector":"public","kind":"charter","district_irn":null,"district":null,"address":"16000 Foltz Pkwy Strongsville, OH 44149","grades":"K-1","grades_guessed":false,"lo":0,"hi":1,"elem":1,"mid":0,"high":0,"enrollment":62,"pct_white":54.5,"pct_black":0,"pct_hispanic":0,"pct_asian":0,"pct_multi":0,"pct_other":0,"econ_dis_pct":45.3,"attendance":90,"chronic_abs":25.4,"stars_overall":5,"stars_achievement":null,"pi_pct":null,"stars_progress":null,"stars_gap":5,"stars_early_lit":null,"grad4":null,"stars_ccwmr":null,"affiliation":null,"st_ratio":null,"tuition_low":null,"tuition_high":null,"tuition_year":null,"tuition_basis":null,"edchoice":null,"tuition_source":null,"tuition_status":null,"tuition_notes":null,"demo_year":"2024-25","faith":"secular","website":"https://strongsvilleacademy.org/","district_website":null},"geometry":{"type":"Point","coordinates":[-81.87202,41.29805]}},{"type":"Feature","properties":{"id":"irn:20729","name":"AkroTech High School","sector":"public","kind":"charter","district_irn":null,"district":null,"address":"274 Park St. Akron, OH 44304","grades":"9-12","grades_guessed":false,"lo":9,"hi":12,"elem":0,"mid":0,"high":1,"enrollment":63,"pct_white":0,"pct_black":81.1,"pct_hispanic":0,"pct_asian":0,"pct_multi":0,"pct_other":0,"econ_dis_pct":100,"attendance":85.7,"chronic_abs":46.4,"stars_overall":3.5,"stars_achievement":2,"pi_pct":59.9,"stars_progress":4,"stars_gap":3,"stars_early_lit":null,"grad4":null,"stars_ccwmr":null,"affiliation":null,"st_ratio":null,"tuition_low":null,"tuition_high":null,"tuition_year":null,"tuition_basis":null,"edchoice":null,"tuition_source":null,"tuition_status":null,"tuition_notes":null,"demo_year":"2024-25","faith":"secular","website":"https://performanceacademies.com/akrotech-high-school/","district_website":null},"geometry":{"type":"Point","coordinates":[-81.508202,41.082753]}},{"type":"Feature","properties":{"id":"irn:936","name":"Promise Academy","sector":"public","kind":"charter","district_irn":null,"district":null,"address":"1701 E 13th St Cleveland, OH 44114","grades":"9-12","grades_guessed":false,"lo":9,"hi":12,"elem":0,"mid":0,"high":1,"enrollment":104,"pct_white":0,"pct_black":94.9,"pct_hispanic":0,"pct_asian":0,"pct_multi":0,"pct_other":0,"econ_dis_pct":98.6,"attendance":36.5,"chronic_abs":98.6,"stars_overall":1,"stars_achievement":1,"pi_pct":15.7,"stars_progress":null,"stars_gap":1,"stars_early_lit":null,"grad4":16.2,"stars_ccwmr":null,"affiliation":null,"st_ratio":null,"tuition_low":null,"tuition_high":null,"tuition_year":null,"tuition_basis":null,"edchoice":null,"tuition_source":null,"tuition_status":null,"tuition_notes":null,"demo_year":"2024-25","faith":"secular","website":"https://promise-academy.com/","district_website":null},"geometry":{"type":"Point","coordinates":[-81.68417,41.50396]}},{"type":"Feature","properties":{"id":"irn:11381","name":"Greater Summit County Early Learning Center","sector":"public","kind":"charter","district_irn":null,"district":null,"address":"1651 Massillon Rd Akron, OH 44312","grades":"K-4","grades_guessed":false,"lo":0,"hi":4,"elem":1,"mid":0,"high":0,"enrollment":98,"pct_white":66.3,"pct_black":13.3,"pct_hispanic":0,"pct_asian":0,"pct_multi":0,"pct_other":0,"econ_dis_pct":41.5,"attendance":91.9,"chronic_abs":37.3,"stars_overall":4,"stars_achievement":5,"pi_pct":93.3,"stars_progress":3,"stars_gap":3,"stars_early_lit":3,"grad4":null,"stars_ccwmr":null,"affiliation":null,"st_ratio":null,"tuition_low":null,"tuition_high":null,"tuition_year":null,"tuition_basis":null,"edchoice":null,"tuition_source":null,"tuition_status":null,"tuition_notes":null,"demo_year":"2024-25","faith":"secular","website":"https://sites.google.com/scopeacademy.org/main","district_website":null},"geometry":{"type":"Point","coordinates":[-81.462503,41.016304]}},{"type":"Feature","properties":{"id":"irn:12038","name":"Old Brook High School","sector":"public","kind":"charter","district_irn":null,"district":null,"address":"4877 Pearl Rd Cleveland, OH 44109","grades":"9-12","grades_guessed":false,"lo":9,"hi":12,"elem":0,"mid":0,"high":1,"enrollment":478,"pct_white":52,"pct_black":13.4,"pct_hispanic":27.8,"pct_asian":0,"pct_multi":5.5,"pct_other":0,"econ_dis_pct":100,"attendance":48.5,"chronic_abs":98.4,"stars_overall":1.5,"stars_achievement":1,"pi_pct":48.4,"stars_progress":1,"stars_gap":1,"stars_early_lit":null,"grad4":56.4,"stars_ccwmr":null,"affiliation":null,"st_ratio":null,"tuition_low":null,"tuition_high":null,"tuition_year":null,"tuition_basis":null,"edchoice":null,"tuition_source":null,"tuition_status":null,"tuition_notes":null,"demo_year":"2024-25","faith":"secular","website":"http://www.oldbrookhigh.org/","district_website":null},"geometry":{"type":"Point","coordinates":[-81.720505,41.424782]}},{"type":"Feature","properties":{"id":"irn:12043","name":"West Cleveland Drop Back In dba Frederick Douglass High Scho","sector":"public","kind":"charter","district_irn":null,"district":null,"address":"3167 Fulton Rd Cleveland, OH 44109","grades":"9-12","grades_guessed":false,"lo":9,"hi":12,"elem":0,"mid":0,"high":1,"enrollment":556,"pct_white":5.6,"pct_black":63.1,"pct_hispanic":24.6,"pct_asian":0,"pct_multi":6.2,"pct_other":0,"econ_dis_pct":100,"attendance":44,"chronic_abs":97.9,"stars_overall":1.5,"stars_achievement":1,"pi_pct":42.3,"stars_progress":2,"stars_gap":1,"stars_early_lit":null,"grad4":43.3,"stars_ccwmr":null,"affiliation":null,"st_ratio":null,"tuition_low":null,"tuition_high":null,"tuition_year":null,"tuition_basis":null,"edchoice":null,"tuition_source":null,"tuition_status":null,"tuition_notes":null,"demo_year":"2024-25","faith":"secular","website":"http://www.fdhigh.org/","district_website":null},"geometry":{"type":"Point","coordinates":[-81.70717,41.46812]}},{"type":"Feature","properties":{"id":"irn:17270","name":"Lorain Bilingual Preparatory Academy","sector":"public","kind":"charter","district_irn":null,"district":null,"address":"307 W 7th St Lorain, OH 44052","grades":"K-8","grades_guessed":false,"lo":0,"hi":8,"elem":1,"mid":1,"high":0,"enrollment":251,"pct_white":0,"pct_black":22.4,"pct_hispanic":67.4,"pct_asian":0,"pct_multi":5.1,"pct_other":0,"econ_dis_pct":100,"attendance":88.5,"chronic_abs":45.9,"stars_overall":3,"stars_achievement":2,"pi_pct":53,"stars_progress":4,"stars_gap":4,"stars_early_lit":1,"grad4":null,"stars_ccwmr":null,"affiliation":null,"st_ratio":null,"tuition_low":null,"tuition_high":null,"tuition_year":null,"tuition_basis":null,"edchoice":null,"tuition_source":null,"tuition_status":null,"tuition_notes":null,"demo_year":"2024-25","faith":"secular","website":"https://lorainbilingual.org/","district_website":null},"geometry":{"type":"Point","coordinates":[-82.176634,41.463755]}},{"type":"Feature","properties":{"id":"irn:19221","name":"Case Preparatory Academy","sector":"public","kind":"charter","district_irn":null,"district":null,"address":"107 S Arlington St Akron, OH 44306","grades":"K-8","grades_guessed":false,"lo":0,"hi":8,"elem":1,"mid":1,"high":0,"enrollment":302,"pct_white":4.9,"pct_black":86.3,"pct_hispanic":0,"pct_asian":0,"pct_multi":7.7,"pct_other":0,"econ_dis_pct":100,"attendance":81.6,"chronic_abs":71.9,"stars_overall":2.5,"stars_achievement":1,"pi_pct":48.4,"stars_progress":3,"stars_gap":1,"stars_early_lit":2,"grad4":null,"stars_ccwmr":null,"affiliation":null,"st_ratio":null,"tuition_low":null,"tuition_high":null,"tuition_year":null,"tuition_basis":null,"edchoice":null,"tuition_source":null,"tuition_status":null,"tuition_notes":null,"demo_year":"2024-25","faith":"secular","website":"https://caseprepacademy.org/","district_website":null},"geometry":{"type":"Point","coordinates":[-81.489979,41.069081]}},{"type":"Feature","properties":{"id":"irn:132969","name":"Constellation Schools: Elyria Community","sector":"public","kind":"charter","district_irn":null,"district":null,"address":"300 N Abbe Rd Elyria, OH 44035","grades":"K-8","grades_guessed":false,"lo":0,"hi":8,"elem":1,"mid":1,"high":0,"enrollment":400,"pct_white":41.4,"pct_black":27,"pct_hispanic":18.8,"pct_asian":0,"pct_multi":12,"pct_other":0,"econ_dis_pct":100,"attendance":90.1,"chronic_abs":36.9,"stars_overall":2,"stars_achievement":2,"pi_pct":58.4,"stars_progress":2,"stars_gap":1,"stars_early_lit":2,"grad4":null,"stars_ccwmr":null,"affiliation":null,"st_ratio":null,"tuition_low":null,"tuition_high":null,"tuition_year":null,"tuition_basis":null,"edchoice":null,"tuition_source":null,"tuition_status":null,"tuition_notes":null,"demo_year":"2024-25","faith":"secular","website":"https://constellationschools.com/elyria-elementary/","district_website":null},"geometry":{"type":"Point","coordinates":[-82.0782,41.3819]}},{"type":"Feature","properties":{"id":"irn:133280","name":"Washington Park Community School","sector":"public","kind":"charter","district_irn":null,"district":null,"address":"4000 Washington Park Blvd Newburgh Heights, OH 44105","grades":"K-8","grades_guessed":false,"lo":0,"hi":8,"elem":1,"mid":1,"high":0,"enrollment":169,"pct_white":50.1,"pct_black":31.4,"pct_hispanic":0,"pct_asian":0,"pct_multi":12.1,"pct_other":0,"econ_dis_pct":99.9,"attendance":81.6,"chronic_abs":77.1,"stars_overall":3,"stars_achievement":2,"pi_pct":54.5,"stars_progress":4,"stars_gap":3,"stars_early_lit":3,"grad4":null,"stars_ccwmr":null,"affiliation":null,"st_ratio":null,"tuition_low":null,"tuition_high":null,"tuition_year":null,"tuition_basis":null,"edchoice":null,"tuition_source":null,"tuition_status":null,"tuition_notes":null,"demo_year":"2024-25","faith":"secular","website":"https://wpcsoh.org/","district_website":null},"geometry":{"type":"Point","coordinates":[-81.658385,41.449395]}},{"type":"Feature","properties":{"id":"irn:133587","name":"Summit Academy Akron Elementary School","sector":"public","kind":"charter","district_irn":null,"district":null,"address":"2503 Leland Ave Akron, OH 44312","grades":"K-5","grades_guessed":false,"lo":0,"hi":5,"elem":1,"mid":0,"high":0,"enrollment":122,"pct_white":54.9,"pct_black":29.2,"pct_hispanic":0,"pct_asian":0,"pct_multi":9.8,"pct_other":0,"econ_dis_pct":100,"attendance":90.1,"chronic_abs":40.4,"stars_overall":2,"stars_achievement":2,"pi_pct":52.2,"stars_progress":2,"stars_gap":1,"stars_early_lit":1,"grad4":null,"stars_ccwmr":null,"affiliation":null,"st_ratio":null,"tuition_low":null,"tuition_high":null,"tuition_year":null,"tuition_basis":null,"edchoice":null,"tuition_source":null,"tuition_status":null,"tuition_notes":null,"demo_year":"2024-25","faith":"secular","website":"https://summitacademies.org/akron-elementary","district_website":null},"geometry":{"type":"Point","coordinates":[-81.439702,41.048729]}},{"type":"Feature","properties":{"id":"irn:143479","name":"Constellation Schools: Puritas Community Elementary","sector":"public","kind":"charter","district_irn":null,"district":null,"address":"17720 Puritas Ave Cleveland, OH 44135","grades":"K-4","grades_guessed":false,"lo":0,"hi":4,"elem":1,"mid":0,"high":0,"enrollment":115,"pct_white":21.6,"pct_black":34.4,"pct_hispanic":31.5,"pct_asian":0,"pct_multi":0,"pct_other":0,"econ_dis_pct":99.3,"attendance":89.1,"chronic_abs":41.6,"stars_overall":2.5,"stars_achievement":2,"pi_pct":60.3,"stars_progress":2,"stars_gap":4,"stars_early_lit":1,"grad4":null,"stars_ccwmr":null,"affiliation":null,"st_ratio":null,"tuition_low":null,"tuition_high":null,"tuition_year":null,"tuition_basis":null,"edchoice":null,"tuition_source":null,"tuition_status":null,"tuition_notes":null,"demo_year":"2024-25","faith":"secular","website":"https://constellationschools.com/puritas-elementary/","district_website":null},"geometry":{"type":"Point","coordinates":[-81.8208,41.43445]}},{"type":"Feature","properties":{"id":"irn:21445","name":"Steel City High School","sector":"public","kind":"charter","district_irn":null,"district":null,"address":"209 W 4th St Lorain, OH 44052","grades":"9-11","grades_guessed":false,"lo":9,"hi":11,"elem":0,"mid":0,"high":1,"enrollment":97,"pct_white":26.6,"pct_black":25.5,"pct_hispanic":39.1,"pct_asian":0,"pct_multi":0,"pct_other":0,"econ_dis_pct":100,"attendance":61,"chronic_abs":93.1,"stars_overall":1.5,"stars_achievement":1,"pi_pct":46.4,"stars_progress":null,"stars_gap":1,"stars_early_lit":null,"grad4":null,"stars_ccwmr":null,"affiliation":null,"st_ratio":null,"tuition_low":null,"tuition_high":null,"tuition_year":null,"tuition_basis":null,"edchoice":null,"tuition_source":null,"tuition_status":null,"tuition_notes":null,"demo_year":"2024-25","faith":"secular","website":"https://steelcityhigh.org/","district_website":null},"geometry":{"type":"Point","coordinates":[-82.17811,41.46677]}},{"type":"Feature","properties":{"id":"irn:12036","name":"Regent High School","sector":"public","kind":"charter","district_irn":null,"district":null,"address":"5806 Broadway Ave Cleveland, OH 44127","grades":"9-12","grades_guessed":false,"lo":9,"hi":12,"elem":0,"mid":0,"high":1,"enrollment":274,"pct_white":7.1,"pct_black":86.7,"pct_hispanic":0,"pct_asian":0,"pct_multi":0,"pct_other":0,"econ_dis_pct":100,"attendance":35.1,"chronic_abs":99.8,"stars_overall":1.5,"stars_achievement":1,"pi_pct":46.8,"stars_progress":2,"stars_gap":1,"stars_early_lit":null,"grad4":26.8,"stars_ccwmr":null,"affiliation":null,"st_ratio":null,"tuition_low":null,"tuition_high":null,"tuition_year":null,"tuition_basis":null,"edchoice":null,"tuition_source":null,"tuition_status":null,"tuition_notes":null,"demo_year":"2024-25","faith":"secular","website":"http://www.regenthigh.org/","district_website":null},"geometry":{"type":"Point","coordinates":[-81.649864,41.465351]}},{"type":"Feature","properties":{"id":"irn:543","name":"Pinnacle Academy","sector":"public","kind":"charter","district_irn":null,"district":null,"address":"860 E 222nd St Euclid, OH 44123","grades":"K-8","grades_guessed":false,"lo":0,"hi":8,"elem":1,"mid":1,"high":0,"enrollment":741,"pct_white":0,"pct_black":84.3,"pct_hispanic":2.6,"pct_asian":0,"pct_multi":11.8,"pct_other":0,"econ_dis_pct":94.1,"attendance":91.4,"chronic_abs":30.1,"stars_overall":4,"stars_achievement":2,"pi_pct":64.5,"stars_progress":5,"stars_gap":5,"stars_early_lit":3,"grad4":null,"stars_ccwmr":null,"affiliation":null,"st_ratio":null,"tuition_low":null,"tuition_high":null,"tuition_year":null,"tuition_basis":null,"edchoice":null,"tuition_source":null,"tuition_status":null,"tuition_notes":null,"demo_year":"2024-25","faith":"secular","website":"https://www.nhaschools.com/schools/pinnacle-academy/en","district_website":null},"geometry":{"type":"Point","coordinates":[-81.526962,41.590954]}},{"type":"Feature","properties":{"id":"irn:736","name":"Phoenix Village Academy Primary 2 dba Wings Academy 1","sector":"public","kind":"charter","district_irn":null,"district":null,"address":"2450 Prospect Ave E Cleveland, OH 44115","grades":"K-7","grades_guessed":false,"lo":0,"hi":7,"elem":1,"mid":1,"high":0,"enrollment":99,"pct_white":0,"pct_black":95.2,"pct_hispanic":0,"pct_asian":0,"pct_multi":0,"pct_other":0,"econ_dis_pct":99,"attendance":85.8,"chronic_abs":59.8,"stars_overall":2.5,"stars_achievement":2,"pi_pct":57.1,"stars_progress":3,"stars_gap":3,"stars_early_lit":1,"grad4":null,"stars_ccwmr":null,"affiliation":null,"st_ratio":null,"tuition_low":null,"tuition_high":null,"tuition_year":null,"tuition_basis":null,"edchoice":null,"tuition_source":null,"tuition_status":null,"tuition_notes":null,"demo_year":"2024-25","faith":"secular","website":"https://www.wingsacademies.org/","district_website":null},"geometry":{"type":"Point","coordinates":[-81.67142,41.50028]}},{"type":"Feature","properties":{"id":"irn:16843","name":"Citizens Leadership Academy East","sector":"public","kind":"charter","district_irn":null,"district":null,"address":"12523 Woodside Ave Cleveland, OH 44108","grades":"K-7","grades_guessed":false,"lo":0,"hi":7,"elem":1,"mid":1,"high":0,"enrollment":343,"pct_white":0,"pct_black":97.4,"pct_hispanic":0,"pct_asian":0,"pct_multi":0,"pct_other":0,"econ_dis_pct":99.4,"attendance":86.6,"chronic_abs":55.9,"stars_overall":2,"stars_achievement":1,"pi_pct":44.9,"stars_progress":3,"stars_gap":1,"stars_early_lit":1,"grad4":null,"stars_ccwmr":null,"affiliation":null,"st_ratio":null,"tuition_low":null,"tuition_high":null,"tuition_year":null,"tuition_basis":null,"edchoice":null,"tuition_source":null,"tuition_status":null,"tuition_notes":null,"demo_year":"2024-25","faith":"secular","website":"https://breakthroughschools.org/breakthrough-glenville/","district_website":null},"geometry":{"type":"Point","coordinates":[-81.597197,41.536306]}},{"type":"Feature","properties":{"id":"irn:11390","name":"Bella Academy of Excellence","sector":"public","kind":"charter","district_irn":null,"district":null,"address":"19114 Bella Dr Cleveland, OH 44119","grades":"K-6","grades_guessed":false,"lo":0,"hi":6,"elem":1,"mid":1,"high":0,"enrollment":152,"pct_white":0,"pct_black":90.3,"pct_hispanic":0,"pct_asian":0,"pct_multi":0,"pct_other":0,"econ_dis_pct":99.9,"attendance":88.7,"chronic_abs":41.5,"stars_overall":3,"stars_achievement":2,"pi_pct":55.1,"stars_progress":4,"stars_gap":2,"stars_early_lit":1,"grad4":null,"stars_ccwmr":null,"affiliation":null,"st_ratio":null,"tuition_low":null,"tuition_high":null,"tuition_year":null,"tuition_basis":null,"edchoice":null,"tuition_source":null,"tuition_status":null,"tuition_notes":null,"demo_year":"2024-25","faith":"secular","website":"https://www.imaginebellaacademy.org/","district_website":null},"geometry":{"type":"Point","coordinates":[-81.545277,41.581291]}},{"type":"Feature","properties":{"id":"irn:12042","name":"Southern Cleveland Drop Back Indba Innovative Career Academy","sector":"public","kind":"charter","district_irn":null,"district":null,"address":"3845 E 131st St Cleveland, OH 44120","grades":"9-12","grades_guessed":false,"lo":9,"hi":12,"elem":0,"mid":0,"high":1,"enrollment":69,"pct_white":0,"pct_black":83,"pct_hispanic":0,"pct_asian":0,"pct_multi":0,"pct_other":0,"econ_dis_pct":100,"attendance":66.2,"chronic_abs":83.9,"stars_overall":2,"stars_achievement":2,"pi_pct":53.8,"stars_progress":3,"stars_gap":1,"stars_early_lit":null,"grad4":17.6,"stars_ccwmr":null,"affiliation":null,"st_ratio":null,"tuition_low":null,"tuition_high":null,"tuition_year":null,"tuition_basis":null,"edchoice":null,"tuition_source":null,"tuition_status":null,"tuition_notes":null,"demo_year":"2024-25","faith":"secular","website":"https://icacad.org/","district_website":null},"geometry":{"type":"Point","coordinates":[-81.59047,41.45406]}},{"type":"Feature","properties":{"id":"irn:13994","name":"Albert Einstein Academy for Letters, Arts and Sciences-Ohio","sector":"public","kind":"charter","district_irn":null,"district":null,"address":"20566 Albion Rd Strongsville, OH 44149","grades":"K-12","grades_guessed":false,"lo":0,"hi":12,"elem":1,"mid":1,"high":1,"enrollment":282,"pct_white":59.3,"pct_black":8.3,"pct_hispanic":14.4,"pct_asian":9.8,"pct_multi":7.8,"pct_other":0,"econ_dis_pct":22.6,"attendance":89.2,"chronic_abs":36.6,"stars_overall":2.5,"stars_achievement":2,"pi_pct":60.8,"stars_progress":2,"stars_gap":3,"stars_early_lit":3,"grad4":69.8,"stars_ccwmr":3,"affiliation":null,"st_ratio":null,"tuition_low":null,"tuition_high":null,"tuition_year":null,"tuition_basis":null,"edchoice":null,"tuition_source":null,"tuition_status":null,"tuition_notes":null,"demo_year":"2024-25","faith":"secular","website":"https://www.aeaohio.org/","district_website":null},"geometry":{"type":"Point","coordinates":[-81.85335,41.33285]}},{"type":"Feature","properties":{"id":"irn:14065","name":"Lincoln Park Academy","sector":"public","kind":"charter","district_irn":null,"district":null,"address":"3185 W 41st St Cleveland, OH 44109","grades":"K-8","grades_guessed":false,"lo":0,"hi":8,"elem":1,"mid":1,"high":0,"enrollment":222,"pct_white":19.6,"pct_black":36.9,"pct_hispanic":33.5,"pct_asian":0,"pct_multi":10.1,"pct_other":0,"econ_dis_pct":100,"attendance":81.2,"chronic_abs":67.3,"stars_overall":4,"stars_achievement":2,"pi_pct":61.2,"stars_progress":5,"stars_gap":5,"stars_early_lit":2,"grad4":null,"stars_ccwmr":null,"affiliation":null,"st_ratio":null,"tuition_low":null,"tuition_high":null,"tuition_year":null,"tuition_basis":null,"edchoice":null,"tuition_source":null,"tuition_status":null,"tuition_notes":null,"demo_year":"2024-25","faith":"secular","website":"https://acalincolnp.com/","district_website":null},"geometry":{"type":"Point","coordinates":[-81.71288,41.46715]}},{"type":"Feature","properties":{"id":"irn:13254","name":"Akron Preparatory School","sector":"public","kind":"charter","district_irn":null,"district":null,"address":"1200 E Market St Ste 3360 Akron, OH 44305","grades":"K-8","grades_guessed":false,"lo":0,"hi":8,"elem":1,"mid":1,"high":0,"enrollment":352,"pct_white":0,"pct_black":85.4,"pct_hispanic":3.1,"pct_asian":0,"pct_multi":6.9,"pct_other":0,"econ_dis_pct":99.9,"attendance":82.6,"chronic_abs":69,"stars_overall":2,"stars_achievement":2,"pi_pct":50.4,"stars_progress":2,"stars_gap":1,"stars_early_lit":1,"grad4":null,"stars_ccwmr":null,"affiliation":null,"st_ratio":null,"tuition_low":null,"tuition_high":null,"tuition_year":null,"tuition_basis":null,"edchoice":null,"tuition_source":null,"tuition_status":null,"tuition_notes":null,"demo_year":"2024-25","faith":"secular","website":"https://akronprep.org/","district_website":null},"geometry":{"type":"Point","coordinates":[-81.483322,41.066262]}},{"type":"Feature","properties":{"id":"irn:19427","name":"Akron Career Tech High School","sector":"public","kind":"charter","district_irn":null,"district":null,"address":"1115 S Main St Akron, OH 44301","grades":"9-12","grades_guessed":false,"lo":9,"hi":12,"elem":0,"mid":0,"high":1,"enrollment":89,"pct_white":11.3,"pct_black":72,"pct_hispanic":0,"pct_asian":0,"pct_multi":13.6,"pct_other":0,"econ_dis_pct":100,"attendance":71.3,"chronic_abs":85.9,"stars_overall":2,"stars_achievement":1,"pi_pct":43.1,"stars_progress":3,"stars_gap":1,"stars_early_lit":null,"grad4":77.8,"stars_ccwmr":null,"affiliation":null,"st_ratio":null,"tuition_low":null,"tuition_high":null,"tuition_year":null,"tuition_basis":null,"edchoice":null,"tuition_source":null,"tuition_status":null,"tuition_notes":null,"demo_year":"2024-25","faith":"secular","website":"https://www.akroncareertechedu.org/","district_website":null},"geometry":{"type":"Point","coordinates":[-81.528587,41.056647]}},{"type":"Feature","properties":{"id":"irn:132993","name":"Constellation Schools: Westpark Community Elementary","sector":"public","kind":"charter","district_irn":null,"district":null,"address":"16210 Lorain Ave Cleveland, OH 44111","grades":"K-4","grades_guessed":false,"lo":0,"hi":4,"elem":1,"mid":0,"high":0,"enrollment":211,"pct_white":37.4,"pct_black":23.1,"pct_hispanic":30.7,"pct_asian":0,"pct_multi":8.3,"pct_other":0,"econ_dis_pct":99.8,"attendance":88.3,"chronic_abs":42.5,"stars_overall":4,"stars_achievement":3,"pi_pct":71.5,"stars_progress":5,"stars_gap":3,"stars_early_lit":2,"grad4":null,"stars_ccwmr":null,"affiliation":null,"st_ratio":null,"tuition_low":null,"tuition_high":null,"tuition_year":null,"tuition_basis":null,"edchoice":null,"tuition_source":null,"tuition_status":null,"tuition_notes":null,"demo_year":"2024-25","faith":"secular","website":"https://constellationschools.com/westpark-elementary/","district_website":null},"geometry":{"type":"Point","coordinates":[-81.81218,41.45156]}},{"type":"Feature","properties":{"id":"irn:143313","name":"Innovation Academy West","sector":"public","kind":"charter","district_irn":null,"district":null,"address":"13111 Crossburn Ave Cleveland, OH 44135","grades":"K-6","grades_guessed":false,"lo":0,"hi":6,"elem":1,"mid":1,"high":0,"enrollment":130,"pct_white":16.4,"pct_black":37.6,"pct_hispanic":33.1,"pct_asian":0,"pct_multi":12.2,"pct_other":0,"econ_dis_pct":100,"attendance":90,"chronic_abs":37.5,"stars_overall":3,"stars_achievement":2,"pi_pct":62.1,"stars_progress":3,"stars_gap":5,"stars_early_lit":2,"grad4":null,"stars_ccwmr":null,"affiliation":null,"st_ratio":null,"tuition_low":null,"tuition_high":null,"tuition_year":null,"tuition_basis":null,"edchoice":null,"tuition_source":null,"tuition_status":null,"tuition_notes":null,"demo_year":"2024-25","faith":"secular","website":"https://www.iawedu.org/","district_website":null},"geometry":{"type":"Point","coordinates":[-81.78131,41.42477]}},{"type":"Feature","properties":{"id":"irn:142919","name":"Black River Career Prep High School","sector":"public","kind":"charter","district_irn":null,"district":null,"address":"2015 W River Rd N Elyria, OH 44035","grades":"9-12","grades_guessed":false,"lo":9,"hi":12,"elem":0,"mid":0,"high":1,"enrollment":170,"pct_white":42.3,"pct_black":24,"pct_hispanic":17.7,"pct_asian":0,"pct_multi":15.9,"pct_other":0,"econ_dis_pct":100,"attendance":38.1,"chronic_abs":97.2,"stars_overall":1.5,"stars_achievement":1,"pi_pct":25.6,"stars_progress":1,"stars_gap":1,"stars_early_lit":null,"grad4":31.5,"stars_ccwmr":null,"affiliation":null,"st_ratio":null,"tuition_low":null,"tuition_high":null,"tuition_year":null,"tuition_basis":null,"edchoice":null,"tuition_source":null,"tuition_status":null,"tuition_notes":null,"demo_year":"2024-25","faith":"secular","website":"https://www.careerprepschool.org/blackriver","district_website":null},"geometry":{"type":"Point","coordinates":[-82.10588,41.40136]}},{"type":"Feature","properties":{"id":"irn:13170","name":"The Brilliance School","sector":"public","kind":"charter","district_irn":null,"district":null,"address":"10608 Penfield Ave Garfield Heights, OH 44125","grades":"K-8","grades_guessed":false,"lo":0,"hi":8,"elem":1,"mid":1,"high":0,"enrollment":230,"pct_white":0,"pct_black":94.1,"pct_hispanic":0,"pct_asian":0,"pct_multi":0,"pct_other":0,"econ_dis_pct":98.9,"attendance":86.6,"chronic_abs":57.8,"stars_overall":2,"stars_achievement":1,"pi_pct":45.9,"stars_progress":2,"stars_gap":2,"stars_early_lit":1,"grad4":null,"stars_ccwmr":null,"affiliation":null,"st_ratio":null,"tuition_low":null,"tuition_high":null,"tuition_year":null,"tuition_basis":null,"edchoice":null,"tuition_source":null,"tuition_status":null,"tuition_notes":null,"demo_year":"2024-25","faith":"secular","website":"https://thebrillianceschool.org/","district_website":null},"geometry":{"type":"Point","coordinates":[-81.610613,41.417666]}},{"type":"Feature","properties":{"id":"irn:20188","name":"Hinckley Preparatory Academy","sector":"public","kind":"charter","district_irn":null,"district":null,"address":"1586 Center Rd Hinckley, OH 44233","grades":"K-3","grades_guessed":false,"lo":0,"hi":3,"elem":1,"mid":0,"high":0,"enrollment":54,"pct_white":67,"pct_black":0,"pct_hispanic":0,"pct_asian":0,"pct_multi":0,"pct_other":0,"econ_dis_pct":50.3,"attendance":92.5,"chronic_abs":35.2,"stars_overall":4.5,"stars_achievement":5,"pi_pct":103.8,"stars_progress":null,"stars_gap":2,"stars_early_lit":5,"grad4":null,"stars_ccwmr":null,"affiliation":null,"st_ratio":null,"tuition_low":null,"tuition_high":null,"tuition_year":null,"tuition_basis":null,"edchoice":null,"tuition_source":null,"tuition_status":null,"tuition_notes":null,"demo_year":"2024-25","faith":"secular","website":"https://hinckleyprep.org/","district_website":null},"geometry":{"type":"Point","coordinates":[-81.742701,41.238375]}},{"type":"Feature","properties":{"id":"irn:20077","name":"Westlake Academy","sector":"public","kind":"charter","district_irn":null,"district":null,"address":"26830 Detroit Rd Westlake, OH 44145","grades":"K-K","grades_guessed":false,"lo":0,"hi":0,"elem":1,"mid":0,"high":0,"enrollment":50,"pct_white":68.1,"pct_black":0,"pct_hispanic":0,"pct_asian":0,"pct_multi":0,"pct_other":0,"econ_dis_pct":67.7,"attendance":90.2,"chronic_abs":38.2,"stars_overall":1,"stars_achievement":null,"pi_pct":null,"stars_progress":null,"stars_gap":1,"stars_early_lit":null,"grad4":null,"stars_ccwmr":null,"affiliation":null,"st_ratio":null,"tuition_low":null,"tuition_high":null,"tuition_year":null,"tuition_basis":null,"edchoice":null,"tuition_source":null,"tuition_status":null,"tuition_notes":null,"demo_year":"2024-25","faith":"secular","website":"https://wlakeacademy.org/","district_website":null},"geometry":{"type":"Point","coordinates":[-81.91715,41.46853]}},{"type":"Feature","properties":{"id":"irn:858","name":"Horizon Science Academy-Cleveland Middle School","sector":"public","kind":"charter","district_irn":null,"district":null,"address":"6100 S Marginal Rd Cleveland, OH 44103","grades":"K-8","grades_guessed":false,"lo":0,"hi":8,"elem":1,"mid":1,"high":0,"enrollment":274,"pct_white":0,"pct_black":91.9,"pct_hispanic":0,"pct_asian":0,"pct_multi":4.6,"pct_other":0,"econ_dis_pct":100,"attendance":87,"chronic_abs":50.7,"stars_overall":2.5,"stars_achievement":2,"pi_pct":50.2,"stars_progress":4,"stars_gap":1,"stars_early_lit":2,"grad4":null,"stars_ccwmr":null,"affiliation":null,"st_ratio":null,"tuition_low":null,"tuition_high":null,"tuition_year":null,"tuition_basis":null,"edchoice":null,"tuition_source":null,"tuition_status":null,"tuition_notes":null,"demo_year":"2024-25","faith":"secular","website":"https://www.hsaes.org/","district_website":null},"geometry":{"type":"Point","coordinates":[-81.648971,41.531258]}},{"type":"Feature","properties":{"id":"irn:320","name":"Constellation Schools: Lorain Community Middle","sector":"public","kind":"charter","district_irn":null,"district":null,"address":"1110 W 4th St Lorain, OH 44052","grades":"5-8","grades_guessed":false,"lo":5,"hi":8,"elem":1,"mid":1,"high":0,"enrollment":98,"pct_white":17,"pct_black":28.5,"pct_hispanic":45.1,"pct_asian":0,"pct_multi":0,"pct_other":0,"econ_dis_pct":100,"attendance":86.5,"chronic_abs":52.1,"stars_overall":2,"stars_achievement":1,"pi_pct":44.6,"stars_progress":2,"stars_gap":2,"stars_early_lit":null,"grad4":null,"stars_ccwmr":null,"affiliation":null,"st_ratio":null,"tuition_low":null,"tuition_high":null,"tuition_year":null,"tuition_basis":null,"edchoice":null,"tuition_source":null,"tuition_status":null,"tuition_notes":null,"demo_year":"2024-25","faith":"secular","website":"https://constellationschools.com/lorain-middle/","district_website":null},"geometry":{"type":"Point","coordinates":[-82.182617,41.466311]}},{"type":"Feature","properties":{"id":"irn:319","name":"Constellation Schools: Madison Community Elementary","sector":"public","kind":"charter","district_irn":null,"district":null,"address":"2015 W 95th St Cleveland, OH 44102","grades":"K-8","grades_guessed":false,"lo":0,"hi":8,"elem":1,"mid":1,"high":0,"enrollment":199,"pct_white":17.1,"pct_black":28.3,"pct_hispanic":44.2,"pct_asian":0,"pct_multi":10.3,"pct_other":0,"econ_dis_pct":99.7,"attendance":86.1,"chronic_abs":52.8,"stars_overall":2,"stars_achievement":1,"pi_pct":41.8,"stars_progress":2,"stars_gap":2,"stars_early_lit":1,"grad4":null,"stars_ccwmr":null,"affiliation":null,"st_ratio":null,"tuition_low":null,"tuition_high":null,"tuition_year":null,"tuition_basis":null,"edchoice":null,"tuition_source":null,"tuition_status":null,"tuition_notes":null,"demo_year":"2024-25","faith":"secular","website":"https://constellationschools.com/locations/madison/","district_website":null},"geometry":{"type":"Point","coordinates":[-81.748356,41.47681]}},{"type":"Feature","properties":{"id":"irn:534","name":"Constellation Schools: Puritas Community Middle","sector":"public","kind":"charter","district_irn":null,"district":null,"address":"17720 Puritas Ave Cleveland, OH 44135","grades":"5-8","grades_guessed":false,"lo":5,"hi":8,"elem":1,"mid":1,"high":0,"enrollment":94,"pct_white":13,"pct_black":32.3,"pct_hispanic":37.2,"pct_asian":0,"pct_multi":0,"pct_other":0,"econ_dis_pct":100,"attendance":89.6,"chronic_abs":35.1,"stars_overall":3,"stars_achievement":2,"pi_pct":57,"stars_progress":3,"stars_gap":3,"stars_early_lit":null,"grad4":null,"stars_ccwmr":null,"affiliation":null,"st_ratio":null,"tuition_low":null,"tuition_high":null,"tuition_year":null,"tuition_basis":null,"edchoice":null,"tuition_source":null,"tuition_status":null,"tuition_notes":null,"demo_year":"2024-25","faith":"secular","website":"https://constellationschools.com/puritas-middle/","district_website":null},"geometry":{"type":"Point","coordinates":[-81.8208,41.43445]}},{"type":"Feature","properties":{"id":"irn:527","name":"Cleveland Academy for Scholarship Technology and Leadership","sector":"public","kind":"charter","district_irn":null,"district":null,"address":"3950 Prospect Ave E Cleveland, OH 44115","grades":"9-12","grades_guessed":false,"lo":9,"hi":12,"elem":0,"mid":0,"high":1,"enrollment":281,"pct_white":29,"pct_black":54.9,"pct_hispanic":9.5,"pct_asian":0,"pct_multi":6.4,"pct_other":0,"econ_dis_pct":100,"attendance":59.6,"chronic_abs":85.1,"stars_overall":1.5,"stars_achievement":1,"pi_pct":39.1,"stars_progress":1,"stars_gap":2,"stars_early_lit":null,"grad4":36.4,"stars_ccwmr":null,"affiliation":null,"st_ratio":null,"tuition_low":null,"tuition_high":null,"tuition_year":null,"tuition_basis":null,"edchoice":null,"tuition_source":null,"tuition_status":null,"tuition_notes":null,"demo_year":"2024-25","faith":"secular","website":"https://www.castlehsedu.org/","district_website":null},"geometry":{"type":"Point","coordinates":[-81.658,41.50189]}},{"type":"Feature","properties":{"id":"irn:9149","name":"Constellation Schools: Westside Community School of the Arts","sector":"public","kind":"charter","district_irn":null,"district":null,"address":"3727 Bosworth Rd Cleveland, OH 44111","grades":"K-8","grades_guessed":false,"lo":0,"hi":8,"elem":1,"mid":1,"high":0,"enrollment":168,"pct_white":27.7,"pct_black":30.8,"pct_hispanic":35.4,"pct_asian":0,"pct_multi":0,"pct_other":0,"econ_dis_pct":100,"attendance":87,"chronic_abs":49.7,"stars_overall":2.5,"stars_achievement":2,"pi_pct":50.4,"stars_progress":3,"stars_gap":2,"stars_early_lit":1,"grad4":null,"stars_ccwmr":null,"affiliation":null,"st_ratio":null,"tuition_low":null,"tuition_high":null,"tuition_year":null,"tuition_basis":null,"edchoice":null,"tuition_source":null,"tuition_status":null,"tuition_notes":null,"demo_year":"2024-25","faith":"secular","website":"https://constellationschools.com/locations/westside-school-arts/","district_website":null},"geometry":{"type":"Point","coordinates":[-81.76329,41.45181]}},{"type":"Feature","properties":{"id":"irn:11923","name":"Northeast Ohio College Preparatory School","sector":"public","kind":"charter","district_irn":null,"district":null,"address":"2280 Professor Ave Cleveland, OH 44113","grades":"K-12","grades_guessed":false,"lo":0,"hi":12,"elem":1,"mid":1,"high":1,"enrollment":358,"pct_white":5.2,"pct_black":77.5,"pct_hispanic":14.1,"pct_asian":0,"pct_multi":3,"pct_other":0,"econ_dis_pct":100,"attendance":76.1,"chronic_abs":78.7,"stars_overall":2.5,"stars_achievement":2,"pi_pct":56,"stars_progress":4,"stars_gap":3,"stars_early_lit":2,"grad4":86.8,"stars_ccwmr":1,"affiliation":null,"st_ratio":null,"tuition_low":null,"tuition_high":null,"tuition_year":null,"tuition_basis":null,"edchoice":null,"tuition_source":null,"tuition_status":null,"tuition_notes":null,"demo_year":"2024-25","faith":"secular","website":"https://neocollegeprep.org/","district_website":null},"geometry":{"type":"Point","coordinates":[-81.68616,41.48049]}},{"type":"Feature","properties":{"id":"irn:12010","name":"Cleveland College Preparatory School","sector":"public","kind":"charter","district_irn":null,"district":null,"address":"4906 Fleet Ave Cleveland, OH 44105","grades":"K-8","grades_guessed":false,"lo":0,"hi":8,"elem":1,"mid":1,"high":0,"enrollment":161,"pct_white":0,"pct_black":80.7,"pct_hispanic":9.5,"pct_asian":0,"pct_multi":0,"pct_other":0,"econ_dis_pct":100,"attendance":82.3,"chronic_abs":73.6,"stars_overall":2.5,"stars_achievement":1,"pi_pct":45.3,"stars_progress":3,"stars_gap":2,"stars_early_lit":1,"grad4":null,"stars_ccwmr":null,"affiliation":null,"st_ratio":null,"tuition_low":null,"tuition_high":null,"tuition_year":null,"tuition_basis":null,"edchoice":null,"tuition_source":null,"tuition_status":null,"tuition_notes":null,"demo_year":"2024-25","faith":"secular","website":"https://clevelandcollegeprep.org/","district_website":null},"geometry":{"type":"Point","coordinates":[-81.65608,41.45551]}},{"type":"Feature","properties":{"id":"irn:11947","name":"Imagine Akron Academy","sector":"public","kind":"charter","district_irn":null,"district":null,"address":"2405 Romig Rd Akron, OH 44320","grades":"K-K","grades_guessed":false,"lo":0,"hi":0,"elem":1,"mid":0,"high":0,"enrollment":28,"pct_white":0,"pct_black":90.3,"pct_hispanic":0,"pct_asian":0,"pct_multi":0,"pct_other":0,"econ_dis_pct":100,"attendance":92.3,"chronic_abs":31.2,"stars_overall":5,"stars_achievement":null,"pi_pct":null,"stars_progress":null,"stars_gap":5,"stars_early_lit":null,"grad4":null,"stars_ccwmr":null,"affiliation":null,"st_ratio":null,"tuition_low":null,"tuition_high":null,"tuition_year":null,"tuition_basis":null,"edchoice":null,"tuition_source":null,"tuition_status":null,"tuition_notes":null,"demo_year":"2024-25","faith":"secular","website":"https://www.imagineakronacademy.org/","district_website":null},"geometry":{"type":"Point","coordinates":[-81.578872,41.048749]}},{"type":"Feature","properties":{"id":"irn:12025","name":"Constellation Schools: Stockyard Community Middle","sector":"public","kind":"charter","district_irn":null,"district":null,"address":"3200 W 65th St Cleveland, OH 44102","grades":"7-8","grades_guessed":false,"lo":7,"hi":8,"elem":0,"mid":1,"high":0,"enrollment":34,"pct_white":0,"pct_black":0,"pct_hispanic":59,"pct_asian":0,"pct_multi":0,"pct_other":0,"econ_dis_pct":100,"attendance":82,"chronic_abs":69.5,"stars_overall":2.5,"stars_achievement":2,"pi_pct":54,"stars_progress":3,"stars_gap":1,"stars_early_lit":null,"grad4":null,"stars_ccwmr":null,"affiliation":null,"st_ratio":null,"tuition_low":null,"tuition_high":null,"tuition_year":null,"tuition_basis":null,"edchoice":null,"tuition_source":null,"tuition_status":null,"tuition_notes":null,"demo_year":"2024-25","faith":"secular","website":"https://constellationschools.com/stockyard-middle/","district_website":null},"geometry":{"type":"Point","coordinates":[-81.73073,41.46738]}},{"type":"Feature","properties":{"id":"irn:12060","name":"Akros Middle School","sector":"public","kind":"charter","district_irn":null,"district":null,"address":"265 Park St Akron, OH 44304","grades":"6-8","grades_guessed":false,"lo":6,"hi":8,"elem":0,"mid":1,"high":0,"enrollment":123,"pct_white":0,"pct_black":79.9,"pct_hispanic":0,"pct_asian":0,"pct_multi":9.9,"pct_other":0,"econ_dis_pct":100,"attendance":88.8,"chronic_abs":36.4,"stars_overall":2.5,"stars_achievement":1,"pi_pct":48.6,"stars_progress":3,"stars_gap":3,"stars_early_lit":null,"grad4":null,"stars_ccwmr":null,"affiliation":null,"st_ratio":null,"tuition_low":null,"tuition_high":null,"tuition_year":null,"tuition_basis":null,"edchoice":null,"tuition_source":null,"tuition_status":null,"tuition_notes":null,"demo_year":"2024-25","faith":"secular","website":"https://performanceacademies.com/akros-middle-school/","district_website":null},"geometry":{"type":"Point","coordinates":[-81.508021,41.083454]}},{"type":"Feature","properties":{"id":"irn:12558","name":"Global Village Academy","sector":"public","kind":"charter","district_irn":null,"district":null,"address":"5720 State Rd Parma, OH 44134","grades":"K-8","grades_guessed":false,"lo":0,"hi":8,"elem":1,"mid":1,"high":0,"enrollment":234,"pct_white":97.4,"pct_black":0,"pct_hispanic":0,"pct_asian":0,"pct_multi":0,"pct_other":0,"econ_dis_pct":85.4,"attendance":95.9,"chronic_abs":5.4,"stars_overall":5,"stars_achievement":4,"pi_pct":82,"stars_progress":5,"stars_gap":5,"stars_early_lit":4,"grad4":null,"stars_ccwmr":null,"affiliation":null,"st_ratio":null,"tuition_low":null,"tuition_high":null,"tuition_year":null,"tuition_basis":null,"edchoice":null,"tuition_source":null,"tuition_status":null,"tuition_notes":null,"demo_year":"2024-25","faith":"secular","website":"https://www.globalvillageacademy.net/","district_website":null},"geometry":{"type":"Point","coordinates":[-81.710603,41.406832]}},{"type":"Feature","properties":{"id":"irn:13199","name":"Cleveland Preparatory Academy","sector":"public","kind":"charter","district_irn":null,"district":null,"address":"4850 Pearl Rd Cleveland, OH 44109","grades":"K-6","grades_guessed":false,"lo":0,"hi":6,"elem":1,"mid":1,"high":0,"enrollment":117,"pct_white":19.4,"pct_black":31.9,"pct_hispanic":34.3,"pct_asian":0,"pct_multi":13.6,"pct_other":0,"econ_dis_pct":100,"attendance":76,"chronic_abs":81.9,"stars_overall":3,"stars_achievement":2,"pi_pct":58.1,"stars_progress":3,"stars_gap":2,"stars_early_lit":2,"grad4":null,"stars_ccwmr":null,"affiliation":null,"st_ratio":null,"tuition_low":null,"tuition_high":null,"tuition_year":null,"tuition_basis":null,"edchoice":null,"tuition_source":null,"tuition_status":null,"tuition_notes":null,"demo_year":"2024-25","faith":"secular","website":"https://clevelandprepacademy.org/","district_website":null},"geometry":{"type":"Point","coordinates":[-81.72038,41.42585]}},{"type":"Feature","properties":{"id":"irn:14904","name":"T2 Honors Academy","sector":"public","kind":"charter","district_irn":null,"district":null,"address":"18450 S Miles Rd Warrensville Heights, OH 44128","grades":"7-12","grades_guessed":false,"lo":7,"hi":12,"elem":0,"mid":1,"high":1,"enrollment":126,"pct_white":0,"pct_black":97.6,"pct_hispanic":0,"pct_asian":0,"pct_multi":0,"pct_other":0,"econ_dis_pct":100,"attendance":90.8,"chronic_abs":37.4,"stars_overall":3.5,"stars_achievement":2,"pi_pct":60.6,"stars_progress":5,"stars_gap":4,"stars_early_lit":null,"grad4":81.3,"stars_ccwmr":1,"affiliation":null,"st_ratio":null,"tuition_low":null,"tuition_high":null,"tuition_year":null,"tuition_basis":null,"edchoice":null,"tuition_source":null,"tuition_status":null,"tuition_notes":null,"demo_year":"2024-25","faith":"secular","website":"http://tsquaredacademy.com/","district_website":null},"geometry":{"type":"Point","coordinates":[-81.549571,41.430591]}},{"type":"Feature","properties":{"id":"irn:14066","name":"Main Preparatory Academy","sector":"public","kind":"charter","district_irn":null,"district":null,"address":"1035 Clay St Akron, OH 44301","grades":"1-7","grades_guessed":false,"lo":1,"hi":7,"elem":1,"mid":1,"high":0,"enrollment":98,"pct_white":0,"pct_black":88.2,"pct_hispanic":0,"pct_asian":0,"pct_multi":0,"pct_other":0,"econ_dis_pct":100,"attendance":81,"chronic_abs":75,"stars_overall":3.5,"stars_achievement":2,"pi_pct":56,"stars_progress":5,"stars_gap":2,"stars_early_lit":1,"grad4":null,"stars_ccwmr":null,"affiliation":null,"st_ratio":null,"tuition_low":null,"tuition_high":null,"tuition_year":null,"tuition_basis":null,"edchoice":null,"tuition_source":null,"tuition_status":null,"tuition_notes":null,"demo_year":"2024-25","faith":"secular","website":"https://www.mainprepacademy.org/","district_website":null},"geometry":{"type":"Point","coordinates":[-81.510839,41.053275]}},{"type":"Feature","properties":{"id":"irn:134197","name":"Green Inspiration Academy","sector":"public","kind":"charter","district_irn":null,"district":null,"address":"4901 Galaxy Pkwy Ste L Cleveland, OH 44128","grades":"K-8","grades_guessed":false,"lo":0,"hi":8,"elem":1,"mid":1,"high":0,"enrollment":126,"pct_white":0,"pct_black":94.6,"pct_hispanic":0,"pct_asian":0,"pct_multi":0,"pct_other":0,"econ_dis_pct":93.7,"attendance":88.6,"chronic_abs":48.3,"stars_overall":3,"stars_achievement":2,"pi_pct":59.7,"stars_progress":4,"stars_gap":2,"stars_early_lit":1,"grad4":null,"stars_ccwmr":null,"affiliation":null,"st_ratio":null,"tuition_low":null,"tuition_high":null,"tuition_year":null,"tuition_basis":null,"edchoice":null,"tuition_source":null,"tuition_status":null,"tuition_notes":null,"demo_year":"2024-25","faith":"secular","website":"https://www.greeninspirationacademy.com/","district_website":null},"geometry":{"type":"Point","coordinates":[-81.50135,41.426356]}},{"type":"Feature","properties":{"id":"irn:151209","name":"Randall Park High School","sector":"public","kind":"charter","district_irn":null,"district":null,"address":"4836 Northfield Rd North Randall, OH 44128","grades":"9-12","grades_guessed":false,"lo":9,"hi":12,"elem":0,"mid":0,"high":1,"enrollment":201,"pct_white":0,"pct_black":100,"pct_hispanic":0,"pct_asian":0,"pct_multi":0,"pct_other":0,"econ_dis_pct":100,"attendance":40.8,"chronic_abs":100,"stars_overall":2,"stars_achievement":1,"pi_pct":46.1,"stars_progress":2,"stars_gap":1,"stars_early_lit":null,"grad4":43.5,"stars_ccwmr":null,"affiliation":null,"st_ratio":null,"tuition_low":null,"tuition_high":null,"tuition_year":null,"tuition_basis":null,"edchoice":null,"tuition_source":null,"tuition_status":null,"tuition_notes":null,"demo_year":"2024-25","faith":"secular","website":"https://www.randallparkhigh.org/","district_website":null},"geometry":{"type":"Point","coordinates":[-81.525885,41.42804]}},{"type":"Feature","properties":{"id":"irn:21449","name":"Northeast Ohio Classical Academy","sector":"public","kind":"charter","district_irn":null,"district":null,"address":"137 Heritage Woods Dr Copley, OH 44321","grades":"K-5","grades_guessed":false,"lo":0,"hi":5,"elem":1,"mid":0,"high":0,"enrollment":85,"pct_white":93.6,"pct_black":0,"pct_hispanic":0,"pct_asian":0,"pct_multi":0,"pct_other":0,"econ_dis_pct":57.7,"attendance":96.6,"chronic_abs":6.5,"stars_overall":2.5,"stars_achievement":2,"pi_pct":62.2,"stars_progress":null,"stars_gap":4,"stars_early_lit":1,"grad4":null,"stars_ccwmr":null,"affiliation":null,"st_ratio":null,"tuition_low":null,"tuition_high":null,"tuition_year":null,"tuition_basis":null,"edchoice":null,"tuition_source":null,"tuition_status":null,"tuition_notes":null,"demo_year":"2024-25","faith":"secular","website":"https://neocacademy.org/","district_website":null},"geometry":{"type":"Point","coordinates":[-81.658159,41.132]}},{"type":"Feature","properties":{"id":"irn:15722","name":"Village Preparatory School Willard","sector":"public","kind":"charter","district_irn":null,"district":null,"address":"9401 Willard Ave Cleveland, OH 44102","grades":"K-7","grades_guessed":false,"lo":0,"hi":7,"elem":1,"mid":1,"high":0,"enrollment":432,"pct_white":6.1,"pct_black":61,"pct_hispanic":22.6,"pct_asian":0,"pct_multi":9.9,"pct_other":0,"econ_dis_pct":100,"attendance":86.7,"chronic_abs":52.4,"stars_overall":3,"stars_achievement":2,"pi_pct":59.2,"stars_progress":4,"stars_gap":2,"stars_early_lit":1,"grad4":null,"stars_ccwmr":null,"affiliation":null,"st_ratio":null,"tuition_low":null,"tuition_high":null,"tuition_year":null,"tuition_basis":null,"edchoice":null,"tuition_source":null,"tuition_status":null,"tuition_notes":null,"demo_year":"2024-25","faith":"secular","website":"https://breakthroughschools.org/breakthrough-willard/","district_website":null},"geometry":{"type":"Point","coordinates":[-81.7481,41.471017]}},{"type":"Feature","properties":{"id":"irn:21457","name":"Lake Erie Bilingual Academy","sector":"public","kind":"charter","district_irn":null,"district":null,"address":"268 N State St Painesville, OH 44077","grades":"K-K","grades_guessed":false,"lo":0,"hi":0,"elem":1,"mid":0,"high":0,"enrollment":51,"pct_white":0,"pct_black":0,"pct_hispanic":77.5,"pct_asian":0,"pct_multi":0,"pct_other":0,"econ_dis_pct":85.4,"attendance":90.3,"chronic_abs":48.8,"stars_overall":2.5,"stars_achievement":3,"pi_pct":74,"stars_progress":null,"stars_gap":1,"stars_early_lit":null,"grad4":null,"stars_ccwmr":null,"affiliation":null,"st_ratio":null,"tuition_low":null,"tuition_high":null,"tuition_year":null,"tuition_basis":null,"edchoice":null,"tuition_source":null,"tuition_status":null,"tuition_notes":null,"demo_year":"2024-25","faith":"secular","website":"https://lebilingual.org/","district_website":null},"geometry":{"type":"Point","coordinates":[-81.244139,41.730587]}},{"type":"Feature","properties":{"id":"irn:560","name":"Apex Academy","sector":"public","kind":"charter","district_irn":null,"district":null,"address":"16005 Terrace Rd Cleveland, OH 44112","grades":"K-8","grades_guessed":false,"lo":0,"hi":8,"elem":1,"mid":1,"high":0,"enrollment":482,"pct_white":0,"pct_black":86,"pct_hispanic":0,"pct_asian":0,"pct_multi":10.3,"pct_other":0,"econ_dis_pct":100,"attendance":87,"chronic_abs":54.4,"stars_overall":2.5,"stars_achievement":2,"pi_pct":59.7,"stars_progress":3,"stars_gap":2,"stars_early_lit":2,"grad4":null,"stars_ccwmr":null,"affiliation":null,"st_ratio":null,"tuition_low":null,"tuition_high":null,"tuition_year":null,"tuition_basis":null,"edchoice":null,"tuition_source":null,"tuition_status":null,"tuition_notes":null,"demo_year":"2024-25","faith":"secular","website":"https://www.nhaschools.com/schools/apex-academy/en","district_website":null},"geometry":{"type":"Point","coordinates":[-81.566589,41.541177]}},{"type":"Feature","properties":{"id":"irn:11291","name":"Village Preparatory School Cliffs","sector":"public","kind":"charter","district_irn":null,"district":null,"address":"1417 E 36th St Cleveland, OH 44114","grades":"K-7","grades_guessed":false,"lo":0,"hi":7,"elem":1,"mid":1,"high":0,"enrollment":495,"pct_white":0,"pct_black":91.2,"pct_hispanic":0,"pct_asian":3.3,"pct_multi":3.4,"pct_other":0,"econ_dis_pct":99.4,"attendance":87.7,"chronic_abs":48.1,"stars_overall":3,"stars_achievement":2,"pi_pct":54.1,"stars_progress":5,"stars_gap":2,"stars_early_lit":1,"grad4":null,"stars_ccwmr":null,"affiliation":null,"st_ratio":null,"tuition_low":null,"tuition_high":null,"tuition_year":null,"tuition_basis":null,"edchoice":null,"tuition_source":null,"tuition_status":null,"tuition_notes":null,"demo_year":"2024-25","faith":"secular","website":"https://breakthroughschools.org/breakthrough-midtown/","district_website":null},"geometry":{"type":"Point","coordinates":[-81.667473,41.514762]}},{"type":"Feature","properties":{"id":"irn:838","name":"Horizon Science Academy-Denison Middle School","sector":"public","kind":"charter","district_irn":null,"district":null,"address":"1700 Denison Ave Cleveland, OH 44109","grades":"K-8","grades_guessed":false,"lo":0,"hi":8,"elem":1,"mid":1,"high":0,"enrollment":276,"pct_white":10.2,"pct_black":56.7,"pct_hispanic":24.1,"pct_asian":0,"pct_multi":7.8,"pct_other":0,"econ_dis_pct":100,"attendance":88.7,"chronic_abs":49.1,"stars_overall":3.5,"stars_achievement":2,"pi_pct":54.3,"stars_progress":5,"stars_gap":3,"stars_early_lit":2,"grad4":null,"stars_ccwmr":null,"affiliation":null,"st_ratio":null,"tuition_low":null,"tuition_high":null,"tuition_year":null,"tuition_basis":null,"edchoice":null,"tuition_source":null,"tuition_status":null,"tuition_notes":null,"demo_year":"2024-25","faith":"secular","website":"https://www.horizondenison.org/","district_website":null},"geometry":{"type":"Point","coordinates":[-81.69311,41.45157]}},{"type":"Feature","properties":{"id":"irn:14927","name":"Steel Academy","sector":"public","kind":"charter","district_irn":null,"district":null,"address":"1570 Creighton Ave Akron, OH 44310","grades":"9-12","grades_guessed":false,"lo":9,"hi":12,"elem":0,"mid":0,"high":1,"enrollment":89,"pct_white":20.6,"pct_black":65.3,"pct_hispanic":0,"pct_asian":0,"pct_multi":0,"pct_other":0,"econ_dis_pct":100,"attendance":78.6,"chronic_abs":63.6,"stars_overall":2,"stars_achievement":1,"pi_pct":37.1,"stars_progress":2,"stars_gap":3,"stars_early_lit":null,"grad4":36.4,"stars_ccwmr":null,"affiliation":null,"st_ratio":null,"tuition_low":null,"tuition_high":null,"tuition_year":null,"tuition_basis":null,"edchoice":null,"tuition_source":null,"tuition_status":null,"tuition_notes":null,"demo_year":"2024-25","faith":"secular","website":"https://www.steelacademyedu.org/","district_website":null},"geometry":{"type":"Point","coordinates":[-81.476885,41.106891]}},{"type":"Feature","properties":{"id":"irn:15261","name":"Citizens Academy Southeast","sector":"public","kind":"charter","district_irn":null,"district":null,"address":"15700 Lotus Dr Cleveland, OH 44128","grades":"K-7","grades_guessed":false,"lo":0,"hi":7,"elem":1,"mid":1,"high":0,"enrollment":588,"pct_white":0,"pct_black":96.9,"pct_hispanic":0,"pct_asian":0,"pct_multi":0,"pct_other":0,"econ_dis_pct":99.6,"attendance":87.5,"chronic_abs":46.4,"stars_overall":2,"stars_achievement":1,"pi_pct":48,"stars_progress":2,"stars_gap":1,"stars_early_lit":1,"grad4":null,"stars_ccwmr":null,"affiliation":null,"st_ratio":null,"tuition_low":null,"tuition_high":null,"tuition_year":null,"tuition_basis":null,"edchoice":null,"tuition_source":null,"tuition_status":null,"tuition_notes":null,"demo_year":"2024-25","faith":"secular","website":"https://breakthroughschools.org/breakthrough-southeast/","district_website":null},"geometry":{"type":"Point","coordinates":[-81.57045,41.44562]}},{"type":"Feature","properties":{"id":"irn:133538","name":"Edge Learning","sector":"public","kind":"charter","district_irn":null,"district":null,"address":"92 N Union St Akron, OH 44304","grades":"K-5","grades_guessed":false,"lo":0,"hi":5,"elem":1,"mid":0,"high":0,"enrollment":242,"pct_white":0,"pct_black":89.5,"pct_hispanic":0,"pct_asian":0,"pct_multi":5.8,"pct_other":0,"econ_dis_pct":100,"attendance":88.5,"chronic_abs":40.8,"stars_overall":2.5,"stars_achievement":2,"pi_pct":53.4,"stars_progress":3,"stars_gap":3,"stars_early_lit":1,"grad4":null,"stars_ccwmr":null,"affiliation":null,"st_ratio":null,"tuition_low":null,"tuition_high":null,"tuition_year":null,"tuition_basis":null,"edchoice":null,"tuition_source":null,"tuition_status":null,"tuition_notes":null,"demo_year":"2024-25","faith":"secular","website":"https://performanceacademies.com/the-edge-academy/","district_website":null},"geometry":{"type":"Point","coordinates":[-81.50673,41.083749]}},{"type":"Feature","properties":{"id":"irn:143487","name":"Constellation Schools: Stockyard Community Elementary","sector":"public","kind":"charter","district_irn":null,"district":null,"address":"3200 W 65th St Cleveland, OH 44102","grades":"K-6","grades_guessed":false,"lo":0,"hi":6,"elem":1,"mid":1,"high":0,"enrollment":122,"pct_white":23.7,"pct_black":24.1,"pct_hispanic":44.8,"pct_asian":0,"pct_multi":0,"pct_other":0,"econ_dis_pct":100,"attendance":84.2,"chronic_abs":60.3,"stars_overall":2,"stars_achievement":1,"pi_pct":45.9,"stars_progress":3,"stars_gap":1,"stars_early_lit":1,"grad4":null,"stars_ccwmr":null,"affiliation":null,"st_ratio":null,"tuition_low":null,"tuition_high":null,"tuition_year":null,"tuition_basis":null,"edchoice":null,"tuition_source":null,"tuition_status":null,"tuition_notes":null,"demo_year":"2024-25","faith":"secular","website":"https://constellationschools.com/stockyard-elementary/","district_website":null},"geometry":{"type":"Point","coordinates":[-81.73073,41.46738]}},{"type":"Feature","properties":{"id":"irn:19197","name":"Flex High School Cleveland","sector":"public","kind":"charter","district_irn":null,"district":null,"address":"5222 Wilson Mills Rd Richmond Heights, OH 44143","grades":"9-12","grades_guessed":false,"lo":9,"hi":12,"elem":0,"mid":0,"high":1,"enrollment":131,"pct_white":0,"pct_black":93,"pct_hispanic":0,"pct_asian":0,"pct_multi":0,"pct_other":0,"econ_dis_pct":94.8,"attendance":66.4,"chronic_abs":84.3,"stars_overall":2,"stars_achievement":2,"pi_pct":51.2,"stars_progress":null,"stars_gap":4,"stars_early_lit":null,"grad4":13.1,"stars_ccwmr":null,"affiliation":null,"st_ratio":null,"tuition_low":null,"tuition_high":null,"tuition_year":null,"tuition_basis":null,"edchoice":null,"tuition_source":null,"tuition_status":null,"tuition_notes":null,"demo_year":"2024-25","faith":"secular","website":"https://flexhigh.org/","district_website":null},"geometry":{"type":"Point","coordinates":[-81.491671,41.538868]}},{"type":"Feature","properties":{"id":"irn:21446","name":"ACE Community Academy","sector":"public","kind":"charter","district_irn":null,"district":null,"address":"14785 Thompson Ave Middlefield, OH 44062","grades":"9-9","grades_guessed":false,"lo":9,"hi":9,"elem":0,"mid":0,"high":1,"enrollment":26,"pct_white":96.2,"pct_black":0,"pct_hispanic":0,"pct_asian":0,"pct_multi":0,"pct_other":0,"econ_dis_pct":50,"attendance":86,"chronic_abs":58,"stars_overall":1.5,"stars_achievement":1,"pi_pct":48.9,"stars_progress":null,"stars_gap":1,"stars_early_lit":null,"grad4":null,"stars_ccwmr":null,"affiliation":null,"st_ratio":null,"tuition_low":null,"tuition_high":null,"tuition_year":null,"tuition_basis":null,"edchoice":null,"tuition_source":null,"tuition_status":null,"tuition_notes":null,"demo_year":"2024-25","faith":"secular","website":"https://www.acegeauga.org/","district_website":null},"geometry":{"type":"Point","coordinates":[-81.06705,41.46627]}},{"type":"Feature","properties":{"id":"irn:316","name":"Constellation Schools: Westpark Community Middle","sector":"public","kind":"charter","district_irn":null,"district":null,"address":"16210 Lorain Ave Cleveland, OH 44111","grades":"5-8","grades_guessed":false,"lo":5,"hi":8,"elem":1,"mid":1,"high":0,"enrollment":168,"pct_white":39.3,"pct_black":10.7,"pct_hispanic":38.1,"pct_asian":0,"pct_multi":9.6,"pct_other":0,"econ_dis_pct":99.8,"attendance":88.8,"chronic_abs":43.5,"stars_overall":2.5,"stars_achievement":2,"pi_pct":65.1,"stars_progress":2,"stars_gap":3,"stars_early_lit":null,"grad4":null,"stars_ccwmr":null,"affiliation":null,"st_ratio":null,"tuition_low":null,"tuition_high":null,"tuition_year":null,"tuition_basis":null,"edchoice":null,"tuition_source":null,"tuition_status":null,"tuition_notes":null,"demo_year":"2024-25","faith":"secular","website":"https://constellationschools.com/westpark-middle/","district_website":null},"geometry":{"type":"Point","coordinates":[-81.81218,41.45156]}},{"type":"Feature","properties":{"id":"irn:22113","name":"T-Squared Honors Academy--North","sector":"public","kind":"charter","district_irn":null,"district":null,"address":"1975 Noble Rd Bldg 326 East Cleveland, OH 44112","grades":null,"grades_guessed":false,"lo":null,"hi":null,"elem":1,"mid":1,"high":1,"enrollment":null,"pct_white":null,"pct_black":null,"pct_hispanic":null,"pct_asian":null,"pct_multi":null,"pct_other":null,"econ_dis_pct":null,"attendance":null,"chronic_abs":null,"stars_overall":null,"stars_achievement":null,"pi_pct":null,"stars_progress":null,"stars_gap":null,"stars_early_lit":null,"grad4":null,"stars_ccwmr":null,"affiliation":null,"st_ratio":null,"tuition_low":null,"tuition_high":null,"tuition_year":null,"tuition_basis":null,"edchoice":null,"tuition_source":null,"tuition_status":null,"tuition_notes":null,"demo_year":"2024-25","faith":"secular","website":"http://tsquaredacademy.com/","district_website":null},"geometry":{"type":"Point","coordinates":[-81.561824,41.539966]}},{"type":"Feature","properties":{"id":"irn:318","name":"Menlo Park Academy","sector":"public","kind":"charter","district_irn":null,"district":null,"address":"2149 W 53rd St Cleveland, OH 44102","grades":"K-8","grades_guessed":false,"lo":0,"hi":8,"elem":1,"mid":1,"high":0,"enrollment":330,"pct_white":54.1,"pct_black":18.2,"pct_hispanic":8.3,"pct_asian":9.9,"pct_multi":8.9,"pct_other":0,"econ_dis_pct":36.4,"attendance":93.4,"chronic_abs":14.8,"stars_overall":4.5,"stars_achievement":5,"pi_pct":93.6,"stars_progress":3,"stars_gap":5,"stars_early_lit":5,"grad4":null,"stars_ccwmr":null,"affiliation":null,"st_ratio":null,"tuition_low":null,"tuition_high":null,"tuition_year":null,"tuition_basis":null,"edchoice":null,"tuition_source":null,"tuition_status":null,"tuition_notes":null,"demo_year":"2024-25","faith":"secular","website":"https://menloparkacademy.com/","district_website":null},"geometry":{"type":"Point","coordinates":[-81.72073,41.47316]}},{"type":"Feature","properties":{"id":"irn:16837","name":"Orchard Park Academy","sector":"public","kind":"charter","district_irn":null,"district":null,"address":"14440 Triskett Rd Cleveland, OH 44111","grades":"K-8","grades_guessed":false,"lo":0,"hi":8,"elem":1,"mid":1,"high":0,"enrollment":375,"pct_white":14.1,"pct_black":38.3,"pct_hispanic":15.9,"pct_asian":20,"pct_multi":11.7,"pct_other":0,"econ_dis_pct":100,"attendance":91.1,"chronic_abs":32.5,"stars_overall":3,"stars_achievement":2,"pi_pct":59.8,"stars_progress":4,"stars_gap":3,"stars_early_lit":2,"grad4":null,"stars_ccwmr":null,"affiliation":null,"st_ratio":null,"tuition_low":null,"tuition_high":null,"tuition_year":null,"tuition_basis":null,"edchoice":null,"tuition_source":null,"tuition_status":null,"tuition_notes":null,"demo_year":"2024-25","faith":"secular","website":"https://www.orchardparkacademy.org/","district_website":null},"geometry":{"type":"Point","coordinates":[-81.794938,41.461346]}},{"type":"Feature","properties":{"id":"irn:8063","name":"Cascade Career Prep High School","sector":"public","kind":"charter","district_irn":null,"district":null,"address":"1458 Brittain Rd Akron, OH 44310","grades":"9-11","grades_guessed":false,"lo":9,"hi":11,"elem":0,"mid":0,"high":1,"enrollment":97,"pct_white":25.6,"pct_black":57.7,"pct_hispanic":0,"pct_asian":0,"pct_multi":12.7,"pct_other":0,"econ_dis_pct":100,"attendance":34.2,"chronic_abs":95.9,"stars_overall":1.5,"stars_achievement":1,"pi_pct":31.4,"stars_progress":1,"stars_gap":2,"stars_early_lit":null,"grad4":30.3,"stars_ccwmr":null,"affiliation":null,"st_ratio":null,"tuition_low":null,"tuition_high":null,"tuition_year":null,"tuition_basis":null,"edchoice":null,"tuition_source":null,"tuition_status":null,"tuition_notes":null,"demo_year":"2024-25","faith":"secular","website":"https://www.careerprepschool.org/cascade-career-prep","district_website":null},"geometry":{"type":"Point","coordinates":[-81.466522,41.102667]}},{"type":"Feature","properties":{"id":"irn:8286","name":"Harvard Avenue Performance Academy","sector":"public","kind":"charter","district_irn":null,"district":null,"address":"12000 Harvard Ave Cleveland, OH 44105","grades":"K-8","grades_guessed":false,"lo":0,"hi":8,"elem":1,"mid":1,"high":0,"enrollment":375,"pct_white":0,"pct_black":96.5,"pct_hispanic":0,"pct_asian":0,"pct_multi":0,"pct_other":0,"econ_dis_pct":100,"attendance":84.2,"chronic_abs":57.8,"stars_overall":4.5,"stars_achievement":2,"pi_pct":69,"stars_progress":5,"stars_gap":4,"stars_early_lit":5,"grad4":null,"stars_ccwmr":null,"affiliation":null,"st_ratio":null,"tuition_low":null,"tuition_high":null,"tuition_year":null,"tuition_basis":null,"edchoice":null,"tuition_source":null,"tuition_status":null,"tuition_notes":null,"demo_year":"2024-25","faith":"secular","website":"https://performanceacademies.com/harvard-performance-academy/","district_website":null},"geometry":{"type":"Point","coordinates":[-81.59844,41.44805]}},{"type":"Feature","properties":{"id":"irn:133256","name":"Constellation Schools: Parma Community","sector":"public","kind":"charter","district_irn":null,"district":null,"address":"7667 Day Dr Fl 1ST Parma, OH 44129","grades":"K-12","grades_guessed":false,"lo":0,"hi":12,"elem":1,"mid":1,"high":1,"enrollment":1215,"pct_white":55,"pct_black":11.3,"pct_hispanic":23,"pct_asian":1.6,"pct_multi":9,"pct_other":0,"econ_dis_pct":100,"attendance":87.4,"chronic_abs":46.9,"stars_overall":2.5,"stars_achievement":2,"pi_pct":59.5,"stars_progress":2,"stars_gap":3,"stars_early_lit":1,"grad4":91.9,"stars_ccwmr":1,"affiliation":null,"st_ratio":null,"tuition_low":null,"tuition_high":null,"tuition_year":null,"tuition_basis":null,"edchoice":null,"tuition_source":null,"tuition_status":null,"tuition_notes":null,"demo_year":"2024-25","faith":"secular","website":"https://constellationschools.com/parma-day-drive-elementary/","district_website":null},"geometry":{"type":"Point","coordinates":[-81.736647,41.380371]}},{"type":"Feature","properties":{"id":"irn:13148","name":"Stepstone Academy","sector":"public","kind":"charter","district_irn":null,"district":null,"address":"3328 Carnegie Ave Cleveland, OH 44115","grades":"K-8","grades_guessed":false,"lo":0,"hi":8,"elem":1,"mid":1,"high":0,"enrollment":192,"pct_white":0,"pct_black":94.2,"pct_hispanic":0,"pct_asian":0,"pct_multi":0,"pct_other":0,"econ_dis_pct":97,"attendance":84.4,"chronic_abs":66.9,"stars_overall":2.5,"stars_achievement":2,"pi_pct":50.2,"stars_progress":2,"stars_gap":3,"stars_early_lit":2,"grad4":null,"stars_ccwmr":null,"affiliation":null,"st_ratio":null,"tuition_low":null,"tuition_high":null,"tuition_year":null,"tuition_basis":null,"edchoice":null,"tuition_source":null,"tuition_status":null,"tuition_notes":null,"demo_year":"2024-25","faith":"secular","website":"https://stepstoneacademy.org/","district_website":null},"geometry":{"type":"Point","coordinates":[-81.66368,41.49977]}},{"type":"Feature","properties":{"id":"irn:13132","name":"Lake Erie College Preparatory School","sector":"public","kind":"charter","district_irn":null,"district":null,"address":"14405 Saint Clair Ave Cleveland, OH 44110","grades":"K-8","grades_guessed":false,"lo":0,"hi":8,"elem":1,"mid":1,"high":0,"enrollment":279,"pct_white":0,"pct_black":93.6,"pct_hispanic":3.8,"pct_asian":0,"pct_multi":0,"pct_other":0,"econ_dis_pct":100,"attendance":82.6,"chronic_abs":63.9,"stars_overall":4,"stars_achievement":2,"pi_pct":58.3,"stars_progress":5,"stars_gap":5,"stars_early_lit":1,"grad4":null,"stars_ccwmr":null,"affiliation":null,"st_ratio":null,"tuition_low":null,"tuition_high":null,"tuition_year":null,"tuition_basis":null,"edchoice":null,"tuition_source":null,"tuition_status":null,"tuition_notes":null,"demo_year":"2024-25","faith":"secular","website":"https://lakeerieprep.org/","district_website":null},"geometry":{"type":"Point","coordinates":[-81.58125,41.55246]}},{"type":"Feature","properties":{"id":"irn:575","name":"Northwest School of the Arts","sector":"public","kind":"charter","district_irn":null,"district":null,"address":"1441 W 116th St Cleveland, OH 44102","grades":"K-8","grades_guessed":false,"lo":0,"hi":8,"elem":1,"mid":1,"high":0,"enrollment":280,"pct_white":14.1,"pct_black":59.2,"pct_hispanic":15.8,"pct_asian":0,"pct_multi":9.4,"pct_other":0,"econ_dis_pct":100,"attendance":85.8,"chronic_abs":56.5,"stars_overall":4,"stars_achievement":3,"pi_pct":72.5,"stars_progress":4,"stars_gap":5,"stars_early_lit":4,"grad4":null,"stars_ccwmr":null,"affiliation":null,"st_ratio":null,"tuition_low":null,"tuition_high":null,"tuition_year":null,"tuition_basis":null,"edchoice":null,"tuition_source":null,"tuition_status":null,"tuition_notes":null,"demo_year":"2024-25","faith":"secular","website":"https://nwsota.org/","district_website":null},"geometry":{"type":"Point","coordinates":[-81.767265,41.482041]}},{"type":"Feature","properties":{"id":"irn:13253","name":"Ohio College Preparatory School","sector":"public","kind":"charter","district_irn":null,"district":null,"address":"21100 Southgate Park Blvd Maple Heights, OH 44137","grades":"K-8","grades_guessed":false,"lo":0,"hi":8,"elem":1,"mid":1,"high":0,"enrollment":164,"pct_white":0,"pct_black":90.9,"pct_hispanic":0,"pct_asian":0,"pct_multi":0,"pct_other":0,"econ_dis_pct":100,"attendance":86.3,"chronic_abs":56.9,"stars_overall":4.5,"stars_achievement":3,"pi_pct":76.9,"stars_progress":5,"stars_gap":5,"stars_early_lit":2,"grad4":null,"stars_ccwmr":null,"affiliation":null,"st_ratio":null,"tuition_low":null,"tuition_high":null,"tuition_year":null,"tuition_basis":null,"edchoice":null,"tuition_source":null,"tuition_status":null,"tuition_notes":null,"demo_year":"2024-25","faith":"secular","website":"https://ohiocollegeprep.org/","district_website":null},"geometry":{"type":"Point","coordinates":[-81.53124,41.41401]}},{"type":"Feature","properties":{"id":"irn:133868","name":"Towpath Trail High School","sector":"public","kind":"charter","district_irn":null,"district":null,"address":"275 W Market St Akron, OH 44303","grades":"9-12","grades_guessed":false,"lo":9,"hi":12,"elem":0,"mid":0,"high":1,"enrollment":789,"pct_white":46.4,"pct_black":37.3,"pct_hispanic":2,"pct_asian":0,"pct_multi":13.5,"pct_other":0,"econ_dis_pct":100,"attendance":51.8,"chronic_abs":97.6,"stars_overall":1.5,"stars_achievement":2,"pi_pct":52.1,"stars_progress":1,"stars_gap":1,"stars_early_lit":null,"grad4":44.8,"stars_ccwmr":null,"affiliation":null,"st_ratio":null,"tuition_low":null,"tuition_high":null,"tuition_year":null,"tuition_basis":null,"edchoice":null,"tuition_source":null,"tuition_status":null,"tuition_notes":null,"demo_year":"2024-25","faith":"secular","website":"http://www.towpathtrailhigh.org/","district_website":null},"geometry":{"type":"Point","coordinates":[-81.526301,41.089635]}},{"type":"Feature","properties":{"id":"irn:22079","name":"Shoreway High School","sector":"public","kind":"charter","district_irn":null,"district":null,"address":"4243 Fulton Rd Cleveland, OH 44144","grades":"9-12","grades_guessed":true,"lo":9,"hi":12,"elem":0,"mid":0,"high":1,"enrollment":null,"pct_white":null,"pct_black":null,"pct_hispanic":null,"pct_asian":null,"pct_multi":null,"pct_other":null,"econ_dis_pct":null,"attendance":null,"chronic_abs":null,"stars_overall":null,"stars_achievement":null,"pi_pct":null,"stars_progress":null,"stars_gap":null,"stars_early_lit":null,"grad4":null,"stars_ccwmr":null,"affiliation":null,"st_ratio":null,"tuition_low":null,"tuition_high":null,"tuition_year":null,"tuition_basis":null,"edchoice":null,"tuition_source":null,"tuition_status":null,"tuition_notes":null,"demo_year":"2024-25","faith":"secular","website":"https://shorewayhighschool.com/","district_website":null},"geometry":{"type":"Point","coordinates":[-81.72291,41.44111]}},{"type":"Feature","properties":{"id":"irn:15329","name":"iSTEM","sector":"public","kind":"stem","district_irn":null,"district":null,"address":"1800 Mentor Ave Painesville, OH 44077","grades":"6-12","grades_guessed":false,"lo":6,"hi":12,"elem":0,"mid":1,"high":1,"enrollment":154,"pct_white":81.2,"pct_black":0,"pct_hispanic":0,"pct_asian":0,"pct_multi":9.7,"pct_other":0,"econ_dis_pct":28.2,"attendance":91.8,"chronic_abs":24.5,"stars_overall":4,"stars_achievement":4,"pi_pct":82.6,"stars_progress":3,"stars_gap":4,"stars_early_lit":null,"grad4":97.8,"stars_ccwmr":4,"affiliation":null,"st_ratio":null,"tuition_low":null,"tuition_high":null,"tuition_year":null,"tuition_basis":null,"edchoice":null,"tuition_source":null,"tuition_status":null,"tuition_notes":null,"demo_year":"2024-25","faith":"secular","website":"https://www.istemghs.org/","district_website":null},"geometry":{"type":"Point","coordinates":[-81.28507,41.69523]}},{"type":"Feature","properties":{"id":"irn:64436","name":"Luther E Ball (Chjcf)","sector":"public","kind":"district","district_irn":null,"district":null,"address":"4321 Green Rd Highland Hills, OH 44128","grades":null,"grades_guessed":false,"lo":null,"hi":null,"elem":1,"mid":1,"high":1,"enrollment":null,"pct_white":null,"pct_black":null,"pct_hispanic":null,"pct_asian":null,"pct_multi":null,"pct_other":null,"econ_dis_pct":null,"attendance":null,"chronic_abs":null,"stars_overall":null,"stars_achievement":null,"pi_pct":null,"stars_progress":null,"stars_gap":null,"stars_early_lit":null,"grad4":null,"stars_ccwmr":null,"affiliation":null,"st_ratio":null,"tuition_low":null,"tuition_high":null,"tuition_year":null,"tuition_basis":null,"edchoice":null,"tuition_source":null,"tuition_status":null,"tuition_notes":null,"demo_year":"2024-25","faith":"secular","website":null,"district_website":null},"geometry":{"type":"Point","coordinates":[-81.516827,41.445533]}},{"type":"Feature","properties":{"id":"irn:16812","name":"SMART Academy","sector":"public","kind":"charter","district_irn":null,"district":null,"address":"4351 E 131st St Garfield Heights, OH 44105","grades":"K-5","grades_guessed":false,"lo":0,"hi":5,"elem":1,"mid":0,"high":0,"enrollment":94,"pct_white":0,"pct_black":88,"pct_hispanic":0,"pct_asian":0,"pct_multi":0,"pct_other":0,"econ_dis_pct":100,"attendance":88.5,"chronic_abs":41.4,"stars_overall":3.5,"stars_achievement":2,"pi_pct":69.5,"stars_progress":null,"stars_gap":4,"stars_early_lit":4,"grad4":null,"stars_ccwmr":null,"affiliation":null,"st_ratio":null,"tuition_low":null,"tuition_high":null,"tuition_year":null,"tuition_basis":null,"edchoice":null,"tuition_source":null,"tuition_status":null,"tuition_notes":null,"demo_year":"2024-25","faith":"secular","website":"https://www.smartacademycle.org/","district_website":null},"geometry":{"type":"Point","coordinates":[-81.590917,41.440994]}},{"type":"Feature","properties":{"id":"irn:19497","name":"Auburn Vocational","sector":"public","kind":"vocational","district_irn":null,"district":null,"address":"8140 Auburn Rd Painesville, OH 44077","grades":"11-12","grades_guessed":true,"lo":11,"hi":12,"elem":0,"mid":0,"high":1,"enrollment":null,"pct_white":null,"pct_black":null,"pct_hispanic":null,"pct_asian":null,"pct_multi":null,"pct_other":null,"econ_dis_pct":null,"attendance":null,"chronic_abs":null,"stars_overall":null,"stars_achievement":null,"pi_pct":null,"stars_progress":null,"stars_gap":null,"stars_early_lit":null,"grad4":null,"stars_ccwmr":null,"affiliation":null,"st_ratio":null,"tuition_low":null,"tuition_high":null,"tuition_year":null,"tuition_basis":null,"edchoice":null,"tuition_source":null,"tuition_status":null,"tuition_notes":null,"demo_year":"2024-25","faith":"secular","website":"https://www.auburncareercenter.org/","district_website":null},"geometry":{"type":"Point","coordinates":[-81.24414,41.64939]}},{"type":"Feature","properties":{"id":"irn:63503","name":"Portage Lakes Career Center","sector":"public","kind":"vocational","district_irn":null,"district":null,"address":"4401 Shriver Rd Uniontown, OH 44685","grades":"11-12","grades_guessed":true,"lo":11,"hi":12,"elem":0,"mid":0,"high":1,"enrollment":null,"pct_white":null,"pct_black":null,"pct_hispanic":null,"pct_asian":null,"pct_multi":null,"pct_other":null,"econ_dis_pct":null,"attendance":null,"chronic_abs":null,"stars_overall":null,"stars_achievement":null,"pi_pct":null,"stars_progress":null,"stars_gap":null,"stars_early_lit":null,"grad4":null,"stars_ccwmr":null,"affiliation":null,"st_ratio":null,"tuition_low":null,"tuition_high":null,"tuition_year":null,"tuition_basis":null,"edchoice":null,"tuition_source":null,"tuition_status":null,"tuition_notes":null,"demo_year":"2024-25","faith":"secular","website":"https://plcc.edu/","district_website":null},"geometry":{"type":"Point","coordinates":[-81.47029,40.943041]}},{"type":"Feature","properties":{"id":"irn:62117","name":"Medina County Career Center","sector":"public","kind":"vocational","district_irn":null,"district":null,"address":"1101 W Liberty St Medina, OH 44256","grades":"11-12","grades_guessed":true,"lo":11,"hi":12,"elem":0,"mid":0,"high":1,"enrollment":null,"pct_white":null,"pct_black":null,"pct_hispanic":null,"pct_asian":null,"pct_multi":null,"pct_other":null,"econ_dis_pct":null,"attendance":null,"chronic_abs":null,"stars_overall":null,"stars_achievement":null,"pi_pct":null,"stars_progress":null,"stars_gap":null,"stars_early_lit":null,"grad4":null,"stars_ccwmr":null,"affiliation":null,"st_ratio":null,"tuition_low":null,"tuition_high":null,"tuition_year":null,"tuition_basis":null,"edchoice":null,"tuition_source":null,"tuition_status":null,"tuition_notes":null,"demo_year":"2024-25","faith":"secular","website":"https://mcjvs.edu/","district_website":null},"geometry":{"type":"Point","coordinates":[-81.900408,41.152272]}},{"type":"Feature","properties":{"id":"irn:50955","name":"Polaris Career Center","sector":"public","kind":"vocational","district_irn":null,"district":null,"address":"7285 Old Oak Blvd Middleburg Heights, OH 44130","grades":"11-12","grades_guessed":true,"lo":11,"hi":12,"elem":0,"mid":0,"high":1,"enrollment":null,"pct_white":null,"pct_black":null,"pct_hispanic":null,"pct_asian":null,"pct_multi":null,"pct_other":null,"econ_dis_pct":null,"attendance":null,"chronic_abs":null,"stars_overall":null,"stars_achievement":null,"pi_pct":null,"stars_progress":null,"stars_gap":null,"stars_early_lit":null,"grad4":null,"stars_ccwmr":null,"affiliation":null,"st_ratio":null,"tuition_low":null,"tuition_high":null,"tuition_year":null,"tuition_basis":null,"edchoice":null,"tuition_source":null,"tuition_status":null,"tuition_notes":null,"demo_year":"2024-25","faith":"secular","website":"https://www.polaris.edu/","district_website":null},"geometry":{"type":"Point","coordinates":[-81.83336,41.3693]}},{"type":"Feature","properties":{"id":"irn:64634","name":"Northern Career Institute","sector":"public","kind":"vocational","district_irn":null,"district":null,"address":"34343 Euclid Ave Willoughby, OH 44094","grades":"11-12","grades_guessed":true,"lo":11,"hi":12,"elem":0,"mid":0,"high":1,"enrollment":null,"pct_white":null,"pct_black":null,"pct_hispanic":null,"pct_asian":null,"pct_multi":null,"pct_other":null,"econ_dis_pct":null,"attendance":null,"chronic_abs":null,"stars_overall":null,"stars_achievement":null,"pi_pct":null,"stars_progress":null,"stars_gap":null,"stars_early_lit":null,"grad4":null,"stars_ccwmr":null,"affiliation":null,"st_ratio":null,"tuition_low":null,"tuition_high":null,"tuition_year":null,"tuition_basis":null,"edchoice":null,"tuition_source":null,"tuition_status":null,"tuition_notes":null,"demo_year":"2024-25","faith":"secular","website":"https://nciwilloughby.weschools.org/","district_website":null},"geometry":{"type":"Point","coordinates":[-81.443411,41.624264]}},{"type":"Feature","properties":{"id":"irn:51235","name":"William R Burton","sector":"public","kind":"vocational","district_irn":null,"district":null,"address":"15181 State Route 58 Oberlin, OH 44074","grades":null,"grades_guessed":false,"lo":null,"hi":null,"elem":1,"mid":1,"high":1,"enrollment":null,"pct_white":null,"pct_black":null,"pct_hispanic":null,"pct_asian":null,"pct_multi":null,"pct_other":null,"econ_dis_pct":null,"attendance":null,"chronic_abs":null,"stars_overall":null,"stars_achievement":null,"pi_pct":null,"stars_progress":null,"stars_gap":null,"stars_early_lit":null,"grad4":null,"stars_ccwmr":null,"affiliation":null,"st_ratio":null,"tuition_low":null,"tuition_high":null,"tuition_year":null,"tuition_basis":null,"edchoice":null,"tuition_source":null,"tuition_status":null,"tuition_notes":null,"demo_year":"2024-25","faith":"secular","website":"https://www.lcjvs.com/","district_website":null},"geometry":{"type":"Point","coordinates":[-82.21268,41.2629]}},{"type":"Feature","properties":{"id":"irn:50930","name":"Cuyahoga Valley Career Center","sector":"public","kind":"vocational","district_irn":null,"district":null,"address":"8001 Brecksville Rd Brecksville, OH 44141","grades":"11-12","grades_guessed":true,"lo":11,"hi":12,"elem":0,"mid":0,"high":1,"enrollment":null,"pct_white":null,"pct_black":null,"pct_hispanic":null,"pct_asian":null,"pct_multi":null,"pct_other":null,"econ_dis_pct":null,"attendance":null,"chronic_abs":null,"stars_overall":null,"stars_achievement":null,"pi_pct":null,"stars_progress":null,"stars_gap":null,"stars_early_lit":null,"grad4":null,"stars_ccwmr":null,"affiliation":null,"st_ratio":null,"tuition_low":null,"tuition_high":null,"tuition_year":null,"tuition_basis":null,"edchoice":null,"tuition_source":null,"tuition_status":null,"tuition_notes":null,"demo_year":"2024-25","faith":"secular","website":"https://cvccworks.edu/","district_website":null},"geometry":{"type":"Point","coordinates":[-81.62357,41.34467]}},{"type":"Feature","properties":{"id":"irn:176","name":"Al Ihsan Islamic School","sector":"private","kind":"chartered nonpublic","district_irn":null,"district":null,"address":"4600 Rocky River Dr Cleveland, OH 44135","grades":"K-12","grades_guessed":false,"lo":0,"hi":12,"elem":1,"mid":1,"high":1,"enrollment":267,"pct_white":37.5,"pct_black":18.7,"pct_hispanic":0,"pct_asian":25.1,"pct_multi":0,"pct_other":18.7,"econ_dis_pct":null,"attendance":null,"chronic_abs":null,"stars_overall":null,"stars_achievement":null,"pi_pct":null,"stars_progress":null,"stars_gap":null,"stars_early_lit":null,"grad4":null,"stars_ccwmr":null,"affiliation":"Islamic","st_ratio":8.9,"tuition_low":6166,"tuition_high":8407,"tuition_year":"2025-26","tuition_basis":"K-8 vs grades 9-12","edchoice":"yes","tuition_source":"https://www.alihsanschools.org/admissions#tuition_and_fees","tuition_status":"published","tuition_notes":"pass 2: school moved to alihsanschools.org (old .net dead); current Tuition & Fees section lists K-8 $6,166, 9-12 $8,407, preschool $5,800, Hifz $4,500; year not printed, inferred 2025-26 from FY26 scholarship forms on same page; rates equal Ohio scholarship amounts; no sibling discounts since 2023-24","demo_year":"2023-24","faith":"religious","website":"https://www.alihsanschools.org/","district_website":null},"geometry":{"type":"Point","coordinates":[-81.82556,41.4302]}},{"type":"Feature","properties":{"id":"irn:53926","name":"The University School - College Prep","sector":"private","kind":"chartered nonpublic","district_irn":null,"district":null,"address":"2785 Som Center Rd Chagrin Falls, OH 44022","grades":"9-12","grades_guessed":true,"lo":9,"hi":12,"elem":0,"mid":0,"high":1,"enrollment":null,"pct_white":null,"pct_black":null,"pct_hispanic":null,"pct_asian":null,"pct_multi":null,"pct_other":null,"econ_dis_pct":null,"attendance":null,"chronic_abs":null,"stars_overall":null,"stars_achievement":null,"pi_pct":null,"stars_progress":null,"stars_gap":null,"stars_early_lit":null,"grad4":null,"stars_ccwmr":null,"affiliation":"Nonsectarian independent (boys)","st_ratio":null,"tuition_low":42100,"tuition_high":43940,"tuition_year":"2026-27","tuition_basis":"grade 9 vs grade 12 (Hunting Valley campus)","edchoice":"unknown","tuition_source":"https://www.us.edu/admission/affordability","tuition_status":"published","tuition_notes":"All-boys upper school; books (~$500) extra; need-based aid","demo_year":null,"faith":"secular","website":"https://www.us.edu/","district_website":null},"geometry":{"type":"Point","coordinates":[-81.42852,41.4863]}},{"type":"Feature","properties":{"id":"irn:55855","name":"Our Lady Of Mt Carmel West","sector":"private","kind":"chartered nonpublic","district_irn":null,"district":null,"address":"1355 W 70th St Cleveland, OH 44102","grades":"PK-8","grades_guessed":false,"lo":-1,"hi":8,"elem":1,"mid":1,"high":0,"enrollment":174,"pct_white":17.2,"pct_black":7.5,"pct_hispanic":59.8,"pct_asian":5.2,"pct_multi":9.2,"pct_other":1.1,"econ_dis_pct":null,"attendance":null,"chronic_abs":null,"stars_overall":null,"stars_achievement":null,"pi_pct":null,"stars_progress":null,"stars_gap":null,"stars_early_lit":null,"grad4":null,"stars_ccwmr":null,"affiliation":"Catholic (Diocese of Cleveland)","st_ratio":11.2,"tuition_low":null,"tuition_high":null,"tuition_year":null,"tuition_basis":null,"edchoice":"unknown","tuition_source":"https://www.dioceseofcleveland.org/directories/parish-directory/our-lady-of-mt-carmel-school","tuition_status":"not_found","tuition_notes":"Parish site (olmc-cleveland.org) blocks automated access; no rate found; pass 2: nothing better","demo_year":"2023-24","faith":"catholic","website":"http://www.olmc-cleveland.org/","district_website":null},"geometry":{"type":"Point","coordinates":[-81.73314,41.48413]}},{"type":"Feature","properties":{"id":"irn:56762","name":"St Charles Borromeo","sector":"private","kind":"chartered nonpublic","district_irn":null,"district":null,"address":"7107 Wilber Ave Parma, OH 44129","grades":"PK-8","grades_guessed":false,"lo":-1,"hi":8,"elem":1,"mid":1,"high":0,"enrollment":416,"pct_white":81.0,"pct_black":1.9,"pct_hispanic":5.8,"pct_asian":1.4,"pct_multi":9.9,"pct_other":0,"econ_dis_pct":null,"attendance":null,"chronic_abs":null,"stars_overall":null,"stars_achievement":null,"pi_pct":null,"stars_progress":null,"stars_gap":null,"stars_early_lit":null,"grad4":null,"stars_ccwmr":null,"affiliation":"Catholic (Diocese of Cleveland)","st_ratio":18.6,"tuition_low":8400,"tuition_high":10000,"tuition_year":"2025-26","tuition_basis":"parishioner vs non-Catholic, TK-8 (Catholic non-parishioner $9,700)","edchoice":"unknown","tuition_source":"https://www.scb.school/apps/pages/index.jsp?uREC_ID=305823&type=d&pREC_ID=707469","tuition_status":"published","tuition_notes":"Parish multi-child discount; 2026-27 not confirmed","demo_year":"2023-24","faith":"catholic","website":"https://www.scb.school/","district_website":null},"geometry":{"type":"Point","coordinates":[-81.733122,41.402871]}},{"type":"Feature","properties":{"id":"irn:56358","name":"St Mary Byzantine","sector":"private","kind":"chartered nonpublic","district_irn":null,"district":null,"address":"4600 State Rd Cleveland, OH 44109","grades":"PK-8","grades_guessed":false,"lo":-1,"hi":8,"elem":1,"mid":1,"high":0,"enrollment":143,"pct_white":54.5,"pct_black":20.3,"pct_hispanic":7.0,"pct_asian":4.9,"pct_multi":13.3,"pct_other":0,"econ_dis_pct":null,"attendance":null,"chronic_abs":null,"stars_overall":null,"stars_achievement":null,"pi_pct":null,"stars_progress":null,"stars_gap":null,"stars_early_lit":null,"grad4":null,"stars_ccwmr":null,"affiliation":"Byzantine Catholic (Eparchy of Parma)","st_ratio":12.1,"tuition_low":6500,"tuition_high":6500,"tuition_year":"2025-26","tuition_basis":"single rate, K-8","edchoice":"yes","tuition_source":"https://www.stmarybyzantine.com/admissions/aide.shtm","tuition_status":"published","tuition_notes":"Accepts Cleveland Scholarship and EdChoice","demo_year":"2023-24","faith":"catholic","website":"https://www.stmarybyzantine.com/","district_website":null},"geometry":{"type":"Point","coordinates":[-81.70798,41.43029]}},{"type":"Feature","properties":{"id":"irn:56770","name":"St Columbkille","sector":"private","kind":"chartered nonpublic","district_irn":null,"district":null,"address":"6740 Broadview Rd Parma, OH 44134","grades":"PK-8","grades_guessed":false,"lo":-1,"hi":8,"elem":1,"mid":1,"high":0,"enrollment":297,"pct_white":90.2,"pct_black":0.7,"pct_hispanic":0,"pct_asian":3.0,"pct_multi":6.1,"pct_other":0,"econ_dis_pct":null,"attendance":null,"chronic_abs":null,"stars_overall":null,"stars_achievement":null,"pi_pct":null,"stars_progress":null,"stars_gap":null,"stars_early_lit":null,"grad4":null,"stars_ccwmr":null,"affiliation":"Catholic (Diocese of Cleveland)","st_ratio":13.0,"tuition_low":6675,"tuition_high":6675,"tuition_year":"2026-27","tuition_basis":"single posted rate, K-8","edchoice":"yes","tuition_source":"https://www.stcolumbkilleschool.org/tuition-info","tuition_status":"published","tuition_notes":"Max out-of-pocket $3,525 with EdChoice ($4,525 without); multi-child maximums lower","demo_year":"2023-24","faith":"catholic","website":"https://www.stcolumbkilleschool.org/","district_website":null},"geometry":{"type":"Point","coordinates":[-81.684959,41.381178]}},{"type":"Feature","properties":{"id":"irn:56994","name":"St Anthony Of Padua","sector":"private","kind":"chartered nonpublic","district_irn":null,"district":null,"address":"80 E York St Akron, OH 44310","grades":"K-8","grades_guessed":false,"lo":0,"hi":8,"elem":1,"mid":1,"high":0,"enrollment":219,"pct_white":6.4,"pct_black":26.5,"pct_hispanic":10.5,"pct_asian":46.1,"pct_multi":10.5,"pct_other":0,"econ_dis_pct":null,"attendance":null,"chronic_abs":null,"stars_overall":null,"stars_achievement":null,"pi_pct":null,"stars_progress":null,"stars_gap":null,"stars_early_lit":null,"grad4":null,"stars_ccwmr":null,"affiliation":"Catholic (Diocese of Cleveland)","st_ratio":19.2,"tuition_low":null,"tuition_high":null,"tuition_year":null,"tuition_basis":null,"edchoice":"unknown","tuition_source":null,"tuition_status":"not_found","tuition_notes":"pass 2: nothing better; Akron; still listed in the Diocese of Cleveland school directory (so likely open, contrary to pass-1 doubt); URL from that directory; site returns 403 to automated fetch","demo_year":"2023-24","faith":"catholic","website":"https://www.stanthony-akron.com/","district_website":null},"geometry":{"type":"Point","coordinates":[-81.512565,41.099587]}},{"type":"Feature","properties":{"id":"irn:57034","name":"St Hilary","sector":"private","kind":"chartered nonpublic","district_irn":null,"district":null,"address":"645 Moorfield Rd Fairlawn, OH 44333","grades":"K-8","grades_guessed":false,"lo":0,"hi":8,"elem":1,"mid":1,"high":0,"enrollment":555,"pct_white":88.1,"pct_black":3.1,"pct_hispanic":1.3,"pct_asian":0.4,"pct_multi":7.2,"pct_other":0,"econ_dis_pct":null,"attendance":null,"chronic_abs":null,"stars_overall":null,"stars_achievement":null,"pi_pct":null,"stars_progress":null,"stars_gap":null,"stars_early_lit":null,"grad4":null,"stars_ccwmr":null,"affiliation":"Catholic (Diocese of Cleveland)","st_ratio":16.5,"tuition_low":7650,"tuition_high":7650,"tuition_year":"2026-27","tuition_basis":"single rate per student, K-8","edchoice":"yes","tuition_source":"https://www.st-hilaryschool.org/Page/?Page=TuitionAndFees","tuition_status":"published","tuition_notes":"pass 2: Fairlawn; plus $300 registration fee; all students eligible for EdChoice per school","demo_year":"2023-24","faith":"catholic","website":"https://www.st-hilaryschool.org/","district_website":null},"geometry":{"type":"Point","coordinates":[-81.604152,41.124367]}},{"type":"Feature","properties":{"id":"irn:57216","name":"Notre Dame School","sector":"private","kind":"chartered nonpublic","district_irn":null,"district":null,"address":"13000 Auburn Rd Chardon, OH 44024","grades":"PK-8","grades_guessed":false,"lo":-1,"hi":8,"elem":1,"mid":1,"high":0,"enrollment":388,"pct_white":92.3,"pct_black":1.3,"pct_hispanic":1.8,"pct_asian":1.0,"pct_multi":3.6,"pct_other":0,"econ_dis_pct":null,"attendance":null,"chronic_abs":null,"stars_overall":null,"stars_achievement":null,"pi_pct":null,"stars_progress":null,"stars_gap":null,"stars_early_lit":null,"grad4":null,"stars_ccwmr":null,"affiliation":"Catholic (Diocese of Cleveland)","st_ratio":14.4,"tuition_low":7700,"tuition_high":9050,"tuition_year":"2026-27","tuition_basis":"grades K-2 vs grades 6-8","edchoice":"unknown","tuition_source":"https://www.ndes.org/admissions/tuition-financial-assistance/tuition-cost","tuition_status":"published","tuition_notes":"Notre Dame Elementary & Middle School (PK-8); grades 3-5 $8,200; includes books and devices; FACTS aid","demo_year":"2023-24","faith":"catholic","website":"https://www.ndes.org/","district_website":null},"geometry":{"type":"Point","coordinates":[-81.24781,41.51474]}},{"type":"Feature","properties":{"id":"irn:57455","name":"St Barnabas","sector":"private","kind":"chartered nonpublic","district_irn":null,"district":null,"address":"9200 Olde 8 Rd Northfield, OH 44067","grades":"PK-8","grades_guessed":false,"lo":-1,"hi":8,"elem":1,"mid":1,"high":0,"enrollment":402,"pct_white":90.8,"pct_black":2.5,"pct_hispanic":1.5,"pct_asian":5.2,"pct_multi":0,"pct_other":0,"econ_dis_pct":null,"attendance":null,"chronic_abs":null,"stars_overall":null,"stars_achievement":null,"pi_pct":null,"stars_progress":null,"stars_gap":null,"stars_early_lit":null,"grad4":null,"stars_ccwmr":null,"affiliation":"Catholic (Diocese of Cleveland)","st_ratio":14.9,"tuition_low":6950,"tuition_high":6950,"tuition_year":"2026-27","tuition_basis":"single rate per child, K-8 (pre-K same)","edchoice":"yes","tuition_source":"https://www.sbcatholicschool.com/editoruploads/files/St_%20Barnabas%20School%20Tuition%20Policy%202026%202027.docx.pdf","tuition_status":"published","tuition_notes":"pass 2: Northfield; 2026-27 tuition policy PDF; $250 application + $200 registration fee for new students; preschool $2,195-2,995; site lists EdChoice Expansion","demo_year":"2023-24","faith":"catholic","website":"https://www.sbcatholicschool.com/","district_website":null},"geometry":{"type":"Point","coordinates":[-81.536478,41.311009]}},{"type":"Feature","properties":{"id":"irn:56010","name":"St Francis","sector":"private","kind":"chartered nonpublic","district_irn":null,"district":null,"address":"7206 Myron Ave Cleveland, OH 44103","grades":"K-8","grades_guessed":true,"lo":0,"hi":8,"elem":1,"mid":1,"high":0,"enrollment":null,"pct_white":null,"pct_black":null,"pct_hispanic":null,"pct_asian":null,"pct_multi":null,"pct_other":null,"econ_dis_pct":null,"attendance":null,"chronic_abs":null,"stars_overall":null,"stars_achievement":null,"pi_pct":null,"stars_progress":null,"stars_gap":null,"stars_early_lit":null,"grad4":null,"stars_ccwmr":null,"affiliation":"Catholic (Partnership Schools network)","st_ratio":null,"tuition_low":4250,"tuition_high":4250,"tuition_year":"unknown","tuition_basis":"single rate (aggregator figure)","edchoice":"yes","tuition_source":"https://www.privateschoolreview.com/st-francis-school-profile/44103","tuition_status":"aggregator","tuition_notes":"Accepts Cleveland Scholarship and EdChoice. pass 2: no sticker price on school site; school says every student gets scholarships covering full tuition and 'nearly all' attend tuition-free (stfranciscleveland.org/scholarships). Aggregator figure kept","demo_year":null,"faith":"catholic","website":"https://stfranciscleveland.org/","district_website":null},"geometry":{"type":"Point","coordinates":[-81.638686,41.519952]}},{"type":"Feature","properties":{"id":"irn:19379","name":"EA Academy - Brook Park","sector":"private","kind":"chartered nonpublic","district_irn":null,"district":null,"address":"5555 Smith Rd Brook Park, OH 44142","grades":null,"grades_guessed":false,"lo":null,"hi":null,"elem":1,"mid":1,"high":1,"enrollment":null,"pct_white":null,"pct_black":null,"pct_hispanic":null,"pct_asian":null,"pct_multi":null,"pct_other":null,"econ_dis_pct":null,"attendance":null,"chronic_abs":null,"stars_overall":null,"stars_achievement":null,"pi_pct":null,"stars_progress":null,"stars_gap":null,"stars_early_lit":null,"grad4":null,"stars_ccwmr":null,"affiliation":"nonsectarian (special education)","st_ratio":null,"tuition_low":null,"tuition_high":null,"tuition_year":null,"tuition_basis":"no private-pay option; district- or scholarship-funded","edchoice":"unknown","tuition_source":"https://easchools.org/enrollment/","tuition_status":"not_found","tuition_notes":"pass 2: EA enrollment page says no out-of-pocket tuition option; funded by district placement or Autism / Jon Peterson scholarship; EA Brook Park page lists 5445 Smith Rd","demo_year":null,"faith":"secular","website":"https://easchools.org/locations/ea-brook-park/","district_website":null},"geometry":{"type":"Point","coordinates":[-81.803541,41.410585]}},{"type":"Feature","properties":{"id":"irn:64402","name":"Joseph and Florence Mandel Jewish Day School","sector":"private","kind":"chartered nonpublic","district_irn":null,"district":null,"address":"26500 Shaker Blvd Beachwood, OH 44122","grades":"PK-8","grades_guessed":false,"lo":-1,"hi":8,"elem":1,"mid":1,"high":0,"enrollment":216,"pct_white":92.6,"pct_black":0.5,"pct_hispanic":0.9,"pct_asian":0,"pct_multi":6.0,"pct_other":0,"econ_dis_pct":null,"attendance":null,"chronic_abs":null,"stars_overall":null,"stars_achievement":null,"pi_pct":null,"stars_progress":null,"stars_gap":null,"stars_early_lit":null,"grad4":null,"stars_ccwmr":null,"affiliation":"Jewish (community)","st_ratio":8.2,"tuition_low":15100,"tuition_high":21800,"tuition_year":"2026-27","tuition_basis":"K vs grade 8","edchoice":"yes","tuition_source":"https://4.files.edl.io/0d1b/04/22/26/171007-1c10b348-2629-43b3-b3be-0c0d29d770bd.pdf","tuition_status":"published","tuition_notes":"+$600 tech/security fee; middle-income tuition cap at 12% of AGI ($150-300k AGI); school urges EdChoice Expansion","demo_year":"2023-24","faith":"religious","website":"https://www.mandeljds.org/","district_website":null},"geometry":{"type":"Point","coordinates":[-81.49242,41.47689]}},{"type":"Feature","properties":{"id":"irn:57158","name":"St Joseph","sector":"private","kind":"chartered nonpublic","district_irn":null,"district":null,"address":"32946 Electric Blvd Avon Lake, OH 44012","grades":"K-8","grades_guessed":true,"lo":0,"hi":8,"elem":1,"mid":1,"high":0,"enrollment":null,"pct_white":null,"pct_black":null,"pct_hispanic":null,"pct_asian":null,"pct_multi":null,"pct_other":null,"econ_dis_pct":null,"attendance":null,"chronic_abs":null,"stars_overall":null,"stars_achievement":null,"pi_pct":null,"stars_progress":null,"stars_gap":null,"stars_early_lit":null,"grad4":null,"stars_ccwmr":null,"affiliation":"Catholic (Diocese of Cleveland)","st_ratio":null,"tuition_low":7300,"tuition_high":7300,"tuition_year":"2026-27","tuition_basis":"single rate per student, K-8","edchoice":"yes","tuition_source":"https://www.stjosephparishschool.org/tuition","tuition_status":"published","tuition_notes":"Avon Lake; $250 registration; every Ohio student gets at least $616 EdChoice; Angel Fund, diocesan aid","demo_year":null,"faith":"catholic","website":"https://www.stjosephparishschool.org/","district_website":null},"geometry":{"type":"Point","coordinates":[-82.027269,41.509525]}},{"type":"Feature","properties":{"id":"irn:71571","name":"Chapel Hill Christian Green Campus","sector":"private","kind":"chartered nonpublic","district_irn":null,"district":null,"address":"1639 Killian Rd Akron, OH 44312","grades":"PK-6","grades_guessed":false,"lo":-1,"hi":6,"elem":1,"mid":1,"high":0,"enrollment":204,"pct_white":73.0,"pct_black":16.7,"pct_hispanic":2.0,"pct_asian":1.5,"pct_multi":6.9,"pct_other":0,"econ_dis_pct":null,"attendance":null,"chronic_abs":null,"stars_overall":null,"stars_achievement":null,"pi_pct":null,"stars_progress":null,"stars_gap":null,"stars_early_lit":null,"grad4":null,"stars_ccwmr":null,"affiliation":"Christian (nondenominational)","st_ratio":51,"tuition_low":7937,"tuition_high":8189,"tuition_year":"2026-27","tuition_basis":"kindergarten vs grades 4-6 (grades 1-3 $8,063)","edchoice":"yes","tuition_source":"https://www.chapelhillchristianschool.org/enrollment/tuition-financial-aid","tuition_status":"published","tuition_notes":"pass 2: rates read from the school's 2026-27 tuition chart image (same chart for North and South campuses); plus $950 K-6 enrollment fee; preschool/pre-K $2,394-6,587; EdChoice K-8 $650-6,165","demo_year":"2023-24","faith":"religious","website":"https://www.chapelhillchristianschool.org/","district_website":null},"geometry":{"type":"Point","coordinates":[-81.46463,40.99594]}},{"type":"Feature","properties":{"id":"irn:93757","name":"Fuchs Mizrachi Of Cleveland","sector":"private","kind":"chartered nonpublic","district_irn":null,"district":null,"address":"26600 Shaker Blvd Beachwood, OH 44122","grades":"PK-12","grades_guessed":false,"lo":-1,"hi":12,"elem":1,"mid":1,"high":1,"enrollment":411,"pct_white":100,"pct_black":0,"pct_hispanic":0,"pct_asian":0,"pct_multi":0,"pct_other":0,"econ_dis_pct":null,"attendance":null,"chronic_abs":null,"stars_overall":null,"stars_achievement":null,"pi_pct":null,"stars_progress":null,"stars_gap":null,"stars_early_lit":null,"grad4":null,"stars_ccwmr":null,"affiliation":"Jewish (Modern Orthodox)","st_ratio":5.3,"tuition_low":15300,"tuition_high":28510,"tuition_year":"2026-27","tuition_basis":"K vs grade 12","edchoice":"yes","tuition_source":"https://www.fuchsmizrachi.org/apps/pages/index.jsp?uREC_ID=253917&type=d&pREC_ID=582430","tuition_status":"published","tuition_notes":"Rates rise by grade (gr 8 $22,780, gr 9 $25,970); includes registration/tech/trips; +$185 security fee; need-based aid; school has EdChoice info page","demo_year":"2023-24","faith":"religious","website":"https://www.fuchsmizrachi.org/","district_website":null},"geometry":{"type":"Point","coordinates":[-81.490982,41.477791]}},{"type":"Feature","properties":{"id":"irn:143081","name":"Beatrice J. Stone Yavne","sector":"private","kind":"chartered nonpublic","district_irn":null,"district":null,"address":"2475 S Green Rd Beachwood, OH 44122","grades":"9-12","grades_guessed":true,"lo":9,"hi":12,"elem":0,"mid":0,"high":1,"enrollment":null,"pct_white":null,"pct_black":null,"pct_hispanic":null,"pct_asian":null,"pct_multi":null,"pct_other":null,"econ_dis_pct":null,"attendance":null,"chronic_abs":null,"stars_overall":null,"stars_achievement":null,"pi_pct":null,"stars_progress":null,"stars_gap":null,"stars_early_lit":null,"grad4":null,"stars_ccwmr":null,"affiliation":"Jewish (Orthodox, girls)","st_ratio":null,"tuition_low":25000,"tuition_high":25000,"tuition_year":"unknown","tuition_basis":"single rate (aggregator), grades 7-12","edchoice":"unknown","tuition_source":"https://www.privateschoolreview.com/beatrice-stone-yavne-high-school-profile","tuition_status":"aggregator","tuition_notes":"Girls' high school of Hebrew Academy of Cleveland; no rate on school site; aggregator figure; pass 2: nothing better","demo_year":null,"faith":"religious","website":null,"district_website":null},"geometry":{"type":"Point","coordinates":[-81.51575,41.49228]}},{"type":"Feature","properties":{"id":"irn:60848","name":"Old Trail","sector":"private","kind":"chartered nonpublic","district_irn":null,"district":null,"address":"2315 Ira Rd Bath, OH 44210","grades":"PK-8","grades_guessed":false,"lo":-1,"hi":8,"elem":1,"mid":1,"high":0,"enrollment":342,"pct_white":83.6,"pct_black":4.4,"pct_hispanic":0.9,"pct_asian":5.0,"pct_multi":5.8,"pct_other":0.3,"econ_dis_pct":null,"attendance":null,"chronic_abs":null,"stars_overall":null,"stars_achievement":null,"pi_pct":null,"stars_progress":null,"stars_gap":null,"stars_early_lit":null,"grad4":null,"stars_ccwmr":null,"affiliation":"Nonsectarian independent","st_ratio":5.9,"tuition_low":24880,"tuition_high":27780,"tuition_year":"2026-27","tuition_basis":"kindergarten vs grades 5-8","edchoice":"unknown","tuition_source":"https://www.oldtrail.org/admission/tuition-and-affordability","tuition_status":"published","tuition_notes":"Grades 1-4 $26,570; preschool/JK lower; K tuition includes lunch; flexible tuition program","demo_year":"2023-24","faith":"secular","website":"https://www.oldtrail.org/","district_website":null},"geometry":{"type":"Point","coordinates":[-81.588273,41.186462]}},{"type":"Feature","properties":{"id":"irn:19850","name":"Julie Billiart School","sector":"private","kind":"chartered nonpublic","district_irn":null,"district":null,"address":"3600 Crocker Rd Westlake, OH 44145","grades":"K-8","grades_guessed":true,"lo":0,"hi":8,"elem":1,"mid":1,"high":0,"enrollment":null,"pct_white":null,"pct_black":null,"pct_hispanic":null,"pct_asian":null,"pct_multi":null,"pct_other":null,"econ_dis_pct":null,"attendance":null,"chronic_abs":null,"stars_overall":null,"stars_achievement":null,"pi_pct":null,"stars_progress":null,"stars_gap":null,"stars_early_lit":null,"grad4":null,"stars_ccwmr":null,"affiliation":"Catholic (special needs)","st_ratio":null,"tuition_low":36820,"tuition_high":36820,"tuition_year":"2026-27","tuition_basis":"single rate","edchoice":"unknown","tuition_source":"https://www.juliebilliartschool.org/admissions/tuition-financial-aid/tuition-fees","tuition_status":"published","tuition_notes":"Westlake campus of Julie Billiart Schools; 100% of families use Autism or Jon Peterson scholarship","demo_year":null,"faith":"catholic","website":"https://www.juliebilliartschool.org/","district_website":null},"geometry":{"type":"Point","coordinates":[-81.948334,41.436289]}},{"type":"Feature","properties":{"id":"irn:19911","name":"The Mastery School of Hawken","sector":"private","kind":"chartered nonpublic","district_irn":null,"district":null,"address":"11025 Magnolia Dr Cleveland, OH 44106","grades":"9-12","grades_guessed":false,"lo":9,"hi":12,"elem":0,"mid":0,"high":1,"enrollment":125,"pct_white":48,"pct_black":33.6,"pct_hispanic":7.2,"pct_asian":4,"pct_multi":7.2,"pct_other":0,"econ_dis_pct":null,"attendance":null,"chronic_abs":null,"stars_overall":null,"stars_achievement":null,"pi_pct":null,"stars_progress":null,"stars_gap":null,"stars_early_lit":null,"grad4":null,"stars_ccwmr":null,"affiliation":"nonsectarian (independent; Hawken School)","st_ratio":7.9,"tuition_low":41990,"tuition_high":45185,"tuition_year":"2026-27","tuition_basis":"grade 9 vs grade 12","edchoice":"no","tuition_source":"https://www.hawken.edu/admission/tuition-and-making-hawken-affordable","tuition_status":"published","tuition_notes":"pass 2: same $41,990-45,185 figures appear on Hawken's page headed '2026-27 Tuition and Fees' (MSH page itself gives no year). Includes lunch/trips/fees; Flexible Tuition range $1,200-40,600, 48% of HS students receive it; accepts Cleveland Scholarship","demo_year":"2023-24","faith":"secular","website":"https://masteryschool.hawken.edu/","district_website":null},"geometry":{"type":"Point","coordinates":[-81.60896,41.51492]}},{"type":"Feature","properties":{"id":"irn:10582","name":"S.U.P.E.R. Learning Center's Faith Christian Academy","sector":"private","kind":"chartered nonpublic","district_irn":null,"district":null,"address":"1584 Wilson Avenue P.O. Box 195 Lakemore, OH 44250","grades":"K-12","grades_guessed":false,"lo":0,"hi":12,"elem":1,"mid":1,"high":1,"enrollment":126,"pct_white":87.3,"pct_black":6.3,"pct_hispanic":0,"pct_asian":1.6,"pct_multi":4.8,"pct_other":0,"econ_dis_pct":null,"attendance":null,"chronic_abs":null,"stars_overall":null,"stars_achievement":null,"pi_pct":null,"stars_progress":null,"stars_gap":null,"stars_early_lit":null,"grad4":null,"stars_ccwmr":null,"affiliation":"Christian","st_ratio":6.8,"tuition_low":null,"tuition_high":null,"tuition_year":null,"tuition_basis":null,"edchoice":"unknown","tuition_source":null,"tuition_status":"not_found","tuition_notes":"No website or tuition found; PO-box address in Lakemore; pass 2: nothing better; superlearningcenter.com is a parked domain; no site found; note Lakemore is in Summit County, outside the four target counties","demo_year":"2023-24","faith":"religious","website":"https://www.iamsuper.com","district_website":null},"geometry":{"type":"Point","coordinates":[-81.440224,41.020141]}},{"type":"Feature","properties":{"id":"irn:17030","name":"Yeshiva Derech Hatorah","sector":"private","kind":"chartered nonpublic","district_irn":null,"district":null,"address":"4478 Rushton Rd Cleveland, OH 44121","grades":"6-12","grades_guessed":false,"lo":6,"hi":12,"elem":0,"mid":1,"high":1,"enrollment":53,"pct_white":84.9,"pct_black":3.8,"pct_hispanic":11.3,"pct_asian":0,"pct_multi":0,"pct_other":0,"econ_dis_pct":null,"attendance":null,"chronic_abs":null,"stars_overall":null,"stars_achievement":null,"pi_pct":null,"stars_progress":null,"stars_gap":null,"stars_early_lit":null,"grad4":null,"stars_ccwmr":null,"affiliation":"Jewish (Orthodox)","st_ratio":4.6,"tuition_low":null,"tuition_high":null,"tuition_year":null,"tuition_basis":null,"edchoice":"unknown","tuition_source":"https://www.privateschoolreview.com/yeshiva-derech-hatorah-profile/44121","tuition_status":"not_found","tuition_notes":"No tuition published; Rushton Rd campus of same school as irn:86678. pass 2: nothing better (ydtcleveland.org lists both campuses, no tuition)","demo_year":"2023-24","faith":"religious","website":"https://ydtcleveland.org/","district_website":null},"geometry":{"type":"Point","coordinates":[-81.518341,41.518831]}},{"type":"Feature","properties":{"id":"irn:53256","name":"Trinity","sector":"private","kind":"chartered nonpublic","district_irn":null,"district":null,"address":"12425 Granger Rd Garfield Heights, OH 44125","grades":"9-12","grades_guessed":false,"lo":9,"hi":12,"elem":0,"mid":0,"high":1,"enrollment":377,"pct_white":13.3,"pct_black":75.9,"pct_hispanic":6.4,"pct_asian":0.5,"pct_multi":4.0,"pct_other":0,"econ_dis_pct":null,"attendance":null,"chronic_abs":null,"stars_overall":null,"stars_achievement":null,"pi_pct":null,"stars_progress":null,"stars_gap":null,"stars_early_lit":null,"grad4":null,"stars_ccwmr":null,"affiliation":"Catholic (Diocese of Cleveland)","st_ratio":10.8,"tuition_low":12408,"tuition_high":12408,"tuition_year":"2025-26","tuition_basis":"single rate, 9-12","edchoice":"yes","tuition_source":"https://www.ths.org/admissions/trinity_tuition_info","tuition_status":"published","tuition_notes":"Plus fees; EdChoice/Cleveland Scholarship covers up to $8,408; sibling grants","demo_year":"2023-24","faith":"catholic","website":"https://www.ths.org/","district_website":null},"geometry":{"type":"Point","coordinates":[-81.596279,41.417227]}},{"type":"Feature","properties":{"id":"irn:55822","name":"Mary Queen of Peace School","sector":"private","kind":"chartered nonpublic","district_irn":null,"district":null,"address":"4419 Pearl Rd Cleveland, OH 44109","grades":"K-8","grades_guessed":true,"lo":0,"hi":8,"elem":1,"mid":1,"high":0,"enrollment":null,"pct_white":null,"pct_black":null,"pct_hispanic":null,"pct_asian":null,"pct_multi":null,"pct_other":null,"econ_dis_pct":null,"attendance":null,"chronic_abs":null,"stars_overall":null,"stars_achievement":null,"pi_pct":null,"stars_progress":null,"stars_gap":null,"stars_early_lit":null,"grad4":null,"stars_ccwmr":null,"affiliation":"Catholic (Diocese of Cleveland)","st_ratio":null,"tuition_low":6166,"tuition_high":6166,"tuition_year":"2024-25","tuition_basis":"single rate, K-8","edchoice":"yes","tuition_source":"http://maryqueenofpeaceschool.com/forms/","tuition_status":"published","tuition_notes":"Rate is 2024-25 (newer not posted); set equal to state scholarship so Cleveland/EdChoice can cover it; $100 registration + $25 tech fee; pass 2: nothing better - forms page still shows 2024-25 tuition $6,166; FY27 scholarship forms posted but no new rate","demo_year":null,"faith":"catholic","website":"http://maryqueenofpeaceschool.com/","district_website":null},"geometry":{"type":"Point","coordinates":[-81.70898,41.43556]}},{"type":"Feature","properties":{"id":"irn:56549","name":"St Angela Merici","sector":"private","kind":"chartered nonpublic","district_irn":null,"district":null,"address":"20830 Lorain Rd Fairview Park, OH 44126","grades":"PK-8","grades_guessed":false,"lo":-1,"hi":8,"elem":1,"mid":1,"high":0,"enrollment":379,"pct_white":88.4,"pct_black":0.5,"pct_hispanic":5.0,"pct_asian":1.3,"pct_multi":4.7,"pct_other":0,"econ_dis_pct":null,"attendance":null,"chronic_abs":null,"stars_overall":null,"stars_achievement":null,"pi_pct":null,"stars_progress":null,"stars_gap":null,"stars_early_lit":null,"grad4":null,"stars_ccwmr":null,"affiliation":"Catholic (Diocese of Cleveland)","st_ratio":15.0,"tuition_low":6700,"tuition_high":6700,"tuition_year":"2026-27","tuition_basis":"single rate, K-8","edchoice":"yes","tuition_source":"https://www.samparish.org/school/admissions-tuition-information","tuition_status":"published","tuition_notes":"Same rate parishioner/non; +$150 family registration; tuition assistance fund","demo_year":"2023-24","faith":"catholic","website":"https://www.samparish.org/school","district_website":null},"geometry":{"type":"Point","coordinates":[-81.850705,41.447245]}},{"type":"Feature","properties":{"id":"irn:134478","name":"Cleveland Montessori","sector":"private","kind":"chartered nonpublic","district_irn":null,"district":null,"address":"12510 Mayfield Rd Cleveland, OH 44106","grades":"PK-8","grades_guessed":false,"lo":-1,"hi":8,"elem":1,"mid":1,"high":0,"enrollment":78,"pct_white":38.5,"pct_black":47.4,"pct_hispanic":1.3,"pct_asian":1.3,"pct_multi":11.5,"pct_other":0,"econ_dis_pct":null,"attendance":null,"chronic_abs":null,"stars_overall":null,"stars_achievement":null,"pi_pct":null,"stars_progress":null,"stars_gap":null,"stars_early_lit":null,"grad4":null,"stars_ccwmr":null,"affiliation":"Montessori","st_ratio":9.9,"tuition_low":13900,"tuition_high":15000,"tuition_year":"2026-27","tuition_basis":"K vs upper elementary (grades 4-6)","edchoice":"unknown","tuition_source":"https://clevelandmontessori.org/wp-content/uploads/2025/10/Annual-Tuition-2026-2027.pdf","tuition_status":"published","tuition_notes":"Plus $1,100-1,500 program fee and $500 registration; preschool $11,500-13,900","demo_year":"2023-24","faith":"secular","website":"https://clevelandmontessori.org/","district_website":null},"geometry":{"type":"Point","coordinates":[-81.595958,41.508534]}},{"type":"Feature","properties":{"id":"irn:56697","name":"St Brendan","sector":"private","kind":"chartered nonpublic","district_irn":null,"district":null,"address":"4242 Brendan Ln North Olmsted, OH 44070","grades":"PK-8","grades_guessed":false,"lo":-1,"hi":8,"elem":1,"mid":1,"high":0,"enrollment":129,"pct_white":89.1,"pct_black":0,"pct_hispanic":1.6,"pct_asian":3.1,"pct_multi":6.2,"pct_other":0,"econ_dis_pct":null,"attendance":null,"chronic_abs":null,"stars_overall":null,"stars_achievement":null,"pi_pct":null,"stars_progress":null,"stars_gap":null,"stars_early_lit":null,"grad4":null,"stars_ccwmr":null,"affiliation":"Catholic (Diocese of Cleveland)","st_ratio":9.5,"tuition_low":7600,"tuition_high":7600,"tuition_year":"2026-27","tuition_basis":"single rate, K-8","edchoice":"yes","tuition_source":"https://www.stbrendannortholmsted.org/TuitionandFees.aspx","tuition_status":"published","tuition_notes":"Most families pay little after EdChoice/Angel/diocesan aid; supplemental fees by grade","demo_year":"2023-24","faith":"catholic","website":"https://school.stbrendannortholmsted.org/","district_website":null},"geometry":{"type":"Point","coordinates":[-81.88327,41.42728]}},{"type":"Feature","properties":{"id":"irn:57117","name":"St Joseph","sector":"private","kind":"chartered nonpublic","district_irn":null,"district":null,"address":"175 Saint Joseph Dr Amherst, OH 44001","grades":"PK-8","grades_guessed":false,"lo":-1,"hi":8,"elem":1,"mid":1,"high":0,"enrollment":181,"pct_white":92.8,"pct_black":0,"pct_hispanic":7.2,"pct_asian":0,"pct_multi":0,"pct_other":0,"econ_dis_pct":null,"attendance":null,"chronic_abs":null,"stars_overall":null,"stars_achievement":null,"pi_pct":null,"stars_progress":null,"stars_gap":null,"stars_early_lit":null,"grad4":null,"stars_ccwmr":null,"affiliation":"Catholic (Diocese of Cleveland)","st_ratio":11.3,"tuition_low":6600,"tuition_high":6600,"tuition_year":"2026-27","tuition_basis":"single rate, K-8","edchoice":"yes","tuition_source":"https://sjsamherst.org/admissions","tuition_status":"published","tuition_notes":"Amherst; $100 registration per student; EdChoice info on site","demo_year":"2023-24","faith":"catholic","website":"https://sjsamherst.org/","district_website":null},"geometry":{"type":"Point","coordinates":[-82.218434,41.402892]}},{"type":"Feature","properties":{"id":"irn:57224","name":"St Mary","sector":"private","kind":"chartered nonpublic","district_irn":null,"district":null,"address":"401 North St Chardon, OH 44024","grades":"PK-8","grades_guessed":false,"lo":-1,"hi":8,"elem":1,"mid":1,"high":0,"enrollment":164,"pct_white":97.0,"pct_black":0,"pct_hispanic":1.8,"pct_asian":0.6,"pct_multi":0.6,"pct_other":0,"econ_dis_pct":null,"attendance":null,"chronic_abs":null,"stars_overall":null,"stars_achievement":null,"pi_pct":null,"stars_progress":null,"stars_gap":null,"stars_early_lit":null,"grad4":null,"stars_ccwmr":null,"affiliation":"Catholic (Diocese of Cleveland)","st_ratio":11.6,"tuition_low":8500,"tuition_high":8500,"tuition_year":"2026-27","tuition_basis":"single rate per child, K-8","edchoice":"yes","tuition_source":"https://www.stmaryschoolchardon.org/admissions","tuition_status":"published","tuition_notes":"EdChoice, Angel Fund, parish life scholarships; ~45% average reduction in parent cost","demo_year":"2023-24","faith":"catholic","website":"https://stmaryschoolchardon.org/","district_website":null},"geometry":{"type":"Point","coordinates":[-81.20825,41.58903]}},{"type":"Feature","properties":{"id":"irn:57448","name":"St Helen","sector":"private","kind":"chartered nonpublic","district_irn":null,"district":null,"address":"12060 Kinsman Rd Newbury, OH 44065","grades":"PK-8","grades_guessed":false,"lo":-1,"hi":8,"elem":1,"mid":1,"high":0,"enrollment":137,"pct_white":92.7,"pct_black":0,"pct_hispanic":0,"pct_asian":1.5,"pct_multi":4.4,"pct_other":1.5,"econ_dis_pct":null,"attendance":null,"chronic_abs":null,"stars_overall":null,"stars_achievement":null,"pi_pct":null,"stars_progress":null,"stars_gap":null,"stars_early_lit":null,"grad4":null,"stars_ccwmr":null,"affiliation":"Catholic (Diocese of Cleveland)","st_ratio":10.5,"tuition_low":8000,"tuition_high":8000,"tuition_year":"2025-26","tuition_basis":"single rate per child, K-8","edchoice":"yes","tuition_source":"https://www.st-helen-school.com/tuition-rates.html","tuition_status":"published","tuition_notes":"$0 parent tuition commitment: EdChoice Expansion + Angel Fund cover the full $8,000","demo_year":"2023-24","faith":"catholic","website":"https://www.st-helen-school.com/","district_website":null},"geometry":{"type":"Point","coordinates":[-81.20724,41.46663]}},{"type":"Feature","properties":{"id":"irn:60301","name":"Bethany Lutheran School","sector":"private","kind":"chartered nonpublic","district_irn":null,"district":null,"address":"6041 Ridge Rd Parma, OH 44129","grades":"PK-8","grades_guessed":false,"lo":-1,"hi":8,"elem":1,"mid":1,"high":0,"enrollment":248,"pct_white":88.7,"pct_black":8.1,"pct_hispanic":3.2,"pct_asian":0,"pct_multi":0,"pct_other":0,"econ_dis_pct":null,"attendance":null,"chronic_abs":null,"stars_overall":null,"stars_achievement":null,"pi_pct":null,"stars_progress":null,"stars_gap":null,"stars_early_lit":null,"grad4":null,"stars_ccwmr":null,"affiliation":"Lutheran","st_ratio":15.0,"tuition_low":4650,"tuition_high":4650,"tuition_year":"unknown","tuition_basis":"single rate (aggregator)","edchoice":"yes","tuition_source":"https://www.niche.com/k12/bethany-lutheran-school-parma-oh/","tuition_status":"aggregator","tuition_notes":"School site posts no rate; variable (need-based) tuition via FACTS; school says it participates in EdChoice/Cleveland Scholarship; pass 2: nothing better - school site (bethanyparmaschool.org) lists no rate; says it participates in EdChoice/Cleveland Scholarship","demo_year":"2023-24","faith":"religious","website":"https://www.bethanyparmaschool.org/","district_website":null},"geometry":{"type":"Point","coordinates":[-81.734412,41.398473]}},{"type":"Feature","properties":{"id":"irn:60509","name":"St Paul Lutheran","sector":"private","kind":"chartered nonpublic","district_irn":null,"district":null,"address":"27981 Detroit Rd Westlake, OH 44145","grades":"K-8","grades_guessed":true,"lo":0,"hi":8,"elem":1,"mid":1,"high":0,"enrollment":null,"pct_white":null,"pct_black":null,"pct_hispanic":null,"pct_asian":null,"pct_multi":null,"pct_other":null,"econ_dis_pct":null,"attendance":null,"chronic_abs":null,"stars_overall":null,"stars_achievement":null,"pi_pct":null,"stars_progress":null,"stars_gap":null,"stars_early_lit":null,"grad4":null,"stars_ccwmr":null,"affiliation":"Lutheran","st_ratio":null,"tuition_low":7400,"tuition_high":7400,"tuition_year":"unknown","tuition_basis":"single rate, K-8 all-inclusive (aggregator figure)","edchoice":"yes","tuition_source":"https://www.privateschoolreview.com/st-paul-westlake-profile","tuition_status":"aggregator","tuition_notes":"School cost page still says call 440-835-3051 for tuition; accepts EdChoice/Cleveland Scholarship; LSGO tax-credit aid. pass 2: nothing better","demo_year":null,"faith":"religious","website":"https://www.stpaulwestlake.school/","district_website":null},"geometry":{"type":"Point","coordinates":[-81.93267,41.46509]}},{"type":"Feature","properties":{"id":"irn:60574","name":"Messiah Lutheran","sector":"private","kind":"chartered nonpublic","district_irn":null,"district":null,"address":"4401 W 215th St Fairview Park, OH 44126","grades":"PK-8","grades_guessed":false,"lo":-1,"hi":8,"elem":1,"mid":1,"high":0,"enrollment":113,"pct_white":69.9,"pct_black":6.2,"pct_hispanic":4.4,"pct_asian":0.9,"pct_multi":18.6,"pct_other":0,"econ_dis_pct":null,"attendance":null,"chronic_abs":null,"stars_overall":null,"stars_achievement":null,"pi_pct":null,"stars_progress":null,"stars_gap":null,"stars_early_lit":null,"grad4":null,"stars_ccwmr":null,"affiliation":"Lutheran","st_ratio":9.6,"tuition_low":null,"tuition_high":null,"tuition_year":null,"tuition_basis":null,"edchoice":"yes","tuition_source":"https://www.messiahchurchfairview.org/Tuition.aspx","tuition_status":"not_found","tuition_notes":"Tuition page gives no rate; says every K-8 student gets a Messiah Scholarship plus Ohio scholarships; pass 2: nothing better - tuition page still gives no rate","demo_year":"2023-24","faith":"religious","website":"https://www.messiahchurchfairview.org/","district_website":null},"geometry":{"type":"Point","coordinates":[-81.859301,41.443184]}},{"type":"Feature","properties":{"id":"irn:64394","name":"Lake Catholic","sector":"private","kind":"chartered nonpublic","district_irn":null,"district":null,"address":"6733 Reynolds Rd Mentor, OH 44060","grades":"9-12","grades_guessed":false,"lo":9,"hi":12,"elem":0,"mid":0,"high":1,"enrollment":461,"pct_white":74.6,"pct_black":10.2,"pct_hispanic":8.2,"pct_asian":0.4,"pct_multi":5.0,"pct_other":1.5,"econ_dis_pct":null,"attendance":null,"chronic_abs":null,"stars_overall":null,"stars_achievement":null,"pi_pct":null,"stars_progress":null,"stars_gap":null,"stars_early_lit":null,"grad4":null,"stars_ccwmr":null,"affiliation":"Catholic (Diocese of Cleveland)","st_ratio":14.3,"tuition_low":13950,"tuition_high":13950,"tuition_year":"2026-27","tuition_basis":"single rate, grades 9-12","edchoice":"yes","tuition_source":"https://www.lakecatholic.org/admissions/tuition.cfm","tuition_status":"published","tuition_notes":"2% discount if paid in full by July 25; EdChoice and Cleveland Scholarship info on site; financial aid","demo_year":"2023-24","faith":"catholic","website":"https://www.lakecatholic.org/","district_website":null},"geometry":{"type":"Point","coordinates":[-81.37315,41.68777]}},{"type":"Feature","properties":{"id":"irn:56721","name":"St Mary Of The Falls","sector":"private","kind":"chartered nonpublic","district_irn":null,"district":null,"address":"8262 Columbia Rd Olmsted Falls, OH 44138","grades":"PK-8","grades_guessed":false,"lo":-1,"hi":8,"elem":1,"mid":1,"high":0,"enrollment":219,"pct_white":92.7,"pct_black":0.5,"pct_hispanic":3.2,"pct_asian":0.5,"pct_multi":3.2,"pct_other":0,"econ_dis_pct":null,"attendance":null,"chronic_abs":null,"stars_overall":null,"stars_achievement":null,"pi_pct":null,"stars_progress":null,"stars_gap":null,"stars_early_lit":null,"grad4":null,"stars_ccwmr":null,"affiliation":"Catholic (Diocese of Cleveland)","st_ratio":15.6,"tuition_low":6500,"tuition_high":6500,"tuition_year":"2026-27","tuition_basis":"single rate, K-8","edchoice":"unknown","tuition_source":"https://stmaryofthefallsschool.com/join-us-2/","tuition_status":"published","tuition_notes":"pass 2: school's own 2026-27 rate; +$125 registration per student; preschool $1,700-3,100. Real school site is stmaryofthefallsschool.com (stmaryofthefalls.com is the parish, behind Cloudflare)","demo_year":"2023-24","faith":"catholic","website":"https://stmaryofthefallsschool.com/","district_website":null},"geometry":{"type":"Point","coordinates":[-81.902136,41.371781]}},{"type":"Feature","properties":{"id":"irn:56432","name":"St Joan Of Arc","sector":"private","kind":"chartered nonpublic","district_irn":null,"district":null,"address":"498 E Washington St Chagrin Falls, OH 44022","grades":"K-8","grades_guessed":false,"lo":0,"hi":8,"elem":1,"mid":1,"high":0,"enrollment":113,"pct_white":93.8,"pct_black":0,"pct_hispanic":3.5,"pct_asian":0.9,"pct_multi":1.8,"pct_other":0,"econ_dis_pct":null,"attendance":null,"chronic_abs":null,"stars_overall":null,"stars_achievement":null,"pi_pct":null,"stars_progress":null,"stars_gap":null,"stars_early_lit":null,"grad4":null,"stars_ccwmr":null,"affiliation":"Catholic (Diocese of Cleveland)","st_ratio":9.0,"tuition_low":7500,"tuition_high":7500,"tuition_year":"2026-27","tuition_basis":"single rate, K-8","edchoice":"yes","tuition_source":"https://irp.cdn-website.com/10c0a317/files/uploaded/2026-2027+SJA+Tuition+Information+final.pdf","tuition_status":"published","tuition_notes":"+$250 security fee and $200 registration; EdChoice Expansion and Angel scholarships","demo_year":"2023-24","faith":"catholic","website":"https://www.stjoanofarc.org/","district_website":null},"geometry":{"type":"Point","coordinates":[-81.374993,41.427204]}},{"type":"Feature","properties":{"id":"irn:70979","name":"Hudson Montessori","sector":"private","kind":"chartered nonpublic","district_irn":null,"district":null,"address":"7545 Darrow Rd Hudson, OH 44236","grades":"K-5","grades_guessed":true,"lo":0,"hi":5,"elem":1,"mid":0,"high":0,"enrollment":null,"pct_white":null,"pct_black":null,"pct_hispanic":null,"pct_asian":null,"pct_multi":null,"pct_other":null,"econ_dis_pct":null,"attendance":null,"chronic_abs":null,"stars_overall":null,"stars_achievement":null,"pi_pct":null,"stars_progress":null,"stars_gap":null,"stars_early_lit":null,"grad4":null,"stars_ccwmr":null,"affiliation":"Montessori","st_ratio":null,"tuition_low":20000,"tuition_high":20000,"tuition_year":"unknown","tuition_basis":"single figure (aggregator)","edchoice":"unknown","tuition_source":"https://www.privateschoolreview.com/hudson-montessori-school-profile","tuition_status":"aggregator","tuition_notes":"pass 2: nothing better; Hudson; school 'Affording HMS' page covers need-based aid (Clarity) but posts no rates; aggregator figure kept (also cites older $9,960-14,775)","demo_year":null,"faith":"secular","website":"https://hudsonmontessori.org/","district_website":null},"geometry":{"type":"Point","coordinates":[-81.438597,41.271126]}},{"type":"Feature","properties":{"id":"irn:70748","name":"Ruffing Montessori Ingalls","sector":"private","kind":"chartered nonpublic","district_irn":null,"district":null,"address":"3380 Fairmount Blvd Cleveland Heights, OH 44118","grades":"PK-8","grades_guessed":false,"lo":-1,"hi":8,"elem":1,"mid":1,"high":0,"enrollment":215,"pct_white":64.2,"pct_black":10.7,"pct_hispanic":0,"pct_asian":13.0,"pct_multi":12.1,"pct_other":0,"econ_dis_pct":null,"attendance":null,"chronic_abs":null,"stars_overall":null,"stars_achievement":null,"pi_pct":null,"stars_progress":null,"stars_gap":null,"stars_early_lit":null,"grad4":null,"stars_ccwmr":null,"affiliation":"Montessori","st_ratio":6.5,"tuition_low":17400,"tuition_high":20405,"tuition_year":"2026-27","tuition_basis":"elementary vs middle school (Children's House/K $13,105-21,365)","edchoice":"unknown","tuition_source":"https://www.ruffingmontessori.net/admissions/affording-a-ruffing-education","tuition_status":"published","tuition_notes":"Need-based aid up to 50% of tuition; Cleveland Heights campus","demo_year":"2023-24","faith":"secular","website":"https://www.ruffingmontessori.net/","district_website":null},"geometry":{"type":"Point","coordinates":[-81.560233,41.486342]}},{"type":"Feature","properties":{"id":"irn:89979","name":"Medina Christian Academy","sector":"private","kind":"chartered nonpublic","district_irn":null,"district":null,"address":"3646 Medina Rd Medina, OH 44256","grades":"PK-12","grades_guessed":false,"lo":-1,"hi":12,"elem":1,"mid":1,"high":1,"enrollment":520,"pct_white":89.0,"pct_black":3.5,"pct_hispanic":2.7,"pct_asian":1.5,"pct_multi":3.3,"pct_other":0,"econ_dis_pct":null,"attendance":null,"chronic_abs":null,"stars_overall":null,"stars_achievement":null,"pi_pct":null,"stars_progress":null,"stars_gap":null,"stars_early_lit":null,"grad4":null,"stars_ccwmr":null,"affiliation":"Christian (nondenominational)","st_ratio":13.5,"tuition_low":8190,"tuition_high":10375,"tuition_year":"2026-27","tuition_basis":"K-5 vs grades 9-12; 6-8 $8,920","edchoice":"yes","tuition_source":"https://medinachristian.org/admissions/tuition-financial-aid/","tuition_status":"published","tuition_notes":"Plus annual fees $700-850 and $115 enrollment fee; EdChoice and SGO scholarships; this campus is lower school","demo_year":"2023-24","faith":"religious","website":"https://medinachristian.org/","district_website":null},"geometry":{"type":"Point","coordinates":[-81.820095,41.136659]}},{"type":"Feature","properties":{"id":"irn:85688","name":"Parma Heights Christian Acad","sector":"private","kind":"chartered nonpublic","district_irn":null,"district":null,"address":"8971 W Ridgewood Dr Parma Heights, OH 44130","grades":"K-6","grades_guessed":false,"lo":0,"hi":6,"elem":1,"mid":1,"high":0,"enrollment":165,"pct_white":93.3,"pct_black":3.0,"pct_hispanic":3.6,"pct_asian":0,"pct_multi":0,"pct_other":0,"econ_dis_pct":null,"attendance":null,"chronic_abs":null,"stars_overall":null,"stars_achievement":null,"pi_pct":null,"stars_progress":null,"stars_gap":null,"stars_early_lit":null,"grad4":null,"stars_ccwmr":null,"affiliation":"Baptist / Christian","st_ratio":16.3,"tuition_low":null,"tuition_high":null,"tuition_year":null,"tuition_basis":"no published rate","edchoice":"unknown","tuition_source":"https://phcawarriors.com/enrollment/","tuition_status":"not_found","tuition_notes":"pass 2: site found via Cross of Hope Church (formerly Parma Heights Baptist); enrollment page (2026-27 open enrollment) gives no rate, says contact school","demo_year":"2023-24","faith":"religious","website":"https://phcawarriors.com/","district_website":null},"geometry":{"type":"Point","coordinates":[-81.74612,41.384389]}},{"type":"Feature","properties":{"id":"irn:94250","name":"Hershey Montessori","sector":"private","kind":"chartered nonpublic","district_irn":null,"district":null,"address":"10229 Prouty Rd Painesville, OH 44077","grades":"K-5","grades_guessed":true,"lo":0,"hi":5,"elem":1,"mid":0,"high":0,"enrollment":null,"pct_white":null,"pct_black":null,"pct_hispanic":null,"pct_asian":null,"pct_multi":null,"pct_other":null,"econ_dis_pct":null,"attendance":null,"chronic_abs":null,"stars_overall":null,"stars_achievement":null,"pi_pct":null,"stars_progress":null,"stars_gap":null,"stars_early_lit":null,"grad4":null,"stars_ccwmr":null,"affiliation":"Montessori","st_ratio":null,"tuition_low":15458,"tuition_high":16592,"tuition_year":"2026-27","tuition_basis":"Children's House full day (incl. K) vs upper elementary","edchoice":"yes","tuition_source":"https://hershey-montessori.org/admissions/tuition/","tuition_status":"published","tuition_notes":"Concord campus, birth-age 12; totals include classroom fees; financial aid; Huntsburg campus for ages 12-18","demo_year":null,"faith":"secular","website":"https://hershey-montessori.org/","district_website":null},"geometry":{"type":"Point","coordinates":[-81.27053,41.68187]}},{"type":"Feature","properties":{"id":"irn:60962","name":"St Sebastian","sector":"private","kind":"chartered nonpublic","district_irn":null,"district":null,"address":"352 Elmdale Ave Akron, OH 44320","grades":"PK-8","grades_guessed":false,"lo":-1,"hi":8,"elem":1,"mid":1,"high":0,"enrollment":330,"pct_white":80.3,"pct_black":11.2,"pct_hispanic":0.3,"pct_asian":3.3,"pct_multi":4.8,"pct_other":0,"econ_dis_pct":null,"attendance":null,"chronic_abs":null,"stars_overall":null,"stars_achievement":null,"pi_pct":null,"stars_progress":null,"stars_gap":null,"stars_early_lit":null,"grad4":null,"stars_ccwmr":null,"affiliation":"Catholic (Diocese of Cleveland)","st_ratio":13.8,"tuition_low":7600,"tuition_high":7600,"tuition_year":"2026-27","tuition_basis":"single rate per student, K-8","edchoice":"yes","tuition_source":"https://www.stsebastian.org/school/tuition","tuition_status":"published","tuition_notes":"Akron; EdChoice and School Choice scholarships, financial assistance","demo_year":"2023-24","faith":"catholic","website":"https://www.stsebastian.org/school","district_website":null},"geometry":{"type":"Point","coordinates":[-81.568003,41.098357]}},{"type":"Feature","properties":{"id":"irn:56440","name":"Communion of Saints School","sector":"private","kind":"chartered nonpublic","district_irn":null,"district":null,"address":"2160 Stillman Rd Cleveland Heights, OH 44118","grades":"PK-8","grades_guessed":false,"lo":-1,"hi":8,"elem":1,"mid":1,"high":0,"enrollment":182,"pct_white":45.1,"pct_black":46.7,"pct_hispanic":2.2,"pct_asian":2.2,"pct_multi":3.8,"pct_other":0,"econ_dis_pct":null,"attendance":null,"chronic_abs":null,"stars_overall":null,"stars_achievement":null,"pi_pct":null,"stars_progress":null,"stars_gap":null,"stars_early_lit":null,"grad4":null,"stars_ccwmr":null,"affiliation":"Catholic (Diocese of Cleveland)","st_ratio":12.1,"tuition_low":7000,"tuition_high":7000,"tuition_year":"2026-27","tuition_basis":"single rate, K-8","edchoice":"yes","tuition_source":"https://www.communionofsaintsschool.org/admissions/tuition/","tuition_status":"published","tuition_notes":"School now branded Saint Ann School at Communion of Saints Parish; Parish Life Scholarship & diocesan aid","demo_year":"2023-24","faith":"catholic","website":"https://www.stanncos.org/","district_website":null},"geometry":{"type":"Point","coordinates":[-81.578201,41.500253]}},{"type":"Feature","properties":{"id":"irn:133082","name":"Monarch School of Bellefaire JCB","sector":"private","kind":"chartered nonpublic","district_irn":null,"district":null,"address":"22001 Fairmount Blvd Shaker Heights, OH 44118","grades":"K-12","grades_guessed":true,"lo":0,"hi":12,"elem":1,"mid":1,"high":1,"enrollment":null,"pct_white":null,"pct_black":null,"pct_hispanic":null,"pct_asian":null,"pct_multi":null,"pct_other":null,"econ_dis_pct":null,"attendance":null,"chronic_abs":null,"stars_overall":null,"stars_achievement":null,"pi_pct":null,"stars_progress":null,"stars_gap":null,"stars_early_lit":null,"grad4":null,"stars_ccwmr":null,"affiliation":"nonsectarian (special education)","st_ratio":null,"tuition_low":null,"tuition_high":null,"tuition_year":null,"tuition_basis":"no published rate; district- or scholarship-funded","edchoice":"unknown","tuition_source":"https://monarchcenterforautism.org/admissions","tuition_status":"not_found","tuition_notes":"pass 2: Monarch now on monarchcenterforautism.org (old bellefairejcb.org page 404s); admissions says enrollment proceeds once funding is confirmed (districts from 5+ states); no rate","demo_year":null,"faith":"secular","website":"https://monarchcenterforautism.org/dayschool","district_website":null},"geometry":{"type":"Point","coordinates":[-81.52553,41.486646]}},{"type":"Feature","properties":{"id":"irn:18003","name":"Mentor Christian School","sector":"private","kind":"chartered nonpublic","district_irn":null,"district":null,"address":"8600 Lake Shore Blvd Mentor, OH 44060","grades":"PK-12","grades_guessed":false,"lo":-1,"hi":12,"elem":1,"mid":1,"high":1,"enrollment":247,"pct_white":82.6,"pct_black":4.9,"pct_hispanic":5.3,"pct_asian":3.2,"pct_multi":4.0,"pct_other":0,"econ_dis_pct":null,"attendance":null,"chronic_abs":null,"stars_overall":null,"stars_achievement":null,"pi_pct":null,"stars_progress":null,"stars_gap":null,"stars_early_lit":null,"grad4":null,"stars_ccwmr":null,"affiliation":"Christian","st_ratio":16.4,"tuition_low":null,"tuition_high":null,"tuition_year":null,"tuition_basis":null,"edchoice":"unknown","tuition_source":"https://mentorchristian.com/tuition/","tuition_status":"not_found","tuition_notes":"Rates not posted; $75 registration per child, $250 family maintenance fee; tuition assistance available; pass 2: nothing better; tuition page still lists no rates (contact school)","demo_year":"2023-24","faith":"religious","website":"https://mentorchristian.com/","district_website":null},"geometry":{"type":"Point","coordinates":[-81.33063,41.7165]}},{"type":"Feature","properties":{"id":"irn:20399","name":"Christian Community School","sector":"private","kind":"chartered nonpublic","district_irn":null,"district":null,"address":"35716 Royalton Rd Grafton, OH 44044","grades":"PK-12","grades_guessed":false,"lo":-1,"hi":12,"elem":1,"mid":1,"high":1,"enrollment":144,"pct_white":75.7,"pct_black":7.6,"pct_hispanic":12.5,"pct_asian":1.4,"pct_multi":0,"pct_other":2.8,"econ_dis_pct":null,"attendance":null,"chronic_abs":null,"stars_overall":null,"stars_achievement":null,"pi_pct":null,"stars_progress":null,"stars_gap":null,"stars_early_lit":null,"grad4":null,"stars_ccwmr":null,"affiliation":"Christian (nondenominational)","st_ratio":102.9,"tuition_low":8078,"tuition_high":10389,"tuition_year":"2026-27","tuition_basis":"K-8 vs grades 9-12","edchoice":"yes","tuition_source":"https://www.christiancommunityschool.org/admissions/tuition","tuition_status":"published","tuition_notes":"Plus $650 facility fee K-12; sibling discounts 5-10%; private scholarships","demo_year":"2023-24","faith":"religious","website":"https://www.christiancommunityschool.org/","district_website":null},"geometry":{"type":"Point","coordinates":[-82.01501,41.31564]}},{"type":"Feature","properties":{"id":"irn:20407","name":"EA Academy - Elyria","sector":"private","kind":"chartered nonpublic","district_irn":null,"district":null,"address":"333 Naples Dr Elyria, OH 44035","grades":null,"grades_guessed":false,"lo":null,"hi":null,"elem":1,"mid":1,"high":1,"enrollment":null,"pct_white":null,"pct_black":null,"pct_hispanic":null,"pct_asian":null,"pct_multi":null,"pct_other":null,"econ_dis_pct":null,"attendance":null,"chronic_abs":null,"stars_overall":null,"stars_achievement":null,"pi_pct":null,"stars_progress":null,"stars_gap":null,"stars_early_lit":null,"grad4":null,"stars_ccwmr":null,"affiliation":"special education (Education Alternatives)","st_ratio":null,"tuition_low":null,"tuition_high":null,"tuition_year":null,"tuition_basis":null,"edchoice":"unknown","tuition_source":"https://easchools.org/locations/ea-elyria/","tuition_status":"not_found","tuition_notes":"Education Alternatives: K-12 alternative/special-ed program for IEP students, typically district-placed; no public tuition; pass 2: nothing better; address 333 Naples Dr confirmed on EA page","demo_year":null,"faith":"religious","website":"https://easchools.org/locations/ea-elyria/","district_website":null},"geometry":{"type":"Point","coordinates":[-82.07996,41.41398]}},{"type":"Feature","properties":{"id":"irn:20549","name":"EA Academy - Willoughby Hills","sector":"private","kind":"chartered nonpublic","district_irn":null,"district":null,"address":"2882 Cricket Ln Willoughby Hills, OH 44092","grades":null,"grades_guessed":false,"lo":null,"hi":null,"elem":1,"mid":1,"high":1,"enrollment":null,"pct_white":null,"pct_black":null,"pct_hispanic":null,"pct_asian":null,"pct_multi":null,"pct_other":null,"econ_dis_pct":null,"attendance":null,"chronic_abs":null,"stars_overall":null,"stars_achievement":null,"pi_pct":null,"stars_progress":null,"stars_gap":null,"stars_early_lit":null,"grad4":null,"stars_ccwmr":null,"affiliation":"special education (Education Alternatives)","st_ratio":null,"tuition_low":null,"tuition_high":null,"tuition_year":null,"tuition_basis":null,"edchoice":"unknown","tuition_source":"https://easchools.org/locations/ea-willoughby-hills/","tuition_status":"not_found","tuition_notes":"Education Alternatives: K-12 alternative/special-ed program for IEP students, typically district-placed; no public tuition; pass 2: nothing better; EA no longer lists a Willoughby Hills location (old page 404s; locations are Akron, Bedford, Brook Park, Cuyahoga Falls, Elyria, Painesville Twp, Ravenna) - campus may be closed","demo_year":null,"faith":"religious","website":"https://easchools.org/","district_website":null},"geometry":{"type":"Point","coordinates":[-81.470576,41.581626]}},{"type":"Feature","properties":{"id":"irn:17611","name":"Insightful Minds","sector":"private","kind":"chartered nonpublic","district_irn":null,"district":null,"address":"9543 Broadview Rd Bldgs 15 16 17 18 Broadview Heights, OH 44147","grades":null,"grades_guessed":false,"lo":null,"hi":null,"elem":1,"mid":1,"high":1,"enrollment":null,"pct_white":null,"pct_black":null,"pct_hispanic":null,"pct_asian":null,"pct_multi":null,"pct_other":null,"econ_dis_pct":null,"attendance":null,"chronic_abs":null,"stars_overall":null,"stars_achievement":null,"pi_pct":null,"stars_progress":null,"stars_gap":null,"stars_early_lit":null,"grad4":null,"stars_ccwmr":null,"affiliation":"Special needs (autism, STEPS Educational Group)","st_ratio":null,"tuition_low":null,"tuition_high":null,"tuition_year":null,"tuition_basis":null,"edchoice":"unknown","tuition_source":"https://insightfulmindshighschool.com/","tuition_status":"not_found","tuition_notes":"Autism-focused school; no tuition published; typically Autism/Jon Peterson scholarship-funded; pass 2: nothing better","demo_year":null,"faith":"religious","website":null,"district_website":null},"geometry":{"type":"Point","coordinates":[-81.684507,41.306124]}},{"type":"Feature","properties":{"id":"irn:20795","name":"Providence Academy","sector":"private","kind":"chartered nonpublic","district_irn":null,"district":null,"address":"12193 W Pleasant Valley Rd Parma, OH 44130","grades":"PK-6","grades_guessed":false,"lo":-1,"hi":6,"elem":1,"mid":1,"high":0,"enrollment":73,"pct_white":98.6,"pct_black":1.4,"pct_hispanic":0,"pct_asian":0,"pct_multi":0,"pct_other":0,"econ_dis_pct":null,"attendance":null,"chronic_abs":null,"stars_overall":null,"stars_achievement":null,"pi_pct":null,"stars_progress":null,"stars_gap":null,"stars_early_lit":null,"grad4":null,"stars_ccwmr":null,"affiliation":"unknown","st_ratio":9.4,"tuition_low":null,"tuition_high":null,"tuition_year":null,"tuition_basis":null,"edchoice":"unknown","tuition_source":"https://www.privateschoolreview.com/","tuition_status":"not_found","tuition_notes":"No school website or rate found (search budget ran out before a dedicated search); pass 2: nothing better","demo_year":"2023-24","faith":"religious","website":null,"district_website":null},"geometry":{"type":"Point","coordinates":[-81.774842,41.36375]}},{"type":"Feature","properties":{"id":"irn:21499","name":"Heritage Classical Academy - Pepper Pike","sector":"private","kind":"chartered nonpublic","district_irn":null,"district":null,"address":"3737 Lander Rd Pepper Pike, OH 44124","grades":"K-12","grades_guessed":true,"lo":0,"hi":12,"elem":1,"mid":1,"high":1,"enrollment":null,"pct_white":null,"pct_black":null,"pct_hispanic":null,"pct_asian":null,"pct_multi":null,"pct_other":null,"econ_dis_pct":null,"attendance":null,"chronic_abs":null,"stars_overall":null,"stars_achievement":null,"pi_pct":null,"stars_progress":null,"stars_gap":null,"stars_early_lit":null,"grad4":null,"stars_ccwmr":null,"affiliation":"Christian (classical)","st_ratio":null,"tuition_low":9821,"tuition_high":11975,"tuition_year":"2025-26","tuition_basis":"K-5 vs grades 9-12 (full-time Academy)","edchoice":"yes","tuition_source":"https://www.heritageclassicalacademy.org/tuition-and-financial-aid-current-families","tuition_status":"published","tuition_notes":"Pepper Pike campus of Heritage Classical (main campus Peninsula); grades 6-8 $10,275; 2-day Study Center from $3,848; 2026-27 not posted","demo_year":null,"faith":"religious","website":"https://www.heritageclassicalacademy.org/","district_website":null},"geometry":{"type":"Point","coordinates":[-81.463149,41.459131]}},{"type":"Feature","properties":{"id":"irn:21502","name":"Laurel School - Butler Campus","sector":"private","kind":"chartered nonpublic","district_irn":null,"district":null,"address":"7420 Fairmount Rd Novelty, OH 44072","grades":"PK-5","grades_guessed":false,"lo":-1,"hi":5,"elem":1,"mid":0,"high":0,"enrollment":87,"pct_white":71.3,"pct_black":20.7,"pct_hispanic":1.1,"pct_asian":1.1,"pct_multi":5.7,"pct_other":0,"econ_dis_pct":null,"attendance":null,"chronic_abs":null,"stars_overall":null,"stars_achievement":null,"pi_pct":null,"stars_progress":null,"stars_gap":null,"stars_early_lit":null,"grad4":null,"stars_ccwmr":null,"affiliation":"Nonsectarian independent (all-girls)","st_ratio":5.5,"tuition_low":27500,"tuition_high":45015,"tuition_year":"2026-27","tuition_basis":"K vs grade 12","edchoice":"unknown","tuition_source":"https://www.laurelschool.org/admissions/welcome","tuition_status":"published","tuition_notes":"Butler Campus is Laurel's outdoor campus; main campus Shaker Heights; Variable Tuition (need-based), ~45% receive aid","demo_year":"2023-24","faith":"secular","website":"https://www.laurelschool.org/","district_website":null},"geometry":{"type":"Point","coordinates":[-81.37425,41.49647]}},{"type":"Feature","properties":{"id":"irn:57307","name":"St Mary","sector":"private","kind":"chartered nonpublic","district_irn":null,"district":null,"address":"237 4th St Elyria, OH 44035","grades":"K-8","grades_guessed":true,"lo":0,"hi":8,"elem":1,"mid":1,"high":0,"enrollment":null,"pct_white":null,"pct_black":null,"pct_hispanic":null,"pct_asian":null,"pct_multi":null,"pct_other":null,"econ_dis_pct":null,"attendance":null,"chronic_abs":null,"stars_overall":null,"stars_achievement":null,"pi_pct":null,"stars_progress":null,"stars_gap":null,"stars_early_lit":null,"grad4":null,"stars_ccwmr":null,"affiliation":"Catholic (Diocese of Cleveland)","st_ratio":null,"tuition_low":6900,"tuition_high":6900,"tuition_year":"not stated","tuition_basis":"single rate, K-8","edchoice":"unknown","tuition_source":"https://stmaryelyria.org/tuition-information","tuition_status":"published","tuition_notes":"Elyria; seen via search index (site blocks direct fetch); school says 100% of students receive scholarships/aid; pass 2: nothing better; read page directly via reader proxy: K-8 $6,900 'prior to scholarships', still no year; preschool $1,300-4,800","demo_year":null,"faith":"catholic","website":"https://stmaryelyria.org/","district_website":null},"geometry":{"type":"Point","coordinates":[-82.10608,41.36451]}},{"type":"Feature","properties":{"id":"irn:22035","name":"Wings of Change Learning Center","sector":"private","kind":"chartered nonpublic","district_irn":null,"district":null,"address":"1909 3rd St Cuyahoga Falls, OH 44221","grades":null,"grades_guessed":false,"lo":null,"hi":null,"elem":1,"mid":1,"high":1,"enrollment":null,"pct_white":null,"pct_black":null,"pct_hispanic":null,"pct_asian":null,"pct_multi":null,"pct_other":null,"econ_dis_pct":null,"attendance":null,"chronic_abs":null,"stars_overall":null,"stars_achievement":null,"pi_pct":null,"stars_progress":null,"stars_gap":null,"stars_early_lit":null,"grad4":null,"stars_ccwmr":null,"affiliation":"Unknown","st_ratio":null,"tuition_low":null,"tuition_high":null,"tuition_year":null,"tuition_basis":null,"edchoice":"unknown","tuition_source":null,"tuition_status":"not_found","tuition_notes":"pass 2: nothing better; web-search budget exhausted before this school, and guessed domains did not resolve to it; no school information found","demo_year":null,"faith":"religious","website":"https://www.wingsofchangetherapyinc.com","district_website":null},"geometry":{"type":"Point","coordinates":[-81.486157,41.132563]}},{"type":"Feature","properties":{"id":"irn:16689","name":"STEPS Academy","sector":"private","kind":"chartered nonpublic","district_irn":null,"district":null,"address":"4040 Tamarack Dr Parma, OH 44134","grades":"PK-12","grades_guessed":false,"lo":-1,"hi":12,"elem":1,"mid":1,"high":1,"enrollment":119,"pct_white":63.9,"pct_black":7.6,"pct_hispanic":16.0,"pct_asian":3.4,"pct_multi":9.2,"pct_other":0,"econ_dis_pct":null,"attendance":null,"chronic_abs":null,"stars_overall":null,"stars_achievement":null,"pi_pct":null,"stars_progress":null,"stars_gap":null,"stars_early_lit":null,"grad4":null,"stars_ccwmr":null,"affiliation":"nonsectarian (special education, autism)","st_ratio":10.8,"tuition_low":null,"tuition_high":null,"tuition_year":null,"tuition_basis":null,"edchoice":"unknown","tuition_source":"https://www.privateschoolreview.com/steps-educational-group-profile","tuition_status":"not_found","tuition_notes":"Autism-focused program ages 3-22; approved Autism/Jon Peterson Scholarship provider; tuition not published, contact admissions. pass 2: nothing better","demo_year":"2023-24","faith":"secular","website":"https://www.stepsedgroup.com/","district_website":null},"geometry":{"type":"Point","coordinates":[-81.712799,41.359356]}},{"type":"Feature","properties":{"id":"irn:55913","name":"St Adalbert","sector":"private","kind":"chartered nonpublic","district_irn":null,"district":null,"address":"2345 E 83rd St Cleveland, OH 44104","grades":"PK-8","grades_guessed":false,"lo":-1,"hi":8,"elem":1,"mid":1,"high":0,"enrollment":402,"pct_white":0,"pct_black":97.0,"pct_hispanic":3.0,"pct_asian":0,"pct_multi":0,"pct_other":0,"econ_dis_pct":null,"attendance":null,"chronic_abs":null,"stars_overall":null,"stars_achievement":null,"pi_pct":null,"stars_progress":null,"stars_gap":null,"stars_early_lit":null,"grad4":null,"stars_ccwmr":null,"affiliation":"Catholic (Diocese of Cleveland)","st_ratio":15.6,"tuition_low":6200,"tuition_high":6200,"tuition_year":"current (year not stated)","tuition_basis":"single rate, K-8 (all-inclusive)","edchoice":"yes","tuition_source":"https://stadalbertschool.net/prospective-families/tuition-info/","tuition_status":"published","tuition_notes":"Accepts Cleveland Scholarship, EdChoice, Peterson; aid available; Pre-K $5,000. pass 2: nothing better (page says 'current school year', no year)","demo_year":"2023-24","faith":"catholic","website":"https://stadalbertschool.net/","district_website":null},"geometry":{"type":"Point","coordinates":[-81.629423,41.495059]}},{"type":"Feature","properties":{"id":"irn:52969","name":"Elyria Catholic","sector":"private","kind":"chartered nonpublic","district_irn":null,"district":null,"address":"725 Gulf Rd Elyria, OH 44035","grades":"9-12","grades_guessed":true,"lo":9,"hi":12,"elem":0,"mid":0,"high":1,"enrollment":null,"pct_white":null,"pct_black":null,"pct_hispanic":null,"pct_asian":null,"pct_multi":null,"pct_other":null,"econ_dis_pct":null,"attendance":null,"chronic_abs":null,"stars_overall":null,"stars_achievement":null,"pi_pct":null,"stars_progress":null,"stars_gap":null,"stars_early_lit":null,"grad4":null,"stars_ccwmr":null,"affiliation":"Catholic (Diocese of Cleveland)","st_ratio":null,"tuition_low":11500,"tuition_high":11500,"tuition_year":"2025-26","tuition_basis":"single rate, grades 9-12","edchoice":"unknown","tuition_source":"https://elyriacatholic.com/tuition-and-fees","tuition_status":"published","tuition_notes":"Rate seen via search index of school site (site blocks direct fetch); 2026-27 not found; Private School Review lists $10,900; diocesan aid and scholarships","demo_year":null,"faith":"catholic","website":"https://elyriacatholic.com/","district_website":null},"geometry":{"type":"Point","coordinates":[-82.09203,41.3828]}},{"type":"Feature","properties":{"id":"irn:53041","name":"Hawken School","sector":"private","kind":"chartered nonpublic","district_irn":null,"district":null,"address":"12465 County Line Rd Chesterland, OH 44026","grades":"PK-12","grades_guessed":false,"lo":-1,"hi":12,"elem":1,"mid":1,"high":1,"enrollment":1101,"pct_white":62.9,"pct_black":12.2,"pct_hispanic":3.9,"pct_asian":11.0,"pct_multi":9.9,"pct_other":0.2,"econ_dis_pct":null,"attendance":null,"chronic_abs":null,"stars_overall":null,"stars_achievement":null,"pi_pct":null,"stars_progress":null,"stars_gap":null,"stars_early_lit":null,"grad4":null,"stars_ccwmr":null,"affiliation":"Nonsectarian independent","st_ratio":14.4,"tuition_low":26545,"tuition_high":43240,"tuition_year":"2025-26","tuition_basis":"K vs grade 12 (tuition & fees total)","edchoice":"unknown","tuition_source":"https://hawken.myschoolapp.com/ftpimages/291/download/download_2293598.pdf","tuition_status":"published","tuition_notes":"Rates include lunch, trips, tech fees; per-grade PDFs; this Gates Mills campus is the high school (grades 9-12: 40,180-43,240); Flexible Tuition (need-based) for ~42% of students","demo_year":"2023-24","faith":"secular","website":"https://www.hawken.edu/","district_website":null},"geometry":{"type":"Point","coordinates":[-81.38516,41.52859]}},{"type":"Feature","properties":{"id":"irn:53058","name":"Hebrew Academy Of Cleveland","sector":"private","kind":"chartered nonpublic","district_irn":null,"district":null,"address":"1860 S Taylor Rd Cleveland Heights, OH 44118","grades":"PK-12","grades_guessed":true,"lo":-1,"hi":12,"elem":1,"mid":1,"high":1,"enrollment":null,"pct_white":null,"pct_black":null,"pct_hispanic":null,"pct_asian":null,"pct_multi":null,"pct_other":null,"econ_dis_pct":null,"attendance":null,"chronic_abs":null,"stars_overall":null,"stars_achievement":null,"pi_pct":null,"stars_progress":null,"stars_gap":null,"stars_early_lit":null,"grad4":null,"stars_ccwmr":null,"affiliation":"Jewish (Orthodox)","st_ratio":null,"tuition_low":10750,"tuition_high":10750,"tuition_year":"unknown","tuition_basis":"single rate (aggregator), varies by grade","edchoice":"unknown","tuition_source":"https://www.privateschoolreview.com/hebrew-academy-of-cleveland-profile","tuition_status":"aggregator","tuition_notes":"Aggregator figure; actual rate varies by grade, ~70% receive aid; no rate on school site; girls' HS is Yavne (separate row); pass 2: nothing better","demo_year":null,"faith":"religious","website":null,"district_website":null},"geometry":{"type":"Point","coordinates":[-81.55612,41.50892]}},{"type":"Feature","properties":{"id":"irn:53199","name":"Lutheran East","sector":"private","kind":"chartered nonpublic","district_irn":null,"district":null,"address":"3565 Mayfield Rd Cleveland Heights, OH 44118","grades":"9-12","grades_guessed":false,"lo":9,"hi":12,"elem":0,"mid":0,"high":1,"enrollment":354,"pct_white":0.3,"pct_black":88.4,"pct_hispanic":0,"pct_asian":0,"pct_multi":11.3,"pct_other":0,"econ_dis_pct":null,"attendance":null,"chronic_abs":null,"stars_overall":null,"stars_achievement":null,"pi_pct":null,"stars_progress":null,"stars_gap":null,"stars_early_lit":null,"grad4":null,"stars_ccwmr":null,"affiliation":"Lutheran (LCMS)","st_ratio":9.8,"tuition_low":11500,"tuition_high":11500,"tuition_year":"2026-27","tuition_basis":"single rate, grades 9-12","edchoice":"unknown","tuition_source":"https://www.lutheraneast.org/admissions/tuition-financial-aid/","tuition_status":"published","tuition_notes":"+$1,500 mandatory student fees (total $13,000); $500 transportation optional","demo_year":"2023-24","faith":"religious","website":"https://www.lutheraneast.org/","district_website":null},"geometry":{"type":"Point","coordinates":[-81.550927,41.520626]}},{"type":"Feature","properties":{"id":"irn:53546","name":"St Edward","sector":"private","kind":"chartered nonpublic","district_irn":null,"district":null,"address":"13500 Detroit Ave Lakewood, OH 44107","grades":"9-12","grades_guessed":true,"lo":9,"hi":12,"elem":0,"mid":0,"high":1,"enrollment":null,"pct_white":null,"pct_black":null,"pct_hispanic":null,"pct_asian":null,"pct_multi":null,"pct_other":null,"econ_dis_pct":null,"attendance":null,"chronic_abs":null,"stars_overall":null,"stars_achievement":null,"pi_pct":null,"stars_progress":null,"stars_gap":null,"stars_early_lit":null,"grad4":null,"stars_ccwmr":null,"affiliation":"Catholic (Holy Cross; boys)","st_ratio":null,"tuition_low":21150,"tuition_high":21150,"tuition_year":"2026-27","tuition_basis":"single rate, 9-12","edchoice":"yes","tuition_source":"https://www.sehs.net/admissions/tuition-amp-scholarships","tuition_status":"published","tuition_notes":"+$750 student life fee; all-boys HS; EdChoice up to $8,408","demo_year":null,"faith":"catholic","website":"https://www.sehs.net/","district_website":null},"geometry":{"type":"Point","coordinates":[-81.78471,41.48578]}},{"type":"Feature","properties":{"id":"irn:56648","name":"Lakewood Catholic Academy","sector":"private","kind":"chartered nonpublic","district_irn":null,"district":null,"address":"14808 Lake Ave Lakewood, OH 44107","grades":"PK-8","grades_guessed":false,"lo":-1,"hi":8,"elem":1,"mid":1,"high":0,"enrollment":470,"pct_white":89.6,"pct_black":0.6,"pct_hispanic":2.6,"pct_asian":1.1,"pct_multi":6.2,"pct_other":0,"econ_dis_pct":null,"attendance":null,"chronic_abs":null,"stars_overall":null,"stars_achievement":null,"pi_pct":null,"stars_progress":null,"stars_gap":null,"stars_early_lit":null,"grad4":null,"stars_ccwmr":null,"affiliation":"Catholic (Diocese of Cleveland)","st_ratio":17.4,"tuition_low":7400,"tuition_high":9900,"tuition_year":"2026-27","tuition_basis":"supporting-parish member vs non-Catholic, K-8","edchoice":"yes","tuition_source":"https://lakewoodcatholicacademy.com/admissions/affordability-tuition/","tuition_status":"published","tuition_notes":"3 tiers ($9,000 other-parish Catholic); +$250 registration; 2% pay-in-full discount","demo_year":"2023-24","faith":"catholic","website":"https://lakewoodcatholicacademy.com/","district_website":null},"geometry":{"type":"Point","coordinates":[-81.79986,41.49427]}},{"type":"Feature","properties":{"id":"irn:56713","name":"St Albert The Great","sector":"private","kind":"chartered nonpublic","district_irn":null,"district":null,"address":"6667 Wallings Rd North Royalton, OH 44133","grades":"PK-8","grades_guessed":false,"lo":-1,"hi":8,"elem":1,"mid":1,"high":0,"enrollment":774,"pct_white":94.4,"pct_black":0.4,"pct_hispanic":1.3,"pct_asian":1.9,"pct_multi":1.9,"pct_other":0,"econ_dis_pct":null,"attendance":null,"chronic_abs":null,"stars_overall":null,"stars_achievement":null,"pi_pct":null,"stars_progress":null,"stars_gap":null,"stars_early_lit":null,"grad4":null,"stars_ccwmr":null,"affiliation":"Catholic (Diocese of Cleveland)","st_ratio":21.3,"tuition_low":8030,"tuition_high":10940,"tuition_year":"2026-27","tuition_basis":"parishioner (1 child) vs non-parishioner, JK-8","edchoice":"unknown","tuition_source":"https://school.saint-albert.org/clarity-tuition-billing","tuition_status":"published","tuition_notes":"Multi-child parish discount; parish rate needs letter of good standing; figures via search snippet (site behind Cloudflare)","demo_year":"2023-24","faith":"catholic","website":"https://school.saint-albert.org/","district_website":null},"geometry":{"type":"Point","coordinates":[-81.735056,41.32487]}},{"type":"Feature","properties":{"id":"irn:56812","name":"St Dominic","sector":"private","kind":"chartered nonpublic","district_irn":null,"district":null,"address":"3455 Norwood Rd Shaker Heights, OH 44122","grades":"K-8","grades_guessed":false,"lo":0,"hi":8,"elem":1,"mid":1,"high":0,"enrollment":204,"pct_white":47.5,"pct_black":31.9,"pct_hispanic":6.4,"pct_asian":0,"pct_multi":14.2,"pct_other":0,"econ_dis_pct":null,"attendance":null,"chronic_abs":null,"stars_overall":null,"stars_achievement":null,"pi_pct":null,"stars_progress":null,"stars_gap":null,"stars_early_lit":null,"grad4":null,"stars_ccwmr":null,"affiliation":"Catholic (Diocese of Cleveland)","st_ratio":13.2,"tuition_low":6500,"tuition_high":6500,"tuition_year":"unknown","tuition_basis":"single rate (aggregator figure)","edchoice":"unknown","tuition_source":"https://www.homes.com/school/shaker-heights-oh/st-dominic-school/ygpr6frt6vkeb/","tuition_status":"aggregator","tuition_notes":"School's own site lists no tuition (checked admissions/FAQ pages). pass 2: nothing better","demo_year":"2023-24","faith":"catholic","website":"https://www.stdominicschool.net/","district_website":null},"geometry":{"type":"Point","coordinates":[-81.54502,41.46577]}},{"type":"Feature","properties":{"id":"irn:56861","name":"Gesu Catholic School","sector":"private","kind":"chartered nonpublic","district_irn":null,"district":null,"address":"2450 Miramar Blvd University Heights, OH 44118","grades":"PK-8","grades_guessed":false,"lo":-1,"hi":8,"elem":1,"mid":1,"high":0,"enrollment":639,"pct_white":83.3,"pct_black":7.0,"pct_hispanic":4.2,"pct_asian":0.5,"pct_multi":5.0,"pct_other":0,"econ_dis_pct":null,"attendance":null,"chronic_abs":null,"stars_overall":null,"stars_achievement":null,"pi_pct":null,"stars_progress":null,"stars_gap":null,"stars_early_lit":null,"grad4":null,"stars_ccwmr":null,"affiliation":"Catholic (Diocese of Cleveland, Jesuit parish)","st_ratio":16.1,"tuition_low":6800,"tuition_high":7400,"tuition_year":"2026-27","tuition_basis":"parishioner vs non-parishioner, K-8","edchoice":"yes","tuition_source":"https://gesu.com/tuition/","tuition_status":"published","tuition_notes":"+$150 registration, $225 tech fee; parish aid requires applying for a state scholarship","demo_year":"2023-24","faith":"catholic","website":"https://gesu.com/","district_website":null},"geometry":{"type":"Point","coordinates":[-81.531557,41.493506]}},{"type":"Feature","properties":{"id":"irn:56853","name":"Sts Joseph & John Interparochi","sector":"private","kind":"chartered nonpublic","district_irn":null,"district":null,"address":"12580 Pearl Rd Strongsville, OH 44136","grades":"PK-8","grades_guessed":false,"lo":-1,"hi":8,"elem":1,"mid":1,"high":0,"enrollment":549,"pct_white":91.8,"pct_black":0.4,"pct_hispanic":1.6,"pct_asian":4.2,"pct_multi":2.0,"pct_other":0,"econ_dis_pct":null,"attendance":null,"chronic_abs":null,"stars_overall":null,"stars_achievement":null,"pi_pct":null,"stars_progress":null,"stars_gap":null,"stars_early_lit":null,"grad4":null,"stars_ccwmr":null,"affiliation":"Catholic (Diocese of Cleveland)","st_ratio":23.9,"tuition_low":3670,"tuition_high":5300,"tuition_year":"2026-27","tuition_basis":"parishioner vs non-parishioner, K-8","edchoice":"yes","tuition_source":"https://www.privateschoolreview.com/saints-joseph-john-interparochial-school-profile","tuition_status":"aggregator","tuition_notes":"Rates quoted from school on PSR; own site lists no figures (admission policy mentions parishioner vs non-parishioner rates); multi-child discount. pass 2: nothing better","demo_year":"2023-24","faith":"catholic","website":"https://sjjschool.org/","district_website":null},"geometry":{"type":"Point","coordinates":[-81.83768,41.32125]}},{"type":"Feature","properties":{"id":"irn:56945","name":"Incarnate Word Academy","sector":"private","kind":"chartered nonpublic","district_irn":null,"district":null,"address":"6620 Pearl Rd Parma Heights, OH 44130","grades":"K-8","grades_guessed":false,"lo":0,"hi":8,"elem":1,"mid":1,"high":0,"enrollment":383,"pct_white":70.5,"pct_black":3.1,"pct_hispanic":4.4,"pct_asian":16.7,"pct_multi":5.2,"pct_other":0,"econ_dis_pct":null,"attendance":null,"chronic_abs":null,"stars_overall":null,"stars_achievement":null,"pi_pct":null,"stars_progress":null,"stars_gap":null,"stars_early_lit":null,"grad4":null,"stars_ccwmr":null,"affiliation":"Catholic (Diocese of Cleveland)","st_ratio":13.7,"tuition_low":7600,"tuition_high":7600,"tuition_year":"2026-27","tuition_basis":"single rate, K-8","edchoice":"unknown","tuition_source":"https://www.incarnatewordacademy.org/admissions/tuition-financial-aid/","tuition_status":"published","tuition_notes":"Rate if paid before June 1; +$350 registration/tech fee; IWA award for all families; kinder prep $4,800-6,600","demo_year":"2023-24","faith":"catholic","website":"https://www.incarnatewordacademy.org/","district_website":null},"geometry":{"type":"Point","coordinates":[-81.778838,41.382821]}},{"type":"Feature","properties":{"id":"irn:57356","name":"St Anthony Of Padua","sector":"private","kind":"chartered nonpublic","district_irn":null,"district":null,"address":"1339 E Erie Ave Lorain, OH 44052","grades":"PK-8","grades_guessed":false,"lo":-1,"hi":8,"elem":1,"mid":1,"high":0,"enrollment":216,"pct_white":41.7,"pct_black":8.8,"pct_hispanic":29.2,"pct_asian":0,"pct_multi":20.4,"pct_other":0,"econ_dis_pct":null,"attendance":null,"chronic_abs":null,"stars_overall":null,"stars_achievement":null,"pi_pct":null,"stars_progress":null,"stars_gap":null,"stars_early_lit":null,"grad4":null,"stars_ccwmr":null,"affiliation":"Catholic (Diocese of Cleveland)","st_ratio":15.1,"tuition_low":6166,"tuition_high":6166,"tuition_year":"2026-27","tuition_basis":"single rate, K-8","edchoice":"yes","tuition_source":"https://www.stanthonylorain.org/wp-content/uploads/2026/01/2026-2027-Annual-Enrollment-Information.pdf","tuition_status":"published","tuition_notes":"pass 2: 2026-27 enrollment PDF; K-8 tuition $6,166 (= max EdChoice, so may be free); $50/family deposit; pre-school $800/yr","demo_year":"2023-24","faith":"catholic","website":"https://www.stanthonylorain.org/","district_website":null},"geometry":{"type":"Point","coordinates":[-82.15987,41.47574]}},{"type":"Feature","properties":{"id":"irn:57430","name":"St Mary Of The Assumption","sector":"private","kind":"chartered nonpublic","district_irn":null,"district":null,"address":"8540 Mentor Ave Mentor, OH 44060","grades":"PK-8","grades_guessed":false,"lo":-1,"hi":8,"elem":1,"mid":1,"high":0,"enrollment":313,"pct_white":93.0,"pct_black":0.3,"pct_hispanic":0.6,"pct_asian":1.6,"pct_multi":4.5,"pct_other":0,"econ_dis_pct":null,"attendance":null,"chronic_abs":null,"stars_overall":null,"stars_achievement":null,"pi_pct":null,"stars_progress":null,"stars_gap":null,"stars_early_lit":null,"grad4":null,"stars_ccwmr":null,"affiliation":"Catholic (Diocese of Cleveland)","st_ratio":13.3,"tuition_low":6500,"tuition_high":6500,"tuition_year":"2026-27","tuition_basis":"single rate per student, K-8","edchoice":"unknown","tuition_source":"https://www.stmarymentorschool.org/tuition.html","tuition_status":"published","tuition_notes":"Preschool priced separately","demo_year":"2023-24","faith":"catholic","website":"https://www.stmarymentorschool.org/","district_website":null},"geometry":{"type":"Point","coordinates":[-81.33342,41.66545]}},{"type":"Feature","properties":{"id":"irn:57141","name":"St Mary Immaculate Conception","sector":"private","kind":"chartered nonpublic","district_irn":null,"district":null,"address":"2680 Stoney Ridge Rd Avon, OH 44011","grades":"PK-8","grades_guessed":false,"lo":-1,"hi":8,"elem":1,"mid":1,"high":0,"enrollment":167,"pct_white":84.4,"pct_black":1.8,"pct_hispanic":5.4,"pct_asian":4.8,"pct_multi":3.6,"pct_other":0,"econ_dis_pct":null,"attendance":null,"chronic_abs":null,"stars_overall":null,"stars_achievement":null,"pi_pct":null,"stars_progress":null,"stars_gap":null,"stars_early_lit":null,"grad4":null,"stars_ccwmr":null,"affiliation":"Catholic (Diocese of Cleveland)","st_ratio":13.9,"tuition_low":7200,"tuition_high":7200,"tuition_year":"2026-27","tuition_basis":"single rate, K-8","edchoice":"yes","tuition_source":"https://stmaryavon.org/tuition","tuition_status":"published","tuition_notes":"Avon; seen via search index (site blocks direct fetch); average family commitment after scholarships $1,655","demo_year":"2023-24","faith":"catholic","website":"https://stmaryavon.org/","district_website":null},"geometry":{"type":"Point","coordinates":[-82.03417,41.44863]}},{"type":"Feature","properties":{"id":"irn:56051","name":"St Ignatius","sector":"private","kind":"chartered nonpublic","district_irn":null,"district":null,"address":"10205 Lorain Ave Cleveland, OH 44111","grades":"K-8","grades_guessed":false,"lo":0,"hi":8,"elem":1,"mid":1,"high":0,"enrollment":221,"pct_white":9.5,"pct_black":42.5,"pct_hispanic":20.8,"pct_asian":7.7,"pct_multi":19.5,"pct_other":0,"econ_dis_pct":null,"attendance":null,"chronic_abs":null,"stars_overall":null,"stars_achievement":null,"pi_pct":null,"stars_progress":null,"stars_gap":null,"stars_early_lit":null,"grad4":null,"stars_ccwmr":null,"affiliation":"Catholic (Diocese of Cleveland)","st_ratio":16.6,"tuition_low":null,"tuition_high":null,"tuition_year":null,"tuition_basis":null,"edchoice":"yes","tuition_source":"https://sioaschool.org/","tuition_status":"not_found","tuition_notes":"St. Ignatius of Antioch (K-8); tuition not posted (site blocks fetch); accepts Cleveland Scholarship/EdChoice. Diocesan directory's stignatiusofantioch-school.org redirects to a dead .online domain. pass 2: nothing better","demo_year":"2023-24","faith":"catholic","website":"https://sioaschool.org/","district_website":null},"geometry":{"type":"Point","coordinates":[-81.755254,41.466189]}},{"type":"Feature","properties":{"id":"irn:60343","name":"Luther Memorial","sector":"private","kind":"chartered nonpublic","district_irn":null,"district":null,"address":"4464 Pearl Rd Cleveland, OH 44109","grades":"PK-8","grades_guessed":false,"lo":-1,"hi":8,"elem":1,"mid":1,"high":0,"enrollment":170,"pct_white":10,"pct_black":14.7,"pct_hispanic":60,"pct_asian":8.8,"pct_multi":6.5,"pct_other":0,"econ_dis_pct":null,"attendance":null,"chronic_abs":null,"stars_overall":null,"stars_achievement":null,"pi_pct":null,"stars_progress":null,"stars_gap":null,"stars_early_lit":null,"grad4":null,"stars_ccwmr":null,"affiliation":"Lutheran","st_ratio":13.1,"tuition_low":null,"tuition_high":null,"tuition_year":null,"tuition_basis":"no sticker rate","edchoice":"yes","tuition_source":"https://lmslancers.org/admissions/","tuition_status":"not_found","tuition_notes":"pass 2: nothing better; admissions page lists FY27 Cleveland Scholarship & EdChoice forms but no rate","demo_year":"2023-24","faith":"religious","website":"https://lmslancers.org/","district_website":null},"geometry":{"type":"Point","coordinates":[-81.71126,41.43455]}},{"type":"Feature","properties":{"id":"irn:60657","name":"Chapel Hill Christian North","sector":"private","kind":"chartered nonpublic","district_irn":null,"district":null,"address":"1090 Howe Ave Cuyahoga Falls, OH 44221","grades":"PK-6","grades_guessed":false,"lo":-1,"hi":6,"elem":1,"mid":1,"high":0,"enrollment":186,"pct_white":53.8,"pct_black":30.6,"pct_hispanic":1.1,"pct_asian":5.9,"pct_multi":8.6,"pct_other":0,"econ_dis_pct":null,"attendance":null,"chronic_abs":null,"stars_overall":null,"stars_achievement":null,"pi_pct":null,"stars_progress":null,"stars_gap":null,"stars_early_lit":null,"grad4":null,"stars_ccwmr":null,"affiliation":"Christian (nondenominational)","st_ratio":9.6,"tuition_low":7937,"tuition_high":8189,"tuition_year":"2026-27","tuition_basis":"kindergarten vs grades 4-6 (grades 1-3 $8,063)","edchoice":"yes","tuition_source":"https://www.chapelhillchristianschool.org/enrollment/tuition-financial-aid","tuition_status":"published","tuition_notes":"pass 2: rates read from the school's 2026-27 tuition chart image (same chart for North and South campuses); plus $950 K-6 enrollment fee; preschool/pre-K $2,394-6,587; EdChoice K-8 $650-6,165","demo_year":"2023-24","faith":"religious","website":"https://www.chapelhillchristianschool.org/","district_website":null},"geometry":{"type":"Point","coordinates":[-81.467498,41.118785]}},{"type":"Feature","properties":{"id":"irn:60764","name":"Laurel School","sector":"private","kind":"chartered nonpublic","district_irn":null,"district":null,"address":"1 Lyman Cir Shaker Heights, OH 44122","grades":"PK-12","grades_guessed":false,"lo":-1,"hi":12,"elem":1,"mid":1,"high":1,"enrollment":441,"pct_white":65.3,"pct_black":14.5,"pct_hispanic":2.7,"pct_asian":9.5,"pct_multi":7.5,"pct_other":0.5,"econ_dis_pct":null,"attendance":null,"chronic_abs":null,"stars_overall":null,"stars_achievement":null,"pi_pct":null,"stars_progress":null,"stars_gap":null,"stars_early_lit":null,"grad4":null,"stars_ccwmr":null,"affiliation":"Nonsectarian independent (girls)","st_ratio":7.3,"tuition_low":27250,"tuition_high":45015,"tuition_year":"2026-27","tuition_basis":"K vs grade 12","edchoice":"unknown","tuition_source":"https://www.laurelschool.org/admissions/tuition-and-affordability","tuition_status":"published","tuition_notes":"Girls' school (coed early childhood); K-5 $27,250-37,225, 6-12 $38,245-45,015; variable (need-based) tuition; multi-child discount for 3+","demo_year":"2023-24","faith":"secular","website":"https://www.laurelschool.org/","district_website":null},"geometry":{"type":"Point","coordinates":[-81.513122,41.481878]}},{"type":"Feature","properties":{"id":"irn:57018","name":"St Francis De Sales","sector":"private","kind":"chartered nonpublic","district_irn":null,"district":null,"address":"4009 Manchester Rd Akron, OH 44319","grades":"K-8","grades_guessed":true,"lo":0,"hi":8,"elem":1,"mid":1,"high":0,"enrollment":null,"pct_white":null,"pct_black":null,"pct_hispanic":null,"pct_asian":null,"pct_multi":null,"pct_other":null,"econ_dis_pct":null,"attendance":null,"chronic_abs":null,"stars_overall":null,"stars_achievement":null,"pi_pct":null,"stars_progress":null,"stars_gap":null,"stars_early_lit":null,"grad4":null,"stars_ccwmr":null,"affiliation":"Catholic (Diocese of Cleveland)","st_ratio":null,"tuition_low":6500,"tuition_high":6500,"tuition_year":"2024-25","tuition_basis":"single rate per student, K-8","edchoice":"yes","tuition_source":"https://stfparishschool.org/media/OFFICIAL%20TUITION%20LETTER%20FOR%20%202024-2025%20SCHOOL%20YEAR.pdf","tuition_status":"published","tuition_notes":"pass 2: Akron; school's own tuition letter, but for 2024-25 (newest posted) - 2026-27 likely higher; aggregator had $7,500; $200 registration/tech fee; preschool/pre-K $1,475-5,100","demo_year":null,"faith":"catholic","website":"https://stfparishschool.org/","district_website":null},"geometry":{"type":"Point","coordinates":[-81.557518,40.993383]}},{"type":"Feature","properties":{"id":"irn:96693","name":"Spring Garden","sector":"private","kind":"chartered nonpublic","district_irn":null,"district":null,"address":"1791 Jacoby Rd Copley, OH 44321","grades":"PK-8","grades_guessed":false,"lo":-1,"hi":8,"elem":1,"mid":1,"high":0,"enrollment":147,"pct_white":85.7,"pct_black":11.6,"pct_hispanic":0,"pct_asian":2.7,"pct_multi":0,"pct_other":0,"econ_dis_pct":null,"attendance":null,"chronic_abs":null,"stars_overall":null,"stars_achievement":null,"pi_pct":null,"stars_progress":null,"stars_gap":null,"stars_early_lit":null,"grad4":null,"stars_ccwmr":null,"affiliation":"Waldorf (nonsectarian)","st_ratio":9.0,"tuition_low":10840,"tuition_high":15333,"tuition_year":"not stated (page current Oct 2026)","tuition_basis":"half-day kindergarten vs grades 1-8 (full-day K $15,138)","edchoice":"yes","tuition_source":"https://sgws.org/tuition/","tuition_status":"published","tuition_notes":"pass 2: Spring Garden Waldorf School, Copley; school tuition page (no year label, but advertises an Oct 28 2026 aid webinar); ~75% of families get aid; accepts all EdChoice scholarships; PreK $6,514-15,138","demo_year":"2023-24","faith":"secular","website":"https://sgws.org/","district_website":null},"geometry":{"type":"Point","coordinates":[-81.616868,41.08389]}},{"type":"Feature","properties":{"id":"irn:94268","name":"Bethel Christian Academy","sector":"private","kind":"chartered nonpublic","district_irn":null,"district":null,"address":"12901 W Pleasant Valley Rd Parma, OH 44130","grades":"PK-8","grades_guessed":false,"lo":-1,"hi":8,"elem":1,"mid":1,"high":0,"enrollment":176,"pct_white":80.7,"pct_black":4.5,"pct_hispanic":5.1,"pct_asian":2.3,"pct_multi":7.4,"pct_other":0,"econ_dis_pct":null,"attendance":null,"chronic_abs":null,"stars_overall":null,"stars_achievement":null,"pi_pct":null,"stars_progress":null,"stars_gap":null,"stars_early_lit":null,"grad4":null,"stars_ccwmr":null,"affiliation":"Christian","st_ratio":14.3,"tuition_low":6475,"tuition_high":7220,"tuition_year":"unknown","tuition_basis":"K-5 vs grades 6-8","edchoice":"yes","tuition_source":"https://www.bcakids.org/tuition--fees","tuition_status":"published","tuition_notes":"Rates from school's tuition page as indexed by search (page now offline); $200 registration; 5% pay-in-full discount; EdChoice can cover full tuition; pass 2: nothing better - tuition page now gone from bcakids.org; site and handbook list only fees ($100 application, $100 enrollment); EdChoice max cited as $6,166","demo_year":"2023-24","faith":"religious","website":"https://www.bcakids.org/","district_website":null},"geometry":{"type":"Point","coordinates":[-81.779587,41.363769]}},{"type":"Feature","properties":{"id":"irn:19039","name":"The Garden Christian Academy","sector":"private","kind":"chartered nonpublic","district_irn":null,"district":null,"address":"3389 Fulton Rd Cleveland, OH 44109","grades":null,"grades_guessed":false,"lo":null,"hi":null,"elem":1,"mid":1,"high":1,"enrollment":null,"pct_white":null,"pct_black":null,"pct_hispanic":null,"pct_asian":null,"pct_multi":null,"pct_other":null,"econ_dis_pct":null,"attendance":null,"chronic_abs":null,"stars_overall":null,"stars_achievement":null,"pi_pct":null,"stars_progress":null,"stars_gap":null,"stars_early_lit":null,"grad4":null,"stars_ccwmr":null,"affiliation":"Christian","st_ratio":null,"tuition_low":null,"tuition_high":null,"tuition_year":null,"tuition_basis":null,"edchoice":"unknown","tuition_source":"http://thegardenchristianacademy.org/admissions/","tuition_status":"not_found","tuition_notes":"No fixed tuition: income-based 'fair share' fee set at new-family conference; same address as Bridge Avenue School. pass 2: nothing better (admissions page now says 'Tuition Details Coming Soon'; >70% of households low-income)","demo_year":null,"faith":"religious","website":"http://thegardenchristianacademy.org/","district_website":null},"geometry":{"type":"Point","coordinates":[-81.71006,41.4619]}},{"type":"Feature","properties":{"id":"irn:133140","name":"Cornerstone Christian Academy","sector":"private","kind":"chartered nonpublic","district_irn":null,"district":null,"address":"2846 Som Center Rd Willoughby, OH 44094","grades":"PK-12","grades_guessed":false,"lo":-1,"hi":12,"elem":1,"mid":1,"high":1,"enrollment":466,"pct_white":53.6,"pct_black":30.5,"pct_hispanic":3.2,"pct_asian":2.4,"pct_multi":9.4,"pct_other":0.9,"econ_dis_pct":null,"attendance":null,"chronic_abs":null,"stars_overall":null,"stars_achievement":null,"pi_pct":null,"stars_progress":null,"stars_gap":null,"stars_early_lit":null,"grad4":null,"stars_ccwmr":null,"affiliation":"Christian (nondenominational)","st_ratio":44.0,"tuition_low":9864,"tuition_high":11713,"tuition_year":"2026-27","tuition_basis":"K5-4 vs grades 9-12; 5-8 $10,400","edchoice":"unknown","tuition_source":"https://ccacornerstone.org/admissions/tuition/","tuition_status":"published","tuition_notes":"Enrollment fee $350-800 extra; $50 off each additional student; aggregator shows older lower rates","demo_year":"2023-24","faith":"religious","website":"https://ccacornerstone.org/","district_website":null},"geometry":{"type":"Point","coordinates":[-81.439552,41.581536]}},{"type":"Feature","properties":{"id":"irn:22031","name":"Hametown Christian Academy","sector":"private","kind":"chartered nonpublic","district_irn":null,"district":null,"address":"4774 S Hametown Rd Norton, OH 44203","grades":"K-12","grades_guessed":false,"lo":0,"hi":12,"elem":1,"mid":1,"high":1,"enrollment":49,"pct_white":87.8,"pct_black":8.2,"pct_hispanic":0,"pct_asian":2.0,"pct_multi":0,"pct_other":2.0,"econ_dis_pct":null,"attendance":null,"chronic_abs":null,"stars_overall":null,"stars_achievement":null,"pi_pct":null,"stars_progress":null,"stars_gap":null,"stars_early_lit":null,"grad4":null,"stars_ccwmr":null,"affiliation":"Christian (A.C.E. curriculum)","st_ratio":3.4,"tuition_low":7900,"tuition_high":10100,"tuition_year":"2026-27","tuition_basis":"K-8 vs grades 9-12","edchoice":"yes","tuition_source":"https://www.hametownchristianacademy.org/tuition-and-billing","tuition_status":"published","tuition_notes":"Published as monthly rates ($790 and $1,010 x 10 months); registration $125-150","demo_year":"2023-24","faith":"religious","website":"https://www.hametownchristianacademy.org/","district_website":null},"geometry":{"type":"Point","coordinates":[-81.668392,41.005209]}},{"type":"Feature","properties":{"id":"irn:17161","name":"Yeshiva High School of Cleveland","sector":"private","kind":"chartered nonpublic","district_irn":null,"district":null,"address":"25400 Fairmount Blvd Beachwood, OH 44122","grades":"9-12","grades_guessed":false,"lo":9,"hi":12,"elem":0,"mid":0,"high":1,"enrollment":24,"pct_white":100,"pct_black":0,"pct_hispanic":0,"pct_asian":0,"pct_multi":0,"pct_other":0,"econ_dis_pct":null,"attendance":null,"chronic_abs":null,"stars_overall":null,"stars_achievement":null,"pi_pct":null,"stars_progress":null,"stars_gap":null,"stars_early_lit":null,"grad4":null,"stars_ccwmr":null,"affiliation":"Jewish (Orthodox)","st_ratio":3.4,"tuition_low":null,"tuition_high":null,"tuition_year":null,"tuition_basis":null,"edchoice":"unknown","tuition_source":"https://www.privateschoolreview.com/yeshiva-high-school-of-cleveland-profile","tuition_status":"not_found","tuition_notes":"Tiny boys' HS (~14 students); no tuition published (2026-27 handbook mentions tuition agreements, no figures). pass 2: nothing better","demo_year":"2023-24","faith":"religious","website":"https://www.yeshivahigh.org/","district_website":null},"geometry":{"type":"Point","coordinates":[-81.49947,41.48576]}},{"type":"Feature","properties":{"id":"irn:20357","name":"New Story Schools Independence","sector":"private","kind":"chartered nonpublic","district_irn":null,"district":null,"address":"600 W Resource Dr Brooklyn Heights, OH 44131","grades":null,"grades_guessed":false,"lo":null,"hi":null,"elem":1,"mid":1,"high":1,"enrollment":null,"pct_white":null,"pct_black":null,"pct_hispanic":null,"pct_asian":null,"pct_multi":null,"pct_other":null,"econ_dis_pct":null,"attendance":null,"chronic_abs":null,"stars_overall":null,"stars_achievement":null,"pi_pct":null,"stars_progress":null,"stars_gap":null,"stars_early_lit":null,"grad4":null,"stars_ccwmr":null,"affiliation":"nonsectarian (special education)","st_ratio":null,"tuition_low":null,"tuition_high":null,"tuition_year":null,"tuition_basis":"no private-pay option; district-placed","edchoice":"unknown","tuition_source":"https://newstoryschools.com/locations-overview/ohio/independence","tuition_status":"not_found","tuition_notes":"pass 2: school page says students are referred by their public district and 'we do not directly charge tuition to parents'; some Ohio scholarships allow direct enrollment","demo_year":null,"faith":"secular","website":"https://newstoryschools.com/locations-overview/ohio/independence","district_website":null},"geometry":{"type":"Point","coordinates":[-81.667844,41.414176]}},{"type":"Feature","properties":{"id":"irn:20368","name":"EA Academy - Bedford","sector":"private","kind":"chartered nonpublic","district_irn":null,"district":null,"address":"270 Union St Bedford, OH 44146","grades":null,"grades_guessed":false,"lo":null,"hi":null,"elem":1,"mid":1,"high":1,"enrollment":null,"pct_white":null,"pct_black":null,"pct_hispanic":null,"pct_asian":null,"pct_multi":null,"pct_other":null,"econ_dis_pct":null,"attendance":null,"chronic_abs":null,"stars_overall":null,"stars_achievement":null,"pi_pct":null,"stars_progress":null,"stars_gap":null,"stars_early_lit":null,"grad4":null,"stars_ccwmr":null,"affiliation":"nonsectarian (special education)","st_ratio":null,"tuition_low":null,"tuition_high":null,"tuition_year":null,"tuition_basis":"no private-pay option; district- or scholarship-funded","edchoice":"unknown","tuition_source":"https://easchools.org/enrollment/","tuition_status":"not_found","tuition_notes":"pass 2: EA enrollment page says costs are usually fully covered by the school district or a scholarship (Autism / Jon Peterson) and 'we don't offer the option for parents to pay tuition out of pocket'; no rate exists","demo_year":null,"faith":"secular","website":"https://easchools.org/locations/ea-bedford/","district_website":null},"geometry":{"type":"Point","coordinates":[-81.526742,41.381887]}},{"type":"Feature","properties":{"id":"irn:53850","name":"St Vincent St Mary","sector":"private","kind":"chartered nonpublic","district_irn":null,"district":null,"address":"15 N Maple St Akron, OH 44303","grades":"9-12","grades_guessed":true,"lo":9,"hi":12,"elem":0,"mid":0,"high":1,"enrollment":null,"pct_white":null,"pct_black":null,"pct_hispanic":null,"pct_asian":null,"pct_multi":null,"pct_other":null,"econ_dis_pct":null,"attendance":null,"chronic_abs":null,"stars_overall":null,"stars_achievement":null,"pi_pct":null,"stars_progress":null,"stars_gap":null,"stars_early_lit":null,"grad4":null,"stars_ccwmr":null,"affiliation":"Catholic (Diocese of Cleveland)","st_ratio":null,"tuition_low":14500,"tuition_high":14500,"tuition_year":"unknown","tuition_basis":"single rate (aggregator)","edchoice":"unknown","tuition_source":"https://www.privateschoolreview.com/st-vincent-st-mary-high-school-profile","tuition_status":"aggregator","tuition_notes":"pass 2: nothing better; URL from Diocese of Cleveland school directory; site blocks automated fetch (bot challenge), web-search budget exhausted; aggregator figure kept","demo_year":null,"faith":"catholic","website":"https://www.stvm.com/","district_website":null},"geometry":{"type":"Point","coordinates":[-81.529131,41.084125]}},{"type":"Feature","properties":{"id":"irn:19509","name":"Fugees Academy","sector":"private","kind":"chartered nonpublic","district_irn":null,"district":null,"address":"2261 Columbus Rd Cleveland, OH 44113","grades":"6-12","grades_guessed":true,"lo":6,"hi":12,"elem":0,"mid":1,"high":1,"enrollment":null,"pct_white":null,"pct_black":null,"pct_hispanic":null,"pct_asian":null,"pct_multi":null,"pct_other":null,"econ_dis_pct":null,"attendance":null,"chronic_abs":null,"stars_overall":null,"stars_achievement":null,"pi_pct":null,"stars_progress":null,"stars_gap":null,"stars_early_lit":null,"grad4":null,"stars_ccwmr":null,"affiliation":"Nonsectarian (school for refugee students)","st_ratio":null,"tuition_low":null,"tuition_high":null,"tuition_year":null,"tuition_basis":null,"edchoice":"unknown","tuition_source":"https://hechingerreport.org/school-network-takes-turbocharged-approach-to-education-for-refugee-students/","tuition_status":"not_found","tuition_notes":"Described in press as tuition-free (funded by state vouchers); no rate published; pass 2: nothing better","demo_year":null,"faith":"secular","website":null,"district_website":null},"geometry":{"type":"Point","coordinates":[-81.70026,41.4823]}},{"type":"Feature","properties":{"id":"irn:56242","name":"St Rocco","sector":"private","kind":"chartered nonpublic","district_irn":null,"district":null,"address":"3205 Fulton Rd Cleveland, OH 44109","grades":"PK-8","grades_guessed":false,"lo":-1,"hi":8,"elem":1,"mid":1,"high":0,"enrollment":106,"pct_white":18.9,"pct_black":20.8,"pct_hispanic":52.8,"pct_asian":0.9,"pct_multi":6.6,"pct_other":0,"econ_dis_pct":null,"attendance":null,"chronic_abs":null,"stars_overall":null,"stars_achievement":null,"pi_pct":null,"stars_progress":null,"stars_gap":null,"stars_early_lit":null,"grad4":null,"stars_ccwmr":null,"affiliation":"Catholic (Diocese of Cleveland)","st_ratio":10.5,"tuition_low":6166,"tuition_high":6166,"tuition_year":"unknown","tuition_basis":"single rate (aggregator figure)","edchoice":"yes","tuition_source":"https://www.privateschoolreview.com/st-rocco-school-profile","tuition_status":"aggregator","tuition_notes":"Free with Cleveland Scholarship/EdChoice/Peterson; school site blocks fetch (Cloudflare); linked from parish page saintroccocleveland.com/school. Beware stroccoschool.org is a Rhode Island school. pass 2: nothing better","demo_year":"2023-24","faith":"catholic","website":"https://www.saintroccoschoolcle.org/","district_website":null},"geometry":{"type":"Point","coordinates":[-81.707479,41.466595]}},{"type":"Feature","properties":{"id":"irn:56267","name":"St Stanislaus","sector":"private","kind":"chartered nonpublic","district_irn":null,"district":null,"address":"6615 Forman Ave Cleveland, OH 44105","grades":"K-8","grades_guessed":false,"lo":0,"hi":8,"elem":1,"mid":1,"high":0,"enrollment":244,"pct_white":3.7,"pct_black":84.8,"pct_hispanic":7.8,"pct_asian":0,"pct_multi":3.7,"pct_other":0,"econ_dis_pct":null,"attendance":null,"chronic_abs":null,"stars_overall":null,"stars_achievement":null,"pi_pct":null,"stars_progress":null,"stars_gap":null,"stars_early_lit":null,"grad4":null,"stars_ccwmr":null,"affiliation":"Catholic (Diocese of Cleveland)","st_ratio":14.3,"tuition_low":6166,"tuition_high":6166,"tuition_year":"unknown","tuition_basis":"single rate (aggregator figure)","edchoice":"yes","tuition_source":"https://www.privateschoolreview.com/st-stanislaus-school-profile/44105","tuition_status":"aggregator","tuition_notes":"Other listing says $5,000; ~99% of students on aid. pass 2: nothing better (school site lists no tuition; accepts Cleveland Scholarship and EdChoice)","demo_year":"2023-24","faith":"catholic","website":"https://www.saintstanislaus.us/","district_website":null},"geometry":{"type":"Point","coordinates":[-81.64327,41.45883]}},{"type":"Feature","properties":{"id":"irn:56408","name":"St Mary","sector":"private","kind":"chartered nonpublic","district_irn":null,"district":null,"address":"265 Baker St Berea, OH 44017","grades":"1-8","grades_guessed":false,"lo":1,"hi":8,"elem":1,"mid":1,"high":0,"enrollment":163,"pct_white":81.6,"pct_black":1.2,"pct_hispanic":3.1,"pct_asian":3.1,"pct_multi":11.0,"pct_other":0,"econ_dis_pct":null,"attendance":null,"chronic_abs":null,"stars_overall":null,"stars_achievement":null,"pi_pct":null,"stars_progress":null,"stars_gap":null,"stars_early_lit":null,"grad4":null,"stars_ccwmr":null,"affiliation":"Catholic (Diocese of Cleveland)","st_ratio":10.8,"tuition_low":7000,"tuition_high":7000,"tuition_year":"2026-27","tuition_basis":"single rate per student, K-8","edchoice":"yes","tuition_source":"https://www.smsberea.org/tuition","tuition_status":"published","tuition_notes":"pass 2: school's own 2026-27 rate; accepts EdChoice (K-8), Jon Peterson; preschool $1,500-4,300","demo_year":"2023-24","faith":"catholic","website":"https://www.smsberea.org/","district_website":null},"geometry":{"type":"Point","coordinates":[-81.86589,41.37017]}},{"type":"Feature","properties":{"id":"irn:56366","name":"St Raphael","sector":"private","kind":"chartered nonpublic","district_irn":null,"district":null,"address":"525 Dover Center Rd Bay Village, OH 44140","grades":"K-8","grades_guessed":true,"lo":0,"hi":8,"elem":1,"mid":1,"high":0,"enrollment":null,"pct_white":null,"pct_black":null,"pct_hispanic":null,"pct_asian":null,"pct_multi":null,"pct_other":null,"econ_dis_pct":null,"attendance":null,"chronic_abs":null,"stars_overall":null,"stars_achievement":null,"pi_pct":null,"stars_progress":null,"stars_gap":null,"stars_early_lit":null,"grad4":null,"stars_ccwmr":null,"affiliation":"Catholic (Diocese of Cleveland)","st_ratio":null,"tuition_low":6550,"tuition_high":6550,"tuition_year":"2026-27","tuition_basis":"1 student (family schedule: 2 students $12,700 ... 5 students $30,250)","edchoice":"yes","tuition_source":"https://irp.cdn-website.com/667541a4/files/uploaded/Tuition+26-27+pages.pdf","tuition_status":"published","tuition_notes":"pass 2: from school's Jan 2026 tuition letter (scanned PDF, read visually); +$100 registration per student; all families eligible for EdChoice Expansion; $400 Angel Scholarship to all students","demo_year":null,"faith":"catholic","website":"https://www.saintraphaelparish-school.com/","district_website":null},"geometry":{"type":"Point","coordinates":[-81.92006,41.48055]}},{"type":"Feature","properties":{"id":"irn:56911","name":"Julie Billiart","sector":"private","kind":"chartered nonpublic","district_irn":null,"district":null,"address":"4982 Clubside Rd Lyndhurst, OH 44124","grades":"K-8","grades_guessed":false,"lo":0,"hi":8,"elem":1,"mid":1,"high":0,"enrollment":132,"pct_white":47.0,"pct_black":37.9,"pct_hispanic":0.8,"pct_asian":3.8,"pct_multi":9.8,"pct_other":0.8,"econ_dis_pct":null,"attendance":null,"chronic_abs":null,"stars_overall":null,"stars_achievement":null,"pi_pct":null,"stars_progress":null,"stars_gap":null,"stars_early_lit":null,"grad4":null,"stars_ccwmr":null,"affiliation":"Catholic (special needs)","st_ratio":4.6,"tuition_low":36820,"tuition_high":36820,"tuition_year":"2026-27","tuition_basis":"single rate","edchoice":"unknown","tuition_source":"https://www.juliebilliartschool.org/admissions/tuition-financial-aid/tuition-fees","tuition_status":"published","tuition_notes":"School for students with learning differences/autism; 100% of families use Autism or Jon Peterson scholarship; +$100 academic fee","demo_year":"2023-24","faith":"catholic","website":"https://www.juliebilliartschool.org/","district_website":null},"geometry":{"type":"Point","coordinates":[-81.500937,41.514667]}},{"type":"Feature","properties":{"id":"irn:57067","name":"St Mary Elementary","sector":"private","kind":"chartered nonpublic","district_irn":null,"district":null,"address":"750 S Main St Akron, OH 44311","grades":"K-8","grades_guessed":false,"lo":0,"hi":8,"elem":1,"mid":1,"high":0,"enrollment":231,"pct_white":4.3,"pct_black":82.7,"pct_hispanic":13.0,"pct_asian":0,"pct_multi":0,"pct_other":0,"econ_dis_pct":null,"attendance":null,"chronic_abs":null,"stars_overall":null,"stars_achievement":null,"pi_pct":null,"stars_progress":null,"stars_gap":null,"stars_early_lit":null,"grad4":null,"stars_ccwmr":null,"affiliation":"Catholic (Diocese of Cleveland)","st_ratio":14.3,"tuition_low":null,"tuition_high":null,"tuition_year":null,"tuition_basis":null,"edchoice":"unknown","tuition_source":"https://www.privateschoolreview.com/st-mary-elementary-school-profile/44311","tuition_status":"not_found","tuition_notes":"pass 2: nothing better; Akron; URL from Diocese of Cleveland school directory; site blocks automated fetch (Cloudflare)","demo_year":"2023-24","faith":"catholic","website":"https://www.stmaryakron.com/","district_website":null},"geometry":{"type":"Point","coordinates":[-81.527383,41.066567]}},{"type":"Feature","properties":{"id":"irn:56556","name":"St Benedict Catholic School","sector":"private","kind":"chartered nonpublic","district_irn":null,"district":null,"address":"13633 Rockside Rd Garfield Heights, OH 44125","grades":"K-8","grades_guessed":false,"lo":0,"hi":8,"elem":1,"mid":1,"high":0,"enrollment":421,"pct_white":15.4,"pct_black":64.8,"pct_hispanic":7.8,"pct_asian":0,"pct_multi":11.9,"pct_other":0,"econ_dis_pct":null,"attendance":null,"chronic_abs":null,"stars_overall":null,"stars_achievement":null,"pi_pct":null,"stars_progress":null,"stars_gap":null,"stars_early_lit":null,"grad4":null,"stars_ccwmr":null,"affiliation":"Catholic (Diocese of Cleveland)","st_ratio":19.1,"tuition_low":6166,"tuition_high":6166,"tuition_year":"2024-25","tuition_basis":"single rate per child","edchoice":"yes","tuition_source":"https://stbenedictohio.org/admissions","tuition_status":"published","tuition_notes":"Rate is 2024-25 (equals EdChoice K-8 award); 2025-26 not confirmed; site blocks fetch (Cloudflare). pass 2: nothing better","demo_year":"2023-24","faith":"catholic","website":"https://stbenedictohio.org/","district_website":null},"geometry":{"type":"Point","coordinates":[-81.58747,41.401978]}},{"type":"Feature","properties":{"id":"irn:60368","name":"Redeemer Lutheran","sector":"private","kind":"chartered nonpublic","district_irn":null,"district":null,"address":"2141 5th St Cuyahoga Falls, OH 44221","grades":"K-8","grades_guessed":true,"lo":0,"hi":8,"elem":1,"mid":1,"high":0,"enrollment":null,"pct_white":null,"pct_black":null,"pct_hispanic":null,"pct_asian":null,"pct_multi":null,"pct_other":null,"econ_dis_pct":null,"attendance":null,"chronic_abs":null,"stars_overall":null,"stars_achievement":null,"pi_pct":null,"stars_progress":null,"stars_gap":null,"stars_early_lit":null,"grad4":null,"stars_ccwmr":null,"affiliation":"Lutheran","st_ratio":null,"tuition_low":4650,"tuition_high":4650,"tuition_year":"unknown","tuition_basis":"single rate (aggregator)","edchoice":"unknown","tuition_source":"https://www.privateschoolreview.com/redeemer-christian-school-profile/44221","tuition_status":"aggregator","tuition_notes":"pass 2: nothing better; web-search budget exhausted before this school, and guessed domains did not resolve to it; aggregator lists it as Redeemer Christian School, Cuyahoga Falls (assumed same); redeemercf.org is an unrelated Ugandan church; aggregator figure kept, likely stale","demo_year":null,"faith":"religious","website":null,"district_website":null},"geometry":{"type":"Point","coordinates":[-81.488469,41.136299]}},{"type":"Feature","properties":{"id":"irn:56283","name":"St Thomas Aquinas","sector":"private","kind":"chartered nonpublic","district_irn":null,"district":null,"address":"9101 Superior Ave Cleveland, OH 44106","grades":"K-8","grades_guessed":false,"lo":0,"hi":8,"elem":1,"mid":1,"high":0,"enrollment":249,"pct_white":0,"pct_black":98.8,"pct_hispanic":0,"pct_asian":0,"pct_multi":1.2,"pct_other":0,"econ_dis_pct":null,"attendance":null,"chronic_abs":null,"stars_overall":null,"stars_achievement":null,"pi_pct":null,"stars_progress":null,"stars_gap":null,"stars_early_lit":null,"grad4":null,"stars_ccwmr":null,"affiliation":"Catholic (Partnership Schools network)","st_ratio":18.7,"tuition_low":4750,"tuition_high":4750,"tuition_year":"unknown","tuition_basis":"single rate (aggregator figure)","edchoice":"yes","tuition_source":"https://www.privateschoolreview.com/st-thomas-aquinas-school-profile/44106","tuition_status":"aggregator","tuition_notes":"Accepts Cleveland Scholarship (CSTP) and EdChoice. pass 2: no sticker price on school site; school says all students receive scholarships covering full tuition (stacleveland.org/scholarships). Aggregator figure kept","demo_year":"2023-24","faith":"catholic","website":"https://stacleveland.org/","district_website":null},"geometry":{"type":"Point","coordinates":[-81.624499,41.520943]}},{"type":"Feature","properties":{"id":"irn:60905","name":"The University School","sector":"private","kind":"chartered nonpublic","district_irn":null,"district":null,"address":"20701 Brantley Rd Shaker Heights, OH 44122","grades":"K-12","grades_guessed":true,"lo":0,"hi":12,"elem":1,"mid":1,"high":1,"enrollment":null,"pct_white":null,"pct_black":null,"pct_hispanic":null,"pct_asian":null,"pct_multi":null,"pct_other":null,"econ_dis_pct":null,"attendance":null,"chronic_abs":null,"stars_overall":null,"stars_achievement":null,"pi_pct":null,"stars_progress":null,"stars_gap":null,"stars_early_lit":null,"grad4":null,"stars_ccwmr":null,"affiliation":"Nonsectarian independent (boys)","st_ratio":null,"tuition_low":17310,"tuition_high":40550,"tuition_year":"2026-27","tuition_basis":"Junior K vs grade 8 (Shaker campus)","edchoice":"unknown","tuition_source":"https://www.us.edu/admission/affordability","tuition_status":"published","tuition_notes":"All-boys; Lower School JK-4 $17,310-35,570, Middle 5-8 $36,930-40,550; need-based aid","demo_year":null,"faith":"secular","website":"https://www.us.edu/","district_website":null},"geometry":{"type":"Point","coordinates":[-81.5323,41.4822]}},{"type":"Feature","properties":{"id":"irn:70664","name":"All Saints Of St John Vianney","sector":"private","kind":"chartered nonpublic","district_irn":null,"district":null,"address":"28702 Euclid Ave Wickliffe, OH 44092","grades":"PK-8","grades_guessed":false,"lo":-1,"hi":8,"elem":1,"mid":1,"high":0,"enrollment":224,"pct_white":93.3,"pct_black":0,"pct_hispanic":5.4,"pct_asian":1.3,"pct_multi":0,"pct_other":0,"econ_dis_pct":null,"attendance":null,"chronic_abs":null,"stars_overall":null,"stars_achievement":null,"pi_pct":null,"stars_progress":null,"stars_gap":null,"stars_early_lit":null,"grad4":null,"stars_ccwmr":null,"affiliation":"Catholic (Diocese of Cleveland)","st_ratio":13.3,"tuition_low":null,"tuition_high":null,"tuition_year":null,"tuition_basis":null,"edchoice":"yes","tuition_source":"https://allsaintswickliffe.org/admissions/k-8-registration-and-tuition-information/","tuition_status":"not_found","tuition_notes":"K-8; 2026-27 K-8 rate not printed on tuition page; $250 registration; EdChoice up to $6,166, diocesan aid, parish scholarships; pass 2: nothing better; 2026-27 tuition page lists only $50 application and $250 registration fees","demo_year":"2023-24","faith":"catholic","website":"https://allsaintswickliffe.org/","district_website":null},"geometry":{"type":"Point","coordinates":[-81.483535,41.597024]}},{"type":"Feature","properties":{"id":"irn:53660","name":"Villa Angela-St Joseph","sector":"private","kind":"chartered nonpublic","district_irn":null,"district":null,"address":"18491 Lake Shore Blvd Cleveland, OH 44119","grades":"9-12","grades_guessed":false,"lo":9,"hi":12,"elem":0,"mid":0,"high":1,"enrollment":480,"pct_white":19.2,"pct_black":71.2,"pct_hispanic":2.7,"pct_asian":0,"pct_multi":6.9,"pct_other":0,"econ_dis_pct":null,"attendance":null,"chronic_abs":null,"stars_overall":null,"stars_achievement":null,"pi_pct":null,"stars_progress":null,"stars_gap":null,"stars_early_lit":null,"grad4":null,"stars_ccwmr":null,"affiliation":"Catholic (Diocese of Cleveland)","st_ratio":13.9,"tuition_low":12300,"tuition_high":12300,"tuition_year":"2026-27","tuition_basis":"single rate, 9-12","edchoice":"unknown","tuition_source":"https://vasj.com/tuitioninformation","tuition_status":"published","tuition_notes":"Base tuition; sports and course fees extra; figure via search snippet (site 403)","demo_year":"2023-24","faith":"catholic","website":"https://vasj.com/","district_website":null},"geometry":{"type":"Point","coordinates":[-81.550234,41.59515]}},{"type":"Feature","properties":{"id":"irn:70771","name":"Ruffing Montessori Rocky River","sector":"private","kind":"chartered nonpublic","district_irn":null,"district":null,"address":"1285 Orchard Park Dr Rocky River, OH 44116","grades":"PK-8","grades_guessed":false,"lo":-1,"hi":8,"elem":1,"mid":1,"high":0,"enrollment":226,"pct_white":69.9,"pct_black":0,"pct_hispanic":4.4,"pct_asian":19.9,"pct_multi":5.8,"pct_other":0,"econ_dis_pct":null,"attendance":null,"chronic_abs":null,"stars_overall":null,"stars_achievement":null,"pi_pct":null,"stars_progress":null,"stars_gap":null,"stars_early_lit":null,"grad4":null,"stars_ccwmr":null,"affiliation":"Montessori","st_ratio":12.6,"tuition_low":11400,"tuition_high":11800,"tuition_year":"2026-27","tuition_basis":"all-day primary (incl. K) vs grades 1-8","edchoice":"unknown","tuition_source":"https://ruffingmontessori.org/about-ruffing/tuition-and-financing/","tuition_status":"published","tuition_notes":"Plus $2,000 annual fees; separate org from Cleveland Hts Ruffing; limited aid","demo_year":"2023-24","faith":"secular","website":"https://ruffingmontessori.org/","district_website":null},"geometry":{"type":"Point","coordinates":[-81.86869,41.47245]}},{"type":"Feature","properties":{"id":"irn:56069","name":"St Jerome","sector":"private","kind":"chartered nonpublic","district_irn":null,"district":null,"address":"15100 Lake Shore Blvd Cleveland, OH 44110","grades":"K-8","grades_guessed":true,"lo":0,"hi":8,"elem":1,"mid":1,"high":0,"enrollment":null,"pct_white":null,"pct_black":null,"pct_hispanic":null,"pct_asian":null,"pct_multi":null,"pct_other":null,"econ_dis_pct":null,"attendance":null,"chronic_abs":null,"stars_overall":null,"stars_achievement":null,"pi_pct":null,"stars_progress":null,"stars_gap":null,"stars_early_lit":null,"grad4":null,"stars_ccwmr":null,"affiliation":"Catholic (Diocese of Cleveland)","st_ratio":null,"tuition_low":5500,"tuition_high":5500,"tuition_year":"2023-24","tuition_basis":"single rate per student","edchoice":"yes","tuition_source":"https://www.stjeromecleveland.org/_files/ugd/7e6462_fd0e4b8028f94c08864b0d48bee9c3f9.pdf","tuition_status":"published","tuition_notes":"pass 2: school's own Tuition/Grant/Registration sheet, but dated 2023-24 (newest posted); +$50 family registration deposit; site posts 2026-27 EdChoice and Cleveland Scholarship forms","demo_year":null,"faith":"catholic","website":"https://www.stjeromecleveland.org/","district_website":null},"geometry":{"type":"Point","coordinates":[-81.576135,41.573308]}},{"type":"Feature","properties":{"id":"irn:126599","name":"Seton Catholic","sector":"private","kind":"chartered nonpublic","district_irn":null,"district":null,"address":"6923 Stow Rd Hudson, OH 44236","grades":"PK-8","grades_guessed":false,"lo":-1,"hi":8,"elem":1,"mid":1,"high":0,"enrollment":469,"pct_white":87.4,"pct_black":1.3,"pct_hispanic":0.9,"pct_asian":3.6,"pct_multi":6.6,"pct_other":0.2,"econ_dis_pct":null,"attendance":null,"chronic_abs":null,"stars_overall":null,"stars_achievement":null,"pi_pct":null,"stars_progress":null,"stars_gap":null,"stars_early_lit":null,"grad4":null,"stars_ccwmr":null,"affiliation":"Catholic (Diocese of Cleveland)","st_ratio":9.7,"tuition_low":6750,"tuition_high":6750,"tuition_year":"2026-27","tuition_basis":"single rate, K-8","edchoice":"yes","tuition_source":"https://www.setoncatholicschool.org/admissions/tuition-financial-aid.cfm","tuition_status":"published","tuition_notes":"Hudson; EdChoice info on site; fundraising covers cost above tuition","demo_year":"2023-24","faith":"catholic","website":"https://www.setoncatholicschool.org/","district_website":null},"geometry":{"type":"Point","coordinates":[-81.409834,41.246222]}},{"type":"Feature","properties":{"id":"irn:132456","name":"Hanna Perkins","sector":"private","kind":"chartered nonpublic","district_irn":null,"district":null,"address":"19910 Malvern Rd Shaker Heights, OH 44122","grades":"PK-1","grades_guessed":true,"lo":-1,"hi":1,"elem":1,"mid":0,"high":0,"enrollment":null,"pct_white":null,"pct_black":null,"pct_hispanic":null,"pct_asian":null,"pct_multi":null,"pct_other":null,"econ_dis_pct":null,"attendance":null,"chronic_abs":null,"stars_overall":null,"stars_achievement":null,"pi_pct":null,"stars_progress":null,"stars_gap":null,"stars_early_lit":null,"grad4":null,"stars_ccwmr":null,"affiliation":"nonsectarian","st_ratio":null,"tuition_low":12600,"tuition_high":12600,"tuition_year":"unknown","tuition_basis":"single rate, preschool-K (ages 3-6)","edchoice":"unknown","tuition_source":"https://www.hannaperkins.org/healthy-emotional-development/preschool/","tuition_status":"published","tuition_notes":"pass 2: rate re-confirmed on current site ($12,600/year) but still undated; nothing better; financial aid available","demo_year":null,"faith":"secular","website":"https://www.hannaperkins.org/","district_website":null},"geometry":{"type":"Point","coordinates":[-81.53975,41.47671]}},{"type":"Feature","properties":{"id":"irn:120865","name":"Emmanuel Christian Academy","sector":"private","kind":"chartered nonpublic","district_irn":null,"district":null,"address":"350 S Portage Path Akron, OH 44320","grades":"PK-8","grades_guessed":false,"lo":-1,"hi":8,"elem":1,"mid":1,"high":0,"enrollment":179,"pct_white":0.6,"pct_black":98.3,"pct_hispanic":1.1,"pct_asian":0,"pct_multi":0,"pct_other":0,"econ_dis_pct":null,"attendance":null,"chronic_abs":null,"stars_overall":null,"stars_achievement":null,"pi_pct":null,"stars_progress":null,"stars_gap":null,"stars_early_lit":null,"grad4":null,"stars_ccwmr":null,"affiliation":"Christian","st_ratio":16.4,"tuition_low":4250,"tuition_high":4250,"tuition_year":"unknown","tuition_basis":"single rate (aggregator)","edchoice":"unknown","tuition_source":"https://www.privateschoolreview.com/emmanuel-christian-academy-profile/44320","tuition_status":"aggregator","tuition_notes":"pass 2: nothing better; web-search budget exhausted before this school, and guessed domains did not resolve to it; aggregator figure kept, likely stale","demo_year":"2023-24","faith":"religious","website":"http://www.ecarams.org","district_website":null},"geometry":{"type":"Point","coordinates":[-81.542758,41.088101]}},{"type":"Feature","properties":{"id":"irn:53629","name":"St Ignatius High School","sector":"private","kind":"chartered nonpublic","district_irn":null,"district":null,"address":"1911 W 30th St Cleveland, OH 44113","grades":"9-12","grades_guessed":true,"lo":9,"hi":12,"elem":0,"mid":0,"high":1,"enrollment":null,"pct_white":null,"pct_black":null,"pct_hispanic":null,"pct_asian":null,"pct_multi":null,"pct_other":null,"econ_dis_pct":null,"attendance":null,"chronic_abs":null,"stars_overall":null,"stars_achievement":null,"pi_pct":null,"stars_progress":null,"stars_gap":null,"stars_early_lit":null,"grad4":null,"stars_ccwmr":null,"affiliation":"Catholic (Jesuit; boys)","st_ratio":null,"tuition_low":22300,"tuition_high":22300,"tuition_year":"2026-27","tuition_basis":"single rate, 9-12","edchoice":"yes","tuition_source":"https://www.ignatius.edu/admissions/tuition-financial-assistance","tuition_status":"published","tuition_notes":"+$500 education fee; all-boys; merit up to $6,000 and need-based aid","demo_year":null,"faith":"catholic","website":"https://www.ignatius.edu/","district_website":null},"geometry":{"type":"Point","coordinates":[-81.706917,41.48249]}},{"type":"Feature","properties":{"id":"irn:60384","name":"St John Lutheran","sector":"private","kind":"chartered nonpublic","district_irn":null,"district":null,"address":"17403 Nottingham Rd Cleveland, OH 44119","grades":"K-8","grades_guessed":true,"lo":0,"hi":8,"elem":1,"mid":1,"high":0,"enrollment":null,"pct_white":null,"pct_black":null,"pct_hispanic":null,"pct_asian":null,"pct_multi":null,"pct_other":null,"econ_dis_pct":null,"attendance":null,"chronic_abs":null,"stars_overall":null,"stars_achievement":null,"pi_pct":null,"stars_progress":null,"stars_gap":null,"stars_early_lit":null,"grad4":null,"stars_ccwmr":null,"affiliation":"Lutheran","st_ratio":null,"tuition_low":6166,"tuition_high":6166,"tuition_year":"unknown","tuition_basis":"single rate, K-5 (aggregator figure)","edchoice":"yes","tuition_source":"https://www.homes.com/school/cleveland-oh/the-nottingham-school/nz4jsn8t0v1dv/","tuition_status":"aggregator","tuition_notes":"Now operates as The Nottingham School (K-5); participates in Cleveland Scholarship/EdChoice; own site unreachable. pass 2: no website found (thenottinghamschool.org shows a default server page; search budget exhausted). Nothing better on tuition","demo_year":null,"faith":"religious","website":"http://www.stjohnnottingham.org","district_website":null},"geometry":{"type":"Point","coordinates":[-81.558655,41.58073]}},{"type":"Feature","properties":{"id":"irn:21025","name":"The Early STEAM  Academy","sector":"private","kind":"chartered nonpublic","district_irn":null,"district":null,"address":"4600 Carnegie Ave Cleveland, OH 44103","grades":null,"grades_guessed":false,"lo":null,"hi":null,"elem":1,"mid":1,"high":1,"enrollment":null,"pct_white":null,"pct_black":null,"pct_hispanic":null,"pct_asian":null,"pct_multi":null,"pct_other":null,"econ_dis_pct":null,"attendance":null,"chronic_abs":null,"stars_overall":null,"stars_achievement":null,"pi_pct":null,"stars_progress":null,"stars_gap":null,"stars_early_lit":null,"grad4":null,"stars_ccwmr":null,"affiliation":"Nonsectarian independent (Afrocentric)","st_ratio":null,"tuition_low":null,"tuition_high":null,"tuition_year":null,"tuition_basis":null,"edchoice":"unknown","tuition_source":null,"tuition_status":"not_found","tuition_notes":"Serves ages 2 months-13 yrs; no tuition published. pass 2: no website found (search budget exhausted)","demo_year":null,"faith":"secular","website":null,"district_website":null},"geometry":{"type":"Point","coordinates":[-81.6546,41.50113]}},{"type":"Feature","properties":{"id":"irn:21976","name":"Spectrum Inspires Elyria Campus","sector":"private","kind":"chartered nonpublic","district_irn":null,"district":null,"address":"320 Washington Ave Elyria, OH 44035","grades":null,"grades_guessed":false,"lo":null,"hi":null,"elem":1,"mid":1,"high":1,"enrollment":null,"pct_white":null,"pct_black":null,"pct_hispanic":null,"pct_asian":null,"pct_multi":null,"pct_other":null,"econ_dis_pct":null,"attendance":null,"chronic_abs":null,"stars_overall":null,"stars_achievement":null,"pi_pct":null,"stars_progress":null,"stars_gap":null,"stars_early_lit":null,"grad4":null,"stars_ccwmr":null,"affiliation":"special education","st_ratio":null,"tuition_low":null,"tuition_high":null,"tuition_year":null,"tuition_basis":null,"edchoice":"unknown","tuition_source":"https://www.spectruminspire.org/spectrum-school-program","tuition_status":"not_found","tuition_notes":"Spectrum Inspire special-ed/therapeutic school program; no public tuition; pass 2: nothing better; spectruminspire.org (pass-1 source) no longer resolves in DNS; no replacement site found","demo_year":null,"faith":"religious","website":"https://www.spectrum-school.com","district_website":null},"geometry":{"type":"Point","coordinates":[-82.10754,41.3726]}},{"type":"Feature","properties":{"id":"irn:476","name":"Saint Martin de Porres High School","sector":"private","kind":"chartered nonpublic","district_irn":null,"district":null,"address":"6202 Saint Clair Ave Cleveland, OH 44103","grades":"9-12","grades_guessed":false,"lo":9,"hi":12,"elem":0,"mid":0,"high":1,"enrollment":392,"pct_white":2.0,"pct_black":84.9,"pct_hispanic":6.9,"pct_asian":0.5,"pct_multi":5.6,"pct_other":0,"econ_dis_pct":null,"attendance":null,"chronic_abs":null,"stars_overall":null,"stars_achievement":null,"pi_pct":null,"stars_progress":null,"stars_gap":null,"stars_early_lit":null,"grad4":null,"stars_ccwmr":null,"affiliation":"Catholic (Cristo Rey)","st_ratio":10.3,"tuition_low":20000,"tuition_high":20000,"tuition_year":"current (year not stated)","tuition_basis":"single rate, 9-12 (sticker price)","edchoice":"yes","tuition_source":"https://www.saintmartincleveland.org/admissions/tuition-financial-aid","tuition_status":"published","tuition_notes":"Families pay ~$400/yr on average after vouchers + work-study + aid; work-study model. pass 2: nothing better (page still gives $20,000 with no year)","demo_year":"2023-24","faith":"catholic","website":"https://www.saintmartincleveland.org/","district_website":null},"geometry":{"type":"Point","coordinates":[-81.64767,41.52383]}},{"type":"Feature","properties":{"id":"irn:15179","name":"The Bridge Avenue School","sector":"private","kind":"chartered nonpublic","district_irn":null,"district":null,"address":"3389 Fulton Rd Cleveland, OH 44109","grades":"5-8","grades_guessed":false,"lo":5,"hi":8,"elem":1,"mid":1,"high":0,"enrollment":21,"pct_white":47.6,"pct_black":28.6,"pct_hispanic":23.8,"pct_asian":0,"pct_multi":0,"pct_other":0,"econ_dis_pct":null,"attendance":null,"chronic_abs":null,"stars_overall":null,"stars_achievement":null,"pi_pct":null,"stars_progress":null,"stars_gap":null,"stars_early_lit":null,"grad4":null,"stars_ccwmr":null,"affiliation":"Christian (alternative middle school)","st_ratio":4.0,"tuition_low":7000,"tuition_high":7000,"tuition_year":"2022-23","tuition_basis":"single rate, grades 5-8","edchoice":"yes","tuition_source":"https://thebridgeavenueschool.com/admissions/enrollment/","tuition_status":"published","tuition_notes":"Rate is 2022-23, newer not posted; accepts Cleveland Scholarship/EdChoice; shares address with Garden Christian Academy. pass 2: nothing better (page still says 2022-23)","demo_year":"2023-24","faith":"religious","website":"https://thebridgeavenueschool.com/","district_website":null},"geometry":{"type":"Point","coordinates":[-81.71006,41.4619]}},{"type":"Feature","properties":{"id":"irn:16431","name":"Northern Ohio Adventist Academy","sector":"private","kind":"chartered nonpublic","district_irn":null,"district":null,"address":"555 Kenilworth Ave Sheffield Lake, OH 44054","grades":"K-8","grades_guessed":false,"lo":0,"hi":8,"elem":1,"mid":1,"high":0,"enrollment":42,"pct_white":40.5,"pct_black":21.4,"pct_hispanic":23.8,"pct_asian":0,"pct_multi":14.3,"pct_other":0,"econ_dis_pct":null,"attendance":null,"chronic_abs":null,"stars_overall":null,"stars_achievement":null,"pi_pct":null,"stars_progress":null,"stars_gap":null,"stars_early_lit":null,"grad4":null,"stars_ccwmr":null,"affiliation":"Seventh-day Adventist","st_ratio":10.5,"tuition_low":6166,"tuition_high":6166,"tuition_year":"not stated","tuition_basis":"single rate, K-8","edchoice":"yes","tuition_source":"https://noaaeducation.org/enrollment/tuition/","tuition_status":"published","tuition_notes":"Tuition equals the max EdChoice award; $150 new-student registration; accepts EdChoice Traditional/Expansion and Cleveland Scholarship; pass 2: nothing better; rates graphic (uploaded Oct 2025, so likely 2025-26) still shows $6,166 K-8 with no year","demo_year":"2023-24","faith":"religious","website":"https://noaaeducation.org/","district_website":null},"geometry":{"type":"Point","coordinates":[-82.10211,41.49082]}},{"type":"Feature","properties":{"id":"irn:17333","name":"St Benedict Early Learning Center","sector":"private","kind":"chartered nonpublic","district_irn":null,"district":null,"address":"14600 Turney Rd Maple Heights, OH 44137","grades":"K-5","grades_guessed":true,"lo":0,"hi":5,"elem":1,"mid":0,"high":0,"enrollment":null,"pct_white":null,"pct_black":null,"pct_hispanic":null,"pct_asian":null,"pct_multi":null,"pct_other":null,"econ_dis_pct":null,"attendance":null,"chronic_abs":null,"stars_overall":null,"stars_achievement":null,"pi_pct":null,"stars_progress":null,"stars_gap":null,"stars_early_lit":null,"grad4":null,"stars_ccwmr":null,"affiliation":"Catholic (Diocese of Cleveland)","st_ratio":null,"tuition_low":null,"tuition_high":null,"tuition_year":null,"tuition_basis":null,"edchoice":"unknown","tuition_source":null,"tuition_status":"not_found","tuition_notes":"Early learning/preschool center (Maple Hts); no K-12 tuition. pass 2: no website found (not in Diocese of Cleveland school directory; search budget exhausted)","demo_year":null,"faith":"catholic","website":"https://www.stbenedictohio.org","district_website":null},"geometry":{"type":"Point","coordinates":[-81.58098,41.39298]}},{"type":"Feature","properties":{"id":"irn:16978","name":"The Reserve School","sector":"private","kind":"chartered nonpublic","district_irn":null,"district":null,"address":"22001 Fairmount Blvd Shaker Heights, OH 44118","grades":"8-12","grades_guessed":false,"lo":8,"hi":12,"elem":0,"mid":1,"high":1,"enrollment":18,"pct_white":44.4,"pct_black":50,"pct_hispanic":0,"pct_asian":5.6,"pct_multi":0,"pct_other":0,"econ_dis_pct":null,"attendance":null,"chronic_abs":null,"stars_overall":null,"stars_achievement":null,"pi_pct":null,"stars_progress":null,"stars_gap":null,"stars_early_lit":null,"grad4":null,"stars_ccwmr":null,"affiliation":"Nonsectarian independent (alternative)","st_ratio":5.3,"tuition_low":null,"tuition_high":null,"tuition_year":null,"tuition_basis":null,"edchoice":"unknown","tuition_source":null,"tuition_status":"not_found","tuition_notes":"Small alternative secondary school (gr 8-12, ~18 students); no tuition found. pass 2: reserveschool.org returns a hosting error page; no working website found","demo_year":"2023-24","faith":"secular","website":null,"district_website":null},"geometry":{"type":"Point","coordinates":[-81.52322,41.48742]}},{"type":"Feature","properties":{"id":"irn:52639","name":"Archbishop Hoban","sector":"private","kind":"chartered nonpublic","district_irn":null,"district":null,"address":"1 Holy Cross Blvd Akron, OH 44306","grades":"9-12","grades_guessed":false,"lo":9,"hi":12,"elem":0,"mid":0,"high":1,"enrollment":841,"pct_white":64.7,"pct_black":23.7,"pct_hispanic":5.0,"pct_asian":1.2,"pct_multi":5.0,"pct_other":0.5,"econ_dis_pct":null,"attendance":null,"chronic_abs":null,"stars_overall":null,"stars_achievement":null,"pi_pct":null,"stars_progress":null,"stars_gap":null,"stars_early_lit":null,"grad4":null,"stars_ccwmr":null,"affiliation":"Catholic (Holy Cross / Diocese of Cleveland)","st_ratio":15.7,"tuition_low":15550,"tuition_high":15550,"tuition_year":"2026-27","tuition_basis":"single rate, grades 9-12","edchoice":"yes","tuition_source":"https://www.hoban.org/admissions/tuition","tuition_status":"published","tuition_notes":"Plus $500 general fee; sibling discounts $750-1,200; HSPT merit scholarships up to $7,500; EdChoice calculator on site","demo_year":"2023-24","faith":"catholic","website":"https://www.hoban.org/","district_website":null},"geometry":{"type":"Point","coordinates":[-81.496904,41.064426]}},{"type":"Feature","properties":{"id":"irn:53918","name":"Telshe","sector":"private","kind":"chartered nonpublic","district_irn":null,"district":null,"address":"28400 Euclid Ave Wickliffe, OH 44092","grades":"9-12","grades_guessed":false,"lo":9,"hi":12,"elem":0,"mid":0,"high":1,"enrollment":128,"pct_white":100,"pct_black":0,"pct_hispanic":0,"pct_asian":0,"pct_multi":0,"pct_other":0,"econ_dis_pct":null,"attendance":null,"chronic_abs":null,"stars_overall":null,"stars_achievement":null,"pi_pct":null,"stars_progress":null,"stars_gap":null,"stars_early_lit":null,"grad4":null,"stars_ccwmr":null,"affiliation":"Jewish (Orthodox yeshiva)","st_ratio":21.3,"tuition_low":null,"tuition_high":null,"tuition_year":null,"tuition_basis":null,"edchoice":"unknown","tuition_source":"https://www.privateschoolreview.com/telshe-high-school-profile/44092","tuition_status":"not_found","tuition_notes":"Boys yeshiva high school; no published tuition (Niche figure of $332,700 is clearly erroneous); pass 2: nothing better; no school website found (telshe.edu does not resolve; telsheyeshiva.org redirects to a donation processor); web-search budget exhausted","demo_year":"2023-24","faith":"religious","website":null,"district_website":null},"geometry":{"type":"Point","coordinates":[-81.485264,41.593628]}},{"type":"Feature","properties":{"id":"irn:56424","name":"St Thomas More","sector":"private","kind":"chartered nonpublic","district_irn":null,"district":null,"address":"4180 N Amber Dr Brooklyn, OH 44144","grades":"K-8","grades_guessed":true,"lo":0,"hi":8,"elem":1,"mid":1,"high":0,"enrollment":null,"pct_white":null,"pct_black":null,"pct_hispanic":null,"pct_asian":null,"pct_multi":null,"pct_other":null,"econ_dis_pct":null,"attendance":null,"chronic_abs":null,"stars_overall":null,"stars_achievement":null,"pi_pct":null,"stars_progress":null,"stars_gap":null,"stars_early_lit":null,"grad4":null,"stars_ccwmr":null,"affiliation":"Catholic (Diocese of Cleveland)","st_ratio":null,"tuition_low":7000,"tuition_high":7000,"tuition_year":"2025-26","tuition_basis":"single rate, K-8","edchoice":"unknown","tuition_source":"https://www.stmschool.com/admissions/tuition-fees.cfm","tuition_status":"published","tuition_notes":"Cost to educate $8,000; school scholarships and grants available","demo_year":null,"faith":"catholic","website":"https://www.stmschool.com/","district_website":null},"geometry":{"type":"Point","coordinates":[-81.738484,41.441962]}},{"type":"Feature","properties":{"id":"irn:56937","name":"Our Lady Of The Elms","sector":"private","kind":"chartered nonpublic","district_irn":null,"district":null,"address":"1375 W Exchange St Akron, OH 44313","grades":"PK-12","grades_guessed":false,"lo":-1,"hi":12,"elem":1,"mid":1,"high":1,"enrollment":293,"pct_white":31.4,"pct_black":49.1,"pct_hispanic":3.4,"pct_asian":4.8,"pct_multi":10.2,"pct_other":1.0,"econ_dis_pct":null,"attendance":null,"chronic_abs":null,"stars_overall":null,"stars_achievement":null,"pi_pct":null,"stars_progress":null,"stars_gap":null,"stars_early_lit":null,"grad4":null,"stars_ccwmr":null,"affiliation":"Catholic (Dominican Sisters, all-girls)","st_ratio":8.3,"tuition_low":9000,"tuition_high":13450,"tuition_year":"2025-26","tuition_basis":"K-5 vs grades 9-12; 6-8 $10,150","edchoice":"unknown","tuition_source":"https://www.theelms.org/tuition-and-financial-aid","tuition_status":"published","tuition_notes":"Plus $550 educational fee; 2026-27 not posted","demo_year":"2023-24","faith":"catholic","website":"https://www.theelms.org/","district_website":null},"geometry":{"type":"Point","coordinates":[-81.55918,41.101991]}},{"type":"Feature","properties":{"id":"irn:97683","name":"Birchwood School of Hawken","sector":"private","kind":"chartered nonpublic","district_irn":null,"district":null,"address":"4400 W 140th St Cleveland, OH 44135","grades":"PK-8","grades_guessed":false,"lo":-1,"hi":8,"elem":1,"mid":1,"high":0,"enrollment":231,"pct_white":42.9,"pct_black":6.1,"pct_hispanic":6.9,"pct_asian":26.4,"pct_multi":17.3,"pct_other":0.4,"econ_dis_pct":null,"attendance":null,"chronic_abs":null,"stars_overall":null,"stars_achievement":null,"pi_pct":null,"stars_progress":null,"stars_gap":null,"stars_early_lit":null,"grad4":null,"stars_ccwmr":null,"affiliation":"Nonsectarian independent (Hawken)","st_ratio":7.2,"tuition_low":13415,"tuition_high":20755,"tuition_year":"2026-27","tuition_basis":"K vs grade 8","edchoice":"yes","tuition_source":"https://www.birchwoodschool.org/admissions/tuition-and-fees","tuition_status":"published","tuition_notes":"Gifted-focused PK-8; plus $940-1,490 deposit/enrollment fee; 5% sibling discount; need-based flexible tuition; Cleveland Scholarship & EdChoice","demo_year":"2023-24","faith":"secular","website":"https://www.birchwoodschool.org/","district_website":null},"geometry":{"type":"Point","coordinates":[-81.790845,41.434645]}},{"type":"Feature","properties":{"id":"irn:57299","name":"St Jude","sector":"private","kind":"chartered nonpublic","district_irn":null,"district":null,"address":"594 Poplar St Elyria, OH 44035","grades":"PK-8","grades_guessed":false,"lo":-1,"hi":8,"elem":1,"mid":1,"high":0,"enrollment":513,"pct_white":69.4,"pct_black":9.9,"pct_hispanic":10.3,"pct_asian":1.9,"pct_multi":8.2,"pct_other":0.2,"econ_dis_pct":null,"attendance":null,"chronic_abs":null,"stars_overall":null,"stars_achievement":null,"pi_pct":null,"stars_progress":null,"stars_gap":null,"stars_early_lit":null,"grad4":null,"stars_ccwmr":null,"affiliation":"Catholic (Diocese of Cleveland)","st_ratio":14.7,"tuition_low":6700,"tuition_high":6700,"tuition_year":"2026-27","tuition_basis":"single rate, K-8","edchoice":"yes","tuition_source":"https://stjudejaguars.org/tuition-and-fees","tuition_status":"published","tuition_notes":"Seen via search index (site blocks direct fetch); page wording calls $6,700 the cost to educate - confirm; Private School Review lists $5,000","demo_year":"2023-24","faith":"catholic","website":"https://stjudejaguars.org/","district_website":null},"geometry":{"type":"Point","coordinates":[-82.08527,41.38327]}},{"type":"Feature","properties":{"id":"irn:57539","name":"Mater Dei Academy","sector":"private","kind":"chartered nonpublic","district_irn":null,"district":null,"address":"29840 Euclid Ave Wickliffe, OH 44092","grades":"PK-8","grades_guessed":false,"lo":-1,"hi":8,"elem":1,"mid":1,"high":0,"enrollment":219,"pct_white":85.4,"pct_black":6.4,"pct_hispanic":3.7,"pct_asian":0.5,"pct_multi":4.1,"pct_other":0,"econ_dis_pct":null,"attendance":null,"chronic_abs":null,"stars_overall":null,"stars_achievement":null,"pi_pct":null,"stars_progress":null,"stars_gap":null,"stars_early_lit":null,"grad4":null,"stars_ccwmr":null,"affiliation":"Catholic (Diocese of Cleveland)","st_ratio":14.1,"tuition_low":6800,"tuition_high":6800,"tuition_year":"2026-27","tuition_basis":"single rate, K-8","edchoice":"yes","tuition_source":"https://www.materdeiacademy.us/admissions/tuition-financial-aid","tuition_status":"published","tuition_notes":"$250 enrollment fee; EdChoice up to $6,166; parish/diocesan aid","demo_year":"2023-24","faith":"catholic","website":"https://www.materdeiacademy.us/school/","district_website":null},"geometry":{"type":"Point","coordinates":[-81.466541,41.611793]}},{"type":"Feature","properties":{"id":"irn:56820","name":"St Rita","sector":"private","kind":"chartered nonpublic","district_irn":null,"district":null,"address":"33200 Baldwin Rd Solon, OH 44139","grades":"PK-8","grades_guessed":false,"lo":-1,"hi":8,"elem":1,"mid":1,"high":0,"enrollment":271,"pct_white":69.4,"pct_black":17.3,"pct_hispanic":4.4,"pct_asian":3.7,"pct_multi":5.2,"pct_other":0,"econ_dis_pct":null,"attendance":null,"chronic_abs":null,"stars_overall":null,"stars_achievement":null,"pi_pct":null,"stars_progress":null,"stars_gap":null,"stars_early_lit":null,"grad4":null,"stars_ccwmr":null,"affiliation":"Catholic (Diocese of Cleveland)","st_ratio":13.2,"tuition_low":6675,"tuition_high":7400,"tuition_year":"2026-27","tuition_basis":"parishioner vs non-parishioner, K-8","edchoice":"yes","tuition_source":"https://irp.cdn-website.com/e81c29d4/files/uploaded/Student_Tuition_for_the+26-27.pdf","tuition_status":"published","tuition_notes":"Before EdChoice/Angel/local assistance","demo_year":"2023-24","faith":"catholic","website":"https://www.stritaschool.com/","district_website":null},"geometry":{"type":"Point","coordinates":[-81.443675,41.383976]}},{"type":"Feature","properties":{"id":"irn:65722","name":"The Lippman School","sector":"private","kind":"chartered nonpublic","district_irn":null,"district":null,"address":"750 White Pond Dr Akron, OH 44320","grades":"K-8","grades_guessed":true,"lo":0,"hi":8,"elem":1,"mid":1,"high":0,"enrollment":null,"pct_white":null,"pct_black":null,"pct_hispanic":null,"pct_asian":null,"pct_multi":null,"pct_other":null,"econ_dis_pct":null,"attendance":null,"chronic_abs":null,"stars_overall":null,"stars_achievement":null,"pi_pct":null,"stars_progress":null,"stars_gap":null,"stars_early_lit":null,"grad4":null,"stars_ccwmr":null,"affiliation":"Jewish","st_ratio":null,"tuition_low":9691,"tuition_high":9691,"tuition_year":"unknown","tuition_basis":"single rate (aggregator)","edchoice":"yes","tuition_source":"https://www.privateschoolreview.com/the-lippman-school-profile","tuition_status":"aggregator","tuition_notes":"pass 2: nothing better; school tuition page still posts no rates (TADS aid only); aggregator figure kept; pass 1 noted the school site confirms EdChoice","demo_year":null,"faith":"religious","website":"https://www.thelippmanschool.org/","district_website":null},"geometry":{"type":"Point","coordinates":[-81.591679,41.097611]}},{"type":"Feature","properties":{"id":"irn:69914","name":"Lawrence School","sector":"private","kind":"chartered nonpublic","district_irn":null,"district":null,"address":"1551 E Wallings Rd Broadview Heights, OH 44147","grades":"2-12","grades_guessed":false,"lo":2,"hi":12,"elem":1,"mid":1,"high":1,"enrollment":296,"pct_white":76.7,"pct_black":9.8,"pct_hispanic":6.8,"pct_asian":0.7,"pct_multi":5.7,"pct_other":0.3,"econ_dis_pct":null,"attendance":null,"chronic_abs":null,"stars_overall":null,"stars_achievement":null,"pi_pct":null,"stars_progress":null,"stars_gap":null,"stars_early_lit":null,"grad4":null,"stars_ccwmr":null,"affiliation":"Nonsectarian independent (learning differences)","st_ratio":6.3,"tuition_low":23700,"tuition_high":34866,"tuition_year":"2026-27","tuition_basis":"K vs grade 6 (lower campus)","edchoice":"unknown","tuition_source":"https://www.lawrenceschool.org/admission/affording-lawrence","tuition_status":"published","tuition_notes":"Lower School campus; upper campus (Sagamore Hills) runs to $42,735 for gr 12; most families use Jon Peterson scholarship (~$13k)","demo_year":"2023-24","faith":"secular","website":"https://www.lawrenceschool.org/","district_website":null},"geometry":{"type":"Point","coordinates":[-81.67476,41.34541]}},{"type":"Feature","properties":{"id":"irn:91314","name":"Montessori Children's School","sector":"private","kind":"chartered nonpublic","district_irn":null,"district":null,"address":"28370 Bassett Rd Westlake, OH 44145","grades":"PK-3","grades_guessed":false,"lo":-1,"hi":3,"elem":1,"mid":0,"high":0,"enrollment":32,"pct_white":68.8,"pct_black":0,"pct_hispanic":9.4,"pct_asian":3.1,"pct_multi":18.8,"pct_other":0,"econ_dis_pct":null,"attendance":null,"chronic_abs":null,"stars_overall":null,"stars_achievement":null,"pi_pct":null,"stars_progress":null,"stars_gap":null,"stars_early_lit":null,"grad4":null,"stars_ccwmr":null,"affiliation":"Montessori","st_ratio":6.4,"tuition_low":10217,"tuition_high":10377,"tuition_year":"2026-27","tuition_basis":"K vs lower elementary (gr 1-3)","edchoice":"unknown","tuition_source":"https://www.montessorichildrensschool.com/tuition","tuition_status":"published","tuition_notes":"Preschool $3,765-10,091; school runs only through lower elementary; field trip fees extra","demo_year":"2023-24","faith":"secular","website":"https://www.montessorichildrensschool.com/","district_website":null},"geometry":{"type":"Point","coordinates":[-81.93602,41.45245]}},{"type":"Feature","properties":{"id":"irn:53207","name":"Lutheran West","sector":"private","kind":"chartered nonpublic","district_irn":null,"district":null,"address":"3850 Linden Rd Rocky River, OH 44116","grades":"6-12","grades_guessed":false,"lo":6,"hi":12,"elem":0,"mid":1,"high":1,"enrollment":672,"pct_white":55.1,"pct_black":14.9,"pct_hispanic":14.9,"pct_asian":3.0,"pct_multi":12.2,"pct_other":0,"econ_dis_pct":null,"attendance":null,"chronic_abs":null,"stars_overall":null,"stars_achievement":null,"pi_pct":null,"stars_progress":null,"stars_gap":null,"stars_early_lit":null,"grad4":null,"stars_ccwmr":null,"affiliation":"Lutheran (LCMS)","st_ratio":11.7,"tuition_low":10250,"tuition_high":14750,"tuition_year":"2026-27","tuition_basis":"middle school (gr 6-8) vs high school","edchoice":"unknown","tuition_source":"https://www.lutheranwest.com/admissions/tuition-financial-aid/","tuition_status":"published","tuition_notes":"Tuition bundles laptop, lab fees, enrollment fee, yearbook; $100 gr-12 graduation fee","demo_year":"2023-24","faith":"religious","website":"https://www.lutheranwest.com/","district_website":null},"geometry":{"type":"Point","coordinates":[-81.847262,41.456235]}},{"type":"Feature","properties":{"id":"irn:96966","name":"Summit Christian School","sector":"private","kind":"chartered nonpublic","district_irn":null,"district":null,"address":"3313 Northampton Rd Cuyahoga Falls, OH 44223","grades":"K-8","grades_guessed":false,"lo":0,"hi":8,"elem":1,"mid":1,"high":0,"enrollment":260,"pct_white":28.1,"pct_black":15.4,"pct_hispanic":0.4,"pct_asian":49.6,"pct_multi":6.5,"pct_other":0,"econ_dis_pct":null,"attendance":null,"chronic_abs":null,"stars_overall":null,"stars_achievement":null,"pi_pct":null,"stars_progress":null,"stars_gap":null,"stars_early_lit":null,"grad4":null,"stars_ccwmr":null,"affiliation":"Christian","st_ratio":15.9,"tuition_low":6165,"tuition_high":6165,"tuition_year":"unknown","tuition_basis":"single rate (aggregator)","edchoice":"yes","tuition_source":"https://www.privateschoolreview.com/summit-christian-school-profile/44223","tuition_status":"aggregator","tuition_notes":"pass 2: nothing better; web-search budget exhausted before this school, and guessed domains did not resolve to it; summitchristianschool.org is a dead Wix domain, .com/.net are schools in CA/CO; aggregator figure kept; EdChoice provider per aggregator","demo_year":"2023-24","faith":"religious","website":null,"district_website":null},"geometry":{"type":"Point","coordinates":[-81.534322,41.170641]}},{"type":"Feature","properties":{"id":"irn:56804","name":"St Christopher","sector":"private","kind":"chartered nonpublic","district_irn":null,"district":null,"address":"1610 Lakeview Ave Rocky River, OH 44116","grades":"PK-8","grades_guessed":false,"lo":-1,"hi":8,"elem":1,"mid":1,"high":0,"enrollment":205,"pct_white":87.3,"pct_black":0,"pct_hispanic":9.8,"pct_asian":2.9,"pct_multi":0,"pct_other":0,"econ_dis_pct":null,"attendance":null,"chronic_abs":null,"stars_overall":null,"stars_achievement":null,"pi_pct":null,"stars_progress":null,"stars_gap":null,"stars_early_lit":null,"grad4":null,"stars_ccwmr":null,"affiliation":"Catholic (Diocese of Cleveland)","st_ratio":14.3,"tuition_low":7250,"tuition_high":7250,"tuition_year":"2026-27","tuition_basis":"single rate per child, K-8","edchoice":"yes","tuition_source":"https://scsrr.org/admissions-2/","tuition_status":"published","tuition_notes":"+$200-300 family registration; parishioners get admission priority","demo_year":"2023-24","faith":"catholic","website":"https://scsrr.org/","district_website":null},"geometry":{"type":"Point","coordinates":[-81.84383,41.477048]}},{"type":"Feature","properties":{"id":"irn:133033","name":"Cleveland Clinic Lerner School for Autism","sector":"private","kind":"chartered nonpublic","district_irn":null,"district":null,"address":"2801 Martin Luther King Jr Dr Cleveland, OH 44104","grades":"K-12","grades_guessed":true,"lo":0,"hi":12,"elem":1,"mid":1,"high":1,"enrollment":null,"pct_white":null,"pct_black":null,"pct_hispanic":null,"pct_asian":null,"pct_multi":null,"pct_other":null,"econ_dis_pct":null,"attendance":null,"chronic_abs":null,"stars_overall":null,"stars_achievement":null,"pi_pct":null,"stars_progress":null,"stars_gap":null,"stars_early_lit":null,"grad4":null,"stars_ccwmr":null,"affiliation":"nonsectarian (special education)","st_ratio":null,"tuition_low":null,"tuition_high":null,"tuition_year":null,"tuition_basis":null,"edchoice":"unknown","tuition_source":"https://my.clevelandclinic.org/pediatrics/departments/autism/programs-services#lerner-school-tab","tuition_status":"not_found","tuition_notes":"Specialized autism school; no published rate (anecdotally very high, often district- or Autism Scholarship-funded); pass 2: nothing better - Cleveland Clinic program page has no rate","demo_year":null,"faith":"secular","website":"https://my.clevelandclinic.org/pediatrics/departments/autism/programs-services#lerner-school-tab","district_website":null},"geometry":{"type":"Point","coordinates":[-81.6076,41.48355]}},{"type":"Feature","properties":{"id":"irn:143248","name":"Faith Islamic Academy","sector":"private","kind":"chartered nonpublic","district_irn":null,"district":null,"address":"152 E Steels Corners Rd Cuyahoga Falls, OH 44224","grades":"PK-8","grades_guessed":true,"lo":-1,"hi":8,"elem":1,"mid":1,"high":0,"enrollment":null,"pct_white":null,"pct_black":null,"pct_hispanic":null,"pct_asian":null,"pct_multi":null,"pct_other":null,"econ_dis_pct":null,"attendance":null,"chronic_abs":null,"stars_overall":null,"stars_achievement":null,"pi_pct":null,"stars_progress":null,"stars_gap":null,"stars_early_lit":null,"grad4":null,"stars_ccwmr":null,"affiliation":"Islamic (ISAK)","st_ratio":null,"tuition_low":5500,"tuition_high":7500,"tuition_year":"not stated","tuition_basis":"ISAK member vs non-member, K-8","edchoice":"yes","tuition_source":"https://www.faithislamicacademy.org/admission/","tuition_status":"published","tuition_notes":"pass 2: nothing better; admission page schedule unchanged and still undated; ISAK membership $200/family required; $100 application fee; preschool $4,200-6,500; EdChoice forms on site","demo_year":null,"faith":"religious","website":"https://www.faithislamicacademy.org/","district_website":null},"geometry":{"type":"Point","coordinates":[-81.502986,41.180861]}},{"type":"Feature","properties":{"id":"irn:55947","name":"St Agatha-St Aloysius","sector":"private","kind":"chartered nonpublic","district_irn":null,"district":null,"address":"640 Lakeview Rd Cleveland, OH 44108","grades":"PK-8","grades_guessed":false,"lo":-1,"hi":8,"elem":1,"mid":1,"high":0,"enrollment":233,"pct_white":0.4,"pct_black":99.6,"pct_hispanic":0,"pct_asian":0,"pct_multi":0,"pct_other":0,"econ_dis_pct":null,"attendance":null,"chronic_abs":null,"stars_overall":null,"stars_achievement":null,"pi_pct":null,"stars_progress":null,"stars_gap":null,"stars_early_lit":null,"grad4":null,"stars_ccwmr":null,"affiliation":"Catholic (Diocese of Cleveland)","st_ratio":14.0,"tuition_low":6165,"tuition_high":6165,"tuition_year":"unknown","tuition_basis":"single rate (aggregator figure)","edchoice":"yes","tuition_source":"https://www.homes.com/school/cleveland-oh/st-aloysius-st-agatha-school/8n3921h3sjkpc/","tuition_status":"aggregator","tuition_notes":"School site blocked (Cloudflare); listings say Cleveland Scholarship/EdChoice cover tuition. Website from Diocese of Cleveland school directory. pass 2: nothing better","demo_year":"2023-24","faith":"catholic","website":"https://www.staloysiuscleveland.com/","district_website":null},"geometry":{"type":"Point","coordinates":[-81.60888,41.539472]}},{"type":"Feature","properties":{"id":"irn:9270","name":"Lawrence School-Upper School Campus","sector":"private","kind":"chartered nonpublic","district_irn":null,"district":null,"address":"10036 Olde 8 Rd Northfield, OH 44067","grades":"1-12","grades_guessed":false,"lo":1,"hi":12,"elem":1,"mid":1,"high":1,"enrollment":279,"pct_white":79.6,"pct_black":15.8,"pct_hispanic":3.6,"pct_asian":1.1,"pct_multi":0,"pct_other":0,"econ_dis_pct":null,"attendance":null,"chronic_abs":null,"stars_overall":null,"stars_achievement":null,"pi_pct":null,"stars_progress":null,"stars_gap":null,"stars_early_lit":null,"grad4":null,"stars_ccwmr":null,"affiliation":"Nonsectarian independent (learning differences)","st_ratio":4.4,"tuition_low":23700,"tuition_high":42735,"tuition_year":"2026-27","tuition_basis":"kindergarten vs grade 12","edchoice":"unknown","tuition_source":"https://www.lawrenceschool.org/admission/affording-lawrence","tuition_status":"published","tuition_notes":"This campus is the upper school (grade 7 $36,336 to 12 $42,735); Jon Peterson scholarship typically cuts ~$13,069; aid for ~33%","demo_year":"2023-24","faith":"secular","website":"https://lawrenceschool.org/","district_website":null},"geometry":{"type":"Point","coordinates":[-81.533142,41.334362]}},{"type":"Feature","properties":{"id":"irn:10210","name":"Northside Christian Academy","sector":"private","kind":"chartered nonpublic","district_irn":null,"district":null,"address":"7615 Ridge Rd Wadsworth, OH 44281","grades":"PK-7","grades_guessed":false,"lo":-1,"hi":7,"elem":1,"mid":1,"high":0,"enrollment":185,"pct_white":96.2,"pct_black":0,"pct_hispanic":1.6,"pct_asian":1.1,"pct_multi":1.1,"pct_other":0,"econ_dis_pct":null,"attendance":null,"chronic_abs":null,"stars_overall":null,"stars_achievement":null,"pi_pct":null,"stars_progress":null,"stars_gap":null,"stars_early_lit":null,"grad4":null,"stars_ccwmr":null,"affiliation":"Christian (Northside Baptist Church)","st_ratio":6.0,"tuition_low":7100,"tuition_high":7100,"tuition_year":"2026-27","tuition_basis":"single rate, K-8","edchoice":"yes","tuition_source":"https://northsidechristian.academy/tuition","tuition_status":"published","tuition_notes":"Many students qualify for EdChoice Expansion; preschool $1,755-3,105","demo_year":"2023-24","faith":"religious","website":"https://northsidechristian.academy/","district_website":null},"geometry":{"type":"Point","coordinates":[-81.735726,41.067104]}},{"type":"Feature","properties":{"id":"irn:10275","name":"The Hebrew Academy of Cleveland-Oakwood Campus","sector":"private","kind":"chartered nonpublic","district_irn":null,"district":null,"address":"1516 Warrensville Center Rd Cleveland, OH 44121","grades":"PK-12","grades_guessed":false,"lo":-1,"hi":12,"elem":1,"mid":1,"high":1,"enrollment":1225,"pct_white":99.7,"pct_black":0.2,"pct_hispanic":0,"pct_asian":0,"pct_multi":0.2,"pct_other":0,"econ_dis_pct":null,"attendance":null,"chronic_abs":null,"stars_overall":null,"stars_achievement":null,"pi_pct":null,"stars_progress":null,"stars_gap":null,"stars_early_lit":null,"grad4":null,"stars_ccwmr":null,"affiliation":"Jewish (Orthodox)","st_ratio":4.9,"tuition_low":10750,"tuition_high":10750,"tuition_year":"2026-27","tuition_basis":"single figure, varies by grade (aggregator)","edchoice":"yes","tuition_source":"https://www.privateschoolreview.com/hebrew-academy-of-cleveland-profile","tuition_status":"aggregator","tuition_notes":"PSR figure for Hebrew Academy overall; older listing gave elementary $5,085-7,225, HS $13,000-16,000; ~70-80% on aid. pass 2: nothing better (hac1.org lists no tuition; has EdChoice page)","demo_year":"2023-24","faith":"religious","website":"https://www.hac1.org/","district_website":null},"geometry":{"type":"Point","coordinates":[-81.53914,41.51616]}},{"type":"Feature","properties":{"id":"irn:52654","name":"Beaumont School","sector":"private","kind":"chartered nonpublic","district_irn":null,"district":null,"address":"3301 N Park Blvd Cleveland Heights, OH 44118","grades":"9-12","grades_guessed":false,"lo":9,"hi":12,"elem":0,"mid":0,"high":1,"enrollment":297,"pct_white":58.6,"pct_black":28.6,"pct_hispanic":6.1,"pct_asian":5.4,"pct_multi":1.3,"pct_other":0,"econ_dis_pct":null,"attendance":null,"chronic_abs":null,"stars_overall":null,"stars_achievement":null,"pi_pct":null,"stars_progress":null,"stars_gap":null,"stars_early_lit":null,"grad4":null,"stars_ccwmr":null,"affiliation":"Catholic (Ursuline, girls)","st_ratio":6.9,"tuition_low":21000,"tuition_high":21000,"tuition_year":"2026-27","tuition_basis":"single rate, grades 9-12","edchoice":"yes","tuition_source":"https://www.beaumontschool.org/admissions/tuition-affordability","tuition_status":"published","tuition_notes":"Girls' school; +$400 tech fee, $500 enrollment fee; merit & need-based aid common","demo_year":"2023-24","faith":"catholic","website":"https://www.beaumontschool.org/","district_website":null},"geometry":{"type":"Point","coordinates":[-81.56202,41.48517]}},{"type":"Feature","properties":{"id":"irn:53215","name":"Magnificat","sector":"private","kind":"chartered nonpublic","district_irn":null,"district":null,"address":"20770 Hilliard Blvd Rocky River, OH 44116","grades":"9-12","grades_guessed":false,"lo":9,"hi":12,"elem":0,"mid":0,"high":1,"enrollment":705,"pct_white":84.1,"pct_black":2.1,"pct_hispanic":6.0,"pct_asian":5.1,"pct_multi":2.6,"pct_other":0.1,"econ_dis_pct":null,"attendance":null,"chronic_abs":null,"stars_overall":null,"stars_achievement":null,"pi_pct":null,"stars_progress":null,"stars_gap":null,"stars_early_lit":null,"grad4":null,"stars_ccwmr":null,"affiliation":"Catholic (Ursuline/HM, girls)","st_ratio":10.3,"tuition_low":20650,"tuition_high":20650,"tuition_year":"2026-27","tuition_basis":"single rate, grades 9-12","edchoice":"yes","tuition_source":"https://www.magnificaths.org/admissions/tuition-and-affordability","tuition_status":"published","tuition_notes":"Girls' school; merit scholarships $1k-8k; accepts Cleveland Scholarship, EdChoice, Jon Peterson","demo_year":"2023-24","faith":"catholic","website":"https://www.magnificaths.org/","district_website":null},"geometry":{"type":"Point","coordinates":[-81.85064,41.4694]}},{"type":"Feature","properties":{"id":"irn:56416","name":"Assumption","sector":"private","kind":"chartered nonpublic","district_irn":null,"district":null,"address":"9183 Broadview Rd Broadview Heights, OH 44147","grades":"PK-8","grades_guessed":false,"lo":-1,"hi":8,"elem":1,"mid":1,"high":0,"enrollment":171,"pct_white":91.2,"pct_black":1.2,"pct_hispanic":1.2,"pct_asian":1.2,"pct_multi":5.3,"pct_other":0,"econ_dis_pct":null,"attendance":null,"chronic_abs":null,"stars_overall":null,"stars_achievement":null,"pi_pct":null,"stars_progress":null,"stars_gap":null,"stars_early_lit":null,"grad4":null,"stars_ccwmr":null,"affiliation":"Catholic (Diocese of Cleveland)","st_ratio":11.4,"tuition_low":6600,"tuition_high":6600,"tuition_year":"2026-27","tuition_basis":"single rate, K-8","edchoice":"yes","tuition_source":"https://irp.cdn-website.com/e7c4441a/files/uploaded/K-8+Tuition.pdf","tuition_status":"published","tuition_notes":"Tuition PDF linked from assumptionacademy.org/tuition; school helps with EdChoice Expansion applications","demo_year":"2023-24","faith":"catholic","website":"https://www.assumptionacademy.org/","district_website":null},"geometry":{"type":"Point","coordinates":[-81.684487,41.316967]}},{"type":"Feature","properties":{"id":"irn:56531","name":"SS. Robert & William Catholic School, LLC","sector":"private","kind":"chartered nonpublic","district_irn":null,"district":null,"address":"351 E 260th St Euclid, OH 44132","grades":"K-8","grades_guessed":false,"lo":0,"hi":8,"elem":1,"mid":1,"high":0,"enrollment":405,"pct_white":32.3,"pct_black":55.8,"pct_hispanic":4.0,"pct_asian":0,"pct_multi":7.9,"pct_other":0,"econ_dis_pct":null,"attendance":null,"chronic_abs":null,"stars_overall":null,"stars_achievement":null,"pi_pct":null,"stars_progress":null,"stars_gap":null,"stars_early_lit":null,"grad4":null,"stars_ccwmr":null,"affiliation":"Catholic (Diocese of Cleveland)","st_ratio":19.7,"tuition_low":7250,"tuition_high":7250,"tuition_year":"2026-27","tuition_basis":"single rate, TK-8 (all-inclusive)","edchoice":"yes","tuition_source":"https://www.srwschool.cc/admissions/tuition.cfm","tuition_status":"published","tuition_notes":"All-inclusive; EdChoice provider; aid available","demo_year":"2023-24","faith":"catholic","website":"https://www.srwschool.cc/","district_website":null},"geometry":{"type":"Point","coordinates":[-81.502865,41.616944]}},{"type":"Feature","properties":{"id":"irn:56481","name":"Our Lady of the Lake School","sector":"private","kind":"chartered nonpublic","district_irn":null,"district":null,"address":"175 E 200th St Euclid, OH 44119","grades":"PK-8","grades_guessed":false,"lo":-1,"hi":8,"elem":1,"mid":1,"high":0,"enrollment":350,"pct_white":23.1,"pct_black":67.1,"pct_hispanic":0.9,"pct_asian":0.9,"pct_multi":8,"pct_other":0,"econ_dis_pct":null,"attendance":null,"chronic_abs":null,"stars_overall":null,"stars_achievement":null,"pi_pct":null,"stars_progress":null,"stars_gap":null,"stars_early_lit":null,"grad4":null,"stars_ccwmr":null,"affiliation":"Catholic (Diocese of Cleveland)","st_ratio":16.2,"tuition_low":7244,"tuition_high":8288,"tuition_year":"2026-27","tuition_basis":"Catholic vs non-Catholic, K-4","edchoice":"unknown","tuition_source":"https://resources.finalsite.net/images/v1758213232/ourladyofthelakeschoolorg/za2y0tzk4gsdyilolkbx/TuitionandFeeSchedule_2026-2027.pdf","tuition_status":"published","tuition_notes":"Schedule covers K-4 only; +$150 registration, $250/family security, $350 support fee if not OLL-parish-supported; multi-child discounts","demo_year":"2023-24","faith":"catholic","website":"https://www.ourladyofthelakeschool.org/","district_website":null},"geometry":{"type":"Point","coordinates":[-81.54045,41.60169]}},{"type":"Feature","properties":{"id":"irn:56689","name":"Academy Of St Bartholomew","sector":"private","kind":"chartered nonpublic","district_irn":null,"district":null,"address":"14875 Bagley Rd Cleveland, OH 44130","grades":"PK-8","grades_guessed":false,"lo":-1,"hi":8,"elem":1,"mid":1,"high":0,"enrollment":186,"pct_white":78.5,"pct_black":3.2,"pct_hispanic":8.1,"pct_asian":5.4,"pct_multi":4.8,"pct_other":0,"econ_dis_pct":null,"attendance":null,"chronic_abs":null,"stars_overall":null,"stars_achievement":null,"pi_pct":null,"stars_progress":null,"stars_gap":null,"stars_early_lit":null,"grad4":null,"stars_ccwmr":null,"affiliation":"Catholic (Diocese of Cleveland)","st_ratio":14.5,"tuition_low":6600,"tuition_high":6600,"tuition_year":"2026-27","tuition_basis":"single rate, K-8","edchoice":"yes","tuition_source":"https://www.theacademystbarts.org/financial-aid","tuition_status":"published","tuition_notes":"Actually in Middleburg Heights; preschool $4-5k; $125 registration + $100/family tech fee; parish & Angel scholarships","demo_year":"2023-24","faith":"catholic","website":"https://www.theacademystbarts.org/","district_website":null},"geometry":{"type":"Point","coordinates":[-81.802016,41.366905]}},{"type":"Feature","properties":{"id":"irn:57133","name":"Holy Trinity","sector":"private","kind":"chartered nonpublic","district_irn":null,"district":null,"address":"2610 Nagel Rd Avon, OH 44011","grades":"PK-8","grades_guessed":false,"lo":-1,"hi":8,"elem":1,"mid":1,"high":0,"enrollment":455,"pct_white":93.6,"pct_black":0.4,"pct_hispanic":2.2,"pct_asian":1.1,"pct_multi":2.6,"pct_other":0,"econ_dis_pct":null,"attendance":null,"chronic_abs":null,"stars_overall":null,"stars_achievement":null,"pi_pct":null,"stars_progress":null,"stars_gap":null,"stars_early_lit":null,"grad4":null,"stars_ccwmr":null,"affiliation":"Catholic (Diocese of Cleveland)","st_ratio":19.0,"tuition_low":7000,"tuition_high":7000,"tuition_year":"not stated","tuition_basis":"single rate per student, K-8","edchoice":"yes","tuition_source":"https://www.holytrinityavon.org/tuition---fees","tuition_status":"published","tuition_notes":"School says with EdChoice + Angel Fund parent max is $4,900; $200 registration + $160 tech fee extra; year not shown on page; pass 2: nothing better; tuition page still shows $7,000 K-8 with no year","demo_year":"2023-24","faith":"catholic","website":"https://www.holytrinityavon.org/","district_website":null},"geometry":{"type":"Point","coordinates":[-81.989366,41.451725]}},{"type":"Feature","properties":{"id":"irn:57521","name":"Sacred Heart Of Jesus","sector":"private","kind":"chartered nonpublic","district_irn":null,"district":null,"address":"110 Humbolt Ave Wadsworth, OH 44281","grades":"PK-8","grades_guessed":false,"lo":-1,"hi":8,"elem":1,"mid":1,"high":0,"enrollment":210,"pct_white":93.8,"pct_black":0,"pct_hispanic":1.9,"pct_asian":1.4,"pct_multi":2.9,"pct_other":0,"econ_dis_pct":null,"attendance":null,"chronic_abs":null,"stars_overall":null,"stars_achievement":null,"pi_pct":null,"stars_progress":null,"stars_gap":null,"stars_early_lit":null,"grad4":null,"stars_ccwmr":null,"affiliation":"Catholic (Diocese of Cleveland)","st_ratio":11.4,"tuition_low":7590,"tuition_high":7590,"tuition_year":"2026-27","tuition_basis":"single rate, K-8","edchoice":"yes","tuition_source":"https://sacredheartexcellence.com/admissions/","tuition_status":"published","tuition_notes":"Wadsworth; EdChoice, diocesan and Angel scholarships; parish life scholarship","demo_year":"2023-24","faith":"catholic","website":"https://sacredheartexcellence.com/","district_website":null},"geometry":{"type":"Point","coordinates":[-81.724166,41.025935]}},{"type":"Feature","properties":{"id":"irn:57422","name":"St Gabriel","sector":"private","kind":"chartered nonpublic","district_irn":null,"district":null,"address":"9935 Johnnycake Ridge Rd Mentor, OH 44060","grades":"PK-8","grades_guessed":false,"lo":-1,"hi":8,"elem":1,"mid":1,"high":0,"enrollment":521,"pct_white":90.6,"pct_black":1.5,"pct_hispanic":3.5,"pct_asian":1.0,"pct_multi":3.1,"pct_other":0.4,"econ_dis_pct":null,"attendance":null,"chronic_abs":null,"stars_overall":null,"stars_achievement":null,"pi_pct":null,"stars_progress":null,"stars_gap":null,"stars_early_lit":null,"grad4":null,"stars_ccwmr":null,"affiliation":"Catholic (Diocese of Cleveland)","st_ratio":17.8,"tuition_low":6600,"tuition_high":6600,"tuition_year":"2026-27","tuition_basis":"single rate, junior K-8","edchoice":"yes","tuition_source":"https://www.st-gabrielschool.org/tuition--fees.html","tuition_status":"published","tuition_notes":"Concord Twp; enrollment fees $150-500 extra; all K-8 families qualify for EdChoice (min $616)","demo_year":"2023-24","faith":"catholic","website":"https://www.st-gabrielschool.org/","district_website":null},"geometry":{"type":"Point","coordinates":[-81.28328,41.678151]}},{"type":"Feature","properties":{"id":"irn:62489","name":"Walsh Jesuit","sector":"private","kind":"chartered nonpublic","district_irn":null,"district":null,"address":"4550 Wyoga Lake Rd Cuyahoga Falls, OH 44224","grades":"9-12","grades_guessed":false,"lo":9,"hi":12,"elem":0,"mid":0,"high":1,"enrollment":928,"pct_white":85.1,"pct_black":5.5,"pct_hispanic":3.9,"pct_asian":2.5,"pct_multi":2.9,"pct_other":0.1,"econ_dis_pct":null,"attendance":null,"chronic_abs":null,"stars_overall":null,"stars_achievement":null,"pi_pct":null,"stars_progress":null,"stars_gap":null,"stars_early_lit":null,"grad4":null,"stars_ccwmr":null,"affiliation":"Catholic (Jesuit)","st_ratio":14.3,"tuition_low":16500,"tuition_high":16500,"tuition_year":"2026-27","tuition_basis":"single rate, grades 9-12","edchoice":"yes","tuition_source":"https://www.walshjesuit.org/admissions/tuition-and-scholarship-information","tuition_status":"published","tuition_notes":"Plus $575 registration fee; scholarships and EdChoice info on site","demo_year":"2023-24","faith":"catholic","website":"https://www.walshjesuit.org/","district_website":null},"geometry":{"type":"Point","coordinates":[-81.494598,41.192919]}},{"type":"Feature","properties":{"id":"irn:67611","name":"Cuyahoga Valley Christian Acad","sector":"private","kind":"chartered nonpublic","district_irn":null,"district":null,"address":"4687 Wyoga Lake Rd Cuyahoga Falls, OH 44224","grades":"9-12","grades_guessed":true,"lo":9,"hi":12,"elem":0,"mid":0,"high":1,"enrollment":null,"pct_white":null,"pct_black":null,"pct_hispanic":null,"pct_asian":null,"pct_multi":null,"pct_other":null,"econ_dis_pct":null,"attendance":null,"chronic_abs":null,"stars_overall":null,"stars_achievement":null,"pi_pct":null,"stars_progress":null,"stars_gap":null,"stars_early_lit":null,"grad4":null,"stars_ccwmr":null,"affiliation":"Christian (nondenominational)","st_ratio":null,"tuition_low":10850,"tuition_high":15400,"tuition_year":"2026-27","tuition_basis":"grade 6 vs grades 11-12","edchoice":"yes","tuition_source":"https://www.cvcaroyals.org/tuition/","tuition_status":"published","tuition_notes":"Grades 6-12; scaled tuition (7-8 $11,950, 9-10 $14,650); merit scholarships; tuition assistance","demo_year":null,"faith":"religious","website":"https://www.cvcaroyals.org/","district_website":null},"geometry":{"type":"Point","coordinates":[-81.494257,41.197609]}},{"type":"Feature","properties":{"id":"irn:86033","name":"Gross Schechter Day School","sector":"private","kind":"chartered nonpublic","district_irn":null,"district":null,"address":"27601 Fairmount Blvd Pepper Pike, OH 44124","grades":"K-8","grades_guessed":false,"lo":0,"hi":8,"elem":1,"mid":1,"high":0,"enrollment":143,"pct_white":0,"pct_black":0,"pct_hispanic":0,"pct_asian":0,"pct_multi":100,"pct_other":0,"econ_dis_pct":null,"attendance":null,"chronic_abs":null,"stars_overall":null,"stars_achievement":null,"pi_pct":null,"stars_progress":null,"stars_gap":null,"stars_early_lit":null,"grad4":null,"stars_ccwmr":null,"affiliation":"Jewish (Conservative/community)","st_ratio":7.0,"tuition_low":13900,"tuition_high":17435,"tuition_year":"2026-27","tuition_basis":"K vs grades 5-8","edchoice":"unknown","tuition_source":"https://grossschechter.org/tuition-and-fees-for-2026-2027/","tuition_status":"published","tuition_notes":"+$685 mandatory K-8 lunch fee and $230/child security fee; tuition assistance available","demo_year":"2023-24","faith":"religious","website":"https://grossschechter.org/","district_website":null},"geometry":{"type":"Point","coordinates":[-81.483101,41.486542]}},{"type":"Feature","properties":{"id":"irn:110619","name":"Eleanor Gerson Sn","sector":"private","kind":"chartered nonpublic","district_irn":null,"district":null,"address":"10427 Detroit Ave Cleveland, OH 44102","grades":"7-12","grades_guessed":false,"lo":7,"hi":12,"elem":0,"mid":1,"high":1,"enrollment":43,"pct_white":76.7,"pct_black":20.9,"pct_hispanic":2.3,"pct_asian":0,"pct_multi":0,"pct_other":0,"econ_dis_pct":null,"attendance":null,"chronic_abs":null,"stars_overall":null,"stars_achievement":null,"pi_pct":null,"stars_progress":null,"stars_gap":null,"stars_early_lit":null,"grad4":null,"stars_ccwmr":null,"affiliation":"Nonsectarian (therapeutic day school, Bellefaire JCB)","st_ratio":3.9,"tuition_low":12000,"tuition_high":12000,"tuition_year":"unknown","tuition_basis":"single rate (aggregator), grades 6-12","edchoice":"unknown","tuition_source":"https://www.privateschoolreview.com/eleanor-gerson-school-profile","tuition_status":"aggregator","tuition_notes":"Alternative school for students with emotional/behavioral needs; no rate on school site; pass 2: nothing better","demo_year":"2023-24","faith":"secular","website":null,"district_website":null},"geometry":{"type":"Point","coordinates":[-81.75915,41.48068]}},{"type":"Feature","properties":{"id":"irn:17404","name":"Chaviva High School","sector":"private","kind":"chartered nonpublic","district_irn":null,"district":null,"address":"27501 Fairmount Blvd Pepper Pike, OH 44124","grades":"9-12","grades_guessed":true,"lo":9,"hi":12,"elem":0,"mid":0,"high":1,"enrollment":null,"pct_white":null,"pct_black":null,"pct_hispanic":null,"pct_asian":null,"pct_multi":null,"pct_other":null,"econ_dis_pct":null,"attendance":null,"chronic_abs":null,"stars_overall":null,"stars_achievement":null,"pi_pct":null,"stars_progress":null,"stars_gap":null,"stars_early_lit":null,"grad4":null,"stars_ccwmr":null,"affiliation":"Jewish (Orthodox)","st_ratio":null,"tuition_low":null,"tuition_high":null,"tuition_year":null,"tuition_basis":null,"edchoice":"unknown","tuition_source":"https://www.privateschoolreview.com/chaviva-high-school-profile","tuition_status":"not_found","tuition_notes":"No published tuition found; duplicate of ppin:BB201407 (different address); pass 2: nothing better - school site chavivahighschool.org confirms 27501 Fairmount Blvd, Pepper Pike; no tuition shown (Financial FAQ is script-rendered, unreadable)","demo_year":null,"faith":"religious","website":"https://www.chavivahighschool.org/","district_website":null},"geometry":{"type":"Point","coordinates":[-81.483305,41.486436]}},{"type":"Feature","properties":{"id":"irn:20398","name":"EA  Academy - Cuyahoga Falls","sector":"private","kind":"chartered nonpublic","district_irn":null,"district":null,"address":"1225 Orlen Ave Cuyahoga Falls, OH 44221","grades":null,"grades_guessed":false,"lo":null,"hi":null,"elem":1,"mid":1,"high":1,"enrollment":null,"pct_white":null,"pct_black":null,"pct_hispanic":null,"pct_asian":null,"pct_multi":null,"pct_other":null,"econ_dis_pct":null,"attendance":null,"chronic_abs":null,"stars_overall":null,"stars_achievement":null,"pi_pct":null,"stars_progress":null,"stars_gap":null,"stars_early_lit":null,"grad4":null,"stars_ccwmr":null,"affiliation":"Special education (nonsectarian)","st_ratio":null,"tuition_low":null,"tuition_high":null,"tuition_year":null,"tuition_basis":null,"edchoice":"unknown","tuition_source":"https://easchools.org/locations/","tuition_status":"not_found","tuition_notes":"pass 2: special-education placement (Education Alternatives, K-12 IEP students), district-funded; no tuition hunted","demo_year":null,"faith":"secular","website":"https://easchools.org/locations/ea-cuyahoga-falls/","district_website":null},"geometry":{"type":"Point","coordinates":[-81.465261,41.14259]}},{"type":"Feature","properties":{"id":"irn:20408","name":"EA Academy - Springfield","sector":"private","kind":"chartered nonpublic","district_irn":null,"district":null,"address":"3258 Nidover Dr Akron, OH 44312","grades":null,"grades_guessed":false,"lo":null,"hi":null,"elem":1,"mid":1,"high":1,"enrollment":null,"pct_white":null,"pct_black":null,"pct_hispanic":null,"pct_asian":null,"pct_multi":null,"pct_other":null,"econ_dis_pct":null,"attendance":null,"chronic_abs":null,"stars_overall":null,"stars_achievement":null,"pi_pct":null,"stars_progress":null,"stars_gap":null,"stars_early_lit":null,"grad4":null,"stars_ccwmr":null,"affiliation":"Special education (nonsectarian)","st_ratio":null,"tuition_low":null,"tuition_high":null,"tuition_year":null,"tuition_basis":null,"edchoice":"unknown","tuition_source":"https://easchools.org/locations/","tuition_status":"not_found","tuition_notes":"pass 2: special-education placement (Education Alternatives Akron/Springfield, K-12 IEP students), district-funded; no tuition hunted","demo_year":null,"faith":"secular","website":"https://easchools.org/locations/ea-akron/","district_website":null},"geometry":{"type":"Point","coordinates":[-81.406711,41.008823]}},{"type":"Feature","properties":{"id":"irn:20733","name":"Global Connection Academy","sector":"private","kind":"chartered nonpublic","district_irn":null,"district":null,"address":"16200 Burrows Rd Thompson, OH 44086","grades":null,"grades_guessed":false,"lo":null,"hi":null,"elem":1,"mid":1,"high":1,"enrollment":null,"pct_white":null,"pct_black":null,"pct_hispanic":null,"pct_asian":null,"pct_multi":null,"pct_other":null,"econ_dis_pct":null,"attendance":null,"chronic_abs":null,"stars_overall":null,"stars_achievement":null,"pi_pct":null,"stars_progress":null,"stars_gap":null,"stars_early_lit":null,"grad4":null,"stars_ccwmr":null,"affiliation":"independent","st_ratio":null,"tuition_low":null,"tuition_high":null,"tuition_year":null,"tuition_basis":null,"edchoice":"yes","tuition_source":"https://www.globalconnectionacademy.org/scholarships","tuition_status":"not_found","tuition_notes":"PreK-5; tuition not posted, contact school; accepts EdChoice Expansion, Autism and Jon Peterson scholarships; pass 2: nothing better; homepage, enrollment and scholarships pages still list no tuition","demo_year":null,"faith":"secular","website":"https://www.globalconnectionacademy.org/","district_website":null},"geometry":{"type":"Point","coordinates":[-81.06288,41.64289]}},{"type":"Feature","properties":{"id":"irn:20548","name":"EA Academy - Painesville","sector":"private","kind":"chartered nonpublic","district_irn":null,"district":null,"address":"273 E Jackson St Painesville, OH 44077","grades":null,"grades_guessed":false,"lo":null,"hi":null,"elem":1,"mid":1,"high":1,"enrollment":null,"pct_white":null,"pct_black":null,"pct_hispanic":null,"pct_asian":null,"pct_multi":null,"pct_other":null,"econ_dis_pct":null,"attendance":null,"chronic_abs":null,"stars_overall":null,"stars_achievement":null,"pi_pct":null,"stars_progress":null,"stars_gap":null,"stars_early_lit":null,"grad4":null,"stars_ccwmr":null,"affiliation":"special education (Education Alternatives)","st_ratio":null,"tuition_low":null,"tuition_high":null,"tuition_year":null,"tuition_basis":null,"edchoice":"unknown","tuition_source":"https://easchools.org/locations/","tuition_status":"not_found","tuition_notes":"Education Alternatives: alternative/special-ed program for IEP students, typically district-placed; no public tuition; pass 2: nothing better; EA site lists its Painesville Township campus at 1800 Mentor Ave, not 273 E Jackson St - map location may be stale","demo_year":null,"faith":"religious","website":"https://easchools.org/locations/ea-painesville/","district_website":null},"geometry":{"type":"Point","coordinates":[-81.24429,41.72968]}},{"type":"Feature","properties":{"id":"irn:20973","name":"Icon Preparatory School Cleveland","sector":"private","kind":"chartered nonpublic","district_irn":null,"district":null,"address":"15204 Puritas Ave Cleveland, OH 44135","grades":"9-12","grades_guessed":true,"lo":9,"hi":12,"elem":0,"mid":0,"high":1,"enrollment":null,"pct_white":null,"pct_black":null,"pct_hispanic":null,"pct_asian":null,"pct_multi":null,"pct_other":null,"econ_dis_pct":null,"attendance":null,"chronic_abs":null,"stars_overall":null,"stars_achievement":null,"pi_pct":null,"stars_progress":null,"stars_gap":null,"stars_early_lit":null,"grad4":null,"stars_ccwmr":null,"affiliation":"Nonsectarian (scholarship-funded network)","st_ratio":null,"tuition_low":null,"tuition_high":null,"tuition_year":null,"tuition_basis":"no published rate","edchoice":"unknown","tuition_source":"https://cleveland.iconprep.org/tuition-fees","tuition_status":"not_found","tuition_notes":"pass 2: Cleveland campus has its own site (cleveland.iconprep.org; iconprep.org is the Tampa campus); tuition page only says to contact enrollment and 'Application is no longer available'","demo_year":null,"faith":"secular","website":"https://cleveland.iconprep.org/","district_website":null},"geometry":{"type":"Point","coordinates":[-81.80285,41.43469]}},{"type":"Feature","properties":{"id":"irn:9443","name":"Al Ihsan School","sector":"private","kind":"chartered nonpublic","district_irn":null,"district":null,"address":"6055 W 130th St Parma, OH 44130","grades":"K-5","grades_guessed":false,"lo":0,"hi":5,"elem":1,"mid":0,"high":0,"enrollment":131,"pct_white":45.0,"pct_black":26.0,"pct_hispanic":2.3,"pct_asian":26.7,"pct_multi":0,"pct_other":0,"econ_dis_pct":null,"attendance":null,"chronic_abs":null,"stars_overall":null,"stars_achievement":null,"pi_pct":null,"stars_progress":null,"stars_gap":null,"stars_early_lit":null,"grad4":null,"stars_ccwmr":null,"affiliation":"Islamic","st_ratio":6.0,"tuition_low":6166,"tuition_high":6166,"tuition_year":"2025-26","tuition_basis":"K-8 rate (Parma branch)","edchoice":"yes","tuition_source":"https://www.alihsanschools.org/admissions#tuition_and_fees","tuition_status":"published","tuition_notes":"pass 2: Parma branch of Al Ihsan Schools; current site lists K-8 $6,166 (9-12 $8,407 at main campus); year inferred 2025-26 from FY26 scholarship forms on same page","demo_year":"2023-24","faith":"religious","website":"https://www.alihsanschools.org/","district_website":null},"geometry":{"type":"Point","coordinates":[-81.784145,41.399175]}},{"type":"Feature","properties":{"id":"irn:16974","name":"Julie Billiart School of St Sebastian Parish","sector":"private","kind":"chartered nonpublic","district_irn":null,"district":null,"address":"380 Mineola Ave Akron, OH 44320","grades":"K-8","grades_guessed":false,"lo":0,"hi":8,"elem":1,"mid":1,"high":0,"enrollment":118,"pct_white":56.8,"pct_black":29.7,"pct_hispanic":4.2,"pct_asian":0.8,"pct_multi":7.6,"pct_other":0.8,"econ_dis_pct":null,"attendance":null,"chronic_abs":null,"stars_overall":null,"stars_achievement":null,"pi_pct":null,"stars_progress":null,"stars_gap":null,"stars_early_lit":null,"grad4":null,"stars_ccwmr":null,"affiliation":"Catholic (special-needs school for learning differences)","st_ratio":4.6,"tuition_low":36820,"tuition_high":36820,"tuition_year":"2026-27","tuition_basis":"single rate","edchoice":"unknown","tuition_source":"https://www.juliebilliartschool.org/admissions/tuition-financial-aid/tuition-fees","tuition_status":"published","tuition_notes":"School for students with learning differences; all families get support, mostly via Autism / Jon Peterson scholarships","demo_year":"2023-24","faith":"catholic","website":"https://www.juliebilliartschool.org/","district_website":null},"geometry":{"type":"Point","coordinates":[-81.563617,41.094379]}},{"type":"Feature","properties":{"id":"irn:14110","name":"Spectrum Growth","sector":"private","kind":"chartered nonpublic","district_irn":null,"district":null,"address":"300 Broadway Lorain, OH 44052","grades":null,"grades_guessed":false,"lo":null,"hi":null,"elem":1,"mid":1,"high":1,"enrollment":null,"pct_white":null,"pct_black":null,"pct_hispanic":null,"pct_asian":null,"pct_multi":null,"pct_other":null,"econ_dis_pct":null,"attendance":null,"chronic_abs":null,"stars_overall":null,"stars_achievement":null,"pi_pct":null,"stars_progress":null,"stars_gap":null,"stars_early_lit":null,"grad4":null,"stars_ccwmr":null,"affiliation":"special education","st_ratio":null,"tuition_low":null,"tuition_high":null,"tuition_year":null,"tuition_basis":null,"edchoice":"unknown","tuition_source":"https://www.spectruminspire.org/spectrum-school-program","tuition_status":"not_found","tuition_notes":"Spectrum Inspire special-ed/therapeutic school program; no public tuition; pass 2: nothing better; spectruminspire.org (pass-1 source) no longer resolves in DNS; no replacement site found","demo_year":null,"faith":"religious","website":"http://spectrum-school.com","district_website":null},"geometry":{"type":"Point","coordinates":[-82.17822,41.46787]}},{"type":"Feature","properties":{"id":"irn:19399","name":"Cleveland Clinic Lerner School for Autism","sector":"private","kind":"chartered nonpublic","district_irn":null,"district":null,"address":"2860 Coventry Rd Shaker Heights, OH 44120","grades":"K-12","grades_guessed":true,"lo":0,"hi":12,"elem":1,"mid":1,"high":1,"enrollment":null,"pct_white":null,"pct_black":null,"pct_hispanic":null,"pct_asian":null,"pct_multi":null,"pct_other":null,"econ_dis_pct":null,"attendance":null,"chronic_abs":null,"stars_overall":null,"stars_achievement":null,"pi_pct":null,"stars_progress":null,"stars_gap":null,"stars_early_lit":null,"grad4":null,"stars_ccwmr":null,"affiliation":"nonsectarian (special education)","st_ratio":null,"tuition_low":null,"tuition_high":null,"tuition_year":null,"tuition_basis":null,"edchoice":"unknown","tuition_source":"https://my.clevelandclinic.org/pediatrics/departments/autism/programs-services#lerner-school-tab","tuition_status":"not_found","tuition_notes":"Second Lerner School campus (Shaker Heights); no published rate; typically district- or Autism Scholarship-funded; pass 2: nothing better - Cleveland Clinic program page has no rate","demo_year":null,"faith":"secular","website":"https://my.clevelandclinic.org/pediatrics/departments/autism/programs-services#lerner-school-tab","district_website":null},"geometry":{"type":"Point","coordinates":[-81.583437,41.481565]}},{"type":"Feature","properties":{"id":"irn:52662","name":"Benedictine","sector":"private","kind":"chartered nonpublic","district_irn":null,"district":null,"address":"2900 Martin Luther King Jr Dr Cleveland, OH 44104","grades":"9-12","grades_guessed":false,"lo":9,"hi":12,"elem":0,"mid":0,"high":1,"enrollment":265,"pct_white":44.2,"pct_black":44.2,"pct_hispanic":3.4,"pct_asian":1.1,"pct_multi":7.2,"pct_other":0,"econ_dis_pct":null,"attendance":null,"chronic_abs":null,"stars_overall":null,"stars_achievement":null,"pi_pct":null,"stars_progress":null,"stars_gap":null,"stars_early_lit":null,"grad4":null,"stars_ccwmr":null,"affiliation":"Catholic (Benedictine, boys)","st_ratio":8.3,"tuition_low":16300,"tuition_high":16300,"tuition_year":"2025-26","tuition_basis":"single rate, grades 9-12","edchoice":"yes","tuition_source":"https://cbhs.edu/making-catholic-high-school-education-affordable-for-families-in-cleveland-ohio/","tuition_status":"published","tuition_notes":"Boys' school; includes academic fees, laptop, uniform shirts","demo_year":"2023-24","faith":"catholic","website":"https://cbhs.edu/","district_website":null},"geometry":{"type":"Point","coordinates":[-81.61016,41.48026]}},{"type":"Feature","properties":{"id":"irn:53033","name":"Hathaway Brown","sector":"private","kind":"chartered nonpublic","district_irn":null,"district":null,"address":"19600 N Park Blvd Shaker Heights, OH 44122","grades":"PK-12","grades_guessed":false,"lo":-1,"hi":12,"elem":1,"mid":1,"high":1,"enrollment":665,"pct_white":57.3,"pct_black":11.4,"pct_hispanic":2.4,"pct_asian":17.1,"pct_multi":11.7,"pct_other":0,"econ_dis_pct":null,"attendance":null,"chronic_abs":null,"stars_overall":null,"stars_achievement":null,"pi_pct":null,"stars_progress":null,"stars_gap":null,"stars_early_lit":null,"grad4":null,"stars_ccwmr":null,"affiliation":"Nonsectarian independent (girls)","st_ratio":5.2,"tuition_low":27100,"tuition_high":43500,"tuition_year":"2026-27","tuition_basis":"K vs grade 12","edchoice":"unknown","tuition_source":"https://www.hb.edu/admission/understanding-tuition-and-fees","tuition_status":"published","tuition_notes":"Girls' school; grade 8 $39,300; includes lunch, tech, books through gr 8; flexible tuition and merit awards","demo_year":"2023-24","faith":"secular","website":"https://www.hb.edu/","district_website":null},"geometry":{"type":"Point","coordinates":[-81.54172,41.48228]}},{"type":"Feature","properties":{"id":"irn:53371","name":"Notre Dame-Cathedral Latin","sector":"private","kind":"chartered nonpublic","district_irn":null,"district":null,"address":"13000 Auburn Rd Chardon, OH 44024","grades":"9-12","grades_guessed":true,"lo":9,"hi":12,"elem":0,"mid":0,"high":1,"enrollment":null,"pct_white":null,"pct_black":null,"pct_hispanic":null,"pct_asian":null,"pct_multi":null,"pct_other":null,"econ_dis_pct":null,"attendance":null,"chronic_abs":null,"stars_overall":null,"stars_achievement":null,"pi_pct":null,"stars_progress":null,"stars_gap":null,"stars_early_lit":null,"grad4":null,"stars_ccwmr":null,"affiliation":"Catholic (Sisters of Notre Dame / Diocese of Cleveland)","st_ratio":null,"tuition_low":18450,"tuition_high":18450,"tuition_year":"2026-27","tuition_basis":"single rate, grades 9-12","edchoice":"yes","tuition_source":"https://www.ndcl.org/admissions/tuition-financial-assistance/tuition-overview","tuition_status":"published","tuition_notes":"Tuition includes books, course/AP fees, sports and club fees; families must apply for EdChoice first; need-based aid","demo_year":null,"faith":"catholic","website":"https://www.ndcl.org/","district_website":null},"geometry":{"type":"Point","coordinates":[-81.24781,41.51474]}},{"type":"Feature","properties":{"id":"irn:53983","name":"Cleveland Central Catholic","sector":"private","kind":"chartered nonpublic","district_irn":null,"district":null,"address":"6550 Baxter Ave Cleveland, OH 44105","grades":"9-12","grades_guessed":false,"lo":9,"hi":12,"elem":0,"mid":0,"high":1,"enrollment":427,"pct_white":5.6,"pct_black":85.9,"pct_hispanic":4.4,"pct_asian":0,"pct_multi":4.0,"pct_other":0,"econ_dis_pct":null,"attendance":null,"chronic_abs":null,"stars_overall":null,"stars_achievement":null,"pi_pct":null,"stars_progress":null,"stars_gap":null,"stars_early_lit":null,"grad4":null,"stars_ccwmr":null,"affiliation":"Catholic (Diocese of Cleveland)","st_ratio":5.6,"tuition_low":11900,"tuition_high":11900,"tuition_year":"2026-27","tuition_basis":"single rate, grades 9-12","edchoice":"yes","tuition_source":"https://clevelandcentralchs.schoolinsites.com/tuitionfees","tuition_status":"published","tuition_notes":"+$150-200 registration; ~90% of families get aid; EdChoice/Cleveland Scholarship up to $8,408","demo_year":"2023-24","faith":"catholic","website":"https://www.centralcatholichs.org/","district_website":null},"geometry":{"type":"Point","coordinates":[-81.64318,41.45934]}},{"type":"Feature","properties":{"id":"irn:60947","name":"St Anselm","sector":"private","kind":"chartered nonpublic","district_irn":null,"district":null,"address":"13013 Chillicothe Rd Chesterland, OH 44026","grades":"PK-8","grades_guessed":false,"lo":-1,"hi":8,"elem":1,"mid":1,"high":0,"enrollment":153,"pct_white":93.5,"pct_black":0,"pct_hispanic":0,"pct_asian":0,"pct_multi":6.5,"pct_other":0,"econ_dis_pct":null,"attendance":null,"chronic_abs":null,"stars_overall":null,"stars_achievement":null,"pi_pct":null,"stars_progress":null,"stars_gap":null,"stars_early_lit":null,"grad4":null,"stars_ccwmr":null,"affiliation":"Catholic (Diocese of Cleveland)","st_ratio":12.2,"tuition_low":7950,"tuition_high":7950,"tuition_year":"2026-27","tuition_basis":"single rate per student, K-8 (after automatic Spartan Support and Parish Life scholarships)","edchoice":"yes","tuition_source":"https://content.app-sources.com/s/10826468012999028/uploads/Images/Financial_Resources__School_Tuition_25-8857300.pdf","tuition_status":"published","tuition_notes":"pass 2: school PDF 'Financial Resources & School Tuition' gives 2026-27 rate $7,950/student; cost-per-pupil $11,419 less Spartan Support $2,719 (all students) and Parish Life $750 (parish/school-life families); $100/family registration + $75/student tech fee; 2025-26 parent payment after EdChoice $0-5,000","demo_year":"2023-24","faith":"catholic","website":"https://stanselmschool.org/","district_website":null},"geometry":{"type":"Point","coordinates":[-81.338524,41.513945]}},{"type":"Feature","properties":{"id":"irn:55749","name":"Holy Name","sector":"private","kind":"chartered nonpublic","district_irn":null,"district":null,"address":"8328 Broadway Ave Cleveland, OH 44105","grades":"K-8","grades_guessed":false,"lo":0,"hi":8,"elem":1,"mid":1,"high":0,"enrollment":176,"pct_white":0,"pct_black":94.9,"pct_hispanic":5.1,"pct_asian":0,"pct_multi":0,"pct_other":0,"econ_dis_pct":null,"attendance":null,"chronic_abs":null,"stars_overall":null,"stars_achievement":null,"pi_pct":null,"stars_progress":null,"stars_gap":null,"stars_early_lit":null,"grad4":null,"stars_ccwmr":null,"affiliation":"Catholic (Partnership Schools network)","st_ratio":14.2,"tuition_low":null,"tuition_high":null,"tuition_year":"2026-27","tuition_basis":"free tuition (scholarship-funded); no sticker rate","edchoice":"yes","tuition_source":"https://thepartnershipschools.org/hne/","tuition_status":"not_found","tuition_notes":"pass 2: school's Partnership Schools page says 'Our families pay no tuition'; state + private scholarships cover 100%; states cost to educate is over $11,200 per child for 2026-27 (a cost figure, not a tuition rate, so not entered)","demo_year":"2023-24","faith":"catholic","website":"https://thepartnershipschools.org/hne/","district_website":null},"geometry":{"type":"Point","coordinates":[-81.62919,41.44962]}},{"type":"Feature","properties":{"id":"irn:56036","name":"Archbishop Lyke-St Henry Campus","sector":"private","kind":"chartered nonpublic","district_irn":null,"district":null,"address":"18230 Harvard Ave Cleveland, OH 44128","grades":"K-8","grades_guessed":true,"lo":0,"hi":8,"elem":1,"mid":1,"high":0,"enrollment":null,"pct_white":null,"pct_black":null,"pct_hispanic":null,"pct_asian":null,"pct_multi":null,"pct_other":null,"econ_dis_pct":null,"attendance":null,"chronic_abs":null,"stars_overall":null,"stars_achievement":null,"pi_pct":null,"stars_progress":null,"stars_gap":null,"stars_early_lit":null,"grad4":null,"stars_ccwmr":null,"affiliation":"Catholic (Diocese of Cleveland)","st_ratio":null,"tuition_low":null,"tuition_high":null,"tuition_year":null,"tuition_basis":null,"edchoice":"yes","tuition_source":"https://archbishoplykeschool.org/scholarships/","tuition_status":"not_found","tuition_notes":"School publishes no dollar rate; says all students receive state scholarships (Cleveland Scholarship/EdChoice) covering full tuition; pass 2: nothing better - FAQ says every student receives scholarship support and nearly all attend tuition-free","demo_year":null,"faith":"catholic","website":"https://archbishoplykeschool.org/","district_website":null},"geometry":{"type":"Point","coordinates":[-81.55133,41.44846]}},{"type":"Feature","properties":{"id":"irn:56275","name":"Metro Catholic Parish","sector":"private","kind":"chartered nonpublic","district_irn":null,"district":null,"address":"1910 W 54th St Cleveland, OH 44102","grades":"PK-8","grades_guessed":false,"lo":-1,"hi":8,"elem":1,"mid":1,"high":0,"enrollment":388,"pct_white":19.3,"pct_black":18.6,"pct_hispanic":50.5,"pct_asian":2.6,"pct_multi":9.0,"pct_other":0,"econ_dis_pct":null,"attendance":null,"chronic_abs":null,"stars_overall":null,"stars_achievement":null,"pi_pct":null,"stars_progress":null,"stars_gap":null,"stars_early_lit":null,"grad4":null,"stars_ccwmr":null,"affiliation":"Catholic (Diocese of Cleveland)","st_ratio":16.4,"tuition_low":null,"tuition_high":null,"tuition_year":null,"tuition_basis":"no sticker rate; scholarships cover full tuition","edchoice":"yes","tuition_source":"https://metrocatholic.org/scholarships/","tuition_status":"not_found","tuition_notes":"pass 2: nothing better; school states all students receive Cleveland/EdChoice scholarships covering full cost of tuition","demo_year":"2023-24","faith":"catholic","website":"https://metrocatholic.org/","district_website":null},"geometry":{"type":"Point","coordinates":[-81.7241,41.47926]}},{"type":"Feature","properties":{"id":"irn:56127","name":"St Leo The Great","sector":"private","kind":"chartered nonpublic","district_irn":null,"district":null,"address":"4900 Broadview Rd Cleveland, OH 44109","grades":"K-8","grades_guessed":true,"lo":0,"hi":8,"elem":1,"mid":1,"high":0,"enrollment":null,"pct_white":null,"pct_black":null,"pct_hispanic":null,"pct_asian":null,"pct_multi":null,"pct_other":null,"econ_dis_pct":null,"attendance":null,"chronic_abs":null,"stars_overall":null,"stars_achievement":null,"pi_pct":null,"stars_progress":null,"stars_gap":null,"stars_early_lit":null,"grad4":null,"stars_ccwmr":null,"affiliation":"Catholic (Diocese of Cleveland)","st_ratio":null,"tuition_low":6166,"tuition_high":6166,"tuition_year":"2026-27","tuition_basis":"single rate, K-8","edchoice":"yes","tuition_source":"https://www.leothegreatschool.org/st-leo-school-kinder-grade-8","tuition_status":"published","tuition_notes":"+$150 family fee; tuition equals full EdChoice award","demo_year":null,"faith":"catholic","website":"https://www.leothegreatschool.org/","district_website":null},"geometry":{"type":"Point","coordinates":[-81.69678,41.42224]}},{"type":"Feature","properties":{"id":"irn:56580","name":"St Francis Of Assisi","sector":"private","kind":"chartered nonpublic","district_irn":null,"district":null,"address":"6850 Mayfield Rd Gates Mills, OH 44040","grades":"PK-8","grades_guessed":false,"lo":-1,"hi":8,"elem":1,"mid":1,"high":0,"enrollment":316,"pct_white":91.5,"pct_black":0.9,"pct_hispanic":2.5,"pct_asian":1.3,"pct_multi":3.8,"pct_other":0,"econ_dis_pct":null,"attendance":null,"chronic_abs":null,"stars_overall":null,"stars_achievement":null,"pi_pct":null,"stars_progress":null,"stars_gap":null,"stars_early_lit":null,"grad4":null,"stars_ccwmr":null,"affiliation":"Catholic (Diocese of Cleveland)","st_ratio":14.3,"tuition_low":7600,"tuition_high":7600,"tuition_year":"2026-27","tuition_basis":"single rate, K-8","edchoice":"unknown","tuition_source":"https://www.sfaschoolgm.org/apps/pages/index.jsp?uREC_ID=2879714&type=d&pREC_ID=2333121","tuition_status":"published","tuition_notes":"+$100 registration/child; Ohio scholarships available","demo_year":"2023-24","faith":"catholic","website":"https://www.sfaschoolgm.org/","district_website":null},"geometry":{"type":"Point","coordinates":[-81.43195,41.51952]}},{"type":"Feature","properties":{"id":"irn:56606","name":"St Michael","sector":"private","kind":"chartered nonpublic","district_irn":null,"district":null,"address":"6906 Chestnut Rd Independence, OH 44131","grades":"K-8","grades_guessed":true,"lo":0,"hi":8,"elem":1,"mid":1,"high":0,"enrollment":null,"pct_white":null,"pct_black":null,"pct_hispanic":null,"pct_asian":null,"pct_multi":null,"pct_other":null,"econ_dis_pct":null,"attendance":null,"chronic_abs":null,"stars_overall":null,"stars_achievement":null,"pi_pct":null,"stars_progress":null,"stars_gap":null,"stars_early_lit":null,"grad4":null,"stars_ccwmr":null,"affiliation":"Catholic (Diocese of Cleveland)","st_ratio":null,"tuition_low":6166,"tuition_high":6166,"tuition_year":"2025-26","tuition_basis":"single rate, K-8 (in/out of parish)","edchoice":"unknown","tuition_source":"https://core-docs.s3.us-east-1.amazonaws.com/documents/asset/uploaded_file/2624/SMS/2431498/SMS_Family_Handbook_2025-2026.pdf","tuition_status":"published","tuition_notes":"From 2025-26 family handbook; scholarships available","demo_year":null,"faith":"catholic","website":"https://www.stmichaelschoolinfo.com/","district_website":null},"geometry":{"type":"Point","coordinates":[-81.641924,41.384788]}},{"type":"Feature","properties":{"id":"irn:56598","name":"St Paschal Baylon","sector":"private","kind":"chartered nonpublic","district_irn":null,"district":null,"address":"5360 Wilson Mills Rd Cleveland, OH 44143","grades":"PK-8","grades_guessed":false,"lo":-1,"hi":8,"elem":1,"mid":1,"high":0,"enrollment":296,"pct_white":80.4,"pct_black":8.1,"pct_hispanic":1.7,"pct_asian":1.0,"pct_multi":8.8,"pct_other":0,"econ_dis_pct":null,"attendance":null,"chronic_abs":null,"stars_overall":null,"stars_achievement":null,"pi_pct":null,"stars_progress":null,"stars_gap":null,"stars_early_lit":null,"grad4":null,"stars_ccwmr":null,"affiliation":"Catholic (Diocese of Cleveland)","st_ratio":8.5,"tuition_low":7375,"tuition_high":9070,"tuition_year":"2026-27","tuition_basis":"parishioner vs non-parishioner, K-8","edchoice":"yes","tuition_source":"https://saintpaschal.net/tuition-and-fees/","tuition_status":"published","tuition_notes":"+$225 application fee; Highland Heights campus","demo_year":"2023-24","faith":"catholic","website":"https://saintpaschal.net/","district_website":null},"geometry":{"type":"Point","coordinates":[-81.48585,41.53755]}},{"type":"Feature","properties":{"id":"irn:56747","name":"St Anthony Of Padua","sector":"private","kind":"chartered nonpublic","district_irn":null,"district":null,"address":"6800 State Rd Parma, OH 44134","grades":"K-8","grades_guessed":false,"lo":0,"hi":8,"elem":1,"mid":1,"high":0,"enrollment":216,"pct_white":90.7,"pct_black":2.3,"pct_hispanic":3.7,"pct_asian":0.9,"pct_multi":2.3,"pct_other":0,"econ_dis_pct":null,"attendance":null,"chronic_abs":null,"stars_overall":null,"stars_achievement":null,"pi_pct":null,"stars_progress":null,"stars_gap":null,"stars_early_lit":null,"grad4":null,"stars_ccwmr":null,"affiliation":"Catholic (Diocese of Cleveland)","st_ratio":18.2,"tuition_low":6500,"tuition_high":6500,"tuition_year":"2026-27","tuition_basis":"single rate, K-8","edchoice":"unknown","tuition_source":"https://stanthonyofpaduaschool.org/tuition-and-payment","tuition_status":"published","tuition_notes":"+$100 registration and $500 student service fee; figures via search snippet (site 403)","demo_year":"2023-24","faith":"catholic","website":"https://stanthonyofpaduaschool.org/","district_website":null},"geometry":{"type":"Point","coordinates":[-81.712178,41.381606]}},{"type":"Feature","properties":{"id":"irn:57463","name":"St Peter","sector":"private","kind":"chartered nonpublic","district_irn":null,"district":null,"address":"35749 Center Ridge Rd North Ridgeville, OH 44039","grades":"PK-8","grades_guessed":false,"lo":-1,"hi":8,"elem":1,"mid":1,"high":0,"enrollment":300,"pct_white":90.3,"pct_black":1.7,"pct_hispanic":4,"pct_asian":1.3,"pct_multi":2.7,"pct_other":0,"econ_dis_pct":null,"attendance":null,"chronic_abs":null,"stars_overall":null,"stars_achievement":null,"pi_pct":null,"stars_progress":null,"stars_gap":null,"stars_early_lit":null,"grad4":null,"stars_ccwmr":null,"affiliation":"Catholic (Diocese of Cleveland)","st_ratio":16.2,"tuition_low":6166,"tuition_high":6166,"tuition_year":"2025-26","tuition_basis":"single rate, K-8","edchoice":"yes","tuition_source":"https://stpeternr.org/tuition-payment-2025-2026-school-year","tuition_status":"published","tuition_notes":"North Ridgeville; tuition equals max EdChoice award; 2026-27 rate not seen","demo_year":"2023-24","faith":"catholic","website":"https://stpeternr.org/","district_website":null},"geometry":{"type":"Point","coordinates":[-82.015727,41.390796]}},{"type":"Feature","properties":{"id":"irn:60335","name":"Lakewood Lutheran","sector":"private","kind":"chartered nonpublic","district_irn":null,"district":null,"address":"14560 Madison Ave Lakewood, OH 44107","grades":"K-8","grades_guessed":false,"lo":0,"hi":8,"elem":1,"mid":1,"high":0,"enrollment":25,"pct_white":64,"pct_black":4,"pct_hispanic":12,"pct_asian":4,"pct_multi":16,"pct_other":0,"econ_dis_pct":null,"attendance":null,"chronic_abs":null,"stars_overall":null,"stars_achievement":null,"pi_pct":null,"stars_progress":null,"stars_gap":null,"stars_early_lit":null,"grad4":null,"stars_ccwmr":null,"affiliation":"Lutheran (LCMS)","st_ratio":6.6,"tuition_low":null,"tuition_high":null,"tuition_year":null,"tuition_basis":null,"edchoice":"unknown","tuition_source":"https://www.privateschoolreview.com/lakewood-lutheran-school-profile/44107","tuition_status":"not_found","tuition_notes":"Very small K-8 (~25 students); no tuition published, school website unreachable; pass 2: nothing better","demo_year":"2023-24","faith":"religious","website":null,"district_website":null},"geometry":{"type":"Point","coordinates":[-81.79807,41.47744]}},{"type":"Feature","properties":{"id":"irn:53702","name":"St Joseph Academy","sector":"private","kind":"chartered nonpublic","district_irn":null,"district":null,"address":"3470 Rocky River Dr Cleveland, OH 44111","grades":"9-12","grades_guessed":false,"lo":9,"hi":12,"elem":0,"mid":0,"high":1,"enrollment":671,"pct_white":75.0,"pct_black":4.8,"pct_hispanic":3.3,"pct_asian":4.2,"pct_multi":12.7,"pct_other":0.1,"econ_dis_pct":null,"attendance":null,"chronic_abs":null,"stars_overall":null,"stars_achievement":null,"pi_pct":null,"stars_progress":null,"stars_gap":null,"stars_early_lit":null,"grad4":null,"stars_ccwmr":null,"affiliation":"Catholic (Sisters of St. Joseph; girls)","st_ratio":12.0,"tuition_low":19900,"tuition_high":19900,"tuition_year":"2026-27","tuition_basis":"single rate, 9-12","edchoice":"yes","tuition_source":"https://www.sja1890.org/admission/tuition-and-affordability","tuition_status":"published","tuition_notes":"+$250 tech + $100 registration; all-girls; ~80% receive aid","demo_year":"2023-24","faith":"catholic","website":"https://www.sja1890.org/","district_website":null},"geometry":{"type":"Point","coordinates":[-81.814912,41.458667]}},{"type":"Feature","properties":{"id":"irn:70136","name":"First Baptist Christian","sector":"private","kind":"chartered nonpublic","district_irn":null,"district":null,"address":"11400 Lagrange Rd Elyria, OH 44035","grades":"PK-12","grades_guessed":false,"lo":-1,"hi":12,"elem":1,"mid":1,"high":1,"enrollment":178,"pct_white":79.8,"pct_black":0.6,"pct_hispanic":9.6,"pct_asian":1.1,"pct_multi":9.0,"pct_other":0,"econ_dis_pct":null,"attendance":null,"chronic_abs":null,"stars_overall":null,"stars_achievement":null,"pi_pct":null,"stars_progress":null,"stars_gap":null,"stars_early_lit":null,"grad4":null,"stars_ccwmr":null,"affiliation":"Baptist","st_ratio":11.1,"tuition_low":6940,"tuition_high":9500,"tuition_year":"2026-27","tuition_basis":"kindergarten vs grades 9-12; grades 1-6 $7,330, 7-8 $7,640","edchoice":"yes","tuition_source":"https://fbcs-elyria.org/wp-content/uploads/2026/02/2026-2027-Tuition-Rates.pdf","tuition_status":"published","tuition_notes":"pass 2: 2026-27 rate sheet linked from New & Prospective Parents page; enrollment fee $400 new / $300 returning (not covered by EdChoice or Jon Peterson); preschool $2,770-6,280","demo_year":"2023-24","faith":"religious","website":"https://fbcs-elyria.org/","district_website":null},"geometry":{"type":"Point","coordinates":[-82.12104,41.32291]}},{"type":"Feature","properties":{"id":"irn:93039","name":"South Suburban Montessori","sector":"private","kind":"chartered nonpublic","district_irn":null,"district":null,"address":"4450 Oakes Rd Bldg 7 Brecksville, OH 44141","grades":"PK-8","grades_guessed":false,"lo":-1,"hi":8,"elem":1,"mid":1,"high":0,"enrollment":105,"pct_white":90.5,"pct_black":1.0,"pct_hispanic":0,"pct_asian":4.8,"pct_multi":3.8,"pct_other":0,"econ_dis_pct":null,"attendance":null,"chronic_abs":null,"stars_overall":null,"stars_achievement":null,"pi_pct":null,"stars_progress":null,"stars_gap":null,"stars_early_lit":null,"grad4":null,"stars_ccwmr":null,"affiliation":"Montessori (nonsectarian)","st_ratio":11.7,"tuition_low":null,"tuition_high":null,"tuition_year":null,"tuition_basis":null,"edchoice":"yes","tuition_source":"https://ssmsmontessori.net/admissions/affordability/","tuition_status":"not_found","tuition_notes":"Tuition not posted online; accepts EdChoice, Peterson & Autism scholarships; indexed tuition. pass 2: nothing better","demo_year":"2023-24","faith":"secular","website":"https://ssmsmontessori.net/","district_website":null},"geometry":{"type":"Point","coordinates":[-81.65999,41.30403]}},{"type":"Feature","properties":{"id":"irn:90274","name":"Open Door Christian Schools","sector":"private","kind":"chartered nonpublic","district_irn":null,"district":null,"address":"8287 W Ridge Rd Elyria, OH 44035","grades":"PK-12","grades_guessed":true,"lo":-1,"hi":12,"elem":1,"mid":1,"high":1,"enrollment":null,"pct_white":null,"pct_black":null,"pct_hispanic":null,"pct_asian":null,"pct_multi":null,"pct_other":null,"econ_dis_pct":null,"attendance":null,"chronic_abs":null,"stars_overall":null,"stars_achievement":null,"pi_pct":null,"stars_progress":null,"stars_gap":null,"stars_early_lit":null,"grad4":null,"stars_ccwmr":null,"affiliation":"Christian","st_ratio":null,"tuition_low":11000,"tuition_high":12145,"tuition_year":"2026-27","tuition_basis":"K-8 vs grades 9-12, first student (tuition only)","edchoice":"yes","tuition_source":"https://www.odcs.org/editoruploads/files/Admissions/Tuition%20Schedule%2026-27.pdf","tuition_status":"published","tuition_notes":"pass 2: confirmed 2026-27 schedule PDF; plus $995 facility fee K-12 (school says cost to attend = tuition + facility fee); multi-child rates down to $5,500/$6,073 for 5th student; $130 application fee; EdChoice calculator on site","demo_year":null,"faith":"religious","website":"https://www.odcs.org/","district_website":null},"geometry":{"type":"Point","coordinates":[-82.161521,41.372921]}},{"type":"Feature","properties":{"id":"irn:86678","name":"Yeshiva Derech Hatorah","sector":"private","kind":"chartered nonpublic","district_irn":null,"district":null,"address":"1508 Warrensville Center Rd Cleveland Heights, OH 44121","grades":"PK-12","grades_guessed":false,"lo":-1,"hi":12,"elem":1,"mid":1,"high":1,"enrollment":856,"pct_white":100,"pct_black":0,"pct_hispanic":0,"pct_asian":0,"pct_multi":0,"pct_other":0,"econ_dis_pct":null,"attendance":null,"chronic_abs":null,"stars_overall":null,"stars_achievement":null,"pi_pct":null,"stars_progress":null,"stars_gap":null,"stars_early_lit":null,"grad4":null,"stars_ccwmr":null,"affiliation":"Jewish (Orthodox)","st_ratio":15.7,"tuition_low":null,"tuition_high":null,"tuition_year":null,"tuition_basis":null,"edchoice":"unknown","tuition_source":"https://www.privateschoolreview.com/yeshiva-derech-hatorah-profile/44121","tuition_status":"not_found","tuition_notes":"No tuition published (ydtcleveland.org). pass 2: nothing better","demo_year":"2023-24","faith":"religious","website":"https://ydtcleveland.org/","district_website":null},"geometry":{"type":"Point","coordinates":[-81.536641,41.518948]}},{"type":"Feature","properties":{"id":"irn:118216","name":"Royal Redeemer Lutheran","sector":"private","kind":"chartered nonpublic","district_irn":null,"district":null,"address":"11680 Royalton Rd North Royalton, OH 44133","grades":"PK-8","grades_guessed":false,"lo":-1,"hi":8,"elem":1,"mid":1,"high":0,"enrollment":209,"pct_white":88.5,"pct_black":2.4,"pct_hispanic":2.4,"pct_asian":3.8,"pct_multi":2.9,"pct_other":0,"econ_dis_pct":null,"attendance":null,"chronic_abs":null,"stars_overall":null,"stars_achievement":null,"pi_pct":null,"stars_progress":null,"stars_gap":null,"stars_early_lit":null,"grad4":null,"stars_ccwmr":null,"affiliation":"Lutheran (LCMS)","st_ratio":16.7,"tuition_low":8000,"tuition_high":8000,"tuition_year":"2026-27","tuition_basis":"single rate, K-8","edchoice":"yes","tuition_source":"https://rrls.org/scholarships/","tuition_status":"published","tuition_notes":"Plus $150 tech fee and $200 enrollment fee; tuition assistance available","demo_year":"2023-24","faith":"religious","website":"https://rrls.org/","district_website":null},"geometry":{"type":"Point","coordinates":[-81.77496,41.31661]}},{"type":"Feature","properties":{"id":"irn:134460","name":"Cornerstone Community","sector":"private","kind":"chartered nonpublic","district_irn":null,"district":null,"address":"90 W Overdale Dr Tallmadge, OH 44278","grades":null,"grades_guessed":false,"lo":null,"hi":null,"elem":1,"mid":1,"high":1,"enrollment":null,"pct_white":null,"pct_black":null,"pct_hispanic":null,"pct_asian":null,"pct_multi":null,"pct_other":null,"econ_dis_pct":null,"attendance":null,"chronic_abs":null,"stars_overall":null,"stars_achievement":null,"pi_pct":null,"stars_progress":null,"stars_gap":null,"stars_early_lit":null,"grad4":null,"stars_ccwmr":null,"affiliation":"Christian","st_ratio":null,"tuition_low":null,"tuition_high":null,"tuition_year":null,"tuition_basis":null,"edchoice":"unknown","tuition_source":"https://www.privateschoolreview.com/cornerstone-community-school-profile","tuition_status":"not_found","tuition_notes":"pass 2: nothing better; web-search budget exhausted before this school, and guessed domains did not resolve to it; aggregator says contact school for tuition","demo_year":null,"faith":"religious","website":"https://www.cornerstonecs.org","district_website":null},"geometry":{"type":"Point","coordinates":[-81.444187,41.108023]}},{"type":"Feature","properties":{"id":"irn:18011","name":"Urban Community School","sector":"private","kind":"chartered nonpublic","district_irn":null,"district":null,"address":"4909 Lorain Ave Cleveland, OH 44102","grades":"PK-8","grades_guessed":true,"lo":-1,"hi":8,"elem":1,"mid":1,"high":0,"enrollment":null,"pct_white":null,"pct_black":null,"pct_hispanic":null,"pct_asian":null,"pct_multi":null,"pct_other":null,"econ_dis_pct":null,"attendance":null,"chronic_abs":null,"stars_overall":null,"stars_achievement":null,"pi_pct":null,"stars_progress":null,"stars_gap":null,"stars_early_lit":null,"grad4":null,"stars_ccwmr":null,"affiliation":"Nonsectarian independent (Catholic heritage)","st_ratio":null,"tuition_low":14392,"tuition_high":14392,"tuition_year":"2026-27","tuition_basis":"single rate, K-8","edchoice":"unknown","tuition_source":"https://urbancommunityschool.org/tuition-financial-aid","tuition_status":"published","tuition_notes":"Cleveland Scholarship + income-based aid; many families pay $0-150/mo","demo_year":null,"faith":"catholic","website":"https://urbancommunityschool.org/","district_website":null},"geometry":{"type":"Point","coordinates":[-81.72079,41.47758]}},{"type":"Feature","properties":{"id":"irn:13209","name":"Westside Christian Academy","sector":"private","kind":"chartered nonpublic","district_irn":null,"district":null,"address":"23096 Center Ridge Rd Westlake, OH 44145","grades":"K-12","grades_guessed":true,"lo":0,"hi":12,"elem":1,"mid":1,"high":1,"enrollment":null,"pct_white":null,"pct_black":null,"pct_hispanic":null,"pct_asian":null,"pct_multi":null,"pct_other":null,"econ_dis_pct":null,"attendance":null,"chronic_abs":null,"stars_overall":null,"stars_achievement":null,"pi_pct":null,"stars_progress":null,"stars_gap":null,"stars_early_lit":null,"grad4":null,"stars_ccwmr":null,"affiliation":"Christian (classical)","st_ratio":null,"tuition_low":11450,"tuition_high":13680,"tuition_year":"2026-27","tuition_basis":"grades K-6 vs 9-12, paid in full (7-8 $12,280; Pre-K 4-day $2,600)","edchoice":"yes","tuition_source":"https://www.westsideacademy.org/tuition/","tuition_status":"published","tuition_notes":"pass 2: school's own 2026-27 tuition page; payment plans slightly higher; EdChoice available to all K-12 students; OCEN and FACTS aid","demo_year":null,"faith":"religious","website":"https://www.westsideacademy.org/","district_website":null},"geometry":{"type":"Point","coordinates":[-81.87627,41.45786]}},{"type":"Feature","properties":{"id":"irn:52613","name":"Andrews Osborne Academy","sector":"private","kind":"chartered nonpublic","district_irn":null,"district":null,"address":"38588 Mentor Ave Willoughby, OH 44094","grades":"6-12","grades_guessed":true,"lo":6,"hi":12,"elem":0,"mid":1,"high":1,"enrollment":null,"pct_white":null,"pct_black":null,"pct_hispanic":null,"pct_asian":null,"pct_multi":null,"pct_other":null,"econ_dis_pct":null,"attendance":null,"chronic_abs":null,"stars_overall":null,"stars_achievement":null,"pi_pct":null,"stars_progress":null,"stars_gap":null,"stars_early_lit":null,"grad4":null,"stars_ccwmr":null,"affiliation":"Nonsectarian independent","st_ratio":null,"tuition_low":21100,"tuition_high":31400,"tuition_year":"2026-27","tuition_basis":"K-5 vs grades 9-12 (day); grades 6-8 $26,300","edchoice":"yes","tuition_source":"https://www.andrewsosborne.org/admissions/tuition-and-scholarships","tuition_status":"published","tuition_notes":"Day rates; boarding extra; $1,000 enrollment fee; accepts EdChoice Traditional and Expansion K-12","demo_year":null,"faith":"secular","website":"https://www.andrewsosborne.org/","district_website":null},"geometry":{"type":"Point","coordinates":[-81.39815,41.64176]}},{"type":"Feature","properties":{"id":"irn:52993","name":"Gilmour Academy","sector":"private","kind":"chartered nonpublic","district_irn":null,"district":null,"address":"34001 Cedar Rd Gates Mills, OH 44040","grades":"PK-12","grades_guessed":false,"lo":-1,"hi":12,"elem":1,"mid":1,"high":1,"enrollment":703,"pct_white":70.0,"pct_black":5.8,"pct_hispanic":9.1,"pct_asian":6.1,"pct_multi":9.0,"pct_other":0,"econ_dis_pct":null,"attendance":null,"chronic_abs":null,"stars_overall":null,"stars_achievement":null,"pi_pct":null,"stars_progress":null,"stars_gap":null,"stars_early_lit":null,"grad4":null,"stars_ccwmr":null,"affiliation":"Catholic (Brothers of Holy Cross, independent)","st_ratio":8.4,"tuition_low":26190,"tuition_high":43495,"tuition_year":"2026-27","tuition_basis":"K vs grades 9-12 (day, domestic)","edchoice":"unknown","tuition_source":"https://www.gilmour.org/admission/tuition--tuition-assistance/tuition-and-fees","tuition_status":"published","tuition_notes":"Grades 7-8 $40,385; boarding $64,895; excludes textbooks 7-12, $910 grad fee; tuition assistance available","demo_year":"2023-24","faith":"catholic","website":"https://www.gilmour.org/","district_website":null},"geometry":{"type":"Point","coordinates":[-81.43519,41.5014]}},{"type":"Feature","properties":{"id":"irn:53439","name":"Padua Franciscan","sector":"private","kind":"chartered nonpublic","district_irn":null,"district":null,"address":"6740 State Rd Parma, OH 44134","grades":"9-12","grades_guessed":true,"lo":9,"hi":12,"elem":0,"mid":0,"high":1,"enrollment":null,"pct_white":null,"pct_black":null,"pct_hispanic":null,"pct_asian":null,"pct_multi":null,"pct_other":null,"econ_dis_pct":null,"attendance":null,"chronic_abs":null,"stars_overall":null,"stars_achievement":null,"pi_pct":null,"stars_progress":null,"stars_gap":null,"stars_early_lit":null,"grad4":null,"stars_ccwmr":null,"affiliation":"Catholic (Franciscan)","st_ratio":null,"tuition_low":16150,"tuition_high":16150,"tuition_year":"2026-27","tuition_basis":"single rate, grades 9-12","edchoice":"yes","tuition_source":"https://www.paduafranciscan.com/admissions/tuition-fees","tuition_status":"published","tuition_notes":"Includes academic fees & Chromebook; $1,500 sibling discount; aid requires applying for EdChoice Expansion","demo_year":null,"faith":"catholic","website":"https://www.paduafranciscan.com/","district_website":null},"geometry":{"type":"Point","coordinates":[-81.71204,41.382121]}},{"type":"Feature","properties":{"id":"irn:53975","name":"Western Reserve Academy","sector":"private","kind":"chartered nonpublic","district_irn":null,"district":null,"address":"115 College St Hudson, OH 44236","grades":"9-12","grades_guessed":false,"lo":9,"hi":12,"elem":0,"mid":0,"high":1,"enrollment":439,"pct_white":53.8,"pct_black":6.8,"pct_hispanic":3.4,"pct_asian":25.1,"pct_multi":9.8,"pct_other":1.1,"econ_dis_pct":null,"attendance":null,"chronic_abs":null,"stars_overall":null,"stars_achievement":null,"pi_pct":null,"stars_progress":null,"stars_gap":null,"stars_early_lit":null,"grad4":null,"stars_ccwmr":null,"affiliation":"Nonsectarian independent (boarding)","st_ratio":6.6,"tuition_low":51750,"tuition_high":80000,"tuition_year":"2026-27","tuition_basis":"day vs boarding, grades 9-12","edchoice":"unknown","tuition_source":"https://www.wra.net/admission/tuition-affording-wra","tuition_status":"published","tuition_notes":"Boarding includes room and board; need-based aid","demo_year":"2023-24","faith":"secular","website":"https://www.wra.net/","district_website":null},"geometry":{"type":"Point","coordinates":[-81.437365,41.244322]}},{"type":"Feature","properties":{"id":"irn:54171","name":"Mayfair Christian School","sector":"private","kind":"chartered nonpublic","district_irn":null,"district":null,"address":"2350 Graybill Rd Uniontown, OH 44685","grades":"K-8","grades_guessed":false,"lo":0,"hi":8,"elem":1,"mid":1,"high":0,"enrollment":79,"pct_white":5.1,"pct_black":57.0,"pct_hispanic":19.0,"pct_asian":17.7,"pct_multi":1.3,"pct_other":0,"econ_dis_pct":null,"attendance":null,"chronic_abs":null,"stars_overall":null,"stars_achievement":null,"pi_pct":null,"stars_progress":null,"stars_gap":null,"stars_early_lit":null,"grad4":null,"stars_ccwmr":null,"affiliation":"Seventh-day Adventist","st_ratio":14.4,"tuition_low":6166,"tuition_high":6166,"tuition_year":"2026-27","tuition_basis":"single rate, K-8","edchoice":"yes","tuition_source":"https://assets.adventistconnect.org/mayfairs/2026/08/14153103/2026-2027-Tuition-Fees.pdf","tuition_status":"published","tuition_notes":"pass 2: Uniontown; school's 2026-27 tuition & fee PDF; tuition equals the EdChoice max; plus $100 registration and $100 operations fee; EdChoice traditional/expansion and financial aid","demo_year":"2023-24","faith":"religious","website":"https://mayfairchristianschool.com/","district_website":null},"geometry":{"type":"Point","coordinates":[-81.447271,40.953664]}},{"type":"Feature","properties":{"id":"irn:20400","name":"Yeshivas Toras Chaim","sector":"private","kind":"chartered nonpublic","district_irn":null,"district":null,"address":"1975 Lyndway Rd South Euclid, OH 44121","grades":"K-8","grades_guessed":true,"lo":0,"hi":8,"elem":1,"mid":1,"high":0,"enrollment":null,"pct_white":null,"pct_black":null,"pct_hispanic":null,"pct_asian":null,"pct_multi":null,"pct_other":null,"econ_dis_pct":null,"attendance":null,"chronic_abs":null,"stars_overall":null,"stars_achievement":null,"pi_pct":null,"stars_progress":null,"stars_gap":null,"stars_early_lit":null,"grad4":null,"stars_ccwmr":null,"affiliation":"Jewish (Orthodox)","st_ratio":null,"tuition_low":null,"tuition_high":null,"tuition_year":null,"tuition_basis":null,"edchoice":"unknown","tuition_source":null,"tuition_status":"not_found","tuition_notes":"No tuition found online. pass 2: no website found (search budget exhausted)","demo_year":null,"faith":"religious","website":null,"district_website":null},"geometry":{"type":"Point","coordinates":[-81.511887,41.506292]}},{"type":"Feature","properties":{"id":"irn:55814","name":"Our Lady Of Angels","sector":"private","kind":"chartered nonpublic","district_irn":null,"district":null,"address":"3644 Rocky River Dr Cleveland, OH 44111","grades":"PK-8","grades_guessed":false,"lo":-1,"hi":8,"elem":1,"mid":1,"high":0,"enrollment":259,"pct_white":65.6,"pct_black":8.1,"pct_hispanic":10.0,"pct_asian":7.3,"pct_multi":8.9,"pct_other":0,"econ_dis_pct":null,"attendance":null,"chronic_abs":null,"stars_overall":null,"stars_achievement":null,"pi_pct":null,"stars_progress":null,"stars_gap":null,"stars_early_lit":null,"grad4":null,"stars_ccwmr":null,"affiliation":"Catholic (Diocese of Cleveland)","st_ratio":13.6,"tuition_low":null,"tuition_high":null,"tuition_year":null,"tuition_basis":null,"edchoice":"yes","tuition_source":"https://olangels.org/school/scholarships/","tuition_status":"not_found","tuition_notes":"No rate posted; school says Cleveland, EdChoice Expansion & Jon Peterson scholarships cover tuition K-8; pass 2: nothing better - school's /tuition/ page is blank; scholarships page says Cleveland/EdChoice/Jon Peterson cover K-8 tuition","demo_year":"2023-24","faith":"catholic","website":"https://olangels.org/school/","district_website":null},"geometry":{"type":"Point","coordinates":[-81.81636,41.45533]}},{"type":"Feature","properties":{"id":"irn:56143","name":"St Mark","sector":"private","kind":"chartered nonpublic","district_irn":null,"district":null,"address":"15724 Montrose Ave Cleveland, OH 44111","grades":"PK-8","grades_guessed":false,"lo":-1,"hi":8,"elem":1,"mid":1,"high":0,"enrollment":407,"pct_white":78.4,"pct_black":2.0,"pct_hispanic":9.6,"pct_asian":0,"pct_multi":9.3,"pct_other":0.7,"econ_dis_pct":null,"attendance":null,"chronic_abs":null,"stars_overall":null,"stars_achievement":null,"pi_pct":null,"stars_progress":null,"stars_gap":null,"stars_early_lit":null,"grad4":null,"stars_ccwmr":null,"affiliation":"Catholic (Diocese of Cleveland)","st_ratio":17.0,"tuition_low":null,"tuition_high":null,"tuition_year":null,"tuition_basis":null,"edchoice":"yes","tuition_source":"https://www.stmarkwestpark.com/admissions","tuition_status":"not_found","tuition_notes":"Tuition only by calling parish office 216-226-7577; offers EdChoice Expansion, Cleveland Scholarship. pass 2: nothing better","demo_year":"2023-24","faith":"catholic","website":"https://www.stmarkwestpark.com/","district_website":null},"geometry":{"type":"Point","coordinates":[-81.80705,41.46772]}},{"type":"Feature","properties":{"id":"irn:56739","name":"Holy Family","sector":"private","kind":"chartered nonpublic","district_irn":null,"district":null,"address":"7367 York Rd Parma, OH 44130","grades":"K-8","grades_guessed":false,"lo":0,"hi":8,"elem":1,"mid":1,"high":0,"enrollment":236,"pct_white":78.4,"pct_black":2.1,"pct_hispanic":7.6,"pct_asian":2.1,"pct_multi":9.7,"pct_other":0,"econ_dis_pct":null,"attendance":null,"chronic_abs":null,"stars_overall":null,"stars_achievement":null,"pi_pct":null,"stars_progress":null,"stars_gap":null,"stars_early_lit":null,"grad4":null,"stars_ccwmr":null,"affiliation":"Catholic (Diocese of Cleveland)","st_ratio":18.3,"tuition_low":6800,"tuition_high":6800,"tuition_year":"2026-27","tuition_basis":"single rate, K-8","edchoice":"yes","tuition_source":"https://holyfamilyschoolparma.org/admissions/","tuition_status":"published","tuition_notes":"School posts EdChoice & Cleveland Scholarship forms; Elizabeth Wright tuition assistance fund","demo_year":"2023-24","faith":"catholic","website":"https://holyfamilyschoolparma.org/","district_website":null},"geometry":{"type":"Point","coordinates":[-81.759569,41.365017]}},{"type":"Feature","properties":{"id":"irn:56655","name":"Corpus Christi Academy","sector":"private","kind":"chartered nonpublic","district_irn":null,"district":null,"address":"5655 Mayfield Rd Lyndhurst, OH 44124","grades":"PK-8","grades_guessed":false,"lo":-1,"hi":8,"elem":1,"mid":1,"high":0,"enrollment":165,"pct_white":24.2,"pct_black":60.6,"pct_hispanic":9.1,"pct_asian":0,"pct_multi":6.1,"pct_other":0,"econ_dis_pct":null,"attendance":null,"chronic_abs":null,"stars_overall":null,"stars_achievement":null,"pi_pct":null,"stars_progress":null,"stars_gap":null,"stars_early_lit":null,"grad4":null,"stars_ccwmr":null,"affiliation":"Catholic (Diocese of Cleveland)","st_ratio":11.4,"tuition_low":7415,"tuition_high":7415,"tuition_year":"2026-27","tuition_basis":"single rate, K-8","edchoice":"yes","tuition_source":"https://www.corpuschristiacad.org/wp-content/uploads/2026/04/26-27-K-8-Enrollment-Form.pdf","tuition_status":"published","tuition_notes":"+$185 enrollment fee; became a Notre Dame ACE Academy for 2026-27","demo_year":"2023-24","faith":"catholic","website":"https://www.corpuschristiacad.org/","district_website":null},"geometry":{"type":"Point","coordinates":[-81.475786,41.520136]}},{"type":"Feature","properties":{"id":"irn:56887","name":"St Bernadette","sector":"private","kind":"chartered nonpublic","district_irn":null,"district":null,"address":"2300 Clague Rd Westlake, OH 44145","grades":"PK-8","grades_guessed":false,"lo":-1,"hi":8,"elem":1,"mid":1,"high":0,"enrollment":333,"pct_white":90.1,"pct_black":0,"pct_hispanic":5.1,"pct_asian":3.6,"pct_multi":1.2,"pct_other":0,"econ_dis_pct":null,"attendance":null,"chronic_abs":null,"stars_overall":null,"stars_achievement":null,"pi_pct":null,"stars_progress":null,"stars_gap":null,"stars_early_lit":null,"grad4":null,"stars_ccwmr":null,"affiliation":"Catholic (Diocese of Cleveland)","st_ratio":14.9,"tuition_low":6500,"tuition_high":6500,"tuition_year":"2026-27","tuition_basis":"single rate per student, K-8","edchoice":"unknown","tuition_source":"https://www.stbern.net/admissions","tuition_status":"published","tuition_notes":"pass 2: school's own 2026-27 rate; +$200 registration and $100 security fee per K-8 child; FACTS grant aid. Real site is stbern.net (st-bernadette.org in pass 1 is behind Cloudflare)","demo_year":"2023-24","faith":"catholic","website":"https://www.stbern.net/","district_website":null},"geometry":{"type":"Point","coordinates":[-81.88657,41.45441]}},{"type":"Feature","properties":{"id":"irn:57109","name":"St Vincent De Paul","sector":"private","kind":"chartered nonpublic","district_irn":null,"district":null,"address":"17 S Maple St Akron, OH 44303","grades":"PK-8","grades_guessed":false,"lo":-1,"hi":8,"elem":1,"mid":1,"high":0,"enrollment":198,"pct_white":54.0,"pct_black":35.9,"pct_hispanic":1.5,"pct_asian":1.0,"pct_multi":7.6,"pct_other":0,"econ_dis_pct":null,"attendance":null,"chronic_abs":null,"stars_overall":null,"stars_achievement":null,"pi_pct":null,"stars_progress":null,"stars_gap":null,"stars_early_lit":null,"grad4":null,"stars_ccwmr":null,"affiliation":"Catholic (Diocese of Cleveland)","st_ratio":14.1,"tuition_low":7000,"tuition_high":7000,"tuition_year":"2026-27","tuition_basis":"single rate per student, K-8","edchoice":"yes","tuition_source":"https://stvincentelementary.com/admission/","tuition_status":"published","tuition_notes":"pass 2: Akron; plus $225 education fee; pre-K $4,650; school links EdChoice/Jon Peterson/Autism scholarships","demo_year":"2023-24","faith":"catholic","website":"https://stvincentelementary.com/","district_website":null},"geometry":{"type":"Point","coordinates":[-81.523676,41.087396]}},{"type":"Feature","properties":{"id":"irn:57182","name":"St Augustine","sector":"private","kind":"chartered nonpublic","district_irn":null,"district":null,"address":"195 7th St NW Barberton, OH 44203","grades":"K-8","grades_guessed":false,"lo":0,"hi":8,"elem":1,"mid":1,"high":0,"enrollment":176,"pct_white":15.3,"pct_black":82.4,"pct_hispanic":2.3,"pct_asian":0,"pct_multi":0,"pct_other":0,"econ_dis_pct":null,"attendance":null,"chronic_abs":null,"stars_overall":null,"stars_achievement":null,"pi_pct":null,"stars_progress":null,"stars_gap":null,"stars_early_lit":null,"grad4":null,"stars_ccwmr":null,"affiliation":"Catholic (Diocese of Cleveland)","st_ratio":13.5,"tuition_low":7000,"tuition_high":7000,"tuition_year":"2026-27","tuition_basis":"single rate, K-8","edchoice":"yes","tuition_source":"https://www.staugschool.net/admissions/tuition.html","tuition_status":"published","tuition_notes":"pass 2: Barberton; school tuition page; need-based aid avg $2,500; parish site says EdChoice scholarships available","demo_year":"2023-24","faith":"catholic","website":"https://www.staugschool.net/","district_website":null},"geometry":{"type":"Point","coordinates":[-81.613389,41.016041]}},{"type":"Feature","properties":{"id":"irn:57232","name":"Immaculate Heart Of Mary","sector":"private","kind":"chartered nonpublic","district_irn":null,"district":null,"address":"2859 Lillis Dr Cuyahoga Falls, OH 44223","grades":"PK-8","grades_guessed":false,"lo":-1,"hi":8,"elem":1,"mid":1,"high":0,"enrollment":302,"pct_white":88.7,"pct_black":1.3,"pct_hispanic":1.0,"pct_asian":0.7,"pct_multi":8.3,"pct_other":0,"econ_dis_pct":null,"attendance":null,"chronic_abs":null,"stars_overall":null,"stars_achievement":null,"pi_pct":null,"stars_progress":null,"stars_gap":null,"stars_early_lit":null,"grad4":null,"stars_ccwmr":null,"affiliation":"Catholic (Diocese of Cleveland)","st_ratio":12.3,"tuition_low":null,"tuition_high":null,"tuition_year":null,"tuition_basis":null,"edchoice":"yes","tuition_source":"https://www.privateschoolreview.com/immaculate-heart-of-mary-school-profile/44223","tuition_status":"not_found","tuition_notes":"pass 2: nothing better; Cuyahoga Falls; school Tuition & Financial Aid page links a '2026-27 FACTS Tuition Schedule' PDF that returns 404; school says every K-8 student qualifies for EdChoice (min $650)","demo_year":"2023-24","faith":"catholic","website":"https://www.ihmgradeschool.org/","district_website":null},"geometry":{"type":"Point","coordinates":[-81.505886,41.150009]}},{"type":"Feature","properties":{"id":"irn:57406","name":"St Peter","sector":"private","kind":"chartered nonpublic","district_irn":null,"district":null,"address":"3601 Oberlin Ave Lorain, OH 44053","grades":"PK-8","grades_guessed":false,"lo":-1,"hi":8,"elem":1,"mid":1,"high":0,"enrollment":319,"pct_white":48.3,"pct_black":6.9,"pct_hispanic":34.2,"pct_asian":1.3,"pct_multi":9.4,"pct_other":0,"econ_dis_pct":null,"attendance":null,"chronic_abs":null,"stars_overall":null,"stars_achievement":null,"pi_pct":null,"stars_progress":null,"stars_gap":null,"stars_early_lit":null,"grad4":null,"stars_ccwmr":null,"affiliation":"Catholic (Diocese of Cleveland)","st_ratio":17.7,"tuition_low":6665,"tuition_high":6665,"tuition_year":"unknown","tuition_basis":"single rate (aggregator)","edchoice":"yes","tuition_source":"https://www.privateschoolreview.com/st-peter-school-profile/44053","tuition_status":"aggregator","tuition_notes":"Lorain; school site (stpeterlorain.org) shows only preschool rates; scholarships can cover full tuition; pass 2: nothing better; parish site Tuition & Fees page is empty for K-8; 2026-27 family handbook gives only $140 educational fee and $50/family registration, no tuition rate","demo_year":"2023-24","faith":"catholic","website":"https://stpeterlorain.org/school","district_website":null},"geometry":{"type":"Point","coordinates":[-82.185204,41.437844]}},{"type":"Feature","properties":{"id":"irn:57513","name":"Holy Family","sector":"private","kind":"chartered nonpublic","district_irn":null,"district":null,"address":"3163 Kent Rd Stow, OH 44224","grades":"PK-8","grades_guessed":false,"lo":-1,"hi":8,"elem":1,"mid":1,"high":0,"enrollment":397,"pct_white":91.7,"pct_black":1.8,"pct_hispanic":2.3,"pct_asian":2.8,"pct_multi":1.5,"pct_other":0,"econ_dis_pct":null,"attendance":null,"chronic_abs":null,"stars_overall":null,"stars_achievement":null,"pi_pct":null,"stars_progress":null,"stars_gap":null,"stars_early_lit":null,"grad4":null,"stars_ccwmr":null,"affiliation":"Catholic (Diocese of Cleveland)","st_ratio":15.1,"tuition_low":7250,"tuition_high":7250,"tuition_year":"2026-27","tuition_basis":"single rate, grades 1-8 (from 1-8 admission packet)","edchoice":"yes","tuition_source":"https://irp.cdn-website.com/8b68bbd6/files/uploaded/1-8+Registration.pdf","tuition_status":"published","tuition_notes":"pass 2: Stow; 'Tuition for the 2026-2027 school year is set at $7,250' in the school's scanned 2026-27 grades 1-8 admission packet; $100 registration fee; EdChoice, Jon Peterson, Angel and DTA scholarships listed","demo_year":"2023-24","faith":"catholic","website":"https://www.holyfamilyschoolstow.org/","district_website":null},"geometry":{"type":"Point","coordinates":[-81.445576,41.157897]}},{"type":"Feature","properties":{"id":"irn:53348","name":"Holy Name High School","sector":"private","kind":"chartered nonpublic","district_irn":null,"district":null,"address":"6000 Queens Hwy Parma Heights, OH 44130","grades":"9-12","grades_guessed":true,"lo":9,"hi":12,"elem":0,"mid":0,"high":1,"enrollment":null,"pct_white":null,"pct_black":null,"pct_hispanic":null,"pct_asian":null,"pct_multi":null,"pct_other":null,"econ_dis_pct":null,"attendance":null,"chronic_abs":null,"stars_overall":null,"stars_achievement":null,"pi_pct":null,"stars_progress":null,"stars_gap":null,"stars_early_lit":null,"grad4":null,"stars_ccwmr":null,"affiliation":"Catholic (Diocese of Cleveland)","st_ratio":null,"tuition_low":12300,"tuition_high":12300,"tuition_year":"2026-27","tuition_basis":"single rate, grades 9-12","edchoice":"unknown","tuition_source":"https://finalforms-documents.s3.amazonaws.com/districts/OH/holynameparmaheights-oh/email_drafts/5385/Financial%20Obligation%20Contract%202026-27.pdf","tuition_status":"published","tuition_notes":"+$255 enrollment fee; sibling discounts $1,200 / $2,500; 2% pay-in-full discount","demo_year":null,"faith":"catholic","website":"https://www.holynamehs.com/","district_website":null},"geometry":{"type":"Point","coordinates":[-81.761815,41.403616]}},{"type":"Feature","properties":{"id":"irn:60723","name":"Hawken Lower-Middle","sector":"private","kind":"chartered nonpublic","district_irn":null,"district":null,"address":"5000 Clubside Rd Lyndhurst, OH 44124","grades":"6-8","grades_guessed":true,"lo":6,"hi":8,"elem":0,"mid":1,"high":0,"enrollment":null,"pct_white":null,"pct_black":null,"pct_hispanic":null,"pct_asian":null,"pct_multi":null,"pct_other":null,"econ_dis_pct":null,"attendance":null,"chronic_abs":null,"stars_overall":null,"stars_achievement":null,"pi_pct":null,"stars_progress":null,"stars_gap":null,"stars_early_lit":null,"grad4":null,"stars_ccwmr":null,"affiliation":"Nonsectarian independent","st_ratio":null,"tuition_low":27740,"tuition_high":42270,"tuition_year":"2026-27","tuition_basis":"K vs grade 8","edchoice":"unknown","tuition_source":"https://www.hawken.edu/admission/tuition-and-making-hawken-affordable","tuition_status":"published","tuition_notes":"Lower & Middle School campus (K-8); upper school $41,990-45,185 is in Gates Mills; flexible tuition, avg family pays ~$14-16k","demo_year":null,"faith":"secular","website":"https://www.hawken.edu/","district_website":null},"geometry":{"type":"Point","coordinates":[-81.50064,41.514431]}},{"type":"Feature","properties":{"id":"irn:60954","name":"St Francis Xavier","sector":"private","kind":"chartered nonpublic","district_irn":null,"district":null,"address":"612 E Washington St Medina, OH 44256","grades":"PK-8","grades_guessed":false,"lo":-1,"hi":8,"elem":1,"mid":1,"high":0,"enrollment":352,"pct_white":94.9,"pct_black":0,"pct_hispanic":1.4,"pct_asian":0.9,"pct_multi":2.8,"pct_other":0,"econ_dis_pct":null,"attendance":null,"chronic_abs":null,"stars_overall":null,"stars_achievement":null,"pi_pct":null,"stars_progress":null,"stars_gap":null,"stars_early_lit":null,"grad4":null,"stars_ccwmr":null,"affiliation":"Catholic (Diocese of Cleveland)","st_ratio":14.8,"tuition_low":7200,"tuition_high":7500,"tuition_year":"2026-27","tuition_basis":"K-4 vs grades 5-8","edchoice":"unknown","tuition_source":"https://sfxmedina.com/school/","tuition_status":"published","tuition_notes":"$175 registration; preschool $2,500-3,000","demo_year":"2023-24","faith":"catholic","website":"https://sfxmedina.com/school/","district_website":null},"geometry":{"type":"Point","coordinates":[-81.854833,41.137692]}},{"type":"Feature","properties":{"id":"irn:68189","name":"Ramah Christian Academy","sector":"private","kind":"chartered nonpublic","district_irn":null,"district":null,"address":"4770 Lee Rd Cleveland, OH 44128","grades":"K-8","grades_guessed":false,"lo":0,"hi":8,"elem":1,"mid":1,"high":0,"enrollment":198,"pct_white":1.0,"pct_black":98.0,"pct_hispanic":1.0,"pct_asian":0,"pct_multi":0,"pct_other":0,"econ_dis_pct":null,"attendance":null,"chronic_abs":null,"stars_overall":null,"stars_achievement":null,"pi_pct":null,"stars_progress":null,"stars_gap":null,"stars_early_lit":null,"grad4":null,"stars_ccwmr":null,"affiliation":"Christian (nondenominational)","st_ratio":12.4,"tuition_low":6166,"tuition_high":6166,"tuition_year":"2026-27","tuition_basis":"single rate, K-8","edchoice":"yes","tuition_source":"https://ramahchristianacademy.org/wp-content/uploads/2026/03/Ramah-Admissions-Application-2026-27.pdf","tuition_status":"published","tuition_notes":"pass 2: from school's 2026-27 admissions application; +$25 application, $175 new-student registration; accepts Cleveland Scholarship and EdChoice","demo_year":"2023-24","faith":"religious","website":"https://ramahchristianacademy.org/","district_website":null},"geometry":{"type":"Point","coordinates":[-81.56569,41.42987]}},{"type":"Feature","properties":{"id":"irn:62471","name":"Lake Ridge Academy","sector":"private","kind":"chartered nonpublic","district_irn":null,"district":null,"address":"37501 Center Ridge Rd North Ridgeville, OH 44039","grades":"K-12","grades_guessed":false,"lo":0,"hi":12,"elem":1,"mid":1,"high":1,"enrollment":371,"pct_white":70.4,"pct_black":5.4,"pct_hispanic":1.6,"pct_asian":16.7,"pct_multi":5.9,"pct_other":0,"econ_dis_pct":null,"attendance":null,"chronic_abs":null,"stars_overall":null,"stars_achievement":null,"pi_pct":null,"stars_progress":null,"stars_gap":null,"stars_early_lit":null,"grad4":null,"stars_ccwmr":null,"affiliation":"Nonsectarian independent","st_ratio":6.6,"tuition_low":21000,"tuition_high":24000,"tuition_year":"2026-27","tuition_basis":"K-2 vs grades 10-12","edchoice":"yes","tuition_source":"https://www.lakeridgeacademy.org/admissions/tuition-and-financial-aid","tuition_status":"published","tuition_notes":"JK $15,000; 3-6 $22,000; 7-8 $23,000; $2,000 registration fee; 76% get aid incl. EdChoice","demo_year":"2023-24","faith":"secular","website":"https://www.lakeridgeacademy.org/","district_website":null},"geometry":{"type":"Point","coordinates":[-82.04037,41.38188]}},{"type":"Feature","properties":{"id":"irn:57208","name":"St Ambrose","sector":"private","kind":"chartered nonpublic","district_irn":null,"district":null,"address":"923 Pearl Rd Brunswick, OH 44212","grades":"K-8","grades_guessed":false,"lo":0,"hi":8,"elem":1,"mid":1,"high":0,"enrollment":508,"pct_white":94.1,"pct_black":0,"pct_hispanic":1.6,"pct_asian":1.0,"pct_multi":3.3,"pct_other":0,"econ_dis_pct":null,"attendance":null,"chronic_abs":null,"stars_overall":null,"stars_achievement":null,"pi_pct":null,"stars_progress":null,"stars_gap":null,"stars_early_lit":null,"grad4":null,"stars_ccwmr":null,"affiliation":"Catholic (Diocese of Cleveland)","st_ratio":19.3,"tuition_low":7800,"tuition_high":7800,"tuition_year":"2026-27","tuition_basis":"single rate per child, K-8","edchoice":"unknown","tuition_source":"https://school.saintambrosecatholic.org/admissions/tuition-tuition-assistance/","tuition_status":"published","tuition_notes":"$125 registration per child; tuition assistance; 2025-26 had multi-child rates ($7,500/6,875/6,150)","demo_year":"2023-24","faith":"catholic","website":"https://school.saintambrosecatholic.org/","district_website":null},"geometry":{"type":"Point","coordinates":[-81.841009,41.250547]}},{"type":"Feature","properties":{"id":"irn:87809","name":"Holy Cross Lutheran School","sector":"private","kind":"chartered nonpublic","district_irn":null,"district":null,"address":"4260 Rocky River Dr Cleveland, OH 44135","grades":"K-8","grades_guessed":false,"lo":0,"hi":8,"elem":1,"mid":1,"high":0,"enrollment":56,"pct_white":44.6,"pct_black":28.6,"pct_hispanic":25,"pct_asian":1.8,"pct_multi":0,"pct_other":0,"econ_dis_pct":null,"attendance":null,"chronic_abs":null,"stars_overall":null,"stars_achievement":null,"pi_pct":null,"stars_progress":null,"stars_gap":null,"stars_early_lit":null,"grad4":null,"stars_ccwmr":null,"affiliation":"Lutheran (LCMS)","st_ratio":8.9,"tuition_low":null,"tuition_high":null,"tuition_year":null,"tuition_basis":null,"edchoice":"unknown","tuition_source":"https://www.privateschoolreview.com/holy-cross-lutheran-school-profile/44135","tuition_status":"not_found","tuition_notes":"Small K-8 in Kamm's Corners; no tuition published; pass 2: nothing better","demo_year":"2023-24","faith":"religious","website":null,"district_website":null},"geometry":{"type":"Point","coordinates":[-81.82082,41.43881]}},{"type":"Feature","properties":{"id":"irn:90464","name":"Our Shepherd Evangel Lutheran","sector":"private","kind":"chartered nonpublic","district_irn":null,"district":null,"address":"508 Mentor Ave Painesville, OH 44077","grades":"K-8","grades_guessed":false,"lo":0,"hi":8,"elem":1,"mid":1,"high":0,"enrollment":112,"pct_white":37.5,"pct_black":20.5,"pct_hispanic":17.9,"pct_asian":0.9,"pct_multi":22.3,"pct_other":0.9,"econ_dis_pct":null,"attendance":null,"chronic_abs":null,"stars_overall":null,"stars_achievement":null,"pi_pct":null,"stars_progress":null,"stars_gap":null,"stars_early_lit":null,"grad4":null,"stars_ccwmr":null,"affiliation":"Lutheran","st_ratio":10.8,"tuition_low":7000,"tuition_high":7000,"tuition_year":"2026-27","tuition_basis":"single rate per student, K-8","edchoice":"yes","tuition_source":"https://www.oslpainesville.org/osl/files/Tuition%20and%20Fees%20sheet%202026-2027.pdf","tuition_status":"published","tuition_notes":"Registration $250-350 extra; EdChoice + LSGO scholarship can cover full tuition; church membership discount","demo_year":"2023-24","faith":"religious","website":"https://www.oslpainesville.org/osl/","district_website":null},"geometry":{"type":"Point","coordinates":[-81.25508,41.71778]}},{"type":"Feature","properties":{"id":"irn:113050","name":"Arlington Christian Academy","sector":"private","kind":"chartered nonpublic","district_irn":null,"district":null,"address":"539 S Arlington St Akron, OH 44306","grades":"K-8","grades_guessed":false,"lo":0,"hi":8,"elem":1,"mid":1,"high":0,"enrollment":85,"pct_white":0,"pct_black":98.8,"pct_hispanic":0,"pct_asian":0,"pct_multi":1.2,"pct_other":0,"econ_dis_pct":null,"attendance":null,"chronic_abs":null,"stars_overall":null,"stars_achievement":null,"pi_pct":null,"stars_progress":null,"stars_gap":null,"stars_early_lit":null,"grad4":null,"stars_ccwmr":null,"affiliation":"Christian","st_ratio":7.0,"tuition_low":6165,"tuition_high":6165,"tuition_year":"unknown","tuition_basis":"single rate (aggregator)","edchoice":"unknown","tuition_source":"https://www.privateschoolreview.com/arlington-christian-academy-profile","tuition_status":"aggregator","tuition_notes":"pass 2: nothing better; arlingtonchristianacademy.org is a bare Squarespace 'Coming Soon' parking page with no school name, so not counted as the school's site; aggregator figure (likely equals EdChoice max) kept","demo_year":"2023-24","faith":"religious","website":null,"district_website":null},"geometry":{"type":"Point","coordinates":[-81.490363,41.057696]}},{"type":"Feature","properties":{"id":"irn:125997","name":"Safely Home","sector":"private","kind":"chartered nonpublic","district_irn":null,"district":null,"address":"121 Center Rd Bedford, OH 44146","grades":null,"grades_guessed":false,"lo":null,"hi":null,"elem":1,"mid":1,"high":1,"enrollment":null,"pct_white":null,"pct_black":null,"pct_hispanic":null,"pct_asian":null,"pct_multi":null,"pct_other":null,"econ_dis_pct":null,"attendance":null,"chronic_abs":null,"stars_overall":null,"stars_achievement":null,"pi_pct":null,"stars_progress":null,"stars_gap":null,"stars_early_lit":null,"grad4":null,"stars_ccwmr":null,"affiliation":"Special education (behavioral) private school","st_ratio":null,"tuition_low":null,"tuition_high":null,"tuition_year":null,"tuition_basis":null,"edchoice":"unknown","tuition_source":"https://www.safelyhome.org/safely-home-school/","tuition_status":"not_found","tuition_notes":"Specialized behavioral/therapeutic program gr 4-11, not a general-admission school; no tuition posted. pass 2: nothing better (homepage domain dead; school page live over http only)","demo_year":null,"faith":"religious","website":"http://www.safelyhome.org/safely-home-school/","district_website":null},"geometry":{"type":"Point","coordinates":[-81.53748,41.39621]}},{"type":"Feature","properties":{"id":"irn:132696","name":"Hershey Montessori Farm School","sector":"private","kind":"chartered nonpublic","district_irn":null,"district":null,"address":"11530 Madison Rd Huntsburg, OH 44046","grades":"K-5","grades_guessed":true,"lo":0,"hi":5,"elem":1,"mid":0,"high":0,"enrollment":null,"pct_white":null,"pct_black":null,"pct_hispanic":null,"pct_asian":null,"pct_multi":null,"pct_other":null,"econ_dis_pct":null,"attendance":null,"chronic_abs":null,"stars_overall":null,"stars_achievement":null,"pi_pct":null,"stars_progress":null,"stars_gap":null,"stars_early_lit":null,"grad4":null,"stars_ccwmr":null,"affiliation":"Montessori","st_ratio":null,"tuition_low":21141,"tuition_high":31815,"tuition_year":"2026-27","tuition_basis":"middle school day vs upper school day (boarding 53,806-73,349)","edchoice":"yes","tuition_source":"https://hershey-montessori.org/admissions/tuition/","tuition_status":"published","tuition_notes":"Huntsburg adolescent campus ages 12-18; totals include classroom fees; boarding available; financial aid","demo_year":null,"faith":"secular","website":"https://hershey-montessori.org/","district_website":null},"geometry":{"type":"Point","coordinates":[-81.05678,41.55803]}},{"type":"Feature","properties":{"id":"ppin:01058741","name":"Our Lady Of The Elms Elementary School","sector":"private","kind":"private","district_irn":null,"district":null,"address":"1290 W Market St, Akron, OH 44313","grades":"PK-12","grades_guessed":false,"lo":-1,"hi":12,"elem":1,"mid":1,"high":1,"enrollment":340,"pct_white":52.6,"pct_black":41.8,"pct_hispanic":2.6,"pct_asian":2.9,"pct_multi":0,"pct_other":0,"econ_dis_pct":null,"attendance":null,"chronic_abs":null,"stars_overall":null,"stars_achievement":null,"pi_pct":null,"stars_progress":null,"stars_gap":null,"stars_early_lit":null,"grad4":null,"stars_ccwmr":null,"affiliation":"Catholic (Dominican Sisters, all-girls)","st_ratio":8.9,"tuition_low":9000,"tuition_high":10150,"tuition_year":"2025-26","tuition_basis":"K-5 vs grades 6-8","edchoice":"unknown","tuition_source":"https://www.theelms.org/tuition-and-financial-aid","tuition_status":"published","tuition_notes":"Elementary division of Our Lady of the Elms (same campus area); plus $550 educational fee","demo_year":"2023-24","faith":"catholic","website":"https://www.theelms.org/","district_website":null},"geometry":{"type":"Point","coordinates":[-81.55697,41.103468]}},{"type":"Feature","properties":{"id":"ppin:01614814","name":"Heritage Christian School","sector":"private","kind":"private","district_irn":null,"district":null,"address":"4403 Tiedeman Rd Back, Brooklyn, OH 44144","grades":"PK-12","grades_guessed":false,"lo":-1,"hi":12,"elem":1,"mid":1,"high":1,"enrollment":279,"pct_white":85.3,"pct_black":1.1,"pct_hispanic":6.8,"pct_asian":0.7,"pct_multi":6.1,"pct_other":0,"econ_dis_pct":null,"attendance":null,"chronic_abs":null,"stars_overall":null,"stars_achievement":null,"pi_pct":null,"stars_progress":null,"stars_gap":null,"stars_early_lit":null,"grad4":null,"stars_ccwmr":null,"affiliation":"Christian (Baptist)","st_ratio":14.2,"tuition_low":4350,"tuition_high":4350,"tuition_year":"unknown","tuition_basis":"single rate (aggregator), top grade","edchoice":"unknown","tuition_source":"https://www.niche.com/k12/heritage-christian-school-brooklyn-oh/","tuition_status":"aggregator","tuition_notes":"PK-12; no school-published rate found; aggregator figure may be stale; pass 2: nothing better","demo_year":"2023-24","faith":"religious","website":null,"district_website":null},"geometry":{"type":"Point","coordinates":[-81.756301,41.43739]}},{"type":"Feature","properties":{"id":"ppin:A0990098","name":"Avon Montessori Academy","sector":"private","kind":"private","district_irn":null,"district":null,"address":"37701 Colorado Ave C, Avon, OH 44011","grades":"PK-5","grades_guessed":false,"lo":-1,"hi":5,"elem":1,"mid":0,"high":0,"enrollment":22,"pct_white":50,"pct_black":9.1,"pct_hispanic":13.6,"pct_asian":9.1,"pct_multi":18.2,"pct_other":0,"econ_dis_pct":null,"attendance":null,"chronic_abs":null,"stars_overall":null,"stars_achievement":null,"pi_pct":null,"stars_progress":null,"stars_gap":null,"stars_early_lit":null,"grad4":null,"stars_ccwmr":null,"affiliation":"Nonsectarian","st_ratio":7.3,"tuition_low":null,"tuition_high":null,"tuition_year":null,"tuition_basis":null,"edchoice":null,"tuition_source":null,"tuition_status":null,"tuition_notes":null,"demo_year":"2023-24","faith":"secular","website":null,"district_website":null},"geometry":{"type":"Point","coordinates":[-82.04186,41.457785]}},{"type":"Feature","properties":{"id":"ppin:A1302248","name":"Barnes Corner","sector":"private","kind":"private","district_irn":null,"district":null,"address":"13352 Madison Rd, Middlefield, OH 44062","grades":"1-8","grades_guessed":false,"lo":1,"hi":8,"elem":1,"mid":1,"high":0,"enrollment":31,"pct_white":100,"pct_black":0,"pct_hispanic":0,"pct_asian":0,"pct_multi":0,"pct_other":0,"econ_dis_pct":null,"attendance":null,"chronic_abs":null,"stars_overall":null,"stars_achievement":null,"pi_pct":null,"stars_progress":null,"stars_gap":null,"stars_early_lit":null,"grad4":null,"stars_ccwmr":null,"affiliation":"Amish","st_ratio":15.5,"tuition_low":null,"tuition_high":null,"tuition_year":null,"tuition_basis":null,"edchoice":null,"tuition_source":null,"tuition_status":null,"tuition_notes":null,"demo_year":"2023-24","faith":"religious","website":null,"district_website":null},"geometry":{"type":"Point","coordinates":[-81.052526,41.50574]}},{"type":"Feature","properties":{"id":"ppin:A1302280","name":"Clearview","sector":"private","kind":"private","district_irn":null,"district":null,"address":"15401 Patch Rd, Middlefield, OH 44062","grades":"1-8","grades_guessed":false,"lo":1,"hi":8,"elem":1,"mid":1,"high":0,"enrollment":24,"pct_white":100,"pct_black":0,"pct_hispanic":0,"pct_asian":0,"pct_multi":0,"pct_other":0,"econ_dis_pct":null,"attendance":null,"chronic_abs":null,"stars_overall":null,"stars_achievement":null,"pi_pct":null,"stars_progress":null,"stars_gap":null,"stars_early_lit":null,"grad4":null,"stars_ccwmr":null,"affiliation":"Amish","st_ratio":12,"tuition_low":null,"tuition_high":null,"tuition_year":null,"tuition_basis":null,"edchoice":null,"tuition_source":null,"tuition_status":null,"tuition_notes":null,"demo_year":"2023-24","faith":"religious","website":null,"district_website":null},"geometry":{"type":"Point","coordinates":[-81.09203,41.411469]}},{"type":"Feature","properties":{"id":"ppin:A1302285","name":"Country Corner","sector":"private","kind":"private","district_irn":null,"district":null,"address":"17220 Bundysburg Rd, Middlefield, OH 44062","grades":"1-8","grades_guessed":false,"lo":1,"hi":8,"elem":1,"mid":1,"high":0,"enrollment":38,"pct_white":100,"pct_black":0,"pct_hispanic":0,"pct_asian":0,"pct_multi":0,"pct_other":0,"econ_dis_pct":null,"attendance":null,"chronic_abs":null,"stars_overall":null,"stars_achievement":null,"pi_pct":null,"stars_progress":null,"stars_gap":null,"stars_early_lit":null,"grad4":null,"stars_ccwmr":null,"affiliation":"Amish","st_ratio":19,"tuition_low":null,"tuition_high":null,"tuition_year":null,"tuition_basis":null,"edchoice":null,"tuition_source":null,"tuition_status":null,"tuition_notes":null,"demo_year":"2023-24","faith":"religious","website":null,"district_website":null},"geometry":{"type":"Point","coordinates":[-81.03628,41.402452]}},{"type":"Feature","properties":{"id":"ppin:A1302287","name":"Country Crossroads School","sector":"private","kind":"private","district_irn":null,"district":null,"address":"11925 Hunt Rd, Huntsburg, OH 44046","grades":"1-8","grades_guessed":false,"lo":1,"hi":8,"elem":1,"mid":1,"high":0,"enrollment":41,"pct_white":100,"pct_black":0,"pct_hispanic":0,"pct_asian":0,"pct_multi":0,"pct_other":0,"econ_dis_pct":null,"attendance":null,"chronic_abs":null,"stars_overall":null,"stars_achievement":null,"pi_pct":null,"stars_progress":null,"stars_gap":null,"stars_early_lit":null,"grad4":null,"stars_ccwmr":null,"affiliation":"Amish","st_ratio":20.5,"tuition_low":null,"tuition_high":null,"tuition_year":null,"tuition_basis":null,"edchoice":null,"tuition_source":null,"tuition_status":null,"tuition_notes":null,"demo_year":"2023-24","faith":"religious","website":null,"district_website":null},"geometry":{"type":"Point","coordinates":[-81.03149,41.547798]}},{"type":"Feature","properties":{"id":"ppin:A1302328","name":"Georgia Road","sector":"private","kind":"private","district_irn":null,"district":null,"address":"15067 Georgia Rd, Middlefield, OH 44062","grades":"1-8","grades_guessed":false,"lo":1,"hi":8,"elem":1,"mid":1,"high":0,"enrollment":32,"pct_white":100,"pct_black":0,"pct_hispanic":0,"pct_asian":0,"pct_multi":0,"pct_other":0,"econ_dis_pct":null,"attendance":null,"chronic_abs":null,"stars_overall":null,"stars_achievement":null,"pi_pct":null,"stars_progress":null,"stars_gap":null,"stars_early_lit":null,"grad4":null,"stars_ccwmr":null,"affiliation":"Christian (no specific denomination)","st_ratio":16,"tuition_low":null,"tuition_high":null,"tuition_year":null,"tuition_basis":null,"edchoice":null,"tuition_source":null,"tuition_status":null,"tuition_notes":null,"demo_year":"2023-24","faith":"religious","website":null,"district_website":null},"geometry":{"type":"Point","coordinates":[-81.104873,41.450848]}},{"type":"Feature","properties":{"id":"ppin:A1302339","name":"Hickory Grove","sector":"private","kind":"private","district_irn":null,"district":null,"address":"16494 Swine Creek Rd, Middlefield, OH 44062","grades":"1-8","grades_guessed":false,"lo":1,"hi":8,"elem":1,"mid":1,"high":0,"enrollment":35,"pct_white":100,"pct_black":0,"pct_hispanic":0,"pct_asian":0,"pct_multi":0,"pct_other":0,"econ_dis_pct":null,"attendance":null,"chronic_abs":null,"stars_overall":null,"stars_achievement":null,"pi_pct":null,"stars_progress":null,"stars_gap":null,"stars_early_lit":null,"grad4":null,"stars_ccwmr":null,"affiliation":"Amish","st_ratio":17.5,"tuition_low":null,"tuition_high":null,"tuition_year":null,"tuition_basis":null,"edchoice":null,"tuition_source":null,"tuition_status":null,"tuition_notes":null,"demo_year":"2023-24","faith":"religious","website":null,"district_website":null},"geometry":{"type":"Point","coordinates":[-81.054672,41.438481]}},{"type":"Feature","properties":{"id":"ppin:A1302351","name":"Hosmer Road","sector":"private","kind":"private","district_irn":null,"district":null,"address":"16945 Hosmer Rd, Middlefield, OH 44062","grades":"1-8","grades_guessed":false,"lo":1,"hi":8,"elem":1,"mid":1,"high":0,"enrollment":42,"pct_white":100,"pct_black":0,"pct_hispanic":0,"pct_asian":0,"pct_multi":0,"pct_other":0,"econ_dis_pct":null,"attendance":null,"chronic_abs":null,"stars_overall":null,"stars_achievement":null,"pi_pct":null,"stars_progress":null,"stars_gap":null,"stars_early_lit":null,"grad4":null,"stars_ccwmr":null,"affiliation":"Christian (no specific denomination)","st_ratio":21,"tuition_low":null,"tuition_high":null,"tuition_year":null,"tuition_basis":null,"edchoice":null,"tuition_source":null,"tuition_status":null,"tuition_notes":null,"demo_year":"2023-24","faith":"religious","website":null,"district_website":null},"geometry":{"type":"Point","coordinates":[-81.050607,41.408656]}},{"type":"Feature","properties":{"id":"ppin:A1302395","name":"Meadow Glow Amish Parochial School","sector":"private","kind":"private","district_irn":null,"district":null,"address":"14400 Burton Windsor Rd, Burton, OH 44021","grades":"1-8","grades_guessed":false,"lo":1,"hi":8,"elem":1,"mid":1,"high":0,"enrollment":25,"pct_white":100,"pct_black":0,"pct_hispanic":0,"pct_asian":0,"pct_multi":0,"pct_other":0,"econ_dis_pct":null,"attendance":null,"chronic_abs":null,"stars_overall":null,"stars_achievement":null,"pi_pct":null,"stars_progress":null,"stars_gap":null,"stars_early_lit":null,"grad4":null,"stars_ccwmr":null,"affiliation":"Amish","st_ratio":12.5,"tuition_low":null,"tuition_high":null,"tuition_year":null,"tuition_basis":null,"edchoice":null,"tuition_source":null,"tuition_status":null,"tuition_notes":null,"demo_year":"2023-24","faith":"religious","website":null,"district_website":null},"geometry":{"type":"Point","coordinates":[-81.126798,41.482239]}},{"type":"Feature","properties":{"id":"ppin:A1302413","name":"Mumford Road School","sector":"private","kind":"private","district_irn":null,"district":null,"address":"16480 Mumford Rd, Barton, OH 44021","grades":"1-8","grades_guessed":false,"lo":1,"hi":8,"elem":1,"mid":1,"high":0,"enrollment":22,"pct_white":100,"pct_black":0,"pct_hispanic":0,"pct_asian":0,"pct_multi":0,"pct_other":0,"econ_dis_pct":null,"attendance":null,"chronic_abs":null,"stars_overall":null,"stars_achievement":null,"pi_pct":null,"stars_progress":null,"stars_gap":null,"stars_early_lit":null,"grad4":null,"stars_ccwmr":null,"affiliation":"Amish","st_ratio":11,"tuition_low":null,"tuition_high":null,"tuition_year":null,"tuition_basis":null,"edchoice":null,"tuition_source":null,"tuition_status":null,"tuition_notes":null,"demo_year":"2023-24","faith":"religious","website":null,"district_website":null},"geometry":{"type":"Point","coordinates":[-81.108534,41.421562]}},{"type":"Feature","properties":{"id":"ppin:A1302424","name":"Newcomb Road","sector":"private","kind":"private","district_irn":null,"district":null,"address":"15481 Newcomb Rd, Middlefield, OH 44062","grades":"1-8","grades_guessed":false,"lo":1,"hi":8,"elem":1,"mid":1,"high":0,"enrollment":33,"pct_white":100,"pct_black":0,"pct_hispanic":0,"pct_asian":0,"pct_multi":0,"pct_other":0,"econ_dis_pct":null,"attendance":null,"chronic_abs":null,"stars_overall":null,"stars_achievement":null,"pi_pct":null,"stars_progress":null,"stars_gap":null,"stars_early_lit":null,"grad4":null,"stars_ccwmr":null,"affiliation":"Amish","st_ratio":16.5,"tuition_low":null,"tuition_high":null,"tuition_year":null,"tuition_basis":null,"edchoice":null,"tuition_source":null,"tuition_status":null,"tuition_notes":null,"demo_year":"2023-24","faith":"religious","website":null,"district_website":null},"geometry":{"type":"Point","coordinates":[-81.080484,41.447839]}},{"type":"Feature","properties":{"id":"ppin:A1302447","name":"Parkman Parochial","sector":"private","kind":"private","district_irn":null,"district":null,"address":"17120 Newcomb Rd, Middlefield, OH 44062","grades":"1-8","grades_guessed":false,"lo":1,"hi":8,"elem":1,"mid":1,"high":0,"enrollment":40,"pct_white":100,"pct_black":0,"pct_hispanic":0,"pct_asian":0,"pct_multi":0,"pct_other":0,"econ_dis_pct":null,"attendance":null,"chronic_abs":null,"stars_overall":null,"stars_achievement":null,"pi_pct":null,"stars_progress":null,"stars_gap":null,"stars_early_lit":null,"grad4":null,"stars_ccwmr":null,"affiliation":"Amish","st_ratio":20,"tuition_low":null,"tuition_high":null,"tuition_year":null,"tuition_basis":null,"edchoice":null,"tuition_source":null,"tuition_status":null,"tuition_notes":null,"demo_year":"2023-24","faith":"religious","website":null,"district_website":null},"geometry":{"type":"Point","coordinates":[-81.080536,41.403631]}},{"type":"Feature","properties":{"id":"ppin:A1302448","name":"Parkside","sector":"private","kind":"private","district_irn":null,"district":null,"address":"17109 Bridge Rd, Middlefield, OH 44062","grades":"1-8","grades_guessed":false,"lo":1,"hi":8,"elem":1,"mid":1,"high":0,"enrollment":33,"pct_white":100,"pct_black":0,"pct_hispanic":0,"pct_asian":0,"pct_multi":0,"pct_other":0,"econ_dis_pct":null,"attendance":null,"chronic_abs":null,"stars_overall":null,"stars_achievement":null,"pi_pct":null,"stars_progress":null,"stars_gap":null,"stars_early_lit":null,"grad4":null,"stars_ccwmr":null,"affiliation":"Amish","st_ratio":16.5,"tuition_low":null,"tuition_high":null,"tuition_year":null,"tuition_basis":null,"edchoice":null,"tuition_source":null,"tuition_status":null,"tuition_notes":null,"demo_year":"2023-24","faith":"religious","website":null,"district_website":null},"geometry":{"type":"Point","coordinates":[-81.032034,41.443026]}},{"type":"Feature","properties":{"id":"ppin:A1302452","name":"Peters Road","sector":"private","kind":"private","district_irn":null,"district":null,"address":"17288 Peters Rd, Middlefield, OH 44062","grades":"1-8","grades_guessed":false,"lo":1,"hi":8,"elem":1,"mid":1,"high":0,"enrollment":40,"pct_white":100,"pct_black":0,"pct_hispanic":0,"pct_asian":0,"pct_multi":0,"pct_other":0,"econ_dis_pct":null,"attendance":null,"chronic_abs":null,"stars_overall":null,"stars_achievement":null,"pi_pct":null,"stars_progress":null,"stars_gap":null,"stars_early_lit":null,"grad4":null,"stars_ccwmr":null,"affiliation":"Amish","st_ratio":20,"tuition_low":null,"tuition_high":null,"tuition_year":null,"tuition_basis":null,"edchoice":null,"tuition_source":null,"tuition_status":null,"tuition_notes":null,"demo_year":"2023-24","faith":"religious","website":null,"district_website":null},"geometry":{"type":"Point","coordinates":[-81.0258,41.496651]}},{"type":"Feature","properties":{"id":"ppin:A1302458","name":"8640","sector":"private","kind":"private","district_irn":null,"district":null,"address":"8640 Bundysburg Rd, Middlefield, OH 44062","grades":"1-8","grades_guessed":false,"lo":1,"hi":8,"elem":1,"mid":1,"high":0,"enrollment":34,"pct_white":100,"pct_black":0,"pct_hispanic":0,"pct_asian":0,"pct_multi":0,"pct_other":0,"econ_dis_pct":null,"attendance":null,"chronic_abs":null,"stars_overall":null,"stars_achievement":null,"pi_pct":null,"stars_progress":null,"stars_gap":null,"stars_early_lit":null,"grad4":null,"stars_ccwmr":null,"affiliation":"Amish","st_ratio":17,"tuition_low":null,"tuition_high":null,"tuition_year":null,"tuition_basis":null,"edchoice":null,"tuition_source":null,"tuition_status":null,"tuition_notes":null,"demo_year":"2023-24","faith":"religious","website":null,"district_website":null},"geometry":{"type":"Point","coordinates":[-81.003855,41.455977]}},{"type":"Feature","properties":{"id":"ppin:A1302461","name":"Pleasant Valley","sector":"private","kind":"private","district_irn":null,"district":null,"address":"16092 Burton Windsor Rd, Middlefield, OH 44062","grades":"1-8","grades_guessed":false,"lo":1,"hi":8,"elem":1,"mid":1,"high":0,"enrollment":31,"pct_white":100,"pct_black":0,"pct_hispanic":0,"pct_asian":0,"pct_multi":0,"pct_other":0,"econ_dis_pct":null,"attendance":null,"chronic_abs":null,"stars_overall":null,"stars_achievement":null,"pi_pct":null,"stars_progress":null,"stars_gap":null,"stars_early_lit":null,"grad4":null,"stars_ccwmr":null,"affiliation":"Amish","st_ratio":15.5,"tuition_low":null,"tuition_high":null,"tuition_year":null,"tuition_basis":null,"edchoice":null,"tuition_source":null,"tuition_status":null,"tuition_notes":null,"demo_year":"2023-24","faith":"religious","website":null,"district_website":null},"geometry":{"type":"Point","coordinates":[-81.068573,41.501719]}},{"type":"Feature","properties":{"id":"ppin:A1302467","name":"Prairie Lane","sector":"private","kind":"private","district_irn":null,"district":null,"address":"17190 Reeves Rd, Middlefield, OH 44062","grades":"1-8","grades_guessed":false,"lo":1,"hi":8,"elem":1,"mid":1,"high":0,"enrollment":44,"pct_white":100,"pct_black":0,"pct_hispanic":0,"pct_asian":0,"pct_multi":0,"pct_other":0,"econ_dis_pct":null,"attendance":null,"chronic_abs":null,"stars_overall":null,"stars_achievement":null,"pi_pct":null,"stars_progress":null,"stars_gap":null,"stars_early_lit":null,"grad4":null,"stars_ccwmr":null,"affiliation":"Amish","st_ratio":22,"tuition_low":null,"tuition_high":null,"tuition_year":null,"tuition_basis":null,"edchoice":null,"tuition_source":null,"tuition_status":null,"tuition_notes":null,"demo_year":"2023-24","faith":"religious","website":null,"district_website":null},"geometry":{"type":"Point","coordinates":[-81.028588,41.416297]}},{"type":"Feature","properties":{"id":"ppin:A1302487","name":"Scout Ridge School","sector":"private","kind":"private","district_irn":null,"district":null,"address":"18000 Madison Rd, Garrettsville, OH 44231","grades":"1-8","grades_guessed":false,"lo":1,"hi":8,"elem":1,"mid":1,"high":0,"enrollment":34,"pct_white":100,"pct_black":0,"pct_hispanic":0,"pct_asian":0,"pct_multi":0,"pct_other":0,"econ_dis_pct":null,"attendance":null,"chronic_abs":null,"stars_overall":null,"stars_achievement":null,"pi_pct":null,"stars_progress":null,"stars_gap":null,"stars_early_lit":null,"grad4":null,"stars_ccwmr":null,"affiliation":"Amish","st_ratio":13.1,"tuition_low":null,"tuition_high":null,"tuition_year":null,"tuition_basis":null,"edchoice":null,"tuition_source":null,"tuition_status":null,"tuition_notes":null,"demo_year":"2023-24","faith":"religious","website":null,"district_website":null},"geometry":{"type":"Point","coordinates":[-81.06462,41.380231]}},{"type":"Feature","properties":{"id":"ppin:A1302499","name":"Troy Mill Lane School","sector":"private","kind":"private","district_irn":null,"district":null,"address":"17093 Kinsman Rd, Middlefield, OH 44062","grades":"1-8","grades_guessed":false,"lo":1,"hi":8,"elem":1,"mid":1,"high":0,"enrollment":30,"pct_white":100,"pct_black":0,"pct_hispanic":0,"pct_asian":0,"pct_multi":0,"pct_other":0,"econ_dis_pct":null,"attendance":null,"chronic_abs":null,"stars_overall":null,"stars_achievement":null,"pi_pct":null,"stars_progress":null,"stars_gap":null,"stars_early_lit":null,"grad4":null,"stars_ccwmr":null,"affiliation":"Amish","st_ratio":15,"tuition_low":null,"tuition_high":null,"tuition_year":null,"tuition_basis":null,"edchoice":null,"tuition_source":null,"tuition_status":null,"tuition_notes":null,"demo_year":"2023-24","faith":"religious","website":null,"district_website":null},"geometry":{"type":"Point","coordinates":[-81.032525,41.453309]}},{"type":"Feature","properties":{"id":"ppin:A1302527","name":"Stillwell Country School","sector":"private","kind":"private","district_irn":null,"district":null,"address":"11733 Princeton Rd, Huntsburg, OH 44046","grades":"1-8","grades_guessed":false,"lo":1,"hi":8,"elem":1,"mid":1,"high":0,"enrollment":36,"pct_white":100,"pct_black":0,"pct_hispanic":0,"pct_asian":0,"pct_multi":0,"pct_other":0,"econ_dis_pct":null,"attendance":null,"chronic_abs":null,"stars_overall":null,"stars_achievement":null,"pi_pct":null,"stars_progress":null,"stars_gap":null,"stars_early_lit":null,"grad4":null,"stars_ccwmr":null,"affiliation":"Amish","st_ratio":12,"tuition_low":null,"tuition_high":null,"tuition_year":null,"tuition_basis":null,"edchoice":null,"tuition_source":null,"tuition_status":null,"tuition_notes":null,"demo_year":"2023-24","faith":"religious","website":null,"district_website":null},"geometry":{"type":"Point","coordinates":[-81.089339,41.553034]}},{"type":"Feature","properties":{"id":"ppin:A1302545","name":"Tare Creek School","sector":"private","kind":"private","district_irn":null,"district":null,"address":"12689 Clay St, Middlefield, OH 44062","grades":"1-8","grades_guessed":false,"lo":1,"hi":8,"elem":1,"mid":1,"high":0,"enrollment":34,"pct_white":100,"pct_black":0,"pct_hispanic":0,"pct_asian":0,"pct_multi":0,"pct_other":0,"econ_dis_pct":null,"attendance":null,"chronic_abs":null,"stars_overall":null,"stars_achievement":null,"pi_pct":null,"stars_progress":null,"stars_gap":null,"stars_early_lit":null,"grad4":null,"stars_ccwmr":null,"affiliation":"Amish","st_ratio":17,"tuition_low":null,"tuition_high":null,"tuition_year":null,"tuition_basis":null,"edchoice":null,"tuition_source":null,"tuition_status":null,"tuition_notes":null,"demo_year":"2023-24","faith":"religious","website":null,"district_website":null},"geometry":{"type":"Point","coordinates":[-81.069486,41.525956]}},{"type":"Feature","properties":{"id":"ppin:A1302552","name":"Troy Parochial School","sector":"private","kind":"private","district_irn":null,"district":null,"address":"14570 Patch Rd, Burton, OH 44021","grades":"1-8","grades_guessed":false,"lo":1,"hi":8,"elem":1,"mid":1,"high":0,"enrollment":21,"pct_white":100,"pct_black":0,"pct_hispanic":0,"pct_asian":0,"pct_multi":0,"pct_other":0,"econ_dis_pct":null,"attendance":null,"chronic_abs":null,"stars_overall":null,"stars_achievement":null,"pi_pct":null,"stars_progress":null,"stars_gap":null,"stars_early_lit":null,"grad4":null,"stars_ccwmr":null,"affiliation":"Amish","st_ratio":10.5,"tuition_low":null,"tuition_high":null,"tuition_year":null,"tuition_basis":null,"edchoice":null,"tuition_source":null,"tuition_status":null,"tuition_notes":null,"demo_year":"2023-24","faith":"religious","website":null,"district_website":null},"geometry":{"type":"Point","coordinates":[-81.120218,41.408247]}},{"type":"Feature","properties":{"id":"ppin:A1502786","name":"Academy Of The Immaculate Heart Of Mary","sector":"private","kind":"private","district_irn":null,"district":null,"address":"2933 Chenoweth Rd, Akron, OH 44312","grades":"3-9","grades_guessed":false,"lo":3,"hi":9,"elem":1,"mid":1,"high":1,"enrollment":3,"pct_white":100,"pct_black":0,"pct_hispanic":0,"pct_asian":0,"pct_multi":0,"pct_other":0,"econ_dis_pct":null,"attendance":null,"chronic_abs":null,"stars_overall":null,"stars_achievement":null,"pi_pct":null,"stars_progress":null,"stars_gap":null,"stars_early_lit":null,"grad4":null,"stars_ccwmr":null,"affiliation":"Catholic","st_ratio":1.5,"tuition_low":null,"tuition_high":null,"tuition_year":null,"tuition_basis":null,"edchoice":null,"tuition_source":null,"tuition_status":null,"tuition_notes":null,"demo_year":"2023-24","faith":"catholic","website":null,"district_website":null},"geometry":{"type":"Point","coordinates":[-81.487994,40.988686]}},{"type":"Feature","properties":{"id":"ppin:A1502791","name":"Amish Private School #1","sector":"private","kind":"private","district_irn":null,"district":null,"address":"12677 Black River School Rd, Homerville, OH 44235","grades":"1-8","grades_guessed":false,"lo":1,"hi":8,"elem":1,"mid":1,"high":0,"enrollment":21,"pct_white":100,"pct_black":0,"pct_hispanic":0,"pct_asian":0,"pct_multi":0,"pct_other":0,"econ_dis_pct":null,"attendance":null,"chronic_abs":null,"stars_overall":null,"stars_achievement":null,"pi_pct":null,"stars_progress":null,"stars_gap":null,"stars_early_lit":null,"grad4":null,"stars_ccwmr":null,"affiliation":"Amish","st_ratio":11.1,"tuition_low":null,"tuition_high":null,"tuition_year":null,"tuition_basis":null,"edchoice":null,"tuition_source":null,"tuition_status":null,"tuition_notes":null,"demo_year":"2023-24","faith":"religious","website":null,"district_website":null},"geometry":{"type":"Point","coordinates":[-82.146713,41.056846]}},{"type":"Feature","properties":{"id":"ppin:A1502850","name":"Eastview Amish School","sector":"private","kind":"private","district_irn":null,"district":null,"address":"11475 Black River School Rd, Homerville, OH 44235","grades":"1-8","grades_guessed":false,"lo":1,"hi":8,"elem":1,"mid":1,"high":0,"enrollment":30,"pct_white":100,"pct_black":0,"pct_hispanic":0,"pct_asian":0,"pct_multi":0,"pct_other":0,"econ_dis_pct":null,"attendance":null,"chronic_abs":null,"stars_overall":null,"stars_achievement":null,"pi_pct":null,"stars_progress":null,"stars_gap":null,"stars_early_lit":null,"grad4":null,"stars_ccwmr":null,"affiliation":"Amish","st_ratio":15.8,"tuition_low":null,"tuition_high":null,"tuition_year":null,"tuition_basis":null,"edchoice":null,"tuition_source":null,"tuition_status":null,"tuition_notes":null,"demo_year":"2023-24","faith":"religious","website":null,"district_website":null},"geometry":{"type":"Point","coordinates":[-82.105131,41.056463]}},{"type":"Feature","properties":{"id":"ppin:A1502938","name":"New Life Christian Academy","sector":"private","kind":"private","district_irn":null,"district":null,"address":"4080 Call Rd, Perry, OH 44081","grades":"K-12","grades_guessed":false,"lo":0,"hi":12,"elem":1,"mid":1,"high":1,"enrollment":50,"pct_white":96,"pct_black":2,"pct_hispanic":0,"pct_asian":2,"pct_multi":0,"pct_other":0,"econ_dis_pct":null,"attendance":null,"chronic_abs":null,"stars_overall":null,"stars_achievement":null,"pi_pct":null,"stars_progress":null,"stars_gap":null,"stars_early_lit":null,"grad4":null,"stars_ccwmr":null,"affiliation":"Christian (New Life Church)","st_ratio":8.3,"tuition_low":null,"tuition_high":null,"tuition_year":null,"tuition_basis":null,"edchoice":"no","tuition_source":"https://newlifeinchrist.com/home/academy/","tuition_status":"not_found","tuition_notes":"Tuition not posted (call); school says it cannot yet accept EdChoice and is transitioning to become an Ohio charter school; pass 2: nothing better; church academy page FAQ: tuition by phone; becoming an Ohio chartered nonpublic school (expected 2026) so it can take EdChoice","demo_year":"2023-24","faith":"religious","website":"https://newlifeinchrist.com/home/academy/","district_website":null},"geometry":{"type":"Point","coordinates":[-81.129591,41.76163]}},{"type":"Feature","properties":{"id":"ppin:A1702860","name":"Johnsons Corner","sector":"private","kind":"private","district_irn":null,"district":null,"address":"15480 Burton Windsor Rd, Middlefield, OH 44062","grades":"1-8","grades_guessed":false,"lo":1,"hi":8,"elem":1,"mid":1,"high":0,"enrollment":32,"pct_white":100,"pct_black":0,"pct_hispanic":0,"pct_asian":0,"pct_multi":0,"pct_other":0,"econ_dis_pct":null,"attendance":null,"chronic_abs":null,"stars_overall":null,"stars_achievement":null,"pi_pct":null,"stars_progress":null,"stars_gap":null,"stars_early_lit":null,"grad4":null,"stars_ccwmr":null,"affiliation":"Amish","st_ratio":16,"tuition_low":null,"tuition_high":null,"tuition_year":null,"tuition_basis":null,"edchoice":null,"tuition_source":null,"tuition_status":null,"tuition_notes":null,"demo_year":"2023-24","faith":"religious","website":null,"district_website":null},"geometry":{"type":"Point","coordinates":[-81.088484,41.489705]}},{"type":"Feature","properties":{"id":"ppin:A1702890","name":"Shadow Ridge","sector":"private","kind":"private","district_irn":null,"district":null,"address":"18744 Hobart Rd, W Farmington, OH 44491","grades":"1-7","grades_guessed":false,"lo":1,"hi":7,"elem":1,"mid":1,"high":0,"enrollment":26,"pct_white":100,"pct_black":0,"pct_hispanic":0,"pct_asian":0,"pct_multi":0,"pct_other":0,"econ_dis_pct":null,"attendance":null,"chronic_abs":null,"stars_overall":null,"stars_achievement":null,"pi_pct":null,"stars_progress":null,"stars_gap":null,"stars_early_lit":null,"grad4":null,"stars_ccwmr":null,"affiliation":"Amish","st_ratio":13,"tuition_low":null,"tuition_high":null,"tuition_year":null,"tuition_basis":null,"edchoice":null,"tuition_source":null,"tuition_status":null,"tuition_notes":null,"demo_year":"2023-24","faith":"religious","website":null,"district_website":null},"geometry":{"type":"Point","coordinates":[-81.023601,41.359801]}},{"type":"Feature","properties":{"id":"ppin:A1903424","name":"Fac Christian School","sector":"private","kind":"private","district_irn":null,"district":null,"address":"199 S Ave, Tallmadge, OH 44278","grades":"K-7","grades_guessed":false,"lo":0,"hi":7,"elem":1,"mid":1,"high":0,"enrollment":39,"pct_white":69.2,"pct_black":23.1,"pct_hispanic":5.1,"pct_asian":2.6,"pct_multi":0,"pct_other":0,"econ_dis_pct":null,"attendance":null,"chronic_abs":null,"stars_overall":null,"stars_achievement":null,"pi_pct":null,"stars_progress":null,"stars_gap":null,"stars_early_lit":null,"grad4":null,"stars_ccwmr":null,"affiliation":"Christian (child care)","st_ratio":8.0,"tuition_low":null,"tuition_high":null,"tuition_year":null,"tuition_basis":null,"edchoice":"unknown","tuition_source":"https://www.privateschoolreview.com/fac-christian-school-profile","tuition_status":"not_found","tuition_notes":"pass 2: nothing better; web-search budget exhausted before this school, and guessed domains did not resolve to it; appears to be a child-care/preschool program priced weekly; no annual K-12 tuition","demo_year":"2023-24","faith":"religious","website":null,"district_website":null},"geometry":{"type":"Point","coordinates":[-81.43809,41.095828]}},{"type":"Feature","properties":{"id":"ppin:A1903458","name":"William R. Gingerich","sector":"private","kind":"private","district_irn":null,"district":null,"address":"15860 Shedd Rd, Middlefield, OH 44062","grades":"1-8","grades_guessed":false,"lo":1,"hi":8,"elem":1,"mid":1,"high":0,"enrollment":53,"pct_white":100,"pct_black":0,"pct_hispanic":0,"pct_asian":0,"pct_multi":0,"pct_other":0,"econ_dis_pct":null,"attendance":null,"chronic_abs":null,"stars_overall":null,"stars_achievement":null,"pi_pct":null,"stars_progress":null,"stars_gap":null,"stars_early_lit":null,"grad4":null,"stars_ccwmr":null,"affiliation":"Amish","st_ratio":17.7,"tuition_low":null,"tuition_high":null,"tuition_year":null,"tuition_basis":null,"edchoice":null,"tuition_source":null,"tuition_status":null,"tuition_notes":null,"demo_year":"2023-24","faith":"religious","website":null,"district_website":null},"geometry":{"type":"Point","coordinates":[-81.075762,41.427699]}},{"type":"Feature","properties":{"id":"ppin:A1903505","name":"Sugar Valley","sector":"private","kind":"private","district_irn":null,"district":null,"address":"15218 Georgia Rd, Middlefield, OH 44062","grades":"1-8","grades_guessed":false,"lo":1,"hi":8,"elem":1,"mid":1,"high":0,"enrollment":40,"pct_white":100,"pct_black":0,"pct_hispanic":0,"pct_asian":0,"pct_multi":0,"pct_other":0,"econ_dis_pct":null,"attendance":null,"chronic_abs":null,"stars_overall":null,"stars_achievement":null,"pi_pct":null,"stars_progress":null,"stars_gap":null,"stars_early_lit":null,"grad4":null,"stars_ccwmr":null,"affiliation":"Amish","st_ratio":20,"tuition_low":null,"tuition_high":null,"tuition_year":null,"tuition_basis":null,"edchoice":null,"tuition_source":null,"tuition_status":null,"tuition_notes":null,"demo_year":"2023-24","faith":"religious","website":null,"district_website":null},"geometry":{"type":"Point","coordinates":[-81.098722,41.451302]}},{"type":"Feature","properties":{"id":"ppin:A2102957","name":"Amish Private School #2","sector":"private","kind":"private","district_irn":null,"district":null,"address":"9650 Camp Rd, Homerville, OH 44235","grades":"1-8","grades_guessed":false,"lo":1,"hi":8,"elem":1,"mid":1,"high":0,"enrollment":28,"pct_white":100,"pct_black":0,"pct_hispanic":0,"pct_asian":0,"pct_multi":0,"pct_other":0,"econ_dis_pct":null,"attendance":null,"chronic_abs":null,"stars_overall":null,"stars_achievement":null,"pi_pct":null,"stars_progress":null,"stars_gap":null,"stars_early_lit":null,"grad4":null,"stars_ccwmr":null,"affiliation":"Amish","st_ratio":14,"tuition_low":null,"tuition_high":null,"tuition_year":null,"tuition_basis":null,"edchoice":null,"tuition_source":null,"tuition_status":null,"tuition_notes":null,"demo_year":"2023-24","faith":"religious","website":null,"district_website":null},"geometry":{"type":"Point","coordinates":[-82.146696,41.001417]}},{"type":"Feature","properties":{"id":"ppin:A2102989","name":"Medina Christian Academy Upper School","sector":"private","kind":"private","district_irn":null,"district":null,"address":"5399 River Styx Rd, Medina, OH 44256","grades":"PK-12","grades_guessed":false,"lo":-1,"hi":12,"elem":1,"mid":1,"high":1,"enrollment":526,"pct_white":89.9,"pct_black":2.7,"pct_hispanic":4.9,"pct_asian":0.8,"pct_multi":1.7,"pct_other":0,"econ_dis_pct":null,"attendance":null,"chronic_abs":null,"stars_overall":null,"stars_achievement":null,"pi_pct":null,"stars_progress":null,"stars_gap":null,"stars_early_lit":null,"grad4":null,"stars_ccwmr":null,"affiliation":"Christian (nondenominational)","st_ratio":8.9,"tuition_low":8920,"tuition_high":10375,"tuition_year":"2026-27","tuition_basis":"grades 6-8 vs grades 9-12","edchoice":"yes","tuition_source":"https://medinachristian.org/admissions/tuition-financial-aid/","tuition_status":"published","tuition_notes":"Upper-school campus of Medina Christian Academy (grade split assumed from name); plus $850 fees and $115 enrollment fee","demo_year":"2023-24","faith":"religious","website":"https://medinachristian.org/","district_website":null},"geometry":{"type":"Point","coordinates":[-81.809111,41.127025]}},{"type":"Feature","properties":{"id":"ppin:A2190653","name":"Re-Education Services","sector":"private","kind":"private","district_irn":null,"district":null,"address":"6176 Reynolds Rd, Mentor, OH 44060","grades":"2-12","grades_guessed":false,"lo":2,"hi":12,"elem":1,"mid":1,"high":1,"enrollment":76,"pct_white":65.8,"pct_black":23.7,"pct_hispanic":5.3,"pct_asian":0,"pct_multi":5.3,"pct_other":0,"econ_dis_pct":null,"attendance":null,"chronic_abs":null,"stars_overall":null,"stars_achievement":null,"pi_pct":null,"stars_progress":null,"stars_gap":null,"stars_early_lit":null,"grad4":null,"stars_ccwmr":null,"affiliation":"special education","st_ratio":6.4,"tuition_low":null,"tuition_high":null,"tuition_year":null,"tuition_basis":null,"edchoice":"unknown","tuition_source":"https://www.privateschoolreview.com/re-education-services-profile","tuition_status":"not_found","tuition_notes":"Special-ed day school (K-age 22), typically district-placed; no public tuition; pass 2: nothing better; no website found; web-search budget exhausted, guessed domains dead or parked","demo_year":"2023-24","faith":"religious","website":null,"district_website":null},"geometry":{"type":"Point","coordinates":[-81.378406,41.703253]}},{"type":"Feature","properties":{"id":"ppin:A2301919","name":"Briggs Academy","sector":"private","kind":"private","district_irn":null,"district":null,"address":"4257 W 23Rd St, Cleveland, OH 44109","grades":"1-1","grades_guessed":false,"lo":1,"hi":1,"elem":1,"mid":0,"high":0,"enrollment":2,"pct_white":100,"pct_black":0,"pct_hispanic":0,"pct_asian":0,"pct_multi":0,"pct_other":0,"econ_dis_pct":null,"attendance":null,"chronic_abs":null,"stars_overall":null,"stars_achievement":null,"pi_pct":null,"stars_progress":null,"stars_gap":null,"stars_early_lit":null,"grad4":null,"stars_ccwmr":null,"affiliation":"Nonsectarian","st_ratio":2,"tuition_low":null,"tuition_high":null,"tuition_year":null,"tuition_basis":null,"edchoice":"unknown","tuition_source":null,"tuition_status":"not_found","tuition_notes":"Tiny program (2 students, grade 1, NCES 2023-24); no website found.","demo_year":"2023-24","faith":"secular","website":null,"district_website":null},"geometry":{"type":"Point","coordinates":[-81.69984,41.439906]}},{"type":"Feature","properties":{"id":"ppin:A2301935","name":"Chesterton Academy Of Akron","sector":"private","kind":"private","district_irn":null,"district":null,"address":"1580 Brown St, Akron, OH 44301","grades":"9-12","grades_guessed":false,"lo":9,"hi":12,"elem":0,"mid":0,"high":1,"enrollment":13,"pct_white":76.9,"pct_black":0,"pct_hispanic":23.1,"pct_asian":0,"pct_multi":0,"pct_other":0,"econ_dis_pct":null,"attendance":null,"chronic_abs":null,"stars_overall":null,"stars_achievement":null,"pi_pct":null,"stars_progress":null,"stars_gap":null,"stars_early_lit":null,"grad4":null,"stars_ccwmr":null,"affiliation":"Catholic (Chesterton Schools Network; listed by Diocese of Cleveland)","st_ratio":2.2,"tuition_low":11000,"tuition_high":11000,"tuition_year":"2026-27","tuition_basis":"single rate, grades 9-12 (includes books)","edchoice":"unknown","tuition_source":"https://akronchestertonacademy.org/admissions","tuition_status":"published","tuition_notes":"pass 2: school admissions page; families expected to help with fundraising; URL from Diocese of Cleveland school directory","demo_year":"2023-24","faith":"catholic","website":"https://akronchestertonacademy.org/","district_website":null},"geometry":{"type":"Point","coordinates":[-81.510984,41.038353]}},{"type":"Feature","properties":{"id":"ppin:A2302002","name":"Frams Corner","sector":"private","kind":"private","district_irn":null,"district":null,"address":"17700 Newcomb Rd, Middlefield, OH 44062","grades":"1-8","grades_guessed":false,"lo":1,"hi":8,"elem":1,"mid":1,"high":0,"enrollment":44,"pct_white":100,"pct_black":0,"pct_hispanic":0,"pct_asian":0,"pct_multi":0,"pct_other":0,"econ_dis_pct":null,"attendance":null,"chronic_abs":null,"stars_overall":null,"stars_achievement":null,"pi_pct":null,"stars_progress":null,"stars_gap":null,"stars_early_lit":null,"grad4":null,"stars_ccwmr":null,"affiliation":"Amish","st_ratio":22,"tuition_low":null,"tuition_high":null,"tuition_year":null,"tuition_basis":null,"edchoice":null,"tuition_source":null,"tuition_status":null,"tuition_notes":null,"demo_year":"2023-24","faith":"religious","website":null,"district_website":null},"geometry":{"type":"Point","coordinates":[-81.080597,41.388838]}},{"type":"Feature","properties":{"id":"ppin:A2302052","name":"Henry Johnson Academy For Scholars","sector":"private","kind":"private","district_irn":null,"district":null,"address":"291 E 222, Euclid, OH 44123","grades":"9-12","grades_guessed":false,"lo":9,"hi":12,"elem":0,"mid":0,"high":1,"enrollment":26,"pct_white":0,"pct_black":100,"pct_hispanic":0,"pct_asian":0,"pct_multi":0,"pct_other":0,"econ_dis_pct":null,"attendance":null,"chronic_abs":null,"stars_overall":null,"stars_achievement":null,"pi_pct":null,"stars_progress":null,"stars_gap":null,"stars_early_lit":null,"grad4":null,"stars_ccwmr":null,"affiliation":"Christian (nondenominational)","st_ratio":13.7,"tuition_low":null,"tuition_high":null,"tuition_year":null,"tuition_basis":null,"edchoice":"unknown","tuition_source":"https://www.usnews.com/education/k12/ohio/henry-johnson-academy-for-scholars-438603","tuition_status":"not_found","tuition_notes":"Tiny (~26 students) grade 9-12 career/tech program tied to Henry Johnson Center; no tuition published; pass 2: nothing better","demo_year":"2023-24","faith":"religious","website":null,"district_website":null},"geometry":{"type":"Point","coordinates":[-81.5261,41.606883]}},{"type":"Feature","properties":{"id":"ppin:A2302055","name":"Heritage Classical Academy","sector":"private","kind":"private","district_irn":null,"district":null,"address":"311 W Aurora Rd, Northfield, OH 44067","grades":"9-10","grades_guessed":false,"lo":9,"hi":10,"elem":0,"mid":0,"high":1,"enrollment":15,"pct_white":80,"pct_black":6.7,"pct_hispanic":0,"pct_asian":13.3,"pct_multi":0,"pct_other":0,"econ_dis_pct":null,"attendance":null,"chronic_abs":null,"stars_overall":null,"stars_achievement":null,"pi_pct":null,"stars_progress":null,"stars_gap":null,"stars_early_lit":null,"grad4":null,"stars_ccwmr":null,"affiliation":"Christian (classical)","st_ratio":3.8,"tuition_low":null,"tuition_high":null,"tuition_year":null,"tuition_basis":null,"edchoice":"yes","tuition_source":"https://www.heritageclassicalacademy.org/tuition-and-tuition-assistance","tuition_status":"not_found","tuition_notes":"pass 2: nothing better; rates still not posted (contact student accounts); accepts EdChoice and OCEN SGO","demo_year":"2023-24","faith":"religious","website":"https://www.heritageclassicalacademy.org/","district_website":null},"geometry":{"type":"Point","coordinates":[-81.550134,41.314941]}},{"type":"Feature","properties":{"id":"ppin:A2302061","name":"Hidden View","sector":"private","kind":"private","district_irn":null,"district":null,"address":"12940 Clay St, Middlefield, OH 44062","grades":"1-8","grades_guessed":false,"lo":1,"hi":8,"elem":1,"mid":1,"high":0,"enrollment":35,"pct_white":100,"pct_black":0,"pct_hispanic":0,"pct_asian":0,"pct_multi":0,"pct_other":0,"econ_dis_pct":null,"attendance":null,"chronic_abs":null,"stars_overall":null,"stars_achievement":null,"pi_pct":null,"stars_progress":null,"stars_gap":null,"stars_early_lit":null,"grad4":null,"stars_ccwmr":null,"affiliation":"Amish","st_ratio":11.7,"tuition_low":null,"tuition_high":null,"tuition_year":null,"tuition_basis":null,"edchoice":null,"tuition_source":null,"tuition_status":null,"tuition_notes":null,"demo_year":"2023-24","faith":"religious","website":null,"district_website":null},"geometry":{"type":"Point","coordinates":[-81.073978,41.517821]}},{"type":"Feature","properties":{"id":"ppin:A2302110","name":"Lakeview","sector":"private","kind":"private","district_irn":null,"district":null,"address":"19120 Rutland Rd, Garrettsville, OH 44231","grades":"1-8","grades_guessed":false,"lo":1,"hi":8,"elem":1,"mid":1,"high":0,"enrollment":43,"pct_white":100,"pct_black":0,"pct_hispanic":0,"pct_asian":0,"pct_multi":0,"pct_other":0,"econ_dis_pct":null,"attendance":null,"chronic_abs":null,"stars_overall":null,"stars_achievement":null,"pi_pct":null,"stars_progress":null,"stars_gap":null,"stars_early_lit":null,"grad4":null,"stars_ccwmr":null,"affiliation":"Amish","st_ratio":21.5,"tuition_low":null,"tuition_high":null,"tuition_year":null,"tuition_basis":null,"edchoice":null,"tuition_source":null,"tuition_status":null,"tuition_notes":null,"demo_year":"2023-24","faith":"religious","website":null,"district_website":null},"geometry":{"type":"Point","coordinates":[-81.06002,41.349793]}},{"type":"Feature","properties":{"id":"ppin:A2302147","name":"Maple Grove","sector":"private","kind":"private","district_irn":null,"district":null,"address":"15460 Grove Rd, Garrettsville, OH 44231","grades":"1-8","grades_guessed":false,"lo":1,"hi":8,"elem":1,"mid":1,"high":0,"enrollment":50,"pct_white":100,"pct_black":0,"pct_hispanic":0,"pct_asian":0,"pct_multi":0,"pct_other":0,"econ_dis_pct":null,"attendance":null,"chronic_abs":null,"stars_overall":null,"stars_achievement":null,"pi_pct":null,"stars_progress":null,"stars_gap":null,"stars_early_lit":null,"grad4":null,"stars_ccwmr":null,"affiliation":"Amish","st_ratio":25,"tuition_low":null,"tuition_high":null,"tuition_year":null,"tuition_basis":null,"edchoice":null,"tuition_source":null,"tuition_status":null,"tuition_notes":null,"demo_year":"2023-24","faith":"religious","website":null,"district_website":null},"geometry":{"type":"Point","coordinates":[-81.083704,41.359219]}},{"type":"Feature","properties":{"id":"ppin:A2302153","name":"Meadow Brook","sector":"private","kind":"private","district_irn":null,"district":null,"address":"15860 Shedd Rd, Middlefield, OH 44062","grades":"1-8","grades_guessed":false,"lo":1,"hi":8,"elem":1,"mid":1,"high":0,"enrollment":53,"pct_white":100,"pct_black":0,"pct_hispanic":0,"pct_asian":0,"pct_multi":0,"pct_other":0,"econ_dis_pct":null,"attendance":null,"chronic_abs":null,"stars_overall":null,"stars_achievement":null,"pi_pct":null,"stars_progress":null,"stars_gap":null,"stars_early_lit":null,"grad4":null,"stars_ccwmr":null,"affiliation":"Amish","st_ratio":17.7,"tuition_low":null,"tuition_high":null,"tuition_year":null,"tuition_basis":null,"edchoice":null,"tuition_source":null,"tuition_status":null,"tuition_notes":null,"demo_year":"2023-24","faith":"religious","website":null,"district_website":null},"geometry":{"type":"Point","coordinates":[-81.075762,41.427699]}},{"type":"Feature","properties":{"id":"ppin:A2302154","name":"Meadow Glow","sector":"private","kind":"private","district_irn":null,"district":null,"address":"14400 Burton Windsor Rd, Burton, OH 44021","grades":"1-8","grades_guessed":false,"lo":1,"hi":8,"elem":1,"mid":1,"high":0,"enrollment":25,"pct_white":100,"pct_black":0,"pct_hispanic":0,"pct_asian":0,"pct_multi":0,"pct_other":0,"econ_dis_pct":null,"attendance":null,"chronic_abs":null,"stars_overall":null,"stars_achievement":null,"pi_pct":null,"stars_progress":null,"stars_gap":null,"stars_early_lit":null,"grad4":null,"stars_ccwmr":null,"affiliation":"Church of God","st_ratio":12.5,"tuition_low":null,"tuition_high":null,"tuition_year":null,"tuition_basis":null,"edchoice":null,"tuition_source":null,"tuition_status":null,"tuition_notes":null,"demo_year":"2023-24","faith":"religious","website":null,"district_website":null},"geometry":{"type":"Point","coordinates":[-81.126798,41.482239]}},{"type":"Feature","properties":{"id":"ppin:A2302221","name":"Pine Ridge","sector":"private","kind":"private","district_irn":null,"district":null,"address":"17185 Farmington Rd, Parkman, OH 44080","grades":"1-8","grades_guessed":false,"lo":1,"hi":8,"elem":1,"mid":1,"high":0,"enrollment":30,"pct_white":100,"pct_black":0,"pct_hispanic":0,"pct_asian":0,"pct_multi":0,"pct_other":0,"econ_dis_pct":null,"attendance":null,"chronic_abs":null,"stars_overall":null,"stars_achievement":null,"pi_pct":null,"stars_progress":null,"stars_gap":null,"stars_early_lit":null,"grad4":null,"stars_ccwmr":null,"affiliation":"Amish","st_ratio":15,"tuition_low":null,"tuition_high":null,"tuition_year":null,"tuition_basis":null,"edchoice":null,"tuition_source":null,"tuition_status":null,"tuition_notes":null,"demo_year":"2023-24","faith":"religious","website":null,"district_website":null},"geometry":{"type":"Point","coordinates":[-81.026944,41.367963]}},{"type":"Feature","properties":{"id":"ppin:A2302222","name":"Pine View","sector":"private","kind":"private","district_irn":null,"district":null,"address":"8640 Bundysburg Rd, Middlefield, OH 44062","grades":"1-8","grades_guessed":false,"lo":1,"hi":8,"elem":1,"mid":1,"high":0,"enrollment":34,"pct_white":100,"pct_black":0,"pct_hispanic":0,"pct_asian":0,"pct_multi":0,"pct_other":0,"econ_dis_pct":null,"attendance":null,"chronic_abs":null,"stars_overall":null,"stars_achievement":null,"pi_pct":null,"stars_progress":null,"stars_gap":null,"stars_early_lit":null,"grad4":null,"stars_ccwmr":null,"affiliation":"Amish","st_ratio":17,"tuition_low":null,"tuition_high":null,"tuition_year":null,"tuition_basis":null,"edchoice":null,"tuition_source":null,"tuition_status":null,"tuition_notes":null,"demo_year":"2023-24","faith":"religious","website":null,"district_website":null},"geometry":{"type":"Point","coordinates":[-81.003855,41.455977]}},{"type":"Feature","properties":{"id":"ppin:A2302238","name":"Red Line Advocacy","sector":"private","kind":"private","district_irn":null,"district":null,"address":"1011 Gorge Blvd, Akron, OH 44310","grades":"1-12","grades_guessed":false,"lo":1,"hi":12,"elem":1,"mid":1,"high":1,"enrollment":17,"pct_white":58.8,"pct_black":29.4,"pct_hispanic":0,"pct_asian":5.9,"pct_multi":5.9,"pct_other":0,"econ_dis_pct":null,"attendance":null,"chronic_abs":null,"stars_overall":null,"stars_achievement":null,"pi_pct":null,"stars_progress":null,"stars_gap":null,"stars_early_lit":null,"grad4":null,"stars_ccwmr":null,"affiliation":"Unknown (likely special-needs program)","st_ratio":5.7,"tuition_low":null,"tuition_high":null,"tuition_year":null,"tuition_basis":null,"edchoice":"unknown","tuition_source":null,"tuition_status":"not_found","tuition_notes":"pass 2: special-education/advocacy placement, treated as district-funded per instructions; no tuition hunted; no website found","demo_year":"2023-24","faith":"religious","website":null,"district_website":null},"geometry":{"type":"Point","coordinates":[-81.497633,41.105313]}},{"type":"Feature","properties":{"id":"ppin:A2302290","name":"South Hayes","sector":"private","kind":"private","district_irn":null,"district":null,"address":"15261 Hayes Rd, Middlefield, OH 44062","grades":"1-8","grades_guessed":false,"lo":1,"hi":8,"elem":1,"mid":1,"high":0,"enrollment":12,"pct_white":100,"pct_black":0,"pct_hispanic":0,"pct_asian":0,"pct_multi":0,"pct_other":0,"econ_dis_pct":null,"attendance":null,"chronic_abs":null,"stars_overall":null,"stars_achievement":null,"pi_pct":null,"stars_progress":null,"stars_gap":null,"stars_early_lit":null,"grad4":null,"stars_ccwmr":null,"affiliation":"Amish","st_ratio":4,"tuition_low":null,"tuition_high":null,"tuition_year":null,"tuition_basis":null,"edchoice":null,"tuition_source":null,"tuition_status":null,"tuition_notes":null,"demo_year":"2023-24","faith":"religious","website":null,"district_website":null},"geometry":{"type":"Point","coordinates":[-81.021641,41.454277]}},{"type":"Feature","properties":{"id":"ppin:A2302333","name":"Stoney Creek","sector":"private","kind":"private","district_irn":null,"district":null,"address":"16935 Nauvoo Rd, Middlefield, OH 44062","grades":"1-8","grades_guessed":false,"lo":1,"hi":8,"elem":1,"mid":1,"high":0,"enrollment":47,"pct_white":100,"pct_black":0,"pct_hispanic":0,"pct_asian":0,"pct_multi":0,"pct_other":0,"econ_dis_pct":null,"attendance":null,"chronic_abs":null,"stars_overall":null,"stars_achievement":null,"pi_pct":null,"stars_progress":null,"stars_gap":null,"stars_early_lit":null,"grad4":null,"stars_ccwmr":null,"affiliation":"Christian (no specific denomination)","st_ratio":23.5,"tuition_low":null,"tuition_high":null,"tuition_year":null,"tuition_basis":null,"edchoice":null,"tuition_source":null,"tuition_status":null,"tuition_notes":null,"demo_year":"2023-24","faith":"religious","website":null,"district_website":null},"geometry":{"type":"Point","coordinates":[-81.03922,41.481135]}},{"type":"Feature","properties":{"id":"ppin:A2302338","name":"Sugar Bush","sector":"private","kind":"private","district_irn":null,"district":null,"address":"17380 Newcomb Rd, Middlefield, OH 44062","grades":"1-8","grades_guessed":false,"lo":1,"hi":8,"elem":1,"mid":1,"high":0,"enrollment":25,"pct_white":100,"pct_black":0,"pct_hispanic":0,"pct_asian":0,"pct_multi":0,"pct_other":0,"econ_dis_pct":null,"attendance":null,"chronic_abs":null,"stars_overall":null,"stars_achievement":null,"pi_pct":null,"stars_progress":null,"stars_gap":null,"stars_early_lit":null,"grad4":null,"stars_ccwmr":null,"affiliation":"Amish","st_ratio":12.5,"tuition_low":null,"tuition_high":null,"tuition_year":null,"tuition_basis":null,"edchoice":null,"tuition_source":null,"tuition_status":null,"tuition_notes":null,"demo_year":"2023-24","faith":"religious","website":null,"district_website":null},"geometry":{"type":"Point","coordinates":[-81.081117,41.397046]}},{"type":"Feature","properties":{"id":"ppin:A2302367","name":"The Strong Academy","sector":"private","kind":"private","district_irn":null,"district":null,"address":"22480 Hawley Rd, Wellington, OH 44090","grades":"PK-11","grades_guessed":false,"lo":-1,"hi":11,"elem":1,"mid":1,"high":1,"enrollment":7,"pct_white":100,"pct_black":0,"pct_hispanic":0,"pct_asian":0,"pct_multi":0,"pct_other":0,"econ_dis_pct":null,"attendance":null,"chronic_abs":null,"stars_overall":null,"stars_achievement":null,"pi_pct":null,"stars_progress":null,"stars_gap":null,"stars_early_lit":null,"grad4":null,"stars_ccwmr":null,"affiliation":"Unknown (tiny private school, ~8 students)","st_ratio":7,"tuition_low":null,"tuition_high":null,"tuition_year":null,"tuition_basis":null,"edchoice":"unknown","tuition_source":"https://www.usnews.com/education/k12/ohio/the-strong-academy-438666","tuition_status":"not_found","tuition_notes":"No website or tuition found; PK-11, about 8 students; pass 2: nothing better; thestrongacademy.com is an unrelated fitness-coaching business; no school site found","demo_year":"2023-24","faith":"religious","website":null,"district_website":null},"geometry":{"type":"Point","coordinates":[-82.194242,41.162634]}},{"type":"Feature","properties":{"id":"ppin:A9503299","name":"Westshore Montessori School","sector":"private","kind":"private","district_irn":null,"district":null,"address":"26536 Detroit Rd, Westlake, OH 44145","grades":"PK-1","grades_guessed":false,"lo":-1,"hi":1,"elem":1,"mid":0,"high":0,"enrollment":8,"pct_white":100,"pct_black":0,"pct_hispanic":0,"pct_asian":0,"pct_multi":0,"pct_other":0,"econ_dis_pct":null,"attendance":null,"chronic_abs":null,"stars_overall":null,"stars_achievement":null,"pi_pct":null,"stars_progress":null,"stars_gap":null,"stars_early_lit":null,"grad4":null,"stars_ccwmr":null,"affiliation":"Montessori","st_ratio":1.4,"tuition_low":9211,"tuition_high":15460,"tuition_year":"2026-27","tuition_basis":"primary half-day (ages 2.5-6) vs full day 7:30-6; kindergarten $11,212","edchoice":"unknown","tuition_source":"https://westshoremontessori.org/tuition-rates/","tuition_status":"published","tuition_notes":"Early-childhood school (toddler to kindergarten). Toddler half-day from $4,082; snack fees extra; need-based aid for Primary and Full Day; FACTS payment plan.","demo_year":"2023-24","faith":"secular","website":"https://westshoremontessori.org/","district_website":null},"geometry":{"type":"Point","coordinates":[-81.914145,41.469081]}},{"type":"Feature","properties":{"id":"ppin:A9702691","name":"Strongsville Montessori","sector":"private","kind":"private","district_irn":null,"district":null,"address":"16000 Foltz Pkwy, Strongsville, OH 44149","grades":"K-5","grades_guessed":true,"lo":0,"hi":5,"elem":1,"mid":0,"high":0,"enrollment":12,"pct_white":33.3,"pct_black":8.3,"pct_hispanic":8.3,"pct_asian":33.3,"pct_multi":16.7,"pct_other":0,"econ_dis_pct":null,"attendance":null,"chronic_abs":null,"stars_overall":null,"stars_achievement":null,"pi_pct":null,"stars_progress":null,"stars_gap":null,"stars_early_lit":null,"grad4":null,"stars_ccwmr":null,"affiliation":"Nonsectarian","st_ratio":6,"tuition_low":null,"tuition_high":null,"tuition_year":null,"tuition_basis":null,"edchoice":null,"tuition_source":null,"tuition_status":null,"tuition_notes":null,"demo_year":"2023-24","faith":"secular","website":null,"district_website":null},"geometry":{"type":"Point","coordinates":[-81.872041,41.298112]}},{"type":"Feature","properties":{"id":"ppin:BB201407","name":"Chaviva High School","sector":"private","kind":"private","district_irn":null,"district":null,"address":"23737 Fairmount Blvd, Beachwood, OH 44122","grades":"9-12","grades_guessed":false,"lo":9,"hi":12,"elem":0,"mid":0,"high":1,"enrollment":42,"pct_white":100,"pct_black":0,"pct_hispanic":0,"pct_asian":0,"pct_multi":0,"pct_other":0,"econ_dis_pct":null,"attendance":null,"chronic_abs":null,"stars_overall":null,"stars_achievement":null,"pi_pct":null,"stars_progress":null,"stars_gap":null,"stars_early_lit":null,"grad4":null,"stars_ccwmr":null,"affiliation":"Jewish (Orthodox)","st_ratio":4.9,"tuition_low":null,"tuition_high":null,"tuition_year":null,"tuition_basis":null,"edchoice":"unknown","tuition_source":"https://www.privateschoolreview.com/chaviva-high-school-profile","tuition_status":"not_found","tuition_notes":"No published tuition found; duplicate of irn:17404 (address differs; school has also listed 3300 Mayfield Rd); pass 2: nothing better - same school as irn:17404; school site gives current address as 27501 Fairmount Blvd, Pepper Pike, so this row's Beachwood address looks stale","demo_year":"2023-24","faith":"religious","website":"https://www.chavivahighschool.org/","district_website":null},"geometry":{"type":"Point","coordinates":[-81.511117,41.488284]}}]}