{"type": "FeatureCollection", "features": [{"type": "Feature", "properties": {"address": "25770 Wolf Rd", "city": "Bay Village", "zip": 44140.0, "url": "https://www.redfin.com/OH/Bay-Village/25770-Wolf-Rd-44140/home/66227533", "price": 339900.0, "pred_price": 364959.93, "excess_pct": -6.5, "rel_discount": -7.2, "local_mae_pct": 6.6, "pctile": 21.1, "beds": 4.0, "baths": 1.5, "sqft": 1436.0, "lot_sqft": 5445.0, "year_built": 1937.0, "ptype_cat": "single", "days_on_market": 23.0, "n_cuts": 0.0, "cum_cut_pct": 0.0, "days_to_pending": null, "ph_exposure": 0.09, "ph_dist_m": 1380.24, "d_fwy": 1043.13, "d_art": 285.68, "school_pi": 98.3, "crime_rate": 2.9, "income": 101750.0, "model_mae_pct": 6.2, "segment": "ppsf:190-300,price:250000-600000", "asof": "2026-09-20 20:52"}, "geometry": {"type": "Point", "coordinates": [-81.904851, 41.483486]}}, {"type": "Feature", "properties": {"address": "3768 San Giovanni Ln", "city": "Perry", "zip": 44081.0, "url": "https://www.redfin.com/OH/Perry/3768-San-Giovanni-LN-44081/home/205494642", "price": 289990.0, "pred_price": 311946.81, "excess_pct": -6.6, "rel_discount": null, "local_mae_pct": 5.79, "pctile": 20.6, "beds": 2.0, "baths": 2.0, "sqft": 1188.0, "lot_sqft": null, "year_built": 2026.0, "ptype_cat": "single", "days_on_market": 10.0, "n_cuts": 0.0, "cum_cut_pct": 0.0, "days_to_pending": null, "ph_exposure": 0.0, "ph_dist_m": 8517.0, "d_fwy": 3581.56, "d_art": 2261.5, "school_pi": 85.8, "crime_rate": 4.38, "income": 93917.0, "model_mae_pct": 6.2, "segment": "ppsf:190-300,price:250000-600000", "asof": "2026-09-20 20:52"}, "geometry": {"type": "Point", "coordinates": [-81.149757, 41.757]}}, {"type": "Feature", "properties": {"address": "6148 Marlo Dr", "city": "Concord Township", "zip": 44077.0, "url": "https://www.redfin.com/OH/Concord-Township/6148-Marlo-Dr-44077/home/77636676", "price": 289900.0, "pred_price": 266133.72, "excess_pct": 9.3, "rel_discount": null, "local_mae_pct": 6.5, "pctile": 81.1, "beds": 3.0, "baths": 1.0, "sqft": 1144.0, "lot_sqft": 20908.0, "year_built": 1958.0, "ptype_cat": "single", "days_on_market": 16.0, "n_cuts": 0.0, "cum_cut_pct": 0.0, "days_to_pending": null, "ph_exposure": 0.02, "ph_dist_m": 1376.94, "d_fwy": 840.16, "d_art": 1450.5, "school_pi": 82.2, "crime_rate": null, "income": 92917.0, "model_mae_pct": 6.2, "segment": "ppsf:190-300,price:250000-600000", "asof": "2026-09-20 20:52"}, "geometry": {"type": "Point", "coordinates": [-81.250934, 41.703059]}}, {"type": "Feature", "properties": {"address": "3246 Mcmackin Rd", "city": "Madison", "zip": 44057.0, "url": "https://www.redfin.com/OH/Madison/3246-McMackin-Rd-44057/home/66207426", "price": 279900.0, "pred_price": 283241.04, "excess_pct": -0.8, "rel_discount": null, "local_mae_pct": 5.16, "pctile": 45.7, "beds": 3.0, "baths": 2.0, "sqft": 1280.0, "lot_sqft": 41861.0, "year_built": 2003.0, "ptype_cat": "single", "days_on_market": 18.0, "n_cuts": 0.0, "cum_cut_pct": 0.0, "days_to_pending": null, "ph_exposure": 0.0, "ph_dist_m": 13774.21, "d_fwy": 4335.31, "d_art": 1014.59, "school_pi": 76.7, "crime_rate": null, "income": 33819.0, "model_mae_pct": 6.2, "segment": "ppsf:190-300,price:250000-600000", "asof": "2026-09-20 20:52"}, "geometry": {"type": "Point", "coordinates": [-81.094767, 41.784658]}}, {"type": "Feature", "properties": {"address": "2351 Mcmackin Rd", "city": "Madison", "zip": 44057.0, "url": "https://www.redfin.com/OH/Madison/2351-McMackin-Rd-44057/home/66448937", "price": 259900.0, "pred_price": 281110.82, "excess_pct": -7.1, "rel_discount": null, "local_mae_pct": 6.51, "pctile": 18.5, "beds": 4.0, "baths": 2.0, "sqft": 1160.0, "lot_sqft": 22002.0, "year_built": 1974.0, "ptype_cat": "single", "days_on_market": 27.0, "n_cuts": 0.0, "cum_cut_pct": 0.0, "days_to_pending": null, "ph_exposure": 0.0, "ph_dist_m": 15036.25, "d_fwy": 6700.18, "d_art": 1633.88, "school_pi": 76.7, "crime_rate": null, "income": 95729.0, "model_mae_pct": 6.2, "segment": "ppsf:190-300,price:250000-600000", "asof": "2026-09-20 20:52"}, "geometry": {"type": "Point", "coordinates": [-81.094294, 41.810245]}}, {"type": "Feature", "properties": {"address": "4311 Dogwood Ave", "city": "Perry", "zip": 44081.0, "url": "https://www.redfin.com/OH/Perry/4311-Dogwood-Ave-44081/home/201530529", "price": 374990.0, "pred_price": 379767.59, "excess_pct": -0.9, "rel_discount": null, "local_mae_pct": 5.79, "pctile": 44.8, "beds": 3.0, "baths": 2.0, "sqft": 1628.0, "lot_sqft": 6534.0, "year_built": 2026.0, "ptype_cat": "single", "days_on_market": 60.0, "n_cuts": 0.0, "cum_cut_pct": 0.0, "days_to_pending": null, "ph_exposure": 0.0, "ph_dist_m": 9891.47, "d_fwy": 3017.24, "d_art": 3249.08, "school_pi": 85.8, "crime_rate": null, "income": 136959.0, "model_mae_pct": 6.2, "segment": "ppsf:190-300,price:250000-600000", "asof": "2026-09-20 20:52"}, "geometry": {"type": "Point", "coordinates": [-81.132099, 41.753033]}}, {"type": "Feature", "properties": {"address": "1294 Bannerstone Dr", "city": "Painesville", "zip": 44077.0, "url": "https://www.redfin.com/OH/Painesville/1294-Bannerstone-Dr-44077/home/66279522", "price": 319900.0, "pred_price": 320884.76, "excess_pct": 0.1, "rel_discount": 7.9, "local_mae_pct": 5.16, "pctile": 50.5, "beds": 3.0, "baths": 2.0, "sqft": 1519.0, "lot_sqft": 14810.0, "year_built": 2001.0, "ptype_cat": "single", "days_on_market": 23.0, "n_cuts": 0.0, "cum_cut_pct": 0.0, "days_to_pending": null, "ph_exposure": 0.0, "ph_dist_m": 3436.62, "d_fwy": 2043.79, "d_art": 3203.79, "school_pi": 82.2, "crime_rate": null, "income": 112661.0, "model_mae_pct": 6.2, "segment": "ppsf:190-300,price:250000-600000", "asof": "2026-09-20 20:52"}, "geometry": {"type": "Point", "coordinates": [-81.205525, 41.729128]}}, {"type": "Feature", "properties": {"address": "3760 Giovanni Ln", "city": "Perry", "zip": 44081.0, "url": "https://www.redfin.com/OH/Perry/3760-Giovanni-LN-44081/home/204655749", "price": 324990.0, "pred_price": 376075.33, "excess_pct": -13.2, "rel_discount": -5.4, "local_mae_pct": 5.79, "pctile": 4.7, "beds": 3.0, "baths": 2.0, "sqft": 1533.0, "lot_sqft": null, "year_built": 2026.0, "ptype_cat": "single", "days_on_market": 32.0, "n_cuts": 0.0, "cum_cut_pct": 0.0, "days_to_pending": null, "ph_exposure": 0.0, "ph_dist_m": 8486.04, "d_fwy": 3553.59, "d_art": 2263.58, "school_pi": 85.8, "crime_rate": 4.38, "income": 93917.0, "model_mae_pct": 6.2, "segment": "ppsf:190-300,price:250000-600000", "asof": "2026-09-20 20:52"}, "geometry": {"type": "Point", "coordinates": [-81.150101, 41.756866]}}, {"type": "Feature", "properties": {"address": "V/L 11 Norton Dr", "city": "North Madison", "zip": 44057.0, "url": "https://www.redfin.com/OH/North-Madison/V-L-11-Norton-Dr-44057/home/198447779", "price": 325000.0, "pred_price": 367107.78, "excess_pct": -11.1, "rel_discount": -3.3, "local_mae_pct": 6.17, "pctile": 7.5, "beds": 4.0, "baths": 1.5, "sqft": 1608.0, "lot_sqft": 20908.0, "year_built": null, "ptype_cat": "single", "days_on_market": 351.0, "n_cuts": 0.0, "cum_cut_pct": 0.0, "days_to_pending": null, "ph_exposure": 0.0, "ph_dist_m": 22842.37, "d_fwy": 9057.02, "d_art": 5140.9, "school_pi": 76.7, "crime_rate": null, "income": 52143.0, "model_mae_pct": 6.2, "segment": "ppsf:190-300,price:250000-600000", "asof": "2026-09-20 20:52"}, "geometry": {"type": "Point", "coordinates": [-81.012659, 41.845114]}}, {"type": "Feature", "properties": {"address": "V/L 21 Norton Dr", "city": "North Madison", "zip": 44057.0, "url": "https://www.redfin.com/OH/North-Madison/V-L-21-Norton-Dr-44057/home/198446426", "price": 325000.0, "pred_price": 376441.87, "excess_pct": -13.3, "rel_discount": -5.5, "local_mae_pct": 6.17, "pctile": 4.3, "beds": 4.0, "baths": 2.5, "sqft": 1608.0, "lot_sqft": 27007.0, "year_built": null, "ptype_cat": "single", "days_on_market": 351.0, "n_cuts": 0.0, "cum_cut_pct": 0.0, "days_to_pending": null, "ph_exposure": 0.0, "ph_dist_m": 22864.82, "d_fwy": 9065.22, "d_art": 5148.72, "school_pi": 76.7, "crime_rate": null, "income": 52143.0, "model_mae_pct": 6.2, "segment": "ppsf:190-300,price:250000-600000", "asof": "2026-09-20 20:52"}, "geometry": {"type": "Point", "coordinates": [-81.012416, 41.845204]}}, {"type": "Feature", "properties": {"address": "V/L 10 Norton Dr", "city": "North Madison", "zip": 44057.0, "url": "https://www.redfin.com/OH/North-Madison/V-L-10-Norton-Dr-44057/home/198447782", "price": 325000.0, "pred_price": 376807.99, "excess_pct": -13.3, "rel_discount": -5.5, "local_mae_pct": 6.17, "pctile": 4.3, "beds": 4.0, "baths": 2.5, "sqft": 1608.0, "lot_sqft": 23086.0, "year_built": null, "ptype_cat": "single", "days_on_market": 351.0, "n_cuts": 0.0, "cum_cut_pct": 0.0, "days_to_pending": null, "ph_exposure": 0.0, "ph_dist_m": 22795.32, "d_fwy": 9093.04, "d_art": 5177.79, "school_pi": 76.7, "crime_rate": null, "income": 52143.0, "model_mae_pct": 6.2, "segment": "ppsf:190-300,price:250000-600000", "asof": "2026-09-20 20:52"}, "geometry": {"type": "Point", "coordinates": [-81.013522, 41.845378]}}, {"type": "Feature", "properties": {"address": "V/L 20 Norton Dr", "city": "North Madison", "zip": 44057.0, "url": "https://www.redfin.com/OH/North-Madison/V-L-20-Norton-Dr-44057/home/198447778", "price": 325000.0, "pred_price": 374221.78, "excess_pct": -12.8, "rel_discount": -5.0, "local_mae_pct": 6.17, "pctile": 5.1, "beds": 4.0, "baths": 2.5, "sqft": 1608.0, "lot_sqft": 17563.0, "year_built": null, "ptype_cat": "single", "days_on_market": 351.0, "n_cuts": 0.0, "cum_cut_pct": 0.0, "days_to_pending": null, "ph_exposure": 0.0, "ph_dist_m": 22815.51, "d_fwy": 9045.56, "d_art": 5129.8, "school_pi": 76.7, "crime_rate": null, "income": 52143.0, "model_mae_pct": 6.2, "segment": "ppsf:190-300,price:250000-600000", "asof": "2026-09-20 20:52"}, "geometry": {"type": "Point", "coordinates": [-81.012938, 41.844991]}}, {"type": "Feature", "properties": {"address": "1737 Creekside Ct", "city": "Painesville", "zip": 44077.0, "url": "https://www.redfin.com/OH/Painesville/1737-Creekside-Ct-44077/home/191417015", "price": 374900.0, "pred_price": 336985.93, "excess_pct": 11.7, "rel_discount": null, "local_mae_pct": 5.79, "pctile": 85.0, "beds": 2.0, "baths": 2.0, "sqft": 1390.0, "lot_sqft": 8781.0, "year_built": 2024.0, "ptype_cat": "single", "days_on_market": 2.0, "n_cuts": 0.0, "cum_cut_pct": 0.0, "days_to_pending": null, "ph_exposure": 0.0, "ph_dist_m": 4333.18, "d_fwy": 1207.35, "d_art": 1463.88, "school_pi": 82.2, "crime_rate": null, "income": 103042.0, "model_mae_pct": 6.2, "segment": "ppsf:190-300,price:250000-600000", "asof": "2026-09-20 20:52"}, "geometry": {"type": "Point", "coordinates": [-81.208745, 41.765136]}}, {"type": "Feature", "properties": {"address": "4296 Dogwood Ave", "city": "Perry", "zip": 44081.0, "url": "https://www.redfin.com/OH/Perry/4296-Dogwood-Ave-44081/home/200258833", "price": 369900.0, "pred_price": 379767.59, "excess_pct": -2.2, "rel_discount": null, "local_mae_pct": 5.79, "pctile": 37.4, "beds": 3.0, "baths": 2.0, "sqft": 1628.0, "lot_sqft": 6534.0, "year_built": 2026.0, "ptype_cat": "single", "days_on_market": 88.0, "n_cuts": 0.0, "cum_cut_pct": 0.0, "days_to_pending": null, "ph_exposure": 0.0, "ph_dist_m": 9932.73, "d_fwy": 3026.68, "d_art": 3221.52, "school_pi": 85.8, "crime_rate": null, "income": 136959.0, "model_mae_pct": 6.2, "segment": "ppsf:190-300,price:250000-600000", "asof": "2026-09-20 20:52"}, "geometry": {"type": "Point", "coordinates": [-81.13167, 41.753435]}}, {"type": "Feature", "properties": {"address": "795 Meadowlark Rd", "city": "Painesville", "zip": 44077.0, "url": "https://www.redfin.com/OH/Painesville/795-Meadowlark-Rd-44077/home/66423374", "price": 465000.0, "pred_price": 500117.8, "excess_pct": -6.6, "rel_discount": null, "local_mae_pct": 5.16, "pctile": 20.6, "beds": 4.0, "baths": 3.5, "sqft": 2412.0, "lot_sqft": 44866.0, "year_built": 1994.0, "ptype_cat": "single", "days_on_market": 24.0, "n_cuts": 0.0, "cum_cut_pct": 0.0, "days_to_pending": null, "ph_exposure": 0.04, "ph_dist_m": 1878.83, "d_fwy": 689.94, "d_art": 2428.91, "school_pi": 82.2, "crime_rate": null, "income": 73750.0, "model_mae_pct": 6.2, "segment": "ppsf:190-300,price:250000-600000", "asof": "2026-09-20 20:52"}, "geometry": {"type": "Point", "coordinates": [-81.273455, 41.731288]}}, {"type": "Feature", "properties": {"address": "326 Bridgeport Trl", "city": "Richmond Heights", "zip": 44143.0, "url": "https://www.redfin.com/OH/Richmond-Heights/326-Bridgeport-Trl-44143/home/70964837", "price": 399900.0, "pred_price": 444201.98, "excess_pct": -9.6, "rel_discount": -8.6, "local_mae_pct": 5.15, "pctile": 10.4, "beds": 4.0, "baths": 3.5, "sqft": 2095.0, "lot_sqft": 15620.0, "year_built": 1999.0, "ptype_cat": "single", "days_on_market": 111.0, "n_cuts": 0.0, "cum_cut_pct": 0.0, "days_to_pending": null, "ph_exposure": 0.03, "ph_dist_m": 2197.51, "d_fwy": 2990.77, "d_art": 548.1, "school_pi": 60.6, "crime_rate": 9.15, "income": 91542.0, "model_mae_pct": 6.2, "segment": "ppsf:190-300,price:250000-600000", "asof": "2026-09-20 20:52"}, "geometry": {"type": "Point", "coordinates": [-81.503112, 41.566751]}}, {"type": "Feature", "properties": {"address": "1724 Muirfield Ln", "city": "Painesville", "zip": 44077.0, "url": "https://www.redfin.com/OH/Painesville/1724-Muirfield-Ln-44077/home/173646832", "price": 345900.0, "pred_price": 376951.57, "excess_pct": -7.8, "rel_discount": 0.0, "local_mae_pct": 5.79, "pctile": 17.3, "beds": 3.0, "baths": 2.5, "sqft": 1680.0, "lot_sqft": 7840.0, "year_built": 2019.0, "ptype_cat": "single", "days_on_market": 87.0, "n_cuts": 0.0, "cum_cut_pct": 0.0, "days_to_pending": null, "ph_exposure": 0.0, "ph_dist_m": 3638.25, "d_fwy": 250.56, "d_art": 1265.24, "school_pi": 82.2, "crime_rate": null, "income": 103042.0, "model_mae_pct": 6.2, "segment": "ppsf:190-300,price:250000-600000", "asof": "2026-09-20 20:52"}, "geometry": {"type": "Point", "coordinates": [-81.209775, 41.754159]}}, {"type": "Feature", "properties": {"address": "3868 Willow Way", "city": "Perry", "zip": 44081.0, "url": "https://www.redfin.com/OH/Perry/3868-Willow-Way-44081/home/177670795", "price": 349900.0, "pred_price": 364831.39, "excess_pct": -3.7, "rel_discount": 4.1, "local_mae_pct": 5.79, "pctile": 31.5, "beds": 3.0, "baths": 3.0, "sqft": 1675.0, "lot_sqft": 6599.0, "year_built": 2022.0, "ptype_cat": "single", "days_on_market": 102.0, "n_cuts": 1.0, "cum_cut_pct": -4.27, "days_to_pending": null, "ph_exposure": 0.0, "ph_dist_m": 8694.96, "d_fwy": 3726.03, "d_art": 2169.9, "school_pi": 85.8, "crime_rate": 4.38, "income": 93917.0, "model_mae_pct": 6.2, "segment": "ppsf:190-300,price:250000-600000", "asof": "2026-09-20 20:52"}, "geometry": {"type": "Point", "coordinates": [-81.147996, 41.758485]}}, {"type": "Feature", "properties": {"address": "3776 San Giovanni Ln", "city": "Perry", "zip": 44081.0, "url": "https://www.redfin.com/OH/Perry/3776-San-Giovanni-LN-44081/home/205494718", "price": 349990.0, "pred_price": 388219.02, "excess_pct": -9.4, "rel_discount": -1.6, "local_mae_pct": 5.79, "pctile": 11.4, "beds": 3.0, "baths": 3.0, "sqft": 1720.0, "lot_sqft": null, "year_built": 2026.0, "ptype_cat": "single", "days_on_market": 10.0, "n_cuts": 0.0, "cum_cut_pct": 0.0, "days_to_pending": null, "ph_exposure": 0.0, "ph_dist_m": 8639.03, "d_fwy": 3723.45, "d_art": 2382.71, "school_pi": 85.8, "crime_rate": 4.38, "income": 93917.0, "model_mae_pct": 6.2, "segment": "ppsf:190-300,price:250000-600000", "asof": "2026-09-20 20:52"}, "geometry": {"type": "Point", "coordinates": [-81.148087, 41.756359]}}, {"type": "Feature", "properties": {"address": "409 Harbor Crossing Ln", "city": "Painesville", "zip": 44077.0, "url": "https://www.redfin.com/OH/Painesville/409-Harbor-Crossing-Ln-44077/home/205494701", "price": 339990.0, "pred_price": 374201.5, "excess_pct": -8.7, "rel_discount": -0.9, "local_mae_pct": 5.79, "pctile": 13.3, "beds": 3.0, "baths": 2.0, "sqft": 1566.0, "lot_sqft": null, "year_built": 2026.0, "ptype_cat": "single", "days_on_market": 10.0, "n_cuts": 0.0, "cum_cut_pct": 0.0, "days_to_pending": null, "ph_exposure": 0.0, "ph_dist_m": 2601.76, "d_fwy": 512.35, "d_art": 2301.13, "school_pi": 82.2, "crime_rate": null, "income": 103042.0, "model_mae_pct": 6.2, "segment": "ppsf:190-300,price:250000-600000", "asof": "2026-09-20 20:52"}, "geometry": {"type": "Point", "coordinates": [-81.221535, 41.750995]}}, {"type": "Feature", "properties": {"address": "3611 Laurel Dr", "city": "Perry", "zip": 44081.0, "url": "https://www.redfin.com/OH/Perry/3611-Laurel-Dr-44081/home/77634262", "price": 354000.0, "pred_price": 347674.31, "excess_pct": 2.2, "rel_discount": null, "local_mae_pct": 6.5, "pctile": 59.3, "beds": 3.0, "baths": 2.0, "sqft": 1646.0, "lot_sqft": 21923.0, "year_built": 1959.0, "ptype_cat": "single", "days_on_market": 30.0, "n_cuts": 1.0, "cum_cut_pct": -4.07, "days_to_pending": null, "ph_exposure": 0.0, "ph_dist_m": 10655.13, "d_fwy": 5049.61, "d_art": 965.92, "school_pi": 85.8, "crime_rate": null, "income": 118824.0, "model_mae_pct": 6.2, "segment": "ppsf:190-300,price:250000-600000", "asof": "2026-09-20 20:52"}, "geometry": {"type": "Point", "coordinates": [-81.131134, 41.777162]}}, {"type": "Feature", "properties": {"address": "4340 Dogwood Ave", "city": "Perry", "zip": 44081.0, "url": "https://www.redfin.com/OH/Perry/4340-Dogwood-Ave-44081/home/201030624", "price": 354990.0, "pred_price": 388985.42, "excess_pct": -8.3, "rel_discount": null, "local_mae_pct": 5.79, "pctile": 15.3, "beds": 3.0, "baths": 2.0, "sqft": 1628.0, "lot_sqft": null, "year_built": 2026.0, "ptype_cat": "single", "days_on_market": 31.0, "n_cuts": 2.0, "cum_cut_pct": -6.3, "days_to_pending": null, "ph_exposure": 0.0, "ph_dist_m": 9932.73, "d_fwy": 3026.68, "d_art": 3221.52, "school_pi": 85.8, "crime_rate": null, "income": 136959.0, "model_mae_pct": 6.2, "segment": "ppsf:190-300,price:250000-600000", "asof": "2026-09-20 20:52"}, "geometry": {"type": "Point", "coordinates": [-81.13167, 41.753435]}}, {"type": "Feature", "properties": {"address": "1073 Ashview Dr", "city": "Madison", "zip": 44057.0, "url": "https://www.redfin.com/OH/Madison/1073-Ashview-Dr-44057/home/77630312", "price": 350000.0, "pred_price": 385105.47, "excess_pct": -8.7, "rel_discount": -0.9, "local_mae_pct": 5.79, "pctile": 13.3, "beds": 3.0, "baths": 2.5, "sqft": 1775.0, "lot_sqft": 36999.0, "year_built": 2012.0, "ptype_cat": "single", "days_on_market": 333.0, "n_cuts": 0.0, "cum_cut_pct": 0.0, "days_to_pending": null, "ph_exposure": 0.0, "ph_dist_m": 23018.4, "d_fwy": 9069.54, "d_art": 5148.06, "school_pi": 76.7, "crime_rate": null, "income": 52143.0, "model_mae_pct": 6.2, "segment": "ppsf:190-300,price:250000-600000", "asof": "2026-09-20 20:52"}, "geometry": {"type": "Point", "coordinates": [-81.0104, 41.845362]}}, {"type": "Feature", "properties": {"address": "3835 Padre Pio Ln", "city": "Perry", "zip": 44081.0, "url": "https://www.redfin.com/OH/Perry/3835-Padre-Pio-Ln-44081/home/190864884", "price": 329900.0, "pred_price": 365342.96, "excess_pct": -9.3, "rel_discount": -1.5, "local_mae_pct": 5.79, "pctile": 12.0, "beds": 3.0, "baths": 2.0, "sqft": 1576.0, "lot_sqft": 6599.0, "year_built": 2023.0, "ptype_cat": "single", "days_on_market": 12.0, "n_cuts": 0.0, "cum_cut_pct": 0.0, "days_to_pending": null, "ph_exposure": 0.0, "ph_dist_m": 8614.98, "d_fwy": 3657.92, "d_art": 2200.05, "school_pi": 85.8, "crime_rate": 4.38, "income": 93917.0, "model_mae_pct": 6.2, "segment": "ppsf:190-300,price:250000-600000", "asof": "2026-09-20 20:52"}, "geometry": {"type": "Point", "coordinates": [-81.148814, 41.757917]}}, {"type": "Feature", "properties": {"address": "415 Harbor Crossing Ln", "city": "Painesville", "zip": 44077.0, "url": "https://www.redfin.com/OH/Painesville/415-Harbor-Crossing-Ln-44077/home/202368212", "price": 375000.0, "pred_price": 402170.73, "excess_pct": -6.4, "rel_discount": null, "local_mae_pct": 5.79, "pctile": 21.4, "beds": 3.0, "baths": 2.0, "sqft": 1716.0, "lot_sqft": null, "year_built": 2026.0, "ptype_cat": "single", "days_on_market": 88.0, "n_cuts": 0.0, "cum_cut_pct": 0.0, "days_to_pending": null, "ph_exposure": 0.0, "ph_dist_m": 2567.01, "d_fwy": 436.32, "d_art": 2325.99, "school_pi": 82.2, "crime_rate": null, "income": 103042.0, "model_mae_pct": 6.2, "segment": "ppsf:190-300,price:250000-600000", "asof": "2026-09-20 20:52"}, "geometry": {"type": "Point", "coordinates": [-81.221428, 41.750015]}}, {"type": "Feature", "properties": {"address": "4377 Orchard Ave", "city": "Perry", "zip": 44081.0, "url": "https://www.redfin.com/OH/Perry/4377-Orchard-Ave-44081/home/194952168", "price": 379900.0, "pred_price": 376685.39, "excess_pct": 1.3, "rel_discount": null, "local_mae_pct": 5.79, "pctile": 56.6, "beds": 3.0, "baths": 3.0, "sqft": 1628.0, "lot_sqft": 6969.0, "year_built": 2023.0, "ptype_cat": "single", "days_on_market": 8.0, "n_cuts": 1.0, "cum_cut_pct": -2.56, "days_to_pending": null, "ph_exposure": 0.0, "ph_dist_m": 9961.39, "d_fwy": 2974.55, "d_art": 3271.12, "school_pi": 85.8, "crime_rate": null, "income": 136959.0, "model_mae_pct": 6.2, "segment": "ppsf:190-300,price:250000-600000", "asof": "2026-09-20 20:52"}, "geometry": {"type": "Point", "coordinates": [-81.131259, 41.753081]}}, {"type": "Feature", "properties": {"address": "4161 Hidden Village Dr", "city": "Perry", "zip": 44081.0, "url": "https://www.redfin.com/OH/Perry/4161-Hidden-Village-Dr-44081/home/170943102", "price": 384900.0, "pred_price": 355899.88, "excess_pct": 8.5, "rel_discount": null, "local_mae_pct": 5.79, "pctile": 80.2, "beds": 3.0, "baths": 2.0, "sqft": 1560.0, "lot_sqft": 7209.0, "year_built": 2021.0, "ptype_cat": "single", "days_on_market": 80.0, "n_cuts": 0.0, "cum_cut_pct": 0.0, "days_to_pending": null, "ph_exposure": 0.0, "ph_dist_m": 9000.53, "d_fwy": 4003.95, "d_art": 2115.06, "school_pi": 85.8, "crime_rate": 4.38, "income": 93917.0, "model_mae_pct": 6.2, "segment": "ppsf:190-300,price:250000-600000", "asof": "2026-09-20 20:52"}, "geometry": {"type": "Point", "coordinates": [-81.144722, 41.760103]}}, {"type": "Feature", "properties": {"address": "14816 Rock Creek Rd", "city": "Chardon", "zip": 44024.0, "url": "https://www.redfin.com/OH/Chardon/14816-Rock-Creek-Rd-44024/home/75342598", "price": 399000.0, "pred_price": 379560.23, "excess_pct": 5.5, "rel_discount": null, "local_mae_pct": 5.16, "pctile": 71.5, "beds": 3.0, "baths": 2.5, "sqft": 1555.0, "lot_sqft": 141570.0, "year_built": 1993.0, "ptype_cat": "single", "days_on_market": 123.0, "n_cuts": 1.0, "cum_cut_pct": -7.21, "days_to_pending": null, "ph_exposure": 0.0, "ph_dist_m": 10055.26, "d_fwy": 9927.33, "d_art": 9176.03, "school_pi": 92.8, "crime_rate": null, "income": 125197.0, "model_mae_pct": 6.2, "segment": "ppsf:190-300,price:250000-600000", "asof": "2026-09-20 20:52"}, "geometry": {"type": "Point", "coordinates": [-81.113184, 41.631394]}}, {"type": "Feature", "properties": {"address": "4347 Beech Ave", "city": "Perry", "zip": 44081.0, "url": "https://www.redfin.com/OH/Perry/4347-Beech-Ave-44081/home/193955726", "price": 410000.0, "pred_price": 480992.85, "excess_pct": -14.4, "rel_discount": null, "local_mae_pct": 5.79, "pctile": 3.3, "beds": 4.0, "baths": 4.0, "sqft": 2100.0, "lot_sqft": 6873.0, "year_built": 2025.0, "ptype_cat": "single", "days_on_market": 135.0, "n_cuts": 0.0, "cum_cut_pct": 0.0, "days_to_pending": null, "ph_exposure": 0.0, "ph_dist_m": 9861.53, "d_fwy": 3099.55, "d_art": 3164.95, "school_pi": 85.8, "crime_rate": 4.38, "income": 93917.0, "model_mae_pct": 6.2, "segment": "ppsf:190-300,price:250000-600000", "asof": "2026-09-20 20:52"}, "geometry": {"type": "Point", "coordinates": [-81.132584, 41.753703]}}, {"type": "Feature", "properties": {"address": "6960 Sturbridge Dr", "city": "Concord Township", "zip": 44077.0, "url": "https://www.redfin.com/OH/Concord-Township/6960-Sturbridge-Dr-44077/home/66563152", "price": 554900.0, "pred_price": 556227.05, "excess_pct": 0.2, "rel_discount": null, "local_mae_pct": 5.15, "pctile": 51.1, "beds": 4.0, "baths": 3.5, "sqft": 2597.0, "lot_sqft": 50965.0, "year_built": 2004.0, "ptype_cat": "single", "days_on_market": 39.0, "n_cuts": 1.0, "cum_cut_pct": -2.63, "days_to_pending": null, "ph_exposure": 0.0, "ph_dist_m": 3552.02, "d_fwy": 490.08, "d_art": 1654.76, "school_pi": 82.2, "crime_rate": null, "income": 120069.0, "model_mae_pct": 6.2, "segment": "ppsf:190-300,price:250000-600000", "asof": "2026-09-20 20:52"}, "geometry": {"type": "Point", "coordinates": [-81.232839, 41.681259]}}, {"type": "Feature", "properties": {"address": "101 Colonial Dr", "city": "Painesville", "zip": 44077.0, "url": "https://www.redfin.com/OH/Painesville/101-Colonial-Dr-44077/home/77627266", "price": 334900.0, "pred_price": 342947.84, "excess_pct": -1.9, "rel_discount": 5.9, "local_mae_pct": 5.16, "pctile": 38.9, "beds": 3.0, "baths": 3.0, "sqft": 1702.0, "lot_sqft": 6599.0, "year_built": 2006.0, "ptype_cat": "single", "days_on_market": 3.0, "n_cuts": 0.0, "cum_cut_pct": 0.0, "days_to_pending": null, "ph_exposure": 0.05, "ph_dist_m": 614.26, "d_fwy": 1739.64, "d_art": 2140.01, "school_pi": 61.1, "crime_rate": 2.28, "income": 69694.0, "model_mae_pct": 6.2, "segment": "ppsf:190-300,price:250000-600000", "asof": "2026-09-20 20:52"}, "geometry": {"type": "Point", "coordinates": [-81.241614, 41.707248]}}, {"type": "Feature", "properties": {"address": "7394 Kniffen Rd", "city": "Painesville", "zip": 44077.0, "url": "https://www.redfin.com/OH/Painesville/7394-Kniffen-Rd-44077/home/66451689", "price": 464000.0, "pred_price": 509357.41, "excess_pct": -8.5, "rel_discount": null, "local_mae_pct": 5.16, "pctile": 14.4, "beds": 4.0, "baths": 4.0, "sqft": 2271.0, "lot_sqft": 443440.0, "year_built": 1997.0, "ptype_cat": "single", "days_on_market": 95.0, "n_cuts": 2.0, "cum_cut_pct": -2.32, "days_to_pending": null, "ph_exposure": 0.0, "ph_dist_m": 10018.19, "d_fwy": 5398.69, "d_art": 8900.85, "school_pi": 82.2, "crime_rate": null, "income": 109946.0, "model_mae_pct": 6.2, "segment": "ppsf:190-300,price:250000-600000", "asof": "2026-09-20 20:52"}, "geometry": {"type": "Point", "coordinates": [-81.134371, 41.670214]}}, {"type": "Feature", "properties": {"address": "8495 Painesville Warren Rd", "city": "Concord Township", "zip": 44077.0, "url": "https://www.redfin.com/OH/Concord-Township/8495-Painesville-Warren-Rd-44077/home/77636056", "price": 469900.0, "pred_price": 481447.99, "excess_pct": -2.0, "rel_discount": null, "local_mae_pct": 5.15, "pctile": 38.2, "beds": 4.0, "baths": 3.5, "sqft": 2176.0, "lot_sqft": 217800.0, "year_built": 1984.0, "ptype_cat": "single", "days_on_market": 26.0, "n_cuts": 0.0, "cum_cut_pct": 0.0, "days_to_pending": null, "ph_exposure": 0.0, "ph_dist_m": 2627.96, "d_fwy": 1126.96, "d_art": 3783.99, "school_pi": 82.2, "crime_rate": null, "income": 120069.0, "model_mae_pct": 6.2, "segment": "ppsf:190-300,price:250000-600000", "asof": "2026-09-20 20:52"}, "geometry": {"type": "Point", "coordinates": [-81.217308, 41.696705]}}, {"type": "Feature", "properties": {"address": "1766 Beth Page Ln", "city": "Painesville", "zip": 44077.0, "url": "https://www.redfin.com/OH/Painesville/1766-Beth-Page-Ln-44077/home/184991649", "price": 470000.0, "pred_price": 515173.43, "excess_pct": -8.4, "rel_discount": null, "local_mae_pct": 5.79, "pctile": 15.0, "beds": 5.0, "baths": 3.5, "sqft": 2448.0, "lot_sqft": 10890.0, "year_built": 2021.0, "ptype_cat": "single", "days_on_market": 6.0, "n_cuts": 0.0, "cum_cut_pct": 0.0, "days_to_pending": null, "ph_exposure": 0.0, "ph_dist_m": 3601.81, "d_fwy": 543.2, "d_art": 1388.34, "school_pi": 82.2, "crime_rate": null, "income": 103042.0, "model_mae_pct": 6.2, "segment": "ppsf:190-300,price:250000-600000", "asof": "2026-09-20 20:52"}, "geometry": {"type": "Point", "coordinates": [-81.211686, 41.756409]}}, {"type": "Feature", "properties": {"address": "5500 N Ridge Rd", "city": "Madison", "zip": 44057.0, "url": "https://www.redfin.com/OH/Madison/5500-N-Ridge-Rd-44057/home/76056492", "price": 489000.0, "pred_price": 423320.21, "excess_pct": 15.9, "rel_discount": null, "local_mae_pct": 6.51, "pctile": 90.3, "beds": 3.0, "baths": 2.5, "sqft": 1762.0, "lot_sqft": 286624.0, "year_built": 1956.0, "ptype_cat": "single", "days_on_market": 163.0, "n_cuts": 0.0, "cum_cut_pct": 0.0, "days_to_pending": null, "ph_exposure": 0.0, "ph_dist_m": 14348.15, "d_fwy": 5213.3, "d_art": 40.05, "school_pi": 76.7, "crime_rate": null, "income": 33819.0, "model_mae_pct": 6.2, "segment": "ppsf:190-300,price:250000-600000", "asof": "2026-09-20 20:52"}, "geometry": {"type": "Point", "coordinates": [-81.09267, 41.794443]}}, {"type": "Feature", "properties": {"address": "7885 Fox Hunter Ln", "city": "Painesville", "zip": 44077.0, "url": "https://www.redfin.com/OH/Painesville/7885-Fox-Hunter-Ln-44077/home/196451197", "price": 489900.0, "pred_price": 558102.28, "excess_pct": -11.8, "rel_discount": null, "local_mae_pct": 5.79, "pctile": 6.3, "beds": 3.0, "baths": 2.5, "sqft": 2121.0, "lot_sqft": 8712.0, "year_built": 2025.0, "ptype_cat": "single", "days_on_market": 33.0, "n_cuts": 0.0, "cum_cut_pct": 0.0, "days_to_pending": null, "ph_exposure": 0.0, "ph_dist_m": 6385.25, "d_fwy": 1678.78, "d_art": 282.09, "school_pi": 82.2, "crime_rate": null, "income": 136420.0, "model_mae_pct": 6.2, "segment": "ppsf:190-300,price:250000-600000", "asof": "2026-09-20 20:52"}, "geometry": {"type": "Point", "coordinates": [-81.236893, 41.655277]}}, {"type": "Feature", "properties": {"address": "12436 Painesville Warren Rd", "city": "Concord Township", "zip": 44077.0, "url": "https://www.redfin.com/OH/Concord-Township/12436-Painesville-Warren-Rd-44077/home/77635916", "price": 525000.0, "pred_price": 506945.94, "excess_pct": 4.0, "rel_discount": null, "local_mae_pct": 6.6, "pctile": 65.2, "beds": 4.0, "baths": 2.5, "sqft": 2478.0, "lot_sqft": 130680.0, "year_built": 1930.0, "ptype_cat": "single", "days_on_market": 42.0, "n_cuts": 0.0, "cum_cut_pct": 0.0, "days_to_pending": null, "ph_exposure": 0.0, "ph_dist_m": 4715.04, "d_fwy": 663.63, "d_art": 5130.0, "school_pi": 82.2, "crime_rate": null, "income": 169708.0, "model_mae_pct": 6.2, "segment": "ppsf:190-300,price:250000-600000", "asof": "2026-09-20 20:52"}, "geometry": {"type": "Point", "coordinates": [-81.191866, 41.691003]}}, {"type": "Feature", "properties": {"address": "38849 Adkins Rd", "city": "Willoughby", "zip": 44094.0, "url": "https://www.redfin.com/OH/Willoughby/38849-Adkins-Rd-44094/home/76047907", "price": 269900.0, "pred_price": 269624.18, "excess_pct": 0.5, "rel_discount": null, "local_mae_pct": 6.6, "pctile": 52.7, "beds": 3.0, "baths": 2.0, "sqft": 1260.0, "lot_sqft": 19602.0, "year_built": 1948.0, "ptype_cat": "single", "days_on_market": 143.0, "n_cuts": 0.0, "cum_cut_pct": 0.0, "days_to_pending": null, "ph_exposure": 0.0, "ph_dist_m": 5937.56, "d_fwy": 873.07, "d_art": 1051.47, "school_pi": 76.0, "crime_rate": 10.78, "income": 84188.0, "model_mae_pct": 6.2, "segment": "ppsf:190-300,price:250000-600000", "asof": "2026-09-20 20:52"}, "geometry": {"type": "Point", "coordinates": [-81.391196, 41.666203]}}, {"type": "Feature", "properties": {"address": "4276 Grove Ave", "city": "Willoughby", "zip": 44094.0, "url": "https://www.redfin.com/OH/Willoughby/4276-Grove-Ave-44094/home/77658925", "price": 299000.0, "pred_price": 323959.12, "excess_pct": -7.3, "rel_discount": null, "local_mae_pct": 6.5, "pctile": 18.0, "beds": 4.0, "baths": 2.0, "sqft": 1488.0, "lot_sqft": 9583.0, "year_built": 1955.0, "ptype_cat": "single", "days_on_market": 129.0, "n_cuts": 0.0, "cum_cut_pct": 0.0, "days_to_pending": null, "ph_exposure": 0.01, "ph_dist_m": 2124.57, "d_fwy": 641.06, "d_art": 553.94, "school_pi": 76.0, "crime_rate": 10.78, "income": 41591.0, "model_mae_pct": 6.2, "segment": "ppsf:190-300,price:250000-600000", "asof": "2026-09-20 20:52"}, "geometry": {"type": "Point", "coordinates": [-81.41908, 41.637522]}}, {"type": "Feature", "properties": {"address": "12395 Winchell Rd", "city": "Concord Twp", "zip": 44077.0, "url": "https://www.redfin.com/OH/Concord-Twp/12395-Winchell-RD-44077/home/205228779", "price": 559999.0, "pred_price": 536449.42, "excess_pct": 4.8, "rel_discount": null, "local_mae_pct": 5.15, "pctile": 69.2, "beds": 3.0, "baths": 3.5, "sqft": 2500.0, "lot_sqft": 52990.0, "year_built": 1990.0, "ptype_cat": "single", "days_on_market": 94.0, "n_cuts": 0.0, "cum_cut_pct": 0.0, "days_to_pending": null, "ph_exposure": 0.0, "ph_dist_m": 7052.75, "d_fwy": 4275.71, "d_art": 3859.67, "school_pi": 82.2, "crime_rate": null, "income": 169708.0, "model_mae_pct": 6.2, "segment": "ppsf:190-300,price:250000-600000", "asof": "2026-09-20 20:52"}, "geometry": {"type": "Point", "coordinates": [-81.194918, 41.647792]}}, {"type": "Feature", "properties": {"address": "8369 Windsong Trl", "city": "Concord Township", "zip": 44077.0, "url": "https://www.redfin.com/OH/Concord-Township/8369-Windsong-Trl-44077/home/66198349", "price": 575000.0, "pred_price": 549561.87, "excess_pct": 5.0, "rel_discount": null, "local_mae_pct": 5.15, "pctile": 69.8, "beds": 4.0, "baths": 2.5, "sqft": 2499.0, "lot_sqft": 71830.0, "year_built": 2001.0, "ptype_cat": "single", "days_on_market": 25.0, "n_cuts": 0.0, "cum_cut_pct": 0.0, "days_to_pending": null, "ph_exposure": 0.0, "ph_dist_m": 6422.21, "d_fwy": 4347.77, "d_art": 3204.23, "school_pi": 82.2, "crime_rate": null, "income": 169708.0, "model_mae_pct": 6.2, "segment": "ppsf:190-300,price:250000-600000", "asof": "2026-09-20 20:52"}, "geometry": {"type": "Point", "coordinates": [-81.203106, 41.643439]}}, {"type": "Feature", "properties": {"address": "6472 Southgrove Rd", "city": "Mentor", "zip": 44060.0, "url": "https://www.redfin.com/OH/Mentor/6472-Southgrove-Rd-44060/home/77651046", "price": 274000.0, "pred_price": 285192.14, "excess_pct": -3.5, "rel_discount": null, "local_mae_pct": 6.51, "pctile": 32.2, "beds": 3.0, "baths": 2.0, "sqft": 1328.0, "lot_sqft": 15598.0, "year_built": 1962.0, "ptype_cat": "single", "days_on_market": 86.0, "n_cuts": 0.0, "cum_cut_pct": 0.0, "days_to_pending": null, "ph_exposure": 0.0, "ph_dist_m": 2910.85, "d_fwy": 2596.83, "d_art": 3182.52, "school_pi": 85.5, "crime_rate": 13.8, "income": 68571.0, "model_mae_pct": 6.2, "segment": "ppsf:190-300,price:250000-600000", "asof": "2026-09-20 20:52"}, "geometry": {"type": "Point", "coordinates": [-81.382896, 41.695098]}}, {"type": "Feature", "properties": {"address": "766 Cherokee Trl", "city": "Willoughby", "zip": 44094.0, "url": "https://www.redfin.com/OH/Willoughby/766-Cherokee-Trl-44094/home/76048030", "price": 274900.0, "pred_price": 278515.72, "excess_pct": -0.9, "rel_discount": null, "local_mae_pct": 6.6, "pctile": 44.8, "beds": 3.0, "baths": 2.5, "sqft": 1300.0, "lot_sqft": 7997.0, "year_built": 1930.0, "ptype_cat": "single", "days_on_market": 14.0, "n_cuts": 0.0, "cum_cut_pct": 0.0, "days_to_pending": null, "ph_exposure": 0.0, "ph_dist_m": 2914.58, "d_fwy": 3487.73, "d_art": 3928.97, "school_pi": 76.0, "crime_rate": 10.78, "income": 52397.0, "model_mae_pct": 6.2, "segment": "ppsf:190-300,price:250000-600000", "asof": "2026-09-20 20:52"}, "geometry": {"type": "Point", "coordinates": [-81.390323, 41.700887]}}, {"type": "Feature", "properties": {"address": "7494 King Memorial Rd", "city": "Mentor", "zip": 44060.0, "url": "https://www.redfin.com/OH/Mentor/7494-King-Memorial-Rd-44060/home/76046176", "price": 275000.0, "pred_price": 290148.12, "excess_pct": -4.8, "rel_discount": null, "local_mae_pct": 6.51, "pctile": 27.6, "beds": 3.0, "baths": 1.5, "sqft": 1392.0, "lot_sqft": 21000.0, "year_built": 1962.0, "ptype_cat": "single", "days_on_market": 5.0, "n_cuts": 0.0, "cum_cut_pct": 0.0, "days_to_pending": null, "ph_exposure": 0.0, "ph_dist_m": 7216.68, "d_fwy": 2018.4, "d_art": 1218.84, "school_pi": 85.5, "crime_rate": 13.8, "income": 78583.0, "model_mae_pct": 6.2, "segment": "ppsf:190-300,price:250000-600000", "asof": "2026-09-20 20:52"}, "geometry": {"type": "Point", "coordinates": [-81.305021, 41.666595]}}, {"type": "Feature", "properties": {"address": "7060 Brandywine Dr", "city": "Mentor", "zip": 44060.0, "url": "https://www.redfin.com/OH/Mentor/7060-Brandywine-Dr-44060/home/66184706", "price": 280000.0, "pred_price": 301812.11, "excess_pct": -6.8, "rel_discount": null, "local_mae_pct": 5.16, "pctile": 19.6, "beds": 3.0, "baths": 2.0, "sqft": 1440.0, "lot_sqft": 9583.0, "year_built": 1981.0, "ptype_cat": "single", "days_on_market": 4.0, "n_cuts": 0.0, "cum_cut_pct": 0.0, "days_to_pending": null, "ph_exposure": 0.0, "ph_dist_m": 5771.75, "d_fwy": 2847.43, "d_art": 368.89, "school_pi": 85.5, "crime_rate": 13.8, "income": 111422.0, "model_mae_pct": 6.2, "segment": "ppsf:190-300,price:250000-600000", "asof": "2026-09-20 20:52"}, "geometry": {"type": "Point", "coordinates": [-81.293988, 41.679569]}}, {"type": "Feature", "properties": {"address": "6033 Harrison St", "city": "Mentor", "zip": 44060.0, "url": "https://www.redfin.com/OH/Mentor/6033-Harrison-St-44060/home/66085989", "price": 287500.0, "pred_price": 278507.9, "excess_pct": 3.6, "rel_discount": null, "local_mae_pct": 6.51, "pctile": 63.7, "beds": 3.0, "baths": 1.5, "sqft": 1229.0, "lot_sqft": 17323.0, "year_built": 1976.0, "ptype_cat": "single", "days_on_market": 23.0, "n_cuts": 0.0, "cum_cut_pct": 0.0, "days_to_pending": null, "ph_exposure": 0.05, "ph_dist_m": 1325.84, "d_fwy": 2323.61, "d_art": 2382.74, "school_pi": 85.5, "crime_rate": 13.8, "income": 80597.0, "model_mae_pct": 6.2, "segment": "ppsf:190-300,price:250000-600000", "asof": "2026-09-20 20:52"}, "geometry": {"type": "Point", "coordinates": [-81.35135, 41.706713]}}, {"type": "Feature", "properties": {"address": "9720 Fox Hill Trl", "city": "Concord Township", "zip": 44060.0, "url": "https://www.redfin.com/OH/Concord-Township/9720-Fox-Hill-Trl-44060/home/77638187", "price": 289900.0, "pred_price": 339517.06, "excess_pct": -14.2, "rel_discount": null, "local_mae_pct": 6.5, "pctile": 3.6, "beds": 3.0, "baths": 2.0, "sqft": 1520.0, "lot_sqft": 26571.0, "year_built": 1968.0, "ptype_cat": "single", "days_on_market": 52.0, "n_cuts": 1.0, "cum_cut_pct": -3.33, "days_to_pending": null, "ph_exposure": 0.0, "ph_dist_m": 7492.72, "d_fwy": 611.82, "d_art": 2653.56, "school_pi": 82.2, "crime_rate": null, "income": 164330.0, "model_mae_pct": 6.2, "segment": "ppsf:190-300,price:250000-600000", "asof": "2026-09-20 20:52"}, "geometry": {"type": "Point", "coordinates": [-81.291728, 41.657195]}}, {"type": "Feature", "properties": {"address": "401 7th St", "city": "Fairport Harbor", "zip": 44077.0, "url": "https://www.redfin.com/OH/Fairport-Harbor/401-7th-St-44077/home/77642577", "price": 289900.0, "pred_price": 306351.97, "excess_pct": -5.0, "rel_discount": null, "local_mae_pct": 7.39, "pctile": 26.5, "beds": 3.0, "baths": 1.5, "sqft": 1440.0, "lot_sqft": 6760.0, "year_built": 1913.0, "ptype_cat": "single", "days_on_market": 4.0, "n_cuts": 0.0, "cum_cut_pct": 0.0, "days_to_pending": null, "ph_exposure": 0.01, "ph_dist_m": 1980.94, "d_fwy": 2265.03, "d_art": 4399.18, "school_pi": 65.5, "crime_rate": null, "income": 87614.0, "model_mae_pct": 6.2, "segment": "ppsf:190-300,price:250000-600000", "asof": "2026-09-20 20:52"}, "geometry": {"type": "Point", "coordinates": [-81.273781, 41.749138]}}, {"type": "Feature", "properties": {"address": "7759 Manor Dr", "city": "Mentor On The Lake", "zip": 44060.0, "url": "https://www.redfin.com/OH/Mentor-on-the-Lake/7759-Manor-Dr-44060/home/66188013", "price": 320000.0, "pred_price": 360310.44, "excess_pct": -10.8, "rel_discount": -3.0, "local_mae_pct": 5.15, "pctile": 8.1, "beds": 3.0, "baths": 2.5, "sqft": 1684.0, "lot_sqft": 5174.0, "year_built": 2007.0, "ptype_cat": "single", "days_on_market": 23.0, "n_cuts": 0.0, "cum_cut_pct": 0.0, "days_to_pending": null, "ph_exposure": 0.07, "ph_dist_m": 1110.46, "d_fwy": 2581.2, "d_art": 2833.76, "school_pi": 85.5, "crime_rate": 8.59, "income": 51738.0, "model_mae_pct": 6.2, "segment": "ppsf:190-300,price:250000-600000", "asof": "2026-09-20 20:52"}, "geometry": {"type": "Point", "coordinates": [-81.36254, 41.705904]}}, {"type": "Feature", "properties": {"address": "419 Ridgewood Dr", "city": "Eastlake", "zip": 44095.0, "url": "https://www.redfin.com/OH/Eastlake/419-Ridgewood-Dr-44095/home/77671475", "price": 324900.0, "pred_price": 342960.96, "excess_pct": -4.9, "rel_discount": 2.9, "local_mae_pct": 6.5, "pctile": 26.9, "beds": 4.0, "baths": 1.5, "sqft": 1656.0, "lot_sqft": 9051.0, "year_built": 1971.0, "ptype_cat": "single", "days_on_market": 24.0, "n_cuts": 0.0, "cum_cut_pct": 0.0, "days_to_pending": null, "ph_exposure": 0.0, "ph_dist_m": 6178.42, "d_fwy": 2248.96, "d_art": 3087.99, "school_pi": 76.0, "crime_rate": 21.25, "income": 77852.0, "model_mae_pct": 6.2, "segment": "ppsf:190-300,price:250000-600000", "asof": "2026-09-20 20:52"}, "geometry": {"type": "Point", "coordinates": [-81.413432, 41.676058]}}, {"type": "Feature", "properties": {"address": "38247 Union St", "city": "Willoughby", "zip": 44094.0, "url": "https://www.redfin.com/OH/Willoughby/38247-Union-St-44094/home/77659446", "price": 324900.0, "pred_price": 359721.49, "excess_pct": -9.3, "rel_discount": -1.5, "local_mae_pct": 7.39, "pctile": 12.0, "beds": 3.0, "baths": 2.0, "sqft": 1580.0, "lot_sqft": 3628.0, "year_built": 1894.0, "ptype_cat": "single", "days_on_market": 36.0, "n_cuts": 2.0, "cum_cut_pct": -9.72, "days_to_pending": null, "ph_exposure": 0.0, "ph_dist_m": 2671.84, "d_fwy": 1209.32, "d_art": 480.34, "school_pi": 76.0, "crime_rate": 10.78, "income": 103550.0, "model_mae_pct": 6.2, "segment": "ppsf:190-300,price:250000-600000", "asof": "2026-09-20 20:52"}, "geometry": {"type": "Point", "coordinates": [-81.405159, 41.638179]}}, {"type": "Feature", "properties": {"address": "4316 Literary Ln", "city": "Willoughby", "zip": 44094.0, "url": "https://www.redfin.com/OH/Willoughby/4316-Literary-Ln-44094/home/200003475", "price": 449900.0, "pred_price": 423447.56, "excess_pct": 6.6, "rel_discount": null, "local_mae_pct": 5.79, "pctile": 75.4, "beds": 2.0, "baths": 2.0, "sqft": 1541.0, "lot_sqft": 4752.0, "year_built": 2026.0, "ptype_cat": "single", "days_on_market": 252.0, "n_cuts": 0.0, "cum_cut_pct": 0.0, "days_to_pending": null, "ph_exposure": 0.0, "ph_dist_m": 2475.02, "d_fwy": 1099.15, "d_art": 680.41, "school_pi": 76.0, "crime_rate": 10.78, "income": 103550.0, "model_mae_pct": 6.2, "segment": "ppsf:190-300,price:250000-600000", "asof": "2026-09-20 20:52"}, "geometry": {"type": "Point", "coordinates": [-81.405919, 41.63639]}}, {"type": "Feature", "properties": {"address": "8278 Dallas Dr", "city": "Mentor", "zip": 44060.0, "url": "https://www.redfin.com/OH/Mentor/8278-Dallas-Dr-44060/home/77652272", "price": 325000.0, "pred_price": 295868.78, "excess_pct": 10.2, "rel_discount": 18.0, "local_mae_pct": 6.51, "pctile": 83.1, "beds": 3.0, "baths": 2.0, "sqft": 1268.0, "lot_sqft": 12013.0, "year_built": 1979.0, "ptype_cat": "single", "days_on_market": 44.0, "n_cuts": 0.0, "cum_cut_pct": 0.0, "days_to_pending": null, "ph_exposure": 0.0, "ph_dist_m": 2537.83, "d_fwy": 1126.74, "d_art": 1189.28, "school_pi": 85.5, "crime_rate": 13.8, "income": 102400.0, "model_mae_pct": 6.2, "segment": "ppsf:190-300,price:250000-600000", "asof": "2026-09-20 20:52"}, "geometry": {"type": "Point", "coordinates": [-81.343434, 41.697497]}}, {"type": "Feature", "properties": {"address": "672 E 331st", "city": "Eastlake", "zip": 44095.0, "url": "https://www.redfin.com/OH/Eastlake/672-E-331st-St-44095/home/205529704", "price": 326900.0, "pred_price": 362337.56, "excess_pct": -9.4, "rel_discount": -1.6, "local_mae_pct": 5.79, "pctile": 11.4, "beds": 3.0, "baths": 2.5, "sqft": 1627.0, "lot_sqft": 8999.0, "year_built": 2026.0, "ptype_cat": "single", "days_on_market": 8.0, "n_cuts": 0.0, "cum_cut_pct": 0.0, "days_to_pending": null, "ph_exposure": 0.0, "ph_dist_m": 4478.0, "d_fwy": 2235.33, "d_art": 2257.44, "school_pi": 76.0, "crime_rate": 21.25, "income": 74018.0, "model_mae_pct": 6.2, "segment": "ppsf:190-300,price:250000-600000", "asof": "2026-09-20 20:52"}, "geometry": {"type": "Point", "coordinates": [-81.458274, 41.649902]}}, {"type": "Feature", "properties": {"address": "5799 Springwood Ct", "city": "Mentor On The Lake", "zip": 44060.0, "url": "https://www.redfin.com/OH/Mentor-on-the-Lake/5799-Springwood-Ct-44060/home/77655670", "price": 329900.0, "pred_price": 339470.92, "excess_pct": -2.4, "rel_discount": 5.4, "local_mae_pct": 6.5, "pctile": 36.8, "beds": 3.0, "baths": 1.5, "sqft": 1644.0, "lot_sqft": 8999.0, "year_built": 1978.0, "ptype_cat": "single", "days_on_market": 63.0, "n_cuts": 0.0, "cum_cut_pct": 0.0, "days_to_pending": null, "ph_exposure": 0.19, "ph_dist_m": 391.21, "d_fwy": 3240.94, "d_art": 3298.01, "school_pi": 85.5, "crime_rate": 8.59, "income": 65773.0, "model_mae_pct": 6.2, "segment": "ppsf:190-300,price:250000-600000", "asof": "2026-09-20 20:52"}, "geometry": {"type": "Point", "coordinates": [-81.358397, 41.713274]}}, {"type": "Feature", "properties": {"address": "V/L 11 Carlton Dr", "city": "Eastlake", "zip": 44095.0, "url": "https://www.redfin.com/OH/Eastlake/V-L-11-Carlton-Dr-44095/home/198447788", "price": 335000.0, "pred_price": 341167.41, "excess_pct": -1.4, "rel_discount": 6.4, "local_mae_pct": 6.17, "pctile": 42.2, "beds": 4.0, "baths": 2.5, "sqft": 1608.0, "lot_sqft": 5601.0, "year_built": null, "ptype_cat": "single", "days_on_market": 351.0, "n_cuts": 0.0, "cum_cut_pct": 3.08, "days_to_pending": null, "ph_exposure": 0.0, "ph_dist_m": 4970.16, "d_fwy": 1935.83, "d_art": 2324.69, "school_pi": 76.0, "crime_rate": 21.25, "income": 47422.0, "model_mae_pct": 6.2, "segment": "ppsf:190-300,price:250000-600000", "asof": "2026-09-20 20:52"}, "geometry": {"type": "Point", "coordinates": [-81.42988, 41.663318]}}, {"type": "Feature", "properties": {"address": "193 Linden Dr", "city": "Painesville", "zip": 44077.0, "url": "https://www.redfin.com/OH/Painesville/193-Linden-Dr-44077/home/66158578", "price": 340000.0, "pred_price": 343675.82, "excess_pct": -0.7, "rel_discount": 7.1, "local_mae_pct": 5.79, "pctile": 46.4, "beds": 3.0, "baths": 2.0, "sqft": 1586.0, "lot_sqft": 12601.0, "year_built": 2026.0, "ptype_cat": "single", "days_on_market": 12.0, "n_cuts": 0.0, "cum_cut_pct": 0.0, "days_to_pending": null, "ph_exposure": 0.0, "ph_dist_m": 2466.38, "d_fwy": 334.45, "d_art": 674.45, "school_pi": 82.2, "crime_rate": null, "income": 80982.0, "model_mae_pct": 6.2, "segment": "ppsf:190-300,price:250000-600000", "asof": "2026-09-20 20:52"}, "geometry": {"type": "Point", "coordinates": [-81.265175, 41.700342]}}, {"type": "Feature", "properties": {"address": "1606 337th St", "city": "Eastlake", "zip": 44095.0, "url": "https://www.redfin.com/OH/Eastlake/1606-E-337th-St-44095/home/66217854", "price": 350000.0, "pred_price": 354643.48, "excess_pct": -0.9, "rel_discount": 6.9, "local_mae_pct": 6.17, "pctile": 44.8, "beds": 4.0, "baths": 2.5, "sqft": 1612.0, "lot_sqft": 7405.0, "year_built": null, "ptype_cat": "single", "days_on_market": 82.0, "n_cuts": 0.0, "cum_cut_pct": 7.69, "days_to_pending": null, "ph_exposure": 0.0, "ph_dist_m": 2861.15, "d_fwy": 589.42, "d_art": 904.27, "school_pi": 76.0, "crime_rate": 21.25, "income": 43786.0, "model_mae_pct": 6.2, "segment": "ppsf:190-300,price:250000-600000", "asof": "2026-09-20 20:52"}, "geometry": {"type": "Point", "coordinates": [-81.448508, 41.636897]}}, {"type": "Feature", "properties": {"address": "V/L 13-14 Carlton Dr", "city": "Eastlake", "zip": 44095.0, "url": "https://www.redfin.com/OH/Eastlake/V-L-13-14-Carlton-Dr-44095/home/198447785", "price": 350000.0, "pred_price": 349210.06, "excess_pct": 0.6, "rel_discount": 8.4, "local_mae_pct": 6.17, "pctile": 53.5, "beds": 4.0, "baths": 2.5, "sqft": 1608.0, "lot_sqft": 8712.0, "year_built": null, "ptype_cat": "single", "days_on_market": 351.0, "n_cuts": 0.0, "cum_cut_pct": 7.69, "days_to_pending": null, "ph_exposure": 0.0, "ph_dist_m": 5002.32, "d_fwy": 1959.85, "d_art": 2356.62, "school_pi": 76.0, "crime_rate": 21.25, "income": 47422.0, "model_mae_pct": 6.2, "segment": "ppsf:190-300,price:250000-600000", "asof": "2026-09-20 20:52"}, "geometry": {"type": "Point", "coordinates": [-81.429845, 41.663611]}}, {"type": "Feature", "properties": {"address": "5725 Fortuna Dr", "city": "Mentor", "zip": 44060.0, "url": "https://www.redfin.com/OH/Mentor/5725-Fortuna-Dr-44060/home/77654159", "price": 357000.0, "pred_price": 320421.36, "excess_pct": 11.8, "rel_discount": null, "local_mae_pct": 6.51, "pctile": 85.4, "beds": 3.0, "baths": 2.0, "sqft": 1578.0, "lot_sqft": 14810.0, "year_built": 1980.0, "ptype_cat": "single", "days_on_market": 22.0, "n_cuts": 1.0, "cum_cut_pct": -1.49, "days_to_pending": null, "ph_exposure": 0.0, "ph_dist_m": 4537.93, "d_fwy": 64.57, "d_art": 2999.97, "school_pi": 85.5, "crime_rate": 13.8, "income": 105238.0, "model_mae_pct": 6.2, "segment": "ppsf:190-300,price:250000-600000", "asof": "2026-09-20 20:52"}, "geometry": {"type": "Point", "coordinates": [-81.307023, 41.715122]}}, {"type": "Feature", "properties": {"address": "29008 Uxbridge Dr", "city": "Willowick", "zip": 44095.0, "url": "https://www.redfin.com/OH/Willowick/29008-Uxbridge-Dr-44095/home/66237832", "price": 369900.0, "pred_price": 418398.83, "excess_pct": -11.2, "rel_discount": null, "local_mae_pct": 5.15, "pctile": 7.2, "beds": 3.0, "baths": 3.5, "sqft": 1860.0, "lot_sqft": 7405.0, "year_built": 1996.0, "ptype_cat": "single", "days_on_market": 23.0, "n_cuts": 0.0, "cum_cut_pct": 0.0, "days_to_pending": null, "ph_exposure": 0.0, "ph_dist_m": 4397.15, "d_fwy": 1764.87, "d_art": 3597.5, "school_pi": 76.0, "crime_rate": 3.89, "income": 68950.0, "model_mae_pct": 6.2, "segment": "ppsf:190-300,price:250000-600000", "asof": "2026-09-20 20:52"}, "geometry": {"type": "Point", "coordinates": [-81.484295, 41.631184]}}, {"type": "Feature", "properties": {"address": "4310 Literary Ln", "city": "Willoughby", "zip": 44094.0, "url": "https://www.redfin.com/OH/Willoughby/4310-Literary-Ln-44094/home/200003069", "price": 449900.0, "pred_price": 423447.56, "excess_pct": 6.6, "rel_discount": null, "local_mae_pct": 5.79, "pctile": 75.4, "beds": 2.0, "baths": 2.0, "sqft": 1541.0, "lot_sqft": 4752.0, "year_built": 2026.0, "ptype_cat": "single", "days_on_market": 252.0, "n_cuts": 0.0, "cum_cut_pct": 0.0, "days_to_pending": null, "ph_exposure": 0.0, "ph_dist_m": 2475.02, "d_fwy": 1099.15, "d_art": 680.41, "school_pi": 76.0, "crime_rate": 10.78, "income": 103550.0, "model_mae_pct": 6.2, "segment": "ppsf:190-300,price:250000-600000", "asof": "2026-09-20 20:52"}, "geometry": {"type": "Point", "coordinates": [-81.405919, 41.63639]}}, {"type": "Feature", "properties": {"address": "7390 Belvedere Dr", "city": "Mentor", "zip": 44060.0, "url": "https://www.redfin.com/OH/Mentor/7390-Belvedere-Dr-44060/home/76055397", "price": 435000.0, "pred_price": 432395.78, "excess_pct": 1.0, "rel_discount": null, "local_mae_pct": 6.51, "pctile": 55.1, "beds": 4.0, "baths": 2.0, "sqft": 2196.0, "lot_sqft": 30191.0, "year_built": 1976.0, "ptype_cat": "single", "days_on_market": 16.0, "n_cuts": 0.0, "cum_cut_pct": 0.0, "days_to_pending": null, "ph_exposure": 0.0, "ph_dist_m": 6864.62, "d_fwy": 2012.43, "d_art": 1215.07, "school_pi": 85.5, "crime_rate": 13.8, "income": 111422.0, "model_mae_pct": 6.2, "segment": "ppsf:190-300,price:250000-600000", "asof": "2026-09-20 20:52"}, "geometry": {"type": "Point", "coordinates": [-81.298881, 41.668996]}}, {"type": "Feature", "properties": {"address": "253 E 288th St", "city": "Willowick", "zip": 44095.0, "url": "https://www.redfin.com/OH/Willowick/253-E-288th-St-44095/home/77662436", "price": 259900.0, "pred_price": 292492.28, "excess_pct": -10.7, "rel_discount": null, "local_mae_pct": 6.5, "pctile": 8.4, "beds": 3.0, "baths": 3.0, "sqft": 1123.0, "lot_sqft": 7248.0, "year_built": 1953.0, "ptype_cat": "single", "days_on_market": 41.0, "n_cuts": 1.0, "cum_cut_pct": -3.38, "days_to_pending": null, "ph_exposure": 0.0, "ph_dist_m": 4073.62, "d_fwy": 1396.64, "d_art": 3327.87, "school_pi": 76.0, "crime_rate": 3.89, "income": 74306.0, "model_mae_pct": 6.2, "segment": "ppsf:190-300,price:250000-600000", "asof": "2026-09-20 20:52"}, "geometry": {"type": "Point", "coordinates": [-81.482609, 41.628106]}}, {"type": "Feature", "properties": {"address": "8665 Rosebud Dr", "city": "Mentor", "zip": 44060.0, "url": "https://www.redfin.com/OH/Mentor/8665-Rosebud-Dr-44060/home/66224749", "price": 305000.0, "pred_price": 262914.63, "excess_pct": 16.4, "rel_discount": 24.2, "local_mae_pct": 6.51, "pctile": 91.6, "beds": 3.0, "baths": 1.5, "sqft": 1200.0, "lot_sqft": 7318.0, "year_built": 1973.0, "ptype_cat": "single", "days_on_market": 17.0, "n_cuts": 0.0, "cum_cut_pct": 0.0, "days_to_pending": null, "ph_exposure": 0.0, "ph_dist_m": 6023.02, "d_fwy": 2126.72, "d_art": 361.44, "school_pi": 85.5, "crime_rate": 13.8, "income": 104527.0, "model_mae_pct": 6.2, "segment": "ppsf:190-300,price:250000-600000", "asof": "2026-09-20 20:52"}, "geometry": {"type": "Point", "coordinates": [-81.329639, 41.667192]}}, {"type": "Feature", "properties": {"address": "8218 Comet Ct", "city": "Mentor", "zip": 44060.0, "url": "https://www.redfin.com/OH/Mentor/8218-Comet-Ct-44060/home/77652961", "price": 305000.0, "pred_price": 290996.85, "excess_pct": 5.2, "rel_discount": 13.0, "local_mae_pct": 6.51, "pctile": 70.3, "beds": 3.0, "baths": 2.0, "sqft": 1320.0, "lot_sqft": 18443.0, "year_built": 1969.0, "ptype_cat": "single", "days_on_market": 39.0, "n_cuts": 1.0, "cum_cut_pct": -3.17, "days_to_pending": null, "ph_exposure": 0.03, "ph_dist_m": 1585.54, "d_fwy": 2273.85, "d_art": 2390.14, "school_pi": 85.5, "crime_rate": 13.8, "income": 68667.0, "model_mae_pct": 6.2, "segment": "ppsf:190-300,price:250000-600000", "asof": "2026-09-20 20:52"}, "geometry": {"type": "Point", "coordinates": [-81.345433, 41.708274]}}, {"type": "Feature", "properties": {"address": "2091 Farroni Dr", "city": "Willoughby", "zip": 44094.0, "url": "https://www.redfin.com/OH/Willoughby/2091-Farroni-Dr-44094/home/179062910", "price": 399900.0, "pred_price": 372910.83, "excess_pct": 7.6, "rel_discount": null, "local_mae_pct": 5.79, "pctile": 78.2, "beds": 3.0, "baths": 2.0, "sqft": 1628.0, "lot_sqft": 9099.0, "year_built": 2020.0, "ptype_cat": "single", "days_on_market": 95.0, "n_cuts": 0.0, "cum_cut_pct": 0.0, "days_to_pending": null, "ph_exposure": 0.0, "ph_dist_m": 5179.73, "d_fwy": 1920.83, "d_art": 1920.83, "school_pi": 76.0, "crime_rate": 10.78, "income": 84188.0, "model_mae_pct": 6.2, "segment": "ppsf:190-300,price:250000-600000", "asof": "2026-09-20 20:52"}, "geometry": {"type": "Point", "coordinates": [-81.396648, 41.67734]}}, {"type": "Feature", "properties": {"address": "7194 Hayes Blvd", "city": "Mentor", "zip": 44060.0, "url": "https://www.redfin.com/OH/Mentor/7194-Hayes-Blvd-44060/home/66178984", "price": 419000.0, "pred_price": 434701.5, "excess_pct": -3.2, "rel_discount": null, "local_mae_pct": 6.51, "pctile": 33.2, "beds": 4.0, "baths": 2.5, "sqft": 2063.0, "lot_sqft": 16718.0, "year_built": 1968.0, "ptype_cat": "single", "days_on_market": 5.0, "n_cuts": 0.0, "cum_cut_pct": 0.0, "days_to_pending": null, "ph_exposure": 0.0, "ph_dist_m": 4548.99, "d_fwy": 491.5, "d_art": 1127.75, "school_pi": 85.5, "crime_rate": 13.8, "income": 95036.0, "model_mae_pct": 6.2, "segment": "ppsf:190-300,price:250000-600000", "asof": "2026-09-20 20:52"}, "geometry": {"type": "Point", "coordinates": [-81.372599, 41.675749]}}, {"type": "Feature", "properties": {"address": "7205 Cody Ct", "city": "Mentor", "zip": 44060.0, "url": "https://www.redfin.com/OH/Mentor/7205-Cody-Ct-44060/home/179061464", "price": 419900.0, "pred_price": 510932.98, "excess_pct": -17.4, "rel_discount": null, "local_mae_pct": 5.8, "pctile": 1.3, "beds": 3.0, "baths": 3.5, "sqft": 2174.0, "lot_sqft": 7540.0, "year_built": 2021.0, "ptype_cat": "single", "days_on_market": 10.0, "n_cuts": 1.0, "cum_cut_pct": -4.57, "days_to_pending": null, "ph_exposure": 0.0, "ph_dist_m": 4491.9, "d_fwy": 797.37, "d_art": 369.98, "school_pi": 85.5, "crime_rate": 13.8, "income": 38295.0, "model_mae_pct": 6.2, "segment": "ppsf:190-300,price:250000-600000", "asof": "2026-09-20 20:52"}, "geometry": {"type": "Point", "coordinates": [-81.383492, 41.645379]}}, {"type": "Feature", "properties": {"address": "5026 Wake Robin Rd", "city": "Mentor", "zip": 44060.0, "url": "https://www.redfin.com/OH/Mentor/5026-Wake-Robin-Rd-44060/home/175191305", "price": 425000.0, "pred_price": 412415.4, "excess_pct": 3.5, "rel_discount": null, "local_mae_pct": 6.18, "pctile": 63.2, "beds": 3.0, "baths": 3.0, "sqft": 1900.0, "lot_sqft": 6481.0, "year_built": null, "ptype_cat": "single", "days_on_market": 222.0, "n_cuts": 0.0, "cum_cut_pct": 0.0, "days_to_pending": null, "ph_exposure": 0.0, "ph_dist_m": 4052.3, "d_fwy": 2356.3, "d_art": 4970.04, "school_pi": 85.5, "crime_rate": 13.8, "income": 81921.0, "model_mae_pct": 6.2, "segment": "ppsf:190-300,price:250000-600000", "asof": "2026-09-20 20:52"}, "geometry": {"type": "Point", "coordinates": [-81.31932, 41.734062]}}, {"type": "Feature", "properties": {"address": "7967 Dovegate Dr", "city": "Mentor", "zip": 44060.0, "url": "https://www.redfin.com/OH/Mentor/7967-Dovegate-Dr-44060/home/76779599", "price": 499900.0, "pred_price": 514073.29, "excess_pct": -2.4, "rel_discount": null, "local_mae_pct": 5.8, "pctile": 36.8, "beds": 3.0, "baths": 2.0, "sqft": 2206.0, "lot_sqft": 8746.0, "year_built": 2014.0, "ptype_cat": "single", "days_on_market": 2.0, "n_cuts": 0.0, "cum_cut_pct": 0.0, "days_to_pending": null, "ph_exposure": 0.0, "ph_dist_m": 7035.92, "d_fwy": 703.74, "d_art": 265.79, "school_pi": 85.5, "crime_rate": 13.8, "income": 96384.0, "model_mae_pct": 6.2, "segment": "ppsf:190-300,price:250000-600000", "asof": "2026-09-20 20:52"}, "geometry": {"type": "Point", "coordinates": [-81.343605, 41.653953]}}, {"type": "Feature", "properties": {"address": "9147 Dove Ln", "city": "Mentor", "zip": 44060.0, "url": "https://www.redfin.com/OH/Mentor/9147-Dove-Ln-44060/home/200364256", "price": 525000.0, "pred_price": 521142.74, "excess_pct": 1.1, "rel_discount": null, "local_mae_pct": 5.8, "pctile": 55.7, "beds": 4.0, "baths": 2.5, "sqft": 2400.0, "lot_sqft": 3484.0, "year_built": 2026.0, "ptype_cat": "single", "days_on_market": 226.0, "n_cuts": 0.0, "cum_cut_pct": 0.0, "days_to_pending": null, "ph_exposure": 0.0, "ph_dist_m": 4218.96, "d_fwy": 100.83, "d_art": 2974.81, "school_pi": 85.5, "crime_rate": 13.8, "income": 105238.0, "model_mae_pct": 6.2, "segment": "ppsf:190-300,price:250000-600000", "asof": "2026-09-20 20:52"}, "geometry": {"type": "Point", "coordinates": [-81.311245, 41.711143]}}, {"type": "Feature", "properties": {"address": "38847 Sunset Trl", "city": "Willoughby", "zip": 44094.0, "url": "https://www.redfin.com/OH/Willoughby/38847-Sunset-Trl-44094/home/66145005", "price": 525000.0, "pred_price": 447908.77, "excess_pct": 17.6, "rel_discount": null, "local_mae_pct": 6.5, "pctile": 93.0, "beds": 3.0, "baths": 2.0, "sqft": 2180.0, "lot_sqft": 8637.0, "year_built": 1951.0, "ptype_cat": "single", "days_on_market": 69.0, "n_cuts": 0.0, "cum_cut_pct": 0.0, "days_to_pending": null, "ph_exposure": 0.0, "ph_dist_m": 2557.46, "d_fwy": 3866.29, "d_art": 4498.61, "school_pi": 76.0, "crime_rate": 10.78, "income": 52397.0, "model_mae_pct": 6.2, "segment": "ppsf:190-300,price:250000-600000", "asof": "2026-09-20 20:52"}, "geometry": {"type": "Point", "coordinates": [-81.389702, 41.706265]}}, {"type": "Feature", "properties": {"address": "35965 Lake Shore Blvd", "city": "Eastlake", "zip": 44095.0, "url": "https://www.redfin.com/OH/Eastlake/35965-Lake-Shore-Blvd-44095/home/76062486", "price": 599000.0, "pred_price": 514696.31, "excess_pct": 16.8, "rel_discount": null, "local_mae_pct": 5.79, "pctile": 92.0, "beds": 4.0, "baths": 3.0, "sqft": 2200.0, "lot_sqft": 27007.0, "year_built": 2026.0, "ptype_cat": "single", "days_on_market": 16.0, "n_cuts": 0.0, "cum_cut_pct": 0.0, "days_to_pending": null, "ph_exposure": 0.0, "ph_dist_m": 5978.96, "d_fwy": 2512.19, "d_art": 3334.99, "school_pi": 76.0, "crime_rate": 21.25, "income": 55337.0, "model_mae_pct": 6.2, "segment": "ppsf:190-300,price:250000-600000", "asof": "2026-09-20 20:52"}, "geometry": {"type": "Point", "coordinates": [-81.425691, 41.672601]}}, {"type": "Feature", "properties": {"address": "8274 Clydesdale Dr", "city": "Mentor", "zip": 44060.0, "url": "https://www.redfin.com/OH/Mentor/8274-Clydesdale-Dr-44060/home/190865764", "price": 599990.0, "pred_price": 563262.65, "excess_pct": 6.9, "rel_discount": null, "local_mae_pct": 5.8, "pctile": 76.3, "beds": 3.0, "baths": 3.5, "sqft": 2682.0, "lot_sqft": 8712.0, "year_built": 2026.0, "ptype_cat": "single", "days_on_market": 159.0, "n_cuts": 1.0, "cum_cut_pct": -4.0, "days_to_pending": null, "ph_exposure": 0.0, "ph_dist_m": 5618.07, "d_fwy": 384.94, "d_art": 684.74, "school_pi": 85.5, "crime_rate": 13.8, "income": 66023.0, "model_mae_pct": 6.2, "segment": "ppsf:190-300,price:250000-600000", "asof": "2026-09-20 20:52"}, "geometry": {"type": "Point", "coordinates": [-81.36747, 41.646242]}}, {"type": "Feature", "properties": {"address": "8264 Cedar Rd", "city": "Chesterland", "zip": 44026.0, "url": "https://www.redfin.com/OH/Chesterland/8264-Cedar-Rd-44026/home/66432888", "price": 305000.0, "pred_price": 318130.26, "excess_pct": -3.7, "rel_discount": null, "local_mae_pct": 6.5, "pctile": 31.5, "beds": 3.0, "baths": 1.0, "sqft": 1360.0, "lot_sqft": 56628.0, "year_built": 1957.0, "ptype_cat": "single", "days_on_market": 1.0, "n_cuts": 0.0, "cum_cut_pct": 0.0, "days_to_pending": null, "ph_exposure": 0.0, "ph_dist_m": 7388.97, "d_fwy": 7983.41, "d_art": 607.98, "school_pi": 98.8, "crime_rate": null, "income": 89321.0, "model_mae_pct": 6.2, "segment": "ppsf:190-300,price:250000-600000", "asof": "2026-09-20 20:52"}, "geometry": {"type": "Point", "coordinates": [-81.346607, 41.507812]}}, {"type": "Feature", "properties": {"address": "9117 Dove Ln", "city": "Mentor", "zip": 44060.0, "url": "https://www.redfin.com/OH/Mentor/9117-Dove-Ln-44060/home/200364253", "price": 549900.0, "pred_price": 445198.94, "excess_pct": 23.9, "rel_discount": null, "local_mae_pct": 5.8, "pctile": 97.4, "beds": 3.0, "baths": 2.0, "sqft": 1834.0, "lot_sqft": 9300.0, "year_built": 2026.0, "ptype_cat": "single", "days_on_market": 11.0, "n_cuts": 0.0, "cum_cut_pct": 0.0, "days_to_pending": null, "ph_exposure": 0.0, "ph_dist_m": 4126.02, "d_fwy": 178.82, "d_art": 3043.71, "school_pi": 85.5, "crime_rate": 13.8, "income": 105238.0, "model_mae_pct": 6.2, "segment": "ppsf:190-300,price:250000-600000", "asof": "2026-09-20 20:52"}, "geometry": {"type": "Point", "coordinates": [-81.31238, 41.711092]}}, {"type": "Feature", "properties": {"address": "9390 Brakeman Rd", "city": "Chardon", "zip": 44024.0, "url": "https://www.redfin.com/OH/Chardon/9390-Brakeman-Rd-44024/home/75342308", "price": 329000.0, "pred_price": 358661.91, "excess_pct": -7.9, "rel_discount": null, "local_mae_pct": 6.51, "pctile": 16.6, "beds": 3.0, "baths": 2.0, "sqft": 1620.0, "lot_sqft": null, "year_built": 1969.0, "ptype_cat": "single", "days_on_market": 7.0, "n_cuts": 0.0, "cum_cut_pct": 0.0, "days_to_pending": null, "ph_exposure": 0.0, "ph_dist_m": 6933.78, "d_fwy": 9784.06, "d_art": 6023.65, "school_pi": 92.8, "crime_rate": null, "income": 125197.0, "model_mae_pct": 6.2, "segment": "ppsf:190-300,price:250000-600000", "asof": "2026-09-20 20:52"}, "geometry": {"type": "Point", "coordinates": [-81.143705, 41.614601]}}, {"type": "Feature", "properties": {"address": "330 Cynthia Dr", "city": "Chardon", "zip": 44024.0, "url": "https://www.redfin.com/OH/Chardon/330-Cynthia-Dr-44024/home/66094480", "price": 259900.0, "pred_price": 318048.34, "excess_pct": -17.9, "rel_discount": null, "local_mae_pct": 6.51, "pctile": 1.1, "beds": 3.0, "baths": 1.0, "sqft": 1348.0, "lot_sqft": 11891.0, "year_built": 1960.0, "ptype_cat": "single", "days_on_market": 6.0, "n_cuts": 1.0, "cum_cut_pct": -1.92, "days_to_pending": null, "ph_exposure": 0.03, "ph_dist_m": 1442.92, "d_fwy": 11116.86, "d_art": 820.5, "school_pi": 92.8, "crime_rate": 6.69, "income": 56439.0, "model_mae_pct": 6.2, "segment": "ppsf:190-300,price:250000-600000", "asof": "2026-09-20 20:52"}, "geometry": {"type": "Point", "coordinates": [-81.193573, 41.576686]}}, {"type": "Feature", "properties": {"address": "455 N Hambden St", "city": "Chardon", "zip": 44024.0, "url": "https://www.redfin.com/OH/Chardon/455-N-Hambden-St-44024/home/75350826", "price": 400000.0, "pred_price": 379576.49, "excess_pct": 5.8, "rel_discount": null, "local_mae_pct": 7.39, "pctile": 73.1, "beds": 4.0, "baths": 1.5, "sqft": 1983.0, "lot_sqft": 23086.0, "year_built": 1890.0, "ptype_cat": "single", "days_on_market": 2.0, "n_cuts": 0.0, "cum_cut_pct": 0.0, "days_to_pending": null, "ph_exposure": 0.01, "ph_dist_m": 2160.22, "d_fwy": 10428.28, "d_art": 865.7, "school_pi": 92.8, "crime_rate": 6.69, "income": 100147.0, "model_mae_pct": 6.2, "segment": "ppsf:190-300,price:250000-600000", "asof": "2026-09-20 20:52"}, "geometry": {"type": "Point", "coordinates": [-81.192514, 41.583846]}}, {"type": "Feature", "properties": {"address": "7700 Clydesdale Dr", "city": "Mentor", "zip": 44060.0, "url": "https://www.redfin.com/OH/Mentor/7700-Clydesdale-Dr-44060/home/190865753", "price": 565000.0, "pred_price": 578674.78, "excess_pct": -2.0, "rel_discount": null, "local_mae_pct": 5.8, "pctile": 38.2, "beds": 5.0, "baths": 3.0, "sqft": 2803.0, "lot_sqft": 5649.0, "year_built": 2024.0, "ptype_cat": "single", "days_on_market": 56.0, "n_cuts": 1.0, "cum_cut_pct": -4.22, "days_to_pending": null, "ph_exposure": 0.0, "ph_dist_m": 5722.88, "d_fwy": 342.46, "d_art": 817.52, "school_pi": 85.5, "crime_rate": 13.8, "income": 66023.0, "model_mae_pct": 6.2, "segment": "ppsf:190-300,price:250000-600000", "asof": "2026-09-20 20:52"}, "geometry": {"type": "Point", "coordinates": [-81.365881, 41.646127]}}, {"type": "Feature", "properties": {"address": "117 Cedar Gln", "city": "Chardon", "zip": 44024.0, "url": "https://www.redfin.com/OH/Chardon/117-Cedar-Gln-44024/home/75360467", "price": 349900.0, "pred_price": 366756.11, "excess_pct": -4.2, "rel_discount": null, "local_mae_pct": 5.16, "pctile": 30.4, "beds": 3.0, "baths": 4.0, "sqft": 1683.0, "lot_sqft": 7405.0, "year_built": 1996.0, "ptype_cat": "single", "days_on_market": 344.0, "n_cuts": 0.0, "cum_cut_pct": 0.0, "days_to_pending": null, "ph_exposure": 0.12, "ph_dist_m": 190.97, "d_fwy": 12235.27, "d_art": 490.61, "school_pi": 92.8, "crime_rate": 6.69, "income": 141463.0, "model_mae_pct": 6.2, "segment": "ppsf:190-300,price:250000-600000", "asof": "2026-09-20 20:52"}, "geometry": {"type": "Point", "coordinates": [-81.195241, 41.564848]}}, {"type": "Feature", "properties": {"address": "9875 Mentor Rd", "city": "Chardon", "zip": 44024.0, "url": "https://www.redfin.com/OH/Chardon/9875-Mentor-Rd-44024/home/66398995", "price": 350000.0, "pred_price": 386722.89, "excess_pct": -9.1, "rel_discount": null, "local_mae_pct": 5.16, "pctile": 12.3, "beds": 3.0, "baths": 1.5, "sqft": 1764.0, "lot_sqft": 87120.0, "year_built": 1987.0, "ptype_cat": "single", "days_on_market": 3.0, "n_cuts": 0.0, "cum_cut_pct": 0.0, "days_to_pending": null, "ph_exposure": 0.0, "ph_dist_m": 2564.69, "d_fwy": 6683.4, "d_art": 623.34, "school_pi": 92.8, "crime_rate": null, "income": 130714.0, "model_mae_pct": 6.2, "segment": "ppsf:190-300,price:250000-600000", "asof": "2026-09-20 20:52"}, "geometry": {"type": "Point", "coordinates": [-81.239837, 41.603094]}}, {"type": "Feature", "properties": {"address": "12684 Taylor Wells Rd", "city": "Chardon", "zip": 44024.0, "url": "https://www.redfin.com/OH/Chardon/12684-Taylor-Wells-Rd-44024/home/66250842", "price": 365000.0, "pred_price": 303710.73, "excess_pct": 20.6, "rel_discount": null, "local_mae_pct": 6.51, "pctile": 95.5, "beds": 3.0, "baths": 2.0, "sqft": 1318.0, "lot_sqft": 413820.0, "year_built": 1955.0, "ptype_cat": "single", "days_on_market": 23.0, "n_cuts": 0.0, "cum_cut_pct": 0.0, "days_to_pending": null, "ph_exposure": 0.0, "ph_dist_m": 5293.79, "d_fwy": 15638.71, "d_art": 2612.6, "school_pi": 79.4, "crime_rate": null, "income": 95781.0, "model_mae_pct": 6.2, "segment": "ppsf:190-300,price:250000-600000", "asof": "2026-09-20 20:52"}, "geometry": {"type": "Point", "coordinates": [-81.162352, 41.524137]}}, {"type": "Feature", "properties": {"address": "7924 Heatherglen Dr", "city": "Mentor", "zip": 44060.0, "url": "https://www.redfin.com/OH/Mentor/7924-Heatherglen-Dr-44060/home/113160720", "price": 549900.0, "pred_price": 536698.59, "excess_pct": 2.9, "rel_discount": null, "local_mae_pct": 5.8, "pctile": 61.4, "beds": 3.0, "baths": 3.5, "sqft": 2492.0, "lot_sqft": 13028.0, "year_built": 2017.0, "ptype_cat": "single", "days_on_market": 48.0, "n_cuts": 2.0, "cum_cut_pct": -3.51, "days_to_pending": null, "ph_exposure": 0.0, "ph_dist_m": 6964.19, "d_fwy": 925.94, "d_art": 749.41, "school_pi": 85.5, "crime_rate": 13.8, "income": 96384.0, "model_mae_pct": 6.2, "segment": "ppsf:190-300,price:250000-600000", "asof": "2026-09-20 20:52"}, "geometry": {"type": "Point", "coordinates": [-81.349414, 41.653817]}}, {"type": "Feature", "properties": {"address": "13721 Spring St", "city": "Burton", "zip": 44021.0, "url": "https://www.redfin.com/OH/Burton/13721-Spring-St-44021/home/75350798", "price": 375000.0, "pred_price": 417539.35, "excess_pct": -9.8, "rel_discount": null, "local_mae_pct": 7.39, "pctile": 9.8, "beds": 4.0, "baths": 1.0, "sqft": 1949.0, "lot_sqft": 15681.0, "year_built": 1900.0, "ptype_cat": "single", "days_on_market": 81.0, "n_cuts": 0.0, "cum_cut_pct": 0.0, "days_to_pending": null, "ph_exposure": 0.0, "ph_dist_m": 5544.26, "d_fwy": 10264.82, "d_art": 3682.7, "school_pi": 79.4, "crime_rate": null, "income": 69408.0, "model_mae_pct": 6.2, "segment": "ppsf:190-300,price:250000-600000", "asof": "2026-09-20 20:52"}, "geometry": {"type": "Point", "coordinates": [-81.149538, 41.472374]}}, {"type": "Feature", "properties": {"address": "14706 Steeplechase Dr", "city": "Middlefield", "zip": 44062.0, "url": "https://www.redfin.com/OH/Middlefield/14706-Steeplechase-Dr-44062/home/75354373", "price": 379900.0, "pred_price": 319621.02, "excess_pct": 19.3, "rel_discount": null, "local_mae_pct": 6.17, "pctile": 95.0, "beds": 3.0, "baths": 2.0, "sqft": 1369.0, "lot_sqft": 11761.0, "year_built": null, "ptype_cat": "single", "days_on_market": 253.0, "n_cuts": 0.0, "cum_cut_pct": 20.64, "days_to_pending": null, "ph_exposure": 0.0, "ph_dist_m": 2524.41, "d_fwy": 14041.39, "d_art": 10780.48, "school_pi": 76.4, "crime_rate": null, "income": 65971.0, "model_mae_pct": 6.2, "segment": "ppsf:190-300,price:250000-600000", "asof": "2026-09-20 20:52"}, "geometry": {"type": "Point", "coordinates": [-81.061492, 41.467651]}}, {"type": "Feature", "properties": {"address": "13813 Ravenna Rd", "city": "Newbury", "zip": 44065.0, "url": "https://www.redfin.com/OH/Newbury/13813-Ravenna-Rd-44065/home/75367557", "price": 375000.0, "pred_price": 352192.88, "excess_pct": 6.9, "rel_discount": null, "local_mae_pct": 6.5, "pctile": 76.3, "beds": 2.0, "baths": 1.5, "sqft": 1317.0, "lot_sqft": 168141.0, "year_built": 1953.0, "ptype_cat": "single", "days_on_market": 59.0, "n_cuts": 2.0, "cum_cut_pct": -6.25, "days_to_pending": null, "ph_exposure": 0.0, "ph_dist_m": 4843.83, "d_fwy": 11953.89, "d_art": 37.59, "school_pi": 98.8, "crime_rate": null, "income": 103456.0, "model_mae_pct": 6.2, "segment": "ppsf:190-300,price:250000-600000", "asof": "2026-09-20 20:52"}, "geometry": {"type": "Point", "coordinates": [-81.193163, 41.492239]}}, {"type": "Feature", "properties": {"address": "7415 Avon Ln", "city": "Chesterland", "zip": 44026.0, "url": "https://www.redfin.com/OH/Chesterland/7415-Avon-Ln-44026/home/75345163", "price": 299900.0, "pred_price": 363806.55, "excess_pct": -17.2, "rel_discount": null, "local_mae_pct": 6.5, "pctile": 1.5, "beds": 3.0, "baths": 1.5, "sqft": 1512.0, "lot_sqft": 46173.0, "year_built": 1974.0, "ptype_cat": "single", "days_on_market": 50.0, "n_cuts": 1.0, "cum_cut_pct": -3.26, "days_to_pending": null, "ph_exposure": 0.0, "ph_dist_m": 4775.29, "d_fwy": 5375.27, "d_art": 528.4, "school_pi": 98.8, "crime_rate": null, "income": 161726.0, "model_mae_pct": 6.2, "segment": "ppsf:190-300,price:250000-600000", "asof": "2026-09-20 20:52"}, "geometry": {"type": "Point", "coordinates": [-81.376505, 41.517818]}}, {"type": "Feature", "properties": {"address": "992 Lander Rd", "city": "Highland Heights", "zip": 44143.0, "url": "https://www.redfin.com/OH/Highland-Heights/992-Lander-Rd-44143/home/71112187", "price": 299900.0, "pred_price": 330779.44, "excess_pct": -8.9, "rel_discount": -4.2, "local_mae_pct": 6.5, "pctile": 12.9, "beds": 3.0, "baths": 1.5, "sqft": 1488.0, "lot_sqft": 52594.0, "year_built": 1953.0, "ptype_cat": "single", "days_on_market": 68.0, "n_cuts": 2.0, "cum_cut_pct": -7.72, "days_to_pending": null, "ph_exposure": 0.01, "ph_dist_m": 2330.76, "d_fwy": 1217.55, "d_art": 1475.53, "school_pi": 87.8, "crime_rate": 8.15, "income": 119821.0, "model_mae_pct": 6.2, "segment": "ppsf:190-300,price:250000-600000", "asof": "2026-09-20 20:52"}, "geometry": {"type": "Point", "coordinates": [-81.463682, 41.533368]}}, {"type": "Feature", "properties": {"address": "17099 Creighton Dr", "city": "Auburn Township", "zip": 44023.0, "url": "https://www.redfin.com/OH/Auburn-Township/17099-Creighton-Dr-44023/home/66108505", "price": 499900.0, "pred_price": 563079.04, "excess_pct": -10.8, "rel_discount": null, "local_mae_pct": 6.5, "pctile": 8.1, "beds": 5.0, "baths": 2.5, "sqft": 2579.0, "lot_sqft": 109335.0, "year_built": 1979.0, "ptype_cat": "single", "days_on_market": 23.0, "n_cuts": 0.0, "cum_cut_pct": 0.0, "days_to_pending": null, "ph_exposure": 0.0, "ph_dist_m": 7455.16, "d_fwy": 2305.46, "d_art": 3175.38, "school_pi": 94.5, "crime_rate": null, "income": 230646.0, "model_mae_pct": 6.2, "segment": "ppsf:190-300,price:250000-600000", "asof": "2026-09-20 20:52"}, "geometry": {"type": "Point", "coordinates": [-81.251823, 41.40397]}}, {"type": "Feature", "properties": {"address": "441 Hidden Feather Dr", "city": "Chardon", "zip": 44024.0, "url": "https://www.redfin.com/OH/Chardon/441-Hidden-Feather-Dr-44024/home/205589178", "price": 550000.0, "pred_price": 472113.27, "excess_pct": 16.9, "rel_discount": null, "local_mae_pct": 5.79, "pctile": 92.2, "beds": 4.0, "baths": 2.5, "sqft": 2084.0, "lot_sqft": 8276.0, "year_built": 2026.0, "ptype_cat": "single", "days_on_market": 3.0, "n_cuts": 0.0, "cum_cut_pct": 0.0, "days_to_pending": null, "ph_exposure": 0.08, "ph_dist_m": 737.71, "d_fwy": 12959.76, "d_art": 508.56, "school_pi": 92.8, "crime_rate": 6.69, "income": 141463.0, "model_mae_pct": 6.2, "segment": "ppsf:190-300,price:250000-600000", "asof": "2026-09-20 20:52"}, "geometry": {"type": "Point", "coordinates": [-81.191421, 41.558962]}}, {"type": "Feature", "properties": {"address": "11335 Woodie Glen Dr", "city": "Chardon", "zip": 44024.0, "url": "https://www.redfin.com/OH/Chardon/11335-Woodie-Glen-Dr-44024/home/66472395", "price": 565000.0, "pred_price": 551757.14, "excess_pct": 2.8, "rel_discount": null, "local_mae_pct": 5.16, "pctile": 61.2, "beds": 3.0, "baths": 2.5, "sqft": 2716.0, "lot_sqft": 130680.0, "year_built": 2000.0, "ptype_cat": "single", "days_on_market": 30.0, "n_cuts": 2.0, "cum_cut_pct": -5.82, "days_to_pending": null, "ph_exposure": 0.01, "ph_dist_m": 1902.44, "d_fwy": 7323.79, "d_art": 294.93, "school_pi": 92.8, "crime_rate": null, "income": 130714.0, "model_mae_pct": 6.2, "segment": "ppsf:190-300,price:250000-600000", "asof": "2026-09-20 20:52"}, "geometry": {"type": "Point", "coordinates": [-81.234162, 41.598917]}}, {"type": "Feature", "properties": {"address": "34910 Martin Rd", "city": "Willoughby Hills", "zip": 44094.0, "url": "https://www.redfin.com/OH/Willoughby-Hills/34910-Martin-Rd-44094/home/66327610", "price": 320000.0, "pred_price": 346798.37, "excess_pct": -7.3, "rel_discount": 0.5, "local_mae_pct": 6.5, "pctile": 18.0, "beds": 3.0, "baths": 1.5, "sqft": 1585.0, "lot_sqft": 43124.0, "year_built": 1955.0, "ptype_cat": "single", "days_on_market": 331.0, "n_cuts": 0.0, "cum_cut_pct": 0.0, "days_to_pending": null, "ph_exposure": 0.0, "ph_dist_m": 2715.35, "d_fwy": 780.82, "d_art": 103.68, "school_pi": 76.0, "crime_rate": null, "income": 95833.0, "model_mae_pct": 6.2, "segment": "ppsf:190-300,price:250000-600000", "asof": "2026-09-20 20:52"}, "geometry": {"type": "Point", "coordinates": [-81.438133, 41.581651]}}, {"type": "Feature", "properties": {"address": "1310 E Miner Rd", "city": "Mayfield Heights", "zip": 44124.0, "url": "https://www.redfin.com/OH/Mayfield-Heights/1310-E-Miner-Rd-44124/home/66192748", "price": 259900.0, "pred_price": 275188.04, "excess_pct": -5.2, "rel_discount": -0.4, "local_mae_pct": 6.51, "pctile": 25.7, "beds": 3.0, "baths": 2.0, "sqft": 1230.0, "lot_sqft": 5998.0, "year_built": 1951.0, "ptype_cat": "single", "days_on_market": 16.0, "n_cuts": 0.0, "cum_cut_pct": 0.0, "days_to_pending": null, "ph_exposure": 0.1, "ph_dist_m": 1784.77, "d_fwy": 945.03, "d_art": 523.04, "school_pi": 87.8, "crime_rate": 3.94, "income": 87957.0, "model_mae_pct": 6.2, "segment": "ppsf:190-300,price:250000-600000", "asof": "2026-09-20 20:52"}, "geometry": {"type": "Point", "coordinates": [-81.458237, 41.524801]}}, {"type": "Feature", "properties": {"address": "1723 Lander Rd", "city": "Mayfield Heights", "zip": 44124.0, "url": "https://www.redfin.com/OH/Mayfield-Heights/1723-Lander-Rd-44124/home/71121091", "price": 279000.0, "pred_price": 304645.03, "excess_pct": -8.0, "rel_discount": -3.2, "local_mae_pct": 6.51, "pctile": 16.0, "beds": 3.0, "baths": 1.0, "sqft": 1414.0, "lot_sqft": 22102.0, "year_built": 1954.0, "ptype_cat": "single", "days_on_market": 82.0, "n_cuts": 0.0, "cum_cut_pct": 0.0, "days_to_pending": null, "ph_exposure": 0.01, "ph_dist_m": 1906.21, "d_fwy": 189.73, "d_art": 964.81, "school_pi": 87.8, "crime_rate": 3.94, "income": 89196.0, "model_mae_pct": 6.2, "segment": "ppsf:190-300,price:250000-600000", "asof": "2026-09-20 20:52"}, "geometry": {"type": "Point", "coordinates": [-81.462821, 41.51139]}}, {"type": "Feature", "properties": {"address": "1518 Roselawn Rd", "city": "Mayfield Heights", "zip": 44124.0, "url": "https://www.redfin.com/OH/Mayfield-Heights/1518-Roselawn-Rd-44124/home/71120391", "price": 279999.0, "pred_price": 289636.91, "excess_pct": -2.9, "rel_discount": 1.9, "local_mae_pct": 6.51, "pctile": 34.2, "beds": 3.0, "baths": 1.5, "sqft": 1376.0, "lot_sqft": 6141.0, "year_built": 1952.0, "ptype_cat": "single", "days_on_market": 17.0, "n_cuts": 1.0, "cum_cut_pct": -1.41, "days_to_pending": null, "ph_exposure": 0.08, "ph_dist_m": 1964.84, "d_fwy": 803.68, "d_art": 116.12, "school_pi": 87.8, "crime_rate": 3.94, "income": 85938.0, "model_mae_pct": 6.2, "segment": "ppsf:190-300,price:250000-600000", "asof": "2026-09-20 20:52"}, "geometry": {"type": "Point", "coordinates": [-81.459327, 41.519042]}}, {"type": "Feature", "properties": {"address": "31950 Chardon Rd", "city": "Willoughby Hills", "zip": 44094.0, "url": "https://www.redfin.com/OH/Willoughby-Hills/31950-Chardon-Rd-44094/home/66389687", "price": 385000.0, "pred_price": 427896.63, "excess_pct": -9.6, "rel_discount": null, "local_mae_pct": 6.6, "pctile": 10.4, "beds": 4.0, "baths": 2.0, "sqft": 1944.0, "lot_sqft": 136778.0, "year_built": 1950.0, "ptype_cat": "single", "days_on_market": 26.0, "n_cuts": 0.0, "cum_cut_pct": 0.0, "days_to_pending": null, "ph_exposure": 0.0, "ph_dist_m": 2527.12, "d_fwy": 219.21, "d_art": 968.75, "school_pi": 76.0, "crime_rate": null, "income": 104861.0, "model_mae_pct": 6.2, "segment": "ppsf:190-300,price:250000-600000", "asof": "2026-09-20 20:52"}, "geometry": {"type": "Point", "coordinates": [-81.451053, 41.583615]}}, {"type": "Feature", "properties": {"address": "13037 Stratford Trl", "city": "Chesterland", "zip": 44026.0, "url": "https://www.redfin.com/OH/Chesterland/13037-Stratford-Trl-44026/home/75345227", "price": 334900.0, "pred_price": 400882.03, "excess_pct": -16.1, "rel_discount": null, "local_mae_pct": 6.5, "pctile": 1.9, "beds": 4.0, "baths": 2.0, "sqft": 1645.0, "lot_sqft": 49658.0, "year_built": 1965.0, "ptype_cat": "single", "days_on_market": 16.0, "n_cuts": 0.0, "cum_cut_pct": 0.0, "days_to_pending": null, "ph_exposure": 0.0, "ph_dist_m": 5152.54, "d_fwy": 5750.01, "d_art": 997.95, "school_pi": 98.8, "crime_rate": null, "income": 161726.0, "model_mae_pct": 6.2, "segment": "ppsf:190-300,price:250000-600000", "asof": "2026-09-20 20:52"}, "geometry": {"type": "Point", "coordinates": [-81.37251, 41.513543]}}, {"type": "Feature", "properties": {"address": "1088 Lander Rd", "city": "Highland Heights", "zip": 44143.0, "url": "https://www.redfin.com/OH/Highland-Heights/1088-Lander-Rd-44143/home/71112181", "price": 339500.0, "pred_price": 353426.01, "excess_pct": -3.5, "rel_discount": -4.2, "local_mae_pct": 5.15, "pctile": 32.2, "beds": 3.0, "baths": 3.0, "sqft": 1530.0, "lot_sqft": 18992.0, "year_built": 1988.0, "ptype_cat": "single", "days_on_market": 30.0, "n_cuts": 0.0, "cum_cut_pct": 0.0, "days_to_pending": null, "ph_exposure": 0.02, "ph_dist_m": 2263.79, "d_fwy": 1261.32, "d_art": 1223.95, "school_pi": 87.8, "crime_rate": 8.15, "income": 119821.0, "model_mae_pct": 6.2, "segment": "ppsf:190-300,price:250000-600000", "asof": "2026-09-20 20:52"}, "geometry": {"type": "Point", "coordinates": [-81.463623, 41.531102]}}, {"type": "Feature", "properties": {"address": "1668 Chelmsford", "city": "Mayfield Heights", "zip": 44124.0, "url": "https://www.redfin.com/OH/Mayfield-Heights/1668-Chelmsford-Rd-44124/home/71090235", "price": 339900.0, "pred_price": 354368.45, "excess_pct": -3.7, "rel_discount": -4.4, "local_mae_pct": 6.51, "pctile": 31.5, "beds": 3.0, "baths": 3.0, "sqft": 1596.0, "lot_sqft": 8712.0, "year_built": 1958.0, "ptype_cat": "single", "days_on_market": 51.0, "n_cuts": 0.0, "cum_cut_pct": 0.0, "days_to_pending": null, "ph_exposure": 0.07, "ph_dist_m": 1925.9, "d_fwy": 361.05, "d_art": 553.75, "school_pi": 87.8, "crime_rate": 3.94, "income": 85938.0, "model_mae_pct": 6.2, "segment": "ppsf:190-300,price:250000-600000", "asof": "2026-09-20 20:52"}, "geometry": {"type": "Point", "coordinates": [-81.457862, 41.515104]}}, {"type": "Feature", "properties": {"address": "10435 Cedar Rd", "city": "Chesterland", "zip": 44026.0, "url": "https://www.redfin.com/OH/Chesterland/10435-Cedar-Rd-44026/home/66641358", "price": 340000.0, "pred_price": 330138.4, "excess_pct": 3.4, "rel_discount": null, "local_mae_pct": 5.15, "pctile": 62.9, "beds": 3.0, "baths": 2.0, "sqft": 1386.0, "lot_sqft": 111513.0, "year_built": 1999.0, "ptype_cat": "single", "days_on_market": 30.0, "n_cuts": 1.0, "cum_cut_pct": -2.86, "days_to_pending": null, "ph_exposure": 0.0, "ph_dist_m": 3409.19, "d_fwy": 12885.47, "d_art": 5990.44, "school_pi": 98.8, "crime_rate": null, "income": 100132.0, "model_mae_pct": 6.2, "segment": "ppsf:190-300,price:250000-600000", "asof": "2026-09-20 20:52"}, "geometry": {"type": "Point", "coordinates": [-81.267782, 41.498556]}}, {"type": "Feature", "properties": {"address": "37761 Milann Dr", "city": "Willoughby Hills", "zip": 44094.0, "url": "https://www.redfin.com/OH/Willoughby-Hills/37761-Milann-Dr-44094/home/66494631", "price": 379900.0, "pred_price": 345843.64, "excess_pct": 10.2, "rel_discount": null, "local_mae_pct": 6.5, "pctile": 83.1, "beds": 3.0, "baths": 2.0, "sqft": 1716.0, "lot_sqft": 47611.0, "year_built": 1954.0, "ptype_cat": "single", "days_on_market": 22.0, "n_cuts": 1.0, "cum_cut_pct": -1.32, "days_to_pending": null, "ph_exposure": 0.0, "ph_dist_m": 2844.07, "d_fwy": 2429.27, "d_art": 2903.28, "school_pi": 76.0, "crime_rate": null, "income": 95833.0, "model_mae_pct": 6.2, "segment": "ppsf:190-300,price:250000-600000", "asof": "2026-09-20 20:52"}, "geometry": {"type": "Point", "coordinates": [-81.405147, 41.59444]}}, {"type": "Feature", "properties": {"address": "8839 Billings Rd", "city": "Kirtland", "zip": 44094.0, "url": "https://www.redfin.com/OH/Kirtland/8839-Billings-Rd-44094/home/77656587", "price": 434900.0, "pred_price": 343428.09, "excess_pct": 27.0, "rel_discount": null, "local_mae_pct": 6.5, "pctile": 98.1, "beds": 3.0, "baths": 2.0, "sqft": 1491.0, "lot_sqft": 43560.0, "year_built": 1957.0, "ptype_cat": "single", "days_on_market": 48.0, "n_cuts": 1.0, "cum_cut_pct": -1.14, "days_to_pending": null, "ph_exposure": 0.0, "ph_dist_m": 8631.74, "d_fwy": 5903.81, "d_art": 1868.97, "school_pi": 94.0, "crime_rate": 1.88, "income": 131012.0, "model_mae_pct": 6.2, "segment": "ppsf:190-300,price:250000-600000", "asof": "2026-09-20 20:52"}, "geometry": {"type": "Point", "coordinates": [-81.326266, 41.593222]}}, {"type": "Feature", "properties": {"address": "10142 Hillcrest Rd", "city": "Willoughby", "zip": 44094.0, "url": "https://www.redfin.com/OH/Willoughby/10142-Hillcrest-Rd-44094/home/76047422", "price": 439900.0, "pred_price": 483482.4, "excess_pct": -8.6, "rel_discount": null, "local_mae_pct": 5.15, "pctile": 13.9, "beds": 5.0, "baths": 2.0, "sqft": 2133.0, "lot_sqft": 54450.0, "year_built": 2001.0, "ptype_cat": "single", "days_on_market": 9.0, "n_cuts": 1.0, "cum_cut_pct": -3.32, "days_to_pending": null, "ph_exposure": 0.0, "ph_dist_m": 7892.66, "d_fwy": 5580.31, "d_art": 1144.93, "school_pi": 94.0, "crime_rate": 1.88, "income": 131012.0, "model_mae_pct": 6.2, "segment": "ppsf:190-300,price:250000-600000", "asof": "2026-09-20 20:52"}, "geometry": {"type": "Point", "coordinates": [-81.334737, 41.595206]}}, {"type": "Feature", "properties": {"address": "30190 Bonnie View Dr", "city": "Wickliffe", "zip": 44092.0, "url": "https://www.redfin.com/OH/Wickliffe/30190-Bonnie-View-Dr-44092/home/77665678", "price": 469900.0, "pred_price": 528931.17, "excess_pct": -10.8, "rel_discount": null, "local_mae_pct": 5.15, "pctile": 8.1, "beds": 4.0, "baths": 2.5, "sqft": 2366.0, "lot_sqft": 14810.0, "year_built": 2000.0, "ptype_cat": "single", "days_on_market": 108.0, "n_cuts": 0.0, "cum_cut_pct": 0.0, "days_to_pending": null, "ph_exposure": 0.09, "ph_dist_m": 1102.14, "d_fwy": 1318.84, "d_art": 1425.92, "school_pi": 72.4, "crime_rate": 11.46, "income": 102969.0, "model_mae_pct": 6.2, "segment": "ppsf:190-300,price:250000-600000", "asof": "2026-09-20 20:52"}, "geometry": {"type": "Point", "coordinates": [-81.457053, 41.605014]}}, {"type": "Feature", "properties": {"address": "2864 Som Center Rd", "city": "Willoughby Hills", "zip": 44094.0, "url": "https://www.redfin.com/OH/Willoughby-Hills/2864-Som-Center-Rd-44094/home/76049354", "price": 475000.0, "pred_price": 444167.38, "excess_pct": 7.3, "rel_discount": null, "local_mae_pct": 6.6, "pctile": 77.7, "beds": 3.0, "baths": 3.0, "sqft": 2032.0, "lot_sqft": 170755.0, "year_built": 1950.0, "ptype_cat": "single", "days_on_market": 16.0, "n_cuts": 0.0, "cum_cut_pct": 0.0, "days_to_pending": null, "ph_exposure": 0.0, "ph_dist_m": 2774.36, "d_fwy": 547.74, "d_art": 126.0, "school_pi": 76.0, "crime_rate": null, "income": 76534.0, "model_mae_pct": 6.2, "segment": "ppsf:190-300,price:250000-600000", "asof": "2026-09-20 20:52"}, "geometry": {"type": "Point", "coordinates": [-81.440882, 41.580839]}}, {"type": "Feature", "properties": {"address": "7090 Euclid Chardon Rd", "city": "Kirtland", "zip": 44094.0, "url": "https://www.redfin.com/OH/Kirtland/7090-Euclid-Chardon-Rd-44094/home/66419673", "price": 515000.0, "pred_price": 543424.1, "excess_pct": -4.8, "rel_discount": null, "local_mae_pct": 6.5, "pctile": 27.6, "beds": 4.0, "baths": 3.0, "sqft": 2595.0, "lot_sqft": 50965.0, "year_built": 1972.0, "ptype_cat": "single", "days_on_market": 46.0, "n_cuts": 2.0, "cum_cut_pct": -4.61, "days_to_pending": null, "ph_exposure": 0.0, "ph_dist_m": 4460.01, "d_fwy": 4036.28, "d_art": 3405.81, "school_pi": 94.0, "crime_rate": 1.88, "income": 133750.0, "model_mae_pct": 6.2, "segment": "ppsf:190-300,price:250000-600000", "asof": "2026-09-20 20:52"}, "geometry": {"type": "Point", "coordinates": [-81.389969, 41.585026]}}, {"type": "Feature", "properties": {"address": "10370 Wilbert Dr", "city": "Kirtland", "zip": 44094.0, "url": "https://www.redfin.com/OH/Kirtland/10370-Wilbert-Dr-44094/home/77656565", "price": 550000.0, "pred_price": 545297.7, "excess_pct": 1.3, "rel_discount": null, "local_mae_pct": 5.15, "pctile": 56.6, "beds": 4.0, "baths": 2.5, "sqft": 2628.0, "lot_sqft": 43560.0, "year_built": 1996.0, "ptype_cat": "single", "days_on_market": 27.0, "n_cuts": 1.0, "cum_cut_pct": -4.35, "days_to_pending": null, "ph_exposure": 0.0, "ph_dist_m": 8263.66, "d_fwy": 6334.86, "d_art": 1297.32, "school_pi": 94.0, "crime_rate": 1.88, "income": 131012.0, "model_mae_pct": 6.2, "segment": "ppsf:190-300,price:250000-600000", "asof": "2026-09-20 20:52"}, "geometry": {"type": "Point", "coordinates": [-81.333523, 41.588468]}}, {"type": "Feature", "properties": {"address": "6522 Wilson Mills Rd", "city": "Mayfield", "zip": 44143.0, "url": "https://www.redfin.com/OH/Mayfield/6522-Wilson-Mills-Rd-44143/home/71113000", "price": 600000.0, "pred_price": 524598.65, "excess_pct": 14.8, "rel_discount": 8.6, "local_mae_pct": 6.17, "pctile": 89.1, "beds": 4.0, "baths": 2.5, "sqft": 2419.0, "lot_sqft": 12375.0, "year_built": null, "ptype_cat": "single", "days_on_market": 82.0, "n_cuts": 0.0, "cum_cut_pct": 0.0, "days_to_pending": null, "ph_exposure": 0.2, "ph_dist_m": 1395.92, "d_fwy": 319.48, "d_art": 405.75, "school_pi": 87.8, "crime_rate": 9.04, "income": 92434.0, "model_mae_pct": 6.2, "segment": "ppsf:190-300,price:250000-600000", "asof": "2026-09-20 20:52"}, "geometry": {"type": "Point", "coordinates": [-81.443662, 41.538647]}}, {"type": "Feature", "properties": {"address": "S/l 32 Brambleside Ln", "city": "Middlefield", "zip": 44062.0, "url": "https://www.redfin.com/OH/Middlefield/S-l-32-Brambleside-LN-44062/home/205494654", "price": 325000.0, "pred_price": 323031.18, "excess_pct": 1.0, "rel_discount": null, "local_mae_pct": 5.79, "pctile": 55.1, "beds": 3.0, "baths": 2.0, "sqft": 1421.0, "lot_sqft": null, "year_built": 2026.0, "ptype_cat": "single", "days_on_market": 10.0, "n_cuts": 0.0, "cum_cut_pct": 0.0, "days_to_pending": null, "ph_exposure": 0.09, "ph_dist_m": 505.32, "d_fwy": 11919.01, "d_art": 9029.18, "school_pi": 76.4, "crime_rate": null, "income": 65684.0, "model_mae_pct": 6.2, "segment": "ppsf:190-300,price:250000-600000", "asof": "2026-09-20 20:52"}, "geometry": {"type": "Point", "coordinates": [-81.082832, 41.456936]}}, {"type": "Feature", "properties": {"address": "2326 Stanford Dr", "city": "Wickliffe", "zip": 44092.0, "url": "https://www.redfin.com/OH/Wickliffe/2326-Stanford-Dr-44092/home/77666227", "price": 340000.0, "pred_price": 290041.51, "excess_pct": 17.6, "rel_discount": 25.4, "local_mae_pct": 6.5, "pctile": 93.0, "beds": 3.0, "baths": 2.5, "sqft": 1220.0, "lot_sqft": 8385.0, "year_built": 1962.0, "ptype_cat": "single", "days_on_market": 16.0, "n_cuts": 0.0, "cum_cut_pct": 0.0, "days_to_pending": null, "ph_exposure": 0.02, "ph_dist_m": 2392.49, "d_fwy": 491.95, "d_art": 1057.53, "school_pi": 72.4, "crime_rate": 11.46, "income": 89688.0, "model_mae_pct": 6.2, "segment": "ppsf:190-300,price:250000-600000", "asof": "2026-09-20 20:52"}, "geometry": {"type": "Point", "coordinates": [-81.473562, 41.594489]}}, {"type": "Feature", "properties": {"address": "1924 Lincoln Rd", "city": "Wickliffe", "zip": 44092.0, "url": "https://www.redfin.com/OH/Wickliffe/1924-Lincoln-Rd-44092/home/77666303", "price": 264900.0, "pred_price": 272871.02, "excess_pct": -2.5, "rel_discount": null, "local_mae_pct": 6.5, "pctile": 36.1, "beds": 3.0, "baths": 2.0, "sqft": 1188.0, "lot_sqft": 8698.0, "year_built": 1965.0, "ptype_cat": "single", "days_on_market": 18.0, "n_cuts": 1.0, "cum_cut_pct": -3.64, "days_to_pending": null, "ph_exposure": 0.0, "ph_dist_m": 2366.85, "d_fwy": 1188.07, "d_art": 1188.07, "school_pi": 72.4, "crime_rate": 11.46, "income": 85625.0, "model_mae_pct": 6.2, "segment": "ppsf:190-300,price:250000-600000", "asof": "2026-09-20 20:52"}, "geometry": {"type": "Point", "coordinates": [-81.471715, 41.601556]}}, {"type": "Feature", "properties": {"address": "29508 Woodway Dr", "city": "Wickliffe", "zip": 44092.0, "url": "https://www.redfin.com/OH/Wickliffe/29508-Woodway-Dr-44092/home/76054993", "price": 279900.0, "pred_price": 299559.7, "excess_pct": -6.2, "rel_discount": null, "local_mae_pct": 6.5, "pctile": 22.0, "beds": 4.0, "baths": 2.5, "sqft": 1452.0, "lot_sqft": 7021.0, "year_built": 1961.0, "ptype_cat": "single", "days_on_market": 10.0, "n_cuts": 0.0, "cum_cut_pct": 0.0, "days_to_pending": null, "ph_exposure": 0.0, "ph_dist_m": 3452.9, "d_fwy": 302.23, "d_art": 2167.41, "school_pi": 72.4, "crime_rate": 11.46, "income": 90345.0, "model_mae_pct": 6.2, "segment": "ppsf:190-300,price:250000-600000", "asof": "2026-09-20 20:52"}, "geometry": {"type": "Point", "coordinates": [-81.482174, 41.617582]}}, {"type": "Feature", "properties": {"address": "315 Greenvale Rd", "city": "South Euclid", "zip": 44121.0, "url": "https://www.redfin.com/OH/South-Euclid/315-Greenvale-Rd-44121/home/71009234", "price": 254900.0, "pred_price": 261726.94, "excess_pct": -2.2, "rel_discount": 2.6, "local_mae_pct": 6.5, "pctile": 37.4, "beds": 3.0, "baths": 1.5, "sqft": 980.0, "lot_sqft": 12218.0, "year_built": 1956.0, "ptype_cat": "single", "days_on_market": 20.0, "n_cuts": 1.0, "cum_cut_pct": -3.78, "days_to_pending": null, "ph_exposure": 0.03, "ph_dist_m": 756.53, "d_fwy": 3836.71, "d_art": 1278.8, "school_pi": 68.2, "crime_rate": 1.64, "income": 67308.0, "model_mae_pct": 6.2, "segment": "ppsf:190-300,price:250000-600000", "asof": "2026-09-20 20:52"}, "geometry": {"type": "Point", "coordinates": [-81.536926, 41.542854]}}, {"type": "Feature", "properties": {"address": "1887 Brainard Rd", "city": "Lyndhurst", "zip": 44124.0, "url": "https://www.redfin.com/OH/Lyndhurst/1887-Brainard-Rd-44124/home/71033591", "price": 300000.0, "pred_price": 295460.98, "excess_pct": 1.9, "rel_discount": 6.6, "local_mae_pct": 6.5, "pctile": 58.4, "beds": 3.0, "baths": 2.5, "sqft": 1448.0, "lot_sqft": 13503.0, "year_built": 1956.0, "ptype_cat": "single", "days_on_market": 15.0, "n_cuts": 0.0, "cum_cut_pct": 0.0, "days_to_pending": null, "ph_exposure": 0.01, "ph_dist_m": 838.78, "d_fwy": 397.96, "d_art": 435.31, "school_pi": 68.2, "crime_rate": 13.59, "income": 90938.0, "model_mae_pct": 6.2, "segment": "ppsf:190-300,price:250000-600000", "asof": "2026-09-20 20:52"}, "geometry": {"type": "Point", "coordinates": [-81.476215, 41.508452]}}, {"type": "Feature", "properties": {"address": "23718 Cedar Rd", "city": "Beachwood", "zip": 44122.0, "url": "https://www.redfin.com/OH/Beachwood/23718-Cedar-Rd-44122/home/71054067", "price": 300000.0, "pred_price": 339202.51, "excess_pct": -11.2, "rel_discount": -6.4, "local_mae_pct": 6.5, "pctile": 7.2, "beds": 4.0, "baths": 2.0, "sqft": 1479.0, "lot_sqft": 9300.0, "year_built": 1955.0, "ptype_cat": "single", "days_on_market": 200.0, "n_cuts": 0.0, "cum_cut_pct": 0.0, "days_to_pending": null, "ph_exposure": 0.03, "ph_dist_m": 563.91, "d_fwy": 2214.95, "d_art": 36.67, "school_pi": 96.8, "crime_rate": 20.56, "income": 112017.0, "model_mae_pct": 6.2, "segment": "ppsf:190-300,price:250000-600000", "asof": "2026-09-20 20:52"}, "geometry": {"type": "Point", "coordinates": [-81.511274, 41.501027]}}, {"type": "Feature", "properties": {"address": "2231 Brockway Rd", "city": "University Heights", "zip": 44118.0, "url": "https://www.redfin.com/OH/University-Heights/2231-Brockway-Rd-44118/home/66415699", "price": 279000.0, "pred_price": 284756.76, "excess_pct": -1.6, "rel_discount": 3.2, "local_mae_pct": 6.6, "pctile": 41.0, "beds": 3.0, "baths": 1.5, "sqft": 1363.0, "lot_sqft": 4800.0, "year_built": 1938.0, "ptype_cat": "single", "days_on_market": 76.0, "n_cuts": 0.0, "cum_cut_pct": 0.0, "days_to_pending": null, "ph_exposure": 0.11, "ph_dist_m": 1240.54, "d_fwy": 5247.88, "d_art": 265.22, "school_pi": 68.0, "crime_rate": 9.38, "income": 120282.0, "model_mae_pct": 6.2, "segment": "ppsf:190-300,price:250000-600000", "asof": "2026-09-20 20:52"}, "geometry": {"type": "Point", "coordinates": [-81.548994, 41.498967]}}, {"type": "Feature", "properties": {"address": "1164 Croyden Rd", "city": "Lyndhurst", "zip": 44124.0, "url": "https://www.redfin.com/OH/Lyndhurst/1164-Croyden-Rd-44124/home/71028493", "price": 279000.0, "pred_price": 296373.47, "excess_pct": -5.5, "rel_discount": -0.8, "local_mae_pct": 6.5, "pctile": 24.5, "beds": 4.0, "baths": 1.5, "sqft": 1455.0, "lot_sqft": 6969.0, "year_built": 1951.0, "ptype_cat": "single", "days_on_market": 17.0, "n_cuts": 0.0, "cum_cut_pct": 0.0, "days_to_pending": null, "ph_exposure": 0.0, "ph_dist_m": 2066.95, "d_fwy": 2399.93, "d_art": 934.89, "school_pi": 68.2, "crime_rate": 13.59, "income": 91711.0, "model_mae_pct": 6.2, "segment": "ppsf:190-300,price:250000-600000", "asof": "2026-09-20 20:52"}, "geometry": {"type": "Point", "coordinates": [-81.476809, 41.528426]}}, {"type": "Feature", "properties": {"address": "1053 Ford Rd", "city": "Highland Heights", "zip": 44143.0, "url": "https://www.redfin.com/OH/Highland-Heights/1053-Ford-Rd-44143/home/71111628", "price": 285000.0, "pred_price": 291127.43, "excess_pct": -1.7, "rel_discount": 3.1, "local_mae_pct": 6.5, "pctile": 40.3, "beds": 3.0, "baths": 2.0, "sqft": 1190.0, "lot_sqft": 16552.0, "year_built": 1959.0, "ptype_cat": "single", "days_on_market": 60.0, "n_cuts": 1.0, "cum_cut_pct": -4.68, "days_to_pending": null, "ph_exposure": 0.0, "ph_dist_m": 2341.76, "d_fwy": 2501.0, "d_art": 1280.2, "school_pi": 87.8, "crime_rate": 8.15, "income": 90625.0, "model_mae_pct": 6.2, "segment": "ppsf:190-300,price:250000-600000", "asof": "2026-09-20 20:52"}, "geometry": {"type": "Point", "coordinates": [-81.47897, 41.531522]}}, {"type": "Feature", "properties": {"address": "3534 Bainbridge Rd", "city": "Cleveland Heights", "zip": 44118.0, "url": "https://www.redfin.com/OH/Cleveland-Heights/3534-Bainbridge-Rd-44118/home/70991457", "price": 297500.0, "pred_price": 302627.93, "excess_pct": -1.3, "rel_discount": 3.4, "local_mae_pct": 6.6, "pctile": 42.5, "beds": 3.0, "baths": 1.5, "sqft": 1485.0, "lot_sqft": 5401.0, "year_built": 1938.0, "ptype_cat": "single", "days_on_market": 10.0, "n_cuts": 0.0, "cum_cut_pct": 0.0, "days_to_pending": null, "ph_exposure": 0.46, "ph_dist_m": 603.11, "d_fwy": 5811.79, "d_art": 849.74, "school_pi": 68.0, "crime_rate": 18.19, "income": 81875.0, "model_mae_pct": 6.2, "segment": "ppsf:190-300,price:250000-600000", "asof": "2026-09-20 20:52"}, "geometry": {"type": "Point", "coordinates": [-81.553081, 41.508996]}}, {"type": "Feature", "properties": {"address": "4480 Ammon Rd", "city": "Euclid", "zip": 44143.0, "url": "https://www.redfin.com/OH/Euclid/4480-Ammon-Rd-44143/home/66259390", "price": 369900.0, "pred_price": 402302.93, "excess_pct": -7.7, "rel_discount": -6.6, "local_mae_pct": 6.5, "pctile": 17.5, "beds": 3.0, "baths": 1.5, "sqft": 1935.0, "lot_sqft": 62726.0, "year_built": 1951.0, "ptype_cat": "single", "days_on_market": 8.0, "n_cuts": 0.0, "cum_cut_pct": 0.0, "days_to_pending": null, "ph_exposure": 0.0, "ph_dist_m": 2173.08, "d_fwy": 4581.44, "d_art": 1708.07, "school_pi": 68.2, "crime_rate": 17.14, "income": 78281.0, "model_mae_pct": 6.2, "segment": "ppsf:190-300,price:250000-600000", "asof": "2026-09-20 20:52"}, "geometry": {"type": "Point", "coordinates": [-81.517665, 41.542337]}}, {"type": "Feature", "properties": {"address": "2108 Hampstead Rd", "city": "Cleveland Heights", "zip": 44118.0, "url": "https://www.redfin.com/OH/Cleveland-Heights/2108-Hampstead-Rd-44118/home/71003166", "price": 359900.0, "pred_price": 360709.43, "excess_pct": 0.2, "rel_discount": 1.2, "local_mae_pct": 7.39, "pctile": 51.1, "beds": 4.0, "baths": 2.0, "sqft": 1771.0, "lot_sqft": 5201.0, "year_built": 1920.0, "ptype_cat": "single", "days_on_market": 60.0, "n_cuts": 0.0, "cum_cut_pct": 0.0, "days_to_pending": null, "ph_exposure": 0.15, "ph_dist_m": 1379.33, "d_fwy": 6003.09, "d_art": 116.38, "school_pi": 68.0, "crime_rate": 18.19, "income": 58427.0, "model_mae_pct": 6.2, "segment": "ppsf:190-300,price:250000-600000", "asof": "2026-09-20 20:52"}, "geometry": {"type": "Point", "coordinates": [-81.557444, 41.502368]}}, {"type": "Feature", "properties": {"address": "4218 Silsby Rd", "city": "University Heights", "zip": 44118.0, "url": "https://www.redfin.com/OH/University-Heights/4218-Silsby-Rd-44118/home/66202173", "price": 325000.0, "pred_price": 310315.71, "excess_pct": 5.1, "rel_discount": 4.4, "local_mae_pct": 6.6, "pctile": 69.9, "beds": 4.0, "baths": 1.5, "sqft": 1458.0, "lot_sqft": 8041.0, "year_built": 1939.0, "ptype_cat": "single", "days_on_market": 19.0, "n_cuts": 0.0, "cum_cut_pct": 0.0, "days_to_pending": null, "ph_exposure": 0.17, "ph_dist_m": 453.64, "d_fwy": 3509.48, "d_art": 414.64, "school_pi": 68.0, "crime_rate": 9.38, "income": 86677.0, "model_mae_pct": 6.2, "segment": "ppsf:190-300,price:250000-600000", "asof": "2026-09-20 20:52"}, "geometry": {"type": "Point", "coordinates": [-81.528202, 41.497646]}}, {"type": "Feature", "properties": {"address": "766 Radford Dr", "city": "Richmond Heights", "zip": 44143.0, "url": "https://www.redfin.com/OH/Richmond-Heights/766-Radford-Dr-44143/home/66158727", "price": 329900.0, "pred_price": 349502.78, "excess_pct": -5.2, "rel_discount": -5.8, "local_mae_pct": 6.5, "pctile": 25.7, "beds": 3.0, "baths": 2.0, "sqft": 1624.0, "lot_sqft": 21780.0, "year_built": 1960.0, "ptype_cat": "single", "days_on_market": 15.0, "n_cuts": 0.0, "cum_cut_pct": 0.0, "days_to_pending": null, "ph_exposure": 0.0, "ph_dist_m": 3352.58, "d_fwy": 3133.83, "d_art": 754.35, "school_pi": 60.6, "crime_rate": 9.15, "income": 76321.0, "model_mae_pct": 6.2, "segment": "ppsf:190-300,price:250000-600000", "asof": "2026-09-20 20:52"}, "geometry": {"type": "Point", "coordinates": [-81.488141, 41.541177]}}, {"type": "Feature", "properties": {"address": "2368 Eardley Rd", "city": "University Heights", "zip": 44118.0, "url": "https://www.redfin.com/OH/University-Heights/2368-Eardley-Rd-44118/home/71039435", "price": 334900.0, "pred_price": 295182.26, "excess_pct": 13.9, "rel_discount": 13.2, "local_mae_pct": 6.5, "pctile": 87.7, "beds": 4.0, "baths": 1.5, "sqft": 1480.0, "lot_sqft": 4835.0, "year_built": 1951.0, "ptype_cat": "single", "days_on_market": 51.0, "n_cuts": 1.0, "cum_cut_pct": -1.5, "days_to_pending": null, "ph_exposure": 0.09, "ph_dist_m": 1061.94, "d_fwy": 4821.84, "d_art": 677.9, "school_pi": 68.0, "crime_rate": 9.38, "income": 82132.0, "model_mae_pct": 6.2, "segment": "ppsf:190-300,price:250000-600000", "asof": "2026-09-20 20:52"}, "geometry": {"type": "Point", "coordinates": [-81.544407, 41.49526]}}, {"type": "Feature", "properties": {"address": "2127 Lyndway Rd", "city": "Beachwood", "zip": 44122.0, "url": "https://www.redfin.com/OH/Beachwood/2127-Lyndway-Rd-44122/home/66313007", "price": 339000.0, "pred_price": 364888.9, "excess_pct": -6.7, "rel_discount": -7.4, "local_mae_pct": 6.5, "pctile": 20.1, "beds": 3.0, "baths": 2.5, "sqft": 1558.0, "lot_sqft": 6499.0, "year_built": 1952.0, "ptype_cat": "single", "days_on_market": 10.0, "n_cuts": 0.0, "cum_cut_pct": 0.0, "days_to_pending": null, "ph_exposure": 0.03, "ph_dist_m": 453.48, "d_fwy": 2296.41, "d_art": 85.29, "school_pi": 96.8, "crime_rate": 20.56, "income": 112017.0, "model_mae_pct": 6.2, "segment": "ppsf:190-300,price:250000-600000", "asof": "2026-09-20 20:52"}, "geometry": {"type": "Point", "coordinates": [-81.512469, 41.50059]}}, {"type": "Feature", "properties": {"address": "4406 Stoneledge Dr", "city": "Richmond Heights", "zip": 44143.0, "url": "https://www.redfin.com/OH/Richmond-Heights/4406-Stoneledge-Dr-44143/home/70717130", "price": 339000.0, "pred_price": 339379.83, "excess_pct": 0.3, "rel_discount": -0.4, "local_mae_pct": 5.15, "pctile": 51.6, "beds": 3.0, "baths": 2.5, "sqft": 1532.0, "lot_sqft": 7405.0, "year_built": 2010.0, "ptype_cat": "single", "days_on_market": 3.0, "n_cuts": 0.0, "cum_cut_pct": 0.0, "days_to_pending": null, "ph_exposure": 0.0, "ph_dist_m": 1663.79, "d_fwy": 3583.24, "d_art": 2109.67, "school_pi": 60.6, "crime_rate": 9.15, "income": 79773.0, "model_mae_pct": 6.2, "segment": "ppsf:190-300,price:250000-600000", "asof": "2026-09-20 20:52"}, "geometry": {"type": "Point", "coordinates": [-81.522809, 41.550561]}}, {"type": "Feature", "properties": {"address": "3498 Bainbridge Rd", "city": "Cleveland Heights", "zip": 44118.0, "url": "https://www.redfin.com/OH/Cleveland-Heights/3498-Bainbridge-Rd-44118/home/70991454", "price": 599999.0, "pred_price": 555993.09, "excess_pct": 8.3, "rel_discount": 2.2, "local_mae_pct": 6.6, "pctile": 79.5, "beds": 5.0, "baths": 4.5, "sqft": 2872.0, "lot_sqft": 5401.0, "year_built": 1935.0, "ptype_cat": "single", "days_on_market": 46.0, "n_cuts": 0.0, "cum_cut_pct": 0.0, "days_to_pending": null, "ph_exposure": 0.45, "ph_dist_m": 611.02, "d_fwy": 5917.06, "d_art": 846.75, "school_pi": 68.0, "crime_rate": 18.19, "income": 81875.0, "model_mae_pct": 6.2, "segment": "ppsf:190-300,price:250000-600000", "asof": "2026-09-20 20:52"}, "geometry": {"type": "Point", "coordinates": [-81.554401, 41.508966]}}, {"type": "Feature", "properties": {"address": "3849 Bainbridge Rd", "city": "Cleveland Heights", "zip": 44118.0, "url": "https://www.redfin.com/OH/Cleveland-Heights/3849-Bainbridge-Rd-44118/home/70989823", "price": 270000.0, "pred_price": 280099.07, "excess_pct": -3.2, "rel_discount": 1.6, "local_mae_pct": 6.6, "pctile": 33.2, "beds": 3.0, "baths": 2.0, "sqft": 1390.0, "lot_sqft": 5880.0, "year_built": 1942.0, "ptype_cat": "single", "days_on_market": 40.0, "n_cuts": 1.0, "cum_cut_pct": -1.82, "days_to_pending": null, "ph_exposure": 0.44, "ph_dist_m": 1094.46, "d_fwy": 4913.38, "d_art": 428.86, "school_pi": 68.0, "crime_rate": 18.19, "income": 81875.0, "model_mae_pct": 6.2, "segment": "ppsf:190-300,price:250000-600000", "asof": "2026-09-20 20:52"}, "geometry": {"type": "Point", "coordinates": [-81.541642, 41.509427]}}, {"type": "Feature", "properties": {"address": "3753 Berkeley Rd", "city": "Cleveland Heights", "zip": 44118.0, "url": "https://www.redfin.com/OH/Cleveland-Heights/3753-Berkeley-Rd-44118/home/70989909", "price": 375000.0, "pred_price": 309142.73, "excess_pct": 21.7, "rel_discount": 22.8, "local_mae_pct": 6.5, "pctile": 95.8, "beds": 4.0, "baths": 2.5, "sqft": 1443.0, "lot_sqft": 5519.0, "year_built": 1953.0, "ptype_cat": "single", "days_on_market": 32.0, "n_cuts": 0.0, "cum_cut_pct": 0.0, "days_to_pending": null, "ph_exposure": 0.52, "ph_dist_m": 831.88, "d_fwy": 5222.04, "d_art": 726.41, "school_pi": 68.0, "crime_rate": 18.19, "income": 79107.0, "model_mae_pct": 6.2, "segment": "ppsf:190-300,price:250000-600000", "asof": "2026-09-20 20:52"}, "geometry": {"type": "Point", "coordinates": [-81.545188, 41.510218]}}, {"type": "Feature", "properties": {"address": "23703 East Baintree Rd", "city": "Beachwood", "zip": 44122.0, "url": "https://www.redfin.com/OH/Beachwood/23703-E-Baintree-Rd-44122/home/71054077", "price": 380000.0, "pred_price": 390851.47, "excess_pct": -2.4, "rel_discount": -1.3, "local_mae_pct": 6.5, "pctile": 36.8, "beds": 3.0, "baths": 1.5, "sqft": 1781.0, "lot_sqft": 7405.0, "year_built": 1951.0, "ptype_cat": "single", "days_on_market": 65.0, "n_cuts": 1.0, "cum_cut_pct": -3.8, "days_to_pending": null, "ph_exposure": 0.03, "ph_dist_m": 445.96, "d_fwy": 2196.36, "d_art": 261.88, "school_pi": 96.8, "crime_rate": 20.56, "income": 112017.0, "model_mae_pct": 6.2, "segment": "ppsf:190-300,price:250000-600000", "asof": "2026-09-20 20:52"}, "geometry": {"type": "Point", "coordinates": [-81.511797, 41.498999]}}, {"type": "Feature", "properties": {"address": "2389 Richmond Rd", "city": "Beachwood", "zip": 44122.0, "url": "https://www.redfin.com/OH/Beachwood/2389-Richmond-Rd-44122/home/71056730", "price": 410000.0, "pred_price": 339742.16, "excess_pct": 21.1, "rel_discount": 22.2, "local_mae_pct": 7.39, "pctile": 95.7, "beds": 3.0, "baths": 2.0, "sqft": 1380.0, "lot_sqft": 21340.0, "year_built": 1910.0, "ptype_cat": "single", "days_on_market": 2.0, "n_cuts": 0.0, "cum_cut_pct": 0.0, "days_to_pending": null, "ph_exposure": 0.0, "ph_dist_m": 1712.9, "d_fwy": 910.06, "d_art": 27.17, "school_pi": 96.8, "crime_rate": 20.56, "income": 69107.0, "model_mae_pct": 6.2, "segment": "ppsf:190-300,price:250000-600000", "asof": "2026-09-20 20:52"}, "geometry": {"type": "Point", "coordinates": [-81.497445, 41.493972]}}, {"type": "Feature", "properties": {"address": "2236 Edgerton Rd", "city": "University Heights", "zip": 44118.0, "url": "https://www.redfin.com/OH/University-Heights/2236-Edgerton-Rd-44118/home/66309161", "price": 420000.0, "pred_price": 433776.97, "excess_pct": -2.8, "rel_discount": -3.0, "local_mae_pct": 6.6, "pctile": 34.6, "beds": 4.0, "baths": 3.5, "sqft": 2110.0, "lot_sqft": 10349.0, "year_built": 1936.0, "ptype_cat": "single", "days_on_market": 19.0, "n_cuts": 0.0, "cum_cut_pct": 0.0, "days_to_pending": null, "ph_exposure": 0.14, "ph_dist_m": 934.71, "d_fwy": 4930.46, "d_art": 281.28, "school_pi": 68.0, "crime_rate": 9.38, "income": 120282.0, "model_mae_pct": 6.2, "segment": "ppsf:190-300,price:250000-600000", "asof": "2026-09-20 20:52"}, "geometry": {"type": "Point", "coordinates": [-81.545178, 41.498832]}}, {"type": "Feature", "properties": {"address": "1737 Cumberland Rd", "city": "Cleveland Heights", "zip": 44118.0, "url": "https://www.redfin.com/OH/Cleveland-Heights/1737-Cumberland-Rd-44118/home/70992536", "price": 430000.0, "pred_price": 431332.63, "excess_pct": 0.1, "rel_discount": -0.0, "local_mae_pct": 6.6, "pctile": 50.5, "beds": 7.0, "baths": 2.5, "sqft": 2238.0, "lot_sqft": 7156.0, "year_built": 1926.0, "ptype_cat": "single", "days_on_market": 60.0, "n_cuts": 1.0, "cum_cut_pct": -3.37, "days_to_pending": null, "ph_exposure": 0.49, "ph_dist_m": 1181.3, "d_fwy": 5209.58, "d_art": 85.71, "school_pi": 68.0, "crime_rate": 18.19, "income": 67159.0, "model_mae_pct": 6.2, "segment": "ppsf:190-300,price:250000-600000", "asof": "2026-09-20 20:52"}, "geometry": {"type": "Point", "coordinates": [-81.568295, 41.511997]}}, {"type": "Feature", "properties": {"address": "5680 Alberta Dr", "city": "Lyndhurst", "zip": 44124.0, "url": "https://www.redfin.com/OH/Lyndhurst/5680-Alberta-Dr-44124/home/71033671", "price": 444000.0, "pred_price": 444922.69, "excess_pct": 0.2, "rel_discount": 0.0, "local_mae_pct": 6.5, "pctile": 51.1, "beds": 5.0, "baths": 3.0, "sqft": 2172.0, "lot_sqft": 11199.0, "year_built": 1954.0, "ptype_cat": "single", "days_on_market": 11.0, "n_cuts": 0.0, "cum_cut_pct": 0.0, "days_to_pending": null, "ph_exposure": 0.01, "ph_dist_m": 903.94, "d_fwy": 553.51, "d_art": 670.43, "school_pi": 68.2, "crime_rate": 13.59, "income": 90938.0, "model_mae_pct": 6.2, "segment": "ppsf:190-300,price:250000-600000", "asof": "2026-09-20 20:52"}, "geometry": {"type": "Point", "coordinates": [-81.474857, 41.51043]}}, {"type": "Feature", "properties": {"address": "10422 Brighton Rd", "city": "Bratenahl", "zip": 44108.0, "url": "https://www.redfin.com/OH/Bratenahl/10422-Brighton-Rd-44108/home/66322958", "price": 529900.0, "pred_price": 445738.22, "excess_pct": 19.3, "rel_discount": 13.2, "local_mae_pct": 6.6, "pctile": 95.0, "beds": 5.0, "baths": 3.0, "sqft": 1951.0, "lot_sqft": 7749.0, "year_built": 1930.0, "ptype_cat": "single", "days_on_market": 17.0, "n_cuts": 0.0, "cum_cut_pct": 0.0, "days_to_pending": null, "ph_exposure": 0.7, "ph_dist_m": 574.71, "d_fwy": 95.8, "d_art": 2726.9, "school_pi": 54.3, "crime_rate": 9.09, "income": 137500.0, "model_mae_pct": 6.2, "segment": "ppsf:190-300,price:250000-600000", "asof": "2026-09-20 20:52"}, "geometry": {"type": "Point", "coordinates": [-81.615814, 41.546463]}}, {"type": "Feature", "properties": {"address": "10906 Ashbury Ave", "city": "Cleveland", "zip": 44106.0, "url": "https://www.redfin.com/OH/Cleveland/10906-Ashbury-Ave-44106/home/70776461", "price": 444900.0, "pred_price": 478962.47, "excess_pct": -6.7, "rel_discount": -6.8, "local_mae_pct": 7.38, "pctile": 20.1, "beds": 6.0, "baths": 3.5, "sqft": 2077.0, "lot_sqft": 8189.0, "year_built": 1903.0, "ptype_cat": "single", "days_on_market": 142.0, "n_cuts": 0.0, "cum_cut_pct": 0.0, "days_to_pending": null, "ph_exposure": 2.52, "ph_dist_m": 614.92, "d_fwy": 2908.11, "d_art": 595.92, "school_pi": 54.3, "crime_rate": 344.88, "income": 58690.0, "model_mae_pct": 6.2, "segment": "ppsf:190-300,price:250000-600000", "asof": "2026-09-20 20:52"}, "geometry": {"type": "Point", "coordinates": [-81.610101, 41.516843]}}, {"type": "Feature", "properties": {"address": "2183 E 95 St", "city": "Cleveland", "zip": 44106.0, "url": "https://www.redfin.com/OH/Cleveland/2183-E-95th-St-44106/home/70776994", "price": 429900.0, "pred_price": 414413.67, "excess_pct": 4.1, "rel_discount": 4.0, "local_mae_pct": 6.16, "pctile": 65.9, "beds": 3.0, "baths": 2.5, "sqft": 1776.0, "lot_sqft": 3354.0, "year_built": null, "ptype_cat": "single", "days_on_market": 294.0, "n_cuts": 0.0, "cum_cut_pct": 0.0, "days_to_pending": null, "ph_exposure": 1.95, "ph_dist_m": 413.11, "d_fwy": 3345.91, "d_art": 252.9, "school_pi": 54.3, "crime_rate": 384.62, "income": null, "model_mae_pct": 6.2, "segment": "ppsf:190-300,price:250000-600000", "asof": "2026-09-20 20:52"}, "geometry": {"type": "Point", "coordinates": [-81.620484, 41.498814]}}, {"type": "Feature", "properties": {"address": "2233 E 93rd St", "city": "Cleveland", "zip": 44106.0, "url": "https://www.redfin.com/OH/Cleveland/2233-E-93rd-St-44106/home/70777036", "price": 399900.0, "pred_price": 449283.15, "excess_pct": -10.6, "rel_discount": -9.6, "local_mae_pct": 6.5, "pctile": 8.8, "beds": 5.0, "baths": 2.5, "sqft": 2040.0, "lot_sqft": 4599.0, "year_built": 1960.0, "ptype_cat": "single", "days_on_market": 55.0, "n_cuts": 0.0, "cum_cut_pct": 0.0, "days_to_pending": null, "ph_exposure": 1.7, "ph_dist_m": 478.9, "d_fwy": 3190.18, "d_art": 402.07, "school_pi": 54.3, "crime_rate": 384.62, "income": null, "model_mae_pct": 6.2, "segment": "ppsf:190-300,price:250000-600000", "asof": "2026-09-20 20:52"}, "geometry": {"type": "Point", "coordinates": [-81.62143, 41.497459]}}, {"type": "Feature", "properties": {"address": "2186 Cornell Rd", "city": "Cleveland", "zip": 44106.0, "url": "https://www.redfin.com/OH/Cleveland/2186-Cornell-Rd-44106/home/66447322", "price": 360000.0, "pred_price": 344887.85, "excess_pct": 4.8, "rel_discount": 5.9, "local_mae_pct": 7.38, "pctile": 69.2, "beds": 3.0, "baths": 2.0, "sqft": 1476.0, "lot_sqft": 4678.0, "year_built": 1897.0, "ptype_cat": "single", "days_on_market": 68.0, "n_cuts": 0.0, "cum_cut_pct": 0.0, "days_to_pending": null, "ph_exposure": 1.77, "ph_dist_m": 493.98, "d_fwy": 4468.12, "d_art": 426.93, "school_pi": 54.3, "crime_rate": 47.34, "income": 21919.0, "model_mae_pct": 6.2, "segment": "ppsf:190-300,price:250000-600000", "asof": "2026-09-20 20:52"}, "geometry": {"type": "Point", "coordinates": [-81.601351, 41.504423]}}, {"type": "Feature", "properties": {"address": "2311 E 100th St", "city": "Cleveland", "zip": 44106.0, "url": "https://www.redfin.com/OH/Cleveland/2311-E-100th-St-44106/home/70777147", "price": 399900.0, "pred_price": 417157.49, "excess_pct": -3.7, "rel_discount": -2.6, "local_mae_pct": 5.79, "pctile": 31.5, "beds": 3.0, "baths": 2.5, "sqft": 1802.0, "lot_sqft": 4486.0, "year_built": 2025.0, "ptype_cat": "single", "days_on_market": 12.0, "n_cuts": 1.0, "cum_cut_pct": -4.79, "days_to_pending": null, "ph_exposure": 1.45, "ph_dist_m": 588.13, "d_fwy": 3276.79, "d_art": 231.91, "school_pi": 54.3, "crime_rate": 384.62, "income": null, "model_mae_pct": 6.2, "segment": "ppsf:190-300,price:250000-600000", "asof": "2026-09-20 20:52"}, "geometry": {"type": "Point", "coordinates": [-81.618031, 41.49515]}}, {"type": "Feature", "properties": {"address": "1885 Woodlawn Ave", "city": "Cleveland", "zip": 44112.0, "url": "https://www.redfin.com/OH/Cleveland/1885-Woodlawn-Ave-44112/home/70776889", "price": 399900.0, "pred_price": 405510.1, "excess_pct": -1.0, "rel_discount": 0.1, "local_mae_pct": 5.79, "pctile": 43.9, "beds": 3.0, "baths": 2.5, "sqft": 1676.0, "lot_sqft": 3323.0, "year_built": 2025.0, "ptype_cat": "single", "days_on_market": 18.0, "n_cuts": 0.0, "cum_cut_pct": 0.0, "days_to_pending": null, "ph_exposure": 1.13, "ph_dist_m": 789.85, "d_fwy": 3774.83, "d_art": 253.82, "school_pi": 54.3, "crime_rate": 102.89, "income": 50625.0, "model_mae_pct": 6.2, "segment": "ppsf:190-300,price:250000-600000", "asof": "2026-09-20 20:52"}, "geometry": {"type": "Point", "coordinates": [-81.593184, 41.515824]}}, {"type": "Feature", "properties": {"address": "1886 Woodlawn Ave", "city": "Cleveland", "zip": 44112.0, "url": "https://www.redfin.com/OH/Cleveland/1886-Woodlawn-Ave-44112/home/70776936", "price": 399900.0, "pred_price": 389137.76, "excess_pct": 3.2, "rel_discount": 4.2, "local_mae_pct": 5.79, "pctile": 62.3, "beds": 3.0, "baths": 2.5, "sqft": 1610.0, "lot_sqft": 3484.0, "year_built": 2026.0, "ptype_cat": "single", "days_on_market": 46.0, "n_cuts": 0.0, "cum_cut_pct": 0.0, "days_to_pending": null, "ph_exposure": 1.13, "ph_dist_m": 811.78, "d_fwy": 3784.04, "d_art": 251.18, "school_pi": 54.3, "crime_rate": 102.89, "income": 50625.0, "model_mae_pct": 6.2, "segment": "ppsf:190-300,price:250000-600000", "asof": "2026-09-20 20:52"}, "geometry": {"type": "Point", "coordinates": [-81.593451, 41.515607]}}, {"type": "Feature", "properties": {"address": "1881 Woodlawn Ave", "city": "Cleveland", "zip": 44112.0, "url": "https://www.redfin.com/OH/Cleveland/1881-Woodlawn-Ave-44112/home/70776890", "price": 399900.0, "pred_price": 405510.1, "excess_pct": -1.0, "rel_discount": 0.1, "local_mae_pct": 5.79, "pctile": 43.9, "beds": 3.0, "baths": 2.5, "sqft": 1676.0, "lot_sqft": 3323.0, "year_built": 2025.0, "ptype_cat": "single", "days_on_market": 18.0, "n_cuts": 0.0, "cum_cut_pct": 0.0, "days_to_pending": null, "ph_exposure": 1.13, "ph_dist_m": 783.09, "d_fwy": 3764.92, "d_art": 242.7, "school_pi": 54.3, "crime_rate": 102.89, "income": 50625.0, "model_mae_pct": 6.2, "segment": "ppsf:190-300,price:250000-600000", "asof": "2026-09-20 20:52"}, "geometry": {"type": "Point", "coordinates": [-81.593299, 41.515876]}}, {"type": "Feature", "properties": {"address": "1367 E 110th St", "city": "Cleveland", "zip": 44106.0, "url": "https://www.redfin.com/OH/Cleveland/1367-E-110th-St-44106/home/66579150", "price": 410000.0, "pred_price": 360611.48, "excess_pct": 14.1, "rel_discount": 15.2, "local_mae_pct": 5.79, "pctile": 88.2, "beds": 3.0, "baths": 2.5, "sqft": 1600.0, "lot_sqft": 5549.0, "year_built": 2026.0, "ptype_cat": "single", "days_on_market": 68.0, "n_cuts": 0.0, "cum_cut_pct": 0.0, "days_to_pending": null, "ph_exposure": 1.88, "ph_dist_m": 556.42, "d_fwy": 2621.67, "d_art": 221.41, "school_pi": 54.3, "crime_rate": 300.26, "income": 58750.0, "model_mae_pct": 6.2, "segment": "ppsf:190-300,price:250000-600000", "asof": "2026-09-20 20:52"}, "geometry": {"type": "Point", "coordinates": [-81.609052, 41.520358]}}, {"type": "Feature", "properties": {"address": "1371 E 111th St", "city": "Cleveland", "zip": 44106.0, "url": "https://www.redfin.com/OH/Cleveland/1371-E-111th-St-44106/home/66189578", "price": 410000.0, "pred_price": 360176.96, "excess_pct": 14.2, "rel_discount": 15.2, "local_mae_pct": 5.79, "pctile": 88.6, "beds": 3.0, "baths": 2.5, "sqft": 1600.0, "lot_sqft": 5915.0, "year_built": 2026.0, "ptype_cat": "single", "days_on_market": 68.0, "n_cuts": 0.0, "cum_cut_pct": 0.0, "days_to_pending": null, "ph_exposure": 1.88, "ph_dist_m": 631.01, "d_fwy": 2662.89, "d_art": 231.37, "school_pi": 54.3, "crime_rate": 300.26, "income": 58750.0, "model_mae_pct": 6.2, "segment": "ppsf:190-300,price:250000-600000", "asof": "2026-09-20 20:52"}, "geometry": {"type": "Point", "coordinates": [-81.608152, 41.52037]}}, {"type": "Feature", "properties": {"address": "33400 Wagon Wheel Dr", "city": "Solon", "zip": 44139.0, "url": "https://www.redfin.com/OH/Solon/33400-Wagon-Wheel-Dr-44139/home/71131931", "price": 385000.0, "pred_price": 439597.01, "excess_pct": -12.0, "rel_discount": -11.0, "local_mae_pct": 6.5, "pctile": 6.1, "beds": 4.0, "baths": 2.5, "sqft": 1912.0, "lot_sqft": 15999.0, "year_built": 1968.0, "ptype_cat": "single", "days_on_market": 10.0, "n_cuts": 0.0, "cum_cut_pct": 0.0, "days_to_pending": null, "ph_exposure": 0.0, "ph_dist_m": 4720.41, "d_fwy": 308.11, "d_art": 224.67, "school_pi": 102.8, "crime_rate": 7.28, "income": 158281.0, "model_mae_pct": 6.2, "segment": "ppsf:190-300,price:250000-600000", "asof": "2026-09-20 20:52"}, "geometry": {"type": "Point", "coordinates": [-81.441274, 41.398342]}}, {"type": "Feature", "properties": {"address": "30960 Miles Rd", "city": "Solon", "zip": 44139.0, "url": "https://www.redfin.com/OH/Solon/30960-Miles-Rd-44139/home/66390458", "price": 365000.0, "pred_price": 404832.92, "excess_pct": -9.4, "rel_discount": -8.4, "local_mae_pct": 5.15, "pctile": 11.4, "beds": 3.0, "baths": 2.0, "sqft": 1784.0, "lot_sqft": 11586.0, "year_built": 1987.0, "ptype_cat": "single", "days_on_market": 5.0, "n_cuts": 1.0, "cum_cut_pct": -1.32, "days_to_pending": null, "ph_exposure": 0.0, "ph_dist_m": 4301.62, "d_fwy": 1556.8, "d_art": 1240.61, "school_pi": 102.8, "crime_rate": 7.28, "income": 169545.0, "model_mae_pct": 6.2, "segment": "ppsf:190-300,price:250000-600000", "asof": "2026-09-20 20:52"}, "geometry": {"type": "Point", "coordinates": [-81.458929, 41.424123]}}, {"type": "Feature", "properties": {"address": "8870 N Spring Valley Park Dr", "city": "Chagrin Falls", "zip": 44023.0, "url": "https://www.redfin.com/OH/Chagrin-Falls/8870-N-Spring-Valley-Park-Dr-44023/home/66096058", "price": 350000.0, "pred_price": 425913.85, "excess_pct": -17.4, "rel_discount": null, "local_mae_pct": 6.5, "pctile": 1.3, "beds": 3.0, "baths": 1.5, "sqft": 1716.0, "lot_sqft": 70567.0, "year_built": 1957.0, "ptype_cat": "single", "days_on_market": 63.0, "n_cuts": 0.0, "cum_cut_pct": 0.0, "days_to_pending": null, "ph_exposure": 0.0, "ph_dist_m": 7795.52, "d_fwy": 3017.7, "d_art": 1145.17, "school_pi": 94.5, "crime_rate": null, "income": 122500.0, "model_mae_pct": 6.2, "segment": "ppsf:190-300,price:250000-600000", "asof": "2026-09-20 20:52"}, "geometry": {"type": "Point", "coordinates": [-81.326026, 41.358345]}}, {"type": "Feature", "properties": {"address": "1893 E 84th St", "city": "Cleveland", "zip": 44103.0, "url": "https://www.redfin.com/OH/Cleveland/1893-E-84th-St-44103/home/204702899", "price": 398000.0, "pred_price": 345887.33, "excess_pct": 15.5, "rel_discount": 16.6, "local_mae_pct": 5.79, "pctile": 90.0, "beds": 3.0, "baths": 2.5, "sqft": 1518.0, "lot_sqft": 6250.0, "year_built": 2026.0, "ptype_cat": "single", "days_on_market": 30.0, "n_cuts": 0.0, "cum_cut_pct": 0.0, "days_to_pending": null, "ph_exposure": 2.94, "ph_dist_m": 499.24, "d_fwy": 3189.63, "d_art": 80.16, "school_pi": 54.3, "crime_rate": 100.19, "income": null, "model_mae_pct": 6.2, "segment": "ppsf:190-300,price:250000-600000", "asof": "2026-09-20 20:52"}, "geometry": {"type": "Point", "coordinates": [-81.628579, 41.50655]}}, {"type": "Feature", "properties": {"address": "32801 Baldwin Rd", "city": "Solon", "zip": 44139.0, "url": "https://www.redfin.com/OH/Solon/32801-Baldwin-Rd-44139/home/71133997", "price": 260000.0, "pred_price": 283681.01, "excess_pct": -7.9, "rel_discount": -3.2, "local_mae_pct": 6.5, "pctile": 16.6, "beds": 3.0, "baths": 1.0, "sqft": 1246.0, "lot_sqft": 9086.0, "year_built": 1953.0, "ptype_cat": "single", "days_on_market": 8.0, "n_cuts": 1.0, "cum_cut_pct": -3.7, "days_to_pending": null, "ph_exposure": 0.0, "ph_dist_m": 5018.18, "d_fwy": 1013.26, "d_art": 670.19, "school_pi": 102.8, "crime_rate": 7.28, "income": 95391.0, "model_mae_pct": 6.2, "segment": "ppsf:190-300,price:250000-600000", "asof": "2026-09-20 20:52"}, "geometry": {"type": "Point", "coordinates": [-81.445758, 41.385499]}}, {"type": "Feature", "properties": {"address": "35640 Timberlane Dr", "city": "Solon", "zip": 44139.0, "url": "https://www.redfin.com/OH/Solon/35640-Timberlane-Dr-44139/home/66394237", "price": 330000.0, "pred_price": 349231.81, "excess_pct": -5.1, "rel_discount": -5.8, "local_mae_pct": 6.5, "pctile": 26.0, "beds": 3.0, "baths": 1.5, "sqft": 1519.0, "lot_sqft": 42902.0, "year_built": 1956.0, "ptype_cat": "single", "days_on_market": 20.0, "n_cuts": 1.0, "cum_cut_pct": -2.94, "days_to_pending": null, "ph_exposure": 0.0, "ph_dist_m": 3463.21, "d_fwy": 502.86, "d_art": 1121.74, "school_pi": 102.8, "crime_rate": 7.28, "income": 184211.0, "model_mae_pct": 6.2, "segment": "ppsf:190-300,price:250000-600000", "asof": "2026-09-20 20:52"}, "geometry": {"type": "Point", "coordinates": [-81.424958, 41.398582]}}, {"type": "Feature", "properties": {"address": "5995 Liberty Rd", "city": "Solon", "zip": 44139.0, "url": "https://www.redfin.com/OH/Solon/5995-Liberty-Rd-44139/home/66412120", "price": 335000.0, "pred_price": 322945.71, "excess_pct": 4.1, "rel_discount": 3.4, "local_mae_pct": 6.5, "pctile": 65.9, "beds": 3.0, "baths": 1.5, "sqft": 1232.0, "lot_sqft": 30248.0, "year_built": 1960.0, "ptype_cat": "single", "days_on_market": 113.0, "n_cuts": 1.0, "cum_cut_pct": -3.46, "days_to_pending": null, "ph_exposure": 0.0, "ph_dist_m": 2952.62, "d_fwy": 668.65, "d_art": 1886.11, "school_pi": 102.8, "crime_rate": 7.28, "income": 187628.0, "model_mae_pct": 6.2, "segment": "ppsf:190-300,price:250000-600000", "asof": "2026-09-20 20:52"}, "geometry": {"type": "Point", "coordinates": [-81.415223, 41.395941]}}, {"type": "Feature", "properties": {"address": "241 High St", "city": "Chagrin Falls", "zip": 44022.0, "url": "https://www.redfin.com/OH/Chagrin-Falls/241-High-St-44022/home/71128100", "price": 479000.0, "pred_price": 393585.15, "excess_pct": 22.1, "rel_discount": 22.0, "local_mae_pct": 6.5, "pctile": 96.5, "beds": 3.0, "baths": 3.0, "sqft": 1714.0, "lot_sqft": 7222.0, "year_built": 1955.0, "ptype_cat": "single", "days_on_market": 51.0, "n_cuts": 1.0, "cum_cut_pct": -4.18, "days_to_pending": null, "ph_exposure": 0.0, "ph_dist_m": 2291.05, "d_fwy": 5343.49, "d_art": 4039.64, "school_pi": 101.1, "crime_rate": 4.39, "income": 73625.0, "model_mae_pct": 6.2, "segment": "ppsf:190-300,price:250000-600000", "asof": "2026-09-20 20:52"}, "geometry": {"type": "Point", "coordinates": [-81.386488, 41.436721]}}, {"type": "Feature", "properties": {"address": "37472 Hunters Ridge Rd", "city": "Solon", "zip": 44139.0, "url": "https://www.redfin.com/OH/Solon/37472-Hunters-Ridge-Rd-44139/home/71136787", "price": 485000.0, "pred_price": 496504.59, "excess_pct": -1.9, "rel_discount": -2.0, "local_mae_pct": 6.5, "pctile": 38.9, "beds": 4.0, "baths": 3.5, "sqft": 2304.0, "lot_sqft": 15245.0, "year_built": 1976.0, "ptype_cat": "single", "days_on_market": 10.0, "n_cuts": 0.0, "cum_cut_pct": 0.0, "days_to_pending": null, "ph_exposure": 0.0, "ph_dist_m": 2403.16, "d_fwy": 934.22, "d_art": 2417.23, "school_pi": 102.8, "crime_rate": 7.28, "income": 187628.0, "model_mae_pct": 6.2, "segment": "ppsf:190-300,price:250000-600000", "asof": "2026-09-20 20:52"}, "geometry": {"type": "Point", "coordinates": [-81.409217, 41.398314]}}, {"type": "Feature", "properties": {"address": "8145 Chagrin Rd", "city": "Chagrin Falls", "zip": 44023.0, "url": "https://www.redfin.com/OH/Chagrin-Falls/8145-Chagrin-Rd-44023/home/75347508", "price": 499900.0, "pred_price": 517321.73, "excess_pct": -3.0, "rel_discount": null, "local_mae_pct": 7.39, "pctile": 34.0, "beds": 4.0, "baths": 3.0, "sqft": 2334.0, "lot_sqft": 107157.0, "year_built": 1900.0, "ptype_cat": "single", "days_on_market": 2.0, "n_cuts": 1.0, "cum_cut_pct": -3.85, "days_to_pending": null, "ph_exposure": 0.0, "ph_dist_m": 3201.72, "d_fwy": 831.69, "d_art": 1136.57, "school_pi": 94.5, "crime_rate": 10.53, "income": 210227.0, "model_mae_pct": 6.2, "segment": "ppsf:190-300,price:250000-600000", "asof": "2026-09-20 20:52"}, "geometry": {"type": "Point", "coordinates": [-81.351493, 41.396877]}}, {"type": "Feature", "properties": {"address": "18821 Munn Rd", "city": "Auburn Township", "zip": 44023.0, "url": "https://www.redfin.com/OH/Auburn-Township/18821-Munn-Rd-44023/home/66085535", "price": 545000.0, "pred_price": 544597.43, "excess_pct": 0.5, "rel_discount": null, "local_mae_pct": 6.5, "pctile": 52.7, "beds": 4.0, "baths": 2.5, "sqft": 2632.0, "lot_sqft": 507909.0, "year_built": 1977.0, "ptype_cat": "single", "days_on_market": 100.0, "n_cuts": 1.0, "cum_cut_pct": -3.54, "days_to_pending": null, "ph_exposure": 0.0, "ph_dist_m": 10720.81, "d_fwy": 2552.36, "d_art": 5149.0, "school_pi": 94.5, "crime_rate": null, "income": 174531.0, "model_mae_pct": 6.2, "segment": "ppsf:190-300,price:250000-600000", "asof": "2026-09-20 20:52"}, "geometry": {"type": "Point", "coordinates": [-81.278156, 41.357641]}}, {"type": "Feature", "properties": {"address": "7309 Winchester Dr", "city": "Solon", "zip": 44139.0, "url": "https://www.redfin.com/OH/Solon/7309-Winchester-Dr-44139/home/66280122", "price": 549000.0, "pred_price": 552663.11, "excess_pct": -0.3, "rel_discount": -6.4, "local_mae_pct": 5.15, "pctile": 49.1, "beds": 4.0, "baths": 3.5, "sqft": 2755.0, "lot_sqft": 15999.0, "year_built": 1994.0, "ptype_cat": "single", "days_on_market": 87.0, "n_cuts": 1.0, "cum_cut_pct": -3.68, "days_to_pending": null, "ph_exposure": 0.0, "ph_dist_m": 4672.65, "d_fwy": 3925.46, "d_art": 136.07, "school_pi": 102.8, "crime_rate": 7.28, "income": 148684.0, "model_mae_pct": 6.2, "segment": "ppsf:190-300,price:250000-600000", "asof": "2026-09-20 20:52"}, "geometry": {"type": "Point", "coordinates": [-81.440099, 41.358356]}}, {"type": "Feature", "properties": {"address": "30320 Miles Rd", "city": "Solon", "zip": 44139.0, "url": "https://www.redfin.com/OH/Solon/30320-Miles-Rd-44139/home/71131301", "price": 600000.0, "pred_price": 556228.36, "excess_pct": 8.3, "rel_discount": 2.2, "local_mae_pct": 6.5, "pctile": 79.5, "beds": 4.0, "baths": 3.5, "sqft": 2656.0, "lot_sqft": 29050.0, "year_built": 1956.0, "ptype_cat": "single", "days_on_market": 81.0, "n_cuts": 0.0, "cum_cut_pct": 0.0, "days_to_pending": null, "ph_exposure": 0.0, "ph_dist_m": 3968.72, "d_fwy": 1198.38, "d_art": 1648.44, "school_pi": 102.8, "crime_rate": 7.28, "income": 169545.0, "model_mae_pct": 6.2, "segment": "ppsf:190-300,price:250000-600000", "asof": "2026-09-20 20:52"}, "geometry": {"type": "Point", "coordinates": [-81.463812, 41.42409]}}, {"type": "Feature", "properties": {"address": "6635 Liberty Rd", "city": "Solon", "zip": 44139.0, "url": "https://www.redfin.com/OH/Solon/6635-Liberty-Rd-44139/home/66426567", "price": 409000.0, "pred_price": 454932.68, "excess_pct": -9.7, "rel_discount": -8.6, "local_mae_pct": 5.15, "pctile": 10.0, "beds": 3.0, "baths": 2.5, "sqft": 1967.0, "lot_sqft": 222940.0, "year_built": 1990.0, "ptype_cat": "single", "days_on_market": 9.0, "n_cuts": 0.0, "cum_cut_pct": 0.0, "days_to_pending": null, "ph_exposure": 0.0, "ph_dist_m": 4666.55, "d_fwy": 1252.42, "d_art": 300.98, "school_pi": 102.8, "crime_rate": 7.28, "income": 158523.0, "model_mae_pct": 6.2, "segment": "ppsf:190-300,price:250000-600000", "asof": "2026-09-20 20:52"}, "geometry": {"type": "Point", "coordinates": [-81.420194, 41.378687]}}, {"type": "Feature", "properties": {"address": "5920 Stephanie Ln", "city": "Solon", "zip": 44139.0, "url": "https://www.redfin.com/OH/Solon/5920-Stephanie-Ln-44139/home/71131438", "price": 419900.0, "pred_price": 438414.74, "excess_pct": -3.8, "rel_discount": -2.8, "local_mae_pct": 5.15, "pctile": 31.1, "beds": 4.0, "baths": 2.5, "sqft": 1944.0, "lot_sqft": 23958.0, "year_built": 1989.0, "ptype_cat": "single", "days_on_market": 4.0, "n_cuts": 0.0, "cum_cut_pct": 0.0, "days_to_pending": null, "ph_exposure": 0.0, "ph_dist_m": 3796.44, "d_fwy": 47.39, "d_art": 1417.77, "school_pi": 102.8, "crime_rate": 7.28, "income": 158281.0, "model_mae_pct": 6.2, "segment": "ppsf:190-300,price:250000-600000", "asof": "2026-09-20 20:52"}, "geometry": {"type": "Point", "coordinates": [-81.456135, 41.400318]}}, {"type": "Feature", "properties": {"address": "35755 Solon Rd", "city": "Solon", "zip": 44139.0, "url": "https://www.redfin.com/OH/Solon/35755-Solon-Rd-44139/home/71133314", "price": 425000.0, "pred_price": 427986.0, "excess_pct": -0.3, "rel_discount": -0.4, "local_mae_pct": 6.5, "pctile": 49.1, "beds": 4.0, "baths": 2.0, "sqft": 1868.0, "lot_sqft": 29999.0, "year_built": 1968.0, "ptype_cat": "single", "days_on_market": 2.0, "n_cuts": 0.0, "cum_cut_pct": 0.0, "days_to_pending": null, "ph_exposure": 0.0, "ph_dist_m": 3251.59, "d_fwy": 818.04, "d_art": 1259.35, "school_pi": 102.8, "crime_rate": 7.28, "income": 184211.0, "model_mae_pct": 6.2, "segment": "ppsf:190-300,price:250000-600000", "asof": "2026-09-20 20:52"}, "geometry": {"type": "Point", "coordinates": [-81.423931, 41.401345]}}, {"type": "Feature", "properties": {"address": "1884 W 47th St", "city": "Cleveland", "zip": 44102.0, "url": "https://www.redfin.com/OH/Cleveland/1884-W-47th-St-44102/home/70721195", "price": 250000.0, "pred_price": 278074.24, "excess_pct": -9.7, "rel_discount": -4.9, "local_mae_pct": 7.38, "pctile": 10.0, "beds": 2.0, "baths": 1.0, "sqft": 1070.0, "lot_sqft": 3781.0, "year_built": 1890.0, "ptype_cat": "single", "days_on_market": 135.0, "n_cuts": 0.0, "cum_cut_pct": 0.0, "days_to_pending": null, "ph_exposure": 1.17, "ph_dist_m": 264.84, "d_fwy": 673.57, "d_art": 716.97, "school_pi": 54.3, "crime_rate": 150.17, "income": 72250.0, "model_mae_pct": 6.2, "segment": "ppsf:190-300,price:250000-600000", "asof": "2026-09-20 20:52"}, "geometry": {"type": "Point", "coordinates": [-81.71918, 41.48158]}}, {"type": "Feature", "properties": {"address": "2661 Idlewood Rd", "city": "Cleveland Heights", "zip": 44118.0, "url": "https://www.redfin.com/OH/Cleveland-Heights/2661-Idlewood-Rd-44118/home/71006415", "price": 279000.0, "pred_price": 269495.69, "excess_pct": 3.9, "rel_discount": 8.6, "local_mae_pct": 7.39, "pctile": 64.9, "beds": 3.0, "baths": 1.0, "sqft": 1344.0, "lot_sqft": 6398.0, "year_built": 1915.0, "ptype_cat": "single", "days_on_market": 51.0, "n_cuts": 1.0, "cum_cut_pct": -2.11, "days_to_pending": null, "ph_exposure": 0.01, "ph_dist_m": 2310.51, "d_fwy": 5875.42, "d_art": 587.79, "school_pi": 68.0, "crime_rate": 18.19, "income": 125417.0, "model_mae_pct": 6.2, "segment": "ppsf:190-300,price:250000-600000", "asof": "2026-09-20 20:52"}, "geometry": {"type": "Point", "coordinates": [-81.55805, 41.487116]}}, {"type": "Feature", "properties": {"address": "3603 Hildana Rd", "city": "Shaker Heights", "zip": 44120.0, "url": "https://www.redfin.com/OH/Shaker-Heights/3603-Hildana-Rd-44120/home/194109501", "price": 375000.0, "pred_price": 380277.27, "excess_pct": -1.0, "rel_discount": 0.1, "local_mae_pct": 5.79, "pctile": 43.9, "beds": 3.0, "baths": 2.5, "sqft": 1725.0, "lot_sqft": 7200.0, "year_built": 2025.0, "ptype_cat": "single", "days_on_market": 253.0, "n_cuts": 0.0, "cum_cut_pct": 0.0, "days_to_pending": null, "ph_exposure": 0.25, "ph_dist_m": 626.85, "d_fwy": 3875.54, "d_art": 274.37, "school_pi": 78.9, "crime_rate": 5.02, "income": 48549.0, "model_mae_pct": 6.2, "segment": "ppsf:190-300,price:250000-600000", "asof": "2026-09-20 20:52"}, "geometry": {"type": "Point", "coordinates": [-81.568219, 41.461495]}}, {"type": "Feature", "properties": {"address": "3607 Hildana Rd", "city": "Shaker Heights", "zip": 44120.0, "url": "https://www.redfin.com/OH/Shaker-Heights/3607-Hildana-Rd-44120/home/66577910", "price": 375000.0, "pred_price": 381168.42, "excess_pct": -1.2, "rel_discount": -0.2, "local_mae_pct": 5.79, "pctile": 43.0, "beds": 3.0, "baths": 2.5, "sqft": 1725.0, "lot_sqft": 7200.0, "year_built": 2025.0, "ptype_cat": "single", "days_on_market": 86.0, "n_cuts": 0.0, "cum_cut_pct": 0.0, "days_to_pending": null, "ph_exposure": 0.25, "ph_dist_m": 637.06, "d_fwy": 3864.07, "d_art": 274.27, "school_pi": 78.9, "crime_rate": 5.02, "income": 48549.0, "model_mae_pct": 6.2, "segment": "ppsf:190-300,price:250000-600000", "asof": "2026-09-20 20:52"}, "geometry": {"type": "Point", "coordinates": [-81.568217, 41.461385]}}, {"type": "Feature", "properties": {"address": "3710 Strandhill Rd", "city": "Shaker Heights", "zip": 44122.0, "url": "https://www.redfin.com/OH/Shaker-Heights/3710-Strandhill-Rd-44122/home/71051817", "price": 379000.0, "pred_price": 425876.36, "excess_pct": -10.6, "rel_discount": -9.6, "local_mae_pct": 6.6, "pctile": 8.8, "beds": 4.0, "baths": 3.5, "sqft": 1940.0, "lot_sqft": 5998.0, "year_built": 1945.0, "ptype_cat": "single", "days_on_market": 80.0, "n_cuts": 0.0, "cum_cut_pct": 0.0, "days_to_pending": null, "ph_exposure": 0.16, "ph_dist_m": 839.52, "d_fwy": 3756.27, "d_art": 860.65, "school_pi": 78.9, "crime_rate": 5.02, "income": 103289.0, "model_mae_pct": 6.2, "segment": "ppsf:190-300,price:250000-600000", "asof": "2026-09-20 20:52"}, "geometry": {"type": "Point", "coordinates": [-81.553318, 41.458698]}}, {"type": "Feature", "properties": {"address": "3516 Hildana Rd", "city": "Shaker Heights", "zip": 44120.0, "url": "https://www.redfin.com/OH/Shaker-Heights/3516-Hildana-Rd-44120/home/66577783", "price": 429900.0, "pred_price": 395930.0, "excess_pct": 9.0, "rel_discount": 8.8, "local_mae_pct": 6.17, "pctile": 80.6, "beds": 3.0, "baths": 2.5, "sqft": 1762.0, "lot_sqft": 7200.0, "year_built": null, "ptype_cat": "single", "days_on_market": 511.0, "n_cuts": 0.0, "cum_cut_pct": 0.0, "days_to_pending": null, "ph_exposure": 0.29, "ph_dist_m": 476.63, "d_fwy": 4105.41, "d_art": 301.55, "school_pi": 78.9, "crime_rate": 5.02, "income": 48549.0, "model_mae_pct": 6.2, "segment": "ppsf:190-300,price:250000-600000", "asof": "2026-09-20 20:52"}, "geometry": {"type": "Point", "coordinates": [-81.568904, 41.463831]}}, {"type": "Feature", "properties": {"address": "2673 Belvoir Blvd", "city": "Shaker Heights", "zip": 44122.0, "url": "https://www.redfin.com/OH/Shaker-Heights/2673-Belvoir-Blvd-44122/home/66475913", "price": 450000.0, "pred_price": 528520.98, "excess_pct": -14.5, "rel_discount": -14.6, "local_mae_pct": 6.6, "pctile": 2.9, "beds": 4.0, "baths": 2.5, "sqft": 2264.0, "lot_sqft": 13503.0, "year_built": 1941.0, "ptype_cat": "single", "days_on_market": 85.0, "n_cuts": 0.0, "cum_cut_pct": 0.0, "days_to_pending": null, "ph_exposure": 0.03, "ph_dist_m": 723.59, "d_fwy": 3330.45, "d_art": 766.86, "school_pi": 78.9, "crime_rate": 5.02, "income": 250001.0, "model_mae_pct": 6.2, "segment": "ppsf:190-300,price:250000-600000", "asof": "2026-09-20 20:52"}, "geometry": {"type": "Point", "coordinates": [-81.526983, 41.485107]}}, {"type": "Feature", "properties": {"address": "24800 Shaker Blvd", "city": "Beachwood", "zip": 44122.0, "url": "https://www.redfin.com/OH/Beachwood/24800-Shaker-Blvd-44122/home/66156195", "price": 475000.0, "pred_price": 482924.26, "excess_pct": -1.2, "rel_discount": -1.4, "local_mae_pct": 6.5, "pctile": 43.0, "beds": 3.0, "baths": 2.5, "sqft": 2271.0, "lot_sqft": 20037.0, "year_built": 1959.0, "ptype_cat": "single", "days_on_market": 44.0, "n_cuts": 1.0, "cum_cut_pct": -4.81, "days_to_pending": null, "ph_exposure": 0.01, "ph_dist_m": 1117.85, "d_fwy": 1241.07, "d_art": 453.3, "school_pi": 96.8, "crime_rate": 20.56, "income": 115795.0, "model_mae_pct": 6.2, "segment": "ppsf:190-300,price:250000-600000", "asof": "2026-09-20 20:52"}, "geometry": {"type": "Point", "coordinates": [-81.50319, 41.477484]}}, {"type": "Feature", "properties": {"address": "3361 Avalon Rd", "city": "Shaker Heights", "zip": 44120.0, "url": "https://www.redfin.com/OH/Shaker-Heights/3361-Avalon-Rd-44120/home/71048039", "price": 478000.0, "pred_price": 464021.73, "excess_pct": 3.4, "rel_discount": 3.2, "local_mae_pct": 6.6, "pctile": 62.9, "beds": 4.0, "baths": 2.5, "sqft": 2230.0, "lot_sqft": 7248.0, "year_built": 1924.0, "ptype_cat": "single", "days_on_market": 5.0, "n_cuts": 0.0, "cum_cut_pct": 0.0, "days_to_pending": null, "ph_exposure": 0.28, "ph_dist_m": 509.72, "d_fwy": 4797.17, "d_art": 167.85, "school_pi": 78.9, "crime_rate": 5.02, "income": null, "model_mae_pct": 6.2, "segment": "ppsf:190-300,price:250000-600000", "asof": "2026-09-20 20:52"}, "geometry": {"type": "Point", "coordinates": [-81.558706, 41.46826]}}, {"type": "Feature", "properties": {"address": "21439 Claythorne Rd", "city": "Shaker Heights", "zip": 44122.0, "url": "https://www.redfin.com/OH/Shaker-Heights/21439-Claythorne-Rd-44122/home/71045350", "price": 499999.0, "pred_price": 479208.6, "excess_pct": 4.7, "rel_discount": -1.5, "local_mae_pct": 6.6, "pctile": 68.5, "beds": 4.0, "baths": 2.5, "sqft": 2088.0, "lot_sqft": 15951.0, "year_built": 1948.0, "ptype_cat": "single", "days_on_market": 108.0, "n_cuts": 0.0, "cum_cut_pct": 0.0, "days_to_pending": null, "ph_exposure": 0.03, "ph_dist_m": 827.43, "d_fwy": 3486.57, "d_art": 614.05, "school_pi": 78.9, "crime_rate": 5.02, "income": 250001.0, "model_mae_pct": 6.2, "segment": "ppsf:190-300,price:250000-600000", "asof": "2026-09-20 20:52"}, "geometry": {"type": "Point", "coordinates": [-81.528816, 41.485732]}}, {"type": "Feature", "properties": {"address": "3646 Lindholm Rd", "city": "Shaker Heights", "zip": 44120.0, "url": "https://www.redfin.com/OH/Shaker-Heights/3646-Lindholm-Rd-44120/home/71049866", "price": 334900.0, "pred_price": 342782.96, "excess_pct": -1.9, "rel_discount": -2.6, "local_mae_pct": 6.5, "pctile": 38.9, "beds": 4.0, "baths": 2.5, "sqft": 1602.0, "lot_sqft": 5479.0, "year_built": 1952.0, "ptype_cat": "single", "days_on_market": 32.0, "n_cuts": 0.0, "cum_cut_pct": 0.0, "days_to_pending": null, "ph_exposure": 0.23, "ph_dist_m": 659.68, "d_fwy": 3881.0, "d_art": 79.65, "school_pi": 78.9, "crime_rate": 5.02, "income": 115208.0, "model_mae_pct": 6.2, "segment": "ppsf:190-300,price:250000-600000", "asof": "2026-09-20 20:52"}, "geometry": {"type": "Point", "coordinates": [-81.563972, 41.460326]}}, {"type": "Feature", "properties": {"address": "330 Inwood Blvd", "city": "Avon Lake", "zip": 44012.0, "url": "https://www.redfin.com/OH/Avon-Lake/330-Inwood-Blvd-44012/home/77205697", "price": 289900.0, "pred_price": 316266.75, "excess_pct": -7.9, "rel_discount": -5.9, "local_mae_pct": 6.51, "pctile": 16.6, "beds": 4.0, "baths": 1.0, "sqft": 1400.0, "lot_sqft": 6499.0, "year_built": 1952.0, "ptype_cat": "single", "days_on_market": 20.0, "n_cuts": 0.0, "cum_cut_pct": 0.0, "days_to_pending": null, "ph_exposure": 0.0, "ph_dist_m": 2693.97, "d_fwy": 3716.76, "d_art": 1280.99, "school_pi": 92.9, "crime_rate": 4.4, "income": 63108.0, "model_mae_pct": 6.2, "segment": "ppsf:190-300,price:250000-600000", "asof": "2026-09-20 20:52"}, "geometry": {"type": "Point", "coordinates": [-82.025405, 41.499029]}}, {"type": "Feature", "properties": {"address": "7133 Marcelline Ct", "city": "Cleveland", "zip": 44125.0, "url": "https://www.redfin.com/OH/Cleveland/7133-Marcelline-Ct-44125/home/70908175", "price": 400000.0, "pred_price": 367600.91, "excess_pct": 9.2, "rel_discount": 10.2, "local_mae_pct": 5.79, "pctile": 80.9, "beds": 3.0, "baths": 2.5, "sqft": 1600.0, "lot_sqft": 6969.0, "year_built": 2026.0, "ptype_cat": "single", "days_on_market": 138.0, "n_cuts": 0.0, "cum_cut_pct": 0.0, "days_to_pending": null, "ph_exposure": 0.0, "ph_dist_m": 1840.85, "d_fwy": 368.47, "d_art": 2494.32, "school_pi": 93.4, "crime_rate": 5.11, "income": 82083.0, "model_mae_pct": 6.2, "segment": "ppsf:190-300,price:250000-600000", "asof": "2026-09-20 20:52"}, "geometry": {"type": "Point", "coordinates": [-81.640738, 41.425068]}}, {"type": "Feature", "properties": {"address": "1164 Edgecliff Dr", "city": "Bedford", "zip": 44146.0, "url": "https://www.redfin.com/OH/Bedford/1164-Edgecliff-Dr-44146/home/71108100", "price": 271900.0, "pred_price": 319687.86, "excess_pct": -14.5, "rel_discount": -9.8, "local_mae_pct": 6.5, "pctile": 2.9, "beds": 3.0, "baths": 2.5, "sqft": 1408.0, "lot_sqft": 12898.0, "year_built": 1960.0, "ptype_cat": "single", "days_on_market": 32.0, "n_cuts": 1.0, "cum_cut_pct": -2.86, "days_to_pending": null, "ph_exposure": 0.15, "ph_dist_m": 206.3, "d_fwy": 620.27, "d_art": 129.25, "school_pi": 59.5, "crime_rate": 9.88, "income": 77101.0, "model_mae_pct": 6.2, "segment": "ppsf:190-300,price:250000-600000", "asof": "2026-09-20 20:52"}, "geometry": {"type": "Point", "coordinates": [-81.520794, 41.381728]}}, {"type": "Feature", "properties": {"address": "65 Talbot Dr", "city": "Bedford", "zip": 44146.0, "url": "https://www.redfin.com/OH/Bedford/65-Talbot-Dr-44146/home/71104653", "price": 339900.0, "pred_price": 379745.45, "excess_pct": -10.1, "rel_discount": -10.8, "local_mae_pct": 5.79, "pctile": 9.6, "beds": 3.0, "baths": 2.5, "sqft": 1773.0, "lot_sqft": 10497.0, "year_built": 2026.0, "ptype_cat": "single", "days_on_market": 9.0, "n_cuts": 0.0, "cum_cut_pct": 0.0, "days_to_pending": null, "ph_exposure": 0.14, "ph_dist_m": 488.71, "d_fwy": 1607.43, "d_art": 97.5, "school_pi": 59.5, "crime_rate": 9.88, "income": 56783.0, "model_mae_pct": 6.2, "segment": "ppsf:190-300,price:250000-600000", "asof": "2026-09-20 20:52"}, "geometry": {"type": "Point", "coordinates": [-81.528057, 41.400893]}}, {"type": "Feature", "properties": {"address": "28000 Aurora Rd", "city": "Solon", "zip": 44139.0, "url": "https://www.redfin.com/OH/Solon/28000-Aurora-Rd-44139/home/71092454", "price": 374900.0, "pred_price": 377610.86, "excess_pct": -0.3, "rel_discount": 0.8, "local_mae_pct": 6.5, "pctile": 49.1, "beds": 3.0, "baths": 3.0, "sqft": 1680.0, "lot_sqft": 36154.0, "year_built": 1975.0, "ptype_cat": "single", "days_on_market": 12.0, "n_cuts": 0.0, "cum_cut_pct": 0.0, "days_to_pending": null, "ph_exposure": 0.02, "ph_dist_m": 1650.91, "d_fwy": 1220.19, "d_art": 2035.82, "school_pi": 102.8, "crime_rate": 7.28, "income": 61458.0, "model_mae_pct": 6.2, "segment": "ppsf:190-300,price:250000-600000", "asof": "2026-09-20 20:52"}, "geometry": {"type": "Point", "coordinates": [-81.481724, 41.402371]}}, {"type": "Feature", "properties": {"address": "7447 Mclellan Dr", "city": "Walton Hills", "zip": 44146.0, "url": "https://www.redfin.com/OH/Walton-Hills/7447-McLellan-Dr-44146/home/66527440", "price": 577900.0, "pred_price": 551335.06, "excess_pct": 5.2, "rel_discount": -1.0, "local_mae_pct": 5.15, "pctile": 70.3, "beds": 3.0, "baths": 2.5, "sqft": 3036.0, "lot_sqft": 30361.0, "year_built": 1984.0, "ptype_cat": "single", "days_on_market": 106.0, "n_cuts": 1.0, "cum_cut_pct": -0.17, "days_to_pending": null, "ph_exposure": 0.0, "ph_dist_m": 2452.0, "d_fwy": 1933.97, "d_art": 341.19, "school_pi": 59.5, "crime_rate": 3.02, "income": 133750.0, "model_mae_pct": 6.2, "segment": "ppsf:190-300,price:250000-600000", "asof": "2026-09-20 20:52"}, "geometry": {"type": "Point", "coordinates": [-81.539412, 41.361196]}}, {"type": "Feature", "properties": {"address": "12940 Fruitside Rd", "city": "Garfield Heights", "zip": 44125.0, "url": "https://www.redfin.com/OH/Garfield-Heights/12940-Fruitside-Rd-44125/home/66177626", "price": 335000.0, "pred_price": 298981.14, "excess_pct": 12.4, "rel_discount": 11.8, "local_mae_pct": 5.79, "pctile": 86.3, "beds": 3.0, "baths": 2.0, "sqft": 1367.0, "lot_sqft": 5301.0, "year_built": 2026.0, "ptype_cat": "single", "days_on_market": 534.0, "n_cuts": 0.0, "cum_cut_pct": 0.0, "days_to_pending": null, "ph_exposure": 0.01, "ph_dist_m": 2039.99, "d_fwy": 2233.75, "d_art": 701.76, "school_pi": 55.2, "crime_rate": 28.44, "income": 79580.0, "model_mae_pct": 6.2, "segment": "ppsf:190-300,price:250000-600000", "asof": "2026-09-20 20:52"}, "geometry": {"type": "Point", "coordinates": [-81.592085, 41.394901]}}, {"type": "Feature", "properties": {"address": "TBD Meadowbrook Rd", "city": "Garfield Heights", "zip": 44125.0, "url": "https://www.redfin.com/OH/Garfield-Heights/TBD-Meadowbrook-Rd-44125/home/195258954", "price": 335000.0, "pred_price": 307406.9, "excess_pct": 9.4, "rel_discount": 8.8, "local_mae_pct": 5.79, "pctile": 81.6, "beds": 3.0, "baths": 2.0, "sqft": 1367.0, "lot_sqft": 11020.0, "year_built": 2026.0, "ptype_cat": "single", "days_on_market": 534.0, "n_cuts": 0.0, "cum_cut_pct": 0.0, "days_to_pending": null, "ph_exposure": 0.01, "ph_dist_m": 1927.05, "d_fwy": 2106.0, "d_art": 560.7, "school_pi": 55.2, "crime_rate": 28.44, "income": 79580.0, "model_mae_pct": 6.2, "segment": "ppsf:190-300,price:250000-600000", "asof": "2026-09-20 20:52"}, "geometry": {"type": "Point", "coordinates": [-81.591209, 41.39629]}}, {"type": "Feature", "properties": {"address": "6217 Brookside Rd", "city": "Independence", "zip": 44131.0, "url": "https://www.redfin.com/OH/Independence/6217-Brookside-Rd-44131/home/70921033", "price": 389000.0, "pred_price": 365070.27, "excess_pct": 7.0, "rel_discount": 8.0, "local_mae_pct": 6.5, "pctile": 76.9, "beds": 3.0, "baths": 2.5, "sqft": 1337.0, "lot_sqft": 37461.0, "year_built": 1966.0, "ptype_cat": "single", "days_on_market": 30.0, "n_cuts": 0.0, "cum_cut_pct": 0.0, "days_to_pending": null, "ph_exposure": 0.0, "ph_dist_m": 7017.53, "d_fwy": 301.36, "d_art": 376.68, "school_pi": 93.5, "crime_rate": 13.47, "income": 84608.0, "model_mae_pct": 6.2, "segment": "ppsf:190-300,price:250000-600000", "asof": "2026-09-20 20:52"}, "geometry": {"type": "Point", "coordinates": [-81.64585, 41.358485]}}, {"type": "Feature", "properties": {"address": "5733 Brecksville Rd", "city": "Independence", "zip": 44131.0, "url": "https://www.redfin.com/OH/Independence/5733-Brecksville-Rd-44131/home/70919459", "price": 397000.0, "pred_price": 362089.3, "excess_pct": 10.0, "rel_discount": 11.0, "local_mae_pct": 6.6, "pctile": 82.4, "beds": 3.0, "baths": 3.0, "sqft": 1538.0, "lot_sqft": 9757.0, "year_built": 1931.0, "ptype_cat": "single", "days_on_market": 9.0, "n_cuts": 0.0, "cum_cut_pct": 0.0, "days_to_pending": null, "ph_exposure": 0.0, "ph_dist_m": 2434.83, "d_fwy": 68.5, "d_art": 1349.05, "school_pi": 93.5, "crime_rate": 1.4, "income": 120795.0, "model_mae_pct": 6.2, "segment": "ppsf:190-300,price:250000-600000", "asof": "2026-09-20 20:52"}, "geometry": {"type": "Point", "coordinates": [-81.6394, 41.406512]}}, {"type": "Feature", "properties": {"address": "6325 Brecksville Rd", "city": "Independence", "zip": 44131.0, "url": "https://www.redfin.com/OH/Independence/6325-Brecksville-Rd-44131/home/70919307", "price": 594900.0, "pred_price": 573531.93, "excess_pct": 4.1, "rel_discount": -2.0, "local_mae_pct": 5.15, "pctile": 65.9, "beds": 4.0, "baths": 3.5, "sqft": 2952.0, "lot_sqft": 10454.0, "year_built": 2006.0, "ptype_cat": "single", "days_on_market": 140.0, "n_cuts": 1.0, "cum_cut_pct": -0.83, "days_to_pending": null, "ph_exposure": 0.0, "ph_dist_m": 6917.7, "d_fwy": 1121.2, "d_art": 567.77, "school_pi": 93.5, "crime_rate": 13.47, "income": 84608.0, "model_mae_pct": 6.2, "segment": "ppsf:190-300,price:250000-600000", "asof": "2026-09-20 20:52"}, "geometry": {"type": "Point", "coordinates": [-81.635891, 41.35685]}}, {"type": "Feature", "properties": {"address": "VL TBB Laura Lee Ln", "city": "Seven Hills", "zip": 44131.0, "url": "https://www.redfin.com/OH/Seven-Hills/VL-TBB-Laura-Lee-Ln-44131/home/197245905", "price": 465075.0, "pred_price": 497355.53, "excess_pct": -6.1, "rel_discount": -6.2, "local_mae_pct": 6.17, "pctile": 22.4, "beds": 4.0, "baths": 2.5, "sqft": 2228.0, "lot_sqft": 14348.0, "year_built": null, "ptype_cat": "single", "days_on_market": 397.0, "n_cuts": 0.0, "cum_cut_pct": 0.0, "days_to_pending": null, "ph_exposure": 0.0, "ph_dist_m": 5342.19, "d_fwy": 989.97, "d_art": 910.72, "school_pi": 76.2, "crime_rate": 11.55, "income": 88467.0, "model_mae_pct": 6.2, "segment": "ppsf:190-300,price:250000-600000", "asof": "2026-09-20 20:52"}, "geometry": {"type": "Point", "coordinates": [-81.663752, 41.369912]}}, {"type": "Feature", "properties": {"address": "6119 E Sprague Rd", "city": "Independence", "zip": 44131.0, "url": "https://www.redfin.com/OH/Independence/6119-E-Sprague-Rd-44131/home/70920884", "price": 469000.0, "pred_price": 420947.87, "excess_pct": 11.8, "rel_discount": 11.6, "local_mae_pct": 6.5, "pctile": 85.4, "beds": 3.0, "baths": 3.0, "sqft": 1632.0, "lot_sqft": 123274.0, "year_built": 1953.0, "ptype_cat": "single", "days_on_market": 261.0, "n_cuts": 1.0, "cum_cut_pct": -4.09, "days_to_pending": null, "ph_exposure": 0.0, "ph_dist_m": 7787.11, "d_fwy": 158.43, "d_art": 1140.8, "school_pi": 93.5, "crime_rate": 13.47, "income": 84608.0, "model_mae_pct": 6.2, "segment": "ppsf:190-300,price:250000-600000", "asof": "2026-09-20 20:52"}, "geometry": {"type": "Point", "coordinates": [-81.647546, 41.351529]}}, {"type": "Feature", "properties": {"address": "1197 Cranford Ave", "city": "Lakewood", "zip": 44107.0, "url": "https://www.redfin.com/OH/Lakewood/1197-Cranford-Ave-44107/home/66418101", "price": 335000.0, "pred_price": 334518.81, "excess_pct": 0.5, "rel_discount": -0.2, "local_mae_pct": 7.39, "pctile": 52.7, "beds": 4.0, "baths": 2.0, "sqft": 1426.0, "lot_sqft": 4800.0, "year_built": 1914.0, "ptype_cat": "single", "days_on_market": 17.0, "n_cuts": 1.0, "cum_cut_pct": -4.29, "days_to_pending": null, "ph_exposure": 0.27, "ph_dist_m": 1369.89, "d_fwy": 2250.42, "d_art": 101.01, "school_pi": 85.2, "crime_rate": 11.79, "income": 85179.0, "model_mae_pct": 6.2, "segment": "ppsf:190-300,price:250000-600000", "asof": "2026-09-20 20:52"}, "geometry": {"type": "Point", "coordinates": [-81.809456, 41.490854]}}, {"type": "Feature", "properties": {"address": "1290 Jackson Ave", "city": "Lakewood", "zip": 44107.0, "url": "https://www.redfin.com/OH/Lakewood/1290-Jackson-Ave-44107/home/70836119", "price": 285000.0, "pred_price": 361579.25, "excess_pct": -20.8, "rel_discount": -16.0, "local_mae_pct": 7.39, "pctile": 0.5, "beds": 3.0, "baths": 1.0, "sqft": 1498.0, "lot_sqft": 4800.0, "year_built": 1914.0, "ptype_cat": "single", "days_on_market": 64.0, "n_cuts": 2.0, "cum_cut_pct": -1.69, "days_to_pending": null, "ph_exposure": 1.18, "ph_dist_m": 336.1, "d_fwy": 2070.43, "d_art": 328.65, "school_pi": 85.2, "crime_rate": 11.79, "income": 54141.0, "model_mae_pct": 6.2, "segment": "ppsf:190-300,price:250000-600000", "asof": "2026-09-20 20:52"}, "geometry": {"type": "Point", "coordinates": [-81.785679, 41.488061]}}, {"type": "Feature", "properties": {"address": "32653 Belle Rd", "city": "Avon Lake", "zip": 44012.0, "url": "https://www.redfin.com/OH/Avon-Lake/32653-Belle-Rd-44012/home/77206135", "price": 290000.0, "pred_price": 305610.04, "excess_pct": -4.7, "rel_discount": -2.7, "local_mae_pct": 6.51, "pctile": 28.5, "beds": 3.0, "baths": 2.0, "sqft": 1067.0, "lot_sqft": 8803.0, "year_built": 1965.0, "ptype_cat": "single", "days_on_market": 1.0, "n_cuts": 0.0, "cum_cut_pct": 0.0, "days_to_pending": null, "ph_exposure": 0.0, "ph_dist_m": 2196.86, "d_fwy": 3934.76, "d_art": 1399.08, "school_pi": 92.9, "crime_rate": 4.4, "income": 113681.0, "model_mae_pct": 6.2, "segment": "ppsf:190-300,price:250000-600000", "asof": "2026-09-20 20:52"}, "geometry": {"type": "Point", "coordinates": [-82.013842, 41.500573]}}, {"type": "Feature", "properties": {"address": "1495 E Superior Ave #27", "city": "Cleveland", "zip": 44114.0, "url": "https://www.redfin.com/OH/Cleveland/1495-Superior-Ave-44114/unit-27/home/179312521", "price": 599900.0, "pred_price": 535369.41, "excess_pct": 12.5, "rel_discount": 6.4, "local_mae_pct": 5.79, "pctile": 86.4, "beds": 3.0, "baths": 4.0, "sqft": 2497.0, "lot_sqft": 932.0, "year_built": 2024.0, "ptype_cat": "single", "days_on_market": 93.0, "n_cuts": 0.0, "cum_cut_pct": 0.0, "days_to_pending": null, "ph_exposure": 2.64, "ph_dist_m": 284.38, "d_fwy": 708.67, "d_art": 1.27, "school_pi": 54.3, "crime_rate": 414.44, "income": 21406.0, "model_mae_pct": 6.2, "segment": "ppsf:190-300,price:250000-600000", "asof": "2026-09-20 20:52"}, "geometry": {"type": "Point", "coordinates": [-81.683251, 41.504959]}}, {"type": "Feature", "properties": {"address": "32847 Redwood Blvd", "city": "Avon Lake", "zip": 44012.0, "url": "https://www.redfin.com/OH/Avon-Lake/32847-Redwood-Blvd-44012/home/77205484", "price": 386000.0, "pred_price": 362695.56, "excess_pct": 6.8, "rel_discount": 8.7, "local_mae_pct": 6.51, "pctile": 76.0, "beds": 3.0, "baths": 2.5, "sqft": 1728.0, "lot_sqft": 15002.0, "year_built": 1974.0, "ptype_cat": "single", "days_on_market": 220.0, "n_cuts": 0.0, "cum_cut_pct": 0.0, "days_to_pending": null, "ph_exposure": 0.0, "ph_dist_m": 2858.53, "d_fwy": 4067.23, "d_art": 1014.67, "school_pi": 92.9, "crime_rate": 4.4, "income": 63108.0, "model_mae_pct": 6.2, "segment": "ppsf:190-300,price:250000-600000", "asof": "2026-09-20 20:52"}, "geometry": {"type": "Point", "coordinates": [-82.023115, 41.502271]}}, {"type": "Feature", "properties": {"address": "209 James Cir", "city": "Avon Lake", "zip": 44012.0, "url": "https://www.redfin.com/OH/Avon-Lake/209-James-Cir-44012/home/77205464", "price": 439900.0, "pred_price": 403678.32, "excess_pct": 9.4, "rel_discount": 5.4, "local_mae_pct": 6.51, "pctile": 81.6, "beds": 4.0, "baths": 2.5, "sqft": 1902.0, "lot_sqft": 40946.0, "year_built": 1968.0, "ptype_cat": "single", "days_on_market": 17.0, "n_cuts": 0.0, "cum_cut_pct": 0.0, "days_to_pending": null, "ph_exposure": 0.0, "ph_dist_m": 2770.51, "d_fwy": 4269.93, "d_art": 933.03, "school_pi": 92.9, "crime_rate": 4.4, "income": 106250.0, "model_mae_pct": 6.2, "segment": "ppsf:190-300,price:250000-600000", "asof": "2026-09-20 20:52"}, "geometry": {"type": "Point", "coordinates": [-82.019642, 41.504063]}}, {"type": "Feature", "properties": {"address": "384 Clearbrook Dr", "city": "Avon Lake", "zip": 44012.0, "url": "https://www.redfin.com/OH/Avon-Lake/384-Clearbrook-Dr-44012/home/66114995", "price": 449900.0, "pred_price": 468262.18, "excess_pct": -3.5, "rel_discount": -7.6, "local_mae_pct": 5.16, "pctile": 32.2, "beds": 4.0, "baths": 3.0, "sqft": 2050.0, "lot_sqft": 2613.0, "year_built": 2000.0, "ptype_cat": "single", "days_on_market": 5.0, "n_cuts": 0.0, "cum_cut_pct": 0.0, "days_to_pending": null, "ph_exposure": 0.02, "ph_dist_m": 1929.66, "d_fwy": 3396.78, "d_art": 1346.94, "school_pi": 92.9, "crime_rate": 4.4, "income": 128817.0, "model_mae_pct": 6.2, "segment": "ppsf:190-300,price:250000-600000", "asof": "2026-09-20 20:52"}, "geometry": {"type": "Point", "coordinates": [-82.036325, 41.495224]}}, {"type": "Feature", "properties": {"address": "427 Armour Rd", "city": "Avon Lake", "zip": 44012.0, "url": "https://www.redfin.com/OH/Avon-Lake/427-Armour-Rd-44012/home/77206037", "price": 450000.0, "pred_price": 480206.49, "excess_pct": -5.9, "rel_discount": -10.0, "local_mae_pct": 6.51, "pctile": 23.3, "beds": 4.0, "baths": 2.5, "sqft": 2150.0, "lot_sqft": 14810.0, "year_built": 1979.0, "ptype_cat": "single", "days_on_market": 3.0, "n_cuts": 0.0, "cum_cut_pct": 0.0, "days_to_pending": null, "ph_exposure": 0.01, "ph_dist_m": 1677.02, "d_fwy": 3389.21, "d_art": 2043.27, "school_pi": 92.9, "crime_rate": 4.4, "income": 138846.0, "model_mae_pct": 6.2, "segment": "ppsf:190-300,price:250000-600000", "asof": "2026-09-20 20:52"}, "geometry": {"type": "Point", "coordinates": [-82.008305, 41.495066]}}, {"type": "Feature", "properties": {"address": "26737 Lake Rd", "city": "Bay Village", "zip": 44140.0, "url": "https://www.redfin.com/OH/Bay-Village/26737-Lake-Rd-44140/home/70804658", "price": 475000.0, "pred_price": 469276.69, "excess_pct": 1.6, "rel_discount": 1.4, "local_mae_pct": 6.5, "pctile": 57.4, "beds": 3.0, "baths": 2.0, "sqft": 2004.0, "lot_sqft": 9583.0, "year_built": 1955.0, "ptype_cat": "single", "days_on_market": 4.0, "n_cuts": 0.0, "cum_cut_pct": 0.0, "days_to_pending": null, "ph_exposure": 0.13, "ph_dist_m": 1118.4, "d_fwy": 1847.38, "d_art": 34.34, "school_pi": null, "crime_rate": 2.9, "income": 150536.0, "model_mae_pct": 6.2, "segment": "ppsf:190-300,price:250000-600000", "asof": "2026-09-20 20:52"}, "geometry": {"type": "Point", "coordinates": [-81.915567, 41.487902]}}, {"type": "Feature", "properties": {"address": "389 Jaycox Rd", "city": "Avon Lake", "zip": 44012.0, "url": "https://www.redfin.com/OH/Avon-Lake/389-Jaycox-Rd-44012/home/66560719", "price": 599500.0, "pred_price": 540089.97, "excess_pct": 11.4, "rel_discount": 5.6, "local_mae_pct": 5.16, "pctile": 84.8, "beds": 4.0, "baths": 2.5, "sqft": 2610.0, "lot_sqft": 22651.0, "year_built": 1991.0, "ptype_cat": "single", "days_on_market": 29.0, "n_cuts": 1.0, "cum_cut_pct": -3.15, "days_to_pending": null, "ph_exposure": 0.04, "ph_dist_m": 746.06, "d_fwy": 3526.7, "d_art": 1723.0, "school_pi": null, "crime_rate": null, "income": 116217.0, "model_mae_pct": 6.2, "segment": "ppsf:190-300,price:250000-600000", "asof": "2026-09-20 20:52"}, "geometry": {"type": "Point", "coordinates": [-81.997127, 41.49674]}}, {"type": "Feature", "properties": {"address": "3293 W 23rd Pl", "city": "Cleveland", "zip": 44109.0, "url": "https://www.redfin.com/OH/Cleveland/3293-W-23rd-Pl-44109/home/70727711", "price": 295000.0, "pred_price": 304160.6, "excess_pct": -2.6, "rel_discount": 2.2, "local_mae_pct": 7.38, "pctile": 35.6, "beds": 4.0, "baths": 2.5, "sqft": 1246.0, "lot_sqft": 2739.0, "year_built": 1890.0, "ptype_cat": "single", "days_on_market": 374.0, "n_cuts": 0.0, "cum_cut_pct": 0.0, "days_to_pending": null, "ph_exposure": 0.52, "ph_dist_m": 479.44, "d_fwy": 388.28, "d_art": 737.19, "school_pi": 54.3, "crime_rate": 277.34, "income": null, "model_mae_pct": 6.2, "segment": "ppsf:190-300,price:250000-600000", "asof": "2026-09-20 20:52"}, "geometry": {"type": "Point", "coordinates": [-81.699172, 41.464568]}}, {"type": "Feature", "properties": {"address": "3925 Bridge Ave", "city": "Cleveland", "zip": 44113.0, "url": "https://www.redfin.com/OH/Cleveland/3925-Bridge-Ave-44113/home/66176890", "price": 314900.0, "pred_price": 324792.43, "excess_pct": -2.6, "rel_discount": -3.2, "local_mae_pct": 7.38, "pctile": 35.6, "beds": 2.0, "baths": 2.0, "sqft": 1335.0, "lot_sqft": 1812.0, "year_built": 1910.0, "ptype_cat": "single", "days_on_market": 44.0, "n_cuts": 1.0, "cum_cut_pct": -3.11, "days_to_pending": null, "ph_exposure": 1.53, "ph_dist_m": 342.81, "d_fwy": 691.04, "d_art": 761.0, "school_pi": 54.3, "crime_rate": 131.21, "income": null, "model_mae_pct": 6.2, "segment": "ppsf:190-300,price:250000-600000", "asof": "2026-09-20 20:52"}, "geometry": {"type": "Point", "coordinates": [-81.713413, 41.481751]}}, {"type": "Feature", "properties": {"address": "1925 W 52nd St", "city": "Cleveland", "zip": 44102.0, "url": "https://www.redfin.com/OH/Cleveland/1925-W-52nd-St-44102/home/70721479", "price": 324900.0, "pred_price": 276189.29, "excess_pct": 18.0, "rel_discount": 17.4, "local_mae_pct": 7.38, "pctile": 93.4, "beds": 2.0, "baths": 1.5, "sqft": 1165.0, "lot_sqft": 2086.0, "year_built": 1900.0, "ptype_cat": "single", "days_on_market": 70.0, "n_cuts": 2.0, "cum_cut_pct": -2.99, "days_to_pending": null, "ph_exposure": 0.82, "ph_dist_m": 143.53, "d_fwy": 442.65, "d_art": 1042.16, "school_pi": 54.3, "crime_rate": 153.85, "income": 45099.0, "model_mae_pct": 6.2, "segment": "ppsf:190-300,price:250000-600000", "asof": "2026-09-20 20:52"}, "geometry": {"type": "Point", "coordinates": [-81.722254, 41.479199]}}, {"type": "Feature", "properties": {"address": "1788 W 48th St", "city": "Cleveland", "zip": 44102.0, "url": "https://www.redfin.com/OH/Cleveland/1788-W-48th-St-44102/home/70721291", "price": 377500.0, "pred_price": 361572.91, "excess_pct": 4.8, "rel_discount": 5.9, "local_mae_pct": 7.38, "pctile": 69.2, "beds": 4.0, "baths": 2.0, "sqft": 1458.0, "lot_sqft": 3702.0, "year_built": 1910.0, "ptype_cat": "single", "days_on_market": 143.0, "n_cuts": 0.0, "cum_cut_pct": 0.0, "days_to_pending": null, "ph_exposure": 1.42, "ph_dist_m": 392.01, "d_fwy": 896.02, "d_art": 511.53, "school_pi": 54.3, "crime_rate": 150.17, "income": 72250.0, "model_mae_pct": 6.2, "segment": "ppsf:190-300,price:250000-600000", "asof": "2026-09-20 20:52"}, "geometry": {"type": "Point", "coordinates": [-81.720362, 41.483788]}}, {"type": "Feature", "properties": {"address": "1828 W 57th St", "city": "Cleveland", "zip": 44102.0, "url": "https://www.redfin.com/OH/Cleveland/1828-W-57th-St-44102/home/70721029", "price": 384998.0, "pred_price": 447598.07, "excess_pct": -13.6, "rel_discount": -12.6, "local_mae_pct": 7.38, "pctile": 4.0, "beds": 3.0, "baths": 3.0, "sqft": 1810.0, "lot_sqft": 3484.0, "year_built": 1910.0, "ptype_cat": "single", "days_on_market": 29.0, "n_cuts": 0.0, "cum_cut_pct": 0.0, "days_to_pending": null, "ph_exposure": 1.09, "ph_dist_m": 176.28, "d_fwy": 706.29, "d_art": 922.18, "school_pi": 54.3, "crime_rate": 236.84, "income": 43300.0, "model_mae_pct": 6.2, "segment": "ppsf:190-300,price:250000-600000", "asof": "2026-09-20 20:52"}, "geometry": {"type": "Point", "coordinates": [-81.725406, 41.481087]}}, {"type": "Feature", "properties": {"address": "2276 W 41st St", "city": "Cleveland", "zip": 44113.0, "url": "https://www.redfin.com/OH/Cleveland/2276-W-41st-St-44113/home/70725906", "price": 399000.0, "pred_price": 491464.68, "excess_pct": -18.4, "rel_discount": -17.4, "local_mae_pct": 7.38, "pctile": 0.9, "beds": 3.0, "baths": 2.5, "sqft": 1978.0, "lot_sqft": 5248.0, "year_built": 1866.0, "ptype_cat": "single", "days_on_market": 144.0, "n_cuts": 0.0, "cum_cut_pct": 0.0, "days_to_pending": null, "ph_exposure": 0.71, "ph_dist_m": 317.49, "d_fwy": 104.99, "d_art": 1319.29, "school_pi": 54.3, "crime_rate": 205.81, "income": 75313.0, "model_mae_pct": 6.2, "segment": "ppsf:190-300,price:250000-600000", "asof": "2026-09-20 20:52"}, "geometry": {"type": "Point", "coordinates": [-81.713697, 41.476451]}}, {"type": "Feature", "properties": {"address": "2287 W 42nd St", "city": "Cleveland", "zip": 44113.0, "url": "https://www.redfin.com/OH/Cleveland/2287-W-42nd-St-44113/home/66301389", "price": 400000.0, "pred_price": 510096.44, "excess_pct": -21.2, "rel_discount": -20.2, "local_mae_pct": 5.15, "pctile": 0.4, "beds": 4.0, "baths": 3.0, "sqft": 1941.0, "lot_sqft": 5776.0, "year_built": 1985.0, "ptype_cat": "single", "days_on_market": 41.0, "n_cuts": 0.0, "cum_cut_pct": 0.0, "days_to_pending": null, "ph_exposure": 0.67, "ph_dist_m": 400.37, "d_fwy": 81.4, "d_art": 1314.2, "school_pi": 54.3, "crime_rate": 205.81, "income": 75313.0, "model_mae_pct": 6.2, "segment": "ppsf:190-300,price:250000-600000", "asof": "2026-09-20 20:52"}, "geometry": {"type": "Point", "coordinates": [-81.714694, 41.476327]}}, {"type": "Feature", "properties": {"address": "753 Brayton Ave", "city": "Cleveland", "zip": 44113.0, "url": "https://www.redfin.com/OH/Cleveland/753-Brayton-Ave-44113/home/70722983", "price": 429900.0, "pred_price": 378148.63, "excess_pct": 14.1, "rel_discount": 14.0, "local_mae_pct": 7.38, "pctile": 88.2, "beds": 3.0, "baths": 2.5, "sqft": 1543.0, "lot_sqft": 4499.0, "year_built": 1910.0, "ptype_cat": "single", "days_on_market": 4.0, "n_cuts": 0.0, "cum_cut_pct": 0.0, "days_to_pending": null, "ph_exposure": 0.76, "ph_dist_m": 165.14, "d_fwy": 78.54, "d_art": 1507.44, "school_pi": 54.3, "crime_rate": 139.57, "income": 54226.0, "model_mae_pct": 6.2, "segment": "ppsf:190-300,price:250000-600000", "asof": "2026-09-20 20:52"}, "geometry": {"type": "Point", "coordinates": [-81.682953, 41.476877]}}, {"type": "Feature", "properties": {"address": "2477 W 5th St", "city": "Cleveland", "zip": 44113.0, "url": "https://www.redfin.com/OH/Cleveland/2477-W-5th-St-44113/home/66194464", "price": 430000.0, "pred_price": 364567.26, "excess_pct": 18.3, "rel_discount": 18.2, "local_mae_pct": 5.15, "pctile": 94.2, "beds": 3.0, "baths": 3.5, "sqft": 1544.0, "lot_sqft": 4900.0, "year_built": 2001.0, "ptype_cat": "single", "days_on_market": 73.0, "n_cuts": 1.0, "cum_cut_pct": -1.15, "days_to_pending": null, "ph_exposure": 0.85, "ph_dist_m": 12.32, "d_fwy": 352.86, "d_art": 1125.37, "school_pi": 54.3, "crime_rate": 133.1, "income": 82800.0, "model_mae_pct": 6.2, "segment": "ppsf:190-300,price:250000-600000", "asof": "2026-09-20 20:52"}, "geometry": {"type": "Point", "coordinates": [-81.680234, 41.480216]}}, {"type": "Feature", "properties": {"address": "1439 W 52nd St", "city": "Cleveland", "zip": 44102.0, "url": "https://www.redfin.com/OH/Cleveland/1439-W-52nd-St-44102/home/70720302", "price": 433000.0, "pred_price": 395323.49, "excess_pct": 9.9, "rel_discount": 9.8, "local_mae_pct": 7.38, "pctile": 82.2, "beds": 4.0, "baths": 2.0, "sqft": 1572.0, "lot_sqft": 7000.0, "year_built": 1900.0, "ptype_cat": "single", "days_on_market": 116.0, "n_cuts": 0.0, "cum_cut_pct": 0.0, "days_to_pending": null, "ph_exposure": 1.42, "ph_dist_m": 337.25, "d_fwy": 934.68, "d_art": 444.19, "school_pi": 54.3, "crime_rate": 150.17, "income": 72250.0, "model_mae_pct": 6.2, "segment": "ppsf:190-300,price:250000-600000", "asof": "2026-09-20 20:52"}, "geometry": {"type": "Point", "coordinates": [-81.722231, 41.484955]}}, {"type": "Feature", "properties": {"address": "2188 Fulton Rd", "city": "Cleveland", "zip": 44113.0, "url": "https://www.redfin.com/OH/Cleveland/2188-Fulton-Rd-44113/home/66299975", "price": 449900.0, "pred_price": 480041.04, "excess_pct": -5.9, "rel_discount": -6.0, "local_mae_pct": 7.38, "pctile": 23.3, "beds": 4.0, "baths": 2.0, "sqft": 2034.0, "lot_sqft": 3885.0, "year_built": 1870.0, "ptype_cat": "single", "days_on_market": 4.0, "n_cuts": 0.0, "cum_cut_pct": 0.0, "days_to_pending": null, "ph_exposure": 1.21, "ph_dist_m": 133.38, "d_fwy": 450.62, "d_art": 1180.88, "school_pi": 54.3, "crime_rate": 205.81, "income": 75313.0, "model_mae_pct": 6.2, "segment": "ppsf:190-300,price:250000-600000", "asof": "2026-09-20 20:52"}, "geometry": {"type": "Point", "coordinates": [-81.709754, 41.478666]}}, {"type": "Feature", "properties": {"address": "3004 Monroe Ave", "city": "Cleveland", "zip": 44113.0, "url": "https://www.redfin.com/OH/Cleveland/3004-Monroe-Ave-44113/home/66179942", "price": 459000.0, "pred_price": 402978.87, "excess_pct": 14.3, "rel_discount": 14.2, "local_mae_pct": 7.38, "pctile": 88.7, "beds": 3.0, "baths": 2.0, "sqft": 1596.0, "lot_sqft": 2561.0, "year_built": 1920.0, "ptype_cat": "single", "days_on_market": 24.0, "n_cuts": 0.0, "cum_cut_pct": 0.0, "days_to_pending": null, "ph_exposure": 1.45, "ph_dist_m": 464.06, "d_fwy": 641.18, "d_art": 1236.67, "school_pi": 54.3, "crime_rate": 293.59, "income": 124600.0, "model_mae_pct": 6.2, "segment": "ppsf:190-300,price:250000-600000", "asof": "2026-09-20 20:52"}, "geometry": {"type": "Point", "coordinates": [-81.704735, 41.479958]}}, {"type": "Feature", "properties": {"address": "4114 Archwood Ave", "city": "Cleveland", "zip": 44109.0, "url": "https://www.redfin.com/OH/Cleveland/4114-Archwood-Ave-44109/home/66205951", "price": 525000.0, "pred_price": 469378.74, "excess_pct": 12.2, "rel_discount": 6.1, "local_mae_pct": 7.38, "pctile": 85.9, "beds": 4.0, "baths": 4.0, "sqft": 2150.0, "lot_sqft": 5227.0, "year_built": 1913.0, "ptype_cat": "single", "days_on_market": 24.0, "n_cuts": 0.0, "cum_cut_pct": 0.0, "days_to_pending": null, "ph_exposure": 0.25, "ph_dist_m": 182.96, "d_fwy": 214.34, "d_art": 929.41, "school_pi": 54.3, "crime_rate": 180.6, "income": 39065.0, "model_mae_pct": 6.2, "segment": "ppsf:190-300,price:250000-600000", "asof": "2026-09-20 20:52"}, "geometry": {"type": "Point", "coordinates": [-81.712604, 41.453191]}}, {"type": "Feature", "properties": {"address": "2306 W 30 St", "city": "Cleveland", "zip": 44113.0, "url": "https://www.redfin.com/OH/Cleveland/2306-W-30th-St-44113/home/66204975", "price": 534900.0, "pred_price": 541410.83, "excess_pct": -0.8, "rel_discount": -7.0, "local_mae_pct": 6.16, "pctile": 45.7, "beds": 3.0, "baths": 2.5, "sqft": 2059.0, "lot_sqft": 3963.0, "year_built": null, "ptype_cat": "single", "days_on_market": 146.0, "n_cuts": 0.0, "cum_cut_pct": 0.0, "days_to_pending": null, "ph_exposure": 1.3, "ph_dist_m": 536.31, "d_fwy": 520.9, "d_art": 1367.47, "school_pi": 54.3, "crime_rate": 293.59, "income": 124600.0, "model_mae_pct": 6.2, "segment": "ppsf:190-300,price:250000-600000", "asof": "2026-09-20 20:52"}, "geometry": {"type": "Point", "coordinates": [-81.704012, 41.478898]}}, {"type": "Feature", "properties": {"address": "1457 W 52nd St", "city": "Cleveland", "zip": 44102.0, "url": "https://www.redfin.com/OH/Cleveland/1457-W-52nd-St-44102/home/66590691", "price": 575000.0, "pred_price": 513543.42, "excess_pct": 12.4, "rel_discount": 6.2, "local_mae_pct": 7.38, "pctile": 86.3, "beds": 3.0, "baths": 3.0, "sqft": 2232.0, "lot_sqft": 3480.0, "year_built": 1900.0, "ptype_cat": "single", "days_on_market": 97.0, "n_cuts": 1.0, "cum_cut_pct": -0.69, "days_to_pending": null, "ph_exposure": 1.35, "ph_dist_m": 300.51, "d_fwy": 963.83, "d_art": 498.77, "school_pi": 54.3, "crime_rate": 150.17, "income": 72250.0, "model_mae_pct": 6.2, "segment": "ppsf:190-300,price:250000-600000", "asof": "2026-09-20 20:52"}, "geometry": {"type": "Point", "coordinates": [-81.722184, 41.484441]}}, {"type": "Feature", "properties": {"address": "2900 York Ave", "city": "Cleveland", "zip": 44113.0, "url": "https://www.redfin.com/OH/Cleveland/2900-York-Ave-44113/home/70726233", "price": 599000.0, "pred_price": 566611.6, "excess_pct": 6.1, "rel_discount": -0.0, "local_mae_pct": 7.38, "pctile": 73.8, "beds": 4.0, "baths": 3.0, "sqft": 2600.0, "lot_sqft": 2178.0, "year_built": 1890.0, "ptype_cat": "single", "days_on_market": 4.0, "n_cuts": 2.0, "cum_cut_pct": -7.7, "days_to_pending": null, "ph_exposure": 1.44, "ph_dist_m": 572.49, "d_fwy": 580.96, "d_art": 1320.39, "school_pi": 54.3, "crime_rate": 293.59, "income": 124600.0, "model_mae_pct": 6.2, "segment": "ppsf:190-300,price:250000-600000", "asof": "2026-09-20 20:52"}, "geometry": {"type": "Point", "coordinates": [-81.703618, 41.479458]}}, {"type": "Feature", "properties": {"address": "3216 Chatham Ave", "city": "Cleveland", "zip": 44113.0, "url": "https://www.redfin.com/OH/Cleveland/3216-Chatham-Ave-44113/home/70726303", "price": 500000.0, "pred_price": 480788.55, "excess_pct": 4.4, "rel_discount": -1.8, "local_mae_pct": 7.38, "pctile": 67.8, "beds": 4.0, "baths": 2.0, "sqft": 2292.0, "lot_sqft": 2482.0, "year_built": 1880.0, "ptype_cat": "single", "days_on_market": 37.0, "n_cuts": 1.0, "cum_cut_pct": -2.91, "days_to_pending": null, "ph_exposure": 1.41, "ph_dist_m": 245.01, "d_fwy": 661.04, "d_art": 1075.24, "school_pi": 54.3, "crime_rate": 293.59, "income": 124600.0, "model_mae_pct": 6.2, "segment": "ppsf:190-300,price:250000-600000", "asof": "2026-09-20 20:52"}, "geometry": {"type": "Point", "coordinates": [-81.708296, 41.480216]}}, {"type": "Feature", "properties": {"address": "4209 Woodbine Ave", "city": "Cleveland", "zip": 44113.0, "url": "https://www.redfin.com/OH/Cleveland/4209-Woodbine-Ave-44113/home/66231744", "price": 349900.0, "pred_price": 468122.67, "excess_pct": -24.9, "rel_discount": -25.6, "local_mae_pct": 7.38, "pctile": 0.1, "beds": 3.0, "baths": 3.0, "sqft": 1780.0, "lot_sqft": 2143.0, "year_built": 1900.0, "ptype_cat": "single", "days_on_market": 3.0, "n_cuts": 0.0, "cum_cut_pct": 0.0, "days_to_pending": null, "ph_exposure": 1.83, "ph_dist_m": 315.16, "d_fwy": 665.15, "d_art": 465.54, "school_pi": 54.3, "crime_rate": 131.21, "income": null, "model_mae_pct": 6.2, "segment": "ppsf:190-300,price:250000-600000", "asof": "2026-09-20 20:52"}, "geometry": {"type": "Point", "coordinates": [-81.715828, 41.483998]}}, {"type": "Feature", "properties": {"address": "12701 Plover St", "city": "Lakewood", "zip": 44107.0, "url": "https://www.redfin.com/OH/Lakewood/12701-Plover-St-44107/home/70842077", "price": 349999.0, "pred_price": 343930.23, "excess_pct": 2.2, "rel_discount": 1.6, "local_mae_pct": 7.39, "pctile": 59.3, "beds": 3.0, "baths": 2.0, "sqft": 1440.0, "lot_sqft": 3201.0, "year_built": 1911.0, "ptype_cat": "single", "days_on_market": 66.0, "n_cuts": 0.0, "cum_cut_pct": 0.0, "days_to_pending": null, "ph_exposure": 0.52, "ph_dist_m": 486.67, "d_fwy": 746.94, "d_art": 685.64, "school_pi": 85.2, "crime_rate": 8.1, "income": 52843.0, "model_mae_pct": 6.2, "segment": "ppsf:190-300,price:250000-600000", "asof": "2026-09-20 20:52"}, "geometry": {"type": "Point", "coordinates": [-81.777011, 41.472829]}}, {"type": "Feature", "properties": {"address": "1518 Hopkins Ave", "city": "Lakewood", "zip": 44107.0, "url": "https://www.redfin.com/OH/Lakewood/1518-Hopkins-Ave-44107/home/66195874", "price": 419900.0, "pred_price": 356733.67, "excess_pct": 18.1, "rel_discount": 19.2, "local_mae_pct": 6.17, "pctile": 93.7, "beds": 3.0, "baths": 2.5, "sqft": 1415.0, "lot_sqft": 4120.0, "year_built": null, "ptype_cat": "single", "days_on_market": 163.0, "n_cuts": 0.0, "cum_cut_pct": 0.0, "days_to_pending": null, "ph_exposure": 0.98, "ph_dist_m": 441.38, "d_fwy": 1451.68, "d_art": 379.98, "school_pi": 85.2, "crime_rate": 0.8, "income": 67938.0, "model_mae_pct": 6.2, "segment": "ppsf:190-300,price:250000-600000", "asof": "2026-09-20 20:52"}, "geometry": {"type": "Point", "coordinates": [-81.773313, 41.480672]}}, {"type": "Feature", "properties": {"address": "1345 Cove Ave", "city": "Lakewood", "zip": 44107.0, "url": "https://www.redfin.com/OH/Lakewood/1345-Cove-Ave-44107/home/70836578", "price": 499000.0, "pred_price": 550136.86, "excess_pct": -8.9, "rel_discount": -15.0, "local_mae_pct": 7.39, "pctile": 12.9, "beds": 5.0, "baths": 3.5, "sqft": 2512.0, "lot_sqft": 8359.0, "year_built": 1907.0, "ptype_cat": "single", "days_on_market": 19.0, "n_cuts": 0.0, "cum_cut_pct": 0.0, "days_to_pending": null, "ph_exposure": 1.09, "ph_dist_m": 636.24, "d_fwy": 2050.65, "d_art": 331.6, "school_pi": 85.2, "crime_rate": 1.68, "income": null, "model_mae_pct": 6.2, "segment": "ppsf:190-300,price:250000-600000", "asof": "2026-09-20 20:52"}, "geometry": {"type": "Point", "coordinates": [-81.775104, 41.485897]}}, {"type": "Feature", "properties": {"address": "1521 Newman Ave", "city": "Lakewood", "zip": 44107.0, "url": "https://www.redfin.com/OH/Lakewood/1521-Newman-Ave-44107/home/70841507", "price": 329900.0, "pred_price": 359921.23, "excess_pct": -7.9, "rel_discount": -8.6, "local_mae_pct": 7.39, "pctile": 16.6, "beds": 3.0, "baths": 2.0, "sqft": 1734.0, "lot_sqft": 5601.0, "year_built": 1898.0, "ptype_cat": "single", "days_on_market": 80.0, "n_cuts": 2.0, "cum_cut_pct": -2.97, "days_to_pending": null, "ph_exposure": 1.01, "ph_dist_m": 499.97, "d_fwy": 1397.41, "d_art": 220.85, "school_pi": 85.2, "crime_rate": 0.8, "income": 67938.0, "model_mae_pct": 6.2, "segment": "ppsf:190-300,price:250000-600000", "asof": "2026-09-20 20:52"}, "geometry": {"type": "Point", "coordinates": [-81.771409, 41.480467]}}, {"type": "Feature", "properties": {"address": "1417 W 77th St", "city": "Cleveland", "zip": 44102.0, "url": "https://www.redfin.com/OH/Cleveland/1417-W-77th-St-44102/home/70720371", "price": 565000.0, "pred_price": 497119.05, "excess_pct": 14.1, "rel_discount": 8.0, "local_mae_pct": 7.38, "pctile": 88.2, "beds": 4.0, "baths": 3.0, "sqft": 2273.0, "lot_sqft": 5662.0, "year_built": 1910.0, "ptype_cat": "single", "days_on_market": 184.0, "n_cuts": 0.0, "cum_cut_pct": 0.0, "days_to_pending": null, "ph_exposure": 1.51, "ph_dist_m": 249.05, "d_fwy": 1162.55, "d_art": 616.58, "school_pi": 54.3, "crime_rate": 217.81, "income": 36048.0, "model_mae_pct": 6.2, "segment": "ppsf:190-300,price:250000-600000", "asof": "2026-09-20 20:52"}, "geometry": {"type": "Point", "coordinates": [-81.737289, 41.481613]}}, {"type": "Feature", "properties": {"address": "4231 W 62nd St", "city": "Cleveland", "zip": 44144.0, "url": "https://www.redfin.com/OH/Cleveland/4231-W-62nd-St-44144/home/66392393", "price": 265000.0, "pred_price": 272638.09, "excess_pct": -2.4, "rel_discount": 2.4, "local_mae_pct": 6.6, "pctile": 36.8, "beds": 4.0, "baths": 1.5, "sqft": 1250.0, "lot_sqft": 6599.0, "year_built": 1941.0, "ptype_cat": "single", "days_on_market": 19.0, "n_cuts": 0.0, "cum_cut_pct": 0.0, "days_to_pending": null, "ph_exposure": 0.02, "ph_dist_m": 984.4, "d_fwy": 916.44, "d_art": 1739.49, "school_pi": 54.3, "crime_rate": 58.7, "income": 58625.0, "model_mae_pct": 6.2, "segment": "ppsf:190-300,price:250000-600000", "asof": "2026-09-20 20:52"}, "geometry": {"type": "Point", "coordinates": [-81.729545, 41.441317]}}, {"type": "Feature", "properties": {"address": "9497 Idlewood Dr", "city": "Brooklyn", "zip": 44144.0, "url": "https://www.redfin.com/OH/Brooklyn/9497-Idlewood-Dr-44144/home/66411790", "price": 334900.0, "pred_price": 352206.34, "excess_pct": -4.5, "rel_discount": -5.2, "local_mae_pct": 6.5, "pctile": 29.3, "beds": 4.0, "baths": 3.0, "sqft": 1714.0, "lot_sqft": 8581.0, "year_built": 1976.0, "ptype_cat": "single", "days_on_market": 59.0, "n_cuts": 1.0, "cum_cut_pct": -2.93, "days_to_pending": null, "ph_exposure": 0.0, "ph_dist_m": 1470.64, "d_fwy": 63.05, "d_art": 519.76, "school_pi": 72.6, "crime_rate": 1.89, "income": 75227.0, "model_mae_pct": 6.2, "segment": "ppsf:190-300,price:250000-600000", "asof": "2026-09-20 20:52"}, "geometry": {"type": "Point", "coordinates": [-81.74067, 41.421743]}}, {"type": "Feature", "properties": {"address": "173 Beech St", "city": "Berea", "zip": 44017.0, "url": "https://www.redfin.com/OH/Berea/173-Beech-St-44017/home/70856389", "price": 450000.0, "pred_price": 454816.62, "excess_pct": -0.7, "rel_discount": -0.8, "local_mae_pct": 7.39, "pctile": 46.4, "beds": 4.0, "baths": 1.5, "sqft": 2276.0, "lot_sqft": 9191.0, "year_built": 1903.0, "ptype_cat": "single", "days_on_market": 12.0, "n_cuts": 0.0, "cum_cut_pct": 0.0, "days_to_pending": null, "ph_exposure": 0.39, "ph_dist_m": 424.16, "d_fwy": 2061.0, "d_art": 163.35, "school_pi": 77.9, "crime_rate": 5.2, "income": 61719.0, "model_mae_pct": 6.2, "segment": "ppsf:190-300,price:250000-600000", "asof": "2026-09-20 20:52"}, "geometry": {"type": "Point", "coordinates": [-81.850353, 41.371132]}}, {"type": "Feature", "properties": {"address": "1421 Rio St", "city": "Lakewood", "zip": 44107.0, "url": "https://www.redfin.com/OH/Lakewood/1421-Rio-St-44107/home/70832047", "price": 259900.0, "pred_price": 298494.92, "excess_pct": -12.5, "rel_discount": -7.8, "local_mae_pct": 7.39, "pctile": 5.4, "beds": 3.0, "baths": 1.0, "sqft": 1318.0, "lot_sqft": 3288.0, "year_built": 1915.0, "ptype_cat": "single", "days_on_market": 44.0, "n_cuts": 1.0, "cum_cut_pct": -3.71, "days_to_pending": null, "ph_exposure": 0.0, "ph_dist_m": 2791.36, "d_fwy": 794.39, "d_art": 758.99, "school_pi": 85.2, "crime_rate": 11.79, "income": 52969.0, "model_mae_pct": 6.2, "segment": "ppsf:190-300,price:250000-600000", "asof": "2026-09-20 20:52"}, "geometry": {"type": "Point", "coordinates": [-81.827651, 41.480332]}}, {"type": "Feature", "properties": {"address": "3342 W 155th St", "city": "Cleveland", "zip": 44111.0, "url": "https://www.redfin.com/OH/Cleveland/3342-W-155th-St-44111/home/66445931", "price": 260000.0, "pred_price": 274914.41, "excess_pct": -5.0, "rel_discount": -0.2, "local_mae_pct": 6.6, "pctile": 26.5, "beds": 3.0, "baths": 1.5, "sqft": 1176.0, "lot_sqft": 5000.0, "year_built": 1946.0, "ptype_cat": "single", "days_on_market": 5.0, "n_cuts": 0.0, "cum_cut_pct": 0.0, "days_to_pending": null, "ph_exposure": 0.13, "ph_dist_m": 649.25, "d_fwy": 807.4, "d_art": 1014.38, "school_pi": 54.3, "crime_rate": 18.96, "income": 112625.0, "model_mae_pct": 6.2, "segment": "ppsf:190-300,price:250000-600000", "asof": "2026-09-20 20:52"}, "geometry": {"type": "Point", "coordinates": [-81.804119, 41.461885]}}, {"type": "Feature", "properties": {"address": "17706 Ponciana Ave", "city": "Cleveland", "zip": 44135.0, "url": "https://www.redfin.com/OH/Cleveland/17706-Ponciana-Ave-44135/home/70755197", "price": 264900.0, "pred_price": 261559.55, "excess_pct": 1.7, "rel_discount": 6.4, "local_mae_pct": 6.6, "pctile": 57.7, "beds": 3.0, "baths": 2.0, "sqft": 1274.0, "lot_sqft": 4599.0, "year_built": 1941.0, "ptype_cat": "single", "days_on_market": 16.0, "n_cuts": 0.0, "cum_cut_pct": 0.0, "days_to_pending": null, "ph_exposure": 1.47, "ph_dist_m": 91.35, "d_fwy": 408.57, "d_art": 2012.32, "school_pi": 54.3, "crime_rate": 160.9, "income": 69286.0, "model_mae_pct": 6.2, "segment": "ppsf:190-300,price:250000-600000", "asof": "2026-09-20 20:52"}, "geometry": {"type": "Point", "coordinates": [-81.82031, 41.431812]}}, {"type": "Feature", "properties": {"address": "4089 W 229th St", "city": "Fairview Park", "zip": 44126.0, "url": "https://www.redfin.com/OH/Fairview-Park/4089-W-229th-St-44126/home/70843048", "price": 274000.0, "pred_price": 304560.29, "excess_pct": -9.6, "rel_discount": -4.8, "local_mae_pct": 6.6, "pctile": 10.4, "beds": 3.0, "baths": 1.0, "sqft": 1431.0, "lot_sqft": 12998.0, "year_built": 1950.0, "ptype_cat": "single", "days_on_market": 36.0, "n_cuts": 0.0, "cum_cut_pct": 0.0, "days_to_pending": null, "ph_exposure": 0.04, "ph_dist_m": 1584.55, "d_fwy": 2298.69, "d_art": 684.54, "school_pi": 88.6, "crime_rate": 8.3, "income": 95795.0, "model_mae_pct": 6.2, "segment": "ppsf:190-300,price:250000-600000", "asof": "2026-09-20 20:52"}, "geometry": {"type": "Point", "coordinates": [-81.87324, 41.44501]}}, {"type": "Feature", "properties": {"address": "4395 W 171st St", "city": "Cleveland", "zip": 44135.0, "url": "https://www.redfin.com/OH/Cleveland/4395-W-171st-St-44135/home/70754420", "price": 300000.0, "pred_price": 265803.18, "excess_pct": 13.3, "rel_discount": 18.0, "local_mae_pct": 6.6, "pctile": 87.3, "beds": 3.0, "baths": 2.0, "sqft": 1152.0, "lot_sqft": 4521.0, "year_built": 1928.0, "ptype_cat": "single", "days_on_market": 34.0, "n_cuts": 0.0, "cum_cut_pct": 0.0, "days_to_pending": null, "ph_exposure": 1.02, "ph_dist_m": 545.05, "d_fwy": 310.43, "d_art": 1647.71, "school_pi": 54.3, "crime_rate": 82.58, "income": 129688.0, "model_mae_pct": 6.2, "segment": "ppsf:190-300,price:250000-600000", "asof": "2026-09-20 20:52"}, "geometry": {"type": "Point", "coordinates": [-81.816103, 41.435288]}}, {"type": "Feature", "properties": {"address": "3815 Spencer Rd", "city": "Rocky River", "zip": 44116.0, "url": "https://www.redfin.com/OH/Rocky-River/3815-Spencer-Rd-44116/home/70829809", "price": 379900.0, "pred_price": 345135.96, "excess_pct": 10.5, "rel_discount": 11.5, "local_mae_pct": 6.5, "pctile": 83.8, "beds": 3.0, "baths": 2.0, "sqft": 1506.0, "lot_sqft": 9395.0, "year_built": 1959.0, "ptype_cat": "single", "days_on_market": 20.0, "n_cuts": 1.0, "cum_cut_pct": -5.03, "days_to_pending": null, "ph_exposure": 0.26, "ph_dist_m": 457.65, "d_fwy": 2212.96, "d_art": 1039.36, "school_pi": 101.2, "crime_rate": 6.73, "income": null, "model_mae_pct": 6.2, "segment": "ppsf:190-300,price:250000-600000", "asof": "2026-09-20 20:52"}, "geometry": {"type": "Point", "coordinates": [-81.863516, 41.45247]}}, {"type": "Feature", "properties": {"address": "3114 W 160th St", "city": "Cleveland", "zip": 44111.0, "url": "https://www.redfin.com/OH/Cleveland/3114-W-160th-St-44111/home/70748914", "price": 314900.0, "pred_price": 284754.07, "excess_pct": 11.0, "rel_discount": 10.4, "local_mae_pct": 6.6, "pctile": 84.4, "beds": 3.0, "baths": 2.0, "sqft": 1167.0, "lot_sqft": 4042.0, "year_built": 1942.0, "ptype_cat": "single", "days_on_market": 1.0, "n_cuts": 0.0, "cum_cut_pct": 0.0, "days_to_pending": null, "ph_exposure": 0.08, "ph_dist_m": 1116.99, "d_fwy": 137.32, "d_art": 1819.61, "school_pi": 54.3, "crime_rate": 18.96, "income": 112625.0, "model_mae_pct": 6.2, "segment": "ppsf:190-300,price:250000-600000", "asof": "2026-09-20 20:52"}, "geometry": {"type": "Point", "coordinates": [-81.810095, 41.468249]}}, {"type": "Feature", "properties": {"address": "14305 Delaware Ave", "city": "Lakewood", "zip": 44107.0, "url": "https://www.redfin.com/OH/Lakewood/14305-Delaware-Ave-44107/home/70840261", "price": 324900.0, "pred_price": 309124.91, "excess_pct": 5.5, "rel_discount": 4.8, "local_mae_pct": 6.61, "pctile": 71.5, "beds": 3.0, "baths": 1.0, "sqft": 1310.0, "lot_sqft": 4530.0, "year_built": 1947.0, "ptype_cat": "single", "days_on_market": 3.0, "n_cuts": 0.0, "cum_cut_pct": 0.0, "days_to_pending": null, "ph_exposure": 0.23, "ph_dist_m": 420.19, "d_fwy": 120.34, "d_art": 1742.62, "school_pi": 85.2, "crime_rate": 11.79, "income": 92487.0, "model_mae_pct": 6.2, "segment": "ppsf:190-300,price:250000-600000", "asof": "2026-09-20 20:52"}, "geometry": {"type": "Point", "coordinates": [-81.79382, 41.470941]}}, {"type": "Feature", "properties": {"address": "2300 Lakeview Ave", "city": "Rocky River", "zip": 44116.0, "url": "https://www.redfin.com/OH/Rocky-River/2300-Lakeview-Ave-44116/home/66400509", "price": 325000.0, "pred_price": 314307.76, "excess_pct": 3.8, "rel_discount": 3.2, "local_mae_pct": 7.39, "pctile": 64.5, "beds": 3.0, "baths": 2.5, "sqft": 1266.0, "lot_sqft": 5985.0, "year_built": 1909.0, "ptype_cat": "single", "days_on_market": 56.0, "n_cuts": 0.0, "cum_cut_pct": 0.0, "days_to_pending": null, "ph_exposure": 0.01, "ph_dist_m": 2173.93, "d_fwy": 149.16, "d_art": 1432.35, "school_pi": 101.2, "crime_rate": 0.64, "income": 96250.0, "model_mae_pct": 6.2, "segment": "ppsf:190-300,price:250000-600000", "asof": "2026-09-20 20:52"}, "geometry": {"type": "Point", "coordinates": [-81.843816, 41.470555]}}, {"type": "Feature", "properties": {"address": "3290 Wooster Rd", "city": "Rocky River", "zip": 44116.0, "url": "https://www.redfin.com/OH/Rocky-River/3290-Wooster-Rd-44116/home/70831459", "price": 329000.0, "pred_price": 355756.06, "excess_pct": -7.1, "rel_discount": -7.8, "local_mae_pct": 6.6, "pctile": 18.5, "beds": 3.0, "baths": 1.5, "sqft": 1392.0, "lot_sqft": 6098.0, "year_built": 1937.0, "ptype_cat": "single", "days_on_market": 20.0, "n_cuts": 2.0, "cum_cut_pct": -5.73, "days_to_pending": null, "ph_exposure": 0.03, "ph_dist_m": 1963.3, "d_fwy": 810.55, "d_art": 1368.76, "school_pi": 101.2, "crime_rate": 6.73, "income": 62422.0, "model_mae_pct": 6.2, "segment": "ppsf:190-300,price:250000-600000", "asof": "2026-09-20 20:52"}, "geometry": {"type": "Point", "coordinates": [-81.840007, 41.463737]}}, {"type": "Feature", "properties": {"address": "23111 Lincolnshire Dr", "city": "Bay Village", "zip": 44140.0, "url": "https://www.redfin.com/OH/Bay-Village/23111-Lincolnshire-Dr-44140/home/66203639", "price": 335000.0, "pred_price": 332136.99, "excess_pct": 1.3, "rel_discount": 0.6, "local_mae_pct": 6.5, "pctile": 56.6, "beds": 3.0, "baths": 2.0, "sqft": 1478.0, "lot_sqft": 19170.0, "year_built": 1958.0, "ptype_cat": "single", "days_on_market": 84.0, "n_cuts": 2.0, "cum_cut_pct": -2.9, "days_to_pending": null, "ph_exposure": 0.0, "ph_dist_m": 2672.62, "d_fwy": 135.06, "d_art": 501.95, "school_pi": null, "crime_rate": 2.9, "income": 162159.0, "model_mae_pct": 6.2, "segment": "ppsf:190-300,price:250000-600000", "asof": "2026-09-20 20:52"}, "geometry": {"type": "Point", "coordinates": [-81.877382, 41.477391]}}, {"type": "Feature", "properties": {"address": "13305 Hazelwood Ave", "city": "Lakewood", "zip": 44107.0, "url": "https://www.redfin.com/OH/Lakewood/13305-Hazelwood-Ave-44107/home/70836644", "price": 360000.0, "pred_price": 406187.41, "excess_pct": -11.0, "rel_discount": -10.0, "local_mae_pct": 7.39, "pctile": 7.8, "beds": 4.0, "baths": 2.0, "sqft": 1704.0, "lot_sqft": 4656.0, "year_built": 1917.0, "ptype_cat": "single", "days_on_market": 10.0, "n_cuts": 1.0, "cum_cut_pct": -6.98, "days_to_pending": null, "ph_exposure": 1.13, "ph_dist_m": 616.48, "d_fwy": 1957.52, "d_art": 454.4, "school_pi": 85.2, "crime_rate": 1.68, "income": null, "model_mae_pct": 6.2, "segment": "ppsf:190-300,price:250000-600000", "asof": "2026-09-20 20:52"}, "geometry": {"type": "Point", "coordinates": [-81.781865, 41.486333]}}, {"type": "Feature", "properties": {"address": "16203 Lucille Ave", "city": "Cleveland", "zip": 44111.0, "url": "https://www.redfin.com/OH/Cleveland/16203-Lucille-Ave-44111/home/70751402", "price": 365000.0, "pred_price": 385057.43, "excess_pct": -4.8, "rel_discount": -3.8, "local_mae_pct": 6.6, "pctile": 27.6, "beds": 3.0, "baths": 2.5, "sqft": 1624.0, "lot_sqft": 7749.0, "year_built": 1926.0, "ptype_cat": "single", "days_on_market": 8.0, "n_cuts": 0.0, "cum_cut_pct": 0.0, "days_to_pending": null, "ph_exposure": 0.41, "ph_dist_m": 357.53, "d_fwy": 1628.04, "d_art": 292.51, "school_pi": 54.3, "crime_rate": 143.03, "income": 158438.0, "model_mae_pct": 6.2, "segment": "ppsf:190-300,price:250000-600000", "asof": "2026-09-20 20:52"}, "geometry": {"type": "Point", "coordinates": [-81.811788, 41.453763]}}, {"type": "Feature", "properties": {"address": "3757 W 178th St", "city": "Cleveland", "zip": 44111.0, "url": "https://www.redfin.com/OH/Cleveland/3757-W-178th-St-44111/home/70750598", "price": 289000.0, "pred_price": 295970.29, "excess_pct": -2.0, "rel_discount": 2.8, "local_mae_pct": 6.6, "pctile": 38.2, "beds": 3.0, "baths": 1.5, "sqft": 1429.0, "lot_sqft": 4356.0, "year_built": 1940.0, "ptype_cat": "single", "days_on_market": 59.0, "n_cuts": 1.0, "cum_cut_pct": -6.77, "days_to_pending": null, "ph_exposure": 0.43, "ph_dist_m": 561.75, "d_fwy": 1756.07, "d_art": 86.93, "school_pi": 54.3, "crime_rate": 88.0, "income": 53125.0, "model_mae_pct": 6.2, "segment": "ppsf:190-300,price:250000-600000", "asof": "2026-09-20 20:52"}, "geometry": {"type": "Point", "coordinates": [-81.820764, 41.450866]}}, {"type": "Feature", "properties": {"address": "568 Huntley Ct", "city": "Bay Village", "zip": 44140.0, "url": "https://www.redfin.com/OH/Bay-Village/568-Huntley-Ct-44140/home/70806352", "price": 399900.0, "pred_price": 379839.59, "excess_pct": 5.7, "rel_discount": 6.8, "local_mae_pct": 6.5, "pctile": 72.6, "beds": 4.0, "baths": 2.0, "sqft": 1620.0, "lot_sqft": 16160.0, "year_built": 1957.0, "ptype_cat": "single", "days_on_market": 70.0, "n_cuts": 2.0, "cum_cut_pct": -8.89, "days_to_pending": null, "ph_exposure": 0.0, "ph_dist_m": 2786.33, "d_fwy": 250.72, "d_art": 389.39, "school_pi": null, "crime_rate": 2.9, "income": 162159.0, "model_mae_pct": 6.2, "segment": "ppsf:190-300,price:250000-600000", "asof": "2026-09-20 20:52"}, "geometry": {"type": "Point", "coordinates": [-81.877674, 41.478439]}}, {"type": "Feature", "properties": {"address": "22015 Cottonwood Dr", "city": "Rocky River", "zip": 44116.0, "url": "https://www.redfin.com/OH/Rocky-River/22015-Cottonwood-Dr-44116/home/70829160", "price": 399900.0, "pred_price": 406134.52, "excess_pct": -1.1, "rel_discount": -0.1, "local_mae_pct": 6.5, "pctile": 43.5, "beds": 3.0, "baths": 2.0, "sqft": 1650.0, "lot_sqft": 12218.0, "year_built": 1959.0, "ptype_cat": "single", "days_on_market": 1.0, "n_cuts": 0.0, "cum_cut_pct": 0.0, "days_to_pending": null, "ph_exposure": 0.19, "ph_dist_m": 634.77, "d_fwy": 1169.17, "d_art": 1916.11, "school_pi": 101.2, "crime_rate": 6.73, "income": 41903.0, "model_mae_pct": 6.2, "segment": "ppsf:190-300,price:250000-600000", "asof": "2026-09-20 20:52"}, "geometry": {"type": "Point", "coordinates": [-81.862927, 41.462028]}}, {"type": "Feature", "properties": {"address": "1440 Lewis Dr", "city": "Lakewood", "zip": 44107.0, "url": "https://www.redfin.com/OH/Lakewood/1440-Lewis-Dr-44107/home/66156947", "price": 420000.0, "pred_price": 465228.46, "excess_pct": -9.3, "rel_discount": -9.4, "local_mae_pct": 7.39, "pctile": 12.0, "beds": 4.0, "baths": 1.5, "sqft": 2020.0, "lot_sqft": 11399.0, "year_built": 1919.0, "ptype_cat": "single", "days_on_market": 23.0, "n_cuts": 0.0, "cum_cut_pct": 0.0, "days_to_pending": null, "ph_exposure": 1.17, "ph_dist_m": 512.37, "d_fwy": 1627.77, "d_art": 787.75, "school_pi": 85.2, "crime_rate": 11.79, "income": 80026.0, "model_mae_pct": 6.2, "segment": "ppsf:190-300,price:250000-600000", "asof": "2026-09-20 20:52"}, "geometry": {"type": "Point", "coordinates": [-81.784417, 41.48379]}}, {"type": "Feature", "properties": {"address": "1427 Scenic St", "city": "Lakewood", "zip": 44107.0, "url": "https://www.redfin.com/OH/Lakewood/1427-Scenic-St-44107/home/70832035", "price": 449000.0, "pred_price": 366007.9, "excess_pct": 23.1, "rel_discount": 23.0, "local_mae_pct": 5.79, "pctile": 97.1, "beds": 3.0, "baths": 2.5, "sqft": 1519.0, "lot_sqft": 3310.0, "year_built": 2016.0, "ptype_cat": "single", "days_on_market": 3.0, "n_cuts": 0.0, "cum_cut_pct": 0.0, "days_to_pending": null, "ph_exposure": 0.0, "ph_dist_m": 2832.41, "d_fwy": 811.44, "d_art": 792.69, "school_pi": 85.2, "crime_rate": 11.79, "income": 52969.0, "model_mae_pct": 6.2, "segment": "ppsf:190-300,price:250000-600000", "asof": "2026-09-20 20:52"}, "geometry": {"type": "Point", "coordinates": [-81.827984, 41.479727]}}, {"type": "Feature", "properties": {"address": "1655 Lauderdale Ave", "city": "Lakewood", "zip": 44107.0, "url": "https://www.redfin.com/OH/Lakewood/1655-Lauderdale-Ave-44107/home/66179554", "price": 459000.0, "pred_price": 405005.04, "excess_pct": 13.7, "rel_discount": 13.6, "local_mae_pct": 7.39, "pctile": 87.6, "beds": 4.0, "baths": 3.0, "sqft": 1704.0, "lot_sqft": 4356.0, "year_built": 1907.0, "ptype_cat": "single", "days_on_market": 5.0, "n_cuts": 0.0, "cum_cut_pct": 0.0, "days_to_pending": null, "ph_exposure": 0.09, "ph_dist_m": 1755.62, "d_fwy": 804.93, "d_art": 1474.86, "school_pi": 85.2, "crime_rate": 11.79, "income": 111071.0, "model_mae_pct": 6.2, "segment": "ppsf:190-300,price:250000-600000", "asof": "2026-09-20 20:52"}, "geometry": {"type": "Point", "coordinates": [-81.813714, 41.478227]}}, {"type": "Feature", "properties": {"address": "4820 W 211th St", "city": "Fairview Park", "zip": 44126.0, "url": "https://www.redfin.com/OH/Fairview-Park/4820-W-211th-St-44126/home/70843805", "price": 469900.0, "pred_price": 471099.52, "excess_pct": 0.1, "rel_discount": -0.0, "local_mae_pct": 6.51, "pctile": 50.5, "beds": 4.0, "baths": 2.0, "sqft": 2275.0, "lot_sqft": 10454.0, "year_built": 1953.0, "ptype_cat": "single", "days_on_market": 45.0, "n_cuts": 1.0, "cum_cut_pct": -3.11, "days_to_pending": null, "ph_exposure": 0.09, "ph_dist_m": 1286.85, "d_fwy": 1350.42, "d_art": 854.95, "school_pi": 88.6, "crime_rate": 8.3, "income": 140339.0, "model_mae_pct": 6.2, "segment": "ppsf:190-300,price:250000-600000", "asof": "2026-09-20 20:52"}, "geometry": {"type": "Point", "coordinates": [-81.854495, 41.43657]}}, {"type": "Feature", "properties": {"address": "1438 Elbur Ave", "city": "Lakewood", "zip": 44107.0, "url": "https://www.redfin.com/OH/Lakewood/1438-Elbur-Ave-44107/home/70840339", "price": 484900.0, "pred_price": 472985.29, "excess_pct": 2.9, "rel_discount": 2.8, "local_mae_pct": 7.39, "pctile": 61.4, "beds": 4.0, "baths": 2.5, "sqft": 2179.0, "lot_sqft": 4748.0, "year_built": 1911.0, "ptype_cat": "single", "days_on_market": 87.0, "n_cuts": 0.0, "cum_cut_pct": 0.0, "days_to_pending": null, "ph_exposure": 1.25, "ph_dist_m": 348.09, "d_fwy": 1622.13, "d_art": 774.3, "school_pi": 85.2, "crime_rate": 11.79, "income": 80026.0, "model_mae_pct": 6.2, "segment": "ppsf:190-300,price:250000-600000", "asof": "2026-09-20 20:52"}, "geometry": {"type": "Point", "coordinates": [-81.786796, 41.484105]}}, {"type": "Feature", "properties": {"address": "2876 Lakeview Ave", "city": "Rocky River", "zip": 44116.0, "url": "https://www.redfin.com/OH/Rocky-River/2876-Lakeview-Ave-44116/home/70830720", "price": 489999.0, "pred_price": 377410.53, "excess_pct": 30.2, "rel_discount": 24.0, "local_mae_pct": 6.6, "pctile": 98.8, "beds": 3.0, "baths": 1.5, "sqft": 1812.0, "lot_sqft": 5702.0, "year_built": 1936.0, "ptype_cat": "single", "days_on_market": 2.0, "n_cuts": 0.0, "cum_cut_pct": 0.0, "days_to_pending": null, "ph_exposure": 0.02, "ph_dist_m": 1846.57, "d_fwy": 603.27, "d_art": 1671.51, "school_pi": 101.2, "crime_rate": 0.64, "income": 96250.0, "model_mae_pct": 6.2, "segment": "ppsf:190-300,price:250000-600000", "asof": "2026-09-20 20:52"}, "geometry": {"type": "Point", "coordinates": [-81.843677, 41.465936]}}, {"type": "Feature", "properties": {"address": "19110 Rockcliff Dr", "city": "Rocky River", "zip": 44116.0, "url": "https://www.redfin.com/OH/Rocky-River/19110-Rockcliff-Dr-44116/home/70827336", "price": 499000.0, "pred_price": 474409.64, "excess_pct": 5.6, "rel_discount": -0.5, "local_mae_pct": 6.6, "pctile": 72.0, "beds": 3.0, "baths": 2.5, "sqft": 1885.0, "lot_sqft": 8407.0, "year_built": 1950.0, "ptype_cat": "single", "days_on_market": 11.0, "n_cuts": 1.0, "cum_cut_pct": -5.67, "days_to_pending": null, "ph_exposure": 0.01, "ph_dist_m": 2382.32, "d_fwy": 115.45, "d_art": 1454.07, "school_pi": 101.2, "crime_rate": 6.73, "income": 81192.0, "model_mae_pct": 6.2, "segment": "ppsf:190-300,price:250000-600000", "asof": "2026-09-20 20:52"}, "geometry": {"type": "Point", "coordinates": [-81.834235, 41.470908]}}, {"type": "Feature", "properties": {"address": "4161 Leona Dr", "city": "Rocky River", "zip": 44116.0, "url": "https://www.redfin.com/OH/Rocky-River/4161-Leona-Dr-44116/home/66449189", "price": 499000.0, "pred_price": 509213.41, "excess_pct": -1.6, "rel_discount": -7.8, "local_mae_pct": 6.5, "pctile": 41.0, "beds": 4.0, "baths": 3.0, "sqft": 2092.0, "lot_sqft": 9618.0, "year_built": 1960.0, "ptype_cat": "single", "days_on_market": 46.0, "n_cuts": 1.0, "cum_cut_pct": -4.95, "days_to_pending": null, "ph_exposure": 0.14, "ph_dist_m": 977.12, "d_fwy": 1774.65, "d_art": 572.59, "school_pi": 101.2, "crime_rate": 6.73, "income": 93810.0, "model_mae_pct": 6.2, "segment": "ppsf:190-300,price:250000-600000", "asof": "2026-09-20 20:52"}, "geometry": {"type": "Point", "coordinates": [-81.843394, 41.455127]}}, {"type": "Feature", "properties": {"address": "21 Bristol Ln", "city": "Rocky River", "zip": 44116.0, "url": "https://www.redfin.com/OH/Rocky-River/21-Bristol-Ln-44116/home/66185323", "price": 574900.0, "pred_price": 545274.52, "excess_pct": 5.8, "rel_discount": -0.3, "local_mae_pct": 5.15, "pctile": 73.1, "beds": 3.0, "baths": 3.5, "sqft": 2037.0, "lot_sqft": 6185.0, "year_built": 2007.0, "ptype_cat": "single", "days_on_market": 3.0, "n_cuts": 0.0, "cum_cut_pct": 0.0, "days_to_pending": null, "ph_exposure": 0.2, "ph_dist_m": 571.36, "d_fwy": 1690.88, "d_art": 1805.21, "school_pi": 101.2, "crime_rate": 6.73, "income": 115568.0, "model_mae_pct": 6.2, "segment": "ppsf:190-300,price:250000-600000", "asof": "2026-09-20 20:52"}, "geometry": {"type": "Point", "coordinates": [-81.867984, 41.458529]}}, {"type": "Feature", "properties": {"address": "1596 Orchard Grove Ave", "city": "Lakewood", "zip": 44107.0, "url": "https://www.redfin.com/OH/Lakewood/1596-Orchard-Grove-Ave-44107/home/66467088", "price": 575000.0, "pred_price": 509004.36, "excess_pct": 13.4, "rel_discount": 7.2, "local_mae_pct": 7.39, "pctile": 87.5, "beds": 4.0, "baths": 3.0, "sqft": 1985.0, "lot_sqft": 5619.0, "year_built": 1909.0, "ptype_cat": "single", "days_on_market": 3.0, "n_cuts": 0.0, "cum_cut_pct": 0.0, "days_to_pending": null, "ph_exposure": 0.27, "ph_dist_m": 1369.49, "d_fwy": 1078.18, "d_art": 1332.66, "school_pi": 85.2, "crime_rate": 11.79, "income": 94663.0, "model_mae_pct": 6.2, "segment": "ppsf:190-300,price:250000-600000", "asof": "2026-09-20 20:52"}, "geometry": {"type": "Point", "coordinates": [-81.809544, 41.479732]}}, {"type": "Feature", "properties": {"address": "4420 Bruening Dr", "city": "Parma", "zip": 44134.0, "url": "https://www.redfin.com/OH/Parma/4420-Bruening-Dr-44134/home/70888093", "price": 269900.0, "pred_price": 277026.83, "excess_pct": -2.2, "rel_discount": 2.6, "local_mae_pct": 6.48, "pctile": 37.4, "beds": 3.0, "baths": 2.0, "sqft": 1232.0, "lot_sqft": 7000.0, "year_built": 1959.0, "ptype_cat": "single", "days_on_market": 10.0, "n_cuts": 0.0, "cum_cut_pct": 0.0, "days_to_pending": null, "ph_exposure": 0.01, "ph_dist_m": 1616.38, "d_fwy": 4639.74, "d_art": 1621.64, "school_pi": 76.2, "crime_rate": 11.73, "income": 66192.0, "model_mae_pct": 6.2, "segment": "ppsf:190-300,price:250000-600000", "asof": "2026-09-20 20:52"}, "geometry": {"type": "Point", "coordinates": [-81.715315, 41.37934]}}, {"type": "Feature", "properties": {"address": "9300 Cambridge Dr", "city": "Parma", "zip": 44129.0, "url": "https://www.redfin.com/OH/Parma/9300-Cambridge-Dr-44129/home/70874724", "price": 270000.0, "pred_price": 275281.09, "excess_pct": -1.5, "rel_discount": 3.3, "local_mae_pct": 6.48, "pctile": 41.6, "beds": 3.0, "baths": 2.0, "sqft": 1064.0, "lot_sqft": 14187.0, "year_built": 1962.0, "ptype_cat": "single", "days_on_market": 9.0, "n_cuts": 1.0, "cum_cut_pct": -5.13, "days_to_pending": null, "ph_exposure": 0.0, "ph_dist_m": 2333.47, "d_fwy": 891.58, "d_art": 1108.45, "school_pi": 76.2, "crime_rate": 11.73, "income": 39471.0, "model_mae_pct": 6.2, "segment": "ppsf:190-300,price:250000-600000", "asof": "2026-09-20 20:52"}, "geometry": {"type": "Point", "coordinates": [-81.748966, 41.415779]}}, {"type": "Feature", "properties": {"address": "5710 Laverne Ave", "city": "Parma", "zip": 44129.0, "url": "https://www.redfin.com/OH/Parma/5710-Laverne-Ave-44129/home/70877831", "price": 275000.0, "pred_price": 274235.66, "excess_pct": 0.7, "rel_discount": 5.4, "local_mae_pct": 7.36, "pctile": 53.8, "beds": 3.0, "baths": 2.0, "sqft": 1114.0, "lot_sqft": 6298.0, "year_built": 1920.0, "ptype_cat": "single", "days_on_market": 2.0, "n_cuts": 0.0, "cum_cut_pct": 0.0, "days_to_pending": null, "ph_exposure": 0.01, "ph_dist_m": 1004.24, "d_fwy": 709.84, "d_art": 430.92, "school_pi": 76.2, "crime_rate": 40.08, "income": 84550.0, "model_mae_pct": 6.2, "segment": "ppsf:190-300,price:250000-600000", "asof": "2026-09-20 20:52"}, "geometry": {"type": "Point", "coordinates": [-81.725232, 41.415247]}}, {"type": "Feature", "properties": {"address": "8012 Spring Garden Rd", "city": "Parma", "zip": 44129.0, "url": "https://www.redfin.com/OH/Parma/8012-Spring-Garden-Rd-44129/home/70886367", "price": 269900.0, "pred_price": 253058.98, "excess_pct": 7.1, "rel_discount": 11.9, "local_mae_pct": 6.58, "pctile": 77.4, "beds": 3.0, "baths": 1.0, "sqft": 1120.0, "lot_sqft": 5600.0, "year_built": 1928.0, "ptype_cat": "single", "days_on_market": 257.0, "n_cuts": 0.0, "cum_cut_pct": 0.0, "days_to_pending": null, "ph_exposure": 0.0, "ph_dist_m": 2691.75, "d_fwy": 2237.9, "d_art": 371.89, "school_pi": 76.2, "crime_rate": 11.73, "income": 99375.0, "model_mae_pct": 6.2, "segment": "ppsf:190-300,price:250000-600000", "asof": "2026-09-20 20:52"}, "geometry": {"type": "Point", "coordinates": [-81.740069, 41.401528]}}, {"type": "Feature", "properties": {"address": "6150 Vernondale Dr", "city": "Parma Heights", "zip": 44130.0, "url": "https://www.redfin.com/OH/Parma-Heights/6150-Vernondale-Dr-44130/home/70896701", "price": 254900.0, "pred_price": 256842.51, "excess_pct": -0.4, "rel_discount": 4.4, "local_mae_pct": 6.51, "pctile": 48.5, "beds": 3.0, "baths": 1.5, "sqft": 1064.0, "lot_sqft": 8054.0, "year_built": 1955.0, "ptype_cat": "single", "days_on_market": 20.0, "n_cuts": 1.0, "cum_cut_pct": -1.96, "days_to_pending": null, "ph_exposure": 0.0, "ph_dist_m": 2784.61, "d_fwy": 3189.18, "d_art": 129.01, "school_pi": 76.2, "crime_rate": 4.11, "income": 111107.0, "model_mae_pct": 6.2, "segment": "ppsf:190-300,price:250000-600000", "asof": "2026-09-20 20:52"}, "geometry": {"type": "Point", "coordinates": [-81.757193, 41.396014]}}, {"type": "Feature", "properties": {"address": "2600 Somia Dr", "city": "Parma", "zip": 44134.0, "url": "https://www.redfin.com/OH/Parma/2600-Somia-Dr-44134/home/70883008", "price": 255000.0, "pred_price": 302025.65, "excess_pct": -15.2, "rel_discount": -10.4, "local_mae_pct": 6.48, "pctile": 2.4, "beds": 3.0, "baths": 2.5, "sqft": 1333.0, "lot_sqft": 8041.0, "year_built": 1959.0, "ptype_cat": "single", "days_on_market": 2.0, "n_cuts": 0.0, "cum_cut_pct": 0.0, "days_to_pending": null, "ph_exposure": 0.01, "ph_dist_m": 1842.3, "d_fwy": 2977.87, "d_art": 1135.86, "school_pi": 76.2, "crime_rate": 11.73, "income": 63699.0, "model_mae_pct": 6.2, "segment": "ppsf:190-300,price:250000-600000", "asof": "2026-09-20 20:52"}, "geometry": {"type": "Point", "coordinates": [-81.700735, 41.393633]}}, {"type": "Feature", "properties": {"address": "325 Evelyn Ave", "city": "Seven Hills", "zip": 44131.0, "url": "https://www.redfin.com/OH/Seven-Hills/325-Evelyn-Ave-44131/home/70918491", "price": 264900.0, "pred_price": 279161.64, "excess_pct": -4.7, "rel_discount": 0.1, "local_mae_pct": 6.61, "pctile": 28.5, "beds": 3.0, "baths": 2.0, "sqft": 1119.0, "lot_sqft": 13634.0, "year_built": 1941.0, "ptype_cat": "single", "days_on_market": 50.0, "n_cuts": 2.0, "cum_cut_pct": -5.36, "days_to_pending": null, "ph_exposure": 0.0, "ph_dist_m": 4798.0, "d_fwy": 2512.85, "d_art": 179.11, "school_pi": 76.2, "crime_rate": 1.01, "income": 85833.0, "model_mae_pct": 6.2, "segment": "ppsf:190-300,price:250000-600000", "asof": "2026-09-20 20:52"}, "geometry": {"type": "Point", "coordinates": [-81.682233, 41.359852]}}, {"type": "Feature", "properties": {"address": "244 Starlight Dr", "city": "Seven Hills", "zip": 44131.0, "url": "https://www.redfin.com/OH/Seven-Hills/244-Starlight-Dr-44131/home/70918058", "price": 298000.0, "pred_price": 294987.49, "excess_pct": 1.4, "rel_discount": 6.2, "local_mae_pct": 6.51, "pctile": 57.2, "beds": 3.0, "baths": 1.5, "sqft": 1224.0, "lot_sqft": 17358.0, "year_built": 1955.0, "ptype_cat": "single", "days_on_market": 137.0, "n_cuts": 1.0, "cum_cut_pct": -0.33, "days_to_pending": null, "ph_exposure": 0.0, "ph_dist_m": 4151.05, "d_fwy": 2448.24, "d_art": 223.98, "school_pi": 76.2, "crime_rate": 11.55, "income": 88467.0, "model_mae_pct": 6.2, "segment": "ppsf:190-300,price:250000-600000", "asof": "2026-09-20 20:52"}, "geometry": {"type": "Point", "coordinates": [-81.682021, 41.374963]}}, {"type": "Feature", "properties": {"address": "11746 Lafayette Dr", "city": "Parma Heights", "zip": 44130.0, "url": "https://www.redfin.com/OH/Parma-Heights/11746-Lafayette-Dr-44130/home/70898248", "price": 276000.0, "pred_price": 285500.26, "excess_pct": -2.9, "rel_discount": 1.9, "local_mae_pct": 6.51, "pctile": 34.2, "beds": 3.0, "baths": 1.5, "sqft": 1258.0, "lot_sqft": 11020.0, "year_built": 1961.0, "ptype_cat": "single", "days_on_market": 17.0, "n_cuts": 2.0, "cum_cut_pct": -10.97, "days_to_pending": null, "ph_exposure": 0.0, "ph_dist_m": 2873.66, "d_fwy": 4105.03, "d_art": 519.86, "school_pi": 76.2, "crime_rate": 4.11, "income": 113750.0, "model_mae_pct": 6.2, "segment": "ppsf:190-300,price:250000-600000", "asof": "2026-09-20 20:52"}, "geometry": {"type": "Point", "coordinates": [-81.768627, 41.38077]}}, {"type": "Feature", "properties": {"address": "5860 Pearl Rd", "city": "Parma Heights", "zip": 44130.0, "url": "https://www.redfin.com/OH/Parma-Heights/5860-Pearl-Rd-44130/home/70896951", "price": 279000.0, "pred_price": 271290.61, "excess_pct": 3.2, "rel_discount": 8.0, "local_mae_pct": 6.51, "pctile": 62.3, "beds": 4.0, "baths": 2.0, "sqft": 1354.0, "lot_sqft": 5649.0, "year_built": 1953.0, "ptype_cat": "single", "days_on_market": 19.0, "n_cuts": 0.0, "cum_cut_pct": 0.0, "days_to_pending": null, "ph_exposure": 0.0, "ph_dist_m": 3009.39, "d_fwy": 2154.65, "d_art": 29.36, "school_pi": 76.2, "crime_rate": 4.11, "income": 58586.0, "model_mae_pct": 6.2, "segment": "ppsf:190-300,price:250000-600000", "asof": "2026-09-20 20:52"}, "geometry": {"type": "Point", "coordinates": [-81.746531, 41.403427]}}, {"type": "Feature", "properties": {"address": "7930 Royalview Dr", "city": "Parma", "zip": 44129.0, "url": "https://www.redfin.com/OH/Parma/7930-Royalview-Dr-44129/home/70893218", "price": 284900.0, "pred_price": 273227.39, "excess_pct": 4.7, "rel_discount": 9.4, "local_mae_pct": 6.48, "pctile": 68.5, "beds": 3.0, "baths": 2.0, "sqft": 1342.0, "lot_sqft": 14923.0, "year_built": 1970.0, "ptype_cat": "single", "days_on_market": 3.0, "n_cuts": 0.0, "cum_cut_pct": 0.0, "days_to_pending": null, "ph_exposure": 0.03, "ph_dist_m": 1177.08, "d_fwy": 5966.72, "d_art": 416.12, "school_pi": 76.2, "crime_rate": 0.46, "income": 58693.0, "model_mae_pct": 6.2, "segment": "ppsf:190-300,price:250000-600000", "asof": "2026-09-20 20:52"}, "geometry": {"type": "Point", "coordinates": [-81.739727, 41.367799]}}, {"type": "Feature", "properties": {"address": "6004 Twin Lakes Dr", "city": "Parma", "zip": 44129.0, "url": "https://www.redfin.com/OH/Parma/6004-Twin-Lakes-Dr-44129/home/70886159", "price": 289900.0, "pred_price": 271898.22, "excess_pct": 7.0, "rel_discount": 11.8, "local_mae_pct": 6.48, "pctile": 76.9, "beds": 3.0, "baths": 1.5, "sqft": 1397.0, "lot_sqft": 10715.0, "year_built": 1951.0, "ptype_cat": "single", "days_on_market": 22.0, "n_cuts": 2.0, "cum_cut_pct": -3.33, "days_to_pending": null, "ph_exposure": 0.0, "ph_dist_m": 2571.09, "d_fwy": 2487.02, "d_art": 422.65, "school_pi": 76.2, "crime_rate": 11.73, "income": 99375.0, "model_mae_pct": 6.2, "segment": "ppsf:190-300,price:250000-600000", "asof": "2026-09-20 20:52"}, "geometry": {"type": "Point", "coordinates": [-81.743698, 41.399748]}}, {"type": "Feature", "properties": {"address": "3707 Longwood Ave", "city": "Parma", "zip": 44134.0, "url": "https://www.redfin.com/OH/Parma/3707-Longwood-Ave-44134/home/66431823", "price": 294900.0, "pred_price": 273137.79, "excess_pct": 8.4, "rel_discount": 13.2, "local_mae_pct": 6.48, "pctile": 79.9, "beds": 3.0, "baths": 2.0, "sqft": 1344.0, "lot_sqft": 6351.0, "year_built": 1953.0, "ptype_cat": "single", "days_on_market": 22.0, "n_cuts": 0.0, "cum_cut_pct": 0.0, "days_to_pending": null, "ph_exposure": 0.01, "ph_dist_m": 2056.71, "d_fwy": 2981.77, "d_art": 1194.09, "school_pi": 76.2, "crime_rate": 11.73, "income": 50197.0, "model_mae_pct": 6.2, "segment": "ppsf:190-300,price:250000-600000", "asof": "2026-09-20 20:52"}, "geometry": {"type": "Point", "coordinates": [-81.711229, 41.394187]}}, {"type": "Feature", "properties": {"address": "2745 Brian Dr", "city": "Parma", "zip": 44134.0, "url": "https://www.redfin.com/OH/Parma/2745-Brian-Dr-44134/home/70891503", "price": 304900.0, "pred_price": 325878.67, "excess_pct": -6.0, "rel_discount": -6.6, "local_mae_pct": 6.48, "pctile": 22.8, "beds": 3.0, "baths": 3.0, "sqft": 1586.0, "lot_sqft": 11791.0, "year_built": 1973.0, "ptype_cat": "single", "days_on_market": 27.0, "n_cuts": 1.0, "cum_cut_pct": -3.18, "days_to_pending": null, "ph_exposure": 0.0, "ph_dist_m": 3656.76, "d_fwy": 4010.43, "d_art": 440.84, "school_pi": 76.2, "crime_rate": 11.73, "income": 77731.0, "model_mae_pct": 6.2, "segment": "ppsf:190-300,price:250000-600000", "asof": "2026-09-20 20:52"}, "geometry": {"type": "Point", "coordinates": [-81.699949, 41.357476]}}, {"type": "Feature", "properties": {"address": "3326 Marioncliff Dr", "city": "Parma", "zip": 44134.0, "url": "https://www.redfin.com/OH/Parma/3326-Marioncliff-Dr-44134/home/70881581", "price": 314000.0, "pred_price": 271435.65, "excess_pct": 16.1, "rel_discount": 15.4, "local_mae_pct": 6.48, "pctile": 91.0, "beds": 3.0, "baths": 1.5, "sqft": 1291.0, "lot_sqft": 3920.0, "year_built": 1963.0, "ptype_cat": "single", "days_on_market": 146.0, "n_cuts": 1.0, "cum_cut_pct": -0.32, "days_to_pending": null, "ph_exposure": 0.05, "ph_dist_m": 1182.22, "d_fwy": 2095.76, "d_art": 317.4, "school_pi": 76.2, "crime_rate": 11.73, "income": 55114.0, "model_mae_pct": 6.2, "segment": "ppsf:190-300,price:250000-600000", "asof": "2026-09-20 20:52"}, "geometry": {"type": "Point", "coordinates": [-81.708025, 41.402109]}}, {"type": "Feature", "properties": {"address": "3100 Corydon Rd", "city": "Cleveland Heights", "zip": 44118.0, "url": "https://www.redfin.com/OH/Cleveland-Heights/3100-Corydon-Rd-44118/home/71001581", "price": 344900.0, "pred_price": 332242.24, "excess_pct": 4.2, "rel_discount": 3.6, "local_mae_pct": 6.6, "pctile": 66.9, "beds": 3.0, "baths": 1.5, "sqft": 1620.0, "lot_sqft": 8001.0, "year_built": 1925.0, "ptype_cat": "single", "days_on_market": 24.0, "n_cuts": 1.0, "cum_cut_pct": -9.21, "days_to_pending": null, "ph_exposure": 0.07, "ph_dist_m": 1821.21, "d_fwy": 6742.57, "d_art": 288.2, "school_pi": 68.0, "crime_rate": 18.19, "income": 165089.0, "model_mae_pct": 6.2, "segment": "ppsf:190-300,price:250000-600000", "asof": "2026-09-20 20:52"}, "geometry": {"type": "Point", "coordinates": [-81.568575, 41.495708]}}, {"type": "Feature", "properties": {"address": "5460 Arlington Ln", "city": "Parma", "zip": 44134.0, "url": "https://www.redfin.com/OH/Parma/5460-Arlington-Ln-44134/home/70715143", "price": 400000.0, "pred_price": 462470.82, "excess_pct": -13.1, "rel_discount": -12.0, "local_mae_pct": 5.14, "pctile": 4.9, "beds": 3.0, "baths": 3.0, "sqft": 1987.0, "lot_sqft": 7248.0, "year_built": 2007.0, "ptype_cat": "single", "days_on_market": 66.0, "n_cuts": 1.0, "cum_cut_pct": -3.61, "days_to_pending": null, "ph_exposure": 0.0, "ph_dist_m": 2839.11, "d_fwy": 5305.17, "d_art": 971.76, "school_pi": 76.2, "crime_rate": 11.73, "income": 83478.0, "model_mae_pct": 6.2, "segment": "ppsf:190-300,price:250000-600000", "asof": "2026-09-20 20:52"}, "geometry": {"type": "Point", "coordinates": [-81.723206, 41.353535]}}, {"type": "Feature", "properties": {"address": "285 Nobottom Rd", "city": "Berea", "zip": 44017.0, "url": "https://www.redfin.com/OH/Berea/285-Nobottom-Rd-44017/home/70853399", "price": 269900.0, "pred_price": 277671.28, "excess_pct": -2.4, "rel_discount": 2.4, "local_mae_pct": 6.5, "pctile": 36.8, "beds": 3.0, "baths": 2.0, "sqft": 988.0, "lot_sqft": 10558.0, "year_built": 1960.0, "ptype_cat": "single", "days_on_market": 5.0, "n_cuts": 0.0, "cum_cut_pct": 0.0, "days_to_pending": null, "ph_exposure": 0.09, "ph_dist_m": 1380.28, "d_fwy": 1927.97, "d_art": 643.13, "school_pi": 77.9, "crime_rate": 5.2, "income": 140673.0, "model_mae_pct": 6.2, "segment": "ppsf:190-300,price:250000-600000", "asof": "2026-09-20 20:52"}, "geometry": {"type": "Point", "coordinates": [-81.869864, 41.378059]}}, {"type": "Feature", "properties": {"address": "333 E Ridgewood Dr", "city": "Seven Hills", "zip": 44131.0, "url": "https://www.redfin.com/OH/Seven-Hills/333-E-Ridgewood-Dr-44131/home/70916429", "price": 329900.0, "pred_price": 312953.82, "excess_pct": 5.8, "rel_discount": 5.2, "local_mae_pct": 6.51, "pctile": 73.1, "beds": 4.0, "baths": 1.5, "sqft": 1462.0, "lot_sqft": 13503.0, "year_built": 1959.0, "ptype_cat": "single", "days_on_market": 38.0, "n_cuts": 1.0, "cum_cut_pct": -2.94, "days_to_pending": null, "ph_exposure": 0.0, "ph_dist_m": 2458.28, "d_fwy": 2296.95, "d_art": 395.19, "school_pi": 76.2, "crime_rate": 11.55, "income": 94722.0, "model_mae_pct": 6.2, "segment": "ppsf:190-300,price:250000-600000", "asof": "2026-09-20 20:52"}, "geometry": {"type": "Point", "coordinates": [-81.681224, 41.392391]}}, {"type": "Feature", "properties": {"address": "7239 Oakwood Rd", "city": "Parma", "zip": 44130.0, "url": "https://www.redfin.com/OH/Parma/7239-Oakwood-Rd-44130/home/70894709", "price": 265000.0, "pred_price": 271355.67, "excess_pct": -1.9, "rel_discount": 2.9, "local_mae_pct": 6.48, "pctile": 38.9, "beds": 3.0, "baths": 2.0, "sqft": 1202.0, "lot_sqft": 7801.0, "year_built": 1960.0, "ptype_cat": "single", "days_on_market": 16.0, "n_cuts": 0.0, "cum_cut_pct": 0.0, "days_to_pending": null, "ph_exposure": 0.0, "ph_dist_m": 3955.73, "d_fwy": 3331.05, "d_art": 388.9, "school_pi": 76.2, "crime_rate": 11.73, "income": 96250.0, "model_mae_pct": 6.2, "segment": "ppsf:190-300,price:250000-600000", "asof": "2026-09-20 20:52"}, "geometry": {"type": "Point", "coordinates": [-81.780221, 41.36848]}}, {"type": "Feature", "properties": {"address": "6774 Middlebrook Blvd", "city": "Middleburg Heights", "zip": 44130.0, "url": "https://www.redfin.com/OH/Middleburg-Heights/6774-Middlebrook-Blvd-44130/home/70857927", "price": 575000.0, "pred_price": 496324.84, "excess_pct": 16.3, "rel_discount": 10.2, "local_mae_pct": 5.79, "pctile": 91.4, "beds": 3.0, "baths": 2.5, "sqft": 2200.0, "lot_sqft": 20799.0, "year_built": 2026.0, "ptype_cat": "single", "days_on_market": 23.0, "n_cuts": 0.0, "cum_cut_pct": 0.0, "days_to_pending": null, "ph_exposure": 0.0, "ph_dist_m": 4359.15, "d_fwy": 1055.11, "d_art": 1174.63, "school_pi": 77.9, "crime_rate": 1.6, "income": 90234.0, "model_mae_pct": 6.2, "segment": "ppsf:190-300,price:250000-600000", "asof": "2026-09-20 20:52"}, "geometry": {"type": "Point", "coordinates": [-81.805024, 41.383668]}}, {"type": "Feature", "properties": {"address": "14000 Bagley Rd", "city": "Middleburg Heights", "zip": 44130.0, "url": "https://www.redfin.com/OH/Middleburg-Heights/14000-Bagley-Rd-44130/home/70859800", "price": 469999.0, "pred_price": 402358.81, "excess_pct": 17.2, "rel_discount": 17.0, "local_mae_pct": 6.5, "pctile": 92.4, "beds": 3.0, "baths": 3.0, "sqft": 1858.0, "lot_sqft": 37897.0, "year_built": 1964.0, "ptype_cat": "single", "days_on_market": 73.0, "n_cuts": 1.0, "cum_cut_pct": -1.05, "days_to_pending": null, "ph_exposure": 0.0, "ph_dist_m": 5109.83, "d_fwy": 2050.79, "d_art": 51.69, "school_pi": 77.9, "crime_rate": 1.6, "income": 73125.0, "model_mae_pct": 6.2, "segment": "ppsf:190-300,price:250000-600000", "asof": "2026-09-20 20:52"}, "geometry": {"type": "Point", "coordinates": [-81.795009, 41.364032]}}, {"type": "Feature", "properties": {"address": "376 Wallace Dr", "city": "Berea", "zip": 44017.0, "url": "https://www.redfin.com/OH/Berea/376-Wallace-Dr-44017/home/70855642", "price": 325000.0, "pred_price": 267095.44, "excess_pct": 22.1, "rel_discount": 21.4, "local_mae_pct": 6.5, "pctile": 96.5, "beds": 3.0, "baths": 1.5, "sqft": 1176.0, "lot_sqft": 9099.0, "year_built": 1964.0, "ptype_cat": "single", "days_on_market": 16.0, "n_cuts": 0.0, "cum_cut_pct": 0.0, "days_to_pending": null, "ph_exposure": 0.01, "ph_dist_m": 2322.22, "d_fwy": 313.15, "d_art": 1704.04, "school_pi": 77.9, "crime_rate": 5.2, "income": 69868.0, "model_mae_pct": 6.2, "segment": "ppsf:190-300,price:250000-600000", "asof": "2026-09-20 20:52"}, "geometry": {"type": "Point", "coordinates": [-81.873379, 41.356896]}}, {"type": "Feature", "properties": {"address": "13700 Indian Creek Dr", "city": "Middleburg Heights", "zip": 44130.0, "url": "https://www.redfin.com/OH/Middleburg-Heights/13700-Indian-Creek-Dr-44130/home/70860450", "price": 339900.0, "pred_price": 354965.04, "excess_pct": -3.8, "rel_discount": -4.4, "local_mae_pct": 6.5, "pctile": 31.1, "beds": 3.0, "baths": 2.5, "sqft": 1636.0, "lot_sqft": 10454.0, "year_built": 1969.0, "ptype_cat": "single", "days_on_market": 86.0, "n_cuts": 1.0, "cum_cut_pct": -2.86, "days_to_pending": null, "ph_exposure": 0.0, "ph_dist_m": 5260.43, "d_fwy": 2145.0, "d_art": 671.91, "school_pi": 77.9, "crime_rate": 1.6, "income": 77727.0, "model_mae_pct": 6.2, "segment": "ppsf:190-300,price:250000-600000", "asof": "2026-09-20 20:52"}, "geometry": {"type": "Point", "coordinates": [-81.791439, 41.357499]}}, {"type": "Feature", "properties": {"address": "7821 W List Ln", "city": "Parma", "zip": 44130.0, "url": "https://www.redfin.com/OH/Parma/7821-W-List-Ln-44130/home/70895075", "price": 339900.0, "pred_price": 340575.15, "excess_pct": 0.2, "rel_discount": -0.4, "local_mae_pct": 6.48, "pctile": 51.1, "beds": 4.0, "baths": 2.0, "sqft": 1604.0, "lot_sqft": 11700.0, "year_built": 1971.0, "ptype_cat": "single", "days_on_market": 51.0, "n_cuts": 1.0, "cum_cut_pct": -2.86, "days_to_pending": null, "ph_exposure": 0.0, "ph_dist_m": 4848.17, "d_fwy": 2895.89, "d_art": 1184.79, "school_pi": 76.2, "crime_rate": 11.73, "income": 80292.0, "model_mae_pct": 6.2, "segment": "ppsf:190-300,price:250000-600000", "asof": "2026-09-20 20:52"}, "geometry": {"type": "Point", "coordinates": [-81.782504, 41.353156]}}, {"type": "Feature", "properties": {"address": "24 Adams St", "city": "Berea", "zip": 44017.0, "url": "https://www.redfin.com/OH/Berea/24-Adams-St-44017/home/70856622", "price": 339900.0, "pred_price": 308454.0, "excess_pct": 10.6, "rel_discount": 10.0, "local_mae_pct": 6.6, "pctile": 84.1, "beds": 3.0, "baths": 1.5, "sqft": 1496.0, "lot_sqft": 6150.0, "year_built": 1927.0, "ptype_cat": "single", "days_on_market": 10.0, "n_cuts": 0.0, "cum_cut_pct": 0.0, "days_to_pending": null, "ph_exposure": 0.21, "ph_dist_m": 988.0, "d_fwy": 2176.04, "d_art": 772.19, "school_pi": 77.9, "crime_rate": 5.2, "income": 82699.0, "model_mae_pct": 6.2, "segment": "ppsf:190-300,price:250000-600000", "asof": "2026-09-20 20:52"}, "geometry": {"type": "Point", "coordinates": [-81.847824, 41.36555]}}, {"type": "Feature", "properties": {"address": "14565 Uhlin Dr", "city": "Middleburg Heights", "zip": 44130.0, "url": "https://www.redfin.com/OH/Middleburg-Heights/14565-Uhlin-Dr-44130/home/70859742", "price": 350000.0, "pred_price": 311492.28, "excess_pct": 12.8, "rel_discount": 12.2, "local_mae_pct": 6.5, "pctile": 86.8, "beds": 3.0, "baths": 2.5, "sqft": 1413.0, "lot_sqft": 13599.0, "year_built": 1957.0, "ptype_cat": "single", "days_on_market": 52.0, "n_cuts": 0.0, "cum_cut_pct": 0.0, "days_to_pending": null, "ph_exposure": 0.0, "ph_dist_m": 4618.16, "d_fwy": 1672.33, "d_art": 79.85, "school_pi": 77.9, "crime_rate": 1.6, "income": 73125.0, "model_mae_pct": 6.2, "segment": "ppsf:190-300,price:250000-600000", "asof": "2026-09-20 20:52"}, "geometry": {"type": "Point", "coordinates": [-81.799862, 41.37092]}}, {"type": "Feature", "properties": {"address": "15826 Falmouth Oval", "city": "Middleburg Heights", "zip": 44130.0, "url": "https://www.redfin.com/OH/Middleburg-Heights/15826-Falmouth-Oval-44130/home/71101077", "price": 370000.0, "pred_price": 374225.52, "excess_pct": -0.7, "rel_discount": 0.3, "local_mae_pct": 5.15, "pctile": 46.4, "beds": 3.0, "baths": 2.5, "sqft": 1868.0, "lot_sqft": 7880.0, "year_built": 2003.0, "ptype_cat": "single", "days_on_market": 30.0, "n_cuts": 1.0, "cum_cut_pct": -1.33, "days_to_pending": null, "ph_exposure": 0.0, "ph_dist_m": 4077.37, "d_fwy": 559.21, "d_art": 1702.11, "school_pi": 77.9, "crime_rate": 0.71, "income": 70909.0, "model_mae_pct": 6.2, "segment": "ppsf:190-300,price:250000-600000", "asof": "2026-09-20 20:52"}, "geometry": {"type": "Point", "coordinates": [-81.81021, 41.387047]}}, {"type": "Feature", "properties": {"address": "275 Kraft St", "city": "Berea", "zip": 44017.0, "url": "https://www.redfin.com/OH/Berea/275-Kraft-St-44017/home/70854230", "price": 379900.0, "pred_price": 373411.47, "excess_pct": 2.1, "rel_discount": 3.2, "local_mae_pct": 5.15, "pctile": 59.0, "beds": 3.0, "baths": 2.5, "sqft": 1824.0, "lot_sqft": 22598.0, "year_built": 1981.0, "ptype_cat": "single", "days_on_market": 2.0, "n_cuts": 0.0, "cum_cut_pct": 0.0, "days_to_pending": null, "ph_exposure": 0.13, "ph_dist_m": 1282.59, "d_fwy": 1397.77, "d_art": 743.4, "school_pi": 77.9, "crime_rate": 5.2, "income": 79000.0, "model_mae_pct": 6.2, "segment": "ppsf:190-300,price:250000-600000", "asof": "2026-09-20 20:52"}, "geometry": {"type": "Point", "coordinates": [-81.867114, 41.365479]}}, {"type": "Feature", "properties": {"address": "14750 Seneca Trl", "city": "Middleburg Heights", "zip": 44130.0, "url": "https://www.redfin.com/OH/Middleburg-Heights/14750-Seneca-Trl-44130/home/70859574", "price": 389900.0, "pred_price": 264903.29, "excess_pct": 47.6, "rel_discount": 48.7, "local_mae_pct": 6.5, "pctile": 100.0, "beds": 3.0, "baths": 1.5, "sqft": 1344.0, "lot_sqft": 10001.0, "year_built": 1958.0, "ptype_cat": "single", "days_on_market": 81.0, "n_cuts": 0.0, "cum_cut_pct": 0.0, "days_to_pending": null, "ph_exposure": 0.0, "ph_dist_m": 4520.96, "d_fwy": 1583.99, "d_art": 137.16, "school_pi": 77.9, "crime_rate": 1.6, "income": 73125.0, "model_mae_pct": 6.2, "segment": "ppsf:190-300,price:250000-600000", "asof": "2026-09-20 20:52"}, "geometry": {"type": "Point", "coordinates": [-81.801198, 41.368948]}}, {"type": "Feature", "properties": {"address": "19 Third Ave", "city": "Berea", "zip": 44017.0, "url": "https://www.redfin.com/OH/Berea/19-3rd-Ave-44017/home/66220812", "price": 409900.0, "pred_price": 396145.51, "excess_pct": 3.9, "rel_discount": 5.0, "local_mae_pct": 5.79, "pctile": 64.9, "beds": 3.0, "baths": 2.0, "sqft": 1660.0, "lot_sqft": 7858.0, "year_built": 2024.0, "ptype_cat": "single", "days_on_market": 23.0, "n_cuts": 1.0, "cum_cut_pct": -2.38, "days_to_pending": null, "ph_exposure": 0.33, "ph_dist_m": 662.38, "d_fwy": 1269.53, "d_art": 67.93, "school_pi": 77.9, "crime_rate": 5.2, "income": 61719.0, "model_mae_pct": 6.2, "segment": "ppsf:190-300,price:250000-600000", "asof": "2026-09-20 20:52"}, "geometry": {"type": "Point", "coordinates": [-81.852255, 41.378184]}}, {"type": "Feature", "properties": {"address": "6760 Benedict Dr", "city": "Middleburg Heights", "zip": 44130.0, "url": "https://www.redfin.com/OH/Middleburg-Heights/6760-Benedict-Dr-44130/home/200919548", "price": 419900.0, "pred_price": 386042.89, "excess_pct": 9.2, "rel_discount": 10.2, "local_mae_pct": 5.79, "pctile": 80.9, "beds": 3.0, "baths": 2.0, "sqft": 1650.0, "lot_sqft": 5967.0, "year_built": 2026.0, "ptype_cat": "single", "days_on_market": 122.0, "n_cuts": 0.0, "cum_cut_pct": 0.0, "days_to_pending": null, "ph_exposure": 0.0, "ph_dist_m": 3474.17, "d_fwy": 42.24, "d_art": 1484.45, "school_pi": 77.9, "crime_rate": 1.6, "income": 69429.0, "model_mae_pct": 6.2, "segment": "ppsf:190-300,price:250000-600000", "asof": "2026-09-20 20:52"}, "geometry": {"type": "Point", "coordinates": [-81.81698, 41.385149]}}, {"type": "Feature", "properties": {"address": "6724 Benedict Dr Unit SL2", "city": "Middleburg Heights", "zip": 44130.0, "url": "https://www.redfin.com/OH/Middleburg-Heights/6724-Benedict-Dr-44130/unit-SL2/home/201988778", "price": 419900.0, "pred_price": 504038.45, "excess_pct": -16.3, "rel_discount": -15.2, "local_mae_pct": 5.79, "pctile": 1.7, "beds": 3.0, "baths": 3.0, "sqft": 2156.0, "lot_sqft": 10890.0, "year_built": 2026.0, "ptype_cat": "single", "days_on_market": 352.0, "n_cuts": 0.0, "cum_cut_pct": 0.0, "days_to_pending": null, "ph_exposure": 0.0, "ph_dist_m": 3480.34, "d_fwy": 49.16, "d_art": 1484.01, "school_pi": 77.9, "crime_rate": 1.6, "income": 69429.0, "model_mae_pct": 6.2, "segment": "ppsf:190-300,price:250000-600000", "asof": "2026-09-20 20:52"}, "geometry": {"type": "Point", "coordinates": [-81.816897, 41.385145]}}, {"type": "Feature", "properties": {"address": "6748 Benedict Dr", "city": "Middleburg Heights", "zip": 44130.0, "url": "https://www.redfin.com/OH/Middleburg-Heights/6748-Benedict-Dr-44130/home/198427123", "price": 434900.0, "pred_price": 416742.34, "excess_pct": 4.8, "rel_discount": 4.6, "local_mae_pct": 6.17, "pctile": 69.2, "beds": 3.0, "baths": 3.0, "sqft": 1670.0, "lot_sqft": 10890.0, "year_built": null, "ptype_cat": "single", "days_on_market": 352.0, "n_cuts": 0.0, "cum_cut_pct": 0.0, "days_to_pending": null, "ph_exposure": 0.0, "ph_dist_m": 3484.78, "d_fwy": 37.58, "d_art": 1510.36, "school_pi": 77.9, "crime_rate": 1.6, "income": 69429.0, "model_mae_pct": 6.2, "segment": "ppsf:190-300,price:250000-600000", "asof": "2026-09-20 20:52"}, "geometry": {"type": "Point", "coordinates": [-81.816978, 41.385383]}}, {"type": "Feature", "properties": {"address": "100 Stonewater Ct", "city": "Berea", "zip": 44017.0, "url": "https://www.redfin.com/OH/Berea/100-Stonewater-Ct-44017/home/66281713", "price": 449000.0, "pred_price": 463335.94, "excess_pct": -2.7, "rel_discount": -2.8, "local_mae_pct": 5.15, "pctile": 35.1, "beds": 3.0, "baths": 2.0, "sqft": 2134.0, "lot_sqft": 10497.0, "year_built": 2009.0, "ptype_cat": "single", "days_on_market": 3.0, "n_cuts": 0.0, "cum_cut_pct": 0.0, "days_to_pending": null, "ph_exposure": 0.01, "ph_dist_m": 2216.02, "d_fwy": 2381.49, "d_art": 599.54, "school_pi": 77.9, "crime_rate": 5.2, "income": 140673.0, "model_mae_pct": 6.2, "segment": "ppsf:190-300,price:250000-600000", "asof": "2026-09-20 20:52"}, "geometry": {"type": "Point", "coordinates": [-81.880616, 41.377811]}}, {"type": "Feature", "properties": {"address": "17811 Engle Ct", "city": "Brook Park", "zip": 44142.0, "url": "https://www.redfin.com/OH/Brook-Park/17811-Engle-Ct-44142/home/70716804", "price": 289900.0, "pred_price": 261946.56, "excess_pct": 11.1, "rel_discount": 15.8, "local_mae_pct": 5.15, "pctile": 84.5, "beds": 2.0, "baths": 2.0, "sqft": 1299.0, "lot_sqft": 5157.0, "year_built": 2008.0, "ptype_cat": "single", "days_on_market": 85.0, "n_cuts": 0.0, "cum_cut_pct": 0.0, "days_to_pending": null, "ph_exposure": 0.0, "ph_dist_m": 3463.65, "d_fwy": 574.76, "d_art": 524.84, "school_pi": 77.9, "crime_rate": 5.88, "income": 36190.0, "model_mae_pct": 6.2, "segment": "ppsf:190-300,price:250000-600000", "asof": "2026-09-20 20:52"}, "geometry": {"type": "Point", "coordinates": [-81.82381, 41.397223]}}, {"type": "Feature", "properties": {"address": "15713 Holland Rd", "city": "Brook Park", "zip": 44142.0, "url": "https://www.redfin.com/OH/Brook-Park/15713-Holland-Rd-44142/home/66247819", "price": 289900.0, "pred_price": 264184.87, "excess_pct": 10.1, "rel_discount": 14.8, "local_mae_pct": 6.5, "pctile": 82.7, "beds": 3.0, "baths": 2.0, "sqft": 968.0, "lot_sqft": 6751.0, "year_built": 1960.0, "ptype_cat": "single", "days_on_market": 31.0, "n_cuts": 2.0, "cum_cut_pct": -7.97, "days_to_pending": null, "ph_exposure": 0.0, "ph_dist_m": 3695.43, "d_fwy": 601.61, "d_art": 927.07, "school_pi": 77.9, "crime_rate": 5.88, "income": 87064.0, "model_mae_pct": 6.2, "segment": "ppsf:190-300,price:250000-600000", "asof": "2026-09-20 20:52"}, "geometry": {"type": "Point", "coordinates": [-81.808341, 41.395562]}}, {"type": "Feature", "properties": {"address": "6392 W 130th St", "city": "Brook Park", "zip": 44142.0, "url": "https://www.redfin.com/OH/Brook-Park/6392-W-130th-St-44142/home/205496647", "price": 314000.0, "pred_price": 301950.58, "excess_pct": 4.4, "rel_discount": 3.8, "local_mae_pct": 6.6, "pctile": 67.8, "beds": 4.0, "baths": 2.0, "sqft": 1415.0, "lot_sqft": 21344.0, "year_built": 1940.0, "ptype_cat": "single", "days_on_market": 10.0, "n_cuts": 1.0, "cum_cut_pct": -1.57, "days_to_pending": null, "ph_exposure": 0.0, "ph_dist_m": 3846.78, "d_fwy": 2589.28, "d_art": 34.81, "school_pi": 77.9, "crime_rate": 0.47, "income": 75854.0, "model_mae_pct": 6.2, "segment": "ppsf:190-300,price:250000-600000", "asof": "2026-09-20 20:52"}, "geometry": {"type": "Point", "coordinates": [-81.784942, 41.389546]}}, {"type": "Feature", "properties": {"address": "2045 Reveley Ave", "city": "Lakewood", "zip": 44107.0, "url": "https://www.redfin.com/OH/Lakewood/2045-Reveley-Ave-44107/home/70839661", "price": 520000.0, "pred_price": 556420.99, "excess_pct": -6.1, "rel_discount": -12.2, "local_mae_pct": 6.61, "pctile": 22.4, "beds": 4.0, "baths": 3.5, "sqft": 2224.0, "lot_sqft": 4599.0, "year_built": 1936.0, "ptype_cat": "single", "days_on_market": 39.0, "n_cuts": 1.0, "cum_cut_pct": -1.87, "days_to_pending": null, "ph_exposure": 0.41, "ph_dist_m": 965.88, "d_fwy": 668.96, "d_art": 1768.45, "school_pi": 85.2, "crime_rate": 11.79, "income": null, "model_mae_pct": 6.2, "segment": "ppsf:190-300,price:250000-600000", "asof": "2026-09-20 20:52"}, "geometry": {"type": "Point", "coordinates": [-81.801129, 41.475899]}}, {"type": "Feature", "properties": {"address": "36260 Shaw Dr", "city": "North Ridgeville", "zip": 44039.0, "url": "https://www.redfin.com/OH/North-Ridgeville/36260-Shaw-Dr-44039/home/77228234", "price": 260000.0, "pred_price": 279716.75, "excess_pct": -6.6, "rel_discount": -4.6, "local_mae_pct": 6.5, "pctile": 20.6, "beds": 4.0, "baths": 1.0, "sqft": 1290.0, "lot_sqft": 16117.0, "year_built": 1956.0, "ptype_cat": "single", "days_on_market": 14.0, "n_cuts": 0.0, "cum_cut_pct": 0.0, "days_to_pending": null, "ph_exposure": 0.0, "ph_dist_m": 4547.38, "d_fwy": 903.24, "d_art": 2600.85, "school_pi": 83.4, "crime_rate": 3.13, "income": 96283.0, "model_mae_pct": 6.2, "segment": "ppsf:190-300,price:250000-600000", "asof": "2026-09-20 20:52"}, "geometry": {"type": "Point", "coordinates": [-82.023906, 41.363798]}}, {"type": "Feature", "properties": {"address": "4695 Martin Dr", "city": "North Olmsted", "zip": 44070.0, "url": "https://www.redfin.com/OH/North-Olmsted/4695-Martin-Dr-44070/home/70815676", "price": 260000.0, "pred_price": 288481.94, "excess_pct": -9.5, "rel_discount": -4.8, "local_mae_pct": 6.5, "pctile": 10.9, "beds": 3.0, "baths": 1.0, "sqft": 1064.0, "lot_sqft": 21840.0, "year_built": 1959.0, "ptype_cat": "single", "days_on_market": 3.0, "n_cuts": 0.0, "cum_cut_pct": 0.0, "days_to_pending": null, "ph_exposure": 0.0, "ph_dist_m": 6507.38, "d_fwy": 2281.82, "d_art": 492.53, "school_pi": 79.3, "crime_rate": 8.7, "income": 102813.0, "model_mae_pct": 6.2, "segment": "ppsf:190-300,price:250000-600000", "asof": "2026-09-20 20:52"}, "geometry": {"type": "Point", "coordinates": [-81.937457, 41.421269]}}, {"type": "Feature", "properties": {"address": "6450 Manchester Rd", "city": "Parma", "zip": 44129.0, "url": "https://www.redfin.com/OH/Parma/6450-Manchester-Rd-44129/home/66229249", "price": 327000.0, "pred_price": 337895.0, "excess_pct": -2.8, "rel_discount": -3.4, "local_mae_pct": 6.48, "pctile": 34.6, "beds": 4.0, "baths": 2.0, "sqft": 1711.0, "lot_sqft": 7784.0, "year_built": 1953.0, "ptype_cat": "single", "days_on_market": 5.0, "n_cuts": 0.0, "cum_cut_pct": 0.0, "days_to_pending": null, "ph_exposure": 0.03, "ph_dist_m": 1210.85, "d_fwy": 3654.61, "d_art": 81.37, "school_pi": 76.2, "crime_rate": 11.73, "income": 64904.0, "model_mae_pct": 6.2, "segment": "ppsf:190-300,price:250000-600000", "asof": "2026-09-20 20:52"}, "geometry": {"type": "Point", "coordinates": [-81.733654, 41.388534]}}, {"type": "Feature", "properties": {"address": "6065 Avon Belden Rd", "city": "North Ridgeville", "zip": 44039.0, "url": "https://www.redfin.com/OH/North-Ridgeville/6065-Avon-Belden-Rd-44039/home/75823193", "price": 254900.0, "pred_price": 275084.81, "excess_pct": -6.9, "rel_discount": -4.9, "local_mae_pct": 6.5, "pctile": 19.1, "beds": 3.0, "baths": 1.5, "sqft": 1136.0, "lot_sqft": 31798.0, "year_built": 1972.0, "ptype_cat": "single", "days_on_market": 11.0, "n_cuts": 1.0, "cum_cut_pct": -3.78, "days_to_pending": null, "ph_exposure": 0.0, "ph_dist_m": 6337.08, "d_fwy": 2412.95, "d_art": 1204.84, "school_pi": 83.4, "crime_rate": 3.13, "income": 88021.0, "model_mae_pct": 6.2, "segment": "ppsf:190-300,price:250000-600000", "asof": "2026-09-20 20:52"}, "geometry": {"type": "Point", "coordinates": [-82.018279, 41.401792]}}, {"type": "Feature", "properties": {"address": "26571 Sprague Rd", "city": "Columbia Station", "zip": 44028.0, "url": "https://www.redfin.com/OH/Columbia-Station/26571-Sprague-Rd-44028/home/77236057", "price": 255000.0, "pred_price": 265175.25, "excess_pct": -3.4, "rel_discount": -1.4, "local_mae_pct": 6.6, "pctile": 32.7, "beds": 3.0, "baths": 1.0, "sqft": 925.0, "lot_sqft": 43560.0, "year_built": 1942.0, "ptype_cat": "single", "days_on_market": 32.0, "n_cuts": 1.0, "cum_cut_pct": -1.92, "days_to_pending": null, "ph_exposure": 0.0, "ph_dist_m": 7825.22, "d_fwy": 2031.12, "d_art": 4288.62, "school_pi": 86.8, "crime_rate": null, "income": 77917.0, "model_mae_pct": 6.2, "segment": "ppsf:190-300,price:250000-600000", "asof": "2026-09-20 20:52"}, "geometry": {"type": "Point", "coordinates": [-81.943992, 41.350776]}}, {"type": "Feature", "properties": {"address": "25498 Wolf Rd", "city": "Bay Village", "zip": 44140.0, "url": "https://www.redfin.com/OH/Bay-Village/25498-Wolf-Rd-44140/home/66182499", "price": 255000.0, "pred_price": 312039.17, "excess_pct": -17.9, "rel_discount": -13.2, "local_mae_pct": 6.6, "pctile": 1.1, "beds": 2.0, "baths": 2.0, "sqft": 1092.0, "lot_sqft": 9191.0, "year_built": 1948.0, "ptype_cat": "single", "days_on_market": 28.0, "n_cuts": 0.0, "cum_cut_pct": 0.0, "days_to_pending": null, "ph_exposure": 0.04, "ph_dist_m": 1645.18, "d_fwy": 930.32, "d_art": 36.11, "school_pi": 98.3, "crime_rate": 2.9, "income": 121429.0, "model_mae_pct": 6.2, "segment": "ppsf:190-300,price:250000-600000", "asof": "2026-09-20 20:52"}, "geometry": {"type": "Point", "coordinates": [-81.901025, 41.482576]}}, {"type": "Feature", "properties": {"address": "5572 Porter Rd", "city": "North Olmsted", "zip": 44070.0, "url": "https://www.redfin.com/OH/North-Olmsted/5572-Porter-Rd-44070/home/66398550", "price": 258900.0, "pred_price": 289692.29, "excess_pct": -10.2, "rel_discount": -5.4, "local_mae_pct": 6.5, "pctile": 9.3, "beds": 3.0, "baths": 1.5, "sqft": 1224.0, "lot_sqft": 5601.0, "year_built": 1952.0, "ptype_cat": "single", "days_on_market": 27.0, "n_cuts": 1.0, "cum_cut_pct": -0.38, "days_to_pending": null, "ph_exposure": 0.0, "ph_dist_m": 7389.44, "d_fwy": 761.56, "d_art": 380.59, "school_pi": 79.3, "crime_rate": 8.7, "income": 100893.0, "model_mae_pct": 6.2, "segment": "ppsf:190-300,price:250000-600000", "asof": "2026-09-20 20:52"}, "geometry": {"type": "Point", "coordinates": [-81.929131, 41.408881]}}, {"type": "Feature", "properties": {"address": "5803 Stearns Rd", "city": "North Olmsted", "zip": 44070.0, "url": "https://www.redfin.com/OH/North-Olmsted/5803-Stearns-Rd-44070/home/70818783", "price": 259900.0, "pred_price": 294710.15, "excess_pct": -11.4, "rel_discount": -6.6, "local_mae_pct": 6.6, "pctile": 6.6, "beds": 2.0, "baths": 1.0, "sqft": 1015.0, "lot_sqft": 16944.0, "year_built": 1931.0, "ptype_cat": "single", "days_on_market": 16.0, "n_cuts": 0.0, "cum_cut_pct": 0.0, "days_to_pending": null, "ph_exposure": 0.0, "ph_dist_m": 8228.93, "d_fwy": 813.77, "d_art": 28.88, "school_pi": 79.3, "crime_rate": 8.7, "income": 153661.0, "model_mae_pct": 6.2, "segment": "ppsf:190-300,price:250000-600000", "asof": "2026-09-20 20:52"}, "geometry": {"type": "Point", "coordinates": [-81.943049, 41.40577]}}, {"type": "Feature", "properties": {"address": "23928 Knickerbocker Rd", "city": "Bay Village", "zip": 44140.0, "url": "https://www.redfin.com/OH/Bay-Village/23928-Knickerbocker-Rd-44140/home/66202384", "price": 314900.0, "pred_price": 321065.25, "excess_pct": -1.5, "rel_discount": -2.2, "local_mae_pct": 6.5, "pctile": 41.6, "beds": 3.0, "baths": 1.5, "sqft": 1395.0, "lot_sqft": 5662.0, "year_built": 1955.0, "ptype_cat": "single", "days_on_market": 64.0, "n_cuts": 0.0, "cum_cut_pct": 0.0, "days_to_pending": null, "ph_exposure": 0.0, "ph_dist_m": 2903.07, "d_fwy": 239.82, "d_art": 551.29, "school_pi": 98.3, "crime_rate": 2.9, "income": 135160.0, "model_mae_pct": 6.2, "segment": "ppsf:190-300,price:250000-600000", "asof": "2026-09-20 20:52"}, "geometry": {"type": "Point", "coordinates": [-81.885158, 41.477905]}}, {"type": "Feature", "properties": {"address": "25716 Westwood Rd", "city": "Westlake", "zip": 44145.0, "url": "https://www.redfin.com/OH/Westlake/25716-Westwood-Rd-44145/home/70811483", "price": 310000.0, "pred_price": 307757.33, "excess_pct": 1.1, "rel_discount": 0.4, "local_mae_pct": 6.5, "pctile": 55.7, "beds": 3.0, "baths": 2.0, "sqft": 1252.0, "lot_sqft": 20900.0, "year_built": 1957.0, "ptype_cat": "single", "days_on_market": 75.0, "n_cuts": 1.0, "cum_cut_pct": -1.56, "days_to_pending": null, "ph_exposure": 0.0, "ph_dist_m": 3428.89, "d_fwy": 2383.44, "d_art": 171.0, "school_pi": 91.7, "crime_rate": 6.02, "income": 124063.0, "model_mae_pct": 6.2, "segment": "ppsf:190-300,price:250000-600000", "asof": "2026-09-20 20:52"}, "geometry": {"type": "Point", "coordinates": [-81.904579, 41.44973]}}, {"type": "Feature", "properties": {"address": "34297 W Point Dr", "city": "North Ridgeville", "zip": 44039.0, "url": "https://www.redfin.com/OH/North-Ridgeville/34297-W-Point-Dr-44039/home/75841980", "price": 280000.0, "pred_price": 300653.12, "excess_pct": -6.5, "rel_discount": -4.5, "local_mae_pct": 6.5, "pctile": 21.1, "beds": 3.0, "baths": 2.0, "sqft": 1376.0, "lot_sqft": 11173.0, "year_built": 1962.0, "ptype_cat": "single", "days_on_market": 5.0, "n_cuts": 0.0, "cum_cut_pct": 0.0, "days_to_pending": null, "ph_exposure": 0.0, "ph_dist_m": 6974.14, "d_fwy": 311.61, "d_art": 1479.65, "school_pi": 83.4, "crime_rate": 3.13, "income": 74605.0, "model_mae_pct": 6.2, "segment": "ppsf:190-300,price:250000-600000", "asof": "2026-09-20 20:52"}, "geometry": {"type": "Point", "coordinates": [-81.997352, 41.382385]}}, {"type": "Feature", "properties": {"address": "26920 Adele Ln", "city": "Olmsted Twp", "zip": 44138.0, "url": "https://www.redfin.com/OH/Olmsted-Twp/26920-Adele-Ln-44138/home/70822724", "price": 289900.0, "pred_price": 311868.07, "excess_pct": -6.6, "rel_discount": -1.8, "local_mae_pct": 6.5, "pctile": 20.6, "beds": 3.0, "baths": 1.5, "sqft": 1376.0, "lot_sqft": 15224.0, "year_built": 1964.0, "ptype_cat": "single", "days_on_market": 34.0, "n_cuts": 0.0, "cum_cut_pct": 0.0, "days_to_pending": null, "ph_exposure": 0.0, "ph_dist_m": 6206.31, "d_fwy": 913.31, "d_art": 1681.71, "school_pi": 85.3, "crime_rate": null, "income": 106563.0, "model_mae_pct": 6.2, "segment": "ppsf:190-300,price:250000-600000", "asof": "2026-09-20 20:52"}, "geometry": {"type": "Point", "coordinates": [-81.924224, 41.392836]}}, {"type": "Feature", "properties": {"address": "26913 Elizabeth Ln", "city": "Olmsted Twp", "zip": 44138.0, "url": "https://www.redfin.com/OH/Olmsted-Twp/26913-Elizabeth-Ln-44138/home/70822300", "price": 290000.0, "pred_price": 313482.34, "excess_pct": -7.1, "rel_discount": -2.3, "local_mae_pct": 6.5, "pctile": 18.5, "beds": 3.0, "baths": 2.5, "sqft": 1104.0, "lot_sqft": 17175.0, "year_built": 1958.0, "ptype_cat": "single", "days_on_market": 3.0, "n_cuts": 0.0, "cum_cut_pct": 0.0, "days_to_pending": null, "ph_exposure": 0.0, "ph_dist_m": 6268.78, "d_fwy": 643.48, "d_art": 1595.16, "school_pi": 85.3, "crime_rate": null, "income": 106563.0, "model_mae_pct": 6.2, "segment": "ppsf:190-300,price:250000-600000", "asof": "2026-09-20 20:52"}, "geometry": {"type": "Point", "coordinates": [-81.923072, 41.396317]}}, {"type": "Feature", "properties": {"address": "33852 Center Ridge Rd", "city": "North Ridgeville", "zip": 44039.0, "url": "https://www.redfin.com/OH/North-Ridgeville/33852-Center-Ridge-Rd-44039/home/77185114", "price": 299000.0, "pred_price": 297070.04, "excess_pct": 1.0, "rel_discount": 3.0, "local_mae_pct": 7.39, "pctile": 55.1, "beds": 3.0, "baths": 2.0, "sqft": 1381.0, "lot_sqft": 30056.0, "year_built": 1912.0, "ptype_cat": "single", "days_on_market": 129.0, "n_cuts": 0.0, "cum_cut_pct": 0.0, "days_to_pending": null, "ph_exposure": 0.0, "ph_dist_m": 8091.81, "d_fwy": 1842.67, "d_art": 36.36, "school_pi": 83.4, "crime_rate": 3.13, "income": 94844.0, "model_mae_pct": 6.2, "segment": "ppsf:190-300,price:250000-600000", "asof": "2026-09-20 20:52"}, "geometry": {"type": "Point", "coordinates": [-81.99231, 41.400454]}}, {"type": "Feature", "properties": {"address": "29663 Sutton Dr", "city": "North Olmsted", "zip": 44070.0, "url": "https://www.redfin.com/OH/North-Olmsted/29663-Sutton-Dr-44070/home/66100610", "price": 299900.0, "pred_price": 299577.37, "excess_pct": 0.5, "rel_discount": 5.2, "local_mae_pct": 6.5, "pctile": 52.7, "beds": 3.0, "baths": 2.5, "sqft": 1260.0, "lot_sqft": 12375.0, "year_built": 1965.0, "ptype_cat": "single", "days_on_market": 44.0, "n_cuts": 1.0, "cum_cut_pct": -4.76, "days_to_pending": null, "ph_exposure": 0.0, "ph_dist_m": 8211.83, "d_fwy": 77.46, "d_art": 351.46, "school_pi": 79.3, "crime_rate": 8.7, "income": 110125.0, "model_mae_pct": 6.2, "segment": "ppsf:190-300,price:250000-600000", "asof": "2026-09-20 20:52"}, "geometry": {"type": "Point", "coordinates": [-81.948342, 41.395674]}}, {"type": "Feature", "properties": {"address": "459 Hampton Dr", "city": "Elyria", "zip": 44035.0, "url": "https://www.redfin.com/OH/Elyria/459-Hampton-Dr-44035/home/75832782", "price": 299900.0, "pred_price": 303270.58, "excess_pct": -0.7, "rel_discount": 1.3, "local_mae_pct": 5.16, "pctile": 46.4, "beds": 3.0, "baths": 2.0, "sqft": 1504.0, "lot_sqft": 8712.0, "year_built": 1992.0, "ptype_cat": "single", "days_on_market": 12.0, "n_cuts": 1.0, "cum_cut_pct": -1.67, "days_to_pending": null, "ph_exposure": 0.1, "ph_dist_m": 1777.38, "d_fwy": 1907.8, "d_art": 758.48, "school_pi": 60.9, "crime_rate": 10.08, "income": 84722.0, "model_mae_pct": 6.2, "segment": "ppsf:190-300,price:250000-600000", "asof": "2026-09-20 20:52"}, "geometry": {"type": "Point", "coordinates": [-82.080221, 41.350119]}}, {"type": "Feature", "properties": {"address": "9345 Norwich Pl", "city": "North Ridgeville", "zip": 44039.0, "url": "https://www.redfin.com/OH/North-Ridgeville/9345-Norwich-Pl-44039/home/77181077", "price": 299900.0, "pred_price": 287116.97, "excess_pct": 4.9, "rel_discount": 6.9, "local_mae_pct": 5.15, "pctile": 69.7, "beds": 2.0, "baths": 2.0, "sqft": 1304.0, "lot_sqft": 4669.0, "year_built": 2007.0, "ptype_cat": "single", "days_on_market": 55.0, "n_cuts": 0.0, "cum_cut_pct": 0.0, "days_to_pending": null, "ph_exposure": 0.0, "ph_dist_m": 2597.3, "d_fwy": 1321.42, "d_art": 1655.71, "school_pi": 83.4, "crime_rate": 3.13, "income": 126692.0, "model_mae_pct": 6.2, "segment": "ppsf:190-300,price:250000-600000", "asof": "2026-09-20 20:52"}, "geometry": {"type": "Point", "coordinates": [-82.050829, 41.355631]}}, {"type": "Feature", "properties": {"address": "2540 Brantwood Dr", "city": "Westlake", "zip": 44145.0, "url": "https://www.redfin.com/OH/Westlake/2540-Brantwood-Dr-44145/home/66436834", "price": 299900.0, "pred_price": 316416.66, "excess_pct": -4.8, "rel_discount": -0.0, "local_mae_pct": 6.5, "pctile": 27.6, "beds": 3.0, "baths": 2.0, "sqft": 1400.0, "lot_sqft": 17424.0, "year_built": 1956.0, "ptype_cat": "single", "days_on_market": 17.0, "n_cuts": 0.0, "cum_cut_pct": 0.0, "days_to_pending": null, "ph_exposure": 0.0, "ph_dist_m": 2882.61, "d_fwy": 2488.99, "d_art": 604.98, "school_pi": 91.7, "crime_rate": 6.02, "income": 124063.0, "model_mae_pct": 6.2, "segment": "ppsf:190-300,price:250000-600000", "asof": "2026-09-20 20:52"}, "geometry": {"type": "Point", "coordinates": [-81.895264, 41.450121]}}, {"type": "Feature", "properties": {"address": "4960 W Park Dr", "city": "North Olmsted", "zip": 44070.0, "url": "https://www.redfin.com/OH/North-Olmsted/4960-W-Park-Dr-44070/home/70815998", "price": 299900.0, "pred_price": 329355.5, "excess_pct": -8.5, "rel_discount": -3.8, "local_mae_pct": 6.5, "pctile": 14.4, "beds": 3.0, "baths": 1.5, "sqft": 1558.0, "lot_sqft": 18600.0, "year_built": 1958.0, "ptype_cat": "single", "days_on_market": 95.0, "n_cuts": 0.0, "cum_cut_pct": 0.0, "days_to_pending": null, "ph_exposure": 0.0, "ph_dist_m": 6809.0, "d_fwy": 1888.75, "d_art": 690.71, "school_pi": 79.3, "crime_rate": 8.7, "income": 67059.0, "model_mae_pct": 6.2, "segment": "ppsf:190-300,price:250000-600000", "asof": "2026-09-20 20:52"}, "geometry": {"type": "Point", "coordinates": [-81.935182, 41.418133]}}, {"type": "Feature", "properties": {"address": "36700 Lakeland Dr", "city": "Avon", "zip": 44011.0, "url": "https://www.redfin.com/OH/Avon/36700-Lakeland-Dr-44011/home/77204904", "price": 305000.0, "pred_price": 312623.04, "excess_pct": -2.0, "rel_discount": -1.0, "local_mae_pct": 6.5, "pctile": 38.2, "beds": 3.0, "baths": 1.5, "sqft": 1320.0, "lot_sqft": 24393.0, "year_built": 1957.0, "ptype_cat": "single", "days_on_market": 117.0, "n_cuts": 1.0, "cum_cut_pct": -3.17, "days_to_pending": null, "ph_exposure": 0.0, "ph_dist_m": 6178.11, "d_fwy": 1695.65, "d_art": 2593.71, "school_pi": 94.6, "crime_rate": 10.72, "income": 138982.0, "model_mae_pct": 6.2, "segment": "ppsf:190-300,price:250000-600000", "asof": "2026-09-20 20:52"}, "geometry": {"type": "Point", "coordinates": [-82.027684, 41.448877]}}, {"type": "Feature", "properties": {"address": "26946 Southwood Ln", "city": "Olmsted Twp", "zip": 44138.0, "url": "https://www.redfin.com/OH/Olmsted-Twp/26946-Southwood-Ln-44138/home/70822669", "price": 298000.0, "pred_price": 318033.74, "excess_pct": -5.9, "rel_discount": -1.1, "local_mae_pct": 6.5, "pctile": 23.3, "beds": 3.0, "baths": 1.0, "sqft": 1440.0, "lot_sqft": 15002.0, "year_built": 1975.0, "ptype_cat": "single", "days_on_market": 32.0, "n_cuts": 1.0, "cum_cut_pct": 4.93, "days_to_pending": null, "ph_exposure": 0.0, "ph_dist_m": 6417.53, "d_fwy": 1022.31, "d_art": 1454.54, "school_pi": 85.3, "crime_rate": null, "income": 106563.0, "model_mae_pct": 6.2, "segment": "ppsf:190-300,price:250000-600000", "asof": "2026-09-20 20:52"}, "geometry": {"type": "Point", "coordinates": [-81.928078, 41.39034]}}, {"type": "Feature", "properties": {"address": "6628 Avon Belden Rd", "city": "North Ridgeville", "zip": 44039.0, "url": "https://www.redfin.com/OH/North-Ridgeville/6628-Avon-Belden-Rd-44039/home/75852054", "price": 265000.0, "pred_price": 278349.65, "excess_pct": -4.4, "rel_discount": -2.4, "local_mae_pct": 7.39, "pctile": 29.7, "beds": 2.0, "baths": 1.0, "sqft": 1361.0, "lot_sqft": 22651.0, "year_built": 1900.0, "ptype_cat": "single", "days_on_market": 9.0, "n_cuts": 0.0, "cum_cut_pct": 0.0, "days_to_pending": null, "ph_exposure": 0.0, "ph_dist_m": 5817.33, "d_fwy": 1597.69, "d_art": 460.14, "school_pi": 83.4, "crime_rate": 3.13, "income": 115642.0, "model_mae_pct": 6.2, "segment": "ppsf:190-300,price:250000-600000", "asof": "2026-09-20 20:52"}, "geometry": {"type": "Point", "coordinates": [-82.019072, 41.394468]}}, {"type": "Feature", "properties": {"address": "37888 N Doovys St", "city": "Avon", "zip": 44011.0, "url": "https://www.redfin.com/OH/Avon/37888-N-Doovys-St-44011/home/77204314", "price": 319500.0, "pred_price": 319270.75, "excess_pct": 0.5, "rel_discount": 1.6, "local_mae_pct": 5.15, "pctile": 52.7, "beds": 3.0, "baths": 2.0, "sqft": 1376.0, "lot_sqft": 10454.0, "year_built": 1991.0, "ptype_cat": "single", "days_on_market": 79.0, "n_cuts": 0.0, "cum_cut_pct": 0.0, "days_to_pending": null, "ph_exposure": 0.0, "ph_dist_m": 4452.34, "d_fwy": 93.77, "d_art": 826.42, "school_pi": 94.6, "crime_rate": 10.72, "income": 47639.0, "model_mae_pct": 6.2, "segment": "ppsf:190-300,price:250000-600000", "asof": "2026-09-20 20:52"}, "geometry": {"type": "Point", "coordinates": [-82.04296, 41.463821]}}, {"type": "Feature", "properties": {"address": "24397 Noreen Dr", "city": "North Olmsted", "zip": 44070.0, "url": "https://www.redfin.com/OH/North-Olmsted/24397-Noreen-Dr-44070/home/70813479", "price": 319900.0, "pred_price": 300735.08, "excess_pct": 6.8, "rel_discount": 6.2, "local_mae_pct": 6.5, "pctile": 76.0, "beds": 3.0, "baths": 2.0, "sqft": 1128.0, "lot_sqft": 9108.0, "year_built": 1963.0, "ptype_cat": "single", "days_on_market": 17.0, "n_cuts": 0.0, "cum_cut_pct": 0.0, "days_to_pending": null, "ph_exposure": 0.0, "ph_dist_m": 2791.16, "d_fwy": 2793.95, "d_art": 898.4, "school_pi": 79.3, "crime_rate": 8.7, "income": 101908.0, "model_mae_pct": 6.2, "segment": "ppsf:190-300,price:250000-600000", "asof": "2026-09-20 20:52"}, "geometry": {"type": "Point", "coordinates": [-81.891961, 41.445605]}}, {"type": "Feature", "properties": {"address": "2474 Capulet Ct", "city": "Avon", "zip": 44011.0, "url": "https://www.redfin.com/OH/Avon/2474-Capulet-Ct-44011/home/66188697", "price": 319900.0, "pred_price": 349859.76, "excess_pct": -8.2, "rel_discount": -7.2, "local_mae_pct": 5.15, "pctile": 15.5, "beds": 2.0, "baths": 2.0, "sqft": 1474.0, "lot_sqft": 3114.0, "year_built": 2003.0, "ptype_cat": "single", "days_on_market": 55.0, "n_cuts": 0.0, "cum_cut_pct": 0.0, "days_to_pending": null, "ph_exposure": 0.0, "ph_dist_m": 4708.04, "d_fwy": 982.03, "d_art": 4101.65, "school_pi": 94.6, "crime_rate": 10.72, "income": 127821.0, "model_mae_pct": 6.2, "segment": "ppsf:190-300,price:250000-600000", "asof": "2026-09-20 20:52"}, "geometry": {"type": "Point", "coordinates": [-82.004599, 41.455376]}}, {"type": "Feature", "properties": {"address": "27282 Emerald Oval N", "city": "Olmsted Twp", "zip": 44138.0, "url": "https://www.redfin.com/OH/Olmsted-Twp/27282-Emerald-Oval-N-44138/home/145009639", "price": 324999.0, "pred_price": 354132.54, "excess_pct": -7.8, "rel_discount": -8.4, "local_mae_pct": 5.79, "pctile": 17.3, "beds": 3.0, "baths": 2.0, "sqft": 1632.0, "lot_sqft": 6926.0, "year_built": 2018.0, "ptype_cat": "single", "days_on_market": 10.0, "n_cuts": 0.0, "cum_cut_pct": 0.0, "days_to_pending": null, "ph_exposure": 0.0, "ph_dist_m": 8695.56, "d_fwy": 252.25, "d_art": 2721.21, "school_pi": 85.3, "crime_rate": null, "income": 75444.0, "model_mae_pct": 6.2, "segment": "ppsf:190-300,price:250000-600000", "asof": "2026-09-20 20:52"}, "geometry": {"type": "Point", "coordinates": [-81.958604, 41.365722]}}, {"type": "Feature", "properties": {"address": "38435 Revere Dr", "city": "North Ridgeville", "zip": 44039.0, "url": "https://www.redfin.com/OH/North-Ridgeville/38435-Revere-Dr-44039/home/77181085", "price": 329000.0, "pred_price": 322418.62, "excess_pct": 2.4, "rel_discount": 3.4, "local_mae_pct": 5.15, "pctile": 59.8, "beds": 2.0, "baths": 2.0, "sqft": 1540.0, "lot_sqft": 6899.0, "year_built": 2010.0, "ptype_cat": "single", "days_on_market": 107.0, "n_cuts": 0.0, "cum_cut_pct": 0.0, "days_to_pending": null, "ph_exposure": 0.01, "ph_dist_m": 2319.64, "d_fwy": 1522.06, "d_art": 1452.16, "school_pi": 83.4, "crime_rate": 3.13, "income": 126692.0, "model_mae_pct": 6.2, "segment": "ppsf:190-300,price:250000-600000", "asof": "2026-09-20 20:52"}, "geometry": {"type": "Point", "coordinates": [-82.053991, 41.35649]}}, {"type": "Feature", "properties": {"address": "36889 Kinzel Rd", "city": "Avon", "zip": 44011.0, "url": "https://www.redfin.com/OH/Avon/36889-Kinzel-Rd-44011/home/75829820", "price": 329900.0, "pred_price": 351276.01, "excess_pct": -5.7, "rel_discount": -4.6, "local_mae_pct": 6.5, "pctile": 23.9, "beds": 3.0, "baths": 1.5, "sqft": 1438.0, "lot_sqft": 25264.0, "year_built": 1972.0, "ptype_cat": "single", "days_on_market": 19.0, "n_cuts": 0.0, "cum_cut_pct": 0.0, "days_to_pending": null, "ph_exposure": 0.0, "ph_dist_m": 6601.11, "d_fwy": 2422.19, "d_art": 2946.94, "school_pi": 94.6, "crime_rate": 10.72, "income": 131269.0, "model_mae_pct": 6.2, "segment": "ppsf:190-300,price:250000-600000", "asof": "2026-09-20 20:52"}, "geometry": {"type": "Point", "coordinates": [-82.029786, 41.442521]}}, {"type": "Feature", "properties": {"address": "24301 Smith Ave", "city": "Westlake", "zip": 44145.0, "url": "https://www.redfin.com/OH/Westlake/24301-Smith-Ave-44145/home/70809607", "price": 329900.0, "pred_price": 283904.3, "excess_pct": 16.6, "rel_discount": 16.0, "local_mae_pct": 6.5, "pctile": 91.8, "beds": 3.0, "baths": 1.0, "sqft": 1233.0, "lot_sqft": 15002.0, "year_built": 1952.0, "ptype_cat": "single", "days_on_market": 3.0, "n_cuts": 0.0, "cum_cut_pct": 0.0, "days_to_pending": null, "ph_exposure": 0.0, "ph_dist_m": 2499.62, "d_fwy": 2487.35, "d_art": 967.73, "school_pi": 91.7, "crime_rate": 6.02, "income": 125833.0, "model_mae_pct": 6.2, "segment": "ppsf:190-300,price:250000-600000", "asof": "2026-09-20 20:52"}, "geometry": {"type": "Point", "coordinates": [-81.890868, 41.45112]}}, {"type": "Feature", "properties": {"address": "3389 E Monmouth Rd", "city": "Cleveland Heights", "zip": 44118.0, "url": "https://www.redfin.com/OH/Cleveland-Heights/3389-E-Monmouth-Rd-44118/home/71006398", "price": 345000.0, "pred_price": 362444.54, "excess_pct": -4.4, "rel_discount": -5.0, "local_mae_pct": 6.6, "pctile": 29.7, "beds": 3.0, "baths": 2.0, "sqft": 1632.0, "lot_sqft": 14801.0, "year_built": 1925.0, "ptype_cat": "single", "days_on_market": 17.0, "n_cuts": 1.0, "cum_cut_pct": -4.17, "days_to_pending": null, "ph_exposure": 0.01, "ph_dist_m": 2334.77, "d_fwy": 5928.78, "d_art": 595.01, "school_pi": 68.0, "crime_rate": 18.19, "income": 125417.0, "model_mae_pct": 6.2, "segment": "ppsf:190-300,price:250000-600000", "asof": "2026-09-20 20:52"}, "geometry": {"type": "Point", "coordinates": [-81.557971, 41.489837]}}, {"type": "Feature", "properties": {"address": "37470 Tail Feather Dr", "city": "North Ridgeville", "zip": 44039.0, "url": "https://www.redfin.com/OH/North-Ridgeville/37470-Tail-Feather-Dr-44039/home/77182885", "price": 349900.0, "pred_price": 359375.04, "excess_pct": -2.2, "rel_discount": -1.2, "local_mae_pct": 5.79, "pctile": 37.4, "beds": 2.0, "baths": 2.0, "sqft": 1485.0, "lot_sqft": 7866.0, "year_built": 2014.0, "ptype_cat": "single", "days_on_market": 38.0, "n_cuts": 0.0, "cum_cut_pct": 0.0, "days_to_pending": null, "ph_exposure": 0.0, "ph_dist_m": 4582.78, "d_fwy": 1983.19, "d_art": 1332.21, "school_pi": 83.4, "crime_rate": 3.13, "income": 115642.0, "model_mae_pct": 6.2, "segment": "ppsf:190-300,price:250000-600000", "asof": "2026-09-20 20:52"}, "geometry": {"type": "Point", "coordinates": [-82.040735, 41.396952]}}, {"type": "Feature", "properties": {"address": "6126 Park Ridge Dr", "city": "North Olmsted", "zip": 44070.0, "url": "https://www.redfin.com/OH/North-Olmsted/6126-Park-Ridge-Dr-44070/home/70819034", "price": 359900.0, "pred_price": 389345.61, "excess_pct": -7.2, "rel_discount": -6.1, "local_mae_pct": 6.5, "pctile": 18.2, "beds": 4.0, "baths": 2.5, "sqft": 1869.0, "lot_sqft": 11059.0, "year_built": 1967.0, "ptype_cat": "single", "days_on_market": 30.0, "n_cuts": 1.0, "cum_cut_pct": -4.03, "days_to_pending": null, "ph_exposure": 0.0, "ph_dist_m": 7808.23, "d_fwy": 381.11, "d_art": 272.6, "school_pi": 79.3, "crime_rate": 8.7, "income": 153661.0, "model_mae_pct": 6.2, "segment": "ppsf:190-300,price:250000-600000", "asof": "2026-09-20 20:52"}, "geometry": {"type": "Point", "coordinates": [-81.940257, 41.401357]}}, {"type": "Feature", "properties": {"address": "5856 Ridgeview Blvd", "city": "North Ridgeville", "zip": 44039.0, "url": "https://www.redfin.com/OH/North-Ridgeville/5856-Ridgeview-Blvd-44039/home/77227379", "price": 384900.0, "pred_price": 404432.88, "excess_pct": -4.4, "rel_discount": -2.5, "local_mae_pct": 5.15, "pctile": 29.7, "beds": 4.0, "baths": 2.5, "sqft": 1955.0, "lot_sqft": 5793.0, "year_built": 2002.0, "ptype_cat": "single", "days_on_market": 66.0, "n_cuts": 1.0, "cum_cut_pct": -1.05, "days_to_pending": null, "ph_exposure": 0.0, "ph_dist_m": 6940.31, "d_fwy": 2685.16, "d_art": 1178.87, "school_pi": 83.4, "crime_rate": 3.13, "income": 76429.0, "model_mae_pct": 6.2, "segment": "ppsf:190-300,price:250000-600000", "asof": "2026-09-20 20:52"}, "geometry": {"type": "Point", "coordinates": [-82.01134, 41.40389]}}, {"type": "Feature", "properties": {"address": "8307 Old Post Rd", "city": "Olmsted Falls", "zip": 44138.0, "url": "https://www.redfin.com/OH/Olmsted-Falls/8307-Old-Post-Rd-44138/home/66106736", "price": 385000.0, "pred_price": 359177.44, "excess_pct": 7.6, "rel_discount": 8.6, "local_mae_pct": 5.15, "pctile": 78.2, "beds": 4.0, "baths": 2.5, "sqft": 1628.0, "lot_sqft": 17580.0, "year_built": 1988.0, "ptype_cat": "single", "days_on_market": 2.0, "n_cuts": 0.0, "cum_cut_pct": 0.0, "days_to_pending": null, "ph_exposure": 0.0, "ph_dist_m": 4945.71, "d_fwy": 1046.01, "d_art": 1048.11, "school_pi": 85.3, "crime_rate": 3.34, "income": 96731.0, "model_mae_pct": 6.2, "segment": "ppsf:190-300,price:250000-600000", "asof": "2026-09-20 20:52"}, "geometry": {"type": "Point", "coordinates": [-81.914135, 41.370993]}}, {"type": "Feature", "properties": {"address": "9036 Morgan Cir", "city": "North Ridgeville", "zip": 44039.0, "url": "https://www.redfin.com/OH/North-Ridgeville/9036-Morgan-Cir-44039/home/75845758", "price": 389000.0, "pred_price": 359807.63, "excess_pct": 8.5, "rel_discount": 10.4, "local_mae_pct": 5.79, "pctile": 80.2, "beds": 3.0, "baths": 2.0, "sqft": 1774.0, "lot_sqft": 5000.0, "year_built": 2014.0, "ptype_cat": "single", "days_on_market": 30.0, "n_cuts": 1.0, "cum_cut_pct": -2.51, "days_to_pending": null, "ph_exposure": 0.01, "ph_dist_m": 2393.58, "d_fwy": 1790.91, "d_art": 1888.26, "school_pi": 83.4, "crime_rate": 3.13, "income": 126692.0, "model_mae_pct": 6.2, "segment": "ppsf:190-300,price:250000-600000", "asof": "2026-09-20 20:52"}, "geometry": {"type": "Point", "coordinates": [-82.050824, 41.360326]}}, {"type": "Feature", "properties": {"address": "1990 Buckingham Dr", "city": "Avon", "zip": 44011.0, "url": "https://www.redfin.com/OH/Avon/1990-Buckingham-Dr-44011/home/77179490", "price": 389999.0, "pred_price": 365881.18, "excess_pct": 7.0, "rel_discount": 8.9, "local_mae_pct": 5.15, "pctile": 76.9, "beds": 2.0, "baths": 2.0, "sqft": 1674.0, "lot_sqft": 3484.0, "year_built": 2005.0, "ptype_cat": "single", "days_on_market": 67.0, "n_cuts": 0.0, "cum_cut_pct": 0.0, "days_to_pending": null, "ph_exposure": 0.0, "ph_dist_m": 4195.81, "d_fwy": 329.89, "d_art": 3718.36, "school_pi": 94.6, "crime_rate": 10.72, "income": 127821.0, "model_mae_pct": 6.2, "segment": "ppsf:190-300,price:250000-600000", "asof": "2026-09-20 20:52"}, "geometry": {"type": "Point", "coordinates": [-82.008255, 41.461291]}}, {"type": "Feature", "properties": {"address": "644 Wellfleet Dr", "city": "Bay Village", "zip": 44140.0, "url": "https://www.redfin.com/OH/Bay-Village/644-Wellfleet-Dr-44140/home/66455054", "price": 397000.0, "pred_price": 400805.91, "excess_pct": -0.5, "rel_discount": 0.5, "local_mae_pct": 6.5, "pctile": 47.8, "beds": 3.0, "baths": 1.5, "sqft": 1659.0, "lot_sqft": 14592.0, "year_built": 1966.0, "ptype_cat": "single", "days_on_market": 61.0, "n_cuts": 1.0, "cum_cut_pct": -2.22, "days_to_pending": null, "ph_exposure": 0.0, "ph_dist_m": 2926.33, "d_fwy": 1002.69, "d_art": 1029.29, "school_pi": 98.3, "crime_rate": 2.9, "income": 122301.0, "model_mae_pct": 6.2, "segment": "ppsf:190-300,price:250000-600000", "asof": "2026-09-20 20:52"}, "geometry": {"type": "Point", "coordinates": [-81.954968, 41.478275]}}, {"type": "Feature", "properties": {"address": "29117 Lancaster Ln", "city": "North Olmsted", "zip": 44070.0, "url": "https://www.redfin.com/OH/North-Olmsted/29117-Lancaster-LN-44070/home/205371526", "price": 414900.0, "pred_price": 385205.06, "excess_pct": 8.1, "rel_discount": 9.2, "local_mae_pct": 5.79, "pctile": 79.0, "beds": 2.0, "baths": 2.0, "sqft": 1786.0, "lot_sqft": 6534.0, "year_built": 2026.0, "ptype_cat": "single", "days_on_market": 17.0, "n_cuts": 0.0, "cum_cut_pct": 0.0, "days_to_pending": null, "ph_exposure": 0.0, "ph_dist_m": 7805.4, "d_fwy": 1298.65, "d_art": 88.98, "school_pi": 79.3, "crime_rate": 8.7, "income": 67059.0, "model_mae_pct": 6.2, "segment": "ppsf:190-300,price:250000-600000", "asof": "2026-09-20 20:52"}, "geometry": {"type": "Point", "coordinates": [-81.942203, 41.410102]}}, {"type": "Feature", "properties": {"address": "1936 Pembrooke Ln", "city": "Avon", "zip": 44011.0, "url": "https://www.redfin.com/OH/Avon/1936-Pembrooke-Ln-44011/home/66287025", "price": 415000.0, "pred_price": 425668.9, "excess_pct": -2.1, "rel_discount": -0.2, "local_mae_pct": 5.15, "pctile": 37.8, "beds": 2.0, "baths": 2.0, "sqft": 1847.0, "lot_sqft": 8799.0, "year_built": 1999.0, "ptype_cat": "single", "days_on_market": 46.0, "n_cuts": 1.0, "cum_cut_pct": -2.35, "days_to_pending": null, "ph_exposure": 0.0, "ph_dist_m": 4150.29, "d_fwy": 321.3, "d_art": 3818.7, "school_pi": 94.6, "crime_rate": 10.72, "income": 127821.0, "model_mae_pct": 6.2, "segment": "ppsf:190-300,price:250000-600000", "asof": "2026-09-20 20:52"}, "geometry": {"type": "Point", "coordinates": [-82.007049, 41.461354]}}, {"type": "Feature", "properties": {"address": "27878 Birchwood Ct", "city": "Westlake", "zip": 44145.0, "url": "https://www.redfin.com/OH/Westlake/27878-Birchwood-Ct-44145/home/182716829", "price": 435000.0, "pred_price": 429588.07, "excess_pct": 1.7, "rel_discount": 1.6, "local_mae_pct": 5.79, "pctile": 57.7, "beds": 3.0, "baths": 2.5, "sqft": 2050.0, "lot_sqft": 1955.0, "year_built": 2022.0, "ptype_cat": "single", "days_on_market": 33.0, "n_cuts": 1.0, "cum_cut_pct": -2.25, "days_to_pending": null, "ph_exposure": 0.14, "ph_dist_m": 1042.95, "d_fwy": 1048.56, "d_art": 1389.18, "school_pi": 91.7, "crime_rate": 6.02, "income": null, "model_mae_pct": 6.2, "segment": "ppsf:190-300,price:250000-600000", "asof": "2026-09-20 20:52"}, "geometry": {"type": "Point", "coordinates": [-81.932215, 41.476715]}}, {"type": "Feature", "properties": {"address": "8082 Cora Ct", "city": "North Ridgeville", "zip": 44039.0, "url": "https://www.redfin.com/OH/North-Ridgeville/8082-Cora-Ct-44039/home/194742565", "price": 439900.0, "pred_price": 414280.95, "excess_pct": 6.6, "rel_discount": 2.6, "local_mae_pct": 5.79, "pctile": 75.4, "beds": 4.0, "baths": 3.5, "sqft": 1700.0, "lot_sqft": 11325.0, "year_built": 2024.0, "ptype_cat": "single", "days_on_market": 58.0, "n_cuts": 0.0, "cum_cut_pct": 0.0, "days_to_pending": null, "ph_exposure": 0.1, "ph_dist_m": 1708.24, "d_fwy": 1175.1, "d_art": 1499.8, "school_pi": 83.4, "crime_rate": 3.13, "income": 96283.0, "model_mae_pct": 6.2, "segment": "ppsf:190-300,price:250000-600000", "asof": "2026-09-20 20:52"}, "geometry": {"type": "Point", "coordinates": [-82.057713, 41.367218]}}, {"type": "Feature", "properties": {"address": "4928 Avery Way Way", "city": "North Ridgeville", "zip": 44039.0, "url": "https://www.redfin.com/OH/North-Ridgeville/4928-Avery-Way-44039/home/76419663", "price": 455000.0, "pred_price": 452521.75, "excess_pct": 0.9, "rel_discount": -3.2, "local_mae_pct": 5.79, "pctile": 54.6, "beds": 3.0, "baths": 2.0, "sqft": 2301.0, "lot_sqft": 1136.0, "year_built": 2015.0, "ptype_cat": "single", "days_on_market": 58.0, "n_cuts": 0.0, "cum_cut_pct": 0.0, "days_to_pending": null, "ph_exposure": 0.0, "ph_dist_m": 7052.77, "d_fwy": 4199.97, "d_art": 2981.46, "school_pi": 83.4, "crime_rate": 3.13, "income": 115642.0, "model_mae_pct": 6.2, "segment": "ppsf:190-300,price:250000-600000", "asof": "2026-09-20 20:52"}, "geometry": {"type": "Point", "coordinates": [-82.022294, 41.417953]}}, {"type": "Feature", "properties": {"address": "7474 Avon Belden Rd", "city": "North Ridgeville", "zip": 44039.0, "url": "https://www.redfin.com/OH/North-Ridgeville/7474-Avon-Belden-Rd-44039/home/191002763", "price": 475000.0, "pred_price": 405878.28, "excess_pct": 17.4, "rel_discount": 13.4, "local_mae_pct": 6.17, "pctile": 92.7, "beds": 3.0, "baths": 2.0, "sqft": 1638.0, "lot_sqft": 39204.0, "year_built": null, "ptype_cat": "single", "days_on_market": 23.0, "n_cuts": 0.0, "cum_cut_pct": 0.0, "days_to_pending": null, "ph_exposure": 0.0, "ph_dist_m": 5257.42, "d_fwy": 402.54, "d_art": 653.79, "school_pi": 83.4, "crime_rate": 3.13, "income": 100455.0, "model_mae_pct": 6.2, "segment": "ppsf:190-300,price:250000-600000", "asof": "2026-09-20 20:52"}, "geometry": {"type": "Point", "coordinates": [-82.019417, 41.383704]}}, {"type": "Feature", "properties": {"address": "37603 Stoney Lake Dr", "city": "North Ridgeville", "zip": 44039.0, "url": "https://www.redfin.com/OH/North-Ridgeville/37603-Stoney-Lake-Dr-44039/home/77176565", "price": 479900.0, "pred_price": 462401.44, "excess_pct": 4.2, "rel_discount": 0.1, "local_mae_pct": 5.15, "pctile": 66.9, "beds": 4.0, "baths": 2.5, "sqft": 2426.0, "lot_sqft": 7148.0, "year_built": 2004.0, "ptype_cat": "single", "days_on_market": 60.0, "n_cuts": 1.0, "cum_cut_pct": -3.05, "days_to_pending": null, "ph_exposure": 0.0, "ph_dist_m": 5680.34, "d_fwy": 3322.9, "d_art": 2589.16, "school_pi": 83.4, "crime_rate": 3.13, "income": 142333.0, "model_mae_pct": 6.2, "segment": "ppsf:190-300,price:250000-600000", "asof": "2026-09-20 20:52"}, "geometry": {"type": "Point", "coordinates": [-82.040013, 41.409127]}}, {"type": "Feature", "properties": {"address": "26362 Sunset Dr", "city": "Olmsted Township", "zip": 44138.0, "url": "https://www.redfin.com/OH/Olmsted-Township/26362-Sunset-Dr-44138/home/200616218", "price": 480590.0, "pred_price": 532246.43, "excess_pct": -9.3, "rel_discount": -9.4, "local_mae_pct": 5.79, "pctile": 12.0, "beds": 3.0, "baths": 2.5, "sqft": 2390.0, "lot_sqft": null, "year_built": 2026.0, "ptype_cat": "single", "days_on_market": 167.0, "n_cuts": 0.0, "cum_cut_pct": 0.0, "days_to_pending": null, "ph_exposure": 0.0, "ph_dist_m": 5863.47, "d_fwy": 984.32, "d_art": 1237.02, "school_pi": 85.3, "crime_rate": null, "income": 97148.0, "model_mae_pct": 6.2, "segment": "ppsf:190-300,price:250000-600000", "asof": "2026-09-20 20:52"}, "geometry": {"type": "Point", "coordinates": [-81.918523, 41.395025]}}, {"type": "Feature", "properties": {"address": "9006 Shady Elm Ln", "city": "Olmsted Twp", "zip": 44138.0, "url": "https://www.redfin.com/OH/Olmsted-Twp/9006-Shady-Elm-Ln-44138/home/113137859", "price": 484900.0, "pred_price": 460471.68, "excess_pct": 5.7, "rel_discount": 5.6, "local_mae_pct": 5.79, "pctile": 72.6, "beds": 4.0, "baths": 3.0, "sqft": 1990.0, "lot_sqft": 7797.0, "year_built": 2017.0, "ptype_cat": "single", "days_on_market": 5.0, "n_cuts": 0.0, "cum_cut_pct": 0.0, "days_to_pending": null, "ph_exposure": 0.0, "ph_dist_m": 7361.03, "d_fwy": 677.84, "d_art": 3540.85, "school_pi": 85.3, "crime_rate": null, "income": 213125.0, "model_mae_pct": 6.2, "segment": "ppsf:190-300,price:250000-600000", "asof": "2026-09-20 20:52"}, "geometry": {"type": "Point", "coordinates": [-81.942112, 41.362956]}}, {"type": "Feature", "properties": {"address": "4262 Vilamoura Dr", "city": "Avon", "zip": 44011.0, "url": "https://www.redfin.com/OH/Avon/4262-Vilamoura-Dr-44011/home/66254361", "price": 489000.0, "pred_price": 472180.58, "excess_pct": 4.0, "rel_discount": -0.1, "local_mae_pct": 5.15, "pctile": 65.2, "beds": 3.0, "baths": 3.0, "sqft": 1918.0, "lot_sqft": 4704.0, "year_built": 1998.0, "ptype_cat": "single", "days_on_market": 66.0, "n_cuts": 1.0, "cum_cut_pct": -6.86, "days_to_pending": null, "ph_exposure": 0.0, "ph_dist_m": 8216.03, "d_fwy": 4049.64, "d_art": 1993.23, "school_pi": 94.6, "crime_rate": 10.72, "income": 170250.0, "model_mae_pct": 6.2, "segment": "ppsf:190-300,price:250000-600000", "asof": "2026-09-20 20:52"}, "geometry": {"type": "Point", "coordinates": [-81.994263, 41.422097]}}, {"type": "Feature", "properties": {"address": "4697 Canterbury Rd", "city": "North Olmsted", "zip": 44070.0, "url": "https://www.redfin.com/OH/North-Olmsted/4697-Canterbury-Rd-44070/home/70817678", "price": 400000.0, "pred_price": 416244.32, "excess_pct": -3.5, "rel_discount": -2.4, "local_mae_pct": 6.5, "pctile": 32.2, "beds": 4.0, "baths": 2.0, "sqft": 2032.0, "lot_sqft": 25264.0, "year_built": 1953.0, "ptype_cat": "single", "days_on_market": 11.0, "n_cuts": 0.0, "cum_cut_pct": 0.0, "days_to_pending": null, "ph_exposure": 0.0, "ph_dist_m": 5776.97, "d_fwy": 1058.59, "d_art": 139.91, "school_pi": 79.3, "crime_rate": 8.7, "income": 125250.0, "model_mae_pct": 6.2, "segment": "ppsf:190-300,price:250000-600000", "asof": "2026-09-20 20:52"}, "geometry": {"type": "Point", "coordinates": [-81.912577, 41.421083]}}, {"type": "Feature", "properties": {"address": "29111 Lancaster Ln", "city": "North Olmsted", "zip": 44070.0, "url": "https://www.redfin.com/OH/North-Olmsted/29111-Lancaster-LN-44070/home/205371742", "price": 399900.0, "pred_price": 315098.85, "excess_pct": 27.3, "rel_discount": 28.4, "local_mae_pct": 5.79, "pctile": 98.2, "beds": 2.0, "baths": 2.0, "sqft": 1363.0, "lot_sqft": 6534.0, "year_built": 2026.0, "ptype_cat": "single", "days_on_market": 17.0, "n_cuts": 0.0, "cum_cut_pct": 0.0, "days_to_pending": null, "ph_exposure": 0.0, "ph_dist_m": 7814.02, "d_fwy": 1296.0, "d_art": 53.11, "school_pi": 79.3, "crime_rate": 8.7, "income": 67059.0, "model_mae_pct": 6.2, "segment": "ppsf:190-300,price:250000-600000", "asof": "2026-09-20 20:52"}, "geometry": {"type": "Point", "coordinates": [-81.942633, 41.410102]}}, {"type": "Feature", "properties": {"address": "37099 Hunters Trl", "city": "Avon", "zip": 44011.0, "url": "https://www.redfin.com/OH/Avon/37099-Hunters-Trl-44011/home/77204813", "price": 492000.0, "pred_price": 488279.69, "excess_pct": 1.2, "rel_discount": -4.6, "local_mae_pct": 5.15, "pctile": 56.1, "beds": 3.0, "baths": 2.5, "sqft": 2121.0, "lot_sqft": 21344.0, "year_built": 1993.0, "ptype_cat": "single", "days_on_market": 6.0, "n_cuts": 0.0, "cum_cut_pct": 0.0, "days_to_pending": null, "ph_exposure": 0.0, "ph_dist_m": 6343.82, "d_fwy": 2446.52, "d_art": 2801.77, "school_pi": 94.6, "crime_rate": 10.72, "income": 131269.0, "model_mae_pct": 6.2, "segment": "ppsf:190-300,price:250000-600000", "asof": "2026-09-20 20:52"}, "geometry": {"type": "Point", "coordinates": [-82.032911, 41.442324]}}, {"type": "Feature", "properties": {"address": "32834 Rebecca Ln", "city": "Avon Lake", "zip": 44012.0, "url": "https://www.redfin.com/OH/Avon-Lake/32834-Rebecca-Ln-44012/home/113164299", "price": 499500.0, "pred_price": 535846.9, "excess_pct": -6.4, "rel_discount": -12.1, "local_mae_pct": 5.8, "pctile": 21.4, "beds": 4.0, "baths": 2.5, "sqft": 2588.0, "lot_sqft": 7405.0, "year_built": 2016.0, "ptype_cat": "single", "days_on_market": 2.0, "n_cuts": 0.0, "cum_cut_pct": 0.0, "days_to_pending": null, "ph_exposure": 0.0, "ph_dist_m": 3124.57, "d_fwy": 2158.83, "d_art": 2803.49, "school_pi": 92.9, "crime_rate": 4.4, "income": 146346.0, "model_mae_pct": 6.2, "segment": "ppsf:190-300,price:250000-600000", "asof": "2026-09-20 20:52"}, "geometry": {"type": "Point", "coordinates": [-82.022771, 41.485084]}}, {"type": "Feature", "properties": {"address": "1704 W Ash Dr", "city": "Avon", "zip": 44011.0, "url": "https://www.redfin.com/OH/Avon/1704-W-Ash-Dr-44011/home/66277449", "price": 500000.0, "pred_price": 555812.11, "excess_pct": -9.6, "rel_discount": -15.4, "local_mae_pct": 5.15, "pctile": 10.4, "beds": 4.0, "baths": 2.5, "sqft": 2470.0, "lot_sqft": 9147.0, "year_built": 2007.0, "ptype_cat": "single", "days_on_market": 4.0, "n_cuts": 0.0, "cum_cut_pct": 0.0, "days_to_pending": null, "ph_exposure": 0.0, "ph_dist_m": 3982.1, "d_fwy": 662.42, "d_art": 2512.33, "school_pi": 94.6, "crime_rate": 10.72, "income": 127821.0, "model_mae_pct": 6.2, "segment": "ppsf:190-300,price:250000-600000", "asof": "2026-09-20 20:52"}, "geometry": {"type": "Point", "coordinates": [-81.980785, 41.460534]}}, {"type": "Feature", "properties": {"address": "3528 Brook Ct", "city": "Avon", "zip": 44011.0, "url": "https://www.redfin.com/OH/Avon/3528-Brook-Ct-44011/home/77176459", "price": 510000.0, "pred_price": 516095.05, "excess_pct": -0.8, "rel_discount": -6.6, "local_mae_pct": 5.15, "pctile": 45.7, "beds": 4.0, "baths": 4.5, "sqft": 2290.0, "lot_sqft": 5153.0, "year_built": 2008.0, "ptype_cat": "single", "days_on_market": 55.0, "n_cuts": 1.0, "cum_cut_pct": -3.59, "days_to_pending": null, "ph_exposure": 0.0, "ph_dist_m": 6728.27, "d_fwy": 3036.06, "d_art": 2376.94, "school_pi": 94.6, "crime_rate": 10.72, "income": 166600.0, "model_mae_pct": 6.2, "segment": "ppsf:190-300,price:250000-600000", "asof": "2026-09-20 20:52"}, "geometry": {"type": "Point", "coordinates": [-81.985919, 41.435384]}}, {"type": "Feature", "properties": {"address": "24500 Westwood Rd", "city": "Westlake", "zip": 44145.0, "url": "https://www.redfin.com/OH/Westlake/24500-Westwood-Rd-44145/home/70811877", "price": 525000.0, "pred_price": 481096.67, "excess_pct": 9.5, "rel_discount": 3.4, "local_mae_pct": 6.5, "pctile": 82.0, "beds": 5.0, "baths": 3.0, "sqft": 2254.0, "lot_sqft": 37330.0, "year_built": 1965.0, "ptype_cat": "single", "days_on_market": 79.0, "n_cuts": 0.0, "cum_cut_pct": 0.0, "days_to_pending": null, "ph_exposure": 0.0, "ph_dist_m": 3024.71, "d_fwy": 2498.76, "d_art": 468.89, "school_pi": 91.7, "crime_rate": 6.02, "income": 124063.0, "model_mae_pct": 6.2, "segment": "ppsf:190-300,price:250000-600000", "asof": "2026-09-20 20:52"}, "geometry": {"type": "Point", "coordinates": [-81.89691, 41.449798]}}, {"type": "Feature", "properties": {"address": "26364 Sunset Dr", "city": "Olmsted Township", "zip": 44138.0, "url": "https://www.redfin.com/OH/Olmsted-Township/26364-Sunset-Dr-44138/home/200189973", "price": 525430.0, "pred_price": 532246.43, "excess_pct": -0.9, "rel_discount": -7.0, "local_mae_pct": 5.79, "pctile": 44.8, "beds": 3.0, "baths": 2.5, "sqft": 2390.0, "lot_sqft": null, "year_built": 2026.0, "ptype_cat": "single", "days_on_market": 239.0, "n_cuts": 0.0, "cum_cut_pct": 0.0, "days_to_pending": null, "ph_exposure": 0.0, "ph_dist_m": 5863.47, "d_fwy": 984.32, "d_art": 1237.02, "school_pi": 85.3, "crime_rate": null, "income": 97148.0, "model_mae_pct": 6.2, "segment": "ppsf:190-300,price:250000-600000", "asof": "2026-09-20 20:52"}, "geometry": {"type": "Point", "coordinates": [-81.918523, 41.395025]}}, {"type": "Feature", "properties": {"address": "36564 Appian Way", "city": "North Ridgeville", "zip": 44039.0, "url": "https://www.redfin.com/OH/North-Ridgeville/36564-Appian-Way-44039/home/184277169", "price": 538500.0, "pred_price": 443165.4, "excess_pct": 21.9, "rel_discount": 16.2, "local_mae_pct": 5.79, "pctile": 96.0, "beds": 3.0, "baths": 2.5, "sqft": 2024.0, "lot_sqft": 2178.0, "year_built": 2023.0, "ptype_cat": "single", "days_on_market": 3.0, "n_cuts": 0.0, "cum_cut_pct": 0.0, "days_to_pending": null, "ph_exposure": 0.0, "ph_dist_m": 6001.92, "d_fwy": 3008.3, "d_art": 2081.64, "school_pi": 83.4, "crime_rate": 3.13, "income": 115642.0, "model_mae_pct": 6.2, "segment": "ppsf:190-300,price:250000-600000", "asof": "2026-09-20 20:52"}, "geometry": {"type": "Point", "coordinates": [-82.030147, 41.406983]}}, {"type": "Feature", "properties": {"address": "5726 Rock Point Cir", "city": "North Ridgeville", "zip": 44039.0, "url": "https://www.redfin.com/OH/North-Ridgeville/5726-Rock-Point-Cir-44039/home/77223697", "price": 539000.0, "pred_price": 522505.57, "excess_pct": 3.6, "rel_discount": -2.1, "local_mae_pct": 6.5, "pctile": 63.7, "beds": 3.0, "baths": 3.0, "sqft": 2614.0, "lot_sqft": 13760.0, "year_built": 1977.0, "ptype_cat": "single", "days_on_market": 9.0, "n_cuts": 1.0, "cum_cut_pct": -1.82, "days_to_pending": null, "ph_exposure": 0.0, "ph_dist_m": 9364.72, "d_fwy": 1783.87, "d_art": 391.94, "school_pi": 83.4, "crime_rate": 3.13, "income": 82222.0, "model_mae_pct": 6.2, "segment": "ppsf:190-300,price:250000-600000", "asof": "2026-09-20 20:52"}, "geometry": {"type": "Point", "coordinates": [-81.97597, 41.40533]}}, {"type": "Feature", "properties": {"address": "652 Lakeside Dr", "city": "Avon Lake", "zip": 44012.0, "url": "https://www.redfin.com/OH/Avon-Lake/652-Lakeside-Dr-44012/home/170943977", "price": 539900.0, "pred_price": 505992.96, "excess_pct": 7.1, "rel_discount": 1.4, "local_mae_pct": 5.16, "pctile": 77.4, "beds": 4.0, "baths": 3.0, "sqft": 2314.0, "lot_sqft": 6098.0, "year_built": 2006.0, "ptype_cat": "single", "days_on_market": 82.0, "n_cuts": 1.0, "cum_cut_pct": -1.82, "days_to_pending": null, "ph_exposure": 0.0, "ph_dist_m": 2021.9, "d_fwy": 1199.23, "d_art": 2537.55, "school_pi": 92.9, "crime_rate": 4.4, "income": 153371.0, "model_mae_pct": 6.2, "segment": "ppsf:190-300,price:250000-600000", "asof": "2026-09-20 20:52"}, "geometry": {"type": "Point", "coordinates": [-81.978241, 41.479375]}}, {"type": "Feature", "properties": {"address": "26341 Grand View Dr", "city": "Olmsted Twp", "zip": 44138.0, "url": "https://www.redfin.com/OH/Olmsted-Twp/26341-Grandview-Dr-44138/home/190603048", "price": 545000.0, "pred_price": 552252.94, "excess_pct": -0.9, "rel_discount": -7.0, "local_mae_pct": 5.79, "pctile": 44.8, "beds": 3.0, "baths": 2.5, "sqft": 2514.0, "lot_sqft": 7213.0, "year_built": 2025.0, "ptype_cat": "single", "days_on_market": 54.0, "n_cuts": 0.0, "cum_cut_pct": 0.0, "days_to_pending": null, "ph_exposure": 0.0, "ph_dist_m": 5604.38, "d_fwy": 1258.62, "d_art": 1070.11, "school_pi": 85.3, "crime_rate": null, "income": 97148.0, "model_mae_pct": 6.2, "segment": "ppsf:190-300,price:250000-600000", "asof": "2026-09-20 20:52"}, "geometry": {"type": "Point", "coordinates": [-81.916196, 41.393246]}}, {"type": "Feature", "properties": {"address": "38467 Renwood Ave", "city": "Avon", "zip": 44011.0, "url": "https://www.redfin.com/OH/Avon/38467-Renwood-Ave-44011/home/66119353", "price": 499000.0, "pred_price": 558455.71, "excess_pct": -10.2, "rel_discount": -16.0, "local_mae_pct": 5.15, "pctile": 9.3, "beds": 4.0, "baths": 3.5, "sqft": 2625.0, "lot_sqft": 4791.0, "year_built": 2003.0, "ptype_cat": "single", "days_on_market": 16.0, "n_cuts": 0.0, "cum_cut_pct": 0.0, "days_to_pending": null, "ph_exposure": 0.0, "ph_dist_m": 4998.96, "d_fwy": 465.56, "d_art": 587.52, "school_pi": 94.6, "crime_rate": 10.72, "income": 212000.0, "model_mae_pct": 6.2, "segment": "ppsf:190-300,price:250000-600000", "asof": "2026-09-20 20:52"}, "geometry": {"type": "Point", "coordinates": [-82.054038, 41.457478]}}, {"type": "Feature", "properties": {"address": "6528 Daisy Ln", "city": "Olmsted Twp", "zip": 44138.0, "url": "https://www.redfin.com/OH/Olmsted-Twp/6528-Daisy-Ln-44138/home/190603056", "price": 569000.0, "pred_price": 581294.77, "excess_pct": -1.7, "rel_discount": -7.8, "local_mae_pct": 5.79, "pctile": 40.3, "beds": 4.0, "baths": 2.5, "sqft": 2784.0, "lot_sqft": 9104.0, "year_built": 2023.0, "ptype_cat": "single", "days_on_market": 9.0, "n_cuts": 0.0, "cum_cut_pct": 0.0, "days_to_pending": null, "ph_exposure": 0.0, "ph_dist_m": 5748.4, "d_fwy": 1196.21, "d_art": 1256.94, "school_pi": 85.3, "crime_rate": null, "income": 97148.0, "model_mae_pct": 6.2, "segment": "ppsf:190-300,price:250000-600000", "asof": "2026-09-20 20:52"}, "geometry": {"type": "Point", "coordinates": [-81.918365, 41.392743]}}, {"type": "Feature", "properties": {"address": "28405 Lincoln Rd", "city": "Bay Village", "zip": 44140.0, "url": "https://www.redfin.com/OH/Bay-Village/28405-Lincoln-Rd-44140/home/70804044", "price": 574900.0, "pred_price": 535831.89, "excess_pct": 7.7, "rel_discount": 1.5, "local_mae_pct": 6.6, "pctile": 78.4, "beds": 3.0, "baths": 2.5, "sqft": 2273.0, "lot_sqft": 15694.0, "year_built": 1940.0, "ptype_cat": "single", "days_on_market": 60.0, "n_cuts": 1.0, "cum_cut_pct": -4.02, "days_to_pending": null, "ph_exposure": 0.11, "ph_dist_m": 1196.84, "d_fwy": 1453.31, "d_art": 1010.27, "school_pi": 98.3, "crime_rate": 2.9, "income": 169653.0, "model_mae_pct": 6.2, "segment": "ppsf:190-300,price:250000-600000", "asof": "2026-09-20 20:52"}, "geometry": {"type": "Point", "coordinates": [-81.933978, 41.480484]}}, {"type": "Feature", "properties": {"address": "1901 Pembrooke Ln", "city": "Avon", "zip": 44011.0, "url": "https://www.redfin.com/OH/Avon/1901-Pembrooke-Ln-44011/home/75824824", "price": 499000.0, "pred_price": 444841.28, "excess_pct": 12.6, "rel_discount": 6.8, "local_mae_pct": 5.15, "pctile": 86.6, "beds": 3.0, "baths": 3.0, "sqft": 1871.0, "lot_sqft": 8363.0, "year_built": 2001.0, "ptype_cat": "single", "days_on_market": 52.0, "n_cuts": 0.0, "cum_cut_pct": 0.0, "days_to_pending": null, "ph_exposure": 0.0, "ph_dist_m": 3954.71, "d_fwy": 172.25, "d_art": 3976.76, "school_pi": 94.6, "crime_rate": 10.72, "income": 127821.0, "model_mae_pct": 6.2, "segment": "ppsf:190-300,price:250000-600000", "asof": "2026-09-20 20:52"}, "geometry": {"type": "Point", "coordinates": [-82.005122, 41.462676]}}, {"type": "Feature", "properties": {"address": "717 Wedgewood Dr", "city": "Avon Lake", "zip": 44012.0, "url": "https://www.redfin.com/OH/Avon-Lake/717-Wedgewood-Dr-44012/home/77207355", "price": 595000.0, "pred_price": 567404.03, "excess_pct": 5.3, "rel_discount": -0.4, "local_mae_pct": 5.16, "pctile": 71.0, "beds": 3.0, "baths": 3.0, "sqft": 3088.0, "lot_sqft": 14810.0, "year_built": 1988.0, "ptype_cat": "single", "days_on_market": 4.0, "n_cuts": 0.0, "cum_cut_pct": 0.0, "days_to_pending": null, "ph_exposure": 0.01, "ph_dist_m": 1356.03, "d_fwy": 2151.42, "d_art": 2848.69, "school_pi": 92.9, "crime_rate": 4.4, "income": 243450.0, "model_mae_pct": 6.2, "segment": "ppsf:190-300,price:250000-600000", "asof": "2026-09-20 20:52"}, "geometry": {"type": "Point", "coordinates": [-81.993631, 41.484434]}}, {"type": "Feature", "properties": {"address": "5317 Middlebury Ct", "city": "Sheffield Village", "zip": 44054.0, "url": "https://www.redfin.com/OH/Sheffield-Village/5317-Middlebury-Ct-44054/home/75825621", "price": 575000.0, "pred_price": 562254.16, "excess_pct": 2.7, "rel_discount": -3.0, "local_mae_pct": 5.15, "pctile": 60.8, "beds": 5.0, "baths": 3.5, "sqft": 2800.0, "lot_sqft": 25752.0, "year_built": 2001.0, "ptype_cat": "single", "days_on_market": 2.0, "n_cuts": 0.0, "cum_cut_pct": 0.0, "days_to_pending": null, "ph_exposure": 0.0, "ph_dist_m": 2616.04, "d_fwy": 652.57, "d_art": 3882.92, "school_pi": 77.5, "crime_rate": null, "income": 98783.0, "model_mae_pct": 6.2, "segment": "ppsf:190-300,price:250000-600000", "asof": "2026-09-20 20:52"}, "geometry": {"type": "Point", "coordinates": [-82.075054, 41.430611]}}, {"type": "Feature", "properties": {"address": "6508 Garden Path", "city": "Olmsted Twp", "zip": 44138.0, "url": "https://www.redfin.com/OH/Olmsted-Twp/6508-Garden-Path-44138/home/193729139", "price": 599000.0, "pred_price": 566068.08, "excess_pct": 6.2, "rel_discount": 0.0, "local_mae_pct": 5.79, "pctile": 74.2, "beds": 4.0, "baths": 2.5, "sqft": 2780.0, "lot_sqft": 7261.0, "year_built": 2024.0, "ptype_cat": "single", "days_on_market": 25.0, "n_cuts": 1.0, "cum_cut_pct": -4.16, "days_to_pending": null, "ph_exposure": 0.0, "ph_dist_m": 5866.47, "d_fwy": 1013.1, "d_art": 1274.4, "school_pi": 85.3, "crime_rate": null, "income": 97148.0, "model_mae_pct": 6.2, "segment": "ppsf:190-300,price:250000-600000", "asof": "2026-09-20 20:52"}, "geometry": {"type": "Point", "coordinates": [-81.918882, 41.394504]}}, {"type": "Feature", "properties": {"address": "36316 S Park Dr", "city": "Avon", "zip": 44011.0, "url": "https://www.redfin.com/OH/Avon/36316-S-Park-Dr-44011/home/77239821", "price": 599900.0, "pred_price": 567244.47, "excess_pct": 6.2, "rel_discount": 0.5, "local_mae_pct": 5.15, "pctile": 74.2, "beds": 4.0, "baths": 3.5, "sqft": 2835.0, "lot_sqft": 15681.0, "year_built": 2000.0, "ptype_cat": "single", "days_on_market": 4.0, "n_cuts": 0.0, "cum_cut_pct": 0.0, "days_to_pending": null, "ph_exposure": 0.0, "ph_dist_m": 6538.89, "d_fwy": 3818.66, "d_art": 4236.99, "school_pi": 94.6, "crime_rate": 10.72, "income": 131269.0, "model_mae_pct": 6.2, "segment": "ppsf:190-300,price:250000-600000", "asof": "2026-09-20 20:52"}, "geometry": {"type": "Point", "coordinates": [-82.027745, 41.429472]}}, {"type": "Feature", "properties": {"address": "5502 Linn Rd", "city": "Amherst", "zip": 44001.0, "url": "https://www.redfin.com/OH/Amherst/5502-Linn-Dr-44001/home/75822164", "price": 265000.0, "pred_price": 281835.58, "excess_pct": -5.6, "rel_discount": -3.6, "local_mae_pct": 6.5, "pctile": 24.2, "beds": 4.0, "baths": 2.0, "sqft": 1295.0, "lot_sqft": 16426.0, "year_built": 1953.0, "ptype_cat": "single", "days_on_market": 16.0, "n_cuts": 0.0, "cum_cut_pct": 0.0, "days_to_pending": null, "ph_exposure": 0.01, "ph_dist_m": 1639.64, "d_fwy": 547.95, "d_art": 2228.98, "school_pi": 85.3, "crime_rate": 11.04, "income": 104783.0, "model_mae_pct": 6.2, "segment": "ppsf:190-300,price:250000-600000", "asof": "2026-09-20 20:52"}, "geometry": {"type": "Point", "coordinates": [-82.192473, 41.417491]}}, {"type": "Feature", "properties": {"address": "4036 Leavitt Rd", "city": "Lorain", "zip": 44053.0, "url": "https://www.redfin.com/OH/Lorain/4036-Leavitt-Rd-44053/home/77190608", "price": 265000.0, "pred_price": 270076.01, "excess_pct": -1.5, "rel_discount": 0.5, "local_mae_pct": 6.5, "pctile": 41.6, "beds": 3.0, "baths": 1.5, "sqft": 1324.0, "lot_sqft": 10454.0, "year_built": 1970.0, "ptype_cat": "single", "days_on_market": 31.0, "n_cuts": 1.0, "cum_cut_pct": -1.85, "days_to_pending": null, "ph_exposure": 0.18, "ph_dist_m": 741.25, "d_fwy": 2116.84, "d_art": 1912.71, "school_pi": 48.3, "crime_rate": 30.48, "income": 83571.0, "model_mae_pct": 6.2, "segment": "ppsf:190-300,price:250000-600000", "asof": "2026-09-20 20:52"}, "geometry": {"type": "Point", "coordinates": [-82.202841, 41.43361]}}, {"type": "Feature", "properties": {"address": "121 Bethesda Cir", "city": "Elyria", "zip": 44035.0, "url": "https://www.redfin.com/OH/Elyria/121-Bethesda-Cir-44035/home/77214488", "price": 269900.0, "pred_price": 257462.52, "excess_pct": 5.2, "rel_discount": 7.2, "local_mae_pct": 6.51, "pctile": 70.3, "beds": 4.0, "baths": 2.0, "sqft": 1068.0, "lot_sqft": 6969.0, "year_built": 1979.0, "ptype_cat": "single", "days_on_market": 17.0, "n_cuts": 0.0, "cum_cut_pct": 0.0, "days_to_pending": null, "ph_exposure": 0.11, "ph_dist_m": 551.03, "d_fwy": 2334.61, "d_art": 4280.32, "school_pi": 60.9, "crime_rate": 10.08, "income": 59000.0, "model_mae_pct": 6.2, "segment": "ppsf:190-300,price:250000-600000", "asof": "2026-09-20 20:52"}, "geometry": {"type": "Point", "coordinates": [-82.163007, 41.366438]}}, {"type": "Feature", "properties": {"address": "5847 Clement Dr", "city": "Lorain", "zip": 44053.0, "url": "https://www.redfin.com/OH/Lorain/5847-Clement-Dr-44053/home/77189471", "price": 270000.0, "pred_price": 290846.7, "excess_pct": -6.8, "rel_discount": -4.8, "local_mae_pct": 6.5, "pctile": 19.6, "beds": 3.0, "baths": 2.0, "sqft": 1360.0, "lot_sqft": 10018.0, "year_built": 1973.0, "ptype_cat": "single", "days_on_market": 28.0, "n_cuts": 0.0, "cum_cut_pct": 8.0, "days_to_pending": null, "ph_exposure": 0.01, "ph_dist_m": 1323.51, "d_fwy": 930.52, "d_art": 1214.62, "school_pi": 85.3, "crime_rate": 30.48, "income": 76750.0, "model_mae_pct": 6.2, "segment": "ppsf:190-300,price:250000-600000", "asof": "2026-09-20 20:52"}, "geometry": {"type": "Point", "coordinates": [-82.177357, 41.419594]}}, {"type": "Feature", "properties": {"address": "3700 Heron Dr", "city": "Lorain", "zip": 44053.0, "url": "https://www.redfin.com/OH/Lorain/3700-Heron-Dr-44053/home/77180594", "price": 339000.0, "pred_price": 343653.03, "excess_pct": -1.0, "rel_discount": 0.1, "local_mae_pct": 5.15, "pctile": 43.9, "beds": 3.0, "baths": 2.5, "sqft": 1643.0, "lot_sqft": 5662.0, "year_built": 2006.0, "ptype_cat": "single", "days_on_market": 3.0, "n_cuts": 0.0, "cum_cut_pct": 0.0, "days_to_pending": null, "ph_exposure": 0.15, "ph_dist_m": 717.79, "d_fwy": 2746.86, "d_art": 607.29, "school_pi": 48.3, "crime_rate": 30.48, "income": 112882.0, "model_mae_pct": 6.2, "segment": "ppsf:190-300,price:250000-600000", "asof": "2026-09-20 20:52"}, "geometry": {"type": "Point", "coordinates": [-82.231058, 41.43651]}}, {"type": "Feature", "properties": {"address": "2143 Fowl Rd", "city": "Elyria", "zip": 44035.0, "url": "https://www.redfin.com/OH/Elyria/2143-Fowl-Rd-44035/home/77180927", "price": 280000.0, "pred_price": 295732.58, "excess_pct": -4.9, "rel_discount": -2.9, "local_mae_pct": 5.8, "pctile": 26.9, "beds": 3.0, "baths": 2.0, "sqft": 1464.0, "lot_sqft": 10018.0, "year_built": 2011.0, "ptype_cat": "single", "days_on_market": 10.0, "n_cuts": 0.0, "cum_cut_pct": 0.0, "days_to_pending": null, "ph_exposure": 0.09, "ph_dist_m": 762.69, "d_fwy": 2696.67, "d_art": 4661.96, "school_pi": 60.9, "crime_rate": 10.08, "income": 59000.0, "model_mae_pct": 6.2, "segment": "ppsf:190-300,price:250000-600000", "asof": "2026-09-20 20:52"}, "geometry": {"type": "Point", "coordinates": [-82.165806, 41.363021]}}, {"type": "Feature", "properties": {"address": "141 W Spring Dr", "city": "Elyria", "zip": 44035.0, "url": "https://www.redfin.com/OH/Elyria/141-W-Spring-Dr-44035/home/178392244", "price": 284899.0, "pred_price": 263910.35, "excess_pct": 8.4, "rel_discount": 10.4, "local_mae_pct": 5.8, "pctile": 79.9, "beds": 3.0, "baths": 2.0, "sqft": 1251.0, "lot_sqft": 3240.0, "year_built": 2022.0, "ptype_cat": "single", "days_on_market": 117.0, "n_cuts": 0.0, "cum_cut_pct": 0.0, "days_to_pending": null, "ph_exposure": 0.1, "ph_dist_m": 543.02, "d_fwy": 2277.8, "d_art": 4217.85, "school_pi": 60.9, "crime_rate": 10.08, "income": 59000.0, "model_mae_pct": 6.2, "segment": "ppsf:190-300,price:250000-600000", "asof": "2026-09-20 20:52"}, "geometry": {"type": "Point", "coordinates": [-82.162534, 41.366999]}}, {"type": "Feature", "properties": {"address": "1593 Vermilion Rd", "city": "Vermilion", "zip": 44089.0, "url": "https://www.redfin.com/OH/Vermilion/1593-Vermilion-Rd-44089/home/75846393", "price": 289900.0, "pred_price": 283360.53, "excess_pct": 2.7, "rel_discount": 4.7, "local_mae_pct": 6.5, "pctile": 60.8, "beds": 3.0, "baths": 1.5, "sqft": 1104.0, "lot_sqft": 43560.0, "year_built": 1965.0, "ptype_cat": "single", "days_on_market": 1.0, "n_cuts": 0.0, "cum_cut_pct": 0.0, "days_to_pending": null, "ph_exposure": 0.0, "ph_dist_m": 8217.43, "d_fwy": 97.31, "d_art": 2254.75, "school_pi": 85.2, "crime_rate": null, "income": 69025.0, "model_mae_pct": 6.2, "segment": "ppsf:190-300,price:250000-600000", "asof": "2026-09-20 20:52"}, "geometry": {"type": "Point", "coordinates": [-82.326484, 41.404607]}}, {"type": "Feature", "properties": {"address": "839 Sheffield Rd", "city": "Sheffield Lake", "zip": 44054.0, "url": "https://www.redfin.com/OH/Sheffield-Lake/839-Sheffield-Rd-44054/home/66121688", "price": 290000.0, "pred_price": 266288.73, "excess_pct": 9.3, "rel_discount": 11.3, "local_mae_pct": 6.5, "pctile": 81.1, "beds": 3.0, "baths": 1.0, "sqft": 1120.0, "lot_sqft": 75794.0, "year_built": 1971.0, "ptype_cat": "single", "days_on_market": 22.0, "n_cuts": 0.0, "cum_cut_pct": 0.0, "days_to_pending": null, "ph_exposure": 0.0, "ph_dist_m": 2935.54, "d_fwy": 4818.82, "d_art": 709.98, "school_pi": 77.5, "crime_rate": 8.28, "income": 71870.0, "model_mae_pct": 6.2, "segment": "ppsf:190-300,price:250000-600000", "asof": "2026-09-20 20:52"}, "geometry": {"type": "Point", "coordinates": [-82.108927, 41.483823]}}, {"type": "Feature", "properties": {"address": "203 Annis Rd", "city": "South Amherst", "zip": 44001.0, "url": "https://www.redfin.com/OH/South-Amherst/203-Annis-Rd-44001/home/77210566", "price": 295000.0, "pred_price": 292004.86, "excess_pct": 1.4, "rel_discount": 3.4, "local_mae_pct": 7.39, "pctile": 57.2, "beds": 2.0, "baths": 1.0, "sqft": 1176.0, "lot_sqft": 304920.0, "year_built": 1900.0, "ptype_cat": "single", "days_on_market": 149.0, "n_cuts": 0.0, "cum_cut_pct": 0.0, "days_to_pending": null, "ph_exposure": 0.0, "ph_dist_m": 4794.35, "d_fwy": 2386.8, "d_art": 6887.37, "school_pi": 78.2, "crime_rate": null, "income": 93026.0, "model_mae_pct": 6.2, "segment": "ppsf:190-300,price:250000-600000", "asof": "2026-09-20 20:52"}, "geometry": {"type": "Point", "coordinates": [-82.2295, 41.355471]}}, {"type": "Feature", "properties": {"address": "870 Community Rd", "city": "Sheffield Lake", "zip": 44054.0, "url": "https://www.redfin.com/OH/Sheffield-Lake/870-Community-Rd-44054/home/178375811", "price": 299000.0, "pred_price": 328480.33, "excess_pct": -8.6, "rel_discount": -6.6, "local_mae_pct": 5.79, "pctile": 13.9, "beds": 3.0, "baths": 2.0, "sqft": 1518.0, "lot_sqft": 10890.0, "year_built": 2026.0, "ptype_cat": "single", "days_on_market": 73.0, "n_cuts": 0.0, "cum_cut_pct": 0.0, "days_to_pending": null, "ph_exposure": 0.0, "ph_dist_m": 2768.02, "d_fwy": 4863.48, "d_art": 747.38, "school_pi": 77.5, "crime_rate": 8.28, "income": 71870.0, "model_mae_pct": 6.2, "segment": "ppsf:190-300,price:250000-600000", "asof": "2026-09-20 20:52"}, "geometry": {"type": "Point", "coordinates": [-82.110632, 41.483021]}}, {"type": "Feature", "properties": {"address": "122 Haydens Arbor", "city": "Elyria", "zip": 44035.0, "url": "https://www.redfin.com/OH/Elyria/122-Haydens-Arbor-44035/home/75835828", "price": 309900.0, "pred_price": 295374.72, "excess_pct": 5.3, "rel_discount": 6.4, "local_mae_pct": 5.8, "pctile": 71.0, "beds": 3.0, "baths": 2.0, "sqft": 1438.0, "lot_sqft": 3920.0, "year_built": 2018.0, "ptype_cat": "single", "days_on_market": 9.0, "n_cuts": 1.0, "cum_cut_pct": -3.13, "days_to_pending": null, "ph_exposure": 0.01, "ph_dist_m": 1198.57, "d_fwy": 345.51, "d_art": 2012.28, "school_pi": 60.9, "crime_rate": 10.08, "income": 70536.0, "model_mae_pct": 6.2, "segment": "ppsf:190-300,price:250000-600000", "asof": "2026-09-20 20:52"}, "geometry": {"type": "Point", "coordinates": [-82.098193, 41.417493]}}, {"type": "Feature", "properties": {"address": "7404 Hidden Glen Dr", "city": "Amherst", "zip": 44001.0, "url": "https://www.redfin.com/OH/Amherst/7404-Hidden-Glen-Dr-44001/home/77211483", "price": 294000.0, "pred_price": 286288.73, "excess_pct": 3.1, "rel_discount": 5.1, "local_mae_pct": 5.15, "pctile": 61.9, "beds": 4.0, "baths": 2.0, "sqft": 1260.0, "lot_sqft": 12196.0, "year_built": 1994.0, "ptype_cat": "single", "days_on_market": 37.0, "n_cuts": 1.0, "cum_cut_pct": -1.67, "days_to_pending": null, "ph_exposure": 0.0, "ph_dist_m": 2729.75, "d_fwy": 1012.8, "d_art": 3062.77, "school_pi": 85.3, "crime_rate": null, "income": 110787.0, "model_mae_pct": 6.2, "segment": "ppsf:190-300,price:250000-600000", "asof": "2026-09-20 20:52"}, "geometry": {"type": "Point", "coordinates": [-82.196566, 41.393562]}}, {"type": "Feature", "properties": {"address": "866 Milan Ave", "city": "Amherst", "zip": 44001.0, "url": "https://www.redfin.com/OH/Amherst/866-Milan-Ave-44001/home/77208898", "price": 319000.0, "pred_price": 321916.46, "excess_pct": -0.5, "rel_discount": 0.5, "local_mae_pct": 7.39, "pctile": 47.8, "beds": 3.0, "baths": 1.5, "sqft": 1584.0, "lot_sqft": 19602.0, "year_built": 1900.0, "ptype_cat": "single", "days_on_market": 12.0, "n_cuts": 0.0, "cum_cut_pct": 0.0, "days_to_pending": null, "ph_exposure": 0.05, "ph_dist_m": 1079.29, "d_fwy": 1298.2, "d_art": 3492.08, "school_pi": 85.3, "crime_rate": 11.04, "income": 90729.0, "model_mae_pct": 6.2, "segment": "ppsf:190-300,price:250000-600000", "asof": "2026-09-20 20:52"}, "geometry": {"type": "Point", "coordinates": [-82.241413, 41.398335]}}, {"type": "Feature", "properties": {"address": "6195 Orchard Meadows Dr", "city": "Elyria", "zip": 44035.0, "url": "https://www.redfin.com/OH/Elyria/6195-Orchard-Meadow-Dr-44035/home/203218766", "price": 319990.0, "pred_price": 375612.87, "excess_pct": -14.4, "rel_discount": -13.4, "local_mae_pct": 5.8, "pctile": 3.3, "beds": 3.0, "baths": 2.0, "sqft": 1559.0, "lot_sqft": null, "year_built": 2026.0, "ptype_cat": "single", "days_on_market": 27.0, "n_cuts": 0.0, "cum_cut_pct": 0.0, "days_to_pending": null, "ph_exposure": 0.05, "ph_dist_m": 924.08, "d_fwy": 652.84, "d_art": 1062.74, "school_pi": 60.9, "crime_rate": null, "income": 58636.0, "model_mae_pct": 6.2, "segment": "ppsf:190-300,price:250000-600000", "asof": "2026-09-20 20:52"}, "geometry": {"type": "Point", "coordinates": [-82.15036, 41.413982]}}, {"type": "Feature", "properties": {"address": "168 Eagle Cir", "city": "Amherst", "zip": 44001.0, "url": "https://www.redfin.com/OH/Amherst/168-Eagle-Cir-44001/home/178389122", "price": 324900.0, "pred_price": 276572.42, "excess_pct": 17.9, "rel_discount": 19.0, "local_mae_pct": 5.79, "pctile": 93.2, "beds": 3.0, "baths": 2.0, "sqft": 1230.0, "lot_sqft": 6098.0, "year_built": 2023.0, "ptype_cat": "single", "days_on_market": 23.0, "n_cuts": 0.0, "cum_cut_pct": 0.0, "days_to_pending": null, "ph_exposure": 0.0, "ph_dist_m": 2184.44, "d_fwy": 201.04, "d_art": 2417.57, "school_pi": 80.7, "crime_rate": 30.48, "income": 118750.0, "model_mae_pct": 6.2, "segment": "ppsf:190-300,price:250000-600000", "asof": "2026-09-20 20:52"}, "geometry": {"type": "Point", "coordinates": [-82.246666, 41.412794]}}, {"type": "Feature", "properties": {"address": "4201 Brooks Ct", "city": "Lorain", "zip": 44053.0, "url": "https://www.redfin.com/OH/Lorain/4201-Brooks-Ct-44053/home/66200693", "price": 324900.0, "pred_price": 329850.59, "excess_pct": -1.1, "rel_discount": -0.1, "local_mae_pct": 5.15, "pctile": 43.5, "beds": 3.0, "baths": 2.0, "sqft": 1645.0, "lot_sqft": 5662.0, "year_built": 2004.0, "ptype_cat": "single", "days_on_market": 5.0, "n_cuts": 0.0, "cum_cut_pct": 0.0, "days_to_pending": null, "ph_exposure": 0.02, "ph_dist_m": 1119.55, "d_fwy": 1655.28, "d_art": 1804.44, "school_pi": 48.3, "crime_rate": 30.48, "income": 83571.0, "model_mae_pct": 6.2, "segment": "ppsf:190-300,price:250000-600000", "asof": "2026-09-20 20:52"}, "geometry": {"type": "Point", "coordinates": [-82.222439, 41.427874]}}, {"type": "Feature", "properties": {"address": "950 Park Ave", "city": "Amherst", "zip": 44001.0, "url": "https://www.redfin.com/OH/Amherst/950-Park-Ave-44001/home/77210751", "price": 325000.0, "pred_price": 336883.87, "excess_pct": -3.1, "rel_discount": -2.0, "local_mae_pct": 7.39, "pctile": 33.6, "beds": 3.0, "baths": 2.5, "sqft": 1692.0, "lot_sqft": 15245.0, "year_built": 1900.0, "ptype_cat": "single", "days_on_market": 94.0, "n_cuts": 0.0, "cum_cut_pct": 0.0, "days_to_pending": null, "ph_exposure": 0.05, "ph_dist_m": 1146.85, "d_fwy": 1700.2, "d_art": 4184.51, "school_pi": 85.3, "crime_rate": 11.04, "income": 73750.0, "model_mae_pct": 6.2, "segment": "ppsf:190-300,price:250000-600000", "asof": "2026-09-20 20:52"}, "geometry": {"type": "Point", "coordinates": [-82.214817, 41.398021]}}, {"type": "Feature", "properties": {"address": "8020 Oak Tree Dr N", "city": "Lorain", "zip": 44053.0, "url": "https://www.redfin.com/OH/Lorain/8020-Oak-Tree-Dr-N-44053/home/75844619", "price": 339900.0, "pred_price": 347112.64, "excess_pct": -1.7, "rel_discount": -0.7, "local_mae_pct": 5.15, "pctile": 40.3, "beds": 3.0, "baths": 2.5, "sqft": 1590.0, "lot_sqft": 10454.0, "year_built": 2001.0, "ptype_cat": "single", "days_on_market": 46.0, "n_cuts": 2.0, "cum_cut_pct": -1.48, "days_to_pending": null, "ph_exposure": 0.0, "ph_dist_m": 2643.66, "d_fwy": 1455.48, "d_art": 1166.22, "school_pi": 80.7, "crime_rate": 30.48, "income": 118750.0, "model_mae_pct": 6.2, "segment": "ppsf:190-300,price:250000-600000", "asof": "2026-09-20 20:52"}, "geometry": {"type": "Point", "coordinates": [-82.250041, 41.423856]}}, {"type": "Feature", "properties": {"address": "302 Ridgewater Dr", "city": "Elyria", "zip": 44035.0, "url": "https://www.redfin.com/OH/Elyria/302-Ridgewater-Dr-44035/home/189635533", "price": 359900.0, "pred_price": 291158.72, "excess_pct": 24.0, "rel_discount": 25.9, "local_mae_pct": 5.8, "pctile": 97.6, "beds": 3.0, "baths": 2.0, "sqft": 1368.0, "lot_sqft": 8738.0, "year_built": 2024.0, "ptype_cat": "single", "days_on_market": 46.0, "n_cuts": 0.0, "cum_cut_pct": 0.0, "days_to_pending": null, "ph_exposure": 0.05, "ph_dist_m": 1098.14, "d_fwy": 1597.94, "d_art": 4061.96, "school_pi": 60.9, "crime_rate": 10.08, "income": 59000.0, "model_mae_pct": 6.2, "segment": "ppsf:190-300,price:250000-600000", "asof": "2026-09-20 20:52"}, "geometry": {"type": "Point", "coordinates": [-82.163575, 41.373072]}}, {"type": "Feature", "properties": {"address": "119 Riverfield Run", "city": "Elyria", "zip": 44035.0, "url": "https://www.redfin.com/OH/Elyria/119-Riverfield-Run-44035/home/204680605", "price": 437990.0, "pred_price": 461561.51, "excess_pct": -4.7, "rel_discount": -8.8, "local_mae_pct": 5.8, "pctile": 28.5, "beds": 3.0, "baths": 3.0, "sqft": 2250.0, "lot_sqft": null, "year_built": 2026.0, "ptype_cat": "single", "days_on_market": 30.0, "n_cuts": 0.0, "cum_cut_pct": 0.69, "days_to_pending": null, "ph_exposure": 0.17, "ph_dist_m": 1467.36, "d_fwy": 2910.4, "d_art": 2435.24, "school_pi": 60.9, "crime_rate": 10.08, "income": null, "model_mae_pct": 6.2, "segment": "ppsf:190-300,price:250000-600000", "asof": "2026-09-20 20:52"}, "geometry": {"type": "Point", "coordinates": [-82.133064, 41.364906]}}, {"type": "Feature", "properties": {"address": "1074 Wayne Trl", "city": "Vermilion", "zip": 44089.0, "url": "https://www.redfin.com/OH/Vermilion/1074-Wayne-Trl-44089/home/107594823", "price": 434900.0, "pred_price": 480240.2, "excess_pct": -9.0, "rel_discount": -13.0, "local_mae_pct": 5.79, "pctile": 12.6, "beds": 4.0, "baths": 2.5, "sqft": 2170.0, "lot_sqft": 13939.0, "year_built": 2022.0, "ptype_cat": "single", "days_on_market": 28.0, "n_cuts": 2.0, "cum_cut_pct": -1.14, "days_to_pending": null, "ph_exposure": 0.0, "ph_dist_m": 9594.85, "d_fwy": 1266.1, "d_art": 1041.33, "school_pi": 85.2, "crime_rate": null, "income": 69025.0, "model_mae_pct": 6.2, "segment": "ppsf:190-300,price:250000-600000", "asof": "2026-09-20 20:52"}, "geometry": {"type": "Point", "coordinates": [-82.341064, 41.41558]}}, {"type": "Feature", "properties": {"address": "2430 Merriment Dr", "city": "Elyria", "zip": 44035.0, "url": "https://www.redfin.com/OH/Elyria/2430-Merriment-Dr-44035/home/201543905", "price": 399990.0, "pred_price": 453193.67, "excess_pct": -11.3, "rel_discount": -9.4, "local_mae_pct": 5.8, "pctile": 7.0, "beds": 2.0, "baths": 2.0, "sqft": 1778.0, "lot_sqft": null, "year_built": 2026.0, "ptype_cat": "single", "days_on_market": 150.0, "n_cuts": 2.0, "cum_cut_pct": -2.44, "days_to_pending": null, "ph_exposure": 0.0, "ph_dist_m": 3243.72, "d_fwy": 336.35, "d_art": 4490.83, "school_pi": 78.2, "crime_rate": null, "income": 70125.0, "model_mae_pct": 6.2, "segment": "ppsf:190-300,price:250000-600000", "asof": "2026-09-20 20:52"}, "geometry": {"type": "Point", "coordinates": [-82.200484, 41.378445]}}, {"type": "Feature", "properties": {"address": "2456 Merriment Dr", "city": "Elyria", "zip": 44035.0, "url": "https://www.redfin.com/OH/Elyria/2456-Merriment-Dr-44035/home/202232719", "price": 449990.0, "pred_price": 453193.67, "excess_pct": -0.3, "rel_discount": -4.4, "local_mae_pct": 5.8, "pctile": 49.1, "beds": 2.0, "baths": 2.0, "sqft": 1778.0, "lot_sqft": null, "year_built": 2026.0, "ptype_cat": "single", "days_on_market": 100.0, "n_cuts": 1.0, "cum_cut_pct": -1.1, "days_to_pending": null, "ph_exposure": 0.0, "ph_dist_m": 3243.72, "d_fwy": 336.35, "d_art": 4490.83, "school_pi": 78.2, "crime_rate": null, "income": 70125.0, "model_mae_pct": 6.2, "segment": "ppsf:190-300,price:250000-600000", "asof": "2026-09-20 20:52"}, "geometry": {"type": "Point", "coordinates": [-82.200484, 41.378445]}}, {"type": "Feature", "properties": {"address": "1200 Cherokee Path", "city": "Vermilion", "zip": 44089.0, "url": "https://www.redfin.com/OH/Vermilion/1200-Cherokee-Path-44089/home/66197151", "price": 495000.0, "pred_price": 505935.87, "excess_pct": -1.8, "rel_discount": -7.6, "local_mae_pct": 5.15, "pctile": 39.5, "beds": 4.0, "baths": 2.5, "sqft": 2467.0, "lot_sqft": 13068.0, "year_built": 2004.0, "ptype_cat": "single", "days_on_market": 48.0, "n_cuts": 1.0, "cum_cut_pct": -2.94, "days_to_pending": null, "ph_exposure": 0.0, "ph_dist_m": 9238.53, "d_fwy": 978.7, "d_art": 1276.16, "school_pi": 85.2, "crime_rate": null, "income": 69025.0, "model_mae_pct": 6.2, "segment": "ppsf:190-300,price:250000-600000", "asof": "2026-09-20 20:52"}, "geometry": {"type": "Point", "coordinates": [-82.337258, 41.413467]}}, {"type": "Feature", "properties": {"address": "2460 Merriment Dr", "city": "Elyria", "zip": 44035.0, "url": "https://www.redfin.com/OH/Elyria/2460-Merriment-Dr-44035/home/202753289", "price": 474990.0, "pred_price": 479042.74, "excess_pct": -0.4, "rel_discount": -4.4, "local_mae_pct": 5.8, "pctile": 48.5, "beds": 3.0, "baths": 2.0, "sqft": 1907.0, "lot_sqft": null, "year_built": 2026.0, "ptype_cat": "single", "days_on_market": 71.0, "n_cuts": 0.0, "cum_cut_pct": 0.0, "days_to_pending": null, "ph_exposure": 0.0, "ph_dist_m": 3243.72, "d_fwy": 336.35, "d_art": 4490.83, "school_pi": 78.2, "crime_rate": null, "income": 70125.0, "model_mae_pct": 6.2, "segment": "ppsf:190-300,price:250000-600000", "asof": "2026-09-20 20:52"}, "geometry": {"type": "Point", "coordinates": [-82.200484, 41.378445]}}, {"type": "Feature", "properties": {"address": "2466 Merriment Dr", "city": "Elyria", "zip": 44035.0, "url": "https://www.redfin.com/OH/Elyria/2466-Merriment-Dr-44035/home/204713922", "price": 449990.0, "pred_price": 432571.46, "excess_pct": 4.4, "rel_discount": 0.3, "local_mae_pct": 5.8, "pctile": 67.8, "beds": 2.0, "baths": 2.0, "sqft": 1678.0, "lot_sqft": null, "year_built": 2026.0, "ptype_cat": "single", "days_on_market": 29.0, "n_cuts": 1.0, "cum_cut_pct": -0.68, "days_to_pending": null, "ph_exposure": 0.0, "ph_dist_m": 3243.72, "d_fwy": 336.35, "d_art": 4490.83, "school_pi": 78.2, "crime_rate": null, "income": 70125.0, "model_mae_pct": 6.2, "segment": "ppsf:190-300,price:250000-600000", "asof": "2026-09-20 20:52"}, "geometry": {"type": "Point", "coordinates": [-82.200484, 41.378445]}}, {"type": "Feature", "properties": {"address": "916 Milan Ave", "city": "Amherst", "zip": 44001.0, "url": "https://www.redfin.com/OH/Amherst/916-Milan-Ave-44001/home/77208905", "price": 450000.0, "pred_price": 490578.97, "excess_pct": -7.9, "rel_discount": -12.0, "local_mae_pct": 6.6, "pctile": 16.6, "beds": 4.0, "baths": 3.5, "sqft": 2318.0, "lot_sqft": 104544.0, "year_built": 1948.0, "ptype_cat": "single", "days_on_market": 3.0, "n_cuts": 0.0, "cum_cut_pct": 0.0, "days_to_pending": null, "ph_exposure": 0.05, "ph_dist_m": 1125.0, "d_fwy": 1309.66, "d_art": 3447.77, "school_pi": 85.3, "crime_rate": 11.04, "income": 90729.0, "model_mae_pct": 6.2, "segment": "ppsf:190-300,price:250000-600000", "asof": "2026-09-20 20:52"}, "geometry": {"type": "Point", "coordinates": [-82.241958, 41.398288]}}, {"type": "Feature", "properties": {"address": "2448 Merriment Dr", "city": "Elyria", "zip": 44035.0, "url": "https://www.redfin.com/OH/Elyria/2448-Merriment-Dr-44035/home/201865001", "price": 454990.0, "pred_price": 453193.67, "excess_pct": 0.8, "rel_discount": -3.3, "local_mae_pct": 5.8, "pctile": 54.2, "beds": 2.0, "baths": 2.0, "sqft": 1778.0, "lot_sqft": null, "year_built": 2026.0, "ptype_cat": "single", "days_on_market": 127.0, "n_cuts": 0.0, "cum_cut_pct": 0.0, "days_to_pending": null, "ph_exposure": 0.0, "ph_dist_m": 3243.72, "d_fwy": 336.35, "d_art": 4490.83, "school_pi": 78.2, "crime_rate": null, "income": 70125.0, "model_mae_pct": 6.2, "segment": "ppsf:190-300,price:250000-600000", "asof": "2026-09-20 20:52"}, "geometry": {"type": "Point", "coordinates": [-82.200484, 41.378445]}}, {"type": "Feature", "properties": {"address": "2462 Merriment Dr", "city": "Elyria", "zip": 44035.0, "url": "https://www.redfin.com/OH/Elyria/2462-Merriment-Dr-44035/home/204551438", "price": 459990.0, "pred_price": 432571.46, "excess_pct": 6.7, "rel_discount": 2.6, "local_mae_pct": 5.8, "pctile": 75.8, "beds": 2.0, "baths": 2.0, "sqft": 1678.0, "lot_sqft": null, "year_built": 2026.0, "ptype_cat": "single", "days_on_market": 39.0, "n_cuts": 0.0, "cum_cut_pct": 0.0, "days_to_pending": null, "ph_exposure": 0.0, "ph_dist_m": 3243.72, "d_fwy": 336.35, "d_art": 4490.83, "school_pi": 78.2, "crime_rate": null, "income": 70125.0, "model_mae_pct": 6.2, "segment": "ppsf:190-300,price:250000-600000", "asof": "2026-09-20 20:52"}, "geometry": {"type": "Point", "coordinates": [-82.200484, 41.378445]}}, {"type": "Feature", "properties": {"address": "2446 Merriment Dr", "city": "Elyria", "zip": 44035.0, "url": "https://www.redfin.com/OH/Elyria/2446-Merriment-Dr-44035/home/201864988", "price": 464990.0, "pred_price": 453193.67, "excess_pct": 3.0, "rel_discount": -1.1, "local_mae_pct": 5.8, "pctile": 61.7, "beds": 2.0, "baths": 2.0, "sqft": 1778.0, "lot_sqft": null, "year_built": 2026.0, "ptype_cat": "single", "days_on_market": 127.0, "n_cuts": 0.0, "cum_cut_pct": 0.0, "days_to_pending": null, "ph_exposure": 0.0, "ph_dist_m": 3243.72, "d_fwy": 336.35, "d_art": 4490.83, "school_pi": 78.2, "crime_rate": null, "income": 70125.0, "model_mae_pct": 6.2, "segment": "ppsf:190-300,price:250000-600000", "asof": "2026-09-20 20:52"}, "geometry": {"type": "Point", "coordinates": [-82.200484, 41.378445]}}, {"type": "Feature", "properties": {"address": "108 Riverfield Run", "city": "Elyria", "zip": 44035.0, "url": "https://www.redfin.com/OH/Elyria/108-Riverfield-Run-44035/home/204680610", "price": 467990.0, "pred_price": 460790.53, "excess_pct": 2.0, "rel_discount": -2.1, "local_mae_pct": 5.8, "pctile": 58.6, "beds": 3.0, "baths": 2.5, "sqft": 2248.0, "lot_sqft": null, "year_built": 2026.0, "ptype_cat": "single", "days_on_market": 30.0, "n_cuts": 0.0, "cum_cut_pct": 0.65, "days_to_pending": null, "ph_exposure": 0.17, "ph_dist_m": 1467.36, "d_fwy": 2910.4, "d_art": 2435.24, "school_pi": 60.9, "crime_rate": 10.08, "income": null, "model_mae_pct": 6.2, "segment": "ppsf:190-300,price:250000-600000", "asof": "2026-09-20 20:52"}, "geometry": {"type": "Point", "coordinates": [-82.133064, 41.364906]}}, {"type": "Feature", "properties": {"address": "44123 Albrecht Rd", "city": "Elyria", "zip": 44035.0, "url": "https://www.redfin.com/OH/Elyria/44123-Albrecht-Rd-44035/home/66147520", "price": 475000.0, "pred_price": 464996.8, "excess_pct": 2.6, "rel_discount": -1.5, "local_mae_pct": 5.16, "pctile": 60.4, "beds": 3.0, "baths": 2.0, "sqft": 1860.0, "lot_sqft": 174240.0, "year_built": 1992.0, "ptype_cat": "single", "days_on_market": 18.0, "n_cuts": 0.0, "cum_cut_pct": 0.0, "days_to_pending": null, "ph_exposure": 0.0, "ph_dist_m": 2032.47, "d_fwy": 3691.09, "d_art": 6126.57, "school_pi": 78.2, "crime_rate": null, "income": 70125.0, "model_mae_pct": 6.2, "segment": "ppsf:190-300,price:250000-600000", "asof": "2026-09-20 20:52"}, "geometry": {"type": "Point", "coordinates": [-82.177415, 41.352073]}}, {"type": "Feature", "properties": {"address": "697 Cherry Valley Dr", "city": "Amherst", "zip": 44001.0, "url": "https://www.redfin.com/OH/Amherst/697-Cherry-Valley-Dr-44001/home/75830622", "price": 479000.0, "pred_price": 436205.74, "excess_pct": 10.2, "rel_discount": 6.2, "local_mae_pct": 5.15, "pctile": 83.1, "beds": 3.0, "baths": 3.0, "sqft": 2174.0, "lot_sqft": 14374.0, "year_built": 1989.0, "ptype_cat": "single", "days_on_market": 20.0, "n_cuts": 0.0, "cum_cut_pct": 0.0, "days_to_pending": null, "ph_exposure": 0.01, "ph_dist_m": 1858.38, "d_fwy": 250.73, "d_art": 3750.75, "school_pi": 85.3, "crime_rate": 11.04, "income": 81429.0, "model_mae_pct": 6.2, "segment": "ppsf:190-300,price:250000-600000", "asof": "2026-09-20 20:52"}, "geometry": {"type": "Point", "coordinates": [-82.21388, 41.411247]}}, {"type": "Feature", "properties": {"address": "2468 Merriment Dr", "city": "Elyria", "zip": 44035.0, "url": "https://www.redfin.com/OH/Elyria/2468-Merriment-Dr-44035/home/205549770", "price": 484990.0, "pred_price": 453193.67, "excess_pct": 7.4, "rel_discount": 3.4, "local_mae_pct": 5.8, "pctile": 77.9, "beds": 2.0, "baths": 2.0, "sqft": 1778.0, "lot_sqft": null, "year_built": 2026.0, "ptype_cat": "single", "days_on_market": 5.0, "n_cuts": 0.0, "cum_cut_pct": 0.0, "days_to_pending": null, "ph_exposure": 0.0, "ph_dist_m": 3243.72, "d_fwy": 336.35, "d_art": 4490.83, "school_pi": 78.2, "crime_rate": null, "income": 70125.0, "model_mae_pct": 6.2, "segment": "ppsf:190-300,price:250000-600000", "asof": "2026-09-20 20:52"}, "geometry": {"type": "Point", "coordinates": [-82.200484, 41.378445]}}, {"type": "Feature", "properties": {"address": "2452 Merriment Dr", "city": "Elyria", "zip": 44035.0, "url": "https://www.redfin.com/OH/Elyria/2452-Merriment-Dr-44035/home/202371877", "price": 484990.0, "pred_price": 489224.68, "excess_pct": -0.5, "rel_discount": -4.6, "local_mae_pct": 5.8, "pctile": 47.8, "beds": 3.0, "baths": 2.0, "sqft": 1925.0, "lot_sqft": null, "year_built": 2026.0, "ptype_cat": "single", "days_on_market": 87.0, "n_cuts": 1.0, "cum_cut_pct": -1.02, "days_to_pending": null, "ph_exposure": 0.0, "ph_dist_m": 3243.72, "d_fwy": 336.35, "d_art": 4490.83, "school_pi": 78.2, "crime_rate": null, "income": 70125.0, "model_mae_pct": 6.2, "segment": "ppsf:190-300,price:250000-600000", "asof": "2026-09-20 20:52"}, "geometry": {"type": "Point", "coordinates": [-82.200484, 41.378445]}}, {"type": "Feature", "properties": {"address": "52101 N Ridge Rd", "city": "Vermilion", "zip": 44089.0, "url": "https://www.redfin.com/OH/Vermilion/52101-N-Ridge-Rd-44089/home/194735215", "price": 488000.0, "pred_price": 518328.31, "excess_pct": -5.5, "rel_discount": -9.6, "local_mae_pct": 5.79, "pctile": 24.5, "beds": 3.0, "baths": 2.0, "sqft": 1810.0, "lot_sqft": 71874.0, "year_built": 2026.0, "ptype_cat": "single", "days_on_market": 30.0, "n_cuts": 0.0, "cum_cut_pct": 0.0, "days_to_pending": null, "ph_exposure": 0.0, "ph_dist_m": 9159.82, "d_fwy": 3069.68, "d_art": 5294.26, "school_pi": 85.2, "crime_rate": null, "income": 118375.0, "model_mae_pct": 6.2, "segment": "ppsf:190-300,price:250000-600000", "asof": "2026-09-20 20:52"}, "geometry": {"type": "Point", "coordinates": [-82.332868, 41.373571]}}, {"type": "Feature", "properties": {"address": "6100 James Dr", "city": "Lorain", "zip": 44053.0, "url": "https://www.redfin.com/OH/Lorain/6100-James-Dr-44053/home/178375479", "price": 471000.0, "pred_price": 479749.08, "excess_pct": -1.4, "rel_discount": -5.4, "local_mae_pct": 5.79, "pctile": 42.2, "beds": 3.0, "baths": 2.5, "sqft": 2456.0, "lot_sqft": 6969.0, "year_built": 2021.0, "ptype_cat": "single", "days_on_market": 14.0, "n_cuts": 0.0, "cum_cut_pct": 0.0, "days_to_pending": null, "ph_exposure": 0.0, "ph_dist_m": 2454.38, "d_fwy": 836.36, "d_art": 1982.37, "school_pi": 80.7, "crime_rate": 30.48, "income": 118750.0, "model_mae_pct": 6.2, "segment": "ppsf:190-300,price:250000-600000", "asof": "2026-09-20 20:52"}, "geometry": {"type": "Point", "coordinates": [-82.23906, 41.419274]}}, {"type": "Feature", "properties": {"address": "2458 Merriment Dr", "city": "Elyria", "zip": 44035.0, "url": "https://www.redfin.com/OH/Elyria/2458-Merriment-Dr-44035/home/202753301", "price": 429990.0, "pred_price": 432571.46, "excess_pct": -0.2, "rel_discount": -4.2, "local_mae_pct": 5.8, "pctile": 49.6, "beds": 2.0, "baths": 2.0, "sqft": 1678.0, "lot_sqft": null, "year_built": 2026.0, "ptype_cat": "single", "days_on_market": 71.0, "n_cuts": 0.0, "cum_cut_pct": 0.0, "days_to_pending": null, "ph_exposure": 0.0, "ph_dist_m": 3243.72, "d_fwy": 336.35, "d_art": 4490.83, "school_pi": 78.2, "crime_rate": null, "income": 70125.0, "model_mae_pct": 6.2, "segment": "ppsf:190-300,price:250000-600000", "asof": "2026-09-20 20:52"}, "geometry": {"type": "Point", "coordinates": [-82.200484, 41.378445]}}, {"type": "Feature", "properties": {"address": "48600 Middle Ridge Rd", "city": "Amherst", "zip": 44001.0, "url": "https://www.redfin.com/OH/Amherst/48600-Middle-Ridge-Rd-44001/home/174847921", "price": 510000.0, "pred_price": 501336.79, "excess_pct": 2.1, "rel_discount": -3.6, "local_mae_pct": 5.79, "pctile": 59.0, "beds": 3.0, "baths": 2.5, "sqft": 2375.0, "lot_sqft": 77536.0, "year_built": 2021.0, "ptype_cat": "single", "days_on_market": 68.0, "n_cuts": 1.0, "cum_cut_pct": -1.92, "days_to_pending": null, "ph_exposure": 0.0, "ph_dist_m": 4003.08, "d_fwy": 320.81, "d_art": 3158.0, "school_pi": 85.2, "crime_rate": null, "income": 63500.0, "model_mae_pct": 6.2, "segment": "ppsf:190-300,price:250000-600000", "asof": "2026-09-20 20:52"}, "geometry": {"type": "Point", "coordinates": [-82.266793, 41.376997]}}, {"type": "Feature", "properties": {"address": "2440 Merriment Dr", "city": "Elyria", "zip": 44035.0, "url": "https://www.redfin.com/OH/Elyria/2440-Merriment-Dr-44035/home/205272524", "price": 515000.0, "pred_price": 443578.5, "excess_pct": 16.5, "rel_discount": 10.8, "local_mae_pct": 5.8, "pctile": 91.7, "beds": 3.0, "baths": 3.0, "sqft": 1871.0, "lot_sqft": 6747.0, "year_built": 2026.0, "ptype_cat": "single", "days_on_market": 20.0, "n_cuts": 1.0, "cum_cut_pct": -1.9, "days_to_pending": null, "ph_exposure": 0.0, "ph_dist_m": 3243.72, "d_fwy": 336.35, "d_art": 4490.83, "school_pi": 78.2, "crime_rate": null, "income": 70125.0, "model_mae_pct": 6.2, "segment": "ppsf:190-300,price:250000-600000", "asof": "2026-09-20 20:52"}, "geometry": {"type": "Point", "coordinates": [-82.200484, 41.378445]}}, {"type": "Feature", "properties": {"address": "679 S Lake St", "city": "South Amherst", "zip": 44001.0, "url": "https://www.redfin.com/OH/South-Amherst/679-S-Lake-St-44001/home/75825302", "price": 524900.0, "pred_price": 530865.37, "excess_pct": -0.7, "rel_discount": -6.4, "local_mae_pct": 6.5, "pctile": 46.4, "beds": 4.0, "baths": 2.5, "sqft": 2568.0, "lot_sqft": 161607.0, "year_built": 1978.0, "ptype_cat": "single", "days_on_market": 37.0, "n_cuts": 0.0, "cum_cut_pct": 0.0, "days_to_pending": null, "ph_exposure": 0.02, "ph_dist_m": 1619.19, "d_fwy": 1127.16, "d_art": 3883.46, "school_pi": 85.3, "crime_rate": 11.04, "income": 90729.0, "model_mae_pct": 6.2, "segment": "ppsf:190-300,price:250000-600000", "asof": "2026-09-20 20:52"}, "geometry": {"type": "Point", "coordinates": [-82.241004, 41.387503]}}, {"type": "Feature", "properties": {"address": "2474 Merriment Dr", "city": "Elyria", "zip": 44035.0, "url": "https://www.redfin.com/OH/Elyria/2474-Merriment-Dr-44035/home/204551441", "price": 499990.0, "pred_price": 486306.85, "excess_pct": 3.2, "rel_discount": -2.6, "local_mae_pct": 5.8, "pctile": 62.3, "beds": 2.0, "baths": 2.0, "sqft": 2147.0, "lot_sqft": null, "year_built": 2026.0, "ptype_cat": "single", "days_on_market": 39.0, "n_cuts": 0.0, "cum_cut_pct": 0.0, "days_to_pending": null, "ph_exposure": 0.0, "ph_dist_m": 3243.72, "d_fwy": 336.35, "d_art": 4490.83, "school_pi": 78.2, "crime_rate": null, "income": 70125.0, "model_mae_pct": 6.2, "segment": "ppsf:190-300,price:250000-600000", "asof": "2026-09-20 20:52"}, "geometry": {"type": "Point", "coordinates": [-82.200484, 41.378445]}}, {"type": "Feature", "properties": {"address": "4872 Leavitt Rd", "city": "Lorain", "zip": 44053.0, "url": "https://www.redfin.com/OH/Lorain/4872-Leavitt-Rd-44053/home/77189815", "price": 500000.0, "pred_price": 404963.08, "excess_pct": 23.9, "rel_discount": 18.2, "local_mae_pct": 6.6, "pctile": 97.4, "beds": 5.0, "baths": 3.0, "sqft": 1837.0, "lot_sqft": 37026.0, "year_built": 1948.0, "ptype_cat": "single", "days_on_market": 852.0, "n_cuts": 0.0, "cum_cut_pct": 0.0, "days_to_pending": null, "ph_exposure": 0.02, "ph_dist_m": 1171.26, "d_fwy": 1109.56, "d_art": 2732.49, "school_pi": 48.3, "crime_rate": 30.48, "income": 83571.0, "model_mae_pct": 6.2, "segment": "ppsf:190-300,price:250000-600000", "asof": "2026-09-20 20:52"}, "geometry": {"type": "Point", "coordinates": [-82.207713, 41.424926]}}, {"type": "Feature", "properties": {"address": "8716 Hadden Rd", "city": "Twinsburg", "zip": 44087.0, "url": "https://www.redfin.com/OH/Twinsburg/8716-Hadden-Rd-44087/home/66401505", "price": 265000.0, "pred_price": 265261.63, "excess_pct": 0.3, "rel_discount": 3.4, "local_mae_pct": 6.6, "pctile": 51.6, "beds": 3.0, "baths": 1.0, "sqft": 1272.0, "lot_sqft": 7200.0, "year_built": 1927.0, "ptype_cat": "single", "days_on_market": 37.0, "n_cuts": 0.0, "cum_cut_pct": 0.0, "days_to_pending": null, "ph_exposure": 0.31, "ph_dist_m": 277.1, "d_fwy": 550.62, "d_art": 1274.35, "school_pi": 88.3, "crime_rate": null, "income": null, "model_mae_pct": 6.2, "segment": "ppsf:190-300,price:250000-600000", "asof": "2026-09-20 20:52"}, "geometry": {"type": "Point", "coordinates": [-81.455514, 41.306418]}}, {"type": "Feature", "properties": {"address": "1927 Case St", "city": "Twinsburg", "zip": 44087.0, "url": "https://www.redfin.com/OH/Twinsburg/1927-Case-St-44087/home/66117987", "price": 269900.0, "pred_price": 272528.47, "excess_pct": -0.6, "rel_discount": 2.6, "local_mae_pct": 6.5, "pctile": 47.1, "beds": 3.0, "baths": 1.5, "sqft": 1028.0, "lot_sqft": 5749.0, "year_built": 1980.0, "ptype_cat": "single", "days_on_market": 31.0, "n_cuts": 1.0, "cum_cut_pct": -2.53, "days_to_pending": null, "ph_exposure": 0.23, "ph_dist_m": 563.65, "d_fwy": 1067.04, "d_art": 1743.59, "school_pi": 88.3, "crime_rate": null, "income": null, "model_mae_pct": 6.2, "segment": "ppsf:190-300,price:250000-600000", "asof": "2026-09-20 20:52"}, "geometry": {"type": "Point", "coordinates": [-81.461127, 41.303983]}}, {"type": "Feature", "properties": {"address": "2540 Ashdale Dr", "city": "Twinsburg", "zip": 44087.0, "url": "https://www.redfin.com/OH/Twinsburg/2540-Ashdale-Dr-44087/home/79836295", "price": 314500.0, "pred_price": 276832.09, "excess_pct": 14.0, "rel_discount": null, "local_mae_pct": 6.5, "pctile": 87.9, "beds": 3.0, "baths": 1.5, "sqft": 1108.0, "lot_sqft": 12763.0, "year_built": 1974.0, "ptype_cat": "single", "days_on_market": 5.0, "n_cuts": 0.0, "cum_cut_pct": 0.0, "days_to_pending": null, "ph_exposure": 0.3, "ph_dist_m": 572.48, "d_fwy": 441.08, "d_art": 540.18, "school_pi": 88.3, "crime_rate": 8.38, "income": 100813.0, "model_mae_pct": 6.2, "segment": "ppsf:190-300,price:250000-600000", "asof": "2026-09-20 20:52"}, "geometry": {"type": "Point", "coordinates": [-81.446678, 41.315155]}}, {"type": "Feature", "properties": {"address": "10095 Regatta Trl", "city": "Aurora", "zip": 44202.0, "url": "https://www.redfin.com/OH/Aurora/10095-Regatta-Trl-44202/home/66274965", "price": 449900.0, "pred_price": 380933.41, "excess_pct": 18.5, "rel_discount": 16.0, "local_mae_pct": 6.5, "pctile": 94.4, "beds": 4.0, "baths": 2.5, "sqft": 1798.0, "lot_sqft": 15899.0, "year_built": 1975.0, "ptype_cat": "single", "days_on_market": 14.0, "n_cuts": 0.0, "cum_cut_pct": 0.0, "days_to_pending": null, "ph_exposure": 0.0, "ph_dist_m": 3992.08, "d_fwy": 4438.81, "d_art": 2316.85, "school_pi": 88.3, "crime_rate": 4.13, "income": 106905.0, "model_mae_pct": 6.2, "segment": "ppsf:190-300,price:250000-600000", "asof": "2026-09-20 20:52"}, "geometry": {"type": "Point", "coordinates": [-81.397913, 41.333194]}}, {"type": "Feature", "properties": {"address": "3854 Surfside Cir", "city": "Aurora", "zip": 44202.0, "url": "https://www.redfin.com/OH/Aurora/3854-Surfside-Cir-44202/home/66354092", "price": 399900.0, "pred_price": 404790.31, "excess_pct": -0.8, "rel_discount": -2.9, "local_mae_pct": 6.5, "pctile": 45.7, "beds": 4.0, "baths": 2.0, "sqft": 1944.0, "lot_sqft": 16957.0, "year_built": 1977.0, "ptype_cat": "single", "days_on_market": 80.0, "n_cuts": 1.0, "cum_cut_pct": -4.56, "days_to_pending": null, "ph_exposure": 0.0, "ph_dist_m": 4273.15, "d_fwy": 4563.01, "d_art": 2226.04, "school_pi": 88.3, "crime_rate": 4.13, "income": 106905.0, "model_mae_pct": 6.2, "segment": "ppsf:190-300,price:250000-600000", "asof": "2026-09-20 20:52"}, "geometry": {"type": "Point", "coordinates": [-81.392981, 41.331276]}}, {"type": "Feature", "properties": {"address": "3025 Merino Ln", "city": "Twinsburg", "zip": 44087.0, "url": "https://www.redfin.com/OH/Twinsburg/3025-Merino-Ln-44087/home/66493836", "price": 419000.0, "pred_price": 421019.79, "excess_pct": -0.1, "rel_discount": -2.2, "local_mae_pct": 5.15, "pctile": 49.9, "beds": 3.0, "baths": 2.5, "sqft": 1872.0, "lot_sqft": 20961.0, "year_built": 1994.0, "ptype_cat": "single", "days_on_market": 3.0, "n_cuts": 0.0, "cum_cut_pct": 0.0, "days_to_pending": null, "ph_exposure": 0.0, "ph_dist_m": 2290.73, "d_fwy": 3166.28, "d_art": 1510.17, "school_pi": 88.3, "crime_rate": 8.38, "income": 202500.0, "model_mae_pct": 6.2, "segment": "ppsf:190-300,price:250000-600000", "asof": "2026-09-20 20:52"}, "geometry": {"type": "Point", "coordinates": [-81.422711, 41.332264]}}, {"type": "Feature", "properties": {"address": "10523 Herrington Dr", "city": "Aurora", "zip": 44202.0, "url": "https://www.redfin.com/OH/Aurora/10523-Herrington-Dr-44202/home/100627527", "price": 429900.0, "pred_price": 433997.9, "excess_pct": -0.5, "rel_discount": -3.0, "local_mae_pct": 5.15, "pctile": 47.8, "beds": 3.0, "baths": 3.5, "sqft": 1752.0, "lot_sqft": 7309.0, "year_built": 2009.0, "ptype_cat": "single", "days_on_market": 92.0, "n_cuts": 0.0, "cum_cut_pct": 0.0, "days_to_pending": null, "ph_exposure": 0.0, "ph_dist_m": 4699.24, "d_fwy": 4937.01, "d_art": 1438.4, "school_pi": 95.1, "crime_rate": 4.13, "income": 104427.0, "model_mae_pct": 6.2, "segment": "ppsf:190-300,price:250000-600000", "asof": "2026-09-20 20:52"}, "geometry": {"type": "Point", "coordinates": [-81.397795, 41.34419]}}, {"type": "Feature", "properties": {"address": "186 S Main St", "city": "Hudson", "zip": 44236.0, "url": "https://www.redfin.com/OH/Hudson/186-S-Main-St-44236/home/75465436", "price": 439990.0, "pred_price": 516697.92, "excess_pct": -14.4, "rel_discount": -16.8, "local_mae_pct": 6.5, "pctile": 3.3, "beds": 4.0, "baths": 3.0, "sqft": 2129.0, "lot_sqft": 21710.0, "year_built": 1958.0, "ptype_cat": "single", "days_on_market": 143.0, "n_cuts": 2.0, "cum_cut_pct": -3.72, "days_to_pending": null, "ph_exposure": 0.0, "ph_dist_m": 6195.9, "d_fwy": 2468.63, "d_art": 46.65, "school_pi": 97.5, "crime_rate": 6.15, "income": 176765.0, "model_mae_pct": 6.2, "segment": "ppsf:190-300,price:250000-600000", "asof": "2026-09-20 20:52"}, "geometry": {"type": "Point", "coordinates": [-81.440951, 41.232367]}}, {"type": "Feature", "properties": {"address": "9018 Lowell Ln", "city": "Northfield", "zip": 44067.0, "url": "https://www.redfin.com/OH/Northfield/9018-Lowell-Ln-44067/home/75489055", "price": 324900.0, "pred_price": 320522.87, "excess_pct": 1.8, "rel_discount": null, "local_mae_pct": 6.5, "pctile": 58.1, "beds": 3.0, "baths": 2.5, "sqft": 1410.0, "lot_sqft": 29699.0, "year_built": 1958.0, "ptype_cat": "single", "days_on_market": 1.0, "n_cuts": 0.0, "cum_cut_pct": 0.0, "days_to_pending": null, "ph_exposure": 0.0, "ph_dist_m": 6625.12, "d_fwy": 1381.27, "d_art": 6564.15, "school_pi": 90.0, "crime_rate": null, "income": 74046.0, "model_mae_pct": 6.2, "segment": "ppsf:190-300,price:250000-600000", "asof": "2026-09-20 20:52"}, "geometry": {"type": "Point", "coordinates": [-81.537299, 41.29899]}}, {"type": "Feature", "properties": {"address": "1523 Bradford Dr", "city": "Macedonia", "zip": 44056.0, "url": "https://www.redfin.com/OH/Macedonia/1523-Bradford-Dr-44056/home/66526093", "price": 300000.0, "pred_price": 329042.0, "excess_pct": -8.4, "rel_discount": -5.3, "local_mae_pct": 6.5, "pctile": 15.0, "beds": 4.0, "baths": 2.5, "sqft": 1542.0, "lot_sqft": 19998.0, "year_built": 1958.0, "ptype_cat": "single", "days_on_market": 2.0, "n_cuts": 1.0, "cum_cut_pct": -7.69, "days_to_pending": null, "ph_exposure": 0.0, "ph_dist_m": 2580.5, "d_fwy": 726.44, "d_art": 3562.33, "school_pi": 90.0, "crime_rate": 30.25, "income": 86406.0, "model_mae_pct": 6.2, "segment": "ppsf:190-300,price:250000-600000", "asof": "2026-09-20 20:52"}, "geometry": {"type": "Point", "coordinates": [-81.482887, 41.323783]}}, {"type": "Feature", "properties": {"address": "7370 Lacosta Dr", "city": "Hudson", "zip": 44236.0, "url": "https://www.redfin.com/OH/Hudson/7370-Lacosta-Dr-44236/home/79849386", "price": 599000.0, "pred_price": 548984.45, "excess_pct": 9.5, "rel_discount": 6.6, "local_mae_pct": 6.5, "pctile": 82.0, "beds": 5.0, "baths": 2.5, "sqft": 2704.0, "lot_sqft": 30056.0, "year_built": 1979.0, "ptype_cat": "single", "days_on_market": 3.0, "n_cuts": 0.0, "cum_cut_pct": 0.0, "days_to_pending": null, "ph_exposure": 0.0, "ph_dist_m": 5505.72, "d_fwy": 1137.32, "d_art": 1063.01, "school_pi": 97.5, "crime_rate": 6.15, "income": 207688.0, "model_mae_pct": 6.2, "segment": "ppsf:190-300,price:250000-600000", "asof": "2026-09-20 20:52"}, "geometry": {"type": "Point", "coordinates": [-81.427775, 41.264211]}}, {"type": "Feature", "properties": {"address": "9338 Liberty Rd", "city": "Twinsburg", "zip": 44087.0, "url": "https://www.redfin.com/OH/Twinsburg/9338-Liberty-Rd-44087/home/66142857", "price": 495000.0, "pred_price": 522384.68, "excess_pct": -4.8, "rel_discount": -7.7, "local_mae_pct": 5.15, "pctile": 27.6, "beds": 3.0, "baths": 2.5, "sqft": 2462.0, "lot_sqft": 145926.0, "year_built": 1994.0, "ptype_cat": "single", "days_on_market": 83.0, "n_cuts": 0.0, "cum_cut_pct": 0.0, "days_to_pending": null, "ph_exposure": 0.03, "ph_dist_m": 1572.06, "d_fwy": 1779.14, "d_art": 1589.9, "school_pi": 88.3, "crime_rate": 8.38, "income": 202500.0, "model_mae_pct": 6.2, "segment": "ppsf:190-300,price:250000-600000", "asof": "2026-09-20 20:52"}, "geometry": {"type": "Point", "coordinates": [-81.421222, 41.316611]}}, {"type": "Feature", "properties": {"address": "5791 Nicholson Dr", "city": "Hudson", "zip": 44236.0, "url": "https://www.redfin.com/OH/Hudson/5791-Nicholson-Dr-44236/home/75510667", "price": 499900.0, "pred_price": 506709.32, "excess_pct": -0.9, "rel_discount": -3.8, "local_mae_pct": 5.15, "pctile": 44.8, "beds": 4.0, "baths": 2.5, "sqft": 2252.0, "lot_sqft": 19998.0, "year_built": 1989.0, "ptype_cat": "single", "days_on_market": 33.0, "n_cuts": 1.0, "cum_cut_pct": -3.85, "days_to_pending": null, "ph_exposure": 0.0, "ph_dist_m": 4991.08, "d_fwy": 2416.59, "d_art": 1682.51, "school_pi": 97.5, "crime_rate": 6.15, "income": 176765.0, "model_mae_pct": 6.2, "segment": "ppsf:190-300,price:250000-600000", "asof": "2026-09-20 20:52"}, "geometry": {"type": "Point", "coordinates": [-81.460481, 41.226246]}}, {"type": "Feature", "properties": {"address": "5058 Millwood Dr", "city": "Broadview Heights", "zip": 44147.0, "url": "https://www.redfin.com/OH/Broadview-Heights/5058-Millwood-Dr-44147/home/70926077", "price": 340000.0, "pred_price": 364489.78, "excess_pct": -6.3, "rel_discount": -7.0, "local_mae_pct": 6.51, "pctile": 21.7, "beds": 3.0, "baths": 2.0, "sqft": 1534.0, "lot_sqft": 22311.0, "year_built": 1967.0, "ptype_cat": "single", "days_on_market": 24.0, "n_cuts": 1.0, "cum_cut_pct": -4.2, "days_to_pending": null, "ph_exposure": 0.0, "ph_dist_m": 7581.55, "d_fwy": 92.92, "d_art": 1580.66, "school_pi": 96.9, "crime_rate": 0.61, "income": 135125.0, "model_mae_pct": 6.2, "segment": "ppsf:190-300,price:250000-600000", "asof": "2026-09-20 20:52"}, "geometry": {"type": "Point", "coordinates": [-81.647828, 41.332666]}}, {"type": "Feature", "properties": {"address": "9197 Shepard Rd", "city": "Macedonia", "zip": 44056.0, "url": "https://www.redfin.com/OH/Macedonia/9197-Shepard-Rd-44056/home/75510927", "price": 258000.0, "pred_price": 283040.69, "excess_pct": -8.4, "rel_discount": -5.3, "local_mae_pct": 6.5, "pctile": 15.0, "beds": 3.0, "baths": 2.0, "sqft": 1247.0, "lot_sqft": 23400.0, "year_built": 1957.0, "ptype_cat": "single", "days_on_market": 22.0, "n_cuts": 1.0, "cum_cut_pct": -2.64, "days_to_pending": null, "ph_exposure": 0.0, "ph_dist_m": 3068.77, "d_fwy": 1036.82, "d_art": 4020.2, "school_pi": 90.0, "crime_rate": 30.25, "income": 86406.0, "model_mae_pct": 6.2, "segment": "ppsf:190-300,price:250000-600000", "asof": "2026-09-20 20:52"}, "geometry": {"type": "Point", "coordinates": [-81.488761, 41.325263]}}, {"type": "Feature", "properties": {"address": "7851 N Boyden Rd", "city": "Northfield", "zip": 44067.0, "url": "https://www.redfin.com/OH/Northfield/7851-N-Boyden-Rd-44067/home/75502446", "price": 275000.0, "pred_price": 290206.98, "excess_pct": -4.8, "rel_discount": -1.7, "local_mae_pct": 6.5, "pctile": 27.6, "beds": 3.0, "baths": 2.0, "sqft": 1200.0, "lot_sqft": 21780.0, "year_built": 1958.0, "ptype_cat": "single", "days_on_market": 18.0, "n_cuts": 0.0, "cum_cut_pct": 0.0, "days_to_pending": null, "ph_exposure": 0.0, "ph_dist_m": 6617.25, "d_fwy": 2772.01, "d_art": 4688.79, "school_pi": 90.0, "crime_rate": null, "income": 68176.0, "model_mae_pct": 6.2, "segment": "ppsf:190-300,price:250000-600000", "asof": "2026-09-20 20:52"}, "geometry": {"type": "Point", "coordinates": [-81.549031, 41.315906]}}, {"type": "Feature", "properties": {"address": "4730 Squire Dr", "city": "Northfield", "zip": 44067.0, "url": "https://www.redfin.com/OH/Northfield/4730-Squire-Dr-44067/home/66285917", "price": 475000.0, "pred_price": 453008.22, "excess_pct": 5.3, "rel_discount": 2.8, "local_mae_pct": 5.15, "pctile": 71.0, "beds": 4.0, "baths": 2.5, "sqft": 2234.0, "lot_sqft": 14039.0, "year_built": 1998.0, "ptype_cat": "single", "days_on_market": 44.0, "n_cuts": 0.0, "cum_cut_pct": 0.0, "days_to_pending": null, "ph_exposure": 0.0, "ph_dist_m": 3882.99, "d_fwy": 2234.42, "d_art": 1871.07, "school_pi": 90.0, "crime_rate": null, "income": 98839.0, "model_mae_pct": 6.2, "segment": "ppsf:190-300,price:250000-600000", "asof": "2026-09-20 20:52"}, "geometry": {"type": "Point", "coordinates": [-81.540922, 41.341272]}}, {"type": "Feature", "properties": {"address": "8365 Crinkleroot Clearing", "city": "Brecksville", "zip": 44141.0, "url": "https://www.redfin.com/OH/Brecksville/8365-Crinkleroot-Clearing-44141/home/70934140", "price": 419900.0, "pred_price": 448165.01, "excess_pct": -5.9, "rel_discount": -4.8, "local_mae_pct": 5.15, "pctile": 23.3, "beds": 3.0, "baths": 2.5, "sqft": 2088.0, "lot_sqft": 10454.0, "year_built": 1983.0, "ptype_cat": "single", "days_on_market": 96.0, "n_cuts": 2.0, "cum_cut_pct": -6.67, "days_to_pending": null, "ph_exposure": 0.0, "ph_dist_m": 7870.01, "d_fwy": 3780.65, "d_art": 2713.91, "school_pi": 96.9, "crime_rate": 5.06, "income": 152656.0, "model_mae_pct": 6.2, "segment": "ppsf:190-300,price:250000-600000", "asof": "2026-09-20 20:52"}, "geometry": {"type": "Point", "coordinates": [-81.603841, 41.334722]}}, {"type": "Feature", "properties": {"address": "2700 E Royalton Rd", "city": "Broadview Heights", "zip": 44141.0, "url": "https://www.redfin.com/OH/Broadview-Heights/2700-E-Royalton-Rd-44147/home/70934902", "price": 349000.0, "pred_price": 322499.43, "excess_pct": 8.6, "rel_discount": 8.0, "local_mae_pct": 6.51, "pctile": 80.4, "beds": 3.0, "baths": 2.0, "sqft": 1297.0, "lot_sqft": 19998.0, "year_built": 1963.0, "ptype_cat": "single", "days_on_market": 44.0, "n_cuts": 1.0, "cum_cut_pct": -2.79, "days_to_pending": null, "ph_exposure": 0.0, "ph_dist_m": 5658.85, "d_fwy": 1435.26, "d_art": 45.16, "school_pi": 96.9, "crime_rate": 5.06, "income": 138888.0, "model_mae_pct": 6.2, "segment": "ppsf:190-300,price:250000-600000", "asof": "2026-09-20 20:52"}, "geometry": {"type": "Point", "coordinates": [-81.668591, 41.313508]}}, {"type": "Feature", "properties": {"address": "8247 Fairlane Dr", "city": "Macedonia", "zip": 44056.0, "url": "https://www.redfin.com/OH/Macedonia/8247-Fairlane-Dr-44056/home/79866640", "price": 354900.0, "pred_price": 343871.88, "excess_pct": 3.6, "rel_discount": 1.5, "local_mae_pct": 6.5, "pctile": 63.7, "beds": 4.0, "baths": 2.0, "sqft": 1696.0, "lot_sqft": 20159.0, "year_built": 1959.0, "ptype_cat": "single", "days_on_market": 4.0, "n_cuts": 0.0, "cum_cut_pct": 0.0, "days_to_pending": null, "ph_exposure": 0.0, "ph_dist_m": 5194.25, "d_fwy": 575.39, "d_art": 4774.99, "school_pi": 90.0, "crime_rate": 30.25, "income": 87933.0, "model_mae_pct": 6.2, "segment": "ppsf:190-300,price:250000-600000", "asof": "2026-09-20 20:52"}, "geometry": {"type": "Point", "coordinates": [-81.520709, 41.315324]}}, {"type": "Feature", "properties": {"address": "7 Birch Ave", "city": "Northfield", "zip": 44067.0, "url": "https://www.redfin.com/OH/Northfield/7-Birch-Ave-44067/home/75511953", "price": 359000.0, "pred_price": 304006.97, "excess_pct": 18.5, "rel_discount": 16.4, "local_mae_pct": 6.5, "pctile": 94.4, "beds": 3.0, "baths": 1.5, "sqft": 1519.0, "lot_sqft": 6969.0, "year_built": 1952.0, "ptype_cat": "single", "days_on_market": 66.0, "n_cuts": 0.0, "cum_cut_pct": 0.0, "days_to_pending": null, "ph_exposure": 0.0, "ph_dist_m": 3478.37, "d_fwy": 1379.58, "d_art": 1963.56, "school_pi": 90.0, "crime_rate": 13.18, "income": 81763.0, "model_mae_pct": 6.2, "segment": "ppsf:190-300,price:250000-600000", "asof": "2026-09-20 20:52"}, "geometry": {"type": "Point", "coordinates": [-81.530275, 41.340422]}}, {"type": "Feature", "properties": {"address": "8541 Alexis Dr", "city": "Macedonia", "zip": 44056.0, "url": "https://www.redfin.com/OH/Macedonia/8541-Alexis-Dr-44056/home/75458440", "price": 379900.0, "pred_price": 372344.57, "excess_pct": 2.4, "rel_discount": 0.3, "local_mae_pct": 5.15, "pctile": 59.8, "beds": 2.0, "baths": 2.0, "sqft": 1860.0, "lot_sqft": 4325.0, "year_built": 2010.0, "ptype_cat": "single", "days_on_market": 51.0, "n_cuts": 0.0, "cum_cut_pct": 0.0, "days_to_pending": null, "ph_exposure": 0.0, "ph_dist_m": 3366.31, "d_fwy": 1074.64, "d_art": 4939.45, "school_pi": 90.0, "crime_rate": 30.25, "income": 56322.0, "model_mae_pct": 6.2, "segment": "ppsf:190-300,price:250000-600000", "asof": "2026-09-20 20:52"}, "geometry": {"type": "Point", "coordinates": [-81.499259, 41.311923]}}, {"type": "Feature", "properties": {"address": "488 Schooner Ln", "city": "Northfield", "zip": 44067.0, "url": "https://www.redfin.com/OH/Northfield/488-Schooner-Ln-44067/home/79844510", "price": 479900.0, "pred_price": 479914.1, "excess_pct": 0.4, "rel_discount": -2.1, "local_mae_pct": 5.15, "pctile": 52.0, "beds": 3.0, "baths": 2.5, "sqft": 2400.0, "lot_sqft": 19998.0, "year_built": 1995.0, "ptype_cat": "single", "days_on_market": 18.0, "n_cuts": 0.0, "cum_cut_pct": 0.0, "days_to_pending": null, "ph_exposure": 0.0, "ph_dist_m": 5341.48, "d_fwy": 513.93, "d_art": 6035.52, "school_pi": 90.0, "crime_rate": null, "income": 81932.0, "model_mae_pct": 6.2, "segment": "ppsf:190-300,price:250000-600000", "asof": "2026-09-20 20:52"}, "geometry": {"type": "Point", "coordinates": [-81.512537, 41.282403]}}, {"type": "Feature", "properties": {"address": "703 E Twinsburg Rd", "city": "Northfield", "zip": 44067.0, "url": "https://www.redfin.com/OH/Northfield/703-E-Twinsburg-Rd-44067/home/66219899", "price": 399000.0, "pred_price": 428866.84, "excess_pct": -6.6, "rel_discount": -8.7, "local_mae_pct": 5.15, "pctile": 20.6, "beds": 4.0, "baths": 2.5, "sqft": 1976.0, "lot_sqft": 24393.0, "year_built": 1999.0, "ptype_cat": "single", "days_on_market": 71.0, "n_cuts": 1.0, "cum_cut_pct": -3.16, "days_to_pending": null, "ph_exposure": 0.0, "ph_dist_m": 4050.85, "d_fwy": 1131.72, "d_art": 4215.67, "school_pi": 90.0, "crime_rate": null, "income": 127718.0, "model_mae_pct": 6.2, "segment": "ppsf:190-300,price:250000-600000", "asof": "2026-09-20 20:52"}, "geometry": {"type": "Point", "coordinates": [-81.490819, 41.281208]}}, {"type": "Feature", "properties": {"address": "1216 Waldo Way", "city": "Twinsburg", "zip": 44087.0, "url": "https://www.redfin.com/OH/Twinsburg/1216-Waldo-Way-44087/home/100647321", "price": 399900.0, "pred_price": 385561.74, "excess_pct": 4.1, "rel_discount": 2.0, "local_mae_pct": 5.15, "pctile": 65.9, "beds": 3.0, "baths": 2.0, "sqft": 1765.0, "lot_sqft": 12750.0, "year_built": 1992.0, "ptype_cat": "single", "days_on_market": 68.0, "n_cuts": 0.0, "cum_cut_pct": 0.0, "days_to_pending": null, "ph_exposure": 0.0, "ph_dist_m": 3956.18, "d_fwy": 171.29, "d_art": 3720.66, "school_pi": 88.3, "crime_rate": 8.38, "income": 162813.0, "model_mae_pct": 6.2, "segment": "ppsf:190-300,price:250000-600000", "asof": "2026-09-20 20:52"}, "geometry": {"type": "Point", "coordinates": [-81.485224, 41.33895]}}, {"type": "Feature", "properties": {"address": "494 White Spruce Dr", "city": "Macedonia", "zip": 44056.0, "url": "https://www.redfin.com/OH/Macedonia/494-White-Spruce-Dr-44056/home/100624655", "price": 415000.0, "pred_price": 421739.49, "excess_pct": -1.2, "rel_discount": -3.3, "local_mae_pct": 5.15, "pctile": 43.0, "beds": 3.0, "baths": 3.0, "sqft": 1915.0, "lot_sqft": 8772.0, "year_built": 2005.0, "ptype_cat": "single", "days_on_market": 20.0, "n_cuts": 1.0, "cum_cut_pct": -0.95, "days_to_pending": null, "ph_exposure": 0.0, "ph_dist_m": 3934.32, "d_fwy": 203.14, "d_art": 2816.94, "school_pi": 90.0, "crime_rate": 30.25, "income": 87933.0, "model_mae_pct": 6.2, "segment": "ppsf:190-300,price:250000-600000", "asof": "2026-09-20 20:52"}, "geometry": {"type": "Point", "coordinates": [-81.518813, 41.33343]}}, {"type": "Feature", "properties": {"address": "3512 Scotswood Cir", "city": "Richfield", "zip": 44286.0, "url": "https://www.redfin.com/OH/Richfield/3512-Scotswood-Cir-44286/home/75458280", "price": 449900.0, "pred_price": 464416.86, "excess_pct": -2.7, "rel_discount": -5.2, "local_mae_pct": 5.15, "pctile": 35.1, "beds": 3.0, "baths": 2.0, "sqft": 2144.0, "lot_sqft": 5488.0, "year_built": 2004.0, "ptype_cat": "single", "days_on_market": 4.0, "n_cuts": 0.0, "cum_cut_pct": 0.0, "days_to_pending": null, "ph_exposure": 0.0, "ph_dist_m": 10183.57, "d_fwy": 797.24, "d_art": 9212.11, "school_pi": 96.7, "crime_rate": 1.17, "income": 52230.0, "model_mae_pct": 6.2, "segment": "ppsf:190-300,price:250000-600000", "asof": "2026-09-20 20:52"}, "geometry": {"type": "Point", "coordinates": [-81.614761, 41.221441]}}, {"type": "Feature", "properties": {"address": "6745 Westview Dr", "city": "Brecksville", "zip": 44141.0, "url": "https://www.redfin.com/OH/Brecksville/6745-Westview-Dr-44141/home/70936236", "price": 449900.0, "pred_price": 506764.0, "excess_pct": -10.8, "rel_discount": -11.0, "local_mae_pct": 6.5, "pctile": 8.1, "beds": 4.0, "baths": 2.5, "sqft": 2128.0, "lot_sqft": 20198.0, "year_built": 1969.0, "ptype_cat": "single", "days_on_market": 50.0, "n_cuts": 0.0, "cum_cut_pct": 0.0, "days_to_pending": null, "ph_exposure": 0.0, "ph_dist_m": 8714.18, "d_fwy": 571.17, "d_art": 2273.73, "school_pi": 96.9, "crime_rate": 5.06, "income": 206339.0, "model_mae_pct": 6.2, "segment": "ppsf:190-300,price:250000-600000", "asof": "2026-09-20 20:52"}, "geometry": {"type": "Point", "coordinates": [-81.634783, 41.298852]}}, {"type": "Feature", "properties": {"address": "3440 Burrwood Dr", "city": "Richfield", "zip": 44286.0, "url": "https://www.redfin.com/OH/Richfield/3440-Burrwood-Dr-44286/home/66390659", "price": 450000.0, "pred_price": 451430.43, "excess_pct": 0.1, "rel_discount": -2.4, "local_mae_pct": 5.15, "pctile": 50.5, "beds": 4.0, "baths": 2.5, "sqft": 2189.0, "lot_sqft": 20534.0, "year_built": 1988.0, "ptype_cat": "single", "days_on_market": 88.0, "n_cuts": 0.0, "cum_cut_pct": 0.0, "days_to_pending": null, "ph_exposure": 0.0, "ph_dist_m": 12082.53, "d_fwy": 487.45, "d_art": 8949.83, "school_pi": 96.7, "crime_rate": 1.17, "income": 52230.0, "model_mae_pct": 6.2, "segment": "ppsf:190-300,price:250000-600000", "asof": "2026-09-20 20:52"}, "geometry": {"type": "Point", "coordinates": [-81.622251, 41.237809]}}, {"type": "Feature", "properties": {"address": "8094 Rolling Brook Rd", "city": "Northfield", "zip": 44067.0, "url": "https://www.redfin.com/OH/Northfield/8094-Rolling-Brook-Rd-44067/home/75534810", "price": 399900.0, "pred_price": 406462.85, "excess_pct": -1.2, "rel_discount": -3.3, "local_mae_pct": 6.5, "pctile": 43.0, "beds": 5.0, "baths": 2.0, "sqft": 1957.0, "lot_sqft": 40001.0, "year_built": 1964.0, "ptype_cat": "single", "days_on_market": 7.0, "n_cuts": 0.0, "cum_cut_pct": 0.0, "days_to_pending": null, "ph_exposure": 0.0, "ph_dist_m": 5900.05, "d_fwy": 2651.2, "d_art": 3935.26, "school_pi": 90.0, "crime_rate": null, "income": 68176.0, "model_mae_pct": 6.2, "segment": "ppsf:190-300,price:250000-600000", "asof": "2026-09-20 20:52"}, "geometry": {"type": "Point", "coordinates": [-81.547557, 41.322689]}}, {"type": "Feature", "properties": {"address": "533 Continental Dr", "city": "Northfield", "zip": 44067.0, "url": "https://www.redfin.com/OH/Northfield/533-Continental-Dr-44067/home/79865200", "price": 539000.0, "pred_price": 458012.48, "excess_pct": 18.1, "rel_discount": 15.2, "local_mae_pct": 5.15, "pctile": 93.7, "beds": 4.0, "baths": 2.5, "sqft": 2004.0, "lot_sqft": 18190.0, "year_built": 1997.0, "ptype_cat": "single", "days_on_market": 45.0, "n_cuts": 1.0, "cum_cut_pct": -1.82, "days_to_pending": null, "ph_exposure": 0.0, "ph_dist_m": 4828.81, "d_fwy": 3432.67, "d_art": 1936.1, "school_pi": 90.0, "crime_rate": null, "income": 122566.0, "model_mae_pct": 6.2, "segment": "ppsf:190-300,price:250000-600000", "asof": "2026-09-20 20:52"}, "geometry": {"type": "Point", "coordinates": [-81.556182, 41.340717]}}, {"type": "Feature", "properties": {"address": "1413 Ashford Glen Ln", "city": "Northfield", "zip": 44067.0, "url": "https://www.redfin.com/OH/Northfield/1413-Ashford-Glen-Ln-44067/home/66112102", "price": 560000.0, "pred_price": 543366.9, "excess_pct": 3.5, "rel_discount": 0.6, "local_mae_pct": 5.15, "pctile": 63.2, "beds": 4.0, "baths": 2.5, "sqft": 2918.0, "lot_sqft": 12863.0, "year_built": 2001.0, "ptype_cat": "single", "days_on_market": 31.0, "n_cuts": 2.0, "cum_cut_pct": -5.08, "days_to_pending": null, "ph_exposure": 0.0, "ph_dist_m": 6282.95, "d_fwy": 4817.49, "d_art": 2375.27, "school_pi": 90.0, "crime_rate": null, "income": 167899.0, "model_mae_pct": 6.2, "segment": "ppsf:190-300,price:250000-600000", "asof": "2026-09-20 20:52"}, "geometry": {"type": "Point", "coordinates": [-81.573988, 41.33681]}}, {"type": "Feature", "properties": {"address": "11678 Dunham Rd", "city": "Northfield", "zip": 44067.0, "url": "https://www.redfin.com/OH/Northfield/11678-Dunham-Rd-44067/home/66093828", "price": 579000.0, "pred_price": 578224.76, "excess_pct": 0.5, "rel_discount": -2.4, "local_mae_pct": 5.15, "pctile": 52.7, "beds": 5.0, "baths": 3.5, "sqft": 2966.0, "lot_sqft": 43124.0, "year_built": 2000.0, "ptype_cat": "single", "days_on_market": 102.0, "n_cuts": 0.0, "cum_cut_pct": 0.0, "days_to_pending": null, "ph_exposure": 0.0, "ph_dist_m": 5266.47, "d_fwy": 4010.99, "d_art": 1892.21, "school_pi": 90.0, "crime_rate": null, "income": 167899.0, "model_mae_pct": 6.2, "segment": "ppsf:190-300,price:250000-600000", "asof": "2026-09-20 20:52"}, "geometry": {"type": "Point", "coordinates": [-81.563173, 41.341119]}}, {"type": "Feature", "properties": {"address": "9498 Andrew Dr", "city": "Twinsburg", "zip": 44087.0, "url": "https://www.redfin.com/OH/Twinsburg/9498-Andrew-Dr-44087/home/100647771", "price": 534900.0, "pred_price": 538815.3, "excess_pct": -0.3, "rel_discount": -3.2, "local_mae_pct": 5.15, "pctile": 49.1, "beds": 4.0, "baths": 3.5, "sqft": 2670.0, "lot_sqft": 23522.0, "year_built": 2000.0, "ptype_cat": "single", "days_on_market": 40.0, "n_cuts": 0.0, "cum_cut_pct": 0.0, "days_to_pending": null, "ph_exposure": 0.0, "ph_dist_m": 3237.98, "d_fwy": 423.22, "d_art": 3624.25, "school_pi": 88.3, "crime_rate": 8.38, "income": 162813.0, "model_mae_pct": 6.2, "segment": "ppsf:190-300,price:250000-600000", "asof": "2026-09-20 20:52"}, "geometry": {"type": "Point", "coordinates": [-81.484862, 41.330719]}}, {"type": "Feature", "properties": {"address": "603 East Ave", "city": "Tallmadge", "zip": 44278.0, "url": "https://www.redfin.com/OH/Tallmadge/603-East-Ave-44278/home/75515716", "price": 285000.0, "pred_price": 291696.46, "excess_pct": -1.9, "rel_discount": 1.2, "local_mae_pct": 6.5, "pctile": 38.9, "beds": 3.0, "baths": 1.0, "sqft": 1260.0, "lot_sqft": 141134.0, "year_built": 1952.0, "ptype_cat": "single", "days_on_market": 72.0, "n_cuts": 0.0, "cum_cut_pct": 0.0, "days_to_pending": null, "ph_exposure": 0.01, "ph_dist_m": 2217.5, "d_fwy": 2757.62, "d_art": 1194.15, "school_pi": 81.6, "crime_rate": null, "income": 95313.0, "model_mae_pct": 6.2, "segment": "ppsf:190-300,price:250000-600000", "asof": "2026-09-20 20:52"}, "geometry": {"type": "Point", "coordinates": [-81.418078, 41.101998]}}, {"type": "Feature", "properties": {"address": "3761 Santom Rd N", "city": "Stow", "zip": 44224.0, "url": "https://www.redfin.com/OH/Stow/3761-Santom-Rd-N-44224/home/75468660", "price": 287500.0, "pred_price": 266637.81, "excess_pct": 8.2, "rel_discount": 11.4, "local_mae_pct": 6.49, "pctile": 79.3, "beds": 3.0, "baths": 1.0, "sqft": 1144.0, "lot_sqft": 10497.0, "year_built": 1961.0, "ptype_cat": "single", "days_on_market": 20.0, "n_cuts": 1.0, "cum_cut_pct": -4.13, "days_to_pending": null, "ph_exposure": 0.09, "ph_dist_m": 299.48, "d_fwy": 3628.71, "d_art": 422.69, "school_pi": 83.4, "crime_rate": 18.61, "income": 89555.0, "model_mae_pct": 6.2, "segment": "ppsf:190-300,price:250000-600000", "asof": "2026-09-20 20:52"}, "geometry": {"type": "Point", "coordinates": [-81.425823, 41.163089]}}, {"type": "Feature", "properties": {"address": "3273 Englewood Dr", "city": "Stow", "zip": 44224.0, "url": "https://www.redfin.com/OH/Stow/3273-Englewood-Dr-44224/home/79901302", "price": 289000.0, "pred_price": 295305.43, "excess_pct": -1.7, "rel_discount": 1.4, "local_mae_pct": 6.49, "pctile": 40.3, "beds": 3.0, "baths": 2.0, "sqft": 1236.0, "lot_sqft": 10981.0, "year_built": 1960.0, "ptype_cat": "single", "days_on_market": 41.0, "n_cuts": 1.0, "cum_cut_pct": -3.34, "days_to_pending": null, "ph_exposure": 0.0, "ph_dist_m": 1220.18, "d_fwy": 1697.78, "d_art": 791.11, "school_pi": 83.4, "crime_rate": 18.61, "income": 88973.0, "model_mae_pct": 6.2, "segment": "ppsf:190-300,price:250000-600000", "asof": "2026-09-20 20:52"}, "geometry": {"type": "Point", "coordinates": [-81.449803, 41.165089]}}, {"type": "Feature", "properties": {"address": "111 Highland Ave", "city": "Munroe Falls", "zip": 44262.0, "url": "https://www.redfin.com/OH/Munroe-Falls/111-Highland-Ave-44262/home/75470070", "price": 299000.0, "pred_price": 291517.75, "excess_pct": 3.0, "rel_discount": 6.2, "local_mae_pct": 6.5, "pctile": 61.7, "beds": 3.0, "baths": 2.5, "sqft": 1200.0, "lot_sqft": 17206.0, "year_built": 1976.0, "ptype_cat": "single", "days_on_market": 1.0, "n_cuts": 0.0, "cum_cut_pct": 0.0, "days_to_pending": null, "ph_exposure": 0.02, "ph_dist_m": 898.18, "d_fwy": 3019.2, "d_art": 354.04, "school_pi": 83.4, "crime_rate": null, "income": 92639.0, "model_mae_pct": 6.2, "segment": "ppsf:190-300,price:250000-600000", "asof": "2026-09-20 20:52"}, "geometry": {"type": "Point", "coordinates": [-81.44408, 41.13048]}}, {"type": "Feature", "properties": {"address": "21 W Howe Rd", "city": "Tallmadge", "zip": 44278.0, "url": "https://www.redfin.com/OH/Tallmadge/21-W-Howe-Rd-44278/home/66322853", "price": 299900.0, "pred_price": 315271.79, "excess_pct": -4.5, "rel_discount": -1.4, "local_mae_pct": 6.5, "pctile": 29.3, "beds": 3.0, "baths": 2.0, "sqft": 1460.0, "lot_sqft": 21562.0, "year_built": 1978.0, "ptype_cat": "single", "days_on_market": 9.0, "n_cuts": 0.0, "cum_cut_pct": 0.0, "days_to_pending": null, "ph_exposure": 0.04, "ph_dist_m": 1964.95, "d_fwy": 3662.76, "d_art": 83.79, "school_pi": 81.6, "crime_rate": null, "income": 96346.0, "model_mae_pct": 6.2, "segment": "ppsf:190-300,price:250000-600000", "asof": "2026-09-20 20:52"}, "geometry": {"type": "Point", "coordinates": [-81.441304, 41.118114]}}, {"type": "Feature", "properties": {"address": "4138 Genevieve Blvd", "city": "Stow", "zip": 44224.0, "url": "https://www.redfin.com/OH/Stow/4138-Genevieve-Blvd-44224/home/75457423", "price": 309999.0, "pred_price": 268278.23, "excess_pct": 16.0, "rel_discount": null, "local_mae_pct": 6.49, "pctile": 90.6, "beds": 3.0, "baths": 1.5, "sqft": 1040.0, "lot_sqft": 16988.0, "year_built": 1963.0, "ptype_cat": "single", "days_on_market": 35.0, "n_cuts": 1.0, "cum_cut_pct": -1.59, "days_to_pending": null, "ph_exposure": 0.04, "ph_dist_m": 359.61, "d_fwy": 3763.62, "d_art": 1048.38, "school_pi": 83.4, "crime_rate": 18.61, "income": 65625.0, "model_mae_pct": 6.2, "segment": "ppsf:190-300,price:250000-600000", "asof": "2026-09-20 20:52"}, "geometry": {"type": "Point", "coordinates": [-81.427893, 41.174237]}}, {"type": "Feature", "properties": {"address": "97 Nottingham St", "city": "Tallmadge", "zip": 44278.0, "url": "https://www.redfin.com/OH/Tallmadge/97-Nottingham-St-44278/home/75479741", "price": 334900.0, "pred_price": 291977.38, "excess_pct": 15.1, "rel_discount": null, "local_mae_pct": 5.79, "pctile": 89.6, "beds": 3.0, "baths": 2.0, "sqft": 1269.0, "lot_sqft": 12950.0, "year_built": 2026.0, "ptype_cat": "single", "days_on_market": 9.0, "n_cuts": 0.0, "cum_cut_pct": 0.0, "days_to_pending": null, "ph_exposure": 0.49, "ph_dist_m": 1006.92, "d_fwy": 3535.62, "d_art": 320.73, "school_pi": 81.6, "crime_rate": null, "income": 36019.0, "model_mae_pct": 6.2, "segment": "ppsf:190-300,price:250000-600000", "asof": "2026-09-20 20:52"}, "geometry": {"type": "Point", "coordinates": [-81.450402, 41.104479]}}, {"type": "Feature", "properties": {"address": "922 Vicki Path", "city": "Tallmadge", "zip": 44278.0, "url": "https://www.redfin.com/OH/Tallmadge/922-Vicki-Path-44278/home/66515903", "price": 349000.0, "pred_price": 372674.14, "excess_pct": -6.0, "rel_discount": null, "local_mae_pct": 5.15, "pctile": 22.8, "beds": 3.0, "baths": 2.5, "sqft": 1744.0, "lot_sqft": 12871.0, "year_built": 1990.0, "ptype_cat": "single", "days_on_market": 2.0, "n_cuts": 0.0, "cum_cut_pct": 0.0, "days_to_pending": null, "ph_exposure": 0.0, "ph_dist_m": 2043.7, "d_fwy": 1024.62, "d_art": 2828.11, "school_pi": 81.6, "crime_rate": null, "income": 137500.0, "model_mae_pct": 6.2, "segment": "ppsf:190-300,price:250000-600000", "asof": "2026-09-20 20:52"}, "geometry": {"type": "Point", "coordinates": [-81.407758, 41.087149]}}, {"type": "Feature", "properties": {"address": "1969 Willowdale Dr", "city": "Stow", "zip": 44224.0, "url": "https://www.redfin.com/OH/Stow/1969-Willowdale-Dr-44224/home/75468869", "price": 374900.0, "pred_price": 357332.6, "excess_pct": 5.3, "rel_discount": 3.2, "local_mae_pct": 6.49, "pctile": 71.0, "beds": 4.0, "baths": 2.5, "sqft": 1716.0, "lot_sqft": 16021.0, "year_built": 1965.0, "ptype_cat": "single", "days_on_market": 96.0, "n_cuts": 0.0, "cum_cut_pct": 0.0, "days_to_pending": null, "ph_exposure": 0.0, "ph_dist_m": 1076.03, "d_fwy": 3297.96, "d_art": 245.33, "school_pi": 83.4, "crime_rate": 18.61, "income": 102708.0, "model_mae_pct": 6.2, "segment": "ppsf:190-300,price:250000-600000", "asof": "2026-09-20 20:52"}, "geometry": {"type": "Point", "coordinates": [-81.437511, 41.184828]}}, {"type": "Feature", "properties": {"address": "1544 Arndale Rd", "city": "Stow", "zip": 44224.0, "url": "https://www.redfin.com/OH/Stow/1544-Arndale-Rd-44224/home/75492185", "price": 405900.0, "pred_price": 388875.45, "excess_pct": 4.8, "rel_discount": 2.7, "local_mae_pct": 5.14, "pctile": 69.2, "beds": 3.0, "baths": 3.0, "sqft": 1784.0, "lot_sqft": 46173.0, "year_built": 1990.0, "ptype_cat": "single", "days_on_market": 2.0, "n_cuts": 0.0, "cum_cut_pct": 0.0, "days_to_pending": null, "ph_exposure": 0.0, "ph_dist_m": 2022.6, "d_fwy": 2000.84, "d_art": 1030.09, "school_pi": 83.4, "crime_rate": 18.61, "income": 100972.0, "model_mae_pct": 6.2, "segment": "ppsf:190-300,price:250000-600000", "asof": "2026-09-20 20:52"}, "geometry": {"type": "Point", "coordinates": [-81.452736, 41.182249]}}, {"type": "Feature", "properties": {"address": "63 Ernest Dr", "city": "Tallmadge", "zip": 44278.0, "url": "https://www.redfin.com/OH/Tallmadge/63-Ernest-Dr-44278/home/75493116", "price": 324900.0, "pred_price": 265393.91, "excess_pct": 22.8, "rel_discount": null, "local_mae_pct": 6.5, "pctile": 96.8, "beds": 3.0, "baths": 1.0, "sqft": 1188.0, "lot_sqft": 19602.0, "year_built": 1956.0, "ptype_cat": "single", "days_on_market": 3.0, "n_cuts": 0.0, "cum_cut_pct": 0.0, "days_to_pending": null, "ph_exposure": 0.0, "ph_dist_m": 3132.59, "d_fwy": 2035.35, "d_art": 1963.53, "school_pi": 81.6, "crime_rate": null, "income": 104236.0, "model_mae_pct": 6.2, "segment": "ppsf:190-300,price:250000-600000", "asof": "2026-09-20 20:52"}, "geometry": {"type": "Point", "coordinates": [-81.402816, 41.102636]}}, {"type": "Feature", "properties": {"address": "3857 Silver Wood Dr", "city": "Stow", "zip": 44224.0, "url": "https://www.redfin.com/OH/Stow/3857-Silver-Wood-Dr-44224/home/66526400", "price": 414900.0, "pred_price": 431243.88, "excess_pct": -3.4, "rel_discount": -5.5, "local_mae_pct": 6.49, "pctile": 32.7, "beds": 4.0, "baths": 2.5, "sqft": 2016.0, "lot_sqft": 12449.0, "year_built": 1963.0, "ptype_cat": "single", "days_on_market": 11.0, "n_cuts": 0.0, "cum_cut_pct": 0.0, "days_to_pending": null, "ph_exposure": 0.0, "ph_dist_m": 1374.54, "d_fwy": 2141.71, "d_art": 586.65, "school_pi": 83.4, "crime_rate": 18.61, "income": 120664.0, "model_mae_pct": 6.2, "segment": "ppsf:190-300,price:250000-600000", "asof": "2026-09-20 20:52"}, "geometry": {"type": "Point", "coordinates": [-81.447373, 41.171529]}}, {"type": "Feature", "properties": {"address": "3083 Orchard Rd", "city": "Silver Lake", "zip": 44224.0, "url": "https://www.redfin.com/OH/Silver-Lake/3083-Orchard-Rd-44224/home/66485056", "price": 424900.0, "pred_price": 437418.06, "excess_pct": -2.5, "rel_discount": -5.0, "local_mae_pct": 6.5, "pctile": 36.1, "beds": 4.0, "baths": 2.5, "sqft": 2016.0, "lot_sqft": 11251.0, "year_built": 1974.0, "ptype_cat": "single", "days_on_market": 65.0, "n_cuts": 0.0, "cum_cut_pct": 0.0, "days_to_pending": null, "ph_exposure": 0.01, "ph_dist_m": 1278.62, "d_fwy": 1079.26, "d_art": 996.46, "school_pi": 75.2, "crime_rate": null, "income": 138672.0, "model_mae_pct": 6.2, "segment": "ppsf:190-300,price:250000-600000", "asof": "2026-09-20 20:52"}, "geometry": {"type": "Point", "coordinates": [-81.456626, 41.162887]}}, {"type": "Feature", "properties": {"address": "3855 Northview Dr", "city": "Stow", "zip": 44224.0, "url": "https://www.redfin.com/OH/Stow/3855-Northview-Dr-44224/home/75514752", "price": 425000.0, "pred_price": 437795.64, "excess_pct": -2.5, "rel_discount": -5.0, "local_mae_pct": 6.49, "pctile": 36.1, "beds": 3.0, "baths": 1.5, "sqft": 2080.0, "lot_sqft": 42253.0, "year_built": 1957.0, "ptype_cat": "single", "days_on_market": 6.0, "n_cuts": 0.0, "cum_cut_pct": 0.0, "days_to_pending": null, "ph_exposure": 0.0, "ph_dist_m": 1294.39, "d_fwy": 2233.23, "d_art": 481.13, "school_pi": 83.4, "crime_rate": 18.61, "income": 120664.0, "model_mae_pct": 6.2, "segment": "ppsf:190-300,price:250000-600000", "asof": "2026-09-20 20:52"}, "geometry": {"type": "Point", "coordinates": [-81.446115, 41.171456]}}, {"type": "Feature", "properties": {"address": "445 Blossom Cir", "city": "Tallmadge", "zip": 44278.0, "url": "https://www.redfin.com/OH/Tallmadge/445-Blossom-Cir-44278/home/75470754", "price": 459900.0, "pred_price": 461863.03, "excess_pct": 0.0, "rel_discount": -2.4, "local_mae_pct": 5.15, "pctile": 50.1, "beds": 4.0, "baths": 3.0, "sqft": 2200.0, "lot_sqft": 12375.0, "year_built": 1990.0, "ptype_cat": "single", "days_on_market": 53.0, "n_cuts": 0.0, "cum_cut_pct": 0.0, "days_to_pending": null, "ph_exposure": 0.0, "ph_dist_m": 1806.52, "d_fwy": 1314.28, "d_art": 2561.31, "school_pi": 81.6, "crime_rate": null, "income": 137500.0, "model_mae_pct": 6.2, "segment": "ppsf:190-300,price:250000-600000", "asof": "2026-09-20 20:52"}, "geometry": {"type": "Point", "coordinates": [-81.410889, 41.088391]}}, {"type": "Feature", "properties": {"address": "759 Orrville Ave", "city": "Cuyahoga Falls", "zip": 44221.0, "url": "https://www.redfin.com/OH/Cuyahoga-Falls/759-Orrville-Ave-44221/home/75505239", "price": 255000.0, "pred_price": 259978.47, "excess_pct": -1.5, "rel_discount": 1.6, "local_mae_pct": 6.5, "pctile": 41.6, "beds": 3.0, "baths": 2.0, "sqft": 1040.0, "lot_sqft": 5967.0, "year_built": 1959.0, "ptype_cat": "single", "days_on_market": 66.0, "n_cuts": 0.0, "cum_cut_pct": 4.08, "days_to_pending": null, "ph_exposure": 0.06, "ph_dist_m": 506.45, "d_fwy": 194.11, "d_art": 926.06, "school_pi": 75.2, "crime_rate": 22.84, "income": 73182.0, "model_mae_pct": 6.2, "segment": "ppsf:190-300,price:250000-600000", "asof": "2026-09-20 20:52"}, "geometry": {"type": "Point", "coordinates": [-81.471888, 41.156775]}}, {"type": "Feature", "properties": {"address": "4431 Oldham Way", "city": "Stow", "zip": 44224.0, "url": "https://www.redfin.com/OH/Stow/4431-Oldham-Way-44224/home/75492194", "price": 569000.0, "pred_price": 569695.63, "excess_pct": 0.3, "rel_discount": -2.6, "local_mae_pct": 5.14, "pctile": 51.6, "beds": 4.0, "baths": 2.5, "sqft": 2824.0, "lot_sqft": 47916.0, "year_built": 1990.0, "ptype_cat": "single", "days_on_market": 45.0, "n_cuts": 1.0, "cum_cut_pct": -1.04, "days_to_pending": null, "ph_exposure": 0.17, "ph_dist_m": 1047.39, "d_fwy": 5688.3, "d_art": 2279.99, "school_pi": 83.4, "crime_rate": 18.61, "income": 122266.0, "model_mae_pct": 6.2, "segment": "ppsf:190-300,price:250000-600000", "asof": "2026-09-20 20:52"}, "geometry": {"type": "Point", "coordinates": [-81.40513, 41.17751]}}, {"type": "Feature", "properties": {"address": "3130 Silver Lake Blvd", "city": "Silver Lake", "zip": 44224.0, "url": "https://www.redfin.com/OH/Silver-Lake/3130-Silver-Lake-Blvd-44224/home/79933206", "price": 594000.0, "pred_price": 563115.93, "excess_pct": 5.9, "rel_discount": 3.0, "local_mae_pct": 6.5, "pctile": 73.4, "beds": 3.0, "baths": 3.5, "sqft": 2593.0, "lot_sqft": 22825.0, "year_built": 1953.0, "ptype_cat": "single", "days_on_market": 65.0, "n_cuts": 0.0, "cum_cut_pct": 0.0, "days_to_pending": null, "ph_exposure": 0.01, "ph_dist_m": 1166.62, "d_fwy": 952.02, "d_art": 946.38, "school_pi": 75.2, "crime_rate": null, "income": 138672.0, "model_mae_pct": 6.2, "segment": "ppsf:190-300,price:250000-600000", "asof": "2026-09-20 20:52"}, "geometry": {"type": "Point", "coordinates": [-81.457837, 41.161813]}}, {"type": "Feature", "properties": {"address": "5163 Bayside Lake Blvd", "city": "Stow", "zip": 44224.0, "url": "https://www.redfin.com/OH/Stow/5163-Bayside-Lake-Blvd-44224/home/79952820", "price": 599900.0, "pred_price": 515268.8, "excess_pct": 16.8, "rel_discount": 13.9, "local_mae_pct": 5.14, "pctile": 92.0, "beds": 4.0, "baths": 3.5, "sqft": 2440.0, "lot_sqft": 16117.0, "year_built": 1998.0, "ptype_cat": "single", "days_on_market": 38.0, "n_cuts": 1.0, "cum_cut_pct": -4.02, "days_to_pending": null, "ph_exposure": 0.0, "ph_dist_m": 2752.34, "d_fwy": 4687.69, "d_art": 1399.78, "school_pi": 83.4, "crime_rate": 18.61, "income": 124196.0, "model_mae_pct": 6.2, "segment": "ppsf:190-300,price:250000-600000", "asof": "2026-09-20 20:52"}, "geometry": {"type": "Point", "coordinates": [-81.42371, 41.201619]}}, {"type": "Feature", "properties": {"address": "127 Alameda Ave", "city": "Cuyahoga Falls", "zip": 44221.0, "url": "https://www.redfin.com/OH/Cuyahoga-Falls/127-Alameda-Ave-44221/home/80034072", "price": 289900.0, "pred_price": 273975.05, "excess_pct": 6.2, "rel_discount": 9.4, "local_mae_pct": 6.5, "pctile": 74.2, "beds": 3.0, "baths": 2.0, "sqft": 1250.0, "lot_sqft": 8398.0, "year_built": 1960.0, "ptype_cat": "single", "days_on_market": 11.0, "n_cuts": 0.0, "cum_cut_pct": 0.0, "days_to_pending": null, "ph_exposure": 0.13, "ph_dist_m": 401.3, "d_fwy": 790.15, "d_art": 1503.26, "school_pi": 75.2, "crime_rate": 22.84, "income": 72431.0, "model_mae_pct": 6.2, "segment": "ppsf:190-300,price:250000-600000", "asof": "2026-09-20 20:52"}, "geometry": {"type": "Point", "coordinates": [-81.481461, 41.158347]}}, {"type": "Feature", "properties": {"address": "131 Pine Ave", "city": "Peninsula", "zip": 44264.0, "url": "https://www.redfin.com/OH/Peninsula/131-Pine-Ave-44264/home/178712768", "price": 375000.0, "pred_price": 425133.67, "excess_pct": -11.4, "rel_discount": -13.5, "local_mae_pct": 5.79, "pctile": 6.6, "beds": 3.0, "baths": 2.5, "sqft": 1858.0, "lot_sqft": 4451.0, "year_built": 2022.0, "ptype_cat": "single", "days_on_market": 17.0, "n_cuts": 0.0, "cum_cut_pct": 0.0, "days_to_pending": null, "ph_exposure": 0.01, "ph_dist_m": 2047.55, "d_fwy": 910.18, "d_art": 4685.46, "school_pi": 97.5, "crime_rate": 22.84, "income": 105854.0, "model_mae_pct": 6.2, "segment": "ppsf:190-300,price:250000-600000", "asof": "2026-09-20 20:52"}, "geometry": {"type": "Point", "coordinates": [-81.496294, 41.206234]}}, {"type": "Feature", "properties": {"address": "2936 Vincent Rd", "city": "Silver Lake", "zip": 44224.0, "url": "https://www.redfin.com/OH/Silver-Lake/2936-Vincent-Rd-44224/home/66353130", "price": 389999.0, "pred_price": 451615.52, "excess_pct": -13.2, "rel_discount": -15.3, "local_mae_pct": 5.15, "pctile": 4.7, "beds": 4.0, "baths": 2.5, "sqft": 2052.0, "lot_sqft": 11251.0, "year_built": 1993.0, "ptype_cat": "single", "days_on_market": 38.0, "n_cuts": 1.0, "cum_cut_pct": -2.5, "days_to_pending": null, "ph_exposure": 0.04, "ph_dist_m": 750.66, "d_fwy": 76.37, "d_art": 634.36, "school_pi": 75.2, "crime_rate": null, "income": 171853.0, "model_mae_pct": 6.2, "segment": "ppsf:190-300,price:250000-600000", "asof": "2026-09-20 20:52"}, "geometry": {"type": "Point", "coordinates": [-81.469025, 41.154889]}}, {"type": "Feature", "properties": {"address": "147 Quartz Ave", "city": "Peninsula", "zip": 44264.0, "url": "https://www.redfin.com/OH/Peninsula/147-Quartz-Ave-44264/home/66270045", "price": 489000.0, "pred_price": 536094.49, "excess_pct": -8.4, "rel_discount": -10.9, "local_mae_pct": 5.79, "pctile": 15.0, "beds": 4.0, "baths": 3.0, "sqft": 2516.0, "lot_sqft": 8611.0, "year_built": 2012.0, "ptype_cat": "single", "days_on_market": 5.0, "n_cuts": 0.0, "cum_cut_pct": 0.0, "days_to_pending": null, "ph_exposure": 0.02, "ph_dist_m": 1783.22, "d_fwy": 1395.36, "d_art": 5130.66, "school_pi": 97.5, "crime_rate": 22.84, "income": 105854.0, "model_mae_pct": 6.2, "segment": "ppsf:190-300,price:250000-600000", "asof": "2026-09-20 20:52"}, "geometry": {"type": "Point", "coordinates": [-81.501597, 41.2024]}}, {"type": "Feature", "properties": {"address": "1069 Ghent Rd", "city": "Akron", "zip": 44333.0, "url": "https://www.redfin.com/OH/Akron/1069-Ghent-Rd-44333/home/75483767", "price": 479000.0, "pred_price": 402198.42, "excess_pct": 19.5, "rel_discount": 17.0, "local_mae_pct": 6.61, "pctile": 95.3, "beds": 2.0, "baths": 1.0, "sqft": 1631.0, "lot_sqft": 450846.0, "year_built": 1943.0, "ptype_cat": "single", "days_on_market": 5.0, "n_cuts": 0.0, "cum_cut_pct": 0.0, "days_to_pending": null, "ph_exposure": 0.0, "ph_dist_m": 3858.56, "d_fwy": 129.74, "d_art": 2047.74, "school_pi": 96.7, "crime_rate": 12.29, "income": 210579.0, "model_mae_pct": 6.2, "segment": "ppsf:190-300,price:250000-600000", "asof": "2026-09-20 20:52"}, "geometry": {"type": "Point", "coordinates": [-81.629255, 41.154271]}}, {"type": "Feature", "properties": {"address": "3090 Sourek Rd", "city": "Akron", "zip": 44333.0, "url": "https://www.redfin.com/OH/Akron/3090-Sourek-Rd-44333/home/66533498", "price": 599900.0, "pred_price": 472033.56, "excess_pct": 27.5, "rel_discount": 24.6, "local_mae_pct": 6.51, "pctile": 98.5, "beds": 3.0, "baths": 3.5, "sqft": 2000.0, "lot_sqft": 173368.0, "year_built": 1969.0, "ptype_cat": "single", "days_on_market": 47.0, "n_cuts": 2.0, "cum_cut_pct": -11.13, "days_to_pending": null, "ph_exposure": 0.0, "ph_dist_m": 1757.68, "d_fwy": 1932.06, "d_art": 853.43, "school_pi": 96.7, "crime_rate": null, "income": 134508.0, "model_mae_pct": 6.2, "segment": "ppsf:190-300,price:250000-600000", "asof": "2026-09-20 20:52"}, "geometry": {"type": "Point", "coordinates": [-81.605941, 41.144506]}}, {"type": "Feature", "properties": {"address": "115 Sabetha Pl", "city": "Akron", "zip": 44313.0, "url": "https://www.redfin.com/OH/Akron/115-Sabetha-Pl-44313/home/79864162", "price": 250000.0, "pred_price": 262612.32, "excess_pct": -4.4, "rel_discount": -1.2, "local_mae_pct": 5.16, "pctile": 29.7, "beds": 2.0, "baths": 2.0, "sqft": 945.0, "lot_sqft": 4351.0, "year_built": 1994.0, "ptype_cat": "single", "days_on_market": 37.0, "n_cuts": 0.0, "cum_cut_pct": 0.0, "days_to_pending": null, "ph_exposure": 0.49, "ph_dist_m": 392.29, "d_fwy": 2014.2, "d_art": 315.19, "school_pi": 60.0, "crime_rate": 54.64, "income": 61100.0, "model_mae_pct": 6.2, "segment": "ppsf:190-300,price:250000-600000", "asof": "2026-09-20 20:52"}, "geometry": {"type": "Point", "coordinates": [-81.568089, 41.112375]}}, {"type": "Feature", "properties": {"address": "2557 9th St", "city": "Cuyahoga Falls", "zip": 44221.0, "url": "https://www.redfin.com/OH/Cuyahoga-Falls/2557-9th-St-44221/home/80033772", "price": 250000.0, "pred_price": 277478.27, "excess_pct": -9.5, "rel_discount": -6.4, "local_mae_pct": 6.6, "pctile": 10.9, "beds": 3.0, "baths": 1.5, "sqft": 1075.0, "lot_sqft": 5593.0, "year_built": 1944.0, "ptype_cat": "single", "days_on_market": 45.0, "n_cuts": 1.0, "cum_cut_pct": -1.96, "days_to_pending": null, "ph_exposure": 0.39, "ph_dist_m": 133.77, "d_fwy": 1269.53, "d_art": 245.64, "school_pi": 75.2, "crime_rate": 22.84, "income": null, "model_mae_pct": 6.2, "segment": "ppsf:190-300,price:250000-600000", "asof": "2026-09-20 20:52"}, "geometry": {"type": "Point", "coordinates": [-81.49328, 41.143287]}}, {"type": "Feature", "properties": {"address": "1331 Leonora Ave", "city": "Akron", "zip": 44305.0, "url": "https://www.redfin.com/OH/Akron/1331-Leonora-Ave-44305/home/200704257", "price": 289000.0, "pred_price": 292718.09, "excess_pct": -0.9, "rel_discount": 2.2, "local_mae_pct": 5.79, "pctile": 44.8, "beds": 3.0, "baths": 2.5, "sqft": 1456.0, "lot_sqft": 4769.0, "year_built": 2026.0, "ptype_cat": "single", "days_on_market": 64.0, "n_cuts": 0.0, "cum_cut_pct": 0.0, "days_to_pending": null, "ph_exposure": 0.34, "ph_dist_m": 127.82, "d_fwy": 2258.96, "d_art": 1969.13, "school_pi": 60.0, "crime_rate": 54.64, "income": null, "model_mae_pct": 6.2, "segment": "ppsf:190-300,price:250000-600000", "asof": "2026-09-20 20:52"}, "geometry": {"type": "Point", "coordinates": [-81.472035, 41.083342]}}, {"type": "Feature", "properties": {"address": "594 Megglen Ave", "city": "Akron", "zip": 44303.0, "url": "https://www.redfin.com/OH/Akron/594-Megglen-Ave-44303/home/66510294", "price": 325000.0, "pred_price": 326867.25, "excess_pct": -0.2, "rel_discount": null, "local_mae_pct": 6.51, "pctile": 49.6, "beds": 3.0, "baths": 3.0, "sqft": 1550.0, "lot_sqft": 10950.0, "year_built": 1959.0, "ptype_cat": "single", "days_on_market": 2.0, "n_cuts": 0.0, "cum_cut_pct": 0.0, "days_to_pending": null, "ph_exposure": 0.15, "ph_dist_m": 971.45, "d_fwy": 2889.2, "d_art": 2313.53, "school_pi": 60.0, "crime_rate": 54.64, "income": 106004.0, "model_mae_pct": 6.2, "segment": "ppsf:190-300,price:250000-600000", "asof": "2026-09-20 20:52"}, "geometry": {"type": "Point", "coordinates": [-81.531647, 41.115912]}}, {"type": "Feature", "properties": {"address": "S/L 4 Sunrise View Dr", "city": "Akron", "zip": 44313.0, "url": "https://www.redfin.com/OH/Akron/S-L-4-Sunrise-View-Dr-44313/home/198296073", "price": 407000.0, "pred_price": 294814.44, "excess_pct": 38.5, "rel_discount": 36.4, "local_mae_pct": 6.17, "pctile": 99.9, "beds": 3.0, "baths": 1.5, "sqft": 1450.0, "lot_sqft": 6168.0, "year_built": null, "ptype_cat": "single", "days_on_market": 358.0, "n_cuts": 0.0, "cum_cut_pct": 0.0, "days_to_pending": null, "ph_exposure": 0.5, "ph_dist_m": 142.2, "d_fwy": 1257.06, "d_art": 1110.5, "school_pi": 60.0, "crime_rate": 54.64, "income": 56131.0, "model_mae_pct": 6.2, "segment": "ppsf:190-300,price:250000-600000", "asof": "2026-09-20 20:52"}, "geometry": {"type": "Point", "coordinates": [-81.570655, 41.098472]}}, {"type": "Feature", "properties": {"address": "S/L 5 Sunrise View Dr", "city": "Akron", "zip": 44313.0, "url": "https://www.redfin.com/OH/Akron/S-L-5-Sunrise-View-Dr-44313/home/198296081", "price": 434000.0, "pred_price": 418893.78, "excess_pct": 4.0, "rel_discount": 1.5, "local_mae_pct": 6.17, "pctile": 65.2, "beds": 3.0, "baths": 2.5, "sqft": 1925.0, "lot_sqft": 5309.0, "year_built": null, "ptype_cat": "single", "days_on_market": 358.0, "n_cuts": 0.0, "cum_cut_pct": 0.0, "days_to_pending": null, "ph_exposure": 0.5, "ph_dist_m": 139.94, "d_fwy": 1255.83, "d_art": 1124.78, "school_pi": 60.0, "crime_rate": 54.64, "income": 56131.0, "model_mae_pct": 6.2, "segment": "ppsf:190-300,price:250000-600000", "asof": "2026-09-20 20:52"}, "geometry": {"type": "Point", "coordinates": [-81.570694, 41.098338]}}, {"type": "Feature", "properties": {"address": "S/L 6 Sunrise View Dr", "city": "Akron", "zip": 44313.0, "url": "https://www.redfin.com/OH/Akron/S-L-6-Sunrise-View-Dr-44313/home/198296100", "price": 436000.0, "pred_price": 376173.23, "excess_pct": 16.3, "rel_discount": 13.8, "local_mae_pct": 6.17, "pctile": 91.4, "beds": 3.0, "baths": 2.5, "sqft": 1791.0, "lot_sqft": 5314.0, "year_built": null, "ptype_cat": "single", "days_on_market": 358.0, "n_cuts": 0.0, "cum_cut_pct": 0.0, "days_to_pending": null, "ph_exposure": 0.5, "ph_dist_m": 137.24, "d_fwy": 1256.93, "d_art": 1136.66, "school_pi": 60.0, "crime_rate": 54.64, "income": 56131.0, "model_mae_pct": 6.2, "segment": "ppsf:190-300,price:250000-600000", "asof": "2026-09-20 20:52"}, "geometry": {"type": "Point", "coordinates": [-81.570704, 41.098217]}}, {"type": "Feature", "properties": {"address": "S/L 3 Sunrise View Dr", "city": "Akron", "zip": 44313.0, "url": "https://www.redfin.com/OH/Akron/S-L-3-Sunrise-View-Dr-44313/home/198296067", "price": 441000.0, "pred_price": 320775.3, "excess_pct": 37.9, "rel_discount": 35.4, "local_mae_pct": 6.17, "pctile": 99.6, "beds": 3.0, "baths": 2.0, "sqft": 1500.0, "lot_sqft": 6159.0, "year_built": null, "ptype_cat": "single", "days_on_market": 358.0, "n_cuts": 0.0, "cum_cut_pct": 0.0, "days_to_pending": null, "ph_exposure": 0.5, "ph_dist_m": 146.37, "d_fwy": 1256.87, "d_art": 1099.56, "school_pi": 60.0, "crime_rate": 54.64, "income": 56131.0, "model_mae_pct": 6.2, "segment": "ppsf:190-300,price:250000-600000", "asof": "2026-09-20 20:52"}, "geometry": {"type": "Point", "coordinates": [-81.57064, 41.09858]}}, {"type": "Feature", "properties": {"address": "S/L 2 Sunrise View Dr", "city": "Akron", "zip": 44313.0, "url": "https://www.redfin.com/OH/Akron/S-L-2-Sunrise-View-Dr-44313/home/198296061", "price": 441000.0, "pred_price": 320775.3, "excess_pct": 37.9, "rel_discount": 35.4, "local_mae_pct": 6.17, "pctile": 99.6, "beds": 3.0, "baths": 2.0, "sqft": 1500.0, "lot_sqft": 6155.0, "year_built": null, "ptype_cat": "single", "days_on_market": 358.0, "n_cuts": 0.0, "cum_cut_pct": 0.0, "days_to_pending": null, "ph_exposure": 0.5, "ph_dist_m": 153.64, "d_fwy": 1255.35, "d_art": 1087.37, "school_pi": 60.0, "crime_rate": 54.64, "income": 56131.0, "model_mae_pct": 6.2, "segment": "ppsf:190-300,price:250000-600000", "asof": "2026-09-20 20:52"}, "geometry": {"type": "Point", "coordinates": [-81.570639, 41.098709]}}, {"type": "Feature", "properties": {"address": "S/L 7 Sunrise View Dr", "city": "Akron", "zip": 44313.0, "url": "https://www.redfin.com/OH/Akron/S-L-7-Sunrise-View-Dr-44313/home/198296141", "price": 498000.0, "pred_price": 507723.84, "excess_pct": -1.5, "rel_discount": -4.4, "local_mae_pct": 6.17, "pctile": 41.6, "beds": 4.0, "baths": 2.5, "sqft": 2472.0, "lot_sqft": 5566.0, "year_built": null, "ptype_cat": "single", "days_on_market": 358.0, "n_cuts": 0.0, "cum_cut_pct": 0.0, "days_to_pending": null, "ph_exposure": 0.48, "ph_dist_m": 138.66, "d_fwy": 1257.32, "d_art": 1164.99, "school_pi": 60.0, "crime_rate": 54.64, "income": 56131.0, "model_mae_pct": 6.2, "segment": "ppsf:190-300,price:250000-600000", "asof": "2026-09-20 20:52"}, "geometry": {"type": "Point", "coordinates": [-81.570758, 41.097942]}}, {"type": "Feature", "properties": {"address": "S/L 8 Sunrise View Dr", "city": "Akron", "zip": 44313.0, "url": "https://www.redfin.com/OH/Akron/S-L-8-Sunrise-View-Dr-44313/home/198296149", "price": 499000.0, "pred_price": 475572.35, "excess_pct": 5.3, "rel_discount": 2.4, "local_mae_pct": 6.17, "pctile": 71.0, "beds": 4.0, "baths": 2.5, "sqft": 2084.0, "lot_sqft": 6194.0, "year_built": null, "ptype_cat": "single", "days_on_market": 358.0, "n_cuts": 0.0, "cum_cut_pct": 0.0, "days_to_pending": null, "ph_exposure": 0.48, "ph_dist_m": 169.22, "d_fwy": 1227.23, "d_art": 1181.12, "school_pi": 60.0, "crime_rate": 54.64, "income": 56131.0, "model_mae_pct": 6.2, "segment": "ppsf:190-300,price:250000-600000", "asof": "2026-09-20 20:52"}, "geometry": {"type": "Point", "coordinates": [-81.571122, 41.097942]}}, {"type": "Feature", "properties": {"address": "S/L 9 Sunrise View Dr", "city": "Akron", "zip": 44313.0, "url": "https://www.redfin.com/OH/Akron/S-L-9-Sunrise-View-Dr-44313/home/198296188", "price": 499000.0, "pred_price": 470070.81, "excess_pct": 6.6, "rel_discount": 3.7, "local_mae_pct": 6.17, "pctile": 75.4, "beds": 4.0, "baths": 2.5, "sqft": 2084.0, "lot_sqft": 7575.0, "year_built": null, "ptype_cat": "single", "days_on_market": 358.0, "n_cuts": 0.0, "cum_cut_pct": 0.0, "days_to_pending": null, "ph_exposure": 0.48, "ph_dist_m": 138.66, "d_fwy": 1257.32, "d_art": 1164.99, "school_pi": 60.0, "crime_rate": 54.64, "income": 56131.0, "model_mae_pct": 6.2, "segment": "ppsf:190-300,price:250000-600000", "asof": "2026-09-20 20:52"}, "geometry": {"type": "Point", "coordinates": [-81.570758, 41.097942]}}, {"type": "Feature", "properties": {"address": "2468 Ridgewood Rd", "city": "Akron", "zip": 44313.0, "url": "https://www.redfin.com/OH/Akron/2468-Ridgewood-Rd-44313/home/66363555", "price": 374900.0, "pred_price": 328754.53, "excess_pct": 14.4, "rel_discount": 12.3, "local_mae_pct": 6.51, "pctile": 88.9, "beds": 2.0, "baths": 2.0, "sqft": 1587.0, "lot_sqft": 26401.0, "year_built": 1953.0, "ptype_cat": "single", "days_on_market": 34.0, "n_cuts": 1.0, "cum_cut_pct": -1.32, "days_to_pending": null, "ph_exposure": 0.05, "ph_dist_m": 1838.44, "d_fwy": 435.91, "d_art": 1082.74, "school_pi": 60.0, "crime_rate": 54.64, "income": 130288.0, "model_mae_pct": 6.2, "segment": "ppsf:190-300,price:250000-600000", "asof": "2026-09-20 20:52"}, "geometry": {"type": "Point", "coordinates": [-81.603618, 41.113568]}}, {"type": "Feature", "properties": {"address": "2922 Cliffside Dr", "city": "Copley", "zip": 44321.0, "url": "https://www.redfin.com/OH/Copley/2922-Cliffside-Dr-44321/home/75462618", "price": 294900.0, "pred_price": 285125.24, "excess_pct": 3.8, "rel_discount": 7.0, "local_mae_pct": 6.5, "pctile": 64.5, "beds": 3.0, "baths": 1.5, "sqft": 1344.0, "lot_sqft": 23226.0, "year_built": 1962.0, "ptype_cat": "single", "days_on_market": 39.0, "n_cuts": 1.0, "cum_cut_pct": -3.31, "days_to_pending": null, "ph_exposure": 0.0, "ph_dist_m": 3067.75, "d_fwy": 2680.36, "d_art": 4231.51, "school_pi": 89.7, "crime_rate": null, "income": 114409.0, "model_mae_pct": 6.2, "segment": "ppsf:190-300,price:250000-600000", "asof": "2026-09-20 20:52"}, "geometry": {"type": "Point", "coordinates": [-81.624029, 41.089774]}}, {"type": "Feature", "properties": {"address": "2527 Carson Rd", "city": "Fairlawn", "zip": 44333.0, "url": "https://www.redfin.com/OH/Fairlawn/2527-Carson-Rd-44333/home/75506912", "price": 319700.0, "pred_price": 329811.88, "excess_pct": -2.7, "rel_discount": null, "local_mae_pct": 6.5, "pctile": 35.1, "beds": 4.0, "baths": 2.5, "sqft": 1576.0, "lot_sqft": 9099.0, "year_built": 1955.0, "ptype_cat": "single", "days_on_market": 68.0, "n_cuts": 0.0, "cum_cut_pct": 0.0, "days_to_pending": null, "ph_exposure": 0.01, "ph_dist_m": 494.74, "d_fwy": 1999.55, "d_art": 610.29, "school_pi": 60.0, "crime_rate": 46.85, "income": 120625.0, "model_mae_pct": 6.2, "segment": "ppsf:190-300,price:250000-600000", "asof": "2026-09-20 20:52"}, "geometry": {"type": "Point", "coordinates": [-81.601099, 41.13118]}}, {"type": "Feature", "properties": {"address": "778 Sugar Rd", "city": "Copley", "zip": 44321.0, "url": "https://www.redfin.com/OH/Copley/778-Sugar-Rd-44321/home/75507133", "price": 349900.0, "pred_price": 357500.32, "excess_pct": -1.7, "rel_discount": null, "local_mae_pct": 5.15, "pctile": 40.3, "beds": 3.0, "baths": 2.0, "sqft": 1648.0, "lot_sqft": 22611.0, "year_built": 1989.0, "ptype_cat": "single", "days_on_market": 2.0, "n_cuts": 0.0, "cum_cut_pct": 0.0, "days_to_pending": null, "ph_exposure": 0.01, "ph_dist_m": 2543.7, "d_fwy": 511.9, "d_art": 2015.58, "school_pi": 89.7, "crime_rate": null, "income": null, "model_mae_pct": 6.2, "segment": "ppsf:190-300,price:250000-600000", "asof": "2026-09-20 20:52"}, "geometry": {"type": "Point", "coordinates": [-81.615298, 41.10923]}}, {"type": "Feature", "properties": {"address": "2920 Copley Rd", "city": "Copley", "zip": 44321.0, "url": "https://www.redfin.com/OH/Copley/2920-Copley-Rd-44321/home/66268183", "price": 273000.0, "pred_price": 282800.81, "excess_pct": -3.1, "rel_discount": 0.0, "local_mae_pct": 6.6, "pctile": 33.6, "beds": 3.0, "baths": 2.0, "sqft": 1248.0, "lot_sqft": 21601.0, "year_built": 1939.0, "ptype_cat": "single", "days_on_market": 67.0, "n_cuts": 0.0, "cum_cut_pct": 0.0, "days_to_pending": null, "ph_exposure": 0.0, "ph_dist_m": 2855.52, "d_fwy": 2170.68, "d_art": 3719.98, "school_pi": 89.7, "crime_rate": null, "income": 114409.0, "model_mae_pct": 6.2, "segment": "ppsf:190-300,price:250000-600000", "asof": "2026-09-20 20:52"}, "geometry": {"type": "Point", "coordinates": [-81.622676, 41.094583]}}, {"type": "Feature", "properties": {"address": "824 Willow Creek Dr", "city": "Fairlawn", "zip": 44333.0, "url": "https://www.redfin.com/OH/Fairlawn/824-Willow-Creek-Dr-44333/home/66335875", "price": 369000.0, "pred_price": 338662.66, "excess_pct": 9.4, "rel_discount": 7.3, "local_mae_pct": 5.15, "pctile": 81.6, "beds": 3.0, "baths": 3.0, "sqft": 1362.0, "lot_sqft": 4617.0, "year_built": 2005.0, "ptype_cat": "single", "days_on_market": 46.0, "n_cuts": 1.0, "cum_cut_pct": -1.6, "days_to_pending": null, "ph_exposure": 0.01, "ph_dist_m": 878.69, "d_fwy": 3124.79, "d_art": 310.07, "school_pi": 96.7, "crime_rate": null, "income": 134508.0, "model_mae_pct": 6.2, "segment": "ppsf:190-300,price:250000-600000", "asof": "2026-09-20 20:52"}, "geometry": {"type": "Point", "coordinates": [-81.589929, 41.137739]}}, {"type": "Feature", "properties": {"address": "S/L 46 Park Ave N", "city": "Akron", "zip": 44313.0, "url": "https://www.redfin.com/OH/Akron/S-L-46-Park-Ave-N-44313/home/198296230", "price": 439000.0, "pred_price": 318750.25, "excess_pct": 38.1, "rel_discount": 35.7, "local_mae_pct": 6.17, "pctile": 99.7, "beds": 3.0, "baths": 2.0, "sqft": 1500.0, "lot_sqft": 5976.0, "year_built": null, "ptype_cat": "single", "days_on_market": 358.0, "n_cuts": 0.0, "cum_cut_pct": 0.0, "days_to_pending": null, "ph_exposure": 0.55, "ph_dist_m": 266.8, "d_fwy": 1140.04, "d_art": 1122.23, "school_pi": 60.0, "crime_rate": 54.64, "income": 56131.0, "model_mae_pct": 6.2, "segment": "ppsf:190-300,price:250000-600000", "asof": "2026-09-20 20:52"}, "geometry": {"type": "Point", "coordinates": [-81.571985, 41.098971]}}, {"type": "Feature", "properties": {"address": "2513 Saint Francis St", "city": "Akron", "zip": 44333.0, "url": "https://www.redfin.com/OH/Akron/2513-Saint-Francis-St-44333/home/66547548", "price": 439900.0, "pred_price": 417383.25, "excess_pct": 5.8, "rel_discount": 3.4, "local_mae_pct": 6.51, "pctile": 73.1, "beds": 4.0, "baths": 2.5, "sqft": 1928.0, "lot_sqft": 15481.0, "year_built": 1967.0, "ptype_cat": "single", "days_on_market": 33.0, "n_cuts": 3.0, "cum_cut_pct": -7.78, "days_to_pending": null, "ph_exposure": 0.01, "ph_dist_m": 810.2, "d_fwy": 2587.46, "d_art": 91.6, "school_pi": 96.7, "crime_rate": null, "income": 134508.0, "model_mae_pct": 6.2, "segment": "ppsf:190-300,price:250000-600000", "asof": "2026-09-20 20:52"}, "geometry": {"type": "Point", "coordinates": [-81.600325, 41.137099]}}, {"type": "Feature", "properties": {"address": "1581 Denise Dr", "city": "Copley", "zip": 44321.0, "url": "https://www.redfin.com/OH/Copley/1581-Denise-Dr-44321/home/66518582", "price": 475000.0, "pred_price": 516139.84, "excess_pct": -7.6, "rel_discount": -10.0, "local_mae_pct": 5.15, "pctile": 17.7, "beds": 4.0, "baths": 3.0, "sqft": 2476.0, "lot_sqft": 22294.0, "year_built": 1998.0, "ptype_cat": "single", "days_on_market": 72.0, "n_cuts": 1.0, "cum_cut_pct": -4.98, "days_to_pending": null, "ph_exposure": 0.0, "ph_dist_m": 2979.31, "d_fwy": 2619.01, "d_art": 4172.6, "school_pi": 89.7, "crime_rate": null, "income": 114409.0, "model_mae_pct": 6.2, "segment": "ppsf:190-300,price:250000-600000", "asof": "2026-09-20 20:52"}, "geometry": {"type": "Point", "coordinates": [-81.622981, 41.089896]}}, {"type": "Feature", "properties": {"address": "1165 Jonah Dr", "city": "Copley", "zip": 44321.0, "url": "https://www.redfin.com/OH/Copley/1165-Jonah-Dr-44321/home/79868942", "price": 557500.0, "pred_price": 537355.37, "excess_pct": 4.1, "rel_discount": 1.2, "local_mae_pct": 5.15, "pctile": 65.9, "beds": 4.0, "baths": 3.5, "sqft": 2561.0, "lot_sqft": 12401.0, "year_built": 2009.0, "ptype_cat": "single", "days_on_market": 2.0, "n_cuts": 1.0, "cum_cut_pct": -0.45, "days_to_pending": null, "ph_exposure": 0.0, "ph_dist_m": 6018.76, "d_fwy": 307.22, "d_art": 3588.79, "school_pi": 89.7, "crime_rate": null, "income": 132021.0, "model_mae_pct": 6.2, "segment": "ppsf:190-300,price:250000-600000", "asof": "2026-09-20 20:52"}, "geometry": {"type": "Point", "coordinates": [-81.660024, 41.103627]}}, {"type": "Feature", "properties": {"address": "2120 Ridgewood Rd", "city": "Akron", "zip": 44313.0, "url": "https://www.redfin.com/OH/Akron/2120-Ridgewood-Rd-44313/home/75526501", "price": 599000.0, "pred_price": 448293.96, "excess_pct": 34.0, "rel_discount": 31.1, "local_mae_pct": 6.61, "pctile": 99.0, "beds": 3.0, "baths": 2.5, "sqft": 2244.0, "lot_sqft": 16378.0, "year_built": 1927.0, "ptype_cat": "single", "days_on_market": 67.0, "n_cuts": 0.0, "cum_cut_pct": 0.0, "days_to_pending": null, "ph_exposure": 0.28, "ph_dist_m": 1217.97, "d_fwy": 1071.96, "d_art": 464.05, "school_pi": 60.0, "crime_rate": 54.64, "income": 71917.0, "model_mae_pct": 6.2, "segment": "ppsf:190-300,price:250000-600000", "asof": "2026-09-20 20:52"}, "geometry": {"type": "Point", "coordinates": [-81.590943, 41.114177]}}, {"type": "Feature", "properties": {"address": "8449 Settlers Psge", "city": "Brecksville", "zip": 44141.0, "url": "https://www.redfin.com/OH/Brecksville/8449-Settlers-Psge-44141/home/70934153", "price": 529900.0, "pred_price": 513141.1, "excess_pct": 3.7, "rel_discount": -2.4, "local_mae_pct": 5.15, "pctile": 64.1, "beds": 3.0, "baths": 2.5, "sqft": 2380.0, "lot_sqft": 12919.0, "year_built": 1993.0, "ptype_cat": "single", "days_on_market": 10.0, "n_cuts": 1.0, "cum_cut_pct": -3.64, "days_to_pending": null, "ph_exposure": 0.0, "ph_dist_m": 8194.15, "d_fwy": 3484.68, "d_art": 2999.54, "school_pi": 96.9, "crime_rate": 5.06, "income": 152656.0, "model_mae_pct": 6.2, "segment": "ppsf:190-300,price:250000-600000", "asof": "2026-09-20 20:52"}, "geometry": {"type": "Point", "coordinates": [-81.607055, 41.332562]}}, {"type": "Feature", "properties": {"address": "3277 Mayfair Rd", "city": "Green", "zip": 44312.0, "url": "https://www.redfin.com/OH/Green/3277-Mayfair-Rd-44312/home/66506199", "price": 265000.0, "pred_price": 283896.62, "excess_pct": -6.3, "rel_discount": -3.2, "local_mae_pct": 6.6, "pctile": 21.7, "beds": 3.0, "baths": 2.0, "sqft": 992.0, "lot_sqft": 14000.0, "year_built": 1945.0, "ptype_cat": "single", "days_on_market": 20.0, "n_cuts": 1.0, "cum_cut_pct": -3.64, "days_to_pending": null, "ph_exposure": 0.01, "ph_dist_m": 2194.08, "d_fwy": 2586.67, "d_art": 429.16, "school_pi": 90.1, "crime_rate": null, "income": 65000.0, "model_mae_pct": 6.2, "segment": "ppsf:190-300,price:250000-600000", "asof": "2026-09-20 20:52"}, "geometry": {"type": "Point", "coordinates": [-81.440725, 40.979392]}}, {"type": "Feature", "properties": {"address": "2808 Lynne Rd", "city": "Green", "zip": 44312.0, "url": "https://www.redfin.com/OH/Green/2808-Lynne-Rd-44312/home/66532964", "price": 260000.0, "pred_price": 289731.18, "excess_pct": -9.9, "rel_discount": -6.8, "local_mae_pct": 6.5, "pctile": 9.7, "beds": 3.0, "baths": 2.5, "sqft": 1056.0, "lot_sqft": 19998.0, "year_built": 1973.0, "ptype_cat": "single", "days_on_market": 18.0, "n_cuts": 1.0, "cum_cut_pct": -5.45, "days_to_pending": null, "ph_exposure": 0.0, "ph_dist_m": 3251.89, "d_fwy": 2817.06, "d_art": 1305.37, "school_pi": 90.1, "crime_rate": null, "income": 65000.0, "model_mae_pct": 6.2, "segment": "ppsf:190-300,price:250000-600000", "asof": "2026-09-20 20:52"}, "geometry": {"type": "Point", "coordinates": [-81.448385, 40.987755]}}, {"type": "Feature", "properties": {"address": "3250 Mayfair Rd", "city": "Green", "zip": 44312.0, "url": "https://www.redfin.com/OH/Green/3250-Mayfair-Rd-44312/home/75532904", "price": 265000.0, "pred_price": 290531.14, "excess_pct": -8.4, "rel_discount": -5.3, "local_mae_pct": 6.5, "pctile": 15.0, "beds": 3.0, "baths": 1.0, "sqft": 1280.0, "lot_sqft": 97574.0, "year_built": 1952.0, "ptype_cat": "single", "days_on_market": 92.0, "n_cuts": 0.0, "cum_cut_pct": 0.0, "days_to_pending": null, "ph_exposure": 0.01, "ph_dist_m": 2232.04, "d_fwy": 2531.15, "d_art": 461.48, "school_pi": 90.1, "crime_rate": null, "income": 65000.0, "model_mae_pct": 6.2, "segment": "ppsf:190-300,price:250000-600000", "asof": "2026-09-20 20:52"}, "geometry": {"type": "Point", "coordinates": [-81.4418, 40.979588]}}, {"type": "Feature", "properties": {"address": "2848 Pressler Rd", "city": "Green", "zip": 44685.0, "url": "https://www.redfin.com/OH/Green/2848-Pressler-Rd-44685/home/79875015", "price": 269900.0, "pred_price": 269260.21, "excess_pct": 0.6, "rel_discount": 3.8, "local_mae_pct": 6.5, "pctile": 53.5, "beds": 3.0, "baths": 1.0, "sqft": 1096.0, "lot_sqft": 21801.0, "year_built": 1969.0, "ptype_cat": "single", "days_on_market": 9.0, "n_cuts": 0.0, "cum_cut_pct": 0.0, "days_to_pending": null, "ph_exposure": 0.0, "ph_dist_m": 3171.41, "d_fwy": 3182.57, "d_art": 1405.3, "school_pi": 90.1, "crime_rate": null, "income": 65000.0, "model_mae_pct": 6.2, "segment": "ppsf:190-300,price:250000-600000", "asof": "2026-09-20 20:52"}, "geometry": {"type": "Point", "coordinates": [-81.442637, 40.988076]}}, {"type": "Feature", "properties": {"address": "1977 Massillon Rd", "city": "Akron", "zip": 44312.0, "url": "https://www.redfin.com/OH/Akron/1977-Massillon-Rd-44312/home/80031945", "price": 270000.0, "pred_price": 296885.33, "excess_pct": -8.7, "rel_discount": -5.6, "local_mae_pct": 6.51, "pctile": 13.3, "beds": 4.0, "baths": 2.0, "sqft": 1402.0, "lot_sqft": 18417.0, "year_built": 1973.0, "ptype_cat": "single", "days_on_market": 61.0, "n_cuts": 0.0, "cum_cut_pct": 0.0, "days_to_pending": null, "ph_exposure": 0.03, "ph_dist_m": 1769.49, "d_fwy": 2596.88, "d_art": 37.13, "school_pi": 71.0, "crime_rate": null, "income": 79688.0, "model_mae_pct": 6.2, "segment": "ppsf:190-300,price:250000-600000", "asof": "2026-09-20 20:52"}, "geometry": {"type": "Point", "coordinates": [-81.46321, 41.007549]}}, {"type": "Feature", "properties": {"address": "1970 Cherrywood Ln", "city": "Akron", "zip": 44312.0, "url": "https://www.redfin.com/OH/Akron/1970-Cherrywood-Ln-44312/home/66243314", "price": 317500.0, "pred_price": 335667.58, "excess_pct": -5.0, "rel_discount": null, "local_mae_pct": 5.16, "pctile": 26.5, "beds": 3.0, "baths": 2.5, "sqft": 1616.0, "lot_sqft": 13416.0, "year_built": 1997.0, "ptype_cat": "single", "days_on_market": 43.0, "n_cuts": 0.0, "cum_cut_pct": 0.0, "days_to_pending": null, "ph_exposure": 0.19, "ph_dist_m": 1028.35, "d_fwy": 3106.22, "d_art": 292.18, "school_pi": 60.0, "crime_rate": 54.64, "income": 62870.0, "model_mae_pct": 6.2, "segment": "ppsf:190-300,price:250000-600000", "asof": "2026-09-20 20:52"}, "geometry": {"type": "Point", "coordinates": [-81.455725, 41.032804]}}, {"type": "Feature", "properties": {"address": "994 Bookman Ave", "city": "Akron", "zip": 44312.0, "url": "https://www.redfin.com/OH/Akron/994-Bookman-Ave-44312/home/195199058", "price": 359500.0, "pred_price": 346409.22, "excess_pct": 4.2, "rel_discount": 2.1, "local_mae_pct": 5.79, "pctile": 66.9, "beds": 3.0, "baths": 2.0, "sqft": 1559.0, "lot_sqft": 6969.0, "year_built": 2025.0, "ptype_cat": "single", "days_on_market": 273.0, "n_cuts": 0.0, "cum_cut_pct": 0.0, "days_to_pending": null, "ph_exposure": 0.04, "ph_dist_m": 1043.09, "d_fwy": 4793.65, "d_art": 521.71, "school_pi": 71.0, "crime_rate": null, "income": 43409.0, "model_mae_pct": 6.2, "segment": "ppsf:190-300,price:250000-600000", "asof": "2026-09-20 20:52"}, "geometry": {"type": "Point", "coordinates": [-81.409623, 41.025407]}}, {"type": "Feature", "properties": {"address": "3246 E Waterloo Rd", "city": "Akron", "zip": 44312.0, "url": "https://www.redfin.com/OH/Akron/3246-E-Waterloo-Rd-44312/home/79899759", "price": 384200.0, "pred_price": 388252.28, "excess_pct": -0.6, "rel_discount": -2.7, "local_mae_pct": 5.16, "pctile": 47.1, "beds": 3.0, "baths": 2.0, "sqft": 1872.0, "lot_sqft": 31798.0, "year_built": 1986.0, "ptype_cat": "single", "days_on_market": 5.0, "n_cuts": 0.0, "cum_cut_pct": 0.0, "days_to_pending": null, "ph_exposure": 0.04, "ph_dist_m": 705.0, "d_fwy": 4427.36, "d_art": 302.46, "school_pi": 71.0, "crime_rate": null, "income": 43409.0, "model_mae_pct": 6.2, "segment": "ppsf:190-300,price:250000-600000", "asof": "2026-09-20 20:52"}, "geometry": {"type": "Point", "coordinates": [-81.415167, 41.027301]}}, {"type": "Feature", "properties": {"address": "3348 Stratford Grn", "city": "Green", "zip": 44685.0, "url": "https://www.redfin.com/OH/Green/3348-Stratford-Grn-44685/home/100623769", "price": 390000.0, "pred_price": 426836.5, "excess_pct": -8.2, "rel_discount": -10.3, "local_mae_pct": 5.15, "pctile": 15.5, "beds": 3.0, "baths": 2.0, "sqft": 1985.0, "lot_sqft": null, "year_built": 2003.0, "ptype_cat": "single", "days_on_market": 98.0, "n_cuts": 0.0, "cum_cut_pct": 0.0, "days_to_pending": null, "ph_exposure": 0.1, "ph_dist_m": 1169.92, "d_fwy": 2206.65, "d_art": 594.28, "school_pi": 90.1, "crime_rate": null, "income": 143365.0, "model_mae_pct": 6.2, "segment": "ppsf:190-300,price:250000-600000", "asof": "2026-09-20 20:52"}, "geometry": {"type": "Point", "coordinates": [-81.437612, 40.970397]}}, {"type": "Feature", "properties": {"address": "3426 Sherbrook Dr", "city": "Uniontown", "zip": 44685.0, "url": "https://www.redfin.com/OH/Uniontown/3426-Sherbrook-Dr-44685/home/75513754", "price": 449900.0, "pred_price": 404265.94, "excess_pct": 11.7, "rel_discount": 9.2, "local_mae_pct": 5.15, "pctile": 85.0, "beds": 3.0, "baths": 2.5, "sqft": 1905.0, "lot_sqft": 71534.0, "year_built": 1997.0, "ptype_cat": "single", "days_on_market": 3.0, "n_cuts": 0.0, "cum_cut_pct": 0.0, "days_to_pending": null, "ph_exposure": 0.0, "ph_dist_m": 4278.17, "d_fwy": 6401.5, "d_art": 488.66, "school_pi": 71.0, "crime_rate": null, "income": 100347.0, "model_mae_pct": 6.2, "segment": "ppsf:190-300,price:250000-600000", "asof": "2026-09-20 20:52"}, "geometry": {"type": "Point", "coordinates": [-81.399772, 40.995022]}}, {"type": "Feature", "properties": {"address": "3741 Muirfield Dr", "city": "Green", "zip": 44685.0, "url": "https://www.redfin.com/OH/Green/3741-Muirfield-Dr-44685/home/75509029", "price": 449900.0, "pred_price": 426116.66, "excess_pct": 6.0, "rel_discount": 3.5, "local_mae_pct": 6.5, "pctile": 73.5, "beds": 3.0, "baths": 3.0, "sqft": 2051.0, "lot_sqft": 11569.0, "year_built": 1978.0, "ptype_cat": "single", "days_on_market": 15.0, "n_cuts": 0.0, "cum_cut_pct": 0.0, "days_to_pending": null, "ph_exposure": 0.14, "ph_dist_m": 1144.35, "d_fwy": 829.11, "d_art": 1292.01, "school_pi": 90.1, "crime_rate": null, "income": 75631.0, "model_mae_pct": 6.2, "segment": "ppsf:190-300,price:250000-600000", "asof": "2026-09-20 20:52"}, "geometry": {"type": "Point", "coordinates": [-81.449743, 40.962026]}}, {"type": "Feature", "properties": {"address": "2322 Westport Dr", "city": "Akron", "zip": 44312.0, "url": "https://www.redfin.com/OH/Akron/2322-Westport-Dr-44312/home/75490432", "price": 360000.0, "pred_price": 334454.64, "excess_pct": 8.0, "rel_discount": 5.9, "local_mae_pct": 5.16, "pctile": 78.7, "beds": 3.0, "baths": 2.0, "sqft": 1648.0, "lot_sqft": 21941.0, "year_built": 1988.0, "ptype_cat": "single", "days_on_market": 37.0, "n_cuts": 0.0, "cum_cut_pct": 0.0, "days_to_pending": null, "ph_exposure": 0.0, "ph_dist_m": 3015.83, "d_fwy": 4324.68, "d_art": 1974.7, "school_pi": 71.0, "crime_rate": null, "income": 87778.0, "model_mae_pct": 6.2, "segment": "ppsf:190-300,price:250000-600000", "asof": "2026-09-20 20:52"}, "geometry": {"type": "Point", "coordinates": [-81.439305, 41.000394]}}, {"type": "Feature", "properties": {"address": "4332 Evergreen Ct", "city": "Green", "zip": 44720.0, "url": "https://www.redfin.com/OH/Green/4332-Evergreen-Ct-44720/home/185145484", "price": 575000.0, "pred_price": 481717.85, "excess_pct": 19.8, "rel_discount": 16.9, "local_mae_pct": 5.79, "pctile": 95.4, "beds": 2.0, "baths": 2.0, "sqft": 2000.0, "lot_sqft": 9892.0, "year_built": 2025.0, "ptype_cat": "single", "days_on_market": 60.0, "n_cuts": 0.0, "cum_cut_pct": 0.0, "days_to_pending": null, "ph_exposure": 0.14, "ph_dist_m": 716.03, "d_fwy": 1194.33, "d_art": 234.58, "school_pi": 90.1, "crime_rate": null, "income": 129583.0, "model_mae_pct": 6.2, "segment": "ppsf:190-300,price:250000-600000", "asof": "2026-09-20 20:52"}, "geometry": {"type": "Point", "coordinates": [-81.461975, 40.942822]}}, {"type": "Feature", "properties": {"address": "2932 Willow Way", "city": "Norton", "zip": 44203.0, "url": "https://www.redfin.com/OH/Norton/2932-Willow-Way-44203/home/202672801", "price": 474890.0, "pred_price": 440145.79, "excess_pct": 8.3, "rel_discount": 5.8, "local_mae_pct": 5.79, "pctile": 79.5, "beds": 3.0, "baths": 2.0, "sqft": 1962.0, "lot_sqft": 13159.0, "year_built": 2026.0, "ptype_cat": "single", "days_on_market": 75.0, "n_cuts": 0.0, "cum_cut_pct": 0.0, "days_to_pending": null, "ph_exposure": 0.0, "ph_dist_m": 1649.01, "d_fwy": 604.37, "d_art": 2664.16, "school_pi": 86.7, "crime_rate": null, "income": 98601.0, "model_mae_pct": 6.2, "segment": "ppsf:190-300,price:250000-600000", "asof": "2026-09-20 20:52"}, "geometry": {"type": "Point", "coordinates": [-81.632183, 41.033755]}}, {"type": "Feature", "properties": {"address": "3753 Golden Wood Way", "city": "Green", "zip": 44685.0, "url": "https://www.redfin.com/OH/Green/3753-Golden-Wood-Way-44685/home/190208944", "price": 574255.0, "pred_price": 579872.31, "excess_pct": -0.6, "rel_discount": -3.5, "local_mae_pct": 5.79, "pctile": 47.1, "beds": 4.0, "baths": 3.5, "sqft": 2962.0, "lot_sqft": 11325.0, "year_built": 2026.0, "ptype_cat": "single", "days_on_market": 61.0, "n_cuts": 1.0, "cum_cut_pct": 0.0, "days_to_pending": null, "ph_exposure": 0.01, "ph_dist_m": 2249.23, "d_fwy": 959.67, "d_art": 1494.02, "school_pi": 90.1, "crime_rate": null, "income": 96311.0, "model_mae_pct": 6.2, "segment": "ppsf:190-300,price:250000-600000", "asof": "2026-09-20 20:52"}, "geometry": {"type": "Point", "coordinates": [-81.483157, 40.965775]}}, {"type": "Feature", "properties": {"address": "2659 Laforce Dr", "city": "Coventry Township", "zip": 44319.0, "url": "https://www.redfin.com/OH/Coventry-Township/2659-Laforce-Dr-44319/home/75485900", "price": 314500.0, "pred_price": 303113.01, "excess_pct": 4.2, "rel_discount": null, "local_mae_pct": 6.5, "pctile": 66.9, "beds": 3.0, "baths": 2.0, "sqft": 1400.0, "lot_sqft": 34747.0, "year_built": 1959.0, "ptype_cat": "single", "days_on_market": 18.0, "n_cuts": 0.0, "cum_cut_pct": 0.0, "days_to_pending": null, "ph_exposure": 0.01, "ph_dist_m": 2116.17, "d_fwy": 718.23, "d_art": 2057.1, "school_pi": 77.8, "crime_rate": 54.64, "income": 99850.0, "model_mae_pct": 6.2, "segment": "ppsf:190-300,price:250000-600000", "asof": "2026-09-20 20:52"}, "geometry": {"type": "Point", "coordinates": [-81.502974, 41.006695]}}, {"type": "Feature", "properties": {"address": "718 Easter Ave", "city": "Akron", "zip": 44307.0, "url": "https://www.redfin.com/OH/Akron/718-Easter-Ave-44307/home/66358142", "price": 269000.0, "pred_price": 255665.72, "excess_pct": 5.6, "rel_discount": 8.8, "local_mae_pct": 6.61, "pctile": 72.0, "beds": 3.0, "baths": 2.0, "sqft": 1100.0, "lot_sqft": 6250.0, "year_built": 1923.0, "ptype_cat": "single", "days_on_market": 104.0, "n_cuts": 0.0, "cum_cut_pct": 0.0, "days_to_pending": null, "ph_exposure": 3.01, "ph_dist_m": 148.14, "d_fwy": 929.92, "d_art": 2048.86, "school_pi": 60.0, "crime_rate": 54.64, "income": 48585.0, "model_mae_pct": 6.2, "segment": "ppsf:190-300,price:250000-600000", "asof": "2026-09-20 20:52"}, "geometry": {"type": "Point", "coordinates": [-81.549141, 41.07474]}}, {"type": "Feature", "properties": {"address": "317 E Linwood Ave", "city": "Akron", "zip": 44301.0, "url": "https://www.redfin.com/OH/Akron/317-E-Linwood-Ave-44301/home/75473810", "price": 269999.0, "pred_price": 294939.34, "excess_pct": -8.1, "rel_discount": -5.0, "local_mae_pct": 6.51, "pctile": 15.8, "beds": 2.0, "baths": 3.0, "sqft": 1311.0, "lot_sqft": 8184.0, "year_built": 1979.0, "ptype_cat": "single", "days_on_market": 112.0, "n_cuts": 0.0, "cum_cut_pct": 0.0, "days_to_pending": null, "ph_exposure": 0.27, "ph_dist_m": 313.68, "d_fwy": 803.8, "d_art": 865.27, "school_pi": 60.0, "crime_rate": 54.64, "income": 92458.0, "model_mae_pct": 6.2, "segment": "ppsf:190-300,price:250000-600000", "asof": "2026-09-20 20:52"}, "geometry": {"type": "Point", "coordinates": [-81.515452, 41.031909]}}, {"type": "Feature", "properties": {"address": "2805 Glencoe", "city": "Coventry Township", "zip": 44319.0, "url": "https://www.redfin.com/OH/Coventry-Township/2805-N-Glencoe-Dr-44319/home/75530455", "price": 285900.0, "pred_price": 269942.0, "excess_pct": 6.3, "rel_discount": 9.4, "local_mae_pct": 6.5, "pctile": 74.6, "beds": 3.0, "baths": 2.0, "sqft": 1308.0, "lot_sqft": 24999.0, "year_built": 1954.0, "ptype_cat": "single", "days_on_market": 85.0, "n_cuts": 3.0, "cum_cut_pct": -0.69, "days_to_pending": null, "ph_exposure": 0.02, "ph_dist_m": 1811.83, "d_fwy": 1318.2, "d_art": 1320.62, "school_pi": 77.8, "crime_rate": null, "income": 54778.0, "model_mae_pct": 6.2, "segment": "ppsf:190-300,price:250000-600000", "asof": "2026-09-20 20:52"}, "geometry": {"type": "Point", "coordinates": [-81.525545, 41.011598]}}, {"type": "Feature", "properties": {"address": "806 E Warner Rd", "city": "Coventry Township", "zip": 44319.0, "url": "https://www.redfin.com/OH/Coventry-Township/806-E-Warner-Rd-44319/home/163369960", "price": 474000.0, "pred_price": 459124.19, "excess_pct": 3.6, "rel_discount": 1.2, "local_mae_pct": 6.5, "pctile": 63.7, "beds": 3.0, "baths": 1.5, "sqft": 2236.0, "lot_sqft": 421660.0, "year_built": 1953.0, "ptype_cat": "single", "days_on_market": 1.0, "n_cuts": 0.0, "cum_cut_pct": 0.0, "days_to_pending": null, "ph_exposure": 0.02, "ph_dist_m": 1789.79, "d_fwy": 63.37, "d_art": 2064.98, "school_pi": 71.0, "crime_rate": 54.64, "income": 75750.0, "model_mae_pct": 6.2, "segment": "ppsf:190-300,price:250000-600000", "asof": "2026-09-20 20:52"}, "geometry": {"type": "Point", "coordinates": [-81.495202, 41.007062]}}, {"type": "Feature", "properties": {"address": "2677 Summit Rd", "city": "Copley", "zip": 44321.0, "url": "https://www.redfin.com/OH/Copley/2677-Summit-Rd-44321/home/100633792", "price": 449000.0, "pred_price": 446482.53, "excess_pct": 1.0, "rel_discount": -1.5, "local_mae_pct": 5.15, "pctile": 55.1, "beds": 3.0, "baths": 4.0, "sqft": 2176.0, "lot_sqft": 65340.0, "year_built": 1989.0, "ptype_cat": "single", "days_on_market": 130.0, "n_cuts": 0.0, "cum_cut_pct": 0.0, "days_to_pending": null, "ph_exposure": 0.0, "ph_dist_m": 4053.16, "d_fwy": 2872.34, "d_art": 5359.1, "school_pi": 89.7, "crime_rate": null, "income": 114409.0, "model_mae_pct": 6.2, "segment": "ppsf:190-300,price:250000-600000", "asof": "2026-09-20 20:52"}, "geometry": {"type": "Point", "coordinates": [-81.628894, 41.071388]}}, {"type": "Feature", "properties": {"address": "3663 Great Windsor Ln", "city": "Green", "zip": 44685.0, "url": "https://www.redfin.com/OH/Green/3663-Great-Windsor-Ln-44685/home/200998487", "price": 529900.0, "pred_price": 528346.53, "excess_pct": 0.7, "rel_discount": -2.2, "local_mae_pct": 5.79, "pctile": 53.8, "beds": 5.0, "baths": 3.0, "sqft": 2478.0, "lot_sqft": null, "year_built": 2026.0, "ptype_cat": "single", "days_on_market": 67.0, "n_cuts": 0.0, "cum_cut_pct": 0.0, "days_to_pending": null, "ph_exposure": 0.01, "ph_dist_m": 1910.22, "d_fwy": 1399.58, "d_art": 2130.36, "school_pi": 90.1, "crime_rate": null, "income": 96311.0, "model_mae_pct": 6.2, "segment": "ppsf:190-300,price:250000-600000", "asof": "2026-09-20 20:52"}, "geometry": {"type": "Point", "coordinates": [-81.49074, 40.966218]}}, {"type": "Feature", "properties": {"address": "477 Franklin Ave", "city": "Barberton", "zip": 44203.0, "url": "https://www.redfin.com/OH/Barberton/477-Franklin-Ave-44203/home/66337561", "price": 269900.0, "pred_price": 296421.1, "excess_pct": -8.5, "rel_discount": -5.4, "local_mae_pct": 5.15, "pctile": 14.4, "beds": 3.0, "baths": 3.0, "sqft": 1402.0, "lot_sqft": 4817.0, "year_built": 2004.0, "ptype_cat": "single", "days_on_market": 1.0, "n_cuts": null, "cum_cut_pct": null, "days_to_pending": null, "ph_exposure": 0.26, "ph_dist_m": 516.61, "d_fwy": 1825.88, "d_art": 653.58, "school_pi": 72.3, "crime_rate": null, "income": 44352.0, "model_mae_pct": 6.2, "segment": "ppsf:190-300,price:250000-600000", "asof": "2026-09-20 20:52"}, "geometry": {"type": "Point", "coordinates": [-81.588432, 41.020559]}}, {"type": "Feature", "properties": {"address": "3702 Creedmoor Rd", "city": "Norton", "zip": 44203.0, "url": "https://www.redfin.com/OH/Norton/3702-Creedmoor-Rd-44203/home/200999045", "price": 320780.0, "pred_price": 317583.73, "excess_pct": 1.4, "rel_discount": null, "local_mae_pct": 5.79, "pctile": 57.2, "beds": 2.0, "baths": 2.0, "sqft": 1188.0, "lot_sqft": null, "year_built": 2026.0, "ptype_cat": "single", "days_on_market": 51.0, "n_cuts": 1.0, "cum_cut_pct": -16.24, "days_to_pending": null, "ph_exposure": 0.0, "ph_dist_m": 3469.84, "d_fwy": 320.38, "d_art": 3760.47, "school_pi": 86.7, "crime_rate": null, "income": 90781.0, "model_mae_pct": 6.2, "segment": "ppsf:190-300,price:250000-600000", "asof": "2026-09-20 20:52"}, "geometry": {"type": "Point", "coordinates": [-81.659866, 41.035561]}}, {"type": "Feature", "properties": {"address": "3892 Higgins Dr", "city": "Norton", "zip": 44203.0, "url": "https://www.redfin.com/OH/Norton/3892-Higgins-Dr-44203/home/179342732", "price": 344900.0, "pred_price": 372923.88, "excess_pct": -7.1, "rel_discount": null, "local_mae_pct": 5.79, "pctile": 18.5, "beds": 3.0, "baths": 2.0, "sqft": 1560.0, "lot_sqft": 10615.0, "year_built": 2023.0, "ptype_cat": "single", "days_on_market": 3.0, "n_cuts": 0.0, "cum_cut_pct": 0.0, "days_to_pending": null, "ph_exposure": 0.0, "ph_dist_m": 3085.96, "d_fwy": 412.77, "d_art": 3157.55, "school_pi": 86.7, "crime_rate": null, "income": 90781.0, "model_mae_pct": 6.2, "segment": "ppsf:190-300,price:250000-600000", "asof": "2026-09-20 20:52"}, "geometry": {"type": "Point", "coordinates": [-81.659984, 41.029312]}}, {"type": "Feature", "properties": {"address": "1223 Selena Grv", "city": "Green", "zip": 44685.0, "url": "https://www.redfin.com/OH/Green/1223-Selena-Grv-44685/home/185143198", "price": 439900.0, "pred_price": 494014.97, "excess_pct": -10.6, "rel_discount": -13.0, "local_mae_pct": 5.79, "pctile": 8.8, "beds": 4.0, "baths": 3.5, "sqft": 2016.0, "lot_sqft": 7161.0, "year_built": 2023.0, "ptype_cat": "single", "days_on_market": 86.0, "n_cuts": 0.0, "cum_cut_pct": 0.0, "days_to_pending": null, "ph_exposure": 0.0, "ph_dist_m": 2072.03, "d_fwy": 221.96, "d_art": 1108.37, "school_pi": 90.1, "crime_rate": null, "income": 96311.0, "model_mae_pct": 6.2, "segment": "ppsf:190-300,price:250000-600000", "asof": "2026-09-20 20:52"}, "geometry": {"type": "Point", "coordinates": [-81.478318, 40.971622]}}, {"type": "Feature", "properties": {"address": "5261 Dailey Rd", "city": "New Franklin", "zip": 44319.0, "url": "https://www.redfin.com/OH/New-Franklin/5261-Dailey-Rd-44319/home/75508143", "price": 324900.0, "pred_price": 401229.32, "excess_pct": -18.6, "rel_discount": null, "local_mae_pct": 6.6, "pctile": 0.8, "beds": 5.0, "baths": 3.0, "sqft": 1695.0, "lot_sqft": 57960.0, "year_built": 1938.0, "ptype_cat": "single", "days_on_market": 12.0, "n_cuts": 0.0, "cum_cut_pct": 0.0, "days_to_pending": null, "ph_exposure": 0.0, "ph_dist_m": 5460.01, "d_fwy": 6033.83, "d_art": 2068.45, "school_pi": 88.6, "crime_rate": 7.0, "income": 97750.0, "model_mae_pct": 6.2, "segment": "ppsf:190-300,price:250000-600000", "asof": "2026-09-20 20:52"}, "geometry": {"type": "Point", "coordinates": [-81.543332, 40.94692]}}, {"type": "Feature", "properties": {"address": "3783 Cayugas Dr", "city": "Green", "zip": 44319.0, "url": "https://www.redfin.com/OH/Green/3783-Cayugas-Dr-44319/home/100636373", "price": 324900.0, "pred_price": 304647.08, "excess_pct": 7.0, "rel_discount": null, "local_mae_pct": 6.5, "pctile": 76.9, "beds": 3.0, "baths": 2.0, "sqft": 1464.0, "lot_sqft": 19998.0, "year_built": 1965.0, "ptype_cat": "single", "days_on_market": 10.0, "n_cuts": 0.0, "cum_cut_pct": 0.0, "days_to_pending": null, "ph_exposure": 0.03, "ph_dist_m": 1326.86, "d_fwy": 1825.04, "d_art": 3922.97, "school_pi": 90.1, "crime_rate": null, "income": 75179.0, "model_mae_pct": 6.2, "segment": "ppsf:190-300,price:250000-600000", "asof": "2026-09-20 20:52"}, "geometry": {"type": "Point", "coordinates": [-81.513759, 40.979654]}}, {"type": "Feature", "properties": {"address": "1524 Hightower Dr", "city": "Green", "zip": 44685.0, "url": "https://www.redfin.com/OH/Green/1524-Hightower-Dr-44685/home/75509481", "price": 349000.0, "pred_price": 318353.11, "excess_pct": 10.0, "rel_discount": null, "local_mae_pct": 5.15, "pctile": 82.4, "beds": 4.0, "baths": 2.0, "sqft": 1532.0, "lot_sqft": 22002.0, "year_built": 1986.0, "ptype_cat": "single", "days_on_market": 44.0, "n_cuts": 1.0, "cum_cut_pct": -2.71, "days_to_pending": null, "ph_exposure": 0.07, "ph_dist_m": 1057.56, "d_fwy": 2337.44, "d_art": 1223.95, "school_pi": 90.1, "crime_rate": null, "income": 113517.0, "model_mae_pct": 6.2, "segment": "ppsf:190-300,price:250000-600000", "asof": "2026-09-20 20:52"}, "geometry": {"type": "Point", "coordinates": [-81.479499, 40.944136]}}, {"type": "Feature", "properties": {"address": "2664 Biscayne Dr", "city": "Akron", "zip": 44319.0, "url": "https://www.redfin.com/OH/Akron/2664-Biscayne-Dr-44319/home/100642631", "price": 349900.0, "pred_price": 347574.87, "excess_pct": 1.1, "rel_discount": null, "local_mae_pct": 6.51, "pctile": 55.7, "beds": 4.0, "baths": 3.0, "sqft": 1668.0, "lot_sqft": 19140.0, "year_built": 1965.0, "ptype_cat": "single", "days_on_market": 58.0, "n_cuts": 0.0, "cum_cut_pct": 0.0, "days_to_pending": null, "ph_exposure": 0.01, "ph_dist_m": 1981.48, "d_fwy": 244.54, "d_art": 2268.45, "school_pi": 71.0, "crime_rate": null, "income": 81563.0, "model_mae_pct": 6.2, "segment": "ppsf:190-300,price:250000-600000", "asof": "2026-09-20 20:52"}, "geometry": {"type": "Point", "coordinates": [-81.490764, 40.999295]}}, {"type": "Feature", "properties": {"address": "3397 Buckeye Trl", "city": "Green", "zip": 44685.0, "url": "https://www.redfin.com/OH/Green/3397-Buckeye-Trl-44685/home/190208883", "price": 395000.0, "pred_price": 389375.32, "excess_pct": 1.8, "rel_discount": -0.3, "local_mae_pct": 5.79, "pctile": 58.1, "beds": 3.0, "baths": 2.5, "sqft": 1869.0, "lot_sqft": 6372.0, "year_built": 2025.0, "ptype_cat": "single", "days_on_market": 113.0, "n_cuts": 0.0, "cum_cut_pct": 0.0, "days_to_pending": null, "ph_exposure": 0.0, "ph_dist_m": 2254.56, "d_fwy": 129.43, "d_art": 921.49, "school_pi": 90.1, "crime_rate": null, "income": 96311.0, "model_mae_pct": 6.2, "segment": "ppsf:190-300,price:250000-600000", "asof": "2026-09-20 20:52"}, "geometry": {"type": "Point", "coordinates": [-81.47618, 40.971075]}}, {"type": "Feature", "properties": {"address": "988 E Turkeyfoot Lake Rd", "city": "Green", "zip": 44312.0, "url": "https://www.redfin.com/OH/Green/988-E-Turkeyfoot-Lake-Rd-44312/home/66254709", "price": 399900.0, "pred_price": 369941.77, "excess_pct": 8.5, "rel_discount": 6.4, "local_mae_pct": 6.6, "pctile": 80.2, "beds": 3.0, "baths": 2.0, "sqft": 1710.0, "lot_sqft": 43560.0, "year_built": 1943.0, "ptype_cat": "single", "days_on_market": 8.0, "n_cuts": 0.0, "cum_cut_pct": 0.0, "days_to_pending": null, "ph_exposure": 0.02, "ph_dist_m": 1329.12, "d_fwy": 728.16, "d_art": 1968.03, "school_pi": 90.1, "crime_rate": null, "income": 96311.0, "model_mae_pct": 6.2, "segment": "ppsf:190-300,price:250000-600000", "asof": "2026-09-20 20:52"}, "geometry": {"type": "Point", "coordinates": [-81.488326, 40.973198]}}, {"type": "Feature", "properties": {"address": "4216 State Rd", "city": "New Franklin", "zip": 44319.0, "url": "https://www.redfin.com/OH/New-Franklin/4216-State-Rd-44319/home/75531908", "price": 283900.0, "pred_price": 301542.31, "excess_pct": -5.5, "rel_discount": -2.4, "local_mae_pct": 6.5, "pctile": 24.5, "beds": 3.0, "baths": 1.5, "sqft": 1394.0, "lot_sqft": 27373.0, "year_built": 1953.0, "ptype_cat": "single", "days_on_market": 19.0, "n_cuts": 1.0, "cum_cut_pct": -5.34, "days_to_pending": null, "ph_exposure": 0.02, "ph_dist_m": 1574.72, "d_fwy": 4350.73, "d_art": 854.54, "school_pi": 77.8, "crime_rate": 7.0, "income": 59479.0, "model_mae_pct": 6.2, "segment": "ppsf:190-300,price:250000-600000", "asof": "2026-09-20 20:52"}, "geometry": {"type": "Point", "coordinates": [-81.548868, 40.987757]}}, {"type": "Feature", "properties": {"address": "3762 Kelli Ter", "city": "Uniontown", "zip": 44685.0, "url": "https://www.redfin.com/OH/Uniontown/3762-Kelli-TER-44685/home/201860963", "price": 475990.0, "pred_price": 507172.2, "excess_pct": -5.7, "rel_discount": -8.2, "local_mae_pct": 5.79, "pctile": 23.9, "beds": 4.0, "baths": 2.5, "sqft": 2453.0, "lot_sqft": 7405.0, "year_built": 2026.0, "ptype_cat": "single", "days_on_market": 124.0, "n_cuts": 1.0, "cum_cut_pct": -1.07, "days_to_pending": null, "ph_exposure": 0.01, "ph_dist_m": 2222.09, "d_fwy": 960.31, "d_art": 1438.52, "school_pi": 90.1, "crime_rate": null, "income": 96311.0, "model_mae_pct": 6.2, "segment": "ppsf:190-300,price:250000-600000", "asof": "2026-09-20 20:52"}, "geometry": {"type": "Point", "coordinates": [-81.48243, 40.965122]}}, {"type": "Feature", "properties": {"address": "3756 Kelli Ter", "city": "Uniontown", "zip": 44685.0, "url": "https://www.redfin.com/OH/Uniontown/3756-Kelli-TER-44685/home/204256006", "price": 490480.0, "pred_price": 516032.74, "excess_pct": -4.6, "rel_discount": -7.5, "local_mae_pct": 5.79, "pctile": 29.0, "beds": 3.0, "baths": 2.5, "sqft": 2567.0, "lot_sqft": 7405.0, "year_built": 2026.0, "ptype_cat": "single", "days_on_market": 39.0, "n_cuts": 0.0, "cum_cut_pct": 0.0, "days_to_pending": null, "ph_exposure": 0.01, "ph_dist_m": 2252.18, "d_fwy": 927.91, "d_art": 1432.3, "school_pi": 90.1, "crime_rate": null, "income": 96311.0, "model_mae_pct": 6.2, "segment": "ppsf:190-300,price:250000-600000", "asof": "2026-09-20 20:52"}, "geometry": {"type": "Point", "coordinates": [-81.482407, 40.965576]}}, {"type": "Feature", "properties": {"address": "458 Derbyshire Rd", "city": "Green", "zip": 44319.0, "url": "https://www.redfin.com/OH/Green/458-Derbyshire-Rd-44319/home/66118027", "price": 288000.0, "pred_price": 276542.65, "excess_pct": 4.5, "rel_discount": 7.6, "local_mae_pct": 5.15, "pctile": 68.0, "beds": 3.0, "baths": 2.0, "sqft": 1302.0, "lot_sqft": 19040.0, "year_built": 1992.0, "ptype_cat": "single", "days_on_market": 3.0, "n_cuts": 0.0, "cum_cut_pct": 0.0, "days_to_pending": null, "ph_exposure": 0.06, "ph_dist_m": 865.52, "d_fwy": 1427.9, "d_art": 3581.92, "school_pi": 90.1, "crime_rate": null, "income": 111544.0, "model_mae_pct": 6.2, "segment": "ppsf:190-300,price:250000-600000", "asof": "2026-09-20 20:52"}, "geometry": {"type": "Point", "coordinates": [-81.50707, 40.9782]}}, {"type": "Feature", "properties": {"address": "4443 Hilltop Dr", "city": "New Franklin", "zip": 44203.0, "url": "https://www.redfin.com/OH/New-Franklin/4443-Hilltop-Dr-44203/home/80032438", "price": 289900.0, "pred_price": 269369.84, "excess_pct": 8.0, "rel_discount": 11.1, "local_mae_pct": 6.5, "pctile": 78.7, "beds": 3.0, "baths": 2.5, "sqft": 1168.0, "lot_sqft": 30400.0, "year_built": 1951.0, "ptype_cat": "single", "days_on_market": 70.0, "n_cuts": 1.0, "cum_cut_pct": -1.73, "days_to_pending": null, "ph_exposure": 0.01, "ph_dist_m": 2107.01, "d_fwy": 4902.62, "d_art": 840.76, "school_pi": 77.8, "crime_rate": 7.0, "income": 41860.0, "model_mae_pct": 6.2, "segment": "ppsf:190-300,price:250000-600000", "asof": "2026-09-20 20:52"}, "geometry": {"type": "Point", "coordinates": [-81.569698, 40.986939]}}, {"type": "Feature", "properties": {"address": "1264 Everbright Dr", "city": "Green", "zip": 44685.0, "url": "https://www.redfin.com/OH/Green/1264-Everbright-Dr-44685/home/75524796", "price": 299900.0, "pred_price": 286237.15, "excess_pct": 5.2, "rel_discount": 8.4, "local_mae_pct": 6.5, "pctile": 70.3, "beds": 3.0, "baths": 2.0, "sqft": 1196.0, "lot_sqft": 40658.0, "year_built": 1961.0, "ptype_cat": "single", "days_on_market": 37.0, "n_cuts": 0.0, "cum_cut_pct": 0.0, "days_to_pending": null, "ph_exposure": 0.01, "ph_dist_m": 1849.85, "d_fwy": 3014.54, "d_art": 2006.97, "school_pi": 90.1, "crime_rate": null, "income": 113517.0, "model_mae_pct": 6.2, "segment": "ppsf:190-300,price:250000-600000", "asof": "2026-09-20 20:52"}, "geometry": {"type": "Point", "coordinates": [-81.488646, 40.942345]}}, {"type": "Feature", "properties": {"address": "3295 Waterside Dr", "city": "Coventry Township", "zip": 44319.0, "url": "https://www.redfin.com/OH/Coventry-Township/3295-Waterside-Dr-44319/home/75480441", "price": 299900.0, "pred_price": 310623.83, "excess_pct": -3.1, "rel_discount": 0.0, "local_mae_pct": 5.15, "pctile": 33.6, "beds": 3.0, "baths": 2.0, "sqft": 1500.0, "lot_sqft": 9300.0, "year_built": 2004.0, "ptype_cat": "single", "days_on_market": 6.0, "n_cuts": 1.0, "cum_cut_pct": -3.26, "days_to_pending": null, "ph_exposure": 0.07, "ph_dist_m": 718.87, "d_fwy": 2621.8, "d_art": 2498.47, "school_pi": 77.8, "crime_rate": null, "income": 67273.0, "model_mae_pct": 6.2, "segment": "ppsf:190-300,price:250000-600000", "asof": "2026-09-20 20:52"}, "geometry": {"type": "Point", "coordinates": [-81.526856, 40.999836]}}, {"type": "Feature", "properties": {"address": "2614 Bishop Oval", "city": "Barberton", "zip": 44203.0, "url": "https://www.redfin.com/OH/Barberton/2614-Bishop-Oval-44203/home/171347470", "price": 279000.0, "pred_price": 312116.67, "excess_pct": -10.2, "rel_discount": -7.0, "local_mae_pct": 5.79, "pctile": 9.3, "beds": 3.0, "baths": 2.5, "sqft": 1440.0, "lot_sqft": 8276.0, "year_built": 2021.0, "ptype_cat": "single", "days_on_market": 16.0, "n_cuts": 1.0, "cum_cut_pct": -3.79, "days_to_pending": null, "ph_exposure": 0.02, "ph_dist_m": 1706.03, "d_fwy": 3577.03, "d_art": 2557.25, "school_pi": 86.7, "crime_rate": 7.0, "income": 104375.0, "model_mae_pct": 6.2, "segment": "ppsf:190-300,price:250000-600000", "asof": "2026-09-20 20:52"}, "geometry": {"type": "Point", "coordinates": [-81.616186, 40.987881]}}, {"type": "Feature", "properties": {"address": "5248 Decker St", "city": "Barberton", "zip": 44203.0, "url": "https://www.redfin.com/OH/Barberton/5248-Decker-St-44203/home/171347460", "price": 279900.0, "pred_price": 290204.19, "excess_pct": -3.2, "rel_discount": -0.1, "local_mae_pct": 5.79, "pctile": 33.2, "beds": 3.0, "baths": 2.0, "sqft": 1296.0, "lot_sqft": 8102.0, "year_built": 2021.0, "ptype_cat": "single", "days_on_market": 12.0, "n_cuts": 0.0, "cum_cut_pct": 0.0, "days_to_pending": null, "ph_exposure": 0.02, "ph_dist_m": 1807.63, "d_fwy": 3644.97, "d_art": 2715.1, "school_pi": 86.7, "crime_rate": 7.0, "income": 104375.0, "model_mae_pct": 6.2, "segment": "ppsf:190-300,price:250000-600000", "asof": "2026-09-20 20:52"}, "geometry": {"type": "Point", "coordinates": [-81.615889, 40.986398]}}, {"type": "Feature", "properties": {"address": "3948 Johnson Rd", "city": "Norton", "zip": 44203.0, "url": "https://www.redfin.com/OH/Norton/3948-Johnson-Rd-44203/home/100641075", "price": 415000.0, "pred_price": 436409.71, "excess_pct": -4.5, "rel_discount": -6.6, "local_mae_pct": 5.15, "pctile": 29.3, "beds": 3.0, "baths": 2.5, "sqft": 2058.0, "lot_sqft": 27434.0, "year_built": 2002.0, "ptype_cat": "single", "days_on_market": 41.0, "n_cuts": 0.0, "cum_cut_pct": 0.0, "days_to_pending": null, "ph_exposure": 0.0, "ph_dist_m": 2296.38, "d_fwy": 183.46, "d_art": 1026.07, "school_pi": 86.7, "crime_rate": null, "income": 76250.0, "model_mae_pct": 6.2, "segment": "ppsf:190-300,price:250000-600000", "asof": "2026-09-20 20:52"}, "geometry": {"type": "Point", "coordinates": [-81.664096, 41.003593]}}, {"type": "Feature", "properties": {"address": "2914 Serfass Rd", "city": "Clinton", "zip": 44216.0, "url": "https://www.redfin.com/OH/Clinton/2914-Serfass-Rd-44216/home/66499528", "price": 475000.0, "pred_price": 414067.83, "excess_pct": 15.1, "rel_discount": 12.6, "local_mae_pct": 6.5, "pctile": 89.6, "beds": 4.0, "baths": 2.5, "sqft": 1900.0, "lot_sqft": 87120.0, "year_built": 1979.0, "ptype_cat": "single", "days_on_market": 13.0, "n_cuts": 0.0, "cum_cut_pct": 0.0, "days_to_pending": null, "ph_exposure": 0.0, "ph_dist_m": 6567.76, "d_fwy": 5475.6, "d_art": 5888.68, "school_pi": 86.7, "crime_rate": 7.0, "income": 104375.0, "model_mae_pct": 6.2, "segment": "ppsf:190-300,price:250000-600000", "asof": "2026-09-20 20:52"}, "geometry": {"type": "Point", "coordinates": [-81.639398, 40.942727]}}, {"type": "Feature", "properties": {"address": "1089 Center Rd", "city": "New Franklin", "zip": 44216.0, "url": "https://www.redfin.com/OH/New-Franklin/1089-Center-Rd-44216/home/100635790", "price": 575000.0, "pred_price": 472934.46, "excess_pct": 22.0, "rel_discount": 19.1, "local_mae_pct": 5.15, "pctile": 96.2, "beds": 3.0, "baths": 2.5, "sqft": 2030.0, "lot_sqft": 233917.0, "year_built": 2009.0, "ptype_cat": "single", "days_on_market": 38.0, "n_cuts": 1.0, "cum_cut_pct": -4.17, "days_to_pending": null, "ph_exposure": 0.0, "ph_dist_m": 5024.27, "d_fwy": 7591.22, "d_art": 501.08, "school_pi": 88.6, "crime_rate": 7.0, "income": 110227.0, "model_mae_pct": 6.2, "segment": "ppsf:190-300,price:250000-600000", "asof": "2026-09-20 20:52"}, "geometry": {"type": "Point", "coordinates": [-81.573101, 40.953555]}}, {"type": "Feature", "properties": {"address": "3520 Bainbridge Rd", "city": "Cleveland Heights", "zip": 44118.0, "url": "https://www.redfin.com/OH/Cleveland-Heights/3520-Bainbridge-Rd-44118/home/70991456", "price": 349900.0, "pred_price": 305693.5, "excess_pct": 14.9, "rel_discount": 14.2, "local_mae_pct": 6.6, "pctile": 89.4, "beds": 3.0, "baths": 2.5, "sqft": 1373.0, "lot_sqft": 5401.0, "year_built": 1928.0, "ptype_cat": "single", "days_on_market": 10.0, "n_cuts": 0.0, "cum_cut_pct": 0.0, "days_to_pending": null, "ph_exposure": 0.46, "ph_dist_m": 601.38, "d_fwy": 5851.0, "d_art": 851.03, "school_pi": 68.0, "crime_rate": 18.19, "income": 81875.0, "model_mae_pct": 6.2, "segment": "ppsf:190-300,price:250000-600000", "asof": "2026-09-20 20:52"}, "geometry": {"type": "Point", "coordinates": [-81.553565, 41.509006]}}, {"type": "Feature", "properties": {"address": "23537 David Dr", "city": "North Olmsted", "zip": 44070.0, "url": "https://www.redfin.com/OH/North-Olmsted/23537-David-Dr-44070/home/70821300", "price": 335000.0, "pred_price": 291635.26, "excess_pct": 15.3, "rel_discount": 14.6, "local_mae_pct": 6.5, "pctile": 89.8, "beds": 3.0, "baths": 2.0, "sqft": 1260.0, "lot_sqft": 8999.0, "year_built": 1964.0, "ptype_cat": "single", "days_on_market": 3.0, "n_cuts": 0.0, "cum_cut_pct": 0.0, "days_to_pending": null, "ph_exposure": 0.0, "ph_dist_m": 3391.54, "d_fwy": 836.17, "d_art": 335.86, "school_pi": 79.3, "crime_rate": 8.7, "income": 54071.0, "model_mae_pct": 6.2, "segment": "ppsf:190-300,price:250000-600000", "asof": "2026-09-20 20:52"}, "geometry": {"type": "Point", "coordinates": [-81.882003, 41.429643]}}, {"type": "Feature", "properties": {"address": "980 Killinger Rd", "city": "Green", "zip": 44216.0, "url": "https://www.redfin.com/OH/Green/980-Killinger-Rd-44216/home/80032280", "price": 284900.0, "pred_price": 303378.21, "excess_pct": -5.7, "rel_discount": -2.6, "local_mae_pct": 6.6, "pctile": 23.9, "beds": 2.0, "baths": 2.0, "sqft": 1092.0, "lot_sqft": 152024.0, "year_built": 1940.0, "ptype_cat": "single", "days_on_market": 47.0, "n_cuts": 0.0, "cum_cut_pct": 0.0, "days_to_pending": null, "ph_exposure": 0.0, "ph_dist_m": 3684.98, "d_fwy": 4971.98, "d_art": 3064.84, "school_pi": 90.1, "crime_rate": null, "income": 101419.0, "model_mae_pct": 6.2, "segment": "ppsf:190-300,price:250000-600000", "asof": "2026-09-20 20:52"}, "geometry": {"type": "Point", "coordinates": [-81.501135, 40.926062]}}, {"type": "Feature", "properties": {"address": "2568 Shadow Ln", "city": "Clinton", "zip": 44216.0, "url": "https://www.redfin.com/OH/Clinton/2568-Shadow-Ln-44216/home/79866647", "price": 449900.0, "pred_price": 508595.62, "excess_pct": -11.1, "rel_discount": -13.6, "local_mae_pct": 5.15, "pctile": 7.5, "beds": 4.0, "baths": 2.5, "sqft": 2342.0, "lot_sqft": 74052.0, "year_built": 1998.0, "ptype_cat": "single", "days_on_market": 1.0, "n_cuts": 0.0, "cum_cut_pct": 0.0, "days_to_pending": null, "ph_exposure": 0.0, "ph_dist_m": 8695.03, "d_fwy": 8071.44, "d_art": 5167.43, "school_pi": 90.5, "crime_rate": null, "income": 65227.0, "model_mae_pct": 6.2, "segment": "ppsf:190-300,price:250000-600000", "asof": "2026-09-20 20:52"}, "geometry": {"type": "Point", "coordinates": [-81.626896, 40.921338]}}, {"type": "Feature", "properties": {"address": "16531 Timberline Dr", "city": "Strongsville", "zip": 44136.0, "url": "https://www.redfin.com/OH/Strongsville/16531-Timberline-Dr-44136/home/70868537", "price": 550000.0, "pred_price": 492545.94, "excess_pct": 12.1, "rel_discount": 5.9, "local_mae_pct": 6.5, "pctile": 85.7, "beds": 4.0, "baths": 2.5, "sqft": 2438.0, "lot_sqft": 12283.0, "year_built": 1976.0, "ptype_cat": "single", "days_on_market": 71.0, "n_cuts": 0.0, "cum_cut_pct": 0.0, "days_to_pending": null, "ph_exposure": 0.0, "ph_dist_m": 5336.04, "d_fwy": 766.51, "d_art": 1498.55, "school_pi": 90.5, "crime_rate": 11.23, "income": 134462.0, "model_mae_pct": 6.2, "segment": "ppsf:190-300,price:250000-600000", "asof": "2026-09-20 20:52"}, "geometry": {"type": "Point", "coordinates": [-81.81726, 41.285817]}}, {"type": "Feature", "properties": {"address": "73 Lakecrest Blvd", "city": "Hinckley", "zip": 44233.0, "url": "https://www.redfin.com/OH/Hinckley/73-Lakecrest-Blvd-44233/home/66391554", "price": 550000.0, "pred_price": 530162.07, "excess_pct": 4.1, "rel_discount": null, "local_mae_pct": 5.15, "pctile": 65.9, "beds": 4.0, "baths": 3.0, "sqft": 2326.0, "lot_sqft": 59677.0, "year_built": 1988.0, "ptype_cat": "single", "days_on_market": 53.0, "n_cuts": 1.0, "cum_cut_pct": -4.35, "days_to_pending": null, "ph_exposure": 0.0, "ph_dist_m": 5671.28, "d_fwy": 2688.3, "d_art": 4441.0, "school_pi": 97.1, "crime_rate": null, "income": 137340.0, "model_mae_pct": 6.2, "segment": "ppsf:190-300,price:250000-600000", "asof": "2026-09-20 20:52"}, "geometry": {"type": "Point", "coordinates": [-81.773529, 41.274551]}}, {"type": "Feature", "properties": {"address": "11211 Cinnamon Blvd", "city": "North Royalton", "zip": 44133.0, "url": "https://www.redfin.com/OH/North-Royalton/11211-Cinnamon-Blvd-44133/home/66133750", "price": 339900.0, "pred_price": 363486.38, "excess_pct": -6.1, "rel_discount": -6.8, "local_mae_pct": 5.15, "pctile": 22.4, "beds": 2.0, "baths": 2.0, "sqft": 1721.0, "lot_sqft": 5662.0, "year_built": 1999.0, "ptype_cat": "single", "days_on_market": 27.0, "n_cuts": 0.0, "cum_cut_pct": 0.0, "days_to_pending": null, "ph_exposure": 0.0, "ph_dist_m": 2762.09, "d_fwy": 1905.55, "d_art": 2035.88, "school_pi": 90.2, "crime_rate": 5.33, "income": 64722.0, "model_mae_pct": 6.2, "segment": "ppsf:190-300,price:250000-600000", "asof": "2026-09-20 20:52"}, "geometry": {"type": "Point", "coordinates": [-81.761161, 41.333217]}}, {"type": "Feature", "properties": {"address": "19289 Westwood Dr", "city": "Strongsville", "zip": 44149.0, "url": "https://www.redfin.com/OH/Strongsville/19289-Westwood-Dr-44149/home/66458317", "price": 339900.0, "pred_price": 309590.09, "excess_pct": 10.2, "rel_discount": 9.6, "local_mae_pct": 7.39, "pctile": 83.1, "beds": 3.0, "baths": 1.5, "sqft": 1436.0, "lot_sqft": 22733.0, "year_built": 1913.0, "ptype_cat": "single", "days_on_market": 8.0, "n_cuts": 0.0, "cum_cut_pct": 0.0, "days_to_pending": null, "ph_exposure": 0.0, "ph_dist_m": 6491.75, "d_fwy": 2141.31, "d_art": 284.6, "school_pi": 90.5, "crime_rate": 11.23, "income": 48701.0, "model_mae_pct": 6.2, "segment": "ppsf:190-300,price:250000-600000", "asof": "2026-09-20 20:52"}, "geometry": {"type": "Point", "coordinates": [-81.838579, 41.315456]}}, {"type": "Feature", "properties": {"address": "19029 Hunters Pointe Dr", "city": "Strongsville", "zip": 44136.0, "url": "https://www.redfin.com/OH/Strongsville/19029-Hunters-Pointe-Dr-44136/home/70871042", "price": 329900.0, "pred_price": 311506.82, "excess_pct": 6.3, "rel_discount": 5.6, "local_mae_pct": 5.15, "pctile": 74.6, "beds": 3.0, "baths": 2.0, "sqft": 1448.0, "lot_sqft": 8929.0, "year_built": 1983.0, "ptype_cat": "single", "days_on_market": 3.0, "n_cuts": 0.0, "cum_cut_pct": 0.0, "days_to_pending": null, "ph_exposure": 0.0, "ph_dist_m": 6012.87, "d_fwy": 1352.32, "d_art": 3441.18, "school_pi": 90.5, "crime_rate": 11.23, "income": 119125.0, "model_mae_pct": 6.2, "segment": "ppsf:190-300,price:250000-600000", "asof": "2026-09-20 20:52"}, "geometry": {"type": "Point", "coordinates": [-81.79113, 41.282354]}}, {"type": "Feature", "properties": {"address": "9933 Vista Dr", "city": "North Royalton", "zip": 44133.0, "url": "https://www.redfin.com/OH/North-Royalton/9933-Vista-Dr-44133/home/70907110", "price": 329900.0, "pred_price": 349848.01, "excess_pct": -5.3, "rel_discount": -6.0, "local_mae_pct": 6.51, "pctile": 25.4, "beds": 3.0, "baths": 2.0, "sqft": 1675.0, "lot_sqft": 17101.0, "year_built": 1967.0, "ptype_cat": "single", "days_on_market": 52.0, "n_cuts": 1.0, "cum_cut_pct": -2.94, "days_to_pending": null, "ph_exposure": 0.0, "ph_dist_m": 3333.61, "d_fwy": 3887.89, "d_art": 2385.66, "school_pi": 90.2, "crime_rate": 5.33, "income": 116645.0, "model_mae_pct": 6.2, "segment": "ppsf:190-300,price:250000-600000", "asof": "2026-09-20 20:52"}, "geometry": {"type": "Point", "coordinates": [-81.707508, 41.338052]}}, {"type": "Feature", "properties": {"address": "3282 Royalton Rd", "city": "North Royalton", "zip": 44133.0, "url": "https://www.redfin.com/OH/North-Royalton/3282-Royalton-Rd-44133/home/70905870", "price": 329900.0, "pred_price": 314625.9, "excess_pct": 5.3, "rel_discount": 4.6, "local_mae_pct": 6.51, "pctile": 71.0, "beds": 3.0, "baths": 2.0, "sqft": 1252.0, "lot_sqft": 40998.0, "year_built": 1956.0, "ptype_cat": "single", "days_on_market": 61.0, "n_cuts": 1.0, "cum_cut_pct": -2.94, "days_to_pending": null, "ph_exposure": 0.0, "ph_dist_m": 2543.34, "d_fwy": 1268.54, "d_art": 42.52, "school_pi": 90.2, "crime_rate": 5.33, "income": 96757.0, "model_mae_pct": 6.2, "segment": "ppsf:190-300,price:250000-600000", "asof": "2026-09-20 20:52"}, "geometry": {"type": "Point", "coordinates": [-81.705893, 41.314171]}}, {"type": "Feature", "properties": {"address": "13366 Richards Dr", "city": "Strongsville", "zip": 44149.0, "url": "https://www.redfin.com/OH/Strongsville/13366-Richards-Dr-44149/home/70863643", "price": 329000.0, "pred_price": 305593.62, "excess_pct": 8.1, "rel_discount": 7.4, "local_mae_pct": 6.5, "pctile": 79.0, "beds": 3.0, "baths": 1.5, "sqft": 1140.0, "lot_sqft": 13939.0, "year_built": 1960.0, "ptype_cat": "single", "days_on_market": 58.0, "n_cuts": 0.0, "cum_cut_pct": 0.0, "days_to_pending": null, "ph_exposure": 0.0, "ph_dist_m": 6217.01, "d_fwy": 2959.37, "d_art": 1478.45, "school_pi": 90.5, "crime_rate": 11.23, "income": 48701.0, "model_mae_pct": 6.2, "segment": "ppsf:190-300,price:250000-600000", "asof": "2026-09-20 20:52"}, "geometry": {"type": "Point", "coordinates": [-81.853171, 41.316618]}}, {"type": "Feature", "properties": {"address": "15646 Bittersweet Ct", "city": "Strongsville", "zip": 44136.0, "url": "https://www.redfin.com/OH/Strongsville/15646-Bittersweet-Ct-44136/home/66299804", "price": 325000.0, "pred_price": 351001.09, "excess_pct": -7.0, "rel_discount": -7.6, "local_mae_pct": 5.15, "pctile": 18.9, "beds": 4.0, "baths": 2.0, "sqft": 1620.0, "lot_sqft": 9609.0, "year_built": 1983.0, "ptype_cat": "single", "days_on_market": 2.0, "n_cuts": 0.0, "cum_cut_pct": 0.0, "days_to_pending": null, "ph_exposure": 0.0, "ph_dist_m": 4863.33, "d_fwy": 623.24, "d_art": 1081.57, "school_pi": 90.5, "crime_rate": 0.45, "income": 94828.0, "model_mae_pct": 6.2, "segment": "ppsf:190-300,price:250000-600000", "asof": "2026-09-20 20:52"}, "geometry": {"type": "Point", "coordinates": [-81.80992, 41.344969]}}, {"type": "Feature", "properties": {"address": "9862 Fair Rd", "city": "Strongsville", "zip": 44149.0, "url": "https://www.redfin.com/OH/Strongsville/9862-Fair-Rd-44149/home/70862435", "price": 259900.0, "pred_price": 308561.13, "excess_pct": -15.4, "rel_discount": -10.6, "local_mae_pct": 6.5, "pctile": 2.3, "beds": 3.0, "baths": 2.0, "sqft": 909.0, "lot_sqft": 13699.0, "year_built": 1971.0, "ptype_cat": "single", "days_on_market": 86.0, "n_cuts": 0.0, "cum_cut_pct": 0.0, "days_to_pending": null, "ph_exposure": 0.0, "ph_dist_m": 3861.73, "d_fwy": 658.73, "d_art": 1295.97, "school_pi": 90.5, "crime_rate": 11.23, "income": 94773.0, "model_mae_pct": 6.2, "segment": "ppsf:190-300,price:250000-600000", "asof": "2026-09-20 20:52"}, "geometry": {"type": "Point", "coordinates": [-81.850474, 41.337985]}}, {"type": "Feature", "properties": {"address": "10000 Delsy Dr", "city": "North Royalton", "zip": 44133.0, "url": "https://www.redfin.com/OH/North-Royalton/10000-Delsy-Dr-44133/home/70900964", "price": 324900.0, "pred_price": 281310.14, "excess_pct": 15.9, "rel_discount": 15.2, "local_mae_pct": 6.51, "pctile": 90.3, "beds": 3.0, "baths": 1.5, "sqft": 1204.0, "lot_sqft": 20900.0, "year_built": 1960.0, "ptype_cat": "single", "days_on_market": 30.0, "n_cuts": 0.0, "cum_cut_pct": 0.0, "days_to_pending": null, "ph_exposure": 0.0, "ph_dist_m": 3340.1, "d_fwy": 2723.34, "d_art": 2045.29, "school_pi": 90.2, "crime_rate": 5.33, "income": 127797.0, "model_mae_pct": 6.2, "segment": "ppsf:190-300,price:250000-600000", "asof": "2026-09-20 20:52"}, "geometry": {"type": "Point", "coordinates": [-81.760439, 41.340894]}}, {"type": "Feature", "properties": {"address": "3730 Walters Dr", "city": "Brunswick", "zip": 44212.0, "url": "https://www.redfin.com/OH/Brunswick/3730-Walters-Dr-44212/home/70476169", "price": 279000.0, "pred_price": 295512.93, "excess_pct": -5.2, "rel_discount": null, "local_mae_pct": 6.5, "pctile": 25.7, "beds": 3.0, "baths": 2.0, "sqft": 1204.0, "lot_sqft": 21871.0, "year_built": 1969.0, "ptype_cat": "single", "days_on_market": 2.0, "n_cuts": 0.0, "cum_cut_pct": 0.0, "days_to_pending": null, "ph_exposure": 0.01, "ph_dist_m": 2012.38, "d_fwy": 1445.61, "d_art": 1782.6, "school_pi": 85.2, "crime_rate": 6.13, "income": 81538.0, "model_mae_pct": 6.2, "segment": "ppsf:190-300,price:250000-600000", "asof": "2026-09-20 20:52"}, "geometry": {"type": "Point", "coordinates": [-81.819951, 41.249367]}}, {"type": "Feature", "properties": {"address": "744 Edwards Dr", "city": "Berea", "zip": 44017.0, "url": "https://www.redfin.com/OH/Berea/744-Edwards-Dr-44017/home/70856326", "price": 280000.0, "pred_price": 302442.09, "excess_pct": -7.0, "rel_discount": -2.2, "local_mae_pct": 6.5, "pctile": 18.9, "beds": 3.0, "baths": 2.0, "sqft": 1372.0, "lot_sqft": 9435.0, "year_built": 1966.0, "ptype_cat": "single", "days_on_market": 31.0, "n_cuts": 1.0, "cum_cut_pct": -6.64, "days_to_pending": null, "ph_exposure": 0.0, "ph_dist_m": 2737.08, "d_fwy": 195.48, "d_art": 2204.69, "school_pi": 77.9, "crime_rate": 5.2, "income": 89875.0, "model_mae_pct": 6.2, "segment": "ppsf:190-300,price:250000-600000", "asof": "2026-09-20 20:52"}, "geometry": {"type": "Point", "coordinates": [-81.854272, 41.347952]}}, {"type": "Feature", "properties": {"address": "3469 James Blvd", "city": "Brunswick", "zip": 44212.0, "url": "https://www.redfin.com/OH/Brunswick/3469-James-Blvd-44212/home/70475539", "price": 287900.0, "pred_price": 305498.43, "excess_pct": -5.4, "rel_discount": null, "local_mae_pct": 6.5, "pctile": 25.0, "beds": 4.0, "baths": 1.5, "sqft": 1408.0, "lot_sqft": 21801.0, "year_built": 1953.0, "ptype_cat": "single", "days_on_market": 16.0, "n_cuts": 1.0, "cum_cut_pct": -4.0, "days_to_pending": null, "ph_exposure": 0.0, "ph_dist_m": 2996.17, "d_fwy": 570.33, "d_art": 2555.0, "school_pi": 85.2, "crime_rate": 6.13, "income": 110179.0, "model_mae_pct": 6.2, "segment": "ppsf:190-300,price:250000-600000", "asof": "2026-09-20 20:52"}, "geometry": {"type": "Point", "coordinates": [-81.810689, 41.255061]}}, {"type": "Feature", "properties": {"address": "1490 Garfield Ave", "city": "Brunswick", "zip": 44212.0, "url": "https://www.redfin.com/OH/Brunswick/1490-Garfield-Ave-44212/home/70477339", "price": 295000.0, "pred_price": 288991.57, "excess_pct": 2.5, "rel_discount": null, "local_mae_pct": 6.5, "pctile": 60.1, "beds": 3.0, "baths": 1.5, "sqft": 1396.0, "lot_sqft": 12000.0, "year_built": 1968.0, "ptype_cat": "single", "days_on_market": 57.0, "n_cuts": 0.0, "cum_cut_pct": 0.0, "days_to_pending": null, "ph_exposure": 0.63, "ph_dist_m": 606.57, "d_fwy": 4042.71, "d_art": 712.14, "school_pi": 85.2, "crime_rate": 0.38, "income": 40417.0, "model_mae_pct": 6.2, "segment": "ppsf:190-300,price:250000-600000", "asof": "2026-09-20 20:52"}, "geometry": {"type": "Point", "coordinates": [-81.849865, 41.234693]}}, {"type": "Feature", "properties": {"address": "11924 Abbey Rd", "city": "North Royalton", "zip": 44133.0, "url": "https://www.redfin.com/OH/North-Royalton/11924-Abbey-Rd-44133/home/70903052", "price": 299000.0, "pred_price": 305483.35, "excess_pct": -1.7, "rel_discount": 3.1, "local_mae_pct": 6.51, "pctile": 40.3, "beds": 3.0, "baths": 2.0, "sqft": 1058.0, "lot_sqft": 163350.0, "year_built": 1953.0, "ptype_cat": "single", "days_on_market": 2.0, "n_cuts": 0.0, "cum_cut_pct": 0.0, "days_to_pending": null, "ph_exposure": 0.0, "ph_dist_m": 3435.12, "d_fwy": 602.71, "d_art": 1017.15, "school_pi": 90.2, "crime_rate": 5.33, "income": 55221.0, "model_mae_pct": 6.2, "segment": "ppsf:190-300,price:250000-600000", "asof": "2026-09-20 20:52"}, "geometry": {"type": "Point", "coordinates": [-81.775623, 41.325242]}}, {"type": "Feature", "properties": {"address": "18290 Whitney Rd", "city": "Strongsville", "zip": 44149.0, "url": "https://www.redfin.com/OH/Strongsville/18290-Whitney-Rd-44149/home/70865976", "price": 310000.0, "pred_price": 308667.36, "excess_pct": 0.8, "rel_discount": 0.2, "local_mae_pct": 6.5, "pctile": 54.2, "beds": 3.0, "baths": 2.5, "sqft": 1380.0, "lot_sqft": 9661.0, "year_built": 1971.0, "ptype_cat": "single", "days_on_market": 34.0, "n_cuts": 1.0, "cum_cut_pct": -2.82, "days_to_pending": null, "ph_exposure": 0.0, "ph_dist_m": 3923.24, "d_fwy": 177.19, "d_art": 154.13, "school_pi": 90.5, "crime_rate": 11.23, "income": 112036.0, "model_mae_pct": 6.2, "segment": "ppsf:190-300,price:250000-600000", "asof": "2026-09-20 20:52"}, "geometry": {"type": "Point", "coordinates": [-81.828503, 41.34346]}}, {"type": "Feature", "properties": {"address": "20116 Ellsworth Dr", "city": "Strongsville", "zip": 44149.0, "url": "https://www.redfin.com/OH/Strongsville/20116-Ellsworth-Dr-44149/home/66488165", "price": 549900.0, "pred_price": 539652.83, "excess_pct": 2.3, "rel_discount": -3.8, "local_mae_pct": 5.15, "pctile": 59.5, "beds": 4.0, "baths": 3.5, "sqft": 2680.0, "lot_sqft": 13599.0, "year_built": 1994.0, "ptype_cat": "single", "days_on_market": 32.0, "n_cuts": 1.0, "cum_cut_pct": -3.36, "days_to_pending": null, "ph_exposure": 0.0, "ph_dist_m": 4873.84, "d_fwy": 3304.76, "d_art": 1041.89, "school_pi": 90.5, "crime_rate": 11.23, "income": 139602.0, "model_mae_pct": 6.2, "segment": "ppsf:190-300,price:250000-600000", "asof": "2026-09-20 20:52"}, "geometry": {"type": "Point", "coordinates": [-81.847594, 41.28503]}}, {"type": "Feature", "properties": {"address": "3466 Clover Dr", "city": "Brunswick", "zip": 44212.0, "url": "https://www.redfin.com/OH/Brunswick/3466-Clover-Dr-44212/home/70476104", "price": 485000.0, "pred_price": 523291.07, "excess_pct": -6.9, "rel_discount": null, "local_mae_pct": 6.5, "pctile": 19.1, "beds": 4.0, "baths": 2.5, "sqft": 2364.0, "lot_sqft": 12000.0, "year_built": 1973.0, "ptype_cat": "single", "days_on_market": 31.0, "n_cuts": 0.0, "cum_cut_pct": 0.0, "days_to_pending": null, "ph_exposure": 0.0, "ph_dist_m": 2636.76, "d_fwy": 775.06, "d_art": 2566.18, "school_pi": 85.2, "crime_rate": 6.13, "income": 81538.0, "model_mae_pct": 6.2, "segment": "ppsf:190-300,price:250000-600000", "asof": "2026-09-20 20:52"}, "geometry": {"type": "Point", "coordinates": [-81.81063, 41.245957]}}, {"type": "Feature", "properties": {"address": "10385 King Coe Ln", "city": "Strongsville", "zip": 44149.0, "url": "https://www.redfin.com/OH/Strongsville/10385-King-Coe-Ln-44149/home/70862524", "price": 489000.0, "pred_price": 444452.7, "excess_pct": 10.4, "rel_discount": 10.2, "local_mae_pct": 6.5, "pctile": 83.5, "beds": 4.0, "baths": 2.0, "sqft": 2216.0, "lot_sqft": 14026.0, "year_built": 1957.0, "ptype_cat": "single", "days_on_market": 18.0, "n_cuts": 1.0, "cum_cut_pct": -2.18, "days_to_pending": null, "ph_exposure": 0.0, "ph_dist_m": 4434.6, "d_fwy": 827.53, "d_art": 208.36, "school_pi": 90.5, "crime_rate": 11.23, "income": 94773.0, "model_mae_pct": 6.2, "segment": "ppsf:190-300,price:250000-600000", "asof": "2026-09-20 20:52"}, "geometry": {"type": "Point", "coordinates": [-81.837937, 41.33479]}}, {"type": "Feature", "properties": {"address": "3350 Wallings Rd", "city": "North Royalton", "zip": 44133.0, "url": "https://www.redfin.com/OH/North-Royalton/3350-Wallings-Rd-44133/home/70907099", "price": 489900.0, "pred_price": 527853.17, "excess_pct": -6.8, "rel_discount": -7.0, "local_mae_pct": 6.51, "pctile": 19.6, "beds": 4.0, "baths": 3.5, "sqft": 2518.0, "lot_sqft": 25378.0, "year_built": 1977.0, "ptype_cat": "single", "days_on_market": 38.0, "n_cuts": 0.0, "cum_cut_pct": 0.0, "days_to_pending": null, "ph_exposure": 0.0, "ph_dist_m": 3153.9, "d_fwy": 3711.65, "d_art": 2301.75, "school_pi": 90.2, "crime_rate": 5.33, "income": 116645.0, "model_mae_pct": 6.2, "segment": "ppsf:190-300,price:250000-600000", "asof": "2026-09-20 20:52"}, "geometry": {"type": "Point", "coordinates": [-81.708524, 41.33651]}}, {"type": "Feature", "properties": {"address": "8333 Avery Rd", "city": "Broadview Heights", "zip": 44147.0, "url": "https://www.redfin.com/OH/Broadview-Heights/8333-Avery-Rd-44147/home/70923970", "price": 399900.0, "pred_price": 447083.89, "excess_pct": -10.2, "rel_discount": -9.2, "local_mae_pct": 5.15, "pctile": 9.3, "beds": 3.0, "baths": 2.0, "sqft": 1922.0, "lot_sqft": 39204.0, "year_built": 1992.0, "ptype_cat": "single", "days_on_market": 10.0, "n_cuts": 0.0, "cum_cut_pct": 0.0, "days_to_pending": null, "ph_exposure": 0.0, "ph_dist_m": 5366.0, "d_fwy": 2420.08, "d_art": 2444.08, "school_pi": 96.9, "crime_rate": 0.61, "income": null, "model_mae_pct": 6.2, "segment": "ppsf:190-300,price:250000-600000", "asof": "2026-09-20 20:52"}, "geometry": {"type": "Point", "coordinates": [-81.679202, 41.339477]}}, {"type": "Feature", "properties": {"address": "4547 Aylesworth Dr", "city": "Brunswick", "zip": 44212.0, "url": "https://www.redfin.com/OH/Brunswick/4547-Aylesworth-Dr-44212/home/66257319", "price": 368000.0, "pred_price": 374844.2, "excess_pct": -1.4, "rel_discount": null, "local_mae_pct": 5.79, "pctile": 42.2, "beds": 2.0, "baths": 2.0, "sqft": 1609.0, "lot_sqft": 6534.0, "year_built": 2026.0, "ptype_cat": "single", "days_on_market": 32.0, "n_cuts": 1.0, "cum_cut_pct": -5.15, "days_to_pending": null, "ph_exposure": 0.42, "ph_dist_m": 586.59, "d_fwy": 4320.0, "d_art": 716.1, "school_pi": 85.2, "crime_rate": null, "income": 86554.0, "model_mae_pct": 6.2, "segment": "ppsf:190-300,price:250000-600000", "asof": "2026-09-20 20:52"}, "geometry": {"type": "Point", "coordinates": [-81.84999, 41.224446]}}, {"type": "Feature", "properties": {"address": "4461 Lockmoor Ln", "city": "Brunswick", "zip": 44212.0, "url": "https://www.redfin.com/OH/Brunswick/4461-Lockmoor-Ln-44212/home/66112768", "price": 349900.0, "pred_price": 350020.52, "excess_pct": 0.4, "rel_discount": null, "local_mae_pct": 5.15, "pctile": 52.0, "beds": 3.0, "baths": 2.5, "sqft": 1649.0, "lot_sqft": 4791.0, "year_built": 2003.0, "ptype_cat": "single", "days_on_market": 17.0, "n_cuts": 0.0, "cum_cut_pct": 0.0, "days_to_pending": null, "ph_exposure": 0.54, "ph_dist_m": 340.95, "d_fwy": 4021.0, "d_art": 456.81, "school_pi": 85.2, "crime_rate": null, "income": 86554.0, "model_mae_pct": 6.2, "segment": "ppsf:190-300,price:250000-600000", "asof": "2026-09-20 20:52"}, "geometry": {"type": "Point", "coordinates": [-81.84689, 41.225872]}}, {"type": "Feature", "properties": {"address": "1820 Hampton Run #3", "city": "Broadview Heights", "zip": 44147.0, "url": "https://www.redfin.com/OH/Broadview-Heights/1820-Hampton-Run-44147/unit-3/home/66562719", "price": 349900.0, "pred_price": 453345.49, "excess_pct": -22.4, "rel_discount": -23.0, "local_mae_pct": 5.15, "pctile": 0.3, "beds": 3.0, "baths": 2.0, "sqft": 1751.0, "lot_sqft": 2826800.0, "year_built": 1995.0, "ptype_cat": "single", "days_on_market": 24.0, "n_cuts": 0.0, "cum_cut_pct": 0.0, "days_to_pending": null, "ph_exposure": 0.0, "ph_dist_m": 5187.47, "d_fwy": 1603.79, "d_art": 3478.27, "school_pi": 90.2, "crime_rate": 0.61, "income": 133527.0, "model_mae_pct": 6.2, "segment": "ppsf:190-300,price:250000-600000", "asof": "2026-09-20 20:52"}, "geometry": {"type": "Point", "coordinates": [-81.694405, 41.28248]}}, {"type": "Feature", "properties": {"address": "13841 Stoney Creek Dr", "city": "North Royalton", "zip": 44133.0, "url": "https://www.redfin.com/OH/North-Royalton/13841-Stoney-Creek-Dr-44133/home/70905961", "price": 350000.0, "pred_price": 368444.49, "excess_pct": -4.6, "rel_discount": -5.2, "local_mae_pct": 5.15, "pctile": 29.0, "beds": 3.0, "baths": 1.5, "sqft": 1793.0, "lot_sqft": 19166.0, "year_built": 1987.0, "ptype_cat": "single", "days_on_market": 47.0, "n_cuts": 0.0, "cum_cut_pct": 0.0, "days_to_pending": null, "ph_exposure": 0.01, "ph_dist_m": 2178.45, "d_fwy": 1710.26, "d_art": 523.32, "school_pi": 90.2, "crime_rate": 5.33, "income": 96757.0, "model_mae_pct": 6.2, "segment": "ppsf:190-300,price:250000-600000", "asof": "2026-09-20 20:52"}, "geometry": {"type": "Point", "coordinates": [-81.710072, 41.318519]}}, {"type": "Feature", "properties": {"address": "14450 Baywood Ln", "city": "Strongsville", "zip": 44136.0, "url": "https://www.redfin.com/OH/Strongsville/14450-Baywood-Ln-44136/home/70708945", "price": 359900.0, "pred_price": 367763.06, "excess_pct": -1.7, "rel_discount": -0.7, "local_mae_pct": 5.15, "pctile": 40.3, "beds": 3.0, "baths": 2.0, "sqft": 1732.0, "lot_sqft": 6882.0, "year_built": 2005.0, "ptype_cat": "single", "days_on_market": 9.0, "n_cuts": 1.0, "cum_cut_pct": -2.7, "days_to_pending": null, "ph_exposure": 0.0, "ph_dist_m": 5179.51, "d_fwy": 171.84, "d_art": 1770.49, "school_pi": 90.5, "crime_rate": 11.23, "income": 134853.0, "model_mae_pct": 6.2, "segment": "ppsf:190-300,price:250000-600000", "asof": "2026-09-20 20:52"}, "geometry": {"type": "Point", "coordinates": [-81.795777, 41.329251]}}, {"type": "Feature", "properties": {"address": "14824 Thornton Dr", "city": "North Royalton", "zip": 44133.0, "url": "https://www.redfin.com/OH/North-Royalton/14824-Thornton-Dr-44133/home/66101097", "price": 359900.0, "pred_price": 379349.47, "excess_pct": -4.7, "rel_discount": -3.6, "local_mae_pct": 5.15, "pctile": 28.5, "beds": 4.0, "baths": 2.5, "sqft": 1812.0, "lot_sqft": 6446.0, "year_built": 2001.0, "ptype_cat": "single", "days_on_market": 85.0, "n_cuts": 0.0, "cum_cut_pct": 0.0, "days_to_pending": null, "ph_exposure": 0.0, "ph_dist_m": 3751.41, "d_fwy": 976.57, "d_art": 512.47, "school_pi": 90.2, "crime_rate": 5.33, "income": 59479.0, "model_mae_pct": 6.2, "segment": "ppsf:190-300,price:250000-600000", "asof": "2026-09-20 20:52"}, "geometry": {"type": "Point", "coordinates": [-81.780062, 41.310794]}}, {"type": "Feature", "properties": {"address": "18340 Crystal Lakes Dr", "city": "North Royalton", "zip": 44133.0, "url": "https://www.redfin.com/OH/North-Royalton/18340-Crystal-Lakes-Dr-44133/home/71139109", "price": 365000.0, "pred_price": 388009.02, "excess_pct": -5.5, "rel_discount": -4.4, "local_mae_pct": 5.15, "pctile": 24.5, "beds": 3.0, "baths": 2.0, "sqft": 1699.0, "lot_sqft": 6660.0, "year_built": 2003.0, "ptype_cat": "single", "days_on_market": 19.0, "n_cuts": 0.0, "cum_cut_pct": 0.0, "days_to_pending": null, "ph_exposure": 0.0, "ph_dist_m": 4350.03, "d_fwy": 2878.54, "d_art": 3262.05, "school_pi": 90.2, "crime_rate": 5.33, "income": 123964.0, "model_mae_pct": 6.2, "segment": "ppsf:190-300,price:250000-600000", "asof": "2026-09-20 20:52"}, "geometry": {"type": "Point", "coordinates": [-81.76346, 41.283814]}}, {"type": "Feature", "properties": {"address": "3558 Keats Blvd", "city": "Brunswick", "zip": 44212.0, "url": "https://www.redfin.com/OH/Brunswick/3558-Keats-Blvd-44212/home/70525429", "price": 399900.0, "pred_price": 459392.15, "excess_pct": -12.6, "rel_discount": null, "local_mae_pct": 5.15, "pctile": 5.2, "beds": 3.0, "baths": 3.0, "sqft": 2095.0, "lot_sqft": 14810.0, "year_built": 2001.0, "ptype_cat": "single", "days_on_market": 44.0, "n_cuts": 2.0, "cum_cut_pct": -6.98, "days_to_pending": null, "ph_exposure": 0.0, "ph_dist_m": 3211.56, "d_fwy": 1679.22, "d_art": 2304.4, "school_pi": 85.2, "crime_rate": null, "income": 84954.0, "model_mae_pct": 6.2, "segment": "ppsf:190-300,price:250000-600000", "asof": "2026-09-20 20:52"}, "geometry": {"type": "Point", "coordinates": [-81.814072, 41.213176]}}, {"type": "Feature", "properties": {"address": "5052 Forestland Ct", "city": "Brunswick", "zip": 44212.0, "url": "https://www.redfin.com/OH/Brunswick/5052-Forestland-Ct-44212/home/70466741", "price": 369900.0, "pred_price": 348466.81, "excess_pct": 6.6, "rel_discount": null, "local_mae_pct": 5.15, "pctile": 75.4, "beds": 2.0, "baths": 2.0, "sqft": 1714.0, "lot_sqft": 8276.0, "year_built": 2006.0, "ptype_cat": "single", "days_on_market": 30.0, "n_cuts": 1.0, "cum_cut_pct": -2.66, "days_to_pending": null, "ph_exposure": 0.0, "ph_dist_m": 2460.96, "d_fwy": 5302.94, "d_art": 2174.03, "school_pi": 85.2, "crime_rate": null, "income": 85833.0, "model_mae_pct": 6.2, "segment": "ppsf:190-300,price:250000-600000", "asof": "2026-09-20 20:52"}, "geometry": {"type": "Point", "coordinates": [-81.867149, 41.252175]}}, {"type": "Feature", "properties": {"address": "3903 Laurel Rd", "city": "Brunswick", "zip": 44212.0, "url": "https://www.redfin.com/OH/Brunswick/3903-Laurel-Rd-44212/home/66447317", "price": 369900.0, "pred_price": 335092.56, "excess_pct": 10.8, "rel_discount": null, "local_mae_pct": 5.15, "pctile": 84.3, "beds": 3.0, "baths": 2.0, "sqft": 1533.0, "lot_sqft": 15028.0, "year_built": 1992.0, "ptype_cat": "single", "days_on_market": 1.0, "n_cuts": 0.0, "cum_cut_pct": 0.0, "days_to_pending": null, "ph_exposure": 0.12, "ph_dist_m": 1521.57, "d_fwy": 2408.23, "d_art": 1259.57, "school_pi": 85.2, "crime_rate": 6.13, "income": 77000.0, "model_mae_pct": 6.2, "segment": "ppsf:190-300,price:250000-600000", "asof": "2026-09-20 20:52"}, "geometry": {"type": "Point", "coordinates": [-81.826404, 41.227104]}}, {"type": "Feature", "properties": {"address": "11952 Greyfriars Cir", "city": "North Royalton", "zip": 44133.0, "url": "https://www.redfin.com/OH/North-Royalton/11952-Greyfriars-Cir-44133/home/70903714", "price": 485000.0, "pred_price": 528076.27, "excess_pct": -7.8, "rel_discount": -8.0, "local_mae_pct": 5.15, "pctile": 17.3, "beds": 4.0, "baths": 2.5, "sqft": 2503.0, "lot_sqft": 16988.0, "year_built": 1994.0, "ptype_cat": "single", "days_on_market": 10.0, "n_cuts": 0.0, "cum_cut_pct": 0.0, "days_to_pending": null, "ph_exposure": 0.0, "ph_dist_m": 5060.87, "d_fwy": 2793.89, "d_art": 3703.25, "school_pi": 90.2, "crime_rate": 5.33, "income": 123964.0, "model_mae_pct": 6.2, "segment": "ppsf:190-300,price:250000-600000", "asof": "2026-09-20 20:52"}, "geometry": {"type": "Point", "coordinates": [-81.773631, 41.281399]}}, {"type": "Feature", "properties": {"address": "8124 Thornhurst Dr", "city": "North Royalton", "zip": 44133.0, "url": "https://www.redfin.com/OH/North-Royalton/8124-Thornhurst-Dr-44133/home/70906560", "price": 424000.0, "pred_price": 438103.33, "excess_pct": -2.8, "rel_discount": -3.0, "local_mae_pct": 6.51, "pctile": 34.6, "beds": 5.0, "baths": 2.5, "sqft": 2152.0, "lot_sqft": 19998.0, "year_built": 1965.0, "ptype_cat": "single", "days_on_market": 26.0, "n_cuts": 1.0, "cum_cut_pct": -6.61, "days_to_pending": null, "ph_exposure": 0.0, "ph_dist_m": 3517.36, "d_fwy": 5005.34, "d_art": 1456.3, "school_pi": 90.2, "crime_rate": 5.33, "income": 114167.0, "model_mae_pct": 6.2, "segment": "ppsf:190-300,price:250000-600000", "asof": "2026-09-20 20:52"}, "geometry": {"type": "Point", "coordinates": [-81.718524, 41.348345]}}, {"type": "Feature", "properties": {"address": "2723 Sexton Ct", "city": "Broadview Heights", "zip": 44147.0, "url": "https://www.redfin.com/OH/Broadview-Heights/2723-Sexton-Ct-44147/home/66176992", "price": 444900.0, "pred_price": 432449.96, "excess_pct": 3.3, "rel_discount": 3.2, "local_mae_pct": 5.15, "pctile": 62.7, "beds": 4.0, "baths": 2.5, "sqft": 1896.0, "lot_sqft": 6272.0, "year_built": 2003.0, "ptype_cat": "single", "days_on_market": 55.0, "n_cuts": 1.0, "cum_cut_pct": -1.13, "days_to_pending": null, "ph_exposure": 0.0, "ph_dist_m": 4830.57, "d_fwy": 1586.49, "d_art": 3310.23, "school_pi": 90.2, "crime_rate": 0.61, "income": 133527.0, "model_mae_pct": 6.2, "segment": "ppsf:190-300,price:250000-600000", "asof": "2026-09-20 20:52"}, "geometry": {"type": "Point", "coordinates": [-81.698596, 41.283981]}}, {"type": "Feature", "properties": {"address": "17101 Rabbit Run Dr", "city": "Strongsville", "zip": 44136.0, "url": "https://www.redfin.com/OH/Strongsville/17101-Rabbit-Run-Dr-44136/home/66229430", "price": 409000.0, "pred_price": 436568.37, "excess_pct": -5.9, "rel_discount": -4.8, "local_mae_pct": 6.5, "pctile": 23.3, "beds": 3.0, "baths": 3.5, "sqft": 1992.0, "lot_sqft": 13599.0, "year_built": 1976.0, "ptype_cat": "single", "days_on_market": 16.0, "n_cuts": 1.0, "cum_cut_pct": -2.39, "days_to_pending": null, "ph_exposure": 0.0, "ph_dist_m": 6019.02, "d_fwy": 1498.62, "d_art": 732.25, "school_pi": 90.5, "crime_rate": 11.23, "income": 79534.0, "model_mae_pct": 6.2, "segment": "ppsf:190-300,price:250000-600000", "asof": "2026-09-20 20:52"}, "geometry": {"type": "Point", "coordinates": [-81.826446, 41.294382]}}, {"type": "Feature", "properties": {"address": "315 Valley Brook Oval", "city": "Hinckley", "zip": 44233.0, "url": "https://www.redfin.com/OH/Hinckley/315-Valley-Brook-Oval-44233/home/70485482", "price": 469000.0, "pred_price": 535489.93, "excess_pct": -12.0, "rel_discount": null, "local_mae_pct": 5.15, "pctile": 6.1, "beds": 4.0, "baths": 2.0, "sqft": 2428.0, "lot_sqft": 33001.0, "year_built": 1987.0, "ptype_cat": "single", "days_on_market": 58.0, "n_cuts": 2.0, "cum_cut_pct": -4.09, "days_to_pending": null, "ph_exposure": 0.0, "ph_dist_m": 5997.79, "d_fwy": 3324.92, "d_art": 5051.31, "school_pi": 97.1, "crime_rate": null, "income": 137340.0, "model_mae_pct": 6.2, "segment": "ppsf:190-300,price:250000-600000", "asof": "2026-09-20 20:52"}, "geometry": {"type": "Point", "coordinates": [-81.765117, 41.267722]}}, {"type": "Feature", "properties": {"address": "18717 Walnut Dr", "city": "Strongsville", "zip": 44149.0, "url": "https://www.redfin.com/OH/Strongsville/18717-Walnut-Dr-44149/home/66439744", "price": 440000.0, "pred_price": 470560.86, "excess_pct": -6.1, "rel_discount": -6.2, "local_mae_pct": 5.15, "pctile": 22.4, "beds": 4.0, "baths": 2.5, "sqft": 2100.0, "lot_sqft": 13599.0, "year_built": 1994.0, "ptype_cat": "single", "days_on_market": 72.0, "n_cuts": 1.0, "cum_cut_pct": -4.35, "days_to_pending": null, "ph_exposure": 0.0, "ph_dist_m": 4663.27, "d_fwy": 3010.96, "d_art": 731.36, "school_pi": 90.5, "crime_rate": 11.23, "income": 145938.0, "model_mae_pct": 6.2, "segment": "ppsf:190-300,price:250000-600000", "asof": "2026-09-20 20:52"}, "geometry": {"type": "Point", "coordinates": [-81.843877, 41.283336]}}, {"type": "Feature", "properties": {"address": "1343 Oakes Rd", "city": "Broadview Heights", "zip": 44147.0, "url": "https://www.redfin.com/OH/Broadview-Heights/1343-Oakes-Rd-44147/home/70927531", "price": 389900.0, "pred_price": 338105.89, "excess_pct": 15.7, "rel_discount": 16.8, "local_mae_pct": 6.6, "pctile": 90.2, "beds": 3.0, "baths": 2.0, "sqft": 1423.0, "lot_sqft": 98445.0, "year_built": 1940.0, "ptype_cat": "single", "days_on_market": 16.0, "n_cuts": 1.0, "cum_cut_pct": -4.67, "days_to_pending": null, "ph_exposure": 0.0, "ph_dist_m": 5082.31, "d_fwy": 1586.53, "d_art": 622.68, "school_pi": 96.9, "crime_rate": 0.61, "income": 127585.0, "model_mae_pct": 6.2, "segment": "ppsf:190-300,price:250000-600000", "asof": "2026-09-20 20:52"}, "geometry": {"type": "Point", "coordinates": [-81.676453, 41.308267]}}, {"type": "Feature", "properties": {"address": "10262 Wildflower Way", "city": "Broadview Heights", "zip": 44147.0, "url": "https://www.redfin.com/OH/Broadview-Heights/10262-Wildflower-Way-44147/home/66189280", "price": 389900.0, "pred_price": 401660.09, "excess_pct": -2.5, "rel_discount": -1.4, "local_mae_pct": 5.15, "pctile": 36.1, "beds": 3.0, "baths": 2.5, "sqft": 1831.0, "lot_sqft": 5575.0, "year_built": 1999.0, "ptype_cat": "single", "days_on_market": 3.0, "n_cuts": 0.0, "cum_cut_pct": 0.0, "days_to_pending": null, "ph_exposure": 0.0, "ph_dist_m": 5358.18, "d_fwy": 1030.57, "d_art": 3099.96, "school_pi": 90.2, "crime_rate": 0.61, "income": 133527.0, "model_mae_pct": 6.2, "segment": "ppsf:190-300,price:250000-600000", "asof": "2026-09-20 20:52"}, "geometry": {"type": "Point", "coordinates": [-81.687169, 41.285919]}}, {"type": "Feature", "properties": {"address": "6656 Willow Lake Dr", "city": "North Royalton", "zip": 44133.0, "url": "https://www.redfin.com/OH/North-Royalton/6656-Willow-Lake-Dr-44133/home/71095985", "price": 499900.0, "pred_price": 489966.97, "excess_pct": 2.4, "rel_discount": -3.8, "local_mae_pct": 5.15, "pctile": 59.8, "beds": 4.0, "baths": 2.5, "sqft": 2314.0, "lot_sqft": 15681.0, "year_built": 2002.0, "ptype_cat": "single", "days_on_market": 19.0, "n_cuts": 0.0, "cum_cut_pct": 0.0, "days_to_pending": null, "ph_exposure": 0.03, "ph_dist_m": 1346.27, "d_fwy": 195.04, "d_art": 945.62, "school_pi": 90.2, "crime_rate": 5.33, "income": 44980.0, "model_mae_pct": 6.2, "segment": "ppsf:190-300,price:250000-600000", "asof": "2026-09-20 20:52"}, "geometry": {"type": "Point", "coordinates": [-81.732948, 41.305189]}}, {"type": "Feature", "properties": {"address": "13953 Laurelbrook Oval", "city": "Strongsville", "zip": 44136.0, "url": "https://www.redfin.com/OH/Strongsville/13953-Laurelbrook-Oval-44136/home/70716205", "price": 505900.0, "pred_price": 510101.87, "excess_pct": -0.4, "rel_discount": -6.6, "local_mae_pct": 5.79, "pctile": 48.5, "beds": 4.0, "baths": 3.0, "sqft": 2520.0, "lot_sqft": 6577.0, "year_built": 2017.0, "ptype_cat": "single", "days_on_market": 6.0, "n_cuts": 0.0, "cum_cut_pct": 0.0, "days_to_pending": null, "ph_exposure": 0.0, "ph_dist_m": 4960.51, "d_fwy": 144.7, "d_art": 1671.85, "school_pi": 90.5, "crime_rate": 11.23, "income": 134853.0, "model_mae_pct": 6.2, "segment": "ppsf:190-300,price:250000-600000", "asof": "2026-09-20 20:52"}, "geometry": {"type": "Point", "coordinates": [-81.793374, 41.328389]}}, {"type": "Feature", "properties": {"address": "17497 Woodshire Dr", "city": "Strongsville", "zip": 44149.0, "url": "https://www.redfin.com/OH/Strongsville/17497-Woodshire-Dr-44149/home/70717376", "price": 524900.0, "pred_price": 539785.27, "excess_pct": -2.4, "rel_discount": -8.6, "local_mae_pct": 5.79, "pctile": 36.8, "beds": 4.0, "baths": 3.5, "sqft": 2324.0, "lot_sqft": 10240.0, "year_built": 2013.0, "ptype_cat": "single", "days_on_market": 24.0, "n_cuts": 2.0, "cum_cut_pct": -6.25, "days_to_pending": null, "ph_exposure": 0.0, "ph_dist_m": 5738.19, "d_fwy": 2679.25, "d_art": 448.44, "school_pi": 90.5, "crime_rate": 11.23, "income": 119107.0, "model_mae_pct": 6.2, "segment": "ppsf:190-300,price:250000-600000", "asof": "2026-09-20 20:52"}, "geometry": {"type": "Point", "coordinates": [-81.840545, 41.293051]}}, {"type": "Feature", "properties": {"address": "8124 Forest Ct N", "city": "North Royalton", "zip": 44133.0, "url": "https://www.redfin.com/OH/North-Royalton/8124-Forest-Ct-44133/home/70906552", "price": 524900.0, "pred_price": 424475.23, "excess_pct": 24.1, "rel_discount": 18.0, "local_mae_pct": 6.51, "pctile": 97.8, "beds": 4.0, "baths": 2.5, "sqft": 2040.0, "lot_sqft": 24201.0, "year_built": 1968.0, "ptype_cat": "single", "days_on_market": 62.0, "n_cuts": 0.0, "cum_cut_pct": 0.0, "days_to_pending": null, "ph_exposure": 0.0, "ph_dist_m": 3568.34, "d_fwy": 5018.88, "d_art": 1608.93, "school_pi": 90.2, "crime_rate": 5.33, "income": 114167.0, "model_mae_pct": 6.2, "segment": "ppsf:190-300,price:250000-600000", "asof": "2026-09-20 20:52"}, "geometry": {"type": "Point", "coordinates": [-81.716698, 41.348442]}}, {"type": "Feature", "properties": {"address": "10415 Abbey Rd", "city": "North Royalton", "zip": 44133.0, "url": "https://www.redfin.com/OH/North-Royalton/10415-Abbey-Rd-44133/home/70901201", "price": 530000.0, "pred_price": 428736.95, "excess_pct": 24.0, "rel_discount": 17.8, "local_mae_pct": 6.51, "pctile": 97.6, "beds": 6.0, "baths": 2.5, "sqft": 2216.0, "lot_sqft": 19776.0, "year_built": 1966.0, "ptype_cat": "single", "days_on_market": 4.0, "n_cuts": 0.0, "cum_cut_pct": 0.0, "days_to_pending": null, "ph_exposure": 0.0, "ph_dist_m": 3830.24, "d_fwy": 1500.85, "d_art": 2067.69, "school_pi": 90.2, "crime_rate": 5.33, "income": 64722.0, "model_mae_pct": 6.2, "segment": "ppsf:190-300,price:250000-600000", "asof": "2026-09-20 20:52"}, "geometry": {"type": "Point", "coordinates": [-81.775373, 41.334717]}}, {"type": "Feature", "properties": {"address": "14655 Baywood Ln", "city": "Strongsville", "zip": 44136.0, "url": "https://www.redfin.com/OH/Strongsville/14655-Baywood-Ln-44136/home/198365867", "price": 499900.0, "pred_price": 425238.33, "excess_pct": 18.0, "rel_discount": 11.9, "local_mae_pct": 5.79, "pctile": 93.4, "beds": 3.0, "baths": 2.0, "sqft": 1880.0, "lot_sqft": 6529.0, "year_built": 2025.0, "ptype_cat": "single", "days_on_market": 340.0, "n_cuts": 0.0, "cum_cut_pct": 0.0, "days_to_pending": null, "ph_exposure": 0.0, "ph_dist_m": 5009.72, "d_fwy": 134.01, "d_art": 1679.18, "school_pi": 90.5, "crime_rate": 11.23, "income": 134853.0, "model_mae_pct": 6.2, "segment": "ppsf:190-300,price:250000-600000", "asof": "2026-09-20 20:52"}, "geometry": {"type": "Point", "coordinates": [-81.79396, 41.328448]}}, {"type": "Feature", "properties": {"address": "21032 Breckenridge Ln", "city": "Strongsville", "zip": 44149.0, "url": "https://www.redfin.com/OH/Strongsville/21032-Breckenridge-Ln-44149/home/106427577", "price": 599000.0, "pred_price": 535864.01, "excess_pct": 12.2, "rel_discount": 6.1, "local_mae_pct": 5.79, "pctile": 85.9, "beds": 4.0, "baths": 2.5, "sqft": 2450.0, "lot_sqft": 21649.0, "year_built": 2025.0, "ptype_cat": "single", "days_on_market": 290.0, "n_cuts": 1.0, "cum_cut_pct": -2.6, "days_to_pending": null, "ph_exposure": 0.0, "ph_dist_m": 3913.39, "d_fwy": 981.97, "d_art": 1879.67, "school_pi": 90.5, "crime_rate": 11.23, "income": 126080.0, "model_mae_pct": 6.2, "segment": "ppsf:190-300,price:250000-600000", "asof": "2026-09-20 20:52"}, "geometry": {"type": "Point", "coordinates": [-81.858161, 41.337428]}}, {"type": "Feature", "properties": {"address": "103 Town Centre Dr", "city": "Broadview Heights", "zip": 44147.0, "url": "https://www.redfin.com/OH/Broadview-Heights/103-Town-Centre-Dr-44147/home/190601735", "price": 572181.0, "pred_price": 521663.68, "excess_pct": 10.1, "rel_discount": 3.9, "local_mae_pct": 5.79, "pctile": 82.7, "beds": 3.0, "baths": 2.5, "sqft": 2056.0, "lot_sqft": 3920.0, "year_built": 2026.0, "ptype_cat": "single", "days_on_market": 274.0, "n_cuts": 0.0, "cum_cut_pct": 0.0, "days_to_pending": null, "ph_exposure": 0.0, "ph_dist_m": 4386.43, "d_fwy": 1634.03, "d_art": 299.71, "school_pi": 96.9, "crime_rate": 0.61, "income": 127585.0, "model_mae_pct": 6.2, "segment": "ppsf:190-300,price:250000-600000", "asof": "2026-09-20 20:52"}, "geometry": {"type": "Point", "coordinates": [-81.684221, 41.311156]}}, {"type": "Feature", "properties": {"address": "20427 Scotch Pine Way", "city": "Strongsville", "zip": 44149.0, "url": "https://www.redfin.com/OH/Strongsville/20427-Scotch-Pine-Way-44149/home/66137595", "price": 574900.0, "pred_price": 471531.23, "excess_pct": 22.3, "rel_discount": 16.2, "local_mae_pct": 5.15, "pctile": 96.7, "beds": 5.0, "baths": 3.5, "sqft": 2129.0, "lot_sqft": 12632.0, "year_built": 2004.0, "ptype_cat": "single", "days_on_market": 73.0, "n_cuts": 1.0, "cum_cut_pct": -2.54, "days_to_pending": null, "ph_exposure": 0.0, "ph_dist_m": 4326.45, "d_fwy": 1062.26, "d_art": 1121.4, "school_pi": 90.5, "crime_rate": 11.23, "income": 94773.0, "model_mae_pct": 6.2, "segment": "ppsf:190-300,price:250000-600000", "asof": "2026-09-20 20:52"}, "geometry": {"type": "Point", "coordinates": [-81.849934, 41.333819]}}, {"type": "Feature", "properties": {"address": "12300 Coopers Run", "city": "Strongsville", "zip": 44149.0, "url": "https://www.redfin.com/OH/Strongsville/12300-Coopers-Run-44149/home/70862948", "price": 579000.0, "pred_price": 566230.45, "excess_pct": 2.7, "rel_discount": -3.4, "local_mae_pct": 5.15, "pctile": 60.8, "beds": 4.0, "baths": 3.0, "sqft": 3015.0, "lot_sqft": 13503.0, "year_built": 1998.0, "ptype_cat": "single", "days_on_market": 88.0, "n_cuts": 1.0, "cum_cut_pct": -3.34, "days_to_pending": null, "ph_exposure": 0.0, "ph_dist_m": 5724.38, "d_fwy": 2848.91, "d_art": 2487.32, "school_pi": 90.5, "crime_rate": 11.23, "income": 197989.0, "model_mae_pct": 6.2, "segment": "ppsf:190-300,price:250000-600000", "asof": "2026-09-20 20:52"}, "geometry": {"type": "Point", "coordinates": [-81.866289, 41.32174]}}, {"type": "Feature", "properties": {"address": "1144 Hunting Holw", "city": "Grafton", "zip": 44044.0, "url": "https://www.redfin.com/OH/Grafton/1144-Hunting-Holw-44044/home/75855304", "price": 364990.0, "pred_price": 340948.32, "excess_pct": 7.5, "rel_discount": 9.4, "local_mae_pct": 6.17, "pctile": 78.0, "beds": 3.0, "baths": 2.5, "sqft": 1410.0, "lot_sqft": 14135.0, "year_built": null, "ptype_cat": "single", "days_on_market": 7.0, "n_cuts": 0.0, "cum_cut_pct": 0.0, "days_to_pending": null, "ph_exposure": 0.0, "ph_dist_m": 6673.91, "d_fwy": 4307.19, "d_art": 4556.38, "school_pi": 81.8, "crime_rate": null, "income": 102500.0, "model_mae_pct": 6.2, "segment": "ppsf:190-300,price:250000-600000", "asof": "2026-09-20 20:52"}, "geometry": {"type": "Point", "coordinates": [-82.069863, 41.289153]}}, {"type": "Feature", "properties": {"address": "34691 Legends Way", "city": "Grafton", "zip": 44044.0, "url": "https://www.redfin.com/OH/Grafton/34691-Legends-Way-44044/home/170947539", "price": 425000.0, "pred_price": 398704.43, "excess_pct": 7.0, "rel_discount": 2.9, "local_mae_pct": 5.79, "pctile": 76.9, "beds": 3.0, "baths": 2.0, "sqft": 1574.0, "lot_sqft": 9147.0, "year_built": 2022.0, "ptype_cat": "single", "days_on_market": 6.0, "n_cuts": 1.0, "cum_cut_pct": -2.3, "days_to_pending": null, "ph_exposure": 0.0, "ph_dist_m": 9137.28, "d_fwy": 4798.74, "d_art": 6383.63, "school_pi": 81.8, "crime_rate": null, "income": 72212.0, "model_mae_pct": 6.2, "segment": "ppsf:190-300,price:250000-600000", "asof": "2026-09-20 20:52"}, "geometry": {"type": "Point", "coordinates": [-81.991941, 41.316239]}}, {"type": "Feature", "properties": {"address": "330 Delta Way", "city": "Elyria", "zip": 44035.0, "url": "https://www.redfin.com/OH/Elyria/330-Delta-Way-44035/home/204680554", "price": 402990.0, "pred_price": 411460.94, "excess_pct": -1.7, "rel_discount": 0.2, "local_mae_pct": 5.8, "pctile": 40.3, "beds": 3.0, "baths": 2.0, "sqft": 1778.0, "lot_sqft": null, "year_built": 2026.0, "ptype_cat": "single", "days_on_market": 30.0, "n_cuts": 1.0, "cum_cut_pct": 0.25, "days_to_pending": null, "ph_exposure": 0.02, "ph_dist_m": 1978.41, "d_fwy": 572.89, "d_art": 1354.78, "school_pi": 81.8, "crime_rate": null, "income": 98456.0, "model_mae_pct": 6.2, "segment": "ppsf:190-300,price:250000-600000", "asof": "2026-09-20 20:52"}, "geometry": {"type": "Point", "coordinates": [-82.082944, 41.332574]}}, {"type": "Feature", "properties": {"address": "37373 Butternut Ridge Rd", "city": "North Ridgeville", "zip": 44039.0, "url": "https://www.redfin.com/OH/North-Ridgeville/37373-Butternut-Ridge-Rd-44039/home/75833202", "price": 399000.0, "pred_price": 423560.04, "excess_pct": -5.4, "rel_discount": -3.5, "local_mae_pct": 6.5, "pctile": 25.0, "beds": 3.0, "baths": 2.5, "sqft": 1928.0, "lot_sqft": 126759.0, "year_built": 1973.0, "ptype_cat": "single", "days_on_market": 41.0, "n_cuts": 0.0, "cum_cut_pct": 0.0, "days_to_pending": null, "ph_exposure": 0.0, "ph_dist_m": 3874.69, "d_fwy": 307.17, "d_art": 1540.26, "school_pi": 81.8, "crime_rate": null, "income": 72212.0, "model_mae_pct": 6.2, "segment": "ppsf:190-300,price:250000-600000", "asof": "2026-09-20 20:52"}, "geometry": {"type": "Point", "coordinates": [-82.048837, 41.339744]}}, {"type": "Feature", "properties": {"address": "310 Delta Way", "city": "Elyria", "zip": 44035.0, "url": "https://www.redfin.com/OH/Elyria/310-Delta-Way-44035/home/204670573", "price": 419990.0, "pred_price": 397287.9, "excess_pct": 6.1, "rel_discount": 2.0, "local_mae_pct": 5.8, "pctile": 73.8, "beds": 3.0, "baths": 2.0, "sqft": 1778.0, "lot_sqft": 8276.0, "year_built": 2026.0, "ptype_cat": "single", "days_on_market": 31.0, "n_cuts": 1.0, "cum_cut_pct": -2.33, "days_to_pending": null, "ph_exposure": 0.02, "ph_dist_m": 1978.41, "d_fwy": 572.89, "d_art": 1354.78, "school_pi": 81.8, "crime_rate": null, "income": 98456.0, "model_mae_pct": 6.2, "segment": "ppsf:190-300,price:250000-600000", "asof": "2026-09-20 20:52"}, "geometry": {"type": "Point", "coordinates": [-82.082944, 41.332574]}}, {"type": "Feature", "properties": {"address": "1024 Hunters Chase", "city": "Grafton", "zip": 44044.0, "url": "https://www.redfin.com/OH/Grafton/1024-Hunters-Chase-44044/home/77234725", "price": 425000.0, "pred_price": 445618.47, "excess_pct": -4.2, "rel_discount": -8.2, "local_mae_pct": 5.16, "pctile": 30.4, "beds": 3.0, "baths": 2.0, "sqft": 2211.0, "lot_sqft": 17859.0, "year_built": 2001.0, "ptype_cat": "single", "days_on_market": 10.0, "n_cuts": 0.0, "cum_cut_pct": 0.0, "days_to_pending": null, "ph_exposure": 0.0, "ph_dist_m": 6924.21, "d_fwy": 4497.62, "d_art": 4572.84, "school_pi": 81.8, "crime_rate": null, "income": 102500.0, "model_mae_pct": 6.2, "segment": "ppsf:190-300,price:250000-600000", "asof": "2026-09-20 20:52"}, "geometry": {"type": "Point", "coordinates": [-82.063124, 41.288994]}}, {"type": "Feature", "properties": {"address": "7001 Grafton Rd", "city": "Valley City", "zip": 44280.0, "url": "https://www.redfin.com/OH/Valley-City/7001-Grafton-Rd-44280/home/70488069", "price": 399000.0, "pred_price": 433561.21, "excess_pct": -7.6, "rel_discount": null, "local_mae_pct": 6.5, "pctile": 17.7, "beds": 3.0, "baths": 2.5, "sqft": 1814.0, "lot_sqft": 142005.0, "year_built": 1972.0, "ptype_cat": "single", "days_on_market": 18.0, "n_cuts": 0.0, "cum_cut_pct": 0.0, "days_to_pending": null, "ph_exposure": 0.0, "ph_dist_m": 8486.49, "d_fwy": 11017.68, "d_art": 8232.67, "school_pi": 88.1, "crime_rate": null, "income": 99408.0, "model_mae_pct": 6.2, "segment": "ppsf:190-300,price:250000-600000", "asof": "2026-09-20 20:52"}, "geometry": {"type": "Point", "coordinates": [-81.939432, 41.26089]}}, {"type": "Feature", "properties": {"address": "23742 Wally's Way", "city": "Columbia Station", "zip": 44028.0, "url": "https://www.redfin.com/OH/Columbia-Station/23742-Wallys-Way-44028/home/194744288", "price": 549990.0, "pred_price": 491483.68, "excess_pct": 12.3, "rel_discount": 6.6, "local_mae_pct": 5.79, "pctile": 86.1, "beds": 2.0, "baths": 2.5, "sqft": 2027.0, "lot_sqft": 8276.0, "year_built": 2025.0, "ptype_cat": "single", "days_on_market": 165.0, "n_cuts": 1.0, "cum_cut_pct": 0.81, "days_to_pending": null, "ph_exposure": 0.0, "ph_dist_m": 6280.34, "d_fwy": 3685.55, "d_art": 4416.54, "school_pi": 86.8, "crime_rate": null, "income": 121389.0, "model_mae_pct": 6.2, "segment": "ppsf:190-300,price:250000-600000", "asof": "2026-09-20 20:52"}, "geometry": {"type": "Point", "coordinates": [-81.889631, 41.322395]}}, {"type": "Feature", "properties": {"address": "306 Delta Way", "city": "Elyria", "zip": 44035.0, "url": "https://www.redfin.com/OH/Elyria/306-Delta-Way-44035/home/204670205", "price": 446990.0, "pred_price": 428968.13, "excess_pct": 4.6, "rel_discount": 0.5, "local_mae_pct": 5.8, "pctile": 68.2, "beds": 3.0, "baths": 2.0, "sqft": 1946.0, "lot_sqft": 10018.0, "year_built": 2026.0, "ptype_cat": "single", "days_on_market": 31.0, "n_cuts": 0.0, "cum_cut_pct": 0.0, "days_to_pending": null, "ph_exposure": 0.02, "ph_dist_m": 1978.41, "d_fwy": 572.89, "d_art": 1354.78, "school_pi": 81.8, "crime_rate": null, "income": 98456.0, "model_mae_pct": 6.2, "segment": "ppsf:190-300,price:250000-600000", "asof": "2026-09-20 20:52"}, "geometry": {"type": "Point", "coordinates": [-82.082944, 41.332574]}}, {"type": "Feature", "properties": {"address": "12502 Challenge Way", "city": "Columbia Station", "zip": 44028.0, "url": "https://www.redfin.com/OH/Columbia-Station/12502-Challenge-Way-44028/home/184278673", "price": 449900.0, "pred_price": 467993.6, "excess_pct": -3.5, "rel_discount": -7.6, "local_mae_pct": 5.79, "pctile": 32.2, "beds": 3.0, "baths": 2.5, "sqft": 1983.0, "lot_sqft": 6847.0, "year_built": 2023.0, "ptype_cat": "single", "days_on_market": 123.0, "n_cuts": 0.0, "cum_cut_pct": 0.0, "days_to_pending": null, "ph_exposure": 0.0, "ph_dist_m": 5700.05, "d_fwy": 3109.4, "d_art": 4255.6, "school_pi": 86.8, "crime_rate": null, "income": 121389.0, "model_mae_pct": 6.2, "segment": "ppsf:190-300,price:250000-600000", "asof": "2026-09-20 20:52"}, "geometry": {"type": "Point", "coordinates": [-81.887989, 41.327661]}}, {"type": "Feature", "properties": {"address": "331 Delta Way", "city": "Elyria", "zip": 44035.0, "url": "https://www.redfin.com/OH/Elyria/331-Delta-Way-44035/home/204680613", "price": 452990.0, "pred_price": 436222.22, "excess_pct": 4.2, "rel_discount": 0.1, "local_mae_pct": 5.8, "pctile": 66.9, "beds": 3.0, "baths": 2.0, "sqft": 1946.0, "lot_sqft": null, "year_built": 2026.0, "ptype_cat": "single", "days_on_market": 30.0, "n_cuts": 1.0, "cum_cut_pct": 0.22, "days_to_pending": null, "ph_exposure": 0.02, "ph_dist_m": 1978.41, "d_fwy": 572.89, "d_art": 1354.78, "school_pi": 81.8, "crime_rate": null, "income": 98456.0, "model_mae_pct": 6.2, "segment": "ppsf:190-300,price:250000-600000", "asof": "2026-09-20 20:52"}, "geometry": {"type": "Point", "coordinates": [-82.082944, 41.332574]}}, {"type": "Feature", "properties": {"address": "322 Delta Way", "city": "Elyria", "zip": 44035.0, "url": "https://www.redfin.com/OH/Elyria/322-Delta-Way-44035/home/204680599", "price": 452990.0, "pred_price": 436222.22, "excess_pct": 4.2, "rel_discount": 0.1, "local_mae_pct": 5.8, "pctile": 66.9, "beds": 3.0, "baths": 2.0, "sqft": 1946.0, "lot_sqft": null, "year_built": 2026.0, "ptype_cat": "single", "days_on_market": 30.0, "n_cuts": 1.0, "cum_cut_pct": 0.22, "days_to_pending": null, "ph_exposure": 0.02, "ph_dist_m": 1978.41, "d_fwy": 572.89, "d_art": 1354.78, "school_pi": 81.8, "crime_rate": null, "income": 98456.0, "model_mae_pct": 6.2, "segment": "ppsf:190-300,price:250000-600000", "asof": "2026-09-20 20:52"}, "geometry": {"type": "Point", "coordinates": [-82.082944, 41.332574]}}, {"type": "Feature", "properties": {"address": "103 Riverfield Run", "city": "Elyria", "zip": 44035.0, "url": "https://www.redfin.com/OH/Elyria/103-Riverfield-Run-44035/home/204669624", "price": 459990.0, "pred_price": 443587.25, "excess_pct": 4.1, "rel_discount": 0.0, "local_mae_pct": 5.8, "pctile": 65.9, "beds": 3.0, "baths": 2.5, "sqft": 2248.0, "lot_sqft": 6098.0, "year_built": 2026.0, "ptype_cat": "single", "days_on_market": 31.0, "n_cuts": 1.0, "cum_cut_pct": -1.08, "days_to_pending": null, "ph_exposure": 0.03, "ph_dist_m": 1865.21, "d_fwy": 588.52, "d_art": 1617.38, "school_pi": 81.8, "crime_rate": null, "income": 98456.0, "model_mae_pct": 6.2, "segment": "ppsf:190-300,price:250000-600000", "asof": "2026-09-20 20:52"}, "geometry": {"type": "Point", "coordinates": [-82.085999, 41.331802]}}, {"type": "Feature", "properties": {"address": "440 Station Rd", "city": "Valley City", "zip": 44280.0, "url": "https://www.redfin.com/OH/Valley-City/440-Station-Rd-44280/home/70488055", "price": 474900.0, "pred_price": 423122.58, "excess_pct": 12.6, "rel_discount": null, "local_mae_pct": 6.5, "pctile": 86.6, "beds": 3.0, "baths": 1.5, "sqft": 2260.0, "lot_sqft": 103672.0, "year_built": 1972.0, "ptype_cat": "single", "days_on_market": 30.0, "n_cuts": 0.0, "cum_cut_pct": 0.0, "days_to_pending": null, "ph_exposure": 0.0, "ph_dist_m": 9771.76, "d_fwy": 11180.27, "d_art": 9077.85, "school_pi": 88.1, "crime_rate": null, "income": 99408.0, "model_mae_pct": 6.2, "segment": "ppsf:190-300,price:250000-600000", "asof": "2026-09-20 20:52"}, "geometry": {"type": "Point", "coordinates": [-81.954652, 41.262708]}}, {"type": "Feature", "properties": {"address": "15340 Cowley Rd", "city": "Columbia Station", "zip": 44028.0, "url": "https://www.redfin.com/OH/Columbia-Station/15340-Cowley-Rd-44028/home/66218026", "price": 475000.0, "pred_price": 464859.78, "excess_pct": 2.6, "rel_discount": -1.5, "local_mae_pct": 5.15, "pctile": 60.4, "beds": 4.0, "baths": 3.0, "sqft": 2139.0, "lot_sqft": 102366.0, "year_built": 2004.0, "ptype_cat": "single", "days_on_market": 38.0, "n_cuts": 1.0, "cum_cut_pct": -4.81, "days_to_pending": null, "ph_exposure": 0.0, "ph_dist_m": 12107.44, "d_fwy": 10194.67, "d_art": 7766.14, "school_pi": 81.8, "crime_rate": null, "income": 82679.0, "model_mae_pct": 6.2, "segment": "ppsf:190-300,price:250000-600000", "asof": "2026-09-20 20:52"}, "geometry": {"type": "Point", "coordinates": [-81.983559, 41.262807]}}, {"type": "Feature", "properties": {"address": "318 Delta Way", "city": "Elyria", "zip": 44035.0, "url": "https://www.redfin.com/OH/Elyria/318-Delta-Way-44035/home/204680593", "price": 482990.0, "pred_price": 465367.86, "excess_pct": 4.2, "rel_discount": 0.1, "local_mae_pct": 5.8, "pctile": 66.9, "beds": 4.0, "baths": 3.0, "sqft": 2162.0, "lot_sqft": null, "year_built": 2026.0, "ptype_cat": "single", "days_on_market": 30.0, "n_cuts": 1.0, "cum_cut_pct": 0.21, "days_to_pending": null, "ph_exposure": 0.02, "ph_dist_m": 1978.41, "d_fwy": 572.89, "d_art": 1354.78, "school_pi": 81.8, "crime_rate": null, "income": 98456.0, "model_mae_pct": 6.2, "segment": "ppsf:190-300,price:250000-600000", "asof": "2026-09-20 20:52"}, "geometry": {"type": "Point", "coordinates": [-82.082944, 41.332574]}}, {"type": "Feature", "properties": {"address": "314 Delta Way", "city": "Elyria", "zip": 44035.0, "url": "https://www.redfin.com/OH/Elyria/314-Delta-Way-44035/home/204680618", "price": 484990.0, "pred_price": 435808.78, "excess_pct": 11.7, "rel_discount": 7.6, "local_mae_pct": 5.8, "pctile": 85.0, "beds": 3.0, "baths": 2.5, "sqft": 2013.0, "lot_sqft": 6969.0, "year_built": 2026.0, "ptype_cat": "single", "days_on_market": 24.0, "n_cuts": 0.0, "cum_cut_pct": 0.0, "days_to_pending": null, "ph_exposure": 0.02, "ph_dist_m": 1978.41, "d_fwy": 572.89, "d_art": 1354.78, "school_pi": 81.8, "crime_rate": null, "income": 98456.0, "model_mae_pct": 6.2, "segment": "ppsf:190-300,price:250000-600000", "asof": "2026-09-20 20:52"}, "geometry": {"type": "Point", "coordinates": [-82.082944, 41.332574]}}, {"type": "Feature", "properties": {"address": "35524 Crystal Creek Ct", "city": "Grafton", "zip": 44044.0, "url": "https://www.redfin.com/OH/Grafton/35524-Crystal-Creek-Ct-44044/home/174857524", "price": 565000.0, "pred_price": 562857.01, "excess_pct": 0.8, "rel_discount": -4.9, "local_mae_pct": 5.79, "pctile": 54.2, "beds": 6.0, "baths": 4.0, "sqft": 2888.0, "lot_sqft": 10850.0, "year_built": 2021.0, "ptype_cat": "single", "days_on_market": 11.0, "n_cuts": 0.0, "cum_cut_pct": 0.0, "days_to_pending": null, "ph_exposure": 0.0, "ph_dist_m": 8000.68, "d_fwy": 4480.63, "d_art": 4737.08, "school_pi": 81.8, "crime_rate": null, "income": 73889.0, "model_mae_pct": 6.2, "segment": "ppsf:190-300,price:250000-600000", "asof": "2026-09-20 20:52"}, "geometry": {"type": "Point", "coordinates": [-82.016555, 41.309882]}}, {"type": "Feature", "properties": {"address": "4992 Callaway Dr", "city": "Columbia Station", "zip": 44028.0, "url": "https://www.redfin.com/OH/Columbia-Station/4992-Callaway-Dr-44028/home/201016423", "price": 486150.0, "pred_price": 459515.35, "excess_pct": 6.2, "rel_discount": 2.1, "local_mae_pct": 5.79, "pctile": 74.2, "beds": 2.0, "baths": 2.0, "sqft": 1847.0, "lot_sqft": null, "year_built": 2026.0, "ptype_cat": "single", "days_on_market": 178.0, "n_cuts": 0.0, "cum_cut_pct": 0.04, "days_to_pending": null, "ph_exposure": 0.0, "ph_dist_m": 8028.92, "d_fwy": 5541.99, "d_art": 4624.07, "school_pi": 86.8, "crime_rate": null, "income": 48750.0, "model_mae_pct": 6.2, "segment": "ppsf:190-300,price:250000-600000", "asof": "2026-09-20 20:52"}, "geometry": {"type": "Point", "coordinates": [-81.890443, 41.303554]}}, {"type": "Feature", "properties": {"address": "11651 White Tail Run", "city": "Columbia Station", "zip": 44028.0, "url": "https://www.redfin.com/OH/Columbia-Station/11651-White-Tail-Run-44028/home/145107450", "price": 549900.0, "pred_price": 533730.09, "excess_pct": 3.4, "rel_discount": -2.3, "local_mae_pct": 5.79, "pctile": 62.9, "beds": 4.0, "baths": 3.0, "sqft": 2588.0, "lot_sqft": 8960.0, "year_built": 2017.0, "ptype_cat": "single", "days_on_market": 66.0, "n_cuts": 0.0, "cum_cut_pct": 0.0, "days_to_pending": null, "ph_exposure": 0.0, "ph_dist_m": 5967.1, "d_fwy": 2611.71, "d_art": 4351.78, "school_pi": 86.8, "crime_rate": null, "income": 121389.0, "model_mae_pct": 6.2, "segment": "ppsf:190-300,price:250000-600000", "asof": "2026-09-20 20:52"}, "geometry": {"type": "Point", "coordinates": [-81.904099, 41.333585]}}, {"type": "Feature", "properties": {"address": "34300 Cooley Rd", "city": "Columbia Station", "zip": 44028.0, "url": "https://www.redfin.com/OH/Columbia-Station/34300-Cooley-Rd-44028/home/66127406", "price": 489900.0, "pred_price": 465102.48, "excess_pct": 5.7, "rel_discount": 1.6, "local_mae_pct": 6.5, "pctile": 72.6, "beds": 3.0, "baths": 2.5, "sqft": 2040.0, "lot_sqft": 101059.0, "year_built": 1954.0, "ptype_cat": "single", "days_on_market": 100.0, "n_cuts": 0.0, "cum_cut_pct": 0.0, "days_to_pending": null, "ph_exposure": 0.0, "ph_dist_m": 8819.28, "d_fwy": 4138.89, "d_art": 6644.3, "school_pi": 81.8, "crime_rate": null, "income": 72212.0, "model_mae_pct": 6.2, "segment": "ppsf:190-300,price:250000-600000", "asof": "2026-09-20 20:52"}, "geometry": {"type": "Point", "coordinates": [-81.986168, 41.32795]}}, {"type": "Feature", "properties": {"address": "326 Delta Way", "city": "Elyria", "zip": 44035.0, "url": "https://www.redfin.com/OH/Elyria/326-Delta-Way-44035/home/204680555", "price": 502990.0, "pred_price": 445791.64, "excess_pct": 13.2, "rel_discount": 7.5, "local_mae_pct": 5.8, "pctile": 87.1, "beds": 3.0, "baths": 2.5, "sqft": 2013.0, "lot_sqft": null, "year_built": 2026.0, "ptype_cat": "single", "days_on_market": 30.0, "n_cuts": 1.0, "cum_cut_pct": 0.2, "days_to_pending": null, "ph_exposure": 0.02, "ph_dist_m": 1978.41, "d_fwy": 572.89, "d_art": 1354.78, "school_pi": 81.8, "crime_rate": null, "income": 98456.0, "model_mae_pct": 6.2, "segment": "ppsf:190-300,price:250000-600000", "asof": "2026-09-20 20:52"}, "geometry": {"type": "Point", "coordinates": [-82.082944, 41.332574]}}, {"type": "Feature", "properties": {"address": "1012 Ashford Ct", "city": "Columbia Station", "zip": 44028.0, "url": "https://www.redfin.com/OH/Columbia-Station/1012-Ashford-Ct-44028/home/201734642", "price": 524900.0, "pred_price": 524203.91, "excess_pct": 0.5, "rel_discount": -5.2, "local_mae_pct": 5.79, "pctile": 52.7, "beds": 4.0, "baths": 3.5, "sqft": 2464.0, "lot_sqft": 11325.0, "year_built": 2025.0, "ptype_cat": "single", "days_on_market": 17.0, "n_cuts": 0.0, "cum_cut_pct": 0.0, "days_to_pending": null, "ph_exposure": 0.0, "ph_dist_m": 5176.97, "d_fwy": 1548.93, "d_art": 3288.15, "school_pi": 86.8, "crime_rate": null, "income": 121389.0, "model_mae_pct": 6.2, "segment": "ppsf:190-300,price:250000-600000", "asof": "2026-09-20 20:52"}, "geometry": {"type": "Point", "coordinates": [-81.903013, 41.343142]}}, {"type": "Feature", "properties": {"address": "3168 Country Club Dr", "city": "Medina", "zip": 44256.0, "url": "https://www.redfin.com/OH/Medina/3168-Country-Club-Dr-44256/home/70503660", "price": 399900.0, "pred_price": 345613.09, "excess_pct": 16.1, "rel_discount": null, "local_mae_pct": 6.51, "pctile": 91.0, "beds": 3.0, "baths": 2.5, "sqft": 1512.0, "lot_sqft": 57821.0, "year_built": 1979.0, "ptype_cat": "single", "days_on_market": 43.0, "n_cuts": 1.0, "cum_cut_pct": -2.46, "days_to_pending": null, "ph_exposure": 0.0, "ph_dist_m": 5184.02, "d_fwy": 454.06, "d_art": 1387.98, "school_pi": 87.9, "crime_rate": null, "income": 112850.0, "model_mae_pct": 6.2, "segment": "ppsf:190-300,price:250000-600000", "asof": "2026-09-20 20:52"}, "geometry": {"type": "Point", "coordinates": [-81.809287, 41.123791]}}, {"type": "Feature", "properties": {"address": "514 W Liberty St", "city": "Medina", "zip": 44256.0, "url": "https://www.redfin.com/OH/Medina/514-W-Liberty-St-44256/home/66097933", "price": 270000.0, "pred_price": 271021.87, "excess_pct": 0.0, "rel_discount": null, "local_mae_pct": 6.6, "pctile": 50.1, "beds": 3.0, "baths": 1.5, "sqft": 1215.0, "lot_sqft": 10201.0, "year_built": 1924.0, "ptype_cat": "single", "days_on_market": 4.0, "n_cuts": 0.0, "cum_cut_pct": 0.0, "days_to_pending": null, "ph_exposure": 0.26, "ph_dist_m": 606.35, "d_fwy": 5801.52, "d_art": 25.61, "school_pi": 87.9, "crime_rate": 3.12, "income": 47019.0, "model_mae_pct": 6.2, "segment": "ppsf:190-300,price:250000-600000", "asof": "2026-09-20 20:52"}, "geometry": {"type": "Point", "coordinates": [-81.871691, 41.138913]}}, {"type": "Feature", "properties": {"address": "237 N Broadway", "city": "Medina", "zip": 44256.0, "url": "https://www.redfin.com/OH/Medina/237-N-Broadway-St-44256/home/193439755", "price": 275000.0, "pred_price": 268944.61, "excess_pct": 2.7, "rel_discount": null, "local_mae_pct": 7.39, "pctile": 60.8, "beds": 2.0, "baths": 1.0, "sqft": 1293.0, "lot_sqft": 4791.0, "year_built": 1900.0, "ptype_cat": "single", "days_on_market": 48.0, "n_cuts": 0.0, "cum_cut_pct": 0.0, "days_to_pending": null, "ph_exposure": 0.31, "ph_dist_m": 549.1, "d_fwy": 5341.46, "d_art": 86.84, "school_pi": 87.9, "crime_rate": 3.12, "income": 86875.0, "model_mae_pct": 6.2, "segment": "ppsf:190-300,price:250000-600000", "asof": "2026-09-20 20:52"}, "geometry": {"type": "Point", "coordinates": [-81.862969, 41.141778]}}, {"type": "Feature", "properties": {"address": "3070 Hamilton Rd", "city": "Medina", "zip": 44256.0, "url": "https://www.redfin.com/OH/Medina/3070-Hamilton-Rd-44256/home/70489754", "price": 335000.0, "pred_price": 352919.75, "excess_pct": -4.7, "rel_discount": null, "local_mae_pct": 6.51, "pctile": 28.5, "beds": 3.0, "baths": 1.5, "sqft": 1584.0, "lot_sqft": 43560.0, "year_built": 1959.0, "ptype_cat": "single", "days_on_market": 32.0, "n_cuts": 3.0, "cum_cut_pct": -4.01, "days_to_pending": null, "ph_exposure": 0.0, "ph_dist_m": 5794.84, "d_fwy": 400.34, "d_art": 3833.72, "school_pi": 87.9, "crime_rate": 7.07, "income": 138750.0, "model_mae_pct": 6.2, "segment": "ppsf:190-300,price:250000-600000", "asof": "2026-09-20 20:52"}, "geometry": {"type": "Point", "coordinates": [-81.796843, 41.192383]}}, {"type": "Feature", "properties": {"address": "1004 Lancaster Dr", "city": "Medina", "zip": 44256.0, "url": "https://www.redfin.com/OH/Medina/1004-Lancaster-Dr-44256/home/66450784", "price": 335000.0, "pred_price": 351391.45, "excess_pct": -4.3, "rel_discount": null, "local_mae_pct": 5.15, "pctile": 30.1, "beds": 4.0, "baths": 2.0, "sqft": 1669.0, "lot_sqft": 26593.0, "year_built": 1986.0, "ptype_cat": "single", "days_on_market": 6.0, "n_cuts": 0.0, "cum_cut_pct": 0.0, "days_to_pending": null, "ph_exposure": 0.0, "ph_dist_m": 2685.05, "d_fwy": 3205.03, "d_art": 877.1, "school_pi": 87.9, "crime_rate": null, "income": 110833.0, "model_mae_pct": 6.2, "segment": "ppsf:190-300,price:250000-600000", "asof": "2026-09-20 20:52"}, "geometry": {"type": "Point", "coordinates": [-81.841827, 41.131029]}}, {"type": "Feature", "properties": {"address": "999 Concord Dr", "city": "Medina", "zip": 44256.0, "url": "https://www.redfin.com/OH/Medina/999-Concord-Dr-44256/home/66191790", "price": 390000.0, "pred_price": 390262.83, "excess_pct": 0.3, "rel_discount": null, "local_mae_pct": 6.51, "pctile": 51.6, "beds": 4.0, "baths": 2.5, "sqft": 1972.0, "lot_sqft": 10201.0, "year_built": 1976.0, "ptype_cat": "single", "days_on_market": 145.0, "n_cuts": 1.0, "cum_cut_pct": -1.76, "days_to_pending": null, "ph_exposure": 0.0, "ph_dist_m": 2611.9, "d_fwy": 2966.21, "d_art": 1465.17, "school_pi": 87.9, "crime_rate": 3.12, "income": 103080.0, "model_mae_pct": 6.2, "segment": "ppsf:190-300,price:250000-600000", "asof": "2026-09-20 20:52"}, "geometry": {"type": "Point", "coordinates": [-81.843009, 41.125422]}}, {"type": "Feature", "properties": {"address": "5157 Shillings Way", "city": "Copley", "zip": 44321.0, "url": "https://www.redfin.com/OH/Copley/5157-Shillings-Way-44321/home/100623722", "price": 499000.0, "pred_price": 514831.15, "excess_pct": -2.7, "rel_discount": -5.6, "local_mae_pct": 5.15, "pctile": 35.1, "beds": 4.0, "baths": 3.5, "sqft": 2356.0, "lot_sqft": 11521.0, "year_built": 2003.0, "ptype_cat": "single", "days_on_market": 17.0, "n_cuts": 0.0, "cum_cut_pct": 0.0, "days_to_pending": null, "ph_exposure": 0.0, "ph_dist_m": 7177.78, "d_fwy": 1982.45, "d_art": 1896.21, "school_pi": 89.7, "crime_rate": null, "income": 205417.0, "model_mae_pct": 6.2, "segment": "ppsf:190-300,price:250000-600000", "asof": "2026-09-20 20:52"}, "geometry": {"type": "Point", "coordinates": [-81.679196, 41.118751]}}, {"type": "Feature", "properties": {"address": "1109 Oak St", "city": "Medina", "zip": 44256.0, "url": "https://www.redfin.com/OH/Medina/1109-Oak-St-44256/home/66512231", "price": 464000.0, "pred_price": 471441.18, "excess_pct": -1.2, "rel_discount": null, "local_mae_pct": 5.15, "pctile": 43.0, "beds": 4.0, "baths": 3.0, "sqft": 2275.0, "lot_sqft": 13068.0, "year_built": 1996.0, "ptype_cat": "single", "days_on_market": 16.0, "n_cuts": 0.0, "cum_cut_pct": 0.0, "days_to_pending": null, "ph_exposure": 0.04, "ph_dist_m": 1166.0, "d_fwy": 5174.61, "d_art": 1930.85, "school_pi": 87.9, "crime_rate": 3.12, "income": null, "model_mae_pct": 6.2, "segment": "ppsf:190-300,price:250000-600000", "asof": "2026-09-20 20:52"}, "geometry": {"type": "Point", "coordinates": [-81.876755, 41.12174]}}, {"type": "Feature", "properties": {"address": "1100 Dover Dr", "city": "Medina", "zip": 44256.0, "url": "https://www.redfin.com/OH/Medina/1100-Dover-Dr-44256/home/66553987", "price": 450000.0, "pred_price": 465698.12, "excess_pct": -3.0, "rel_discount": null, "local_mae_pct": 5.15, "pctile": 34.0, "beds": 5.0, "baths": 3.5, "sqft": 2081.0, "lot_sqft": 13503.0, "year_built": 1997.0, "ptype_cat": "single", "days_on_market": 50.0, "n_cuts": 0.0, "cum_cut_pct": 0.0, "days_to_pending": null, "ph_exposure": 0.03, "ph_dist_m": 1302.52, "d_fwy": 5347.29, "d_art": 1887.09, "school_pi": 87.9, "crime_rate": 3.12, "income": null, "model_mae_pct": 6.2, "segment": "ppsf:190-300,price:250000-600000", "asof": "2026-09-20 20:52"}, "geometry": {"type": "Point", "coordinates": [-81.878852, 41.122126]}}, {"type": "Feature", "properties": {"address": "4174 Sierra Cir", "city": "Medina", "zip": 44256.0, "url": "https://www.redfin.com/OH/Medina/4174-Sierra-Cir-44256/home/66283646", "price": 459900.0, "pred_price": 436875.0, "excess_pct": 5.7, "rel_discount": null, "local_mae_pct": 5.15, "pctile": 72.6, "beds": 4.0, "baths": 2.5, "sqft": 2268.0, "lot_sqft": 12196.0, "year_built": 1990.0, "ptype_cat": "single", "days_on_market": 2.0, "n_cuts": 0.0, "cum_cut_pct": 0.0, "days_to_pending": null, "ph_exposure": 0.12, "ph_dist_m": 1410.99, "d_fwy": 5357.94, "d_art": 941.59, "school_pi": 87.9, "crime_rate": 2.81, "income": 84359.0, "model_mae_pct": 6.2, "segment": "ppsf:190-300,price:250000-600000", "asof": "2026-09-20 20:52"}, "geometry": {"type": "Point", "coordinates": [-81.851138, 41.161109]}}, {"type": "Feature", "properties": {"address": "5900 Churchill Way", "city": "Medina", "zip": 44256.0, "url": "https://www.redfin.com/OH/Medina/5900-Churchill-Way-44256/home/70463857", "price": 469900.0, "pred_price": 488325.29, "excess_pct": -3.4, "rel_discount": null, "local_mae_pct": 5.15, "pctile": 32.7, "beds": 3.0, "baths": 2.5, "sqft": 2323.0, "lot_sqft": 18730.0, "year_built": 2002.0, "ptype_cat": "single", "days_on_market": 12.0, "n_cuts": 0.0, "cum_cut_pct": 0.0, "days_to_pending": null, "ph_exposure": 0.01, "ph_dist_m": 1664.81, "d_fwy": 2781.23, "d_art": 2675.95, "school_pi": 87.9, "crime_rate": null, "income": 126000.0, "model_mae_pct": 6.2, "segment": "ppsf:190-300,price:250000-600000", "asof": "2026-09-20 20:52"}, "geometry": {"type": "Point", "coordinates": [-81.849558, 41.114078]}}, {"type": "Feature", "properties": {"address": "57 Garnett Cir", "city": "Copley", "zip": 44321.0, "url": "https://www.redfin.com/OH/Copley/57-Garnett-Cir-44321/home/113145201", "price": 475000.0, "pred_price": 501894.51, "excess_pct": -5.0, "rel_discount": -7.5, "local_mae_pct": 5.79, "pctile": 26.5, "beds": 4.0, "baths": 2.5, "sqft": 2458.0, "lot_sqft": 9801.0, "year_built": 2019.0, "ptype_cat": "single", "days_on_market": 2.0, "n_cuts": 0.0, "cum_cut_pct": 0.0, "days_to_pending": null, "ph_exposure": 0.0, "ph_dist_m": 7615.28, "d_fwy": 2486.3, "d_art": 137.14, "school_pi": 96.7, "crime_rate": null, "income": 243816.0, "model_mae_pct": 6.2, "segment": "ppsf:190-300,price:250000-600000", "asof": "2026-09-20 20:52"}, "geometry": {"type": "Point", "coordinates": [-81.685804, 41.134717]}}, {"type": "Feature", "properties": {"address": "4571 Robinwood Ct", "city": "Medina", "zip": 44256.0, "url": "https://www.redfin.com/OH/Medina/4571-Robinwood-Ct-44256/home/194869424", "price": 585000.0, "pred_price": 499349.62, "excess_pct": 17.6, "rel_discount": null, "local_mae_pct": 5.79, "pctile": 93.0, "beds": 2.0, "baths": 2.0, "sqft": 2096.0, "lot_sqft": 11761.0, "year_built": 2026.0, "ptype_cat": "single", "days_on_market": 47.0, "n_cuts": 2.0, "cum_cut_pct": -2.5, "days_to_pending": null, "ph_exposure": 0.0, "ph_dist_m": 2743.35, "d_fwy": 1735.41, "d_art": 5188.28, "school_pi": 87.9, "crime_rate": null, "income": 195972.0, "model_mae_pct": 6.2, "segment": "ppsf:190-300,price:250000-600000", "asof": "2026-09-20 20:52"}, "geometry": {"type": "Point", "coordinates": [-81.853246, 41.091357]}}, {"type": "Feature", "properties": {"address": "2996 Pondsford Dr", "city": "Medina", "zip": 44256.0, "url": "https://www.redfin.com/OH/Medina/2996-Pondsford-Dr-44256/home/66545632", "price": 525000.0, "pred_price": 530885.53, "excess_pct": -0.7, "rel_discount": null, "local_mae_pct": 5.15, "pctile": 46.4, "beds": 4.0, "baths": 2.5, "sqft": 2405.0, "lot_sqft": 13939.0, "year_built": 2001.0, "ptype_cat": "single", "days_on_market": 51.0, "n_cuts": 0.0, "cum_cut_pct": 0.0, "days_to_pending": null, "ph_exposure": 0.0, "ph_dist_m": 6165.02, "d_fwy": 325.51, "d_art": 1306.81, "school_pi": 97.1, "crime_rate": null, "income": 160547.0, "model_mae_pct": 6.2, "segment": "ppsf:190-300,price:250000-600000", "asof": "2026-09-20 20:52"}, "geometry": {"type": "Point", "coordinates": [-81.797498, 41.124429]}}, {"type": "Feature", "properties": {"address": "6761 Montville Reserve Ln", "city": "Medina", "zip": 44256.0, "url": "https://www.redfin.com/OH/Medina/6761-Montville-Reserve-Ln-44256/home/194869416", "price": 525000.0, "pred_price": 453596.33, "excess_pct": 16.1, "rel_discount": null, "local_mae_pct": 5.79, "pctile": 91.0, "beds": 2.0, "baths": 2.0, "sqft": 1951.0, "lot_sqft": 8712.0, "year_built": 2026.0, "ptype_cat": "single", "days_on_market": 179.0, "n_cuts": 1.0, "cum_cut_pct": -2.78, "days_to_pending": null, "ph_exposure": 0.0, "ph_dist_m": 2830.38, "d_fwy": 1731.02, "d_art": 5328.16, "school_pi": 87.9, "crime_rate": null, "income": 195972.0, "model_mae_pct": 6.2, "segment": "ppsf:190-300,price:250000-600000", "asof": "2026-09-20 20:52"}, "geometry": {"type": "Point", "coordinates": [-81.854203, 41.090083]}}, {"type": "Feature", "properties": {"address": "3701 Falcon Ridge Dr", "city": "Medina", "zip": 44256.0, "url": "https://www.redfin.com/OH/Medina/3701-Falcon-Ridge-Dr-44256/home/66159523", "price": 525000.0, "pred_price": 413394.29, "excess_pct": 27.4, "rel_discount": null, "local_mae_pct": 5.15, "pctile": 98.3, "beds": 4.0, "baths": 3.0, "sqft": 1980.0, "lot_sqft": 3049.0, "year_built": 2006.0, "ptype_cat": "single", "days_on_market": 38.0, "n_cuts": 1.0, "cum_cut_pct": -0.94, "days_to_pending": null, "ph_exposure": 0.0, "ph_dist_m": 3913.58, "d_fwy": 2521.06, "d_art": 1686.27, "school_pi": 87.9, "crime_rate": null, "income": 108636.0, "model_mae_pct": 6.2, "segment": "ppsf:190-300,price:250000-600000", "asof": "2026-09-20 20:52"}, "geometry": {"type": "Point", "coordinates": [-81.819433, 41.152137]}}, {"type": "Feature", "properties": {"address": "3669 Sharon Copley", "city": "Medina", "zip": 44256.0, "url": "https://www.redfin.com/OH/Medina/3669-Sharon-Copley-Rd-44256/home/66347801", "price": 525000.0, "pred_price": 565838.58, "excess_pct": -6.8, "rel_discount": null, "local_mae_pct": 5.15, "pctile": 19.6, "beds": 3.0, "baths": 2.5, "sqft": 2731.0, "lot_sqft": 52272.0, "year_built": 2002.0, "ptype_cat": "single", "days_on_market": 2.0, "n_cuts": 0.0, "cum_cut_pct": 0.0, "days_to_pending": null, "ph_exposure": 0.0, "ph_dist_m": 4194.22, "d_fwy": 252.46, "d_art": 3287.08, "school_pi": 87.9, "crime_rate": null, "income": 189583.0, "model_mae_pct": 6.2, "segment": "ppsf:190-300,price:250000-600000", "asof": "2026-09-20 20:52"}, "geometry": {"type": "Point", "coordinates": [-81.819971, 41.107026]}}, {"type": "Feature", "properties": {"address": "3933 Hedgewood Dr", "city": "Medina", "zip": 44256.0, "url": "https://www.redfin.com/OH/Medina/3933-Hedgewood-Dr-44256/home/66128027", "price": 539900.0, "pred_price": 531447.77, "excess_pct": 2.0, "rel_discount": null, "local_mae_pct": 5.15, "pctile": 58.6, "beds": 4.0, "baths": 3.5, "sqft": 2536.0, "lot_sqft": 6534.0, "year_built": 2000.0, "ptype_cat": "single", "days_on_market": 85.0, "n_cuts": 1.0, "cum_cut_pct": -3.42, "days_to_pending": null, "ph_exposure": 0.0, "ph_dist_m": 3780.82, "d_fwy": 349.86, "d_art": 4777.33, "school_pi": 87.9, "crime_rate": null, "income": 147866.0, "model_mae_pct": 6.2, "segment": "ppsf:190-300,price:250000-600000", "asof": "2026-09-20 20:52"}, "geometry": {"type": "Point", "coordinates": [-81.831319, 41.094606]}}, {"type": "Feature", "properties": {"address": "4064 Watercourse Dr", "city": "Medina", "zip": 44256.0, "url": "https://www.redfin.com/OH/Medina/4064-Watercourse-Dr-44256/home/66250937", "price": 540000.0, "pred_price": 545088.88, "excess_pct": -0.5, "rel_discount": null, "local_mae_pct": 5.15, "pctile": 47.8, "beds": 3.0, "baths": 3.5, "sqft": 2801.0, "lot_sqft": 6098.0, "year_built": 2001.0, "ptype_cat": "single", "days_on_market": 46.0, "n_cuts": 0.0, "cum_cut_pct": 0.0, "days_to_pending": null, "ph_exposure": 0.0, "ph_dist_m": 3598.44, "d_fwy": 536.91, "d_art": 4820.2, "school_pi": 87.9, "crime_rate": null, "income": 147866.0, "model_mae_pct": 6.2, "segment": "ppsf:190-300,price:250000-600000", "asof": "2026-09-20 20:52"}, "geometry": {"type": "Point", "coordinates": [-81.833989, 41.094529]}}, {"type": "Feature", "properties": {"address": "2942 Robert Gary Ct", "city": "Medina", "zip": 44256.0, "url": "https://www.redfin.com/OH/Medina/2942-Robert-Gary-Ct-44256/home/70503552", "price": 550000.0, "pred_price": 522778.43, "excess_pct": 5.6, "rel_discount": null, "local_mae_pct": 5.15, "pctile": 72.0, "beds": 4.0, "baths": 3.5, "sqft": 2208.0, "lot_sqft": 21344.0, "year_built": 2000.0, "ptype_cat": "single", "days_on_market": 108.0, "n_cuts": 0.0, "cum_cut_pct": 0.0, "days_to_pending": null, "ph_exposure": 0.0, "ph_dist_m": 6321.63, "d_fwy": 1035.39, "d_art": 2212.0, "school_pi": 97.1, "crime_rate": null, "income": 160547.0, "model_mae_pct": 6.2, "segment": "ppsf:190-300,price:250000-600000", "asof": "2026-09-20 20:52"}, "geometry": {"type": "Point", "coordinates": [-81.794164, 41.116281]}}, {"type": "Feature", "properties": {"address": "6819 Avon Lake Rd", "city": "Spencer", "zip": 44275.0, "url": "https://www.redfin.com/OH/Spencer/6819-Avon-Lake-Rd-44275/home/70479531", "price": 400000.0, "pred_price": 398016.66, "excess_pct": 0.9, "rel_discount": null, "local_mae_pct": 5.15, "pctile": 54.6, "beds": 3.0, "baths": 2.5, "sqft": 1798.0, "lot_sqft": 169012.0, "year_built": 1998.0, "ptype_cat": "single", "days_on_market": 25.0, "n_cuts": 0.0, "cum_cut_pct": 0.0, "days_to_pending": null, "ph_exposure": 0.0, "ph_dist_m": 5813.63, "d_fwy": 10105.56, "d_art": 4676.33, "school_pi": 87.6, "crime_rate": null, "income": 93500.0, "model_mae_pct": 6.2, "segment": "ppsf:190-300,price:250000-600000", "asof": "2026-09-20 20:52"}, "geometry": {"type": "Point", "coordinates": [-82.022287, 41.087638]}}, {"type": "Feature", "properties": {"address": "6162 Spieth Rd", "city": "Medina", "zip": 44256.0, "url": "https://www.redfin.com/OH/Medina/6162-Spieth-Rd-44256/home/198275333", "price": 395000.0, "pred_price": 460787.78, "excess_pct": -13.9, "rel_discount": null, "local_mae_pct": 6.6, "pctile": 3.7, "beds": 4.0, "baths": 2.0, "sqft": 1866.0, "lot_sqft": 680180.0, "year_built": 1925.0, "ptype_cat": "single", "days_on_market": 291.0, "n_cuts": 0.0, "cum_cut_pct": 0.0, "days_to_pending": null, "ph_exposure": 0.0, "ph_dist_m": 3734.55, "d_fwy": 9914.32, "d_art": 1755.59, "school_pi": 88.1, "crime_rate": null, "income": 83056.0, "model_mae_pct": 6.2, "segment": "ppsf:190-300,price:250000-600000", "asof": "2026-09-20 20:52"}, "geometry": {"type": "Point", "coordinates": [-81.909221, 41.180387]}}, {"type": "Feature", "properties": {"address": "6109 Grey Heron Dr", "city": "Medina", "zip": 44256.0, "url": "https://www.redfin.com/OH/Medina/6109-Grey-Heron-Dr-44256/home/190349389", "price": 559900.0, "pred_price": 470794.17, "excess_pct": 19.3, "rel_discount": null, "local_mae_pct": 5.79, "pctile": 95.0, "beds": 3.0, "baths": 2.0, "sqft": 1996.0, "lot_sqft": 3528.0, "year_built": 2026.0, "ptype_cat": "single", "days_on_market": 152.0, "n_cuts": 0.0, "cum_cut_pct": 0.0, "days_to_pending": null, "ph_exposure": 0.0, "ph_dist_m": 6752.85, "d_fwy": 1818.72, "d_art": 3013.31, "school_pi": 97.1, "crime_rate": null, "income": 160547.0, "model_mae_pct": 6.2, "segment": "ppsf:190-300,price:250000-600000", "asof": "2026-09-20 20:52"}, "geometry": {"type": "Point", "coordinates": [-81.789056, 41.109043]}}, {"type": "Feature", "properties": {"address": "2535 Station Rd", "city": "Medina", "zip": 44256.0, "url": "https://www.redfin.com/OH/Medina/2535-Station-Rd-44256/home/70525157", "price": 595000.0, "pred_price": 600615.2, "excess_pct": -0.5, "rel_discount": null, "local_mae_pct": 5.15, "pctile": 47.8, "beds": 4.0, "baths": 3.5, "sqft": 2798.0, "lot_sqft": 157687.0, "year_built": 2003.0, "ptype_cat": "single", "days_on_market": 25.0, "n_cuts": 0.0, "cum_cut_pct": 0.0, "days_to_pending": null, "ph_exposure": 0.0, "ph_dist_m": 8233.86, "d_fwy": 13211.26, "d_art": 4226.86, "school_pi": 88.1, "crime_rate": null, "income": 127986.0, "model_mae_pct": 6.2, "segment": "ppsf:190-300,price:250000-600000", "asof": "2026-09-20 20:52"}, "geometry": {"type": "Point", "coordinates": [-81.95334, 41.205506]}}, {"type": "Feature", "properties": {"address": "8956 W Smith", "city": "Litchfield", "zip": 44253.0, "url": "https://www.redfin.com/OH/Litchfield/8956-Smith-Rd-44253/home/66143698", "price": 464900.0, "pred_price": 442009.11, "excess_pct": 5.6, "rel_discount": null, "local_mae_pct": 6.5, "pctile": 72.0, "beds": 3.0, "baths": 2.5, "sqft": 2059.0, "lot_sqft": 174240.0, "year_built": 1978.0, "ptype_cat": "single", "days_on_market": 27.0, "n_cuts": 1.0, "cum_cut_pct": -1.06, "days_to_pending": null, "ph_exposure": 0.0, "ph_dist_m": 9940.71, "d_fwy": 14719.53, "d_art": 3646.53, "school_pi": 87.6, "crime_rate": null, "income": 66154.0, "model_mae_pct": 6.2, "segment": "ppsf:190-300,price:250000-600000", "asof": "2026-09-20 20:52"}, "geometry": {"type": "Point", "coordinates": [-82.011898, 41.135056]}}, {"type": "Feature", "properties": {"address": "3298 Seven Bridges Rd", "city": "Medina", "zip": 44256.0, "url": "https://www.redfin.com/OH/Medina/3298-Seven-Bridges-Rd-44256/home/70469311", "price": 475000.0, "pred_price": 501932.19, "excess_pct": -5.0, "rel_discount": null, "local_mae_pct": 5.79, "pctile": 26.5, "beds": 4.0, "baths": 2.5, "sqft": 2424.0, "lot_sqft": 10450.0, "year_built": 2011.0, "ptype_cat": "single", "days_on_market": 12.0, "n_cuts": 0.0, "cum_cut_pct": 0.0, "days_to_pending": null, "ph_exposure": 0.0, "ph_dist_m": 2416.62, "d_fwy": 8172.99, "d_art": 2792.2, "school_pi": 88.1, "crime_rate": null, "income": 83056.0, "model_mae_pct": 6.2, "segment": "ppsf:190-300,price:250000-600000", "asof": "2026-09-20 20:52"}, "geometry": {"type": "Point", "coordinates": [-81.889013, 41.18449]}}, {"type": "Feature", "properties": {"address": "6351 Tristin Ln", "city": "Medina", "zip": 44256.0, "url": "https://www.redfin.com/OH/Medina/6351-Tristin-Ln-44256/home/194870922", "price": 499900.0, "pred_price": 507948.06, "excess_pct": -1.2, "rel_discount": null, "local_mae_pct": 5.79, "pctile": 43.0, "beds": 4.0, "baths": 3.5, "sqft": 2460.0, "lot_sqft": 9726.0, "year_built": 2024.0, "ptype_cat": "single", "days_on_market": 35.0, "n_cuts": 2.0, "cum_cut_pct": -4.78, "days_to_pending": null, "ph_exposure": 0.0, "ph_dist_m": 2312.15, "d_fwy": 5014.0, "d_art": 4374.94, "school_pi": 87.9, "crime_rate": 3.12, "income": 89103.0, "model_mae_pct": 6.2, "segment": "ppsf:190-300,price:250000-600000", "asof": "2026-09-20 20:52"}, "geometry": {"type": "Point", "coordinates": [-81.891529, 41.100557]}}, {"type": "Feature", "properties": {"address": "5423 Charleston Dr", "city": "Valley City", "zip": 44280.0, "url": "https://www.redfin.com/OH/Valley-City/5423-Charleston-Dr-44280/home/66686410", "price": 550000.0, "pred_price": 480727.72, "excess_pct": 14.8, "rel_discount": null, "local_mae_pct": 5.79, "pctile": 89.1, "beds": 3.0, "baths": 2.0, "sqft": 2120.0, "lot_sqft": 25299.0, "year_built": 2012.0, "ptype_cat": "single", "days_on_market": 23.0, "n_cuts": 0.0, "cum_cut_pct": 0.0, "days_to_pending": null, "ph_exposure": 0.0, "ph_dist_m": 3695.98, "d_fwy": 7325.54, "d_art": 3351.08, "school_pi": 88.1, "crime_rate": null, "income": 160019.0, "model_mae_pct": 6.2, "segment": "ppsf:190-300,price:250000-600000", "asof": "2026-09-20 20:52"}, "geometry": {"type": "Point", "coordinates": [-81.881737, 41.209167]}}, {"type": "Feature", "properties": {"address": "6121 Grey Heron Dr", "city": "Medina", "zip": 44256.0, "url": "https://www.redfin.com/OH/Medina/6121-Grey-Dr-44256/home/198820062", "price": 555000.0, "pred_price": 452996.26, "excess_pct": 22.9, "rel_discount": null, "local_mae_pct": 6.17, "pctile": 96.9, "beds": 4.0, "baths": 2.5, "sqft": 2236.0, "lot_sqft": 3223.0, "year_built": null, "ptype_cat": "single", "days_on_market": 325.0, "n_cuts": 0.0, "cum_cut_pct": 0.0, "days_to_pending": null, "ph_exposure": 0.02, "ph_dist_m": 1486.13, "d_fwy": 5189.69, "d_art": 3291.73, "school_pi": 87.9, "crime_rate": 3.12, "income": 89103.0, "model_mae_pct": 6.2, "segment": "ppsf:190-300,price:250000-600000", "asof": "2026-09-20 20:52"}, "geometry": {"type": "Point", "coordinates": [-81.886551, 41.109806]}}, {"type": "Feature", "properties": {"address": "38599 Norwalk Rd", "city": "Litchfield", "zip": 44253.0, "url": "https://www.redfin.com/OH/Litchfield/38599-Norwalk-Rd-44253/home/202175418", "price": 599900.0, "pred_price": 509383.03, "excess_pct": 18.2, "rel_discount": 12.5, "local_mae_pct": 7.39, "pctile": 93.9, "beds": 3.0, "baths": 2.0, "sqft": 2532.0, "lot_sqft": 831996.0, "year_built": 1900.0, "ptype_cat": "single", "days_on_market": 104.0, "n_cuts": 0.0, "cum_cut_pct": 0.0, "days_to_pending": null, "ph_exposure": 0.0, "ph_dist_m": 11443.36, "d_fwy": 15584.23, "d_art": 68.64, "school_pi": 79.4, "crime_rate": null, "income": 98250.0, "model_mae_pct": 6.2, "segment": "ppsf:190-300,price:250000-600000", "asof": "2026-09-20 20:52"}, "geometry": {"type": "Point", "coordinates": [-82.075688, 41.167536]}}, {"type": "Feature", "properties": {"address": "20630 State Route 301", "city": "Wellington", "zip": 44090.0, "url": "https://www.redfin.com/OH/Wellington/20630-State-Route-301-44090/home/66166009", "price": 430000.0, "pred_price": 350480.89, "excess_pct": 23.1, "rel_discount": 19.0, "local_mae_pct": 6.51, "pctile": 97.1, "beds": 3.0, "baths": 2.0, "sqft": 1780.0, "lot_sqft": null, "year_built": 1978.0, "ptype_cat": "single", "days_on_market": 283.0, "n_cuts": 0.0, "cum_cut_pct": 0.0, "days_to_pending": null, "ph_exposure": 0.0, "ph_dist_m": 7732.61, "d_fwy": 11892.3, "d_art": 1780.74, "school_pi": 79.4, "crime_rate": null, "income": 98250.0, "model_mae_pct": 6.2, "segment": "ppsf:190-300,price:250000-600000", "asof": "2026-09-20 20:52"}, "geometry": {"type": "Point", "coordinates": [-82.122091, 41.184661]}}, {"type": "Feature", "properties": {"address": "234 N Main St", "city": "Oberlin", "zip": 44074.0, "url": "https://www.redfin.com/OH/Oberlin/234-N-Main-St-44074/home/77229557", "price": 439900.0, "pred_price": 436885.12, "excess_pct": 1.1, "rel_discount": -3.0, "local_mae_pct": 7.39, "pctile": 55.7, "beds": 5.0, "baths": 2.5, "sqft": 2040.0, "lot_sqft": 9583.0, "year_built": 1900.0, "ptype_cat": "single", "days_on_market": 79.0, "n_cuts": 0.0, "cum_cut_pct": 0.0, "days_to_pending": null, "ph_exposure": 0.15, "ph_dist_m": 513.32, "d_fwy": 3241.27, "d_art": 3242.86, "school_pi": 78.2, "crime_rate": null, "income": 62969.0, "model_mae_pct": 6.2, "segment": "ppsf:190-300,price:250000-600000", "asof": "2026-09-20 20:52"}, "geometry": {"type": "Point", "coordinates": [-82.217516, 41.298076]}}, {"type": "Feature", "properties": {"address": "48401 State Route 511", "city": "Oberlin", "zip": 44074.0, "url": "https://www.redfin.com/OH/Oberlin/48401-State-Route-511-44074/home/75834863", "price": 400000.0, "pred_price": 475587.96, "excess_pct": -15.5, "rel_discount": -13.6, "local_mae_pct": 5.15, "pctile": 2.2, "beds": 4.0, "baths": 3.5, "sqft": 2052.0, "lot_sqft": 372002.0, "year_built": 1994.0, "ptype_cat": "single", "days_on_market": 59.0, "n_cuts": 0.0, "cum_cut_pct": 0.0, "days_to_pending": null, "ph_exposure": 0.0, "ph_dist_m": 4044.99, "d_fwy": 6741.04, "d_art": 2998.53, "school_pi": 78.2, "crime_rate": null, "income": 93026.0, "model_mae_pct": 6.2, "segment": "ppsf:190-300,price:250000-600000", "asof": "2026-09-20 20:52"}, "geometry": {"type": "Point", "coordinates": [-82.266359, 41.291221]}}, {"type": "Feature", "properties": {"address": "5803 Russia Rd", "city": "South Amherst", "zip": 44001.0, "url": "https://www.redfin.com/OH/South-Amherst/5803-Russia-Rd-44001/home/77229428", "price": 389900.0, "pred_price": 357756.32, "excess_pct": 9.4, "rel_discount": 11.3, "local_mae_pct": 6.5, "pctile": 81.6, "beds": 3.0, "baths": 3.0, "sqft": 1599.0, "lot_sqft": 19166.0, "year_built": 1964.0, "ptype_cat": "single", "days_on_market": 6.0, "n_cuts": 0.0, "cum_cut_pct": 0.0, "days_to_pending": null, "ph_exposure": 0.0, "ph_dist_m": 4893.6, "d_fwy": 4351.74, "d_art": 7347.03, "school_pi": 78.2, "crime_rate": null, "income": 93026.0, "model_mae_pct": 6.2, "segment": "ppsf:190-300,price:250000-600000", "asof": "2026-09-20 20:52"}, "geometry": {"type": "Point", "coordinates": [-82.229821, 41.337677]}}, {"type": "Feature", "properties": {"address": "14838 Ohio 301", "city": "Lagrange", "zip": 44050.0, "url": "https://www.redfin.com/OH/Lagrange/14838-State-Route-301-44050/home/75853370", "price": 344900.0, "pred_price": 405875.73, "excess_pct": -14.6, "rel_discount": -13.6, "local_mae_pct": 6.5, "pctile": 2.6, "beds": 3.0, "baths": 2.0, "sqft": 1776.0, "lot_sqft": 51836.0, "year_built": 1978.0, "ptype_cat": "single", "days_on_market": 65.0, "n_cuts": 0.0, "cum_cut_pct": 0.0, "days_to_pending": null, "ph_exposure": 0.0, "ph_dist_m": 7694.5, "d_fwy": 4536.05, "d_art": 5743.66, "school_pi": 79.4, "crime_rate": null, "income": 119500.0, "model_mae_pct": 6.2, "segment": "ppsf:190-300,price:250000-600000", "asof": "2026-09-20 20:52"}, "geometry": {"type": "Point", "coordinates": [-82.120029, 41.269786]}}, {"type": "Feature", "properties": {"address": "59 Shipherd Cir", "city": "Oberlin", "zip": 44074.0, "url": "https://www.redfin.com/OH/Oberlin/59-Shipherd-Cir-44074/home/66112724", "price": 349000.0, "pred_price": 410295.67, "excess_pct": -14.5, "rel_discount": -13.4, "local_mae_pct": 6.6, "pctile": 2.9, "beds": 3.0, "baths": 3.0, "sqft": 1836.0, "lot_sqft": 16988.0, "year_built": 1950.0, "ptype_cat": "single", "days_on_market": 23.0, "n_cuts": 0.0, "cum_cut_pct": 0.0, "days_to_pending": null, "ph_exposure": 0.19, "ph_dist_m": 477.56, "d_fwy": 1766.72, "d_art": 1768.24, "school_pi": 78.2, "crime_rate": null, "income": 54485.0, "model_mae_pct": 6.2, "segment": "ppsf:190-300,price:250000-600000", "asof": "2026-09-20 20:52"}, "geometry": {"type": "Point", "coordinates": [-82.203816, 41.289729]}}, {"type": "Feature", "properties": {"address": "182 Harvest Way", "city": "Elyria", "zip": 44035.0, "url": "https://www.redfin.com/OH/Elyria/182-Harvest-Way-44035/home/189637641", "price": 364900.0, "pred_price": 364006.14, "excess_pct": 0.6, "rel_discount": 2.5, "local_mae_pct": 5.8, "pctile": 53.5, "beds": 3.0, "baths": 2.0, "sqft": 1628.0, "lot_sqft": 6534.0, "year_built": 2024.0, "ptype_cat": "single", "days_on_market": 10.0, "n_cuts": 0.0, "cum_cut_pct": 0.0, "days_to_pending": null, "ph_exposure": 0.28, "ph_dist_m": 1018.71, "d_fwy": 1335.61, "d_art": 2256.06, "school_pi": 81.8, "crime_rate": 10.08, "income": null, "model_mae_pct": 6.2, "segment": "ppsf:190-300,price:250000-600000", "asof": "2026-09-20 20:52"}, "geometry": {"type": "Point", "coordinates": [-82.094301, 41.336719]}}, {"type": "Feature", "properties": {"address": "500 Bailey Ct", "city": "Lagrange", "zip": 44050.0, "url": "https://www.redfin.com/OH/Lagrange/500-Bailey-Ct-44050/home/77183072", "price": 374495.0, "pred_price": 392884.0, "excess_pct": -4.3, "rel_discount": -2.4, "local_mae_pct": 5.79, "pctile": 30.1, "beds": 3.0, "baths": 2.5, "sqft": 1784.0, "lot_sqft": 9295.0, "year_built": 2018.0, "ptype_cat": "single", "days_on_market": 47.0, "n_cuts": 1.0, "cum_cut_pct": -1.32, "days_to_pending": null, "ph_exposure": 0.0, "ph_dist_m": 9747.0, "d_fwy": 7238.23, "d_art": 7737.86, "school_pi": 79.4, "crime_rate": null, "income": 96667.0, "model_mae_pct": 6.2, "segment": "ppsf:190-300,price:250000-600000", "asof": "2026-09-20 20:52"}, "geometry": {"type": "Point", "coordinates": [-82.106621, 41.245869]}}, {"type": "Feature", "properties": {"address": "14401 Baumhart Rd", "city": "Oberlin", "zip": 44074.0, "url": "https://www.redfin.com/OH/Oberlin/14401-Baumhart-Rd-44074/home/170947085", "price": 499900.0, "pred_price": 389255.51, "excess_pct": 28.8, "rel_discount": 23.0, "local_mae_pct": 6.5, "pctile": 98.7, "beds": 3.0, "baths": 2.0, "sqft": 1703.0, "lot_sqft": 1707116.0, "year_built": 1958.0, "ptype_cat": "single", "days_on_market": 4.0, "n_cuts": 0.0, "cum_cut_pct": 0.0, "days_to_pending": null, "ph_exposure": 0.0, "ph_dist_m": 4615.63, "d_fwy": 7279.56, "d_art": 1655.58, "school_pi": 85.2, "crime_rate": null, "income": 63500.0, "model_mae_pct": 6.2, "segment": "ppsf:190-300,price:250000-600000", "asof": "2026-09-20 20:52"}, "geometry": {"type": "Point", "coordinates": [-82.27414, 41.276982]}}, {"type": "Feature", "properties": {"address": "48935 State Route 303", "city": "Oberlin", "zip": 44074.0, "url": "https://www.redfin.com/OH/Oberlin/48935-State-Route-303-44074/home/66491567", "price": 519900.0, "pred_price": 531719.8, "excess_pct": -1.8, "rel_discount": -7.6, "local_mae_pct": 6.6, "pctile": 39.5, "beds": 4.0, "baths": 3.0, "sqft": 2648.0, "lot_sqft": 158558.0, "year_built": 1932.0, "ptype_cat": "single", "days_on_market": 26.0, "n_cuts": 1.0, "cum_cut_pct": -2.44, "days_to_pending": null, "ph_exposure": 0.0, "ph_dist_m": 6851.06, "d_fwy": 8726.93, "d_art": 2559.6, "school_pi": 85.2, "crime_rate": null, "income": 68929.0, "model_mae_pct": 6.2, "segment": "ppsf:190-300,price:250000-600000", "asof": "2026-09-20 20:52"}, "geometry": {"type": "Point", "coordinates": [-82.274364, 41.236633]}}, {"type": "Feature", "properties": {"address": "362 Reserve Ave", "city": "Oberlin", "zip": 44074.0, "url": "https://www.redfin.com/OH/Oberlin/362-Reserve-Ave-44074/home/107594970", "price": 544900.0, "pred_price": 495133.33, "excess_pct": 10.5, "rel_discount": 4.8, "local_mae_pct": 5.79, "pctile": 83.8, "beds": 4.0, "baths": 2.5, "sqft": 2426.0, "lot_sqft": 19602.0, "year_built": 2019.0, "ptype_cat": "single", "days_on_market": 11.0, "n_cuts": 0.0, "cum_cut_pct": 0.0, "days_to_pending": null, "ph_exposure": 0.02, "ph_dist_m": 1247.14, "d_fwy": 3603.94, "d_art": 988.01, "school_pi": 78.2, "crime_rate": null, "income": 84643.0, "model_mae_pct": 6.2, "segment": "ppsf:190-300,price:250000-600000", "asof": "2026-09-20 20:52"}, "geometry": {"type": "Point", "coordinates": [-82.229692, 41.2742]}}, {"type": "Feature", "properties": {"address": "50367 Austin Rd", "city": "Wellington", "zip": 44090.0, "url": "https://www.redfin.com/OH/Wellington/50367-Austin-Rd-44090/home/75843773", "price": 549900.0, "pred_price": 480812.65, "excess_pct": 14.8, "rel_discount": 9.0, "local_mae_pct": 6.51, "pctile": 89.1, "beds": 4.0, "baths": 3.0, "sqft": 2296.0, "lot_sqft": 509651.0, "year_built": 1977.0, "ptype_cat": "single", "days_on_market": 30.0, "n_cuts": 0.0, "cum_cut_pct": 0.0, "days_to_pending": null, "ph_exposure": 0.0, "ph_dist_m": 7752.51, "d_fwy": 12711.21, "d_art": 3655.88, "school_pi": 85.2, "crime_rate": null, "income": 68929.0, "model_mae_pct": 6.2, "segment": "ppsf:190-300,price:250000-600000", "asof": "2026-09-20 20:52"}, "geometry": {"type": "Point", "coordinates": [-82.3006, 41.203667]}}, {"type": "Feature", "properties": {"address": "9988 W Ridge Rd", "city": "Elyria", "zip": 44035.0, "url": "https://www.redfin.com/OH/Elyria/9988-W-Ridge-Rd-44035/home/77230801", "price": 500000.0, "pred_price": 443399.2, "excess_pct": 13.2, "rel_discount": 7.5, "local_mae_pct": 6.51, "pctile": 87.1, "beds": 3.0, "baths": 2.0, "sqft": 1926.0, "lot_sqft": 519670.0, "year_built": 1955.0, "ptype_cat": "single", "days_on_market": 9.0, "n_cuts": 0.0, "cum_cut_pct": 0.0, "days_to_pending": null, "ph_exposure": 0.01, "ph_dist_m": 1602.68, "d_fwy": 4193.06, "d_art": 5275.73, "school_pi": 79.4, "crime_rate": null, "income": 48929.0, "model_mae_pct": 6.2, "segment": "ppsf:190-300,price:250000-600000", "asof": "2026-09-20 20:52"}, "geometry": {"type": "Point", "coordinates": [-82.15552, 41.345584]}}, {"type": "Feature", "properties": {"address": "225 Forest St", "city": "Lagrange", "zip": 44050.0, "url": "https://www.redfin.com/OH/Lagrange/225-Forest-St-44050/home/75824519", "price": 255000.0, "pred_price": 261230.24, "excess_pct": -2.0, "rel_discount": 0.0, "local_mae_pct": 6.5, "pctile": 38.2, "beds": 3.0, "baths": 1.0, "sqft": 1308.0, "lot_sqft": 15799.0, "year_built": 1958.0, "ptype_cat": "single", "days_on_market": 17.0, "n_cuts": 0.0, "cum_cut_pct": 0.0, "days_to_pending": null, "ph_exposure": 0.0, "ph_dist_m": 9288.81, "d_fwy": 7032.21, "d_art": 7301.12, "school_pi": 79.4, "crime_rate": null, "income": 96667.0, "model_mae_pct": 6.2, "segment": "ppsf:190-300,price:250000-600000", "asof": "2026-09-20 20:52"}, "geometry": {"type": "Point", "coordinates": [-82.116049, 41.241931]}}, {"type": "Feature", "properties": {"address": "315 West St", "city": "Lagrange", "zip": 44050.0, "url": "https://www.redfin.com/OH/Lagrange/315-West-St-44050/home/77237085", "price": 290000.0, "pred_price": 279783.52, "excess_pct": 4.1, "rel_discount": 6.1, "local_mae_pct": 6.5, "pctile": 65.9, "beds": 3.0, "baths": 1.5, "sqft": 1322.0, "lot_sqft": 37374.0, "year_built": 1960.0, "ptype_cat": "single", "days_on_market": 81.0, "n_cuts": 1.0, "cum_cut_pct": -3.01, "days_to_pending": null, "ph_exposure": 0.0, "ph_dist_m": 8723.54, "d_fwy": 6688.85, "d_art": 6765.41, "school_pi": 79.4, "crime_rate": null, "income": 96667.0, "model_mae_pct": 6.2, "segment": "ppsf:190-300,price:250000-600000", "asof": "2026-09-20 20:52"}, "geometry": {"type": "Point", "coordinates": [-82.125519, 41.240556]}}, {"type": "Feature", "properties": {"address": "330 Tolbert St", "city": "Wadsworth", "zip": 44281.0, "url": "https://www.redfin.com/OH/Wadsworth/330-Tolbert-St-44281/home/70511992", "price": 259900.0, "pred_price": 259584.27, "excess_pct": 0.5, "rel_discount": null, "local_mae_pct": 6.5, "pctile": 52.7, "beds": 3.0, "baths": 1.0, "sqft": 969.0, "lot_sqft": 12283.0, "year_built": 1958.0, "ptype_cat": "single", "days_on_market": 1.0, "n_cuts": 0.0, "cum_cut_pct": 0.0, "days_to_pending": null, "ph_exposure": 0.06, "ph_dist_m": 1502.24, "d_fwy": 520.27, "d_art": 7633.7, "school_pi": 87.8, "crime_rate": null, "income": 81875.0, "model_mae_pct": 6.2, "segment": "ppsf:190-300,price:250000-600000", "asof": "2026-09-20 20:52"}, "geometry": {"type": "Point", "coordinates": [-81.738051, 41.034779]}}, {"type": "Feature", "properties": {"address": "448 Fernwood Ave", "city": "Wadsworth", "zip": 44281.0, "url": "https://www.redfin.com/OH/Wadsworth/448-Fernwood-Ave-44281/home/66560860", "price": 269900.0, "pred_price": 278692.62, "excess_pct": -2.8, "rel_discount": null, "local_mae_pct": 6.5, "pctile": 34.6, "beds": 3.0, "baths": 1.5, "sqft": 1289.0, "lot_sqft": 11251.0, "year_built": 1978.0, "ptype_cat": "single", "days_on_market": 18.0, "n_cuts": 1.0, "cum_cut_pct": -1.85, "days_to_pending": null, "ph_exposure": 0.09, "ph_dist_m": 1121.15, "d_fwy": 2847.72, "d_art": 5292.78, "school_pi": 87.8, "crime_rate": null, "income": 81928.0, "model_mae_pct": 6.2, "segment": "ppsf:190-300,price:250000-600000", "asof": "2026-09-20 20:52"}, "geometry": {"type": "Point", "coordinates": [-81.71672, 41.021213]}}, {"type": "Feature", "properties": {"address": "10091 Ruth Dr", "city": "Wadsworth", "zip": 44281.0, "url": "https://www.redfin.com/OH/Wadsworth/10091-Ruth-Dr-44281/home/70509788", "price": 295000.0, "pred_price": 310835.67, "excess_pct": -4.7, "rel_discount": null, "local_mae_pct": 6.5, "pctile": 28.5, "beds": 3.0, "baths": 2.0, "sqft": 1347.0, "lot_sqft": null, "year_built": 1964.0, "ptype_cat": "single", "days_on_market": 123.0, "n_cuts": 0.0, "cum_cut_pct": 0.0, "days_to_pending": null, "ph_exposure": 0.0, "ph_dist_m": 2177.71, "d_fwy": 4045.7, "d_art": 4944.54, "school_pi": 87.8, "crime_rate": null, "income": 114514.0, "model_mae_pct": 6.2, "segment": "ppsf:190-300,price:250000-600000", "asof": "2026-09-20 20:52"}, "geometry": {"type": "Point", "coordinates": [-81.725252, 40.998849]}}, {"type": "Feature", "properties": {"address": "961 Wall Rd", "city": "Wadsworth", "zip": 44281.0, "url": "https://www.redfin.com/OH/Wadsworth/961-Wall-Rd-44281/home/70509983", "price": 289000.0, "pred_price": 286433.11, "excess_pct": 1.3, "rel_discount": null, "local_mae_pct": 6.5, "pctile": 56.6, "beds": 3.0, "baths": 2.5, "sqft": 1193.0, "lot_sqft": 24829.0, "year_built": 1955.0, "ptype_cat": "single", "days_on_market": 47.0, "n_cuts": 1.0, "cum_cut_pct": -3.34, "days_to_pending": null, "ph_exposure": 0.0, "ph_dist_m": 2490.9, "d_fwy": 3818.07, "d_art": 4750.48, "school_pi": 87.8, "crime_rate": null, "income": 114514.0, "model_mae_pct": 6.2, "segment": "ppsf:190-300,price:250000-600000", "asof": "2026-09-20 20:52"}, "geometry": {"type": "Point", "coordinates": [-81.723406, 40.99606]}}, {"type": "Feature", "properties": {"address": "7414 Greenwich Rd", "city": "Seville", "zip": 44273.0, "url": "https://www.redfin.com/OH/Seville/7414-Greenwich-Rd-44273/home/70520625", "price": 375000.0, "pred_price": 383094.96, "excess_pct": -1.7, "rel_discount": null, "local_mae_pct": 7.39, "pctile": 40.3, "beds": 4.0, "baths": 1.5, "sqft": 1647.0, "lot_sqft": 175111.0, "year_built": 1888.0, "ptype_cat": "single", "days_on_market": 2.0, "n_cuts": 0.0, "cum_cut_pct": 0.0, "days_to_pending": null, "ph_exposure": 0.0, "ph_dist_m": 3656.25, "d_fwy": 2124.42, "d_art": 1321.55, "school_pi": 87.6, "crime_rate": null, "income": 94054.0, "model_mae_pct": 6.2, "segment": "ppsf:190-300,price:250000-600000", "asof": "2026-09-20 20:52"}, "geometry": {"type": "Point", "coordinates": [-81.956381, 41.026705]}}, {"type": "Feature", "properties": {"address": "9338 Towpath Trl", "city": "Seville", "zip": 44273.0, "url": "https://www.redfin.com/OH/Seville/9338-Towpath-Trl-44273/home/70466836", "price": 339900.0, "pred_price": 328689.05, "excess_pct": 3.8, "rel_discount": null, "local_mae_pct": 5.15, "pctile": 64.5, "beds": 2.0, "baths": 2.0, "sqft": 1484.0, "lot_sqft": 2613.0, "year_built": 2007.0, "ptype_cat": "single", "days_on_market": 120.0, "n_cuts": 1.0, "cum_cut_pct": -1.45, "days_to_pending": null, "ph_exposure": 0.0, "ph_dist_m": 6215.46, "d_fwy": 1704.93, "d_art": 1858.25, "school_pi": 87.6, "crime_rate": 5.03, "income": 82767.0, "model_mae_pct": 6.2, "segment": "ppsf:190-300,price:250000-600000", "asof": "2026-09-20 20:52"}, "geometry": {"type": "Point", "coordinates": [-81.871757, 41.017213]}}, {"type": "Feature", "properties": {"address": "248 Captain Trl", "city": "Seville", "zip": 44273.0, "url": "https://www.redfin.com/OH/Seville/248-Captain-Trl-44273/home/184251455", "price": 345000.0, "pred_price": 405941.58, "excess_pct": -14.6, "rel_discount": null, "local_mae_pct": 5.79, "pctile": 2.6, "beds": 4.0, "baths": 3.5, "sqft": 1680.0, "lot_sqft": 6534.0, "year_built": 2023.0, "ptype_cat": "single", "days_on_market": 44.0, "n_cuts": 1.0, "cum_cut_pct": -1.43, "days_to_pending": null, "ph_exposure": 0.0, "ph_dist_m": 4249.13, "d_fwy": 211.95, "d_art": 1211.53, "school_pi": 87.6, "crime_rate": null, "income": 95577.0, "model_mae_pct": 6.2, "segment": "ppsf:190-300,price:250000-600000", "asof": "2026-09-20 20:52"}, "geometry": {"type": "Point", "coordinates": [-81.872212, 41.035261]}}, {"type": "Feature", "properties": {"address": "8667 N Leroy Rd", "city": "Westfield Center", "zip": 44251.0, "url": "https://www.redfin.com/OH/Westfield-Center/8667-N-Leroy-Rd-44251/home/70521308", "price": 342000.0, "pred_price": 290371.37, "excess_pct": 18.2, "rel_discount": null, "local_mae_pct": 6.5, "pctile": 93.9, "beds": 3.0, "baths": 2.0, "sqft": 1152.0, "lot_sqft": 20237.0, "year_built": 1977.0, "ptype_cat": "single", "days_on_market": 99.0, "n_cuts": 1.0, "cum_cut_pct": -3.25, "days_to_pending": null, "ph_exposure": 0.0, "ph_dist_m": 5398.3, "d_fwy": 2170.12, "d_art": 295.3, "school_pi": 87.6, "crime_rate": null, "income": 94054.0, "model_mae_pct": 6.2, "segment": "ppsf:190-300,price:250000-600000", "asof": "2026-09-20 20:52"}, "geometry": {"type": "Point", "coordinates": [-81.932618, 41.036353]}}, {"type": "Feature", "properties": {"address": "805 Torringford Dr", "city": "Lodi", "zip": 44254.0, "url": "https://www.redfin.com/OH/Lodi/805-Torringford-Dr-44254/home/200602545", "price": 329980.0, "pred_price": 342666.45, "excess_pct": -3.3, "rel_discount": null, "local_mae_pct": 5.79, "pctile": 33.0, "beds": 3.0, "baths": 2.0, "sqft": 1366.0, "lot_sqft": null, "year_built": 2026.0, "ptype_cat": "single", "days_on_market": 27.0, "n_cuts": 0.0, "cum_cut_pct": 0.0, "days_to_pending": null, "ph_exposure": 0.09, "ph_dist_m": 643.27, "d_fwy": 4952.98, "d_art": 370.04, "school_pi": 87.6, "crime_rate": null, "income": 90917.0, "model_mae_pct": 6.2, "segment": "ppsf:190-300,price:250000-600000", "asof": "2026-09-20 20:52"}, "geometry": {"type": "Point", "coordinates": [-81.99088, 41.042695]}}, {"type": "Feature", "properties": {"address": "230 Clifton Ln", "city": "Rittman", "zip": 44270.0, "url": "https://www.redfin.com/OH/Rittman/230-Clifton-Ln-44270/home/198838319", "price": 399000.0, "pred_price": 452071.54, "excess_pct": -11.3, "rel_discount": null, "local_mae_pct": 5.79, "pctile": 7.0, "beds": 3.0, "baths": 2.0, "sqft": 1850.0, "lot_sqft": 10890.0, "year_built": 2026.0, "ptype_cat": "single", "days_on_market": 48.0, "n_cuts": 0.0, "cum_cut_pct": 0.0, "days_to_pending": null, "ph_exposure": 0.0, "ph_dist_m": 4624.19, "d_fwy": 4000.78, "d_art": 8321.14, "school_pi": 87.6, "crime_rate": null, "income": 112250.0, "model_mae_pct": 6.2, "segment": "ppsf:190-300,price:250000-600000", "asof": "2026-09-20 20:52"}, "geometry": {"type": "Point", "coordinates": [-81.797566, 40.995673]}}, {"type": "Feature", "properties": {"address": "1043 Reedy Dr", "city": "Wadsworth", "zip": 44281.0, "url": "https://www.redfin.com/OH/Wadsworth/1043-Reedy-Dr-44281/home/66236155", "price": 385000.0, "pred_price": 393811.35, "excess_pct": -1.8, "rel_discount": null, "local_mae_pct": 6.5, "pctile": 39.5, "beds": 3.0, "baths": 2.0, "sqft": 1889.0, "lot_sqft": 11691.0, "year_built": 1980.0, "ptype_cat": "single", "days_on_market": 5.0, "n_cuts": 0.0, "cum_cut_pct": 0.0, "days_to_pending": null, "ph_exposure": 0.12, "ph_dist_m": 238.21, "d_fwy": 542.39, "d_art": 8743.56, "school_pi": 87.8, "crime_rate": null, "income": 36500.0, "model_mae_pct": 6.2, "segment": "ppsf:190-300,price:250000-600000", "asof": "2026-09-20 20:52"}, "geometry": {"type": "Point", "coordinates": [-81.736912, 41.050228]}}, {"type": "Feature", "properties": {"address": "8395 Friendsville Rd", "city": "Seville", "zip": 44273.0, "url": "https://www.redfin.com/OH/Seville/8395-Friendsville-Rd-44273/home/70524524", "price": 479900.0, "pred_price": 473175.32, "excess_pct": 1.8, "rel_discount": null, "local_mae_pct": 5.15, "pctile": 58.1, "beds": 4.0, "baths": 4.0, "sqft": 1956.0, "lot_sqft": 141813.0, "year_built": 2005.0, "ptype_cat": "single", "days_on_market": 27.0, "n_cuts": 1.0, "cum_cut_pct": -4.02, "days_to_pending": null, "ph_exposure": 0.0, "ph_dist_m": 2701.52, "d_fwy": 4208.97, "d_art": 630.62, "school_pi": 87.6, "crime_rate": null, "income": 98150.0, "model_mae_pct": 6.2, "segment": "ppsf:190-300,price:250000-600000", "asof": "2026-09-20 20:52"}, "geometry": {"type": "Point", "coordinates": [-81.965386, 41.044306]}}, {"type": "Feature", "properties": {"address": "2825 Eastern Rd", "city": "Rittman", "zip": 44270.0, "url": "https://www.redfin.com/OH/Rittman/2825-Eastern-Rd-44270/home/66238837", "price": 495000.0, "pred_price": 517209.23, "excess_pct": -3.9, "rel_discount": null, "local_mae_pct": 6.5, "pctile": 30.8, "beds": 3.0, "baths": 2.5, "sqft": 2442.0, "lot_sqft": 274863.0, "year_built": 1960.0, "ptype_cat": "single", "days_on_market": 11.0, "n_cuts": 0.0, "cum_cut_pct": 0.0, "days_to_pending": null, "ph_exposure": 0.0, "ph_dist_m": 4461.8, "d_fwy": 4706.59, "d_art": 9134.09, "school_pi": 87.6, "crime_rate": null, "income": 112250.0, "model_mae_pct": 6.2, "segment": "ppsf:190-300,price:250000-600000", "asof": "2026-09-20 20:52"}, "geometry": {"type": "Point", "coordinates": [-81.791222, 40.989235]}}, {"type": "Feature", "properties": {"address": "7150 Buffham Rd", "city": "Seville", "zip": 44273.0, "url": "https://www.redfin.com/OH/Seville/7150-Buffham-Rd-44273/home/66406989", "price": 525000.0, "pred_price": 454034.21, "excess_pct": 16.0, "rel_discount": null, "local_mae_pct": 6.5, "pctile": 90.6, "beds": 4.0, "baths": 1.5, "sqft": 2172.0, "lot_sqft": 685198.0, "year_built": 1969.0, "ptype_cat": "single", "days_on_market": 10.0, "n_cuts": 0.0, "cum_cut_pct": 0.0, "days_to_pending": null, "ph_exposure": 0.0, "ph_dist_m": 4241.91, "d_fwy": 3119.73, "d_art": 189.51, "school_pi": 87.6, "crime_rate": null, "income": 98150.0, "model_mae_pct": 6.2, "segment": "ppsf:190-300,price:250000-600000", "asof": "2026-09-20 20:52"}, "geometry": {"type": "Point", "coordinates": [-81.946329, 41.040661]}}, {"type": "Feature", "properties": {"address": "7176 Hunter Dr", "city": "Medina", "zip": 44215.0, "url": "https://www.redfin.com/OH/Medina/7176-Hunter-Dr-44215/home/66234844", "price": 330000.0, "pred_price": 364832.75, "excess_pct": -9.1, "rel_discount": null, "local_mae_pct": 6.51, "pctile": 12.3, "beds": 3.0, "baths": 3.0, "sqft": 1584.0, "lot_sqft": 42253.0, "year_built": 1966.0, "ptype_cat": "single", "days_on_market": 2.0, "n_cuts": 0.0, "cum_cut_pct": 0.0, "days_to_pending": null, "ph_exposure": 0.0, "ph_dist_m": 1876.91, "d_fwy": 4556.3, "d_art": 4634.56, "school_pi": 87.6, "crime_rate": null, "income": 100724.0, "model_mae_pct": 6.2, "segment": "ppsf:190-300,price:250000-600000", "asof": "2026-09-20 20:52"}, "geometry": {"type": "Point", "coordinates": [-81.906002, 41.077973]}}, {"type": "Feature", "properties": {"address": "664 Tremain Pl", "city": "Medina", "zip": 44256.0, "url": "https://www.redfin.com/OH/Medina/664-Tremain-Pl-44256/home/70500572", "price": 380000.0, "pred_price": 361371.0, "excess_pct": 5.6, "rel_discount": null, "local_mae_pct": 5.15, "pctile": 72.0, "beds": 3.0, "baths": 2.5, "sqft": 1766.0, "lot_sqft": 14810.0, "year_built": 1996.0, "ptype_cat": "single", "days_on_market": 145.0, "n_cuts": 0.0, "cum_cut_pct": 0.0, "days_to_pending": null, "ph_exposure": 0.34, "ph_dist_m": 1057.63, "d_fwy": 7294.05, "d_art": 945.8, "school_pi": 88.1, "crime_rate": 3.12, "income": 133201.0, "model_mae_pct": 6.2, "segment": "ppsf:190-300,price:250000-600000", "asof": "2026-09-20 20:52"}, "geometry": {"type": "Point", "coordinates": [-81.882542, 41.151297]}}, {"type": "Feature", "properties": {"address": "27282 Emerald Oval", "city": "Olmsted Township", "zip": 44138.0, "url": "https://www.realtor.com/realestateandhomes-detail/27282-Emerald-Oval-N_Olmsted-Twp_OH_44138_M40049-83019", "price": 324999.0, "pred_price": 354457.98, "excess_pct": -7.9, "rel_discount": -8.6, "local_mae_pct": 5.79, "pctile": 16.6, "beds": 3.0, "baths": 2.0, "sqft": 1632.0, "lot_sqft": 6926.0, "year_built": 2018.0, "ptype_cat": "single", "days_on_market": 10.0, "n_cuts": 0.0, "cum_cut_pct": 0.0, "days_to_pending": null, "ph_exposure": 0.0, "ph_dist_m": 8693.69, "d_fwy": 247.36, "d_art": 2717.33, "school_pi": 85.3, "crime_rate": null, "income": 75444.0, "model_mae_pct": 6.2, "segment": "ppsf:190-300,price:250000-600000", "asof": "2026-09-20 20:52"}, "geometry": {"type": "Point", "coordinates": [-81.958587, 41.365768]}}, {"type": "Feature", "properties": {"address": "9767 Columbia Rd", "city": "Olmsted Falls", "zip": 44138.0, "url": "https://www.realtor.com/realestateandhomes-detail/9767-Columbia-Rd_Olmsted-Falls_OH_44138_M40266-59418", "price": 269900.0, "pred_price": 305936.67, "excess_pct": -11.4, "rel_discount": -6.6, "local_mae_pct": 7.39, "pctile": 6.6, "beds": 3.0, "baths": 2.0, "sqft": 1416.0, "lot_sqft": 44388.0, "year_built": 1873.0, "ptype_cat": "single", "days_on_market": 22.0, "n_cuts": 0.0, "cum_cut_pct": 0.0, "days_to_pending": null, "ph_exposure": 0.0, "ph_dist_m": 4749.7, "d_fwy": 626.47, "d_art": 2371.18, "school_pi": 85.3, "crime_rate": 3.34, "income": 94485.0, "model_mae_pct": 6.2, "segment": "ppsf:190-300,price:250000-600000", "asof": "2026-09-20 20:52"}, "geometry": {"type": "Point", "coordinates": [-81.904418, 41.351477]}}, {"type": "Feature", "properties": {"address": "489 Mapleview Dr", "city": "Seven Hills", "zip": 44131.0, "url": "https://www.realtor.com/realestateandhomes-detail/489-Mapleview-Dr_Seven-Hills_OH_44131_M31177-61087", "price": 264900.0, "pred_price": 281209.76, "excess_pct": -5.4, "rel_discount": -0.6, "local_mae_pct": 6.51, "pctile": 25.0, "beds": 2.0, "baths": 2.0, "sqft": 1188.0, "lot_sqft": 23958.0, "year_built": 1951.0, "ptype_cat": "single", "days_on_market": 29.0, "n_cuts": 0.0, "cum_cut_pct": 0.0, "days_to_pending": null, "ph_exposure": 0.0, "ph_dist_m": 3662.85, "d_fwy": 2210.28, "d_art": 451.79, "school_pi": 76.2, "crime_rate": 11.55, "income": 98625.0, "model_mae_pct": 6.2, "segment": "ppsf:190-300,price:250000-600000", "asof": "2026-09-20 20:52"}, "geometry": {"type": "Point", "coordinates": [-81.679367, 41.38058]}}, {"type": "Feature", "properties": {"address": "28011 Sites Rd", "city": "Bay Village", "zip": 44140.0, "url": "https://www.realtor.com/realestateandhomes-detail/28011-Sites-Rd_Bay-Village_OH_44140_M49180-07569", "price": 289900.0, "pred_price": 332432.27, "excess_pct": -12.4, "rel_discount": -7.6, "local_mae_pct": 6.6, "pctile": 5.5, "beds": 3.0, "baths": 2.0, "sqft": 1007.0, "lot_sqft": 7200.0, "year_built": 1943.0, "ptype_cat": "single", "days_on_market": 11.0, "n_cuts": 0.0, "cum_cut_pct": 0.0, "days_to_pending": null, "ph_exposure": 0.17, "ph_dist_m": 1002.02, "d_fwy": 1790.9, "d_art": 577.1, "school_pi": 98.3, "crime_rate": 2.9, "income": 130972.0, "model_mae_pct": 6.2, "segment": "ppsf:190-300,price:250000-600000", "asof": "2026-09-20 20:52"}, "geometry": {"type": "Point", "coordinates": [-81.929506, 41.483807]}}, {"type": "Feature", "properties": {"address": "576 Upland Rd", "city": "Bay Village", "zip": 44140.0, "url": "https://www.realtor.com/realestateandhomes-detail/576-Upland-Rd_Bay-Village_OH_44140_M42087-41333", "price": 384900.0, "pred_price": 329546.14, "excess_pct": 17.2, "rel_discount": 18.2, "local_mae_pct": 6.6, "pctile": 92.4, "beds": 3.0, "baths": 2.0, "sqft": 1366.0, "lot_sqft": 7013.0, "year_built": 1950.0, "ptype_cat": "single", "days_on_market": 11.0, "n_cuts": 0.0, "cum_cut_pct": 0.0, "days_to_pending": null, "ph_exposure": 0.0, "ph_dist_m": 2574.06, "d_fwy": 400.21, "d_art": 500.4, "school_pi": 98.3, "crime_rate": 2.9, "income": 135160.0, "model_mae_pct": 6.2, "segment": "ppsf:190-300,price:250000-600000", "asof": "2026-09-20 20:52"}, "geometry": {"type": "Point", "coordinates": [-81.889101, 41.478922]}}, {"type": "Feature", "properties": {"address": "3622 Berkeley Rd", "city": "Cleveland Heights", "zip": 44118.0, "url": "https://www.realtor.com/realestateandhomes-detail/3622-Berkeley-Rd_Cleveland-Heights_OH_44118_M33396-35691", "price": 300000.0, "pred_price": 302482.16, "excess_pct": -0.4, "rel_discount": 4.4, "local_mae_pct": 6.6, "pctile": 48.5, "beds": 3.0, "baths": 1.5, "sqft": 1506.0, "lot_sqft": 5401.0, "year_built": 1933.0, "ptype_cat": "single", "days_on_market": 16.0, "n_cuts": 0.0, "cum_cut_pct": 0.0, "days_to_pending": null, "ph_exposure": 0.51, "ph_dist_m": 595.68, "d_fwy": 5582.21, "d_art": 932.94, "school_pi": 68.0, "crime_rate": 18.19, "income": 81875.0, "model_mae_pct": 6.2, "segment": "ppsf:190-300,price:250000-600000", "asof": "2026-09-20 20:52"}, "geometry": {"type": "Point", "coordinates": [-81.549916, 41.509756]}}, {"type": "Feature", "properties": {"address": "6751 Parma Park Blvd", "city": "Parma Heights", "zip": 44130.0, "url": "https://www.realtor.com/realestateandhomes-detail/6751-Parma-Park-Blvd_Parma-Heights_OH_44130_M33040-17674", "price": 299900.0, "pred_price": 316223.87, "excess_pct": -4.8, "rel_discount": -0.0, "local_mae_pct": 6.6, "pctile": 27.6, "beds": 3.0, "baths": 2.0, "sqft": 1502.0, "lot_sqft": 10193.0, "year_built": 1946.0, "ptype_cat": "single", "days_on_market": 16.0, "n_cuts": 0.0, "cum_cut_pct": 0.0, "days_to_pending": null, "ph_exposure": 0.0, "ph_dist_m": 3426.5, "d_fwy": 3564.04, "d_art": 357.85, "school_pi": 76.2, "crime_rate": 4.11, "income": 113750.0, "model_mae_pct": 6.2, "segment": "ppsf:190-300,price:250000-600000", "asof": "2026-09-20 20:52"}, "geometry": {"type": "Point", "coordinates": [-81.775341, 41.380268]}}, {"type": "Feature", "properties": {"address": "3520 Archwood Dr", "city": "Rocky River", "zip": 44116.0, "url": "https://www.realtor.com/realestateandhomes-detail/3520-Archwood-Dr_Rocky-River_OH_44116_M32162-38709", "price": 464900.0, "pred_price": 476941.31, "excess_pct": -2.1, "rel_discount": -2.2, "local_mae_pct": 6.5, "pctile": 37.8, "beds": 3.0, "baths": 2.5, "sqft": 2218.0, "lot_sqft": 10454.0, "year_built": 1966.0, "ptype_cat": "single", "days_on_market": 66.0, "n_cuts": 1.0, "cum_cut_pct": -2.94, "days_to_pending": null, "ph_exposure": 0.21, "ph_dist_m": 607.67, "d_fwy": 2201.07, "d_art": 1323.72, "school_pi": 101.2, "crime_rate": 6.73, "income": 131146.0, "model_mae_pct": 6.2, "segment": "ppsf:190-300,price:250000-600000", "asof": "2026-09-20 20:52"}, "geometry": {"type": "Point", "coordinates": [-81.867964, 41.453506]}}, {"type": "Feature", "properties": {"address": "24613 E Oakland Rd", "city": "Bay Village", "zip": 44140.0, "url": "https://www.realtor.com/realestateandhomes-detail/24613-E-Oakland-Rd_Bay-Village_OH_44140_M43185-02649", "price": 314900.0, "pred_price": 292311.12, "excess_pct": 8.1, "rel_discount": 7.4, "local_mae_pct": 6.6, "pctile": 79.0, "beds": 3.0, "baths": 1.0, "sqft": 1176.0, "lot_sqft": 10559.0, "year_built": 1938.0, "ptype_cat": "single", "days_on_market": 32.0, "n_cuts": 1.0, "cum_cut_pct": -1.56, "days_to_pending": null, "ph_exposure": 0.01, "ph_dist_m": 2233.06, "d_fwy": 398.64, "d_art": 648.48, "school_pi": 98.3, "crime_rate": 2.9, "income": 135160.0, "model_mae_pct": 6.2, "segment": "ppsf:190-300,price:250000-600000", "asof": "2026-09-20 20:52"}, "geometry": {"type": "Point", "coordinates": [-81.893178, 41.478179]}}, {"type": "Feature", "properties": {"address": "17 Kenwood Ct", "city": "Beachwood", "zip": 44122.0, "url": "https://www.realtor.com/realestateandhomes-detail/17-Kenwood-Ct_Beachwood_OH_44122_M40900-23414", "price": 599999.0, "pred_price": 567784.56, "excess_pct": 6.1, "rel_discount": -0.0, "local_mae_pct": 5.15, "pctile": 73.8, "beds": 3.0, "baths": 3.0, "sqft": 2655.0, "lot_sqft": 2919.0, "year_built": 1984.0, "ptype_cat": "single", "days_on_market": 102.0, "n_cuts": 1.0, "cum_cut_pct": -3.07, "days_to_pending": null, "ph_exposure": 0.0, "ph_dist_m": 2074.72, "d_fwy": 645.73, "d_art": 259.83, "school_pi": 96.8, "crime_rate": 20.56, "income": 69107.0, "model_mae_pct": 6.2, "segment": "ppsf:190-300,price:250000-600000", "asof": "2026-09-20 20:52"}, "geometry": {"type": "Point", "coordinates": [-81.494657, 41.490389]}}, {"type": "Feature", "properties": {"address": "10379 River Rock Ln", "city": "North Royalton", "zip": 44133.0, "url": "https://www.realtor.com/realestateandhomes-detail/10379-River-Rock-Ln_North-Royalton_OH_44133_M44059-27817", "price": 324900.0, "pred_price": 311491.89, "excess_pct": 4.7, "rel_discount": 4.0, "local_mae_pct": 5.15, "pctile": 68.5, "beds": 2.0, "baths": 2.0, "sqft": 1346.0, "lot_sqft": 6142.0, "year_built": 2000.0, "ptype_cat": "single", "days_on_market": 34.0, "n_cuts": 1.0, "cum_cut_pct": -1.52, "days_to_pending": null, "ph_exposure": 0.0, "ph_dist_m": 3908.59, "d_fwy": 2438.75, "d_art": 2745.52, "school_pi": 90.2, "crime_rate": 5.33, "income": 123964.0, "model_mae_pct": 6.2, "segment": "ppsf:190-300,price:250000-600000", "asof": "2026-09-20 20:52"}, "geometry": {"type": "Point", "coordinates": [-81.763261, 41.288494]}}, {"type": "Feature", "properties": {"address": "603 Bassett Rd", "city": "Bay Village", "zip": 44140.0, "url": "https://www.realtor.com/realestateandhomes-detail/603-Bassett-Rd_Bay-Village_OH_44140_M47022-20092", "price": 355500.0, "pred_price": 358942.29, "excess_pct": -0.6, "rel_discount": 0.4, "local_mae_pct": 7.38, "pctile": 47.1, "beds": 3.0, "baths": 2.0, "sqft": 1528.0, "lot_sqft": 12763.0, "year_built": 1871.0, "ptype_cat": "single", "days_on_market": 55.0, "n_cuts": 0.0, "cum_cut_pct": 0.0, "days_to_pending": null, "ph_exposure": 0.0, "ph_dist_m": 2504.25, "d_fwy": 1095.47, "d_art": 1095.47, "school_pi": 98.3, "crime_rate": 2.9, "income": 169653.0, "model_mae_pct": 6.2, "segment": "ppsf:190-300,price:250000-600000", "asof": "2026-09-20 20:52"}, "geometry": {"type": "Point", "coordinates": [-81.949883, 41.479392]}}, {"type": "Feature", "properties": {"address": "7402 Stone Rd", "city": "Independence", "zip": 44131.0, "url": "https://www.realtor.com/realestateandhomes-detail/7402-Stone-Rd_Independence_OH_44131_M31893-12583", "price": 369900.0, "pred_price": 347067.98, "excess_pct": 7.0, "rel_discount": 8.0, "local_mae_pct": 7.39, "pctile": 76.9, "beds": 4.0, "baths": 2.0, "sqft": 1466.0, "lot_sqft": 12502.0, "year_built": 1920.0, "ptype_cat": "single", "days_on_market": 50.0, "n_cuts": 1.0, "cum_cut_pct": -2.63, "days_to_pending": null, "ph_exposure": 0.0, "ph_dist_m": 4343.47, "d_fwy": 1198.51, "d_art": 1314.95, "school_pi": 93.5, "crime_rate": 13.47, "income": 96302.0, "model_mae_pct": 6.2, "segment": "ppsf:190-300,price:250000-600000", "asof": "2026-09-20 20:52"}, "geometry": {"type": "Point", "coordinates": [-81.638349, 41.38243]}}, {"type": "Feature", "properties": {"address": "12193 Nutmeg Ln", "city": "North Royalton", "zip": 44133.0, "url": "https://www.realtor.com/realestateandhomes-detail/12193-Nutmeg-Ln_North-Royalton_OH_44133_M41847-60439", "price": 319900.0, "pred_price": 373013.99, "excess_pct": -13.8, "rel_discount": -14.4, "local_mae_pct": 5.15, "pctile": 3.8, "beds": 2.0, "baths": 2.0, "sqft": 1650.0, "lot_sqft": 5314.0, "year_built": 1999.0, "ptype_cat": "single", "days_on_market": 174.0, "n_cuts": 1.0, "cum_cut_pct": -1.54, "days_to_pending": null, "ph_exposure": 0.0, "ph_dist_m": 2788.13, "d_fwy": 1742.35, "d_art": 1883.89, "school_pi": 90.2, "crime_rate": 5.33, "income": 64722.0, "model_mae_pct": 6.2, "segment": "ppsf:190-300,price:250000-600000", "asof": "2026-09-20 20:52"}, "geometry": {"type": "Point", "coordinates": [-81.76275, 41.33209]}}, {"type": "Feature", "properties": {"address": "27753 Bassett Rd", "city": "Westlake", "zip": 44145.0, "url": "https://www.realtor.com/realestateandhomes-detail/27753-Bassett-Rd_Westlake_OH_44145_M34583-51167", "price": 289900.0, "pred_price": 319002.77, "excess_pct": -8.7, "rel_discount": -3.9, "local_mae_pct": 6.5, "pctile": 13.3, "beds": 3.0, "baths": 1.5, "sqft": 1334.0, "lot_sqft": 20473.0, "year_built": 1953.0, "ptype_cat": "single", "days_on_market": 2.0, "n_cuts": 0.0, "cum_cut_pct": 0.0, "days_to_pending": null, "ph_exposure": 0.0, "ph_dist_m": 2986.8, "d_fwy": 1608.95, "d_art": 584.16, "school_pi": 91.7, "crime_rate": 6.02, "income": 147692.0, "model_mae_pct": 6.2, "segment": "ppsf:190-300,price:250000-600000", "asof": "2026-09-20 20:52"}, "geometry": {"type": "Point", "coordinates": [-81.929674, 41.452494]}}, {"type": "Feature", "properties": {"address": "23727 Russell Rd", "city": "Bay Village", "zip": 44140.0, "url": "https://www.realtor.com/realestateandhomes-detail/23727-Russell-Rd_Bay-Village_OH_44140_M33059-33462", "price": 589900.0, "pred_price": 555916.11, "excess_pct": 6.5, "rel_discount": 0.3, "local_mae_pct": 6.6, "pctile": 74.9, "beds": 4.0, "baths": 2.5, "sqft": 2584.0, "lot_sqft": 7492.0, "year_built": 1940.0, "ptype_cat": "single", "days_on_market": 2.0, "n_cuts": 0.0, "cum_cut_pct": 0.0, "days_to_pending": null, "ph_exposure": 0.0, "ph_dist_m": 3077.17, "d_fwy": 422.94, "d_art": 272.29, "school_pi": 98.3, "crime_rate": 2.9, "income": 121429.0, "model_mae_pct": 6.2, "segment": "ppsf:190-300,price:250000-600000", "asof": "2026-09-20 20:52"}, "geometry": {"type": "Point", "coordinates": [-81.883145, 41.480183]}}, {"type": "Feature", "properties": {"address": "5145 Park Side Trl", "city": "Solon", "zip": 44139.0, "url": "https://www.realtor.com/realestateandhomes-detail/5145-Park-Side-Trl_Solon_OH_44139_M41084-11053", "price": 395000.0, "pred_price": 422541.82, "excess_pct": -6.1, "rel_discount": -5.0, "local_mae_pct": 5.15, "pctile": 22.4, "beds": 3.0, "baths": 2.0, "sqft": 1923.0, "lot_sqft": 33323.0, "year_built": 1982.0, "ptype_cat": "single", "days_on_market": 17.0, "n_cuts": 0.0, "cum_cut_pct": 0.0, "days_to_pending": null, "ph_exposure": 0.0, "ph_dist_m": 2732.27, "d_fwy": 38.86, "d_art": 2470.07, "school_pi": 102.8, "crime_rate": 7.28, "income": 147344.0, "model_mae_pct": 6.2, "segment": "ppsf:190-300,price:250000-600000", "asof": "2026-09-20 20:52"}, "geometry": {"type": "Point", "coordinates": [-81.477388, 41.418957]}}, {"type": "Feature", "properties": {"address": "275 Lexington Cir", "city": "Broadview Heights", "zip": 44147.0, "url": "https://www.realtor.com/realestateandhomes-detail/275-Lexington-Cir_Broadview-Heights_OH_44147_M35804-53073", "price": 449900.0, "pred_price": 477656.9, "excess_pct": -5.4, "rel_discount": -5.6, "local_mae_pct": 5.15, "pctile": 25.0, "beds": 3.0, "baths": 2.5, "sqft": 2220.0, "lot_sqft": 9095.0, "year_built": 2003.0, "ptype_cat": "single", "days_on_market": 2.0, "n_cuts": 0.0, "cum_cut_pct": 0.0, "days_to_pending": null, "ph_exposure": 0.0, "ph_dist_m": 5733.85, "d_fwy": 665.81, "d_art": 3065.57, "school_pi": 90.2, "crime_rate": 0.61, "income": 103667.0, "model_mae_pct": 6.2, "segment": "ppsf:190-300,price:250000-600000", "asof": "2026-09-20 20:52"}, "geometry": {"type": "Point", "coordinates": [-81.681083, 41.286261]}}, {"type": "Feature", "properties": {"address": "25561 First St", "city": "Westlake", "zip": 44145.0, "url": "https://www.realtor.com/realestateandhomes-detail/25561-1st-St_Westlake_OH_44145_M41094-81768", "price": 264900.0, "pred_price": 285314.66, "excess_pct": -6.8, "rel_discount": -2.0, "local_mae_pct": 6.6, "pctile": 19.6, "beds": 2.0, "baths": 1.0, "sqft": 1090.0, "lot_sqft": 12066.0, "year_built": 1948.0, "ptype_cat": "single", "days_on_market": 4.0, "n_cuts": 0.0, "cum_cut_pct": 0.0, "days_to_pending": null, "ph_exposure": 0.07, "ph_dist_m": 1503.08, "d_fwy": 181.92, "d_art": 65.03, "school_pi": 91.7, "crime_rate": 1.53, "income": 97500.0, "model_mae_pct": 6.2, "segment": "ppsf:190-300,price:250000-600000", "asof": "2026-09-20 20:52"}, "geometry": {"type": "Point", "coordinates": [-81.902234, 41.475857]}}, {"type": "Feature", "properties": {"address": "10402 Rock Ledge Way", "city": "North Royalton", "zip": 44133.0, "url": "https://www.realtor.com/realestateandhomes-detail/10402-Rock-Ledge-Way_North-Royalton_OH_44133_M43829-71996", "price": 349900.0, "pred_price": 381816.28, "excess_pct": -8.0, "rel_discount": -8.6, "local_mae_pct": 5.15, "pctile": 16.0, "beds": 3.0, "baths": 2.0, "sqft": 1824.0, "lot_sqft": 5576.0, "year_built": 2001.0, "ptype_cat": "single", "days_on_market": 80.0, "n_cuts": 0.0, "cum_cut_pct": 0.0, "days_to_pending": null, "ph_exposure": 0.0, "ph_dist_m": 3843.98, "d_fwy": 2374.95, "d_art": 2603.71, "school_pi": 90.2, "crime_rate": 5.33, "income": 123964.0, "model_mae_pct": 6.2, "segment": "ppsf:190-300,price:250000-600000", "asof": "2026-09-20 20:52"}, "geometry": {"type": "Point", "coordinates": [-81.764568, 41.289967]}}, {"type": "Feature", "properties": {"address": "4050 Lander Rd", "city": "Chagrin Falls", "zip": 44022.0, "url": "https://www.realtor.com/realestateandhomes-detail/4050-Lander-Rd_Chagrin-Falls_OH_44022_M39425-40343", "price": 349900.0, "pred_price": 340280.41, "excess_pct": 3.2, "rel_discount": 2.6, "local_mae_pct": 6.6, "pctile": 62.3, "beds": 2.0, "baths": 1.0, "sqft": 1416.0, "lot_sqft": 58370.0, "year_built": 1925.0, "ptype_cat": "single", "days_on_market": 25.0, "n_cuts": 1.0, "cum_cut_pct": -2.81, "days_to_pending": null, "ph_exposure": 0.0, "ph_dist_m": 5105.25, "d_fwy": 1916.41, "d_art": 1735.6, "school_pi": 97.2, "crime_rate": null, "income": 193385.0, "model_mae_pct": 6.2, "segment": "ppsf:190-300,price:250000-600000", "asof": "2026-09-20 20:52"}, "geometry": {"type": "Point", "coordinates": [-81.464142, 41.449728]}}, {"type": "Feature", "properties": {"address": "20231 Westover Ave", "city": "Rocky River", "zip": 44116.0, "url": "https://www.realtor.com/realestateandhomes-detail/20231-Westover-Ave_Rocky-River_OH_44116_M38488-23712", "price": 415000.0, "pred_price": 397325.38, "excess_pct": 4.8, "rel_discount": 5.9, "local_mae_pct": 6.5, "pctile": 69.2, "beds": 3.0, "baths": 1.5, "sqft": 1739.0, "lot_sqft": 7013.0, "year_built": 1951.0, "ptype_cat": "single", "days_on_market": 2.0, "n_cuts": 0.0, "cum_cut_pct": 0.0, "days_to_pending": null, "ph_exposure": 0.1, "ph_dist_m": 1230.18, "d_fwy": 1487.75, "d_art": 835.92, "school_pi": 101.2, "crime_rate": 6.73, "income": 93810.0, "model_mae_pct": 6.2, "segment": "ppsf:190-300,price:250000-600000", "asof": "2026-09-20 20:52"}, "geometry": {"type": "Point", "coordinates": [-81.843846, 41.457777]}}, {"type": "Feature", "properties": {"address": "3340 Ingleside Rd", "city": "Shaker Heights", "zip": 44122.0, "url": "https://www.realtor.com/realestateandhomes-detail/3340-Ingleside-Rd_Shaker-Heights_OH_44122_M37650-53022", "price": 390000.0, "pred_price": 397371.46, "excess_pct": -1.5, "rel_discount": -0.4, "local_mae_pct": 6.6, "pctile": 41.6, "beds": 4.0, "baths": 2.5, "sqft": 1758.0, "lot_sqft": 8276.0, "year_built": 1925.0, "ptype_cat": "single", "days_on_market": 30.0, "n_cuts": 0.0, "cum_cut_pct": 0.0, "days_to_pending": null, "ph_exposure": 0.15, "ph_dist_m": 1109.7, "d_fwy": 4773.99, "d_art": 226.81, "school_pi": 78.9, "crime_rate": 5.02, "income": 165298.0, "model_mae_pct": 6.2, "segment": "ppsf:190-300,price:250000-600000", "asof": "2026-09-20 20:52"}, "geometry": {"type": "Point", "coordinates": [-81.551348, 41.468798]}}, {"type": "Feature", "properties": {"address": "734 Kenwood Dr", "city": "Mayfield village", "zip": 44040.0, "url": "https://www.realtor.com/realestateandhomes-detail/734-Kenwood-Dr_Gates-Mills_OH_44040_M35723-77736", "price": 300000.0, "pred_price": 343156.24, "excess_pct": -12.2, "rel_discount": -7.4, "local_mae_pct": 6.5, "pctile": 5.8, "beds": 3.0, "baths": 2.0, "sqft": 1540.0, "lot_sqft": 19702.0, "year_built": 1960.0, "ptype_cat": "single", "days_on_market": 13.0, "n_cuts": 0.0, "cum_cut_pct": 0.0, "days_to_pending": null, "ph_exposure": 0.06, "ph_dist_m": 1824.81, "d_fwy": 1422.01, "d_art": 626.91, "school_pi": 87.8, "crime_rate": 9.04, "income": 131935.0, "model_mae_pct": 6.2, "segment": "ppsf:190-300,price:250000-600000", "asof": "2026-09-20 20:52"}, "geometry": {"type": "Point", "coordinates": [-81.43133, 41.54298]}}, {"type": "Feature", "properties": {"address": "490 Columbia Rd", "city": "Bay Village", "zip": 44140.0, "url": "https://www.realtor.com/realestateandhomes-detail/490-Columbia-Rd_Bay-Village_OH_44140_M32411-40582", "price": 289900.0, "pred_price": 366998.56, "excess_pct": -20.6, "rel_discount": -15.8, "local_mae_pct": 6.5, "pctile": 0.6, "beds": 3.0, "baths": 1.0, "sqft": 1344.0, "lot_sqft": 6970.0, "year_built": 1954.0, "ptype_cat": "single", "days_on_market": 46.0, "n_cuts": 0.0, "cum_cut_pct": 0.0, "days_to_pending": null, "ph_exposure": 0.06, "ph_dist_m": 1549.11, "d_fwy": 798.55, "d_art": 26.68, "school_pi": 98.3, "crime_rate": 2.9, "income": 101750.0, "model_mae_pct": 6.2, "segment": "ppsf:190-300,price:250000-600000", "asof": "2026-09-20 20:52"}, "geometry": {"type": "Point", "coordinates": [-81.90181, 41.481405]}}, {"type": "Feature", "properties": {"address": "6724 Benedict Dr", "city": "Middleburg Heights", "zip": 44130.0, "url": "https://www.realtor.com/realestateandhomes-detail/6724-Benedict-Dr-Unit-SL2_Middleburg-Heights_OH_44130_M98915-37014", "price": 419900.0, "pred_price": 502922.36, "excess_pct": -16.1, "rel_discount": -15.0, "local_mae_pct": 5.79, "pctile": 1.9, "beds": 3.0, "baths": 3.0, "sqft": 2156.0, "lot_sqft": 10890.0, "year_built": 2026.0, "ptype_cat": "single", "days_on_market": 352.0, "n_cuts": 0.0, "cum_cut_pct": 0.0, "days_to_pending": null, "ph_exposure": 0.0, "ph_dist_m": 3460.87, "d_fwy": 36.86, "d_art": 1469.94, "school_pi": 77.9, "crime_rate": 1.6, "income": 69429.0, "model_mae_pct": 6.2, "segment": "ppsf:190-300,price:250000-600000", "asof": "2026-09-20 20:52"}, "geometry": {"type": "Point", "coordinates": [-81.817078, 41.385019]}}, {"type": "Feature", "properties": {"address": "2919 Huntington Rd", "city": "Shaker Heights", "zip": 44120.0, "url": "https://www.realtor.com/realestateandhomes-detail/2919-Huntington-Rd_Shaker-Heights_OH_44120_M39307-60147", "price": 535000.0, "pred_price": 504645.61, "excess_pct": 6.4, "rel_discount": 0.2, "local_mae_pct": 7.39, "pctile": 74.8, "beds": 5.0, "baths": 2.5, "sqft": 2342.0, "lot_sqft": 8999.0, "year_built": 1920.0, "ptype_cat": "single", "days_on_market": 10.0, "n_cuts": 0.0, "cum_cut_pct": 0.0, "days_to_pending": null, "ph_exposure": 0.21, "ph_dist_m": 1354.61, "d_fwy": 5656.73, "d_art": 357.8, "school_pi": 78.9, "crime_rate": 5.02, "income": 66953.0, "model_mae_pct": 6.2, "segment": "ppsf:190-300,price:250000-600000", "asof": "2026-09-20 20:52"}, "geometry": {"type": "Point", "coordinates": [-81.579155, 41.479349]}}, {"type": "Feature", "properties": {"address": "26946 Southwood Ln", "city": "Olmsted Township", "zip": 44138.0, "url": "https://www.realtor.com/realestateandhomes-detail/26946-Southwood-Ln_Olmsted-Twp_OH_44138_M46965-92415", "price": 298000.0, "pred_price": 317855.98, "excess_pct": -5.8, "rel_discount": -1.0, "local_mae_pct": 6.5, "pctile": 23.7, "beds": 3.0, "baths": 1.0, "sqft": 1440.0, "lot_sqft": 15002.0, "year_built": 1975.0, "ptype_cat": "single", "days_on_market": 39.0, "n_cuts": 1.0, "cum_cut_pct": 4.93, "days_to_pending": null, "ph_exposure": 0.0, "ph_dist_m": 6419.12, "d_fwy": 1009.94, "d_art": 1451.52, "school_pi": 85.3, "crime_rate": null, "income": 106563.0, "model_mae_pct": 6.2, "segment": "ppsf:190-300,price:250000-600000", "asof": "2026-09-20 20:52"}, "geometry": {"type": "Point", "coordinates": [-81.928042, 41.390471]}}, {"type": "Feature", "properties": {"address": "5048 Akron Cleveland Rd", "city": "Peninsula", "zip": 44264.0, "url": "https://www.realtor.com/realestateandhomes-detail/5048-Akron-Cleveland-Rd_Peninsula_OH_44264_M94156-00986", "price": 379900.0, "pred_price": 357592.47, "excess_pct": 6.6, "rel_discount": 4.5, "local_mae_pct": 5.15, "pctile": 75.4, "beds": 3.0, "baths": 2.0, "sqft": 1634.0, "lot_sqft": 48352.0, "year_built": 1999.0, "ptype_cat": "single", "days_on_market": 66.0, "n_cuts": 0.0, "cum_cut_pct": 0.0, "days_to_pending": null, "ph_exposure": 0.01, "ph_dist_m": 2111.35, "d_fwy": 869.62, "d_art": 4664.64, "school_pi": 77.0, "crime_rate": null, "income": 38409.0, "model_mae_pct": 6.2, "segment": "ppsf:190-300,price:250000-600000", "asof": "2026-09-20 20:52"}, "geometry": {"type": "Point", "coordinates": [-81.496066, 41.206847]}}, {"type": "Feature", "properties": {"address": "1089 Center Rd", "city": "Clinton", "zip": 44216.0, "url": "https://www.realtor.com/realestateandhomes-detail/1089-Center-Rd_New-Franklin_OH_44216_M30999-97888", "price": 575000.0, "pred_price": 592986.17, "excess_pct": -2.6, "rel_discount": -5.5, "local_mae_pct": 5.15, "pctile": 35.6, "beds": 3.0, "baths": 2.5, "sqft": 2990.0, "lot_sqft": 233917.0, "year_built": 2009.0, "ptype_cat": "single", "days_on_market": 37.0, "n_cuts": 1.0, "cum_cut_pct": -4.17, "days_to_pending": null, "ph_exposure": 0.0, "ph_dist_m": 4985.27, "d_fwy": 7566.03, "d_art": 501.49, "school_pi": 88.6, "crime_rate": 7.0, "income": 110227.0, "model_mae_pct": 6.2, "segment": "ppsf:190-300,price:250000-600000", "asof": "2026-09-20 20:52"}, "geometry": {"type": "Point", "coordinates": [-81.573043, 40.953949]}}, {"type": "Feature", "properties": {"address": "1413 Ashford Glen Ln", "city": "Sagamore Hills", "zip": 44067.0, "url": "https://www.realtor.com/realestateandhomes-detail/1413-Ashford-Glen-Ln_Sagamore-Hills_OH_44067_M44178-15653", "price": 560000.0, "pred_price": 549463.43, "excess_pct": 2.3, "rel_discount": -0.6, "local_mae_pct": 5.15, "pctile": 59.5, "beds": 4.0, "baths": 2.5, "sqft": 2918.0, "lot_sqft": 12863.0, "year_built": 2001.0, "ptype_cat": "single", "days_on_market": 31.0, "n_cuts": 2.0, "cum_cut_pct": -5.08, "days_to_pending": null, "ph_exposure": 0.0, "ph_dist_m": 6278.48, "d_fwy": 4813.0, "d_art": 2374.14, "school_pi": 90.0, "crime_rate": null, "income": 167899.0, "model_mae_pct": 6.2, "segment": "ppsf:190-300,price:250000-600000", "asof": "2026-09-20 20:52"}, "geometry": {"type": "Point", "coordinates": [-81.573932, 41.33682]}}, {"type": "Feature", "properties": {"address": "2775 Horseshoe Blvd", "city": "Westlake", "zip": 44145.0, "url": "https://www.realtor.com/realestateandhomes-detail/2775-Horseshoe-Blvd_Westlake_OH_44145_M33758-81636", "price": 499900.0, "pred_price": 467875.33, "excess_pct": 7.2, "rel_discount": 1.0, "local_mae_pct": 6.5, "pctile": 77.6, "beds": 4.0, "baths": 2.5, "sqft": 2096.0, "lot_sqft": 15856.0, "year_built": 1956.0, "ptype_cat": "single", "days_on_market": 71.0, "n_cuts": 0.0, "cum_cut_pct": 0.0, "days_to_pending": null, "ph_exposure": 0.05, "ph_dist_m": 1427.57, "d_fwy": 1894.88, "d_art": 1950.34, "school_pi": 91.7, "crime_rate": 6.02, "income": 125833.0, "model_mae_pct": 6.2, "segment": "ppsf:190-300,price:250000-600000", "asof": "2026-09-20 20:52"}, "geometry": {"type": "Point", "coordinates": [-81.878808, 41.457397]}}, {"type": "Feature", "properties": {"address": "11678 Dunham Rd", "city": "Sagamore Hills", "zip": 44067.0, "url": "https://www.realtor.com/realestateandhomes-detail/11678-Dunham-Rd_Sagamore-Hills_OH_44067_M32696-05251", "price": 579000.0, "pred_price": 574746.85, "excess_pct": 1.1, "rel_discount": -1.8, "local_mae_pct": 5.15, "pctile": 55.7, "beds": 5.0, "baths": 3.5, "sqft": 2966.0, "lot_sqft": 43124.0, "year_built": 2000.0, "ptype_cat": "single", "days_on_market": 102.0, "n_cuts": 0.0, "cum_cut_pct": 0.0, "days_to_pending": null, "ph_exposure": 0.0, "ph_dist_m": 5282.08, "d_fwy": 4022.12, "d_art": 1900.38, "school_pi": 90.0, "crime_rate": null, "income": 167899.0, "model_mae_pct": 6.2, "segment": "ppsf:190-300,price:250000-600000", "asof": "2026-09-20 20:52"}, "geometry": {"type": "Point", "coordinates": [-81.563333, 41.341046]}}, {"type": "Feature", "properties": {"address": "1411 Twinsburg Rd", "city": "Macedonia", "zip": 44056.0, "url": "https://www.realtor.com/realestateandhomes-detail/1411-Twinsburg-Rd-E_Macedonia_OH_44056_M91397-78504", "price": 435000.0, "pred_price": 378031.48, "excess_pct": 15.5, "rel_discount": 13.0, "local_mae_pct": 7.38, "pctile": 90.0, "beds": 3.0, "baths": 2.0, "sqft": 1723.0, "lot_sqft": 287932.0, "year_built": 1900.0, "ptype_cat": "single", "days_on_market": 2.0, "n_cuts": 0.0, "cum_cut_pct": 0.0, "days_to_pending": null, "ph_exposure": 0.0, "ph_dist_m": 2872.71, "d_fwy": 3127.65, "d_art": 2070.56, "school_pi": 88.3, "crime_rate": null, "income": 112685.0, "model_mae_pct": 6.2, "segment": "ppsf:190-300,price:250000-600000", "asof": "2026-09-20 20:52"}, "geometry": {"type": "Point", "coordinates": [-81.465179, 41.283372]}}, {"type": "Feature", "properties": {"address": "5860 Pearl Rd", "city": "Parma", "zip": 44130.0, "url": "https://www.realtor.com/realestateandhomes-detail/5860-Pearl-Rd_Parma_OH_44130_M45389-10582", "price": 279000.0, "pred_price": 271290.61, "excess_pct": 3.2, "rel_discount": 8.0, "local_mae_pct": 6.48, "pctile": 62.3, "beds": 4.0, "baths": 2.0, "sqft": 1354.0, "lot_sqft": 5650.0, "year_built": 1953.0, "ptype_cat": "single", "days_on_market": 18.0, "n_cuts": 0.0, "cum_cut_pct": 0.0, "days_to_pending": null, "ph_exposure": 0.0, "ph_dist_m": 3009.27, "d_fwy": 2153.41, "d_art": 31.91, "school_pi": 76.2, "crime_rate": 4.11, "income": 58586.0, "model_mae_pct": 6.2, "segment": "ppsf:190-300,price:250000-600000", "asof": "2026-09-20 20:52"}, "geometry": {"type": "Point", "coordinates": [-81.746553, 41.403443]}}, {"type": "Feature", "properties": {"address": "12579 Woodberry Ln", "city": "Strongsville", "zip": 44149.0, "url": "https://www.realtor.com/realestateandhomes-detail/12579-Woodberry-Ln_Strongsville_OH_44149_M39108-67654", "price": 399900.0, "pred_price": 443803.18, "excess_pct": -9.5, "rel_discount": -8.5, "local_mae_pct": 5.15, "pctile": 10.9, "beds": 2.0, "baths": 2.5, "sqft": 2050.0, "lot_sqft": 7841.0, "year_built": 1996.0, "ptype_cat": "single", "days_on_market": 125.0, "n_cuts": 0.0, "cum_cut_pct": 0.0, "days_to_pending": null, "ph_exposure": 0.0, "ph_dist_m": 5853.31, "d_fwy": 3049.72, "d_art": 2835.36, "school_pi": 90.5, "crime_rate": 11.23, "income": 197989.0, "model_mae_pct": 6.2, "segment": "ppsf:190-300,price:250000-600000", "asof": "2026-09-20 20:52"}, "geometry": {"type": "Point", "coordinates": [-81.87038, 41.32116]}}, {"type": "Feature", "properties": {"address": "8124 Forest Ct", "city": "North Royalton", "zip": 44133.0, "url": "https://www.realtor.com/realestateandhomes-detail/8124-Forest-Ct_North-Royalton_OH_44133_M31577-74743", "price": 524900.0, "pred_price": 530827.94, "excess_pct": -0.7, "rel_discount": -6.8, "local_mae_pct": 6.51, "pctile": 46.4, "beds": 4.0, "baths": 2.5, "sqft": 2540.0, "lot_sqft": 24202.0, "year_built": 1968.0, "ptype_cat": "single", "days_on_market": 61.0, "n_cuts": 0.0, "cum_cut_pct": 0.0, "days_to_pending": null, "ph_exposure": 0.0, "ph_dist_m": 3565.71, "d_fwy": 5017.56, "d_art": 1600.08, "school_pi": 90.2, "crime_rate": 5.33, "income": 114167.0, "model_mae_pct": 6.2, "segment": "ppsf:190-300,price:250000-600000", "asof": "2026-09-20 20:52"}, "geometry": {"type": "Point", "coordinates": [-81.716804, 41.348432]}}, {"type": "Feature", "properties": {"address": "1596 Cordova Ave", "city": "Lakewood", "zip": 44107.0, "url": "https://www.realtor.com/realestateandhomes-detail/1596-Cordova-Ave_Lakewood_OH_44107_M32128-89849", "price": 325000.0, "pred_price": 387731.8, "excess_pct": -15.8, "rel_discount": -16.4, "local_mae_pct": 7.39, "pctile": 2.0, "beds": 3.0, "baths": 1.5, "sqft": 1649.0, "lot_sqft": 4400.0, "year_built": 1915.0, "ptype_cat": "single", "days_on_market": 3.0, "n_cuts": 0.0, "cum_cut_pct": 0.0, "days_to_pending": null, "ph_exposure": 0.06, "ph_dist_m": 1870.27, "d_fwy": 940.47, "d_art": 1277.68, "school_pi": 85.2, "crime_rate": 11.79, "income": 111071.0, "model_mae_pct": 6.2, "segment": "ppsf:190-300,price:250000-600000", "asof": "2026-09-20 20:52"}, "geometry": {"type": "Point", "coordinates": [-81.816101, 41.479881]}}, {"type": "Feature", "properties": {"address": "3527 Siam Ave", "city": "Cleveland", "zip": 44113.0, "url": "https://www.realtor.com/realestateandhomes-detail/3527-Siam-Ave_Cleveland_OH_44113_M97043-61716", "price": 535000.0, "pred_price": 536868.74, "excess_pct": 0.1, "rel_discount": -6.0, "local_mae_pct": 5.79, "pctile": 50.5, "beds": 3.0, "baths": 2.5, "sqft": 2256.0, "lot_sqft": 3049.0, "year_built": 2023.0, "ptype_cat": "single", "days_on_market": 7.0, "n_cuts": 0.0, "cum_cut_pct": 0.0, "days_to_pending": null, "ph_exposure": 0.94, "ph_dist_m": 35.09, "d_fwy": 331.86, "d_art": 1313.09, "school_pi": 54.3, "crime_rate": 205.81, "income": 75313.0, "model_mae_pct": 6.2, "segment": "ppsf:190-300,price:250000-600000", "asof": "2026-09-20 20:52"}, "geometry": {"type": "Point", "coordinates": [-81.70977, 41.47739]}}, {"type": "Feature", "properties": {"address": "1963 W 47th St", "city": "Cleveland", "zip": 44102.0, "url": "https://www.realtor.com/realestateandhomes-detail/1963-W-47th-St_Cleveland_OH_44102_M31665-53945", "price": 389900.0, "pred_price": 445866.22, "excess_pct": -12.2, "rel_discount": -11.2, "local_mae_pct": 7.38, "pctile": 5.8, "beds": 3.0, "baths": 2.5, "sqft": 1751.0, "lot_sqft": 3698.0, "year_built": 1910.0, "ptype_cat": "single", "days_on_market": 57.0, "n_cuts": 1.0, "cum_cut_pct": -2.51, "days_to_pending": null, "ph_exposure": 0.98, "ph_dist_m": 310.61, "d_fwy": 428.4, "d_art": 948.78, "school_pi": 54.3, "crime_rate": 397.44, "income": 75815.0, "model_mae_pct": 6.2, "segment": "ppsf:190-300,price:250000-600000", "asof": "2026-09-20 20:52"}, "geometry": {"type": "Point", "coordinates": [-81.718547, 41.479421]}}, {"type": "Feature", "properties": {"address": "2148 W 21st Pl", "city": "Cleveland", "zip": 44113.0, "url": "https://www.realtor.com/realestateandhomes-detail/2148-W-21st-St_Cleveland_OH_44113_M34219-37449", "price": 475000.0, "pred_price": 417957.69, "excess_pct": 14.0, "rel_discount": 13.8, "local_mae_pct": 7.38, "pctile": 87.9, "beds": 3.0, "baths": 2.5, "sqft": 1600.0, "lot_sqft": 2483.0, "year_built": 1880.0, "ptype_cat": "single", "days_on_market": 94.0, "n_cuts": 1.0, "cum_cut_pct": -4.81, "days_to_pending": null, "ph_exposure": 1.67, "ph_dist_m": 579.87, "d_fwy": 479.63, "d_art": 1061.06, "school_pi": 54.3, "crime_rate": 293.59, "income": 124600.0, "model_mae_pct": 6.2, "segment": "ppsf:190-300,price:250000-600000", "asof": "2026-09-20 20:52"}, "geometry": {"type": "Point", "coordinates": [-81.699541, 41.483803]}}, {"type": "Feature", "properties": {"address": "12101 Wade Park Ave", "city": "Cleveland", "zip": 44106.0, "url": "https://www.realtor.com/realestateandhomes-detail/12101-Wade-Park-Ave_Cleveland_OH_44106_M48942-49751", "price": 325000.0, "pred_price": 344023.34, "excess_pct": -5.1, "rel_discount": -5.8, "local_mae_pct": 5.79, "pctile": 26.0, "beds": 3.0, "baths": 2.5, "sqft": 1483.0, "lot_sqft": 2701.0, "year_built": 2020.0, "ptype_cat": "single", "days_on_market": 39.0, "n_cuts": 0.0, "cum_cut_pct": 0.0, "days_to_pending": null, "ph_exposure": 1.42, "ph_dist_m": 626.55, "d_fwy": 3381.51, "d_art": 276.21, "school_pi": 54.3, "crime_rate": 30.61, "income": 57602.0, "model_mae_pct": 6.2, "segment": "ppsf:190-300,price:250000-600000", "asof": "2026-09-20 20:52"}, "geometry": {"type": "Point", "coordinates": [-81.600578, 41.516439]}}, {"type": "Feature", "properties": {"address": "26341 Grandview Dr", "city": "Olmsted Township", "zip": 44138.0, "url": "https://www.realtor.com/realestateandhomes-detail/26341-Grandview-Dr_Olmsted-Twp_OH_44138_M90589-44985", "price": 545000.0, "pred_price": 552252.94, "excess_pct": -0.9, "rel_discount": -7.0, "local_mae_pct": 5.79, "pctile": 44.8, "beds": 3.0, "baths": 2.5, "sqft": 2514.0, "lot_sqft": 7214.0, "year_built": 2025.0, "ptype_cat": "single", "days_on_market": 53.0, "n_cuts": 0.0, "cum_cut_pct": 0.0, "days_to_pending": null, "ph_exposure": 0.0, "ph_dist_m": 5602.25, "d_fwy": 1260.87, "d_art": 1068.71, "school_pi": 85.3, "crime_rate": null, "income": 97148.0, "model_mae_pct": 6.2, "segment": "ppsf:190-300,price:250000-600000", "asof": "2026-09-20 20:52"}, "geometry": {"type": "Point", "coordinates": [-81.916177, 41.393232]}}, {"type": "Feature", "properties": {"address": "11216 Blodgett Creek Trl", "city": "Strongsville", "zip": 44149.0, "url": "https://www.realtor.com/realestateandhomes-detail/11216-Blodgett-Creek-Trl_Strongsville_OH_44149_M48252-66640", "price": 339000.0, "pred_price": 342179.51, "excess_pct": -0.5, "rel_discount": -1.2, "local_mae_pct": 5.15, "pctile": 47.8, "beds": 3.0, "baths": 2.0, "sqft": 1645.0, "lot_sqft": 5184.0, "year_built": 1989.0, "ptype_cat": "single", "days_on_market": 90.0, "n_cuts": 0.0, "cum_cut_pct": 0.0, "days_to_pending": null, "ph_exposure": 0.0, "ph_dist_m": 4766.79, "d_fwy": 1430.93, "d_art": 974.88, "school_pi": 90.5, "crime_rate": 11.23, "income": 84583.0, "model_mae_pct": 6.2, "segment": "ppsf:190-300,price:250000-600000", "asof": "2026-09-20 20:52"}, "geometry": {"type": "Point", "coordinates": [-81.848563, 41.329941]}}, {"type": "Feature", "properties": {"address": "11861 Summers Rd", "city": "Chesterland", "zip": 44026.0, "url": "https://www.realtor.com/realestateandhomes-detail/11861-Summers-Rd_Chesterland_OH_44026_M30792-04808", "price": 415000.0, "pred_price": 466086.04, "excess_pct": -10.6, "rel_discount": null, "local_mae_pct": 6.5, "pctile": 8.8, "beds": 3.0, "baths": 2.0, "sqft": 2000.0, "lot_sqft": 79279.0, "year_built": 1959.0, "ptype_cat": "single", "days_on_market": 18.0, "n_cuts": 1.0, "cum_cut_pct": -2.35, "days_to_pending": null, "ph_exposure": 0.0, "ph_dist_m": 7219.27, "d_fwy": 7765.0, "d_art": 1328.27, "school_pi": 98.8, "crime_rate": null, "income": 126887.0, "model_mae_pct": 6.2, "segment": "ppsf:190-300,price:250000-600000", "asof": "2026-09-20 20:52"}, "geometry": {"type": "Point", "coordinates": [-81.355041, 41.547965]}}, {"type": "Feature", "properties": {"address": "16261 Burrows Rd", "city": "Thompson", "zip": 44086.0, "url": "https://www.realtor.com/realestateandhomes-detail/16261-Burrows-Rd_Thompson_OH_44086_M45014-11689", "price": 265000.0, "pred_price": 301018.08, "excess_pct": -11.6, "rel_discount": null, "local_mae_pct": 5.15, "pctile": 6.4, "beds": 3.0, "baths": 2.0, "sqft": 1380.0, "lot_sqft": 65340.0, "year_built": 1993.0, "ptype_cat": "single", "days_on_market": 6.0, "n_cuts": 0.0, "cum_cut_pct": 0.0, "days_to_pending": null, "ph_exposure": 0.0, "ph_dist_m": 14120.88, "d_fwy": 10414.51, "d_art": 13018.6, "school_pi": 79.4, "crime_rate": null, "income": 88304.0, "model_mae_pct": 6.2, "segment": "ppsf:190-300,price:250000-600000", "asof": "2026-09-20 20:52"}, "geometry": {"type": "Point", "coordinates": [-81.062561, 41.641194]}}, {"type": "Feature", "properties": {"address": "Meadowbrook Rd", "city": "Garfield Heights", "zip": 44125.0, "url": "https://www.realtor.com/realestateandhomes-detail/Meadowbrook-Rd_Garfield-Heights_OH_44125_M44511-97926", "price": 335000.0, "pred_price": 307406.9, "excess_pct": 9.4, "rel_discount": 8.8, "local_mae_pct": 5.79, "pctile": 81.6, "beds": 3.0, "baths": 2.0, "sqft": 1367.0, "lot_sqft": 11021.0, "year_built": 2026.0, "ptype_cat": "single", "days_on_market": 534.0, "n_cuts": 0.0, "cum_cut_pct": 0.0, "days_to_pending": null, "ph_exposure": 0.01, "ph_dist_m": 1929.45, "d_fwy": 2105.17, "d_art": 560.23, "school_pi": 55.2, "crime_rate": 28.44, "income": 79580.0, "model_mae_pct": 6.2, "segment": "ppsf:190-300,price:250000-600000", "asof": "2026-09-20 20:52"}, "geometry": {"type": "Point", "coordinates": [-81.591239, 41.396291]}}, {"type": "Feature", "properties": {"address": "355 Calistoga Ct", "city": "Broadview Heights", "zip": 44147.0, "url": "https://www.realtor.com/realestateandhomes-detail/355-Calistoga-Ct_Broadview-Heights_OH_44147_M92634-76753", "price": 497879.0, "pred_price": 446119.33, "excess_pct": 12.0, "rel_discount": 5.8, "local_mae_pct": 6.17, "pctile": 85.5, "beds": 3.0, "baths": 2.5, "sqft": 1719.0, "lot_sqft": null, "year_built": null, "ptype_cat": "single", "days_on_market": 17.0, "n_cuts": 0.0, "cum_cut_pct": 0.0, "days_to_pending": null, "ph_exposure": 0.0, "ph_dist_m": 6348.5, "d_fwy": 1572.26, "d_art": 4059.06, "school_pi": 90.2, "crime_rate": 0.61, "income": 103667.0, "model_mae_pct": 6.2, "segment": "ppsf:190-300,price:250000-600000", "asof": "2026-09-20 20:52"}, "geometry": {"type": "Point", "coordinates": [-81.681561, 41.27731]}}, {"type": "Feature", "properties": {"address": "18660 Thorpe Rd", "city": "Chagrin Falls", "zip": 44023.0, "url": "https://www.realtor.com/realestateandhomes-detail/18660-Thorpe-Rd_Chagrin-Falls_OH_44023_M44079-25991", "price": 475000.0, "pred_price": 445717.41, "excess_pct": 7.0, "rel_discount": null, "local_mae_pct": 5.15, "pctile": 76.9, "beds": 3.0, "baths": 2.0, "sqft": 1776.0, "lot_sqft": 240451.0, "year_built": 1990.0, "ptype_cat": "single", "days_on_market": 42.0, "n_cuts": 0.0, "cum_cut_pct": 0.0, "days_to_pending": null, "ph_exposure": 0.0, "ph_dist_m": 11605.26, "d_fwy": 2201.21, "d_art": 4433.4, "school_pi": 94.5, "crime_rate": null, "income": 174531.0, "model_mae_pct": 6.2, "segment": "ppsf:190-300,price:250000-600000", "asof": "2026-09-20 20:52"}, "geometry": {"type": "Point", "coordinates": [-81.261807, 41.361882]}}, {"type": "Feature", "properties": {"address": "7885 Fox Hunter Ln", "city": "Concord Township", "zip": 44077.0, "url": "https://www.realtor.com/realestateandhomes-detail/7885-Fox-Hunter-Ln_Concord-Twp_OH_44077_M95312-63161", "price": 489900.0, "pred_price": 543626.92, "excess_pct": -9.5, "rel_discount": null, "local_mae_pct": 5.79, "pctile": 10.9, "beds": 3.0, "baths": 2.5, "sqft": 2121.0, "lot_sqft": 8712.0, "year_built": 2025.0, "ptype_cat": "single", "days_on_market": 33.0, "n_cuts": 0.0, "cum_cut_pct": 0.0, "days_to_pending": null, "ph_exposure": 0.0, "ph_dist_m": 6395.23, "d_fwy": 1686.74, "d_art": 281.62, "school_pi": 82.2, "crime_rate": null, "income": 136420.0, "model_mae_pct": 6.2, "segment": "ppsf:190-300,price:250000-600000", "asof": "2026-09-20 20:52"}, "geometry": {"type": "Point", "coordinates": [-81.236923, 41.655186]}}, {"type": "Feature", "properties": {"address": "7394 Kniffen Rd", "city": "Leroy", "zip": 44077.0, "url": "https://www.realtor.com/realestateandhomes-detail/7394-Kniffen-Rd_Painesville_OH_44077_M48027-41350", "price": 464000.0, "pred_price": 509357.41, "excess_pct": -8.5, "rel_discount": null, "local_mae_pct": 5.15, "pctile": 14.4, "beds": 4.0, "baths": 4.0, "sqft": 2271.0, "lot_sqft": 443441.0, "year_built": 1997.0, "ptype_cat": "single", "days_on_market": 94.0, "n_cuts": 2.0, "cum_cut_pct": -2.32, "days_to_pending": null, "ph_exposure": 0.0, "ph_dist_m": 10012.47, "d_fwy": 5391.15, "d_art": 8899.7, "school_pi": 82.2, "crime_rate": null, "income": 109946.0, "model_mae_pct": 6.2, "segment": "ppsf:190-300,price:250000-600000", "asof": "2026-09-20 20:52"}, "geometry": {"type": "Point", "coordinates": [-81.134398, 41.670286]}}, {"type": "Feature", "properties": {"address": "10142 Hillcrest Rd", "city": "Kirtland", "zip": 44094.0, "url": "https://www.realtor.com/realestateandhomes-detail/10142-Hillcrest-Rd_Kirtland_OH_44094_M31464-33791", "price": 439900.0, "pred_price": 483482.4, "excess_pct": -8.6, "rel_discount": null, "local_mae_pct": 5.15, "pctile": 13.9, "beds": 5.0, "baths": 2.0, "sqft": 2133.0, "lot_sqft": 54450.0, "year_built": 2001.0, "ptype_cat": "single", "days_on_market": 9.0, "n_cuts": 1.0, "cum_cut_pct": -3.32, "days_to_pending": null, "ph_exposure": 0.0, "ph_dist_m": 7872.56, "d_fwy": 5570.58, "d_art": 1125.72, "school_pi": 94.0, "crime_rate": 1.88, "income": 131012.0, "model_mae_pct": 6.2, "segment": "ppsf:190-300,price:250000-600000", "asof": "2026-09-20 20:52"}, "geometry": {"type": "Point", "coordinates": [-81.334959, 41.595277]}}, {"type": "Feature", "properties": {"address": "12793 Old State Rd", "city": "Huntsburg", "zip": 44046.0, "url": "https://www.realtor.com/realestateandhomes-detail/12793-Old-State-Rd_Huntsburg_OH_44046_M31862-32595", "price": 349900.0, "pred_price": 352168.12, "excess_pct": -0.2, "rel_discount": null, "local_mae_pct": 7.39, "pctile": 49.6, "beds": 2.0, "baths": 2.0, "sqft": 1676.0, "lot_sqft": 217800.0, "year_built": 1830.0, "ptype_cat": "single", "days_on_market": 16.0, "n_cuts": 0.0, "cum_cut_pct": 0.0, "days_to_pending": null, "ph_exposure": 0.0, "ph_dist_m": 7887.5, "d_fwy": 16609.36, "d_art": 7062.58, "school_pi": 79.4, "crime_rate": null, "income": 95781.0, "model_mae_pct": 6.2, "segment": "ppsf:190-300,price:250000-600000", "asof": "2026-09-20 20:52"}, "geometry": {"type": "Point", "coordinates": [-81.109019, 41.521844]}}, {"type": "Feature", "properties": {"address": "12099 Bradford Dr", "city": "Chardon", "zip": 44024.0, "url": "https://www.realtor.com/realestateandhomes-detail/12099-Bradford-Dr_Chardon_OH_44024_M36217-59665", "price": 529000.0, "pred_price": 516754.93, "excess_pct": 2.8, "rel_discount": null, "local_mae_pct": 6.51, "pctile": 61.2, "beds": 4.0, "baths": 2.0, "sqft": 2580.0, "lot_sqft": 124582.0, "year_built": 1964.0, "ptype_cat": "single", "days_on_market": 33.0, "n_cuts": 0.0, "cum_cut_pct": 0.0, "days_to_pending": null, "ph_exposure": 0.0, "ph_dist_m": 5513.53, "d_fwy": 14159.78, "d_art": 954.17, "school_pi": 92.8, "crime_rate": null, "income": 196069.0, "model_mae_pct": 6.2, "segment": "ppsf:190-300,price:250000-600000", "asof": "2026-09-20 20:52"}, "geometry": {"type": "Point", "coordinates": [-81.205073, 41.511842]}}, {"type": "Feature", "properties": {"address": "5535 Reef Rd", "city": "Mentor On The Lake", "zip": 44060.0, "url": "https://www.realtor.com/realestateandhomes-detail/5535-Reef-Rd_Mentor-on-the-Lake_OH_44060_M30056-43060", "price": 324900.0, "pred_price": 314346.94, "excess_pct": 3.8, "rel_discount": 11.6, "local_mae_pct": 6.5, "pctile": 64.5, "beds": 3.0, "baths": 1.5, "sqft": 1520.0, "lot_sqft": 9583.0, "year_built": 1969.0, "ptype_cat": "single", "days_on_market": 20.0, "n_cuts": 1.0, "cum_cut_pct": -1.52, "days_to_pending": null, "ph_exposure": 0.16, "ph_dist_m": 775.15, "d_fwy": 3665.61, "d_art": 3847.43, "school_pi": 85.5, "crime_rate": 8.59, "income": 65773.0, "model_mae_pct": 6.2, "segment": "ppsf:190-300,price:250000-600000", "asof": "2026-09-20 20:52"}, "geometry": {"type": "Point", "coordinates": [-81.354113, 41.720071]}}, {"type": "Feature", "properties": {"address": "7310 Pinehill Rd", "city": "Concord Township", "zip": 44077.0, "url": "https://www.realtor.com/realestateandhomes-detail/7310-Pinehill-Rd_Concord-Twp_OH_44077_M49794-93715", "price": 550000.0, "pred_price": 506393.38, "excess_pct": 9.0, "rel_discount": null, "local_mae_pct": 5.15, "pctile": 80.6, "beds": 4.0, "baths": 2.5, "sqft": 2396.0, "lot_sqft": 57064.0, "year_built": 1986.0, "ptype_cat": "single", "days_on_market": 23.0, "n_cuts": 0.0, "cum_cut_pct": 0.0, "days_to_pending": null, "ph_exposure": 0.0, "ph_dist_m": 4582.54, "d_fwy": 227.56, "d_art": 337.05, "school_pi": 82.2, "crime_rate": null, "income": 137738.0, "model_mae_pct": 6.2, "segment": "ppsf:190-300,price:250000-600000", "asof": "2026-09-20 20:52"}, "geometry": {"type": "Point", "coordinates": [-81.25176, 41.672311]}}, {"type": "Feature", "properties": {"address": "9905 Knollwood Ridge Rd", "city": "Concord Township", "zip": 44060.0, "url": "https://www.realtor.com/realestateandhomes-detail/9905-Knollwood-Ridge-Dr_Concord-Township_OH_44060_M31243-09193", "price": 369900.0, "pred_price": 397440.35, "excess_pct": -6.5, "rel_discount": null, "local_mae_pct": 6.5, "pctile": 21.1, "beds": 3.0, "baths": 1.5, "sqft": 1740.0, "lot_sqft": 71003.0, "year_built": 1961.0, "ptype_cat": "single", "days_on_market": 11.0, "n_cuts": 1.0, "cum_cut_pct": -2.63, "days_to_pending": null, "ph_exposure": 0.0, "ph_dist_m": 5032.34, "d_fwy": 2478.84, "d_art": 753.6, "school_pi": 82.2, "crime_rate": null, "income": 121462.0, "model_mae_pct": 6.2, "segment": "ppsf:190-300,price:250000-600000", "asof": "2026-09-20 20:52"}, "geometry": {"type": "Point", "coordinates": [-81.284826, 41.681838]}}, {"type": "Feature", "properties": {"address": "1606 E 337th St", "city": "Eastlake", "zip": 44095.0, "url": "https://www.realtor.com/realestateandhomes-detail/1606-E-337th-St_Eastlake_OH_44095_M39717-93099", "price": 350000.0, "pred_price": 354643.48, "excess_pct": -0.9, "rel_discount": 6.9, "local_mae_pct": 6.17, "pctile": 44.8, "beds": 4.0, "baths": 2.5, "sqft": 1612.0, "lot_sqft": 7405.0, "year_built": null, "ptype_cat": "single", "days_on_market": 82.0, "n_cuts": 0.0, "cum_cut_pct": 7.69, "days_to_pending": null, "ph_exposure": 0.0, "ph_dist_m": 2867.26, "d_fwy": 595.81, "d_art": 907.34, "school_pi": 76.0, "crime_rate": 21.25, "income": 43786.0, "model_mae_pct": 6.2, "segment": "ppsf:190-300,price:250000-600000", "asof": "2026-09-20 20:52"}, "geometry": {"type": "Point", "coordinates": [-81.448543, 41.636949]}}, {"type": "Feature", "properties": {"address": "V/L 10 Norton Dr", "city": "Madison", "zip": 44057.0, "url": "https://www.realtor.com/realestateandhomes-detail/Norton-Dr_Madison_OH_44057_M38571-96290", "price": 325000.0, "pred_price": 377829.65, "excess_pct": -13.6, "rel_discount": -5.8, "local_mae_pct": 6.17, "pctile": 4.0, "beds": 4.0, "baths": 2.5, "sqft": 1608.0, "lot_sqft": 23087.0, "year_built": null, "ptype_cat": "single", "days_on_market": 350.0, "n_cuts": 0.0, "cum_cut_pct": 0.0, "days_to_pending": null, "ph_exposure": 0.0, "ph_dist_m": 22769.55, "d_fwy": 9054.32, "d_art": 5139.16, "school_pi": 76.7, "crime_rate": null, "income": 52143.0, "model_mae_pct": 6.2, "segment": "ppsf:190-300,price:250000-600000", "asof": "2026-09-20 20:52"}, "geometry": {"type": "Point", "coordinates": [-81.013603, 41.845022]}}, {"type": "Feature", "properties": {"address": "V/L 11 Norton Dr", "city": "Madison", "zip": 44057.0, "url": "https://www.realtor.com/realestateandhomes-detail/Norton-Dr_Madison_OH_44057_M42050-50935", "price": 325000.0, "pred_price": 367107.78, "excess_pct": -11.1, "rel_discount": -3.3, "local_mae_pct": 6.17, "pctile": 7.5, "beds": 4.0, "baths": 1.5, "sqft": 1608.0, "lot_sqft": 20909.0, "year_built": null, "ptype_cat": "single", "days_on_market": 350.0, "n_cuts": 0.0, "cum_cut_pct": 0.0, "days_to_pending": null, "ph_exposure": 0.0, "ph_dist_m": 22828.85, "d_fwy": 9034.15, "d_art": 5118.1, "school_pi": 76.7, "crime_rate": null, "income": 52143.0, "model_mae_pct": 6.2, "segment": "ppsf:190-300,price:250000-600000", "asof": "2026-09-20 20:52"}, "geometry": {"type": "Point", "coordinates": [-81.012685, 41.844905]}}, {"type": "Feature", "properties": {"address": "V/L 20 Norton Dr", "city": "Madison", "zip": 44057.0, "url": "https://www.realtor.com/realestateandhomes-detail/Norton-Dr_Madison_OH_44057_M34066-61011", "price": 325000.0, "pred_price": 374221.78, "excess_pct": -12.8, "rel_discount": -5.0, "local_mae_pct": 6.17, "pctile": 5.1, "beds": 4.0, "baths": 2.5, "sqft": 1608.0, "lot_sqft": 17563.0, "year_built": null, "ptype_cat": "single", "days_on_market": 350.0, "n_cuts": 0.0, "cum_cut_pct": 0.0, "days_to_pending": null, "ph_exposure": 0.0, "ph_dist_m": 22809.71, "d_fwy": 9032.93, "d_art": 5117.18, "school_pi": 76.7, "crime_rate": null, "income": 52143.0, "model_mae_pct": 6.2, "segment": "ppsf:190-300,price:250000-600000", "asof": "2026-09-20 20:52"}, "geometry": {"type": "Point", "coordinates": [-81.01293, 41.844877]}}, {"type": "Feature", "properties": {"address": "15340 Cowley Rd", "city": "Grafton", "zip": 44028.0, "url": "https://www.realtor.com/realestateandhomes-detail/15340-Cowley-Rd_Columbia-Station_OH_44028_M44143-90335", "price": 475000.0, "pred_price": 464859.78, "excess_pct": 2.6, "rel_discount": -1.5, "local_mae_pct": 5.16, "pctile": 60.4, "beds": 4.0, "baths": 3.0, "sqft": 2139.0, "lot_sqft": 102366.0, "year_built": 2004.0, "ptype_cat": "single", "days_on_market": 37.0, "n_cuts": 1.0, "cum_cut_pct": -4.81, "days_to_pending": null, "ph_exposure": 0.0, "ph_dist_m": 12095.71, "d_fwy": 10198.95, "d_art": 7779.9, "school_pi": 81.8, "crime_rate": null, "income": 82679.0, "model_mae_pct": 6.2, "segment": "ppsf:190-300,price:250000-600000", "asof": "2026-09-20 20:52"}, "geometry": {"type": "Point", "coordinates": [-81.98338, 41.262879]}}, {"type": "Feature", "properties": {"address": "V/L 21 Norton Dr", "city": "Madison", "zip": 44057.0, "url": "https://www.realtor.com/realestateandhomes-detail/Norton-Dr_Madison_OH_44057_M48808-37313", "price": 325000.0, "pred_price": 376441.87, "excess_pct": -13.3, "rel_discount": -5.5, "local_mae_pct": 6.17, "pctile": 4.3, "beds": 4.0, "baths": 2.5, "sqft": 1608.0, "lot_sqft": 27007.0, "year_built": null, "ptype_cat": "single", "days_on_market": 351.0, "n_cuts": 0.0, "cum_cut_pct": 0.0, "days_to_pending": null, "ph_exposure": 0.0, "ph_dist_m": 22855.87, "d_fwy": 9049.39, "d_art": 5132.94, "school_pi": 76.7, "crime_rate": null, "income": 52143.0, "model_mae_pct": 6.2, "segment": "ppsf:190-300,price:250000-600000", "asof": "2026-09-20 20:52"}, "geometry": {"type": "Point", "coordinates": [-81.012429, 41.84506]}}, {"type": "Feature", "properties": {"address": "49050 State Route 18", "city": "Wellington", "zip": 44090.0, "url": "https://www.realtor.com/realestateandhomes-detail/49050-State-Route-18_Wellington_OH_44090_M38040-54017", "price": 429900.0, "pred_price": 414315.19, "excess_pct": 4.2, "rel_discount": 0.1, "local_mae_pct": 6.6, "pctile": 66.9, "beds": 3.0, "baths": 2.0, "sqft": 1845.0, "lot_sqft": 81022.0, "year_built": 1926.0, "ptype_cat": "single", "days_on_market": 6.0, "n_cuts": 0.0, "cum_cut_pct": 0.0, "days_to_pending": null, "ph_exposure": 0.0, "ph_dist_m": 5453.45, "d_fwy": 14347.92, "d_art": 59.96, "school_pi": 73.5, "crime_rate": null, "income": 93000.0, "model_mae_pct": 6.2, "segment": "ppsf:190-300,price:250000-600000", "asof": "2026-09-20 20:52"}, "geometry": {"type": "Point", "coordinates": [-82.278097, 41.170238]}}, {"type": "Feature", "properties": {"address": "4951 E Lake Rd", "city": "Sheffield Lake", "zip": 44054.0, "url": "https://www.realtor.com/realestateandhomes-detail/4951-E-Lake-Rd_Sheffield-Lake_OH_44054_M39399-26133", "price": 450000.0, "pred_price": 335474.72, "excess_pct": 34.5, "rel_discount": 30.4, "local_mae_pct": 6.5, "pctile": 99.4, "beds": 3.0, "baths": 2.0, "sqft": 1628.0, "lot_sqft": 9583.0, "year_built": 1952.0, "ptype_cat": "single", "days_on_market": 25.0, "n_cuts": 0.0, "cum_cut_pct": 0.0, "days_to_pending": null, "ph_exposure": 0.0, "ph_dist_m": 2495.66, "d_fwy": 4343.4, "d_art": 39.27, "school_pi": 77.5, "crime_rate": 8.28, "income": 64000.0, "model_mae_pct": 6.2, "segment": "ppsf:190-300,price:250000-600000", "asof": "2026-09-20 20:52"}, "geometry": {"type": "Point", "coordinates": [-82.086044, 41.496089]}}, {"type": "Feature", "properties": {"address": "1900 Jaycox Rd", "city": "Avon", "zip": 44011.0, "url": "https://www.realtor.com/realestateandhomes-detail/1900-Jaycox-Rd_Avon_OH_44011_M47752-42233", "price": 469000.0, "pred_price": 350997.24, "excess_pct": 34.0, "rel_discount": 30.0, "local_mae_pct": 6.5, "pctile": 99.0, "beds": 3.0, "baths": 1.5, "sqft": 1590.0, "lot_sqft": 42689.0, "year_built": 1960.0, "ptype_cat": "single", "days_on_market": 19.0, "n_cuts": 1.0, "cum_cut_pct": -2.27, "days_to_pending": null, "ph_exposure": 0.0, "ph_dist_m": 3893.61, "d_fwy": 225.88, "d_art": 4133.8, "school_pi": 94.6, "crime_rate": 10.72, "income": 127821.0, "model_mae_pct": 6.2, "segment": "ppsf:190-300,price:250000-600000", "asof": "2026-09-20 20:52"}, "geometry": {"type": "Point", "coordinates": [-82.000568, 41.462135]}}, {"type": "Feature", "properties": {"address": "S/L 9 Rose Ln", "city": "Middlefield", "zip": 44062.0, "url": "https://www.realtor.com/realestateandhomes-detail/SL-9-Rose-Ln_Middlefield_OH_44062_M91917-55041", "price": 350000.0, "pred_price": 364509.52, "excess_pct": -3.6, "rel_discount": null, "local_mae_pct": 5.79, "pctile": 31.8, "beds": 3.0, "baths": 2.0, "sqft": 1666.0, "lot_sqft": null, "year_built": 2027.0, "ptype_cat": "single", "days_on_market": 14.0, "n_cuts": 0.0, "cum_cut_pct": 0.0, "days_to_pending": null, "ph_exposure": 0.09, "ph_dist_m": 477.02, "d_fwy": 11930.67, "d_art": 9010.4, "school_pi": 76.4, "crime_rate": null, "income": 65684.0, "model_mae_pct": 6.2, "segment": "ppsf:190-300,price:250000-600000", "asof": "2026-09-20 20:52"}, "geometry": {"type": "Point", "coordinates": [-81.082168, 41.45654]}}, {"type": "Feature", "properties": {"address": "10548 Briar Hill Dr", "city": "Kirtland", "zip": 44094.0, "url": "https://www.realtor.com/realestateandhomes-detail/10548-Briar-Hill-Dr_Kirtland_OH_44094_M31793-02352", "price": 495900.0, "pred_price": 475291.08, "excess_pct": 4.7, "rel_discount": null, "local_mae_pct": 6.5, "pctile": 68.5, "beds": 3.0, "baths": 2.0, "sqft": 2134.0, "lot_sqft": 55757.0, "year_built": 1959.0, "ptype_cat": "single", "days_on_market": 16.0, "n_cuts": 0.0, "cum_cut_pct": 0.0, "days_to_pending": null, "ph_exposure": 0.0, "ph_dist_m": 5116.1, "d_fwy": 4550.39, "d_art": 2696.91, "school_pi": 94.0, "crime_rate": null, "income": 129375.0, "model_mae_pct": 6.2, "segment": "ppsf:190-300,price:250000-600000", "asof": "2026-09-20 20:52"}, "geometry": {"type": "Point", "coordinates": [-81.38147, 41.584272]}}, {"type": "Feature", "properties": {"address": "66 Wellesly Blvd", "city": "Painesville", "zip": 44077.0, "url": "https://www.realtor.com/realestateandhomes-detail/66-Wellesly-Blvd_Painesville_OH_44077_M32583-54789", "price": 289000.0, "pred_price": 306492.74, "excess_pct": -5.3, "rel_discount": null, "local_mae_pct": 6.51, "pctile": 25.4, "beds": 3.0, "baths": 2.0, "sqft": 1412.0, "lot_sqft": 18731.0, "year_built": 1966.0, "ptype_cat": "single", "days_on_market": 0.0, "n_cuts": 0.0, "cum_cut_pct": 0.0, "days_to_pending": null, "ph_exposure": 0.0, "ph_dist_m": 5253.0, "d_fwy": 2926.07, "d_art": 240.57, "school_pi": 82.2, "crime_rate": null, "income": 115417.0, "model_mae_pct": 6.2, "segment": "ppsf:190-300,price:250000-600000", "asof": "2026-09-20 20:52"}, "geometry": {"type": "Point", "coordinates": [-81.290563, 41.683839]}}, {"type": "Feature", "properties": {"address": "32225 Electric Blvd", "city": "Avon Lake", "zip": 44012.0, "url": "https://www.realtor.com/realestateandhomes-detail/32225-Electric-Blvd_Avon-Lake_OH_44012_M47480-38095", "price": 329000.0, "pred_price": 324795.8, "excess_pct": 1.7, "rel_discount": 2.8, "local_mae_pct": 5.16, "pctile": 57.7, "beds": 3.0, "baths": 2.0, "sqft": 1516.0, "lot_sqft": 7841.0, "year_built": 1981.0, "ptype_cat": "single", "days_on_market": 65.0, "n_cuts": 0.0, "cum_cut_pct": 0.0, "days_to_pending": null, "ph_exposure": 0.01, "ph_dist_m": 1606.74, "d_fwy": 4790.22, "d_art": 312.74, "school_pi": null, "crime_rate": null, "income": 116217.0, "model_mae_pct": 6.2, "segment": "ppsf:190-300,price:250000-600000", "asof": "2026-09-20 20:52"}, "geometry": {"type": "Point", "coordinates": [-81.994455, 41.509657]}}, {"type": "Feature", "properties": {"address": "5366 Barton Rd", "city": "North Ridgeville", "zip": 44039.0, "url": "https://www.realtor.com/realestateandhomes-detail/5366-Barton-Rd_North-Ridgeville_OH_44039_M38918-78960", "price": 325000.0, "pred_price": 288267.84, "excess_pct": 13.1, "rel_discount": 14.2, "local_mae_pct": 6.6, "pctile": 87.0, "beds": 3.0, "baths": 1.5, "sqft": 1218.0, "lot_sqft": 45302.0, "year_built": 1940.0, "ptype_cat": "single", "days_on_market": 18.0, "n_cuts": 0.0, "cum_cut_pct": 0.0, "days_to_pending": null, "ph_exposure": 0.0, "ph_dist_m": 9124.39, "d_fwy": 1896.27, "d_art": 457.74, "school_pi": 83.4, "crime_rate": 3.13, "income": 82222.0, "model_mae_pct": 6.2, "segment": "ppsf:190-300,price:250000-600000", "asof": "2026-09-20 20:52"}, "geometry": {"type": "Point", "coordinates": [-81.973048, 41.406572]}}, {"type": "Feature", "properties": {"address": "6372 Creekside Ln", "city": "North Ridgeville", "zip": 44039.0, "url": "https://www.realtor.com/realestateandhomes-detail/6372-Creekside-Ln_North-Ridgeville_OH_44039_M38447-00277", "price": 290000.0, "pred_price": 312219.71, "excess_pct": -6.7, "rel_discount": -4.7, "local_mae_pct": 6.5, "pctile": 20.1, "beds": 3.0, "baths": 2.0, "sqft": 1466.0, "lot_sqft": 20473.0, "year_built": 1968.0, "ptype_cat": "single", "days_on_market": 38.0, "n_cuts": 1.0, "cum_cut_pct": -3.33, "days_to_pending": null, "ph_exposure": 0.0, "ph_dist_m": 9428.83, "d_fwy": 913.09, "d_art": 785.31, "school_pi": 83.4, "crime_rate": 3.13, "income": 82222.0, "model_mae_pct": 6.2, "segment": "ppsf:190-300,price:250000-600000", "asof": "2026-09-20 20:52"}, "geometry": {"type": "Point", "coordinates": [-81.973113, 41.397701]}}, {"type": "Feature", "properties": {"address": "4928 Avery Way", "city": "North Ridgeville", "zip": 44039.0, "url": "https://www.realtor.com/realestateandhomes-detail/4928-Avery-Way_North-Ridgeville_OH_44039_M48368-42192", "price": 455000.0, "pred_price": 452521.75, "excess_pct": 0.9, "rel_discount": -3.2, "local_mae_pct": 5.79, "pctile": 54.6, "beds": 3.0, "baths": 2.0, "sqft": 2301.0, "lot_sqft": 1137.0, "year_built": 2015.0, "ptype_cat": "single", "days_on_market": 58.0, "n_cuts": 0.0, "cum_cut_pct": 0.0, "days_to_pending": null, "ph_exposure": 0.0, "ph_dist_m": 7053.47, "d_fwy": 4199.59, "d_art": 2980.84, "school_pi": 83.4, "crime_rate": 3.13, "income": 115642.0, "model_mae_pct": 6.2, "segment": "ppsf:190-300,price:250000-600000", "asof": "2026-09-20 20:52"}, "geometry": {"type": "Point", "coordinates": [-82.022286, 41.41795]}}, {"type": "Feature", "properties": {"address": "560 Parkside Reserve St", "city": "Wellington", "zip": 44090.0, "url": "https://www.realtor.com/realestateandhomes-detail/560-Parkside-Reserve-St_Wellington_OH_44090_M33883-47139", "price": 369900.0, "pred_price": 408300.77, "excess_pct": -9.0, "rel_discount": -7.1, "local_mae_pct": 5.15, "pctile": 12.6, "beds": 4.0, "baths": 2.5, "sqft": 1941.0, "lot_sqft": 16988.0, "year_built": 2004.0, "ptype_cat": "single", "days_on_market": 12.0, "n_cuts": 0.0, "cum_cut_pct": 0.0, "days_to_pending": null, "ph_exposure": 0.01, "ph_dist_m": 1878.01, "d_fwy": 14197.14, "d_art": 1540.14, "school_pi": 73.5, "crime_rate": null, "income": 67284.0, "model_mae_pct": 6.2, "segment": "ppsf:190-300,price:250000-600000", "asof": "2026-09-20 20:52"}, "geometry": {"type": "Point", "coordinates": [-82.223158, 41.154816]}}, {"type": "Feature", "properties": {"address": "127 Beaver Creek Trl", "city": "Amherst", "zip": 44001.0, "url": "https://www.realtor.com/realestateandhomes-detail/127-Beaver-Creek-Trl_Amherst_OH_44001_M93469-50056", "price": 339900.0, "pred_price": 339720.97, "excess_pct": 0.5, "rel_discount": 1.6, "local_mae_pct": 5.79, "pctile": 52.7, "beds": 3.0, "baths": 2.0, "sqft": 1720.0, "lot_sqft": 5358.0, "year_built": 2021.0, "ptype_cat": "single", "days_on_market": 108.0, "n_cuts": 0.0, "cum_cut_pct": 0.0, "days_to_pending": null, "ph_exposure": 0.0, "ph_dist_m": 2080.76, "d_fwy": 655.96, "d_art": 2546.12, "school_pi": 85.3, "crime_rate": 30.48, "income": 69803.0, "model_mae_pct": 6.2, "segment": "ppsf:190-300,price:250000-600000", "asof": "2026-09-20 20:52"}, "geometry": {"type": "Point", "coordinates": [-82.230238, 41.41734]}}, {"type": "Feature", "properties": {"address": "122 Cornerstone Ave", "city": "Wellington", "zip": 44090.0, "url": "https://www.realtor.com/realestateandhomes-detail/122-Cornerstone-Ave_Wellington_OH_44090_M31286-77043", "price": 415000.0, "pred_price": 427728.09, "excess_pct": -2.6, "rel_discount": -0.7, "local_mae_pct": 5.15, "pctile": 35.6, "beds": 4.0, "baths": 4.0, "sqft": 2105.0, "lot_sqft": 19602.0, "year_built": 1999.0, "ptype_cat": "single", "days_on_market": 25.0, "n_cuts": 0.0, "cum_cut_pct": 0.0, "days_to_pending": null, "ph_exposure": 0.17, "ph_dist_m": 507.13, "d_fwy": 12041.63, "d_art": 434.39, "school_pi": 73.5, "crime_rate": null, "income": 28552.0, "model_mae_pct": 6.2, "segment": "ppsf:190-300,price:250000-600000", "asof": "2026-09-20 20:52"}, "geometry": {"type": "Point", "coordinates": [-82.207381, 41.172396]}}, {"type": "Feature", "properties": {"address": "2067 Ridgeland Dr", "city": "Avon", "zip": 44011.0, "url": "https://www.realtor.com/realestateandhomes-detail/2067-Ridgeland-Dr_Avon_OH_44011_M46145-14223", "price": 375000.0, "pred_price": 362555.82, "excess_pct": 3.8, "rel_discount": 5.7, "local_mae_pct": 6.5, "pctile": 64.5, "beds": 3.0, "baths": 2.0, "sqft": 1632.0, "lot_sqft": 41818.0, "year_built": 1952.0, "ptype_cat": "single", "days_on_market": 75.0, "n_cuts": 1.0, "cum_cut_pct": 0.0, "days_to_pending": null, "ph_exposure": 0.0, "ph_dist_m": 5067.27, "d_fwy": 300.6, "d_art": 1891.92, "school_pi": 94.6, "crime_rate": 10.72, "income": 47639.0, "model_mae_pct": 6.2, "segment": "ppsf:190-300,price:250000-600000", "asof": "2026-09-20 20:52"}, "geometry": {"type": "Point", "coordinates": [-82.030127, 41.461646]}}, {"type": "Feature", "properties": {"address": "40878 Myrtle Ct", "city": "Elyria", "zip": 44035.0, "url": "https://www.realtor.com/realestateandhomes-detail/40878-Myrtle-Ct_Elyria_OH_44035_M43941-86599", "price": 275000.0, "pred_price": 279611.41, "excess_pct": -1.2, "rel_discount": 0.8, "local_mae_pct": 7.4, "pctile": 43.0, "beds": 3.0, "baths": 1.0, "sqft": 1092.0, "lot_sqft": 21780.0, "year_built": 1900.0, "ptype_cat": "single", "days_on_market": 144.0, "n_cuts": 0.0, "cum_cut_pct": 0.0, "days_to_pending": null, "ph_exposure": 0.26, "ph_dist_m": 1284.67, "d_fwy": 1945.46, "d_art": 3990.77, "school_pi": 81.8, "crime_rate": null, "income": 77604.0, "model_mae_pct": 6.2, "segment": "ppsf:190-300,price:250000-600000", "asof": "2026-09-20 20:52"}, "geometry": {"type": "Point", "coordinates": [-82.115346, 41.337418]}}, {"type": "Feature", "properties": {"address": "33352 Midship Dr", "city": "Avon Lake", "zip": 44012.0, "url": "https://www.realtor.com/realestateandhomes-detail/33352-Midship-Dr_Avon-Lake_OH_44012_M95076-81280", "price": 545900.0, "pred_price": 495392.88, "excess_pct": 10.6, "rel_discount": 4.8, "local_mae_pct": 5.8, "pctile": 84.1, "beds": 3.0, "baths": 3.0, "sqft": 2283.0, "lot_sqft": 6534.0, "year_built": 2024.0, "ptype_cat": "single", "days_on_market": 331.0, "n_cuts": 0.0, "cum_cut_pct": 0.0, "days_to_pending": null, "ph_exposure": 0.0, "ph_dist_m": 2489.79, "d_fwy": 2957.88, "d_art": 1893.36, "school_pi": 92.9, "crime_rate": 4.4, "income": 146346.0, "model_mae_pct": 6.2, "segment": "ppsf:190-300,price:250000-600000", "asof": "2026-09-20 20:52"}, "geometry": {"type": "Point", "coordinates": [-82.031418, 41.491367]}}, {"type": "Feature", "properties": {"address": "3577 Coopers Trl", "city": "Lorain", "zip": 44053.0, "url": "https://www.realtor.com/realestateandhomes-detail/3577-Coopers-Trl_Lorain_OH_44053_M43562-23270", "price": 345900.0, "pred_price": 364932.98, "excess_pct": -4.8, "rel_discount": -3.8, "local_mae_pct": 5.79, "pctile": 27.6, "beds": 3.0, "baths": 2.0, "sqft": 1768.0, "lot_sqft": 10454.0, "year_built": 2021.0, "ptype_cat": "single", "days_on_market": 3.0, "n_cuts": 0.0, "cum_cut_pct": 0.0, "days_to_pending": null, "ph_exposure": 0.01, "ph_dist_m": 1385.66, "d_fwy": 1051.67, "d_art": 2472.06, "school_pi": 48.3, "crime_rate": 30.48, "income": 83571.0, "model_mae_pct": 6.2, "segment": "ppsf:190-300,price:250000-600000", "asof": "2026-09-20 20:52"}, "geometry": {"type": "Point", "coordinates": [-82.217808, 41.422971]}}, {"type": "Feature", "properties": {"address": "39065 Detroit Rd", "city": "Avon", "zip": 44011.0, "url": "https://www.realtor.com/realestateandhomes-detail/39065-Detroit-Rd_Avon_OH_44011_M45287-28023", "price": 394500.0, "pred_price": 437469.05, "excess_pct": -9.4, "rel_discount": -7.5, "local_mae_pct": 5.15, "pctile": 11.4, "beds": 4.0, "baths": 2.5, "sqft": 1872.0, "lot_sqft": 42253.0, "year_built": 1985.0, "ptype_cat": "single", "days_on_market": 101.0, "n_cuts": 1.0, "cum_cut_pct": -1.13, "days_to_pending": null, "ph_exposure": 0.0, "ph_dist_m": 4131.84, "d_fwy": 1727.22, "d_art": 3096.66, "school_pi": 94.6, "crime_rate": 10.72, "income": 188414.0, "model_mae_pct": 6.2, "segment": "ppsf:190-300,price:250000-600000", "asof": "2026-09-20 20:52"}, "geometry": {"type": "Point", "coordinates": [-82.057745, 41.435043]}}, {"type": "Feature", "properties": {"address": "6798 W River Rd", "city": "Vermilion", "zip": 44089.0, "url": "https://www.realtor.com/realestateandhomes-detail/6798-W-River-Rd_Vermilion_OH_44089_M30455-06246", "price": 350000.0, "pred_price": 307673.68, "excess_pct": 14.2, "rel_discount": 15.2, "local_mae_pct": 5.15, "pctile": 88.6, "beds": 3.0, "baths": 2.0, "sqft": 1300.0, "lot_sqft": 383328.0, "year_built": 1995.0, "ptype_cat": "single", "days_on_market": 93.0, "n_cuts": 1.0, "cum_cut_pct": -12.48, "days_to_pending": null, "ph_exposure": 0.0, "ph_dist_m": 9552.0, "d_fwy": 159.81, "d_art": 2325.72, "school_pi": 85.2, "crime_rate": null, "income": 69025.0, "model_mae_pct": 6.2, "segment": "ppsf:190-300,price:250000-600000", "asof": "2026-09-20 20:52"}, "geometry": {"type": "Point", "coordinates": [-82.342543, 41.404026]}}, {"type": "Feature", "properties": {"address": "34286 Brookside Ln", "city": "North Ridgeville", "zip": 44039.0, "url": "https://www.realtor.com/realestateandhomes-detail/34286-Brookside-Ln_North-Ridgeville_OH_44039_M94503-12153", "price": 569875.0, "pred_price": 530378.19, "excess_pct": 7.8, "rel_discount": 2.1, "local_mae_pct": 6.17, "pctile": 78.5, "beds": 4.0, "baths": 3.5, "sqft": 2577.0, "lot_sqft": 7841.0, "year_built": null, "ptype_cat": "single", "days_on_market": 109.0, "n_cuts": 0.0, "cum_cut_pct": 0.0, "days_to_pending": null, "ph_exposure": 0.0, "ph_dist_m": 6932.71, "d_fwy": 644.35, "d_art": 2962.01, "school_pi": 83.4, "crime_rate": 3.13, "income": 102432.0, "model_mae_pct": 6.2, "segment": "ppsf:190-300,price:250000-600000", "asof": "2026-09-20 20:52"}, "geometry": {"type": "Point", "coordinates": [-81.995247, 41.366108]}}, {"type": "Feature", "properties": {"address": "231 Fairfax Rd", "city": "Vermilion", "zip": 44089.0, "url": "https://www.realtor.com/realestateandhomes-detail/231-Fairfax-Rd_Vermilion_OH_44089_M47123-73638", "price": 460000.0, "pred_price": 393666.23, "excess_pct": 17.3, "rel_discount": 13.2, "local_mae_pct": 5.79, "pctile": 92.6, "beds": 3.0, "baths": 2.5, "sqft": 1634.0, "lot_sqft": 6970.0, "year_built": 2026.0, "ptype_cat": "single", "days_on_market": 10.0, "n_cuts": 0.0, "cum_cut_pct": 0.0, "days_to_pending": null, "ph_exposure": 0.0, "ph_dist_m": 8175.44, "d_fwy": 2784.4, "d_art": 442.74, "school_pi": 80.7, "crime_rate": null, "income": 44055.0, "model_mae_pct": 6.2, "segment": "ppsf:190-300,price:250000-600000", "asof": "2026-09-20 20:52"}, "geometry": {"type": "Point", "coordinates": [-82.327224, 41.428904]}}, {"type": "Feature", "properties": {"address": "2442 Halifax Ct", "city": "Avon", "zip": 44011.0, "url": "https://www.realtor.com/realestateandhomes-detail/2442-Halifax-Ct_Avon_OH_44011_M43119-80376", "price": 388000.0, "pred_price": 349888.24, "excess_pct": 11.3, "rel_discount": 13.2, "local_mae_pct": 5.15, "pctile": 84.7, "beds": 2.0, "baths": 2.0, "sqft": 1617.0, "lot_sqft": 3128.0, "year_built": 2001.0, "ptype_cat": "single", "days_on_market": 69.0, "n_cuts": 1.0, "cum_cut_pct": -1.65, "days_to_pending": null, "ph_exposure": 0.0, "ph_dist_m": 4687.81, "d_fwy": 914.77, "d_art": 3941.45, "school_pi": 94.6, "crime_rate": 10.72, "income": 127821.0, "model_mae_pct": 6.2, "segment": "ppsf:190-300,price:250000-600000", "asof": "2026-09-20 20:52"}, "geometry": {"type": "Point", "coordinates": [-82.00639, 41.456001]}}, {"type": "Feature", "properties": {"address": "2440 Merriment Dr", "city": "Amherst", "zip": 44035.0, "url": "https://www.realtor.com/realestateandhomes-detail/2440-Merriment-Dr_Elyria_OH_44035_M92076-42010", "price": 515000.0, "pred_price": 511214.9, "excess_pct": 1.1, "rel_discount": -4.6, "local_mae_pct": 5.79, "pctile": 55.7, "beds": 3.0, "baths": 3.0, "sqft": 2504.0, "lot_sqft": 6747.0, "year_built": 2026.0, "ptype_cat": "single", "days_on_market": 20.0, "n_cuts": 1.0, "cum_cut_pct": -1.9, "days_to_pending": null, "ph_exposure": 0.34, "ph_dist_m": 1049.84, "d_fwy": 2816.66, "d_art": 2342.79, "school_pi": 60.9, "crime_rate": 10.08, "income": null, "model_mae_pct": 6.2, "segment": "ppsf:190-300,price:250000-600000", "asof": "2026-09-20 20:52"}, "geometry": {"type": "Point", "coordinates": [-82.127471, 41.363605]}}, {"type": "Feature", "properties": {"address": "14838 State Route 301", "city": "Lagrange", "zip": 44050.0, "url": "https://www.realtor.com/realestateandhomes-detail/14838-State-Route-301_Lagrange_OH_44050_M43315-39736", "price": 354900.0, "pred_price": 405875.73, "excess_pct": -12.2, "rel_discount": -10.3, "local_mae_pct": 6.5, "pctile": 5.8, "beds": 3.0, "baths": 2.0, "sqft": 1776.0, "lot_sqft": 51836.0, "year_built": 1978.0, "ptype_cat": "single", "days_on_market": 66.0, "n_cuts": 0.0, "cum_cut_pct": 0.0, "days_to_pending": null, "ph_exposure": 0.0, "ph_dist_m": 7689.97, "d_fwy": 4532.27, "d_art": 5739.19, "school_pi": 79.4, "crime_rate": null, "income": 119500.0, "model_mae_pct": 6.2, "segment": "ppsf:190-300,price:250000-600000", "asof": "2026-09-20 20:52"}, "geometry": {"type": "Point", "coordinates": [-82.12008, 41.2698]}}, {"type": "Feature", "properties": {"address": "S/L 36 Brookside Ln", "city": "North Ridgeville", "zip": 44039.0, "url": "https://www.realtor.com/realestateandhomes-detail/SL-36-Brookside-Ln_North-Ridgeville_OH_44039_M98324-81848", "price": 495053.0, "pred_price": 407123.58, "excess_pct": 22.0, "rel_discount": 16.2, "local_mae_pct": 6.17, "pctile": 96.2, "beds": 3.0, "baths": 2.0, "sqft": 1844.0, "lot_sqft": 7841.0, "year_built": null, "ptype_cat": "single", "days_on_market": 9.0, "n_cuts": 0.0, "cum_cut_pct": 0.0, "days_to_pending": null, "ph_exposure": 0.0, "ph_dist_m": 6998.69, "d_fwy": 678.47, "d_art": 2906.12, "school_pi": 83.4, "crime_rate": 3.13, "income": 102432.0, "model_mae_pct": 6.2, "segment": "ppsf:190-300,price:250000-600000", "asof": "2026-09-20 20:52"}, "geometry": {"type": "Point", "coordinates": [-81.994456, 41.366291]}}, {"type": "Feature", "properties": {"address": "6095 Denise Dr", "city": "North Ridgeville", "zip": 44039.0, "url": "https://www.realtor.com/realestateandhomes-detail/6095-Denise-Dr_North-Ridgeville_OH_44039_M40419-11645", "price": 350000.0, "pred_price": 333740.09, "excess_pct": 5.3, "rel_discount": 6.4, "local_mae_pct": 6.5, "pctile": 71.0, "beds": 3.0, "baths": 2.0, "sqft": 1579.0, "lot_sqft": 13504.0, "year_built": 1972.0, "ptype_cat": "single", "days_on_market": 31.0, "n_cuts": 2.0, "cum_cut_pct": -12.5, "days_to_pending": null, "ph_exposure": 0.0, "ph_dist_m": 7601.39, "d_fwy": 2384.8, "d_art": 593.06, "school_pi": 83.4, "crime_rate": 3.13, "income": 81750.0, "model_mae_pct": 6.2, "segment": "ppsf:190-300,price:250000-600000", "asof": "2026-09-20 20:52"}, "geometry": {"type": "Point", "coordinates": [-82.000544, 41.402458]}}, {"type": "Feature", "properties": {"address": "6468 Buckeye Ln", "city": "Medina", "zip": 44256.0, "url": "https://www.realtor.com/realestateandhomes-detail/6468-Buckeye-Ln_Medina_OH_44256_M99469-54653", "price": 514900.0, "pred_price": 384903.64, "excess_pct": 34.2, "rel_discount": null, "local_mae_pct": 5.79, "pctile": 99.2, "beds": 2.0, "baths": 2.0, "sqft": 1776.0, "lot_sqft": 4265.0, "year_built": 2026.0, "ptype_cat": "single", "days_on_market": 135.0, "n_cuts": 0.0, "cum_cut_pct": 0.0, "days_to_pending": null, "ph_exposure": 0.01, "ph_dist_m": 1914.19, "d_fwy": 2619.83, "d_art": 4585.18, "school_pi": 87.9, "crime_rate": null, "income": 147866.0, "model_mae_pct": 6.2, "segment": "ppsf:190-300,price:250000-600000", "asof": "2026-09-20 20:52"}, "geometry": {"type": "Point", "coordinates": [-81.861234, 41.096748]}}, {"type": "Feature", "properties": {"address": "3636 Erhart Rd", "city": "Litchfield", "zip": 44253.0, "url": "https://www.realtor.com/realestateandhomes-detail/3636-Erhart-Rd_Litchfield_OH_44253_M42562-43455", "price": 419900.0, "pred_price": 406992.8, "excess_pct": 3.6, "rel_discount": null, "local_mae_pct": 6.5, "pctile": 63.7, "beds": 4.0, "baths": 2.0, "sqft": 1632.0, "lot_sqft": 111078.0, "year_built": 1974.0, "ptype_cat": "single", "days_on_market": 86.0, "n_cuts": 0.0, "cum_cut_pct": 0.0, "days_to_pending": null, "ph_exposure": 0.0, "ph_dist_m": 7696.6, "d_fwy": 15327.19, "d_art": 807.5, "school_pi": 88.1, "crime_rate": null, "income": 79375.0, "model_mae_pct": 6.2, "segment": "ppsf:190-300,price:250000-600000", "asof": "2026-09-20 20:52"}, "geometry": {"type": "Point", "coordinates": [-81.975593, 41.1749]}}, {"type": "Feature", "properties": {"address": "156 Sunset Dr", "city": "Hudson", "zip": 44236.0, "url": "https://www.realtor.com/realestateandhomes-detail/156-Sunset-Dr_Hudson_OH_44236_M47880-43558", "price": 497000.0, "pred_price": 518702.16, "excess_pct": -3.8, "rel_discount": -6.7, "local_mae_pct": 6.5, "pctile": 31.1, "beds": 4.0, "baths": 2.5, "sqft": 2384.0, "lot_sqft": 32931.0, "year_built": 1978.0, "ptype_cat": "single", "days_on_market": 2.0, "n_cuts": 0.0, "cum_cut_pct": 0.0, "days_to_pending": null, "ph_exposure": 0.0, "ph_dist_m": 6122.46, "d_fwy": 2432.88, "d_art": 474.43, "school_pi": 97.5, "crime_rate": 6.15, "income": 186750.0, "model_mae_pct": 6.2, "segment": "ppsf:190-300,price:250000-600000", "asof": "2026-09-20 20:52"}, "geometry": {"type": "Point", "coordinates": [-81.434734, 41.232234]}}, {"type": "Feature", "properties": {"address": "10431 Oviatt Ln", "city": "Twinsburg", "zip": 44087.0, "url": "https://www.realtor.com/realestateandhomes-detail/10431-Oviatt-Ln_Twinsburg_OH_44087_M46437-12349", "price": 469900.0, "pred_price": 465915.98, "excess_pct": 1.3, "rel_discount": -1.2, "local_mae_pct": 5.15, "pctile": 56.6, "beds": 3.0, "baths": 3.0, "sqft": 2280.0, "lot_sqft": 14375.0, "year_built": 1989.0, "ptype_cat": "single", "days_on_market": 46.0, "n_cuts": 0.0, "cum_cut_pct": 0.0, "days_to_pending": null, "ph_exposure": 0.0, "ph_dist_m": 3613.04, "d_fwy": 4164.9, "d_art": 896.57, "school_pi": 88.3, "crime_rate": 8.38, "income": 117500.0, "model_mae_pct": 6.2, "segment": "ppsf:190-300,price:250000-600000", "asof": "2026-09-20 20:52"}, "geometry": {"type": "Point", "coordinates": [-81.429193, 41.347776]}}, {"type": "Feature", "properties": {"address": "3411 Links Dr", "city": "Fairlawn", "zip": 44333.0, "url": "https://www.realtor.com/realestateandhomes-detail/3411-Links-Dr_Fairlawn_OH_44333_M93131-70257", "price": 389000.0, "pred_price": 394286.36, "excess_pct": -0.9, "rel_discount": -3.0, "local_mae_pct": 5.79, "pctile": 44.8, "beds": 3.0, "baths": 3.0, "sqft": 1748.0, "lot_sqft": 2831.0, "year_built": 2024.0, "ptype_cat": "single", "days_on_market": 51.0, "n_cuts": 1.0, "cum_cut_pct": -2.51, "days_to_pending": null, "ph_exposure": 0.0, "ph_dist_m": 3216.76, "d_fwy": 1135.14, "d_art": 586.79, "school_pi": 89.7, "crime_rate": 46.85, "income": 127135.0, "model_mae_pct": 6.2, "segment": "ppsf:190-300,price:250000-600000", "asof": "2026-09-20 20:52"}, "geometry": {"type": "Point", "coordinates": [-81.633536, 41.13054]}}, {"type": "Feature", "properties": {"address": "570 Falling Oaks Dr", "city": "Medina", "zip": 44256.0, "url": "https://www.realtor.com/realestateandhomes-detail/570-Falling-Oaks-Dr_Medina_OH_44256_M45073-58191", "price": 399000.0, "pred_price": 438741.76, "excess_pct": -8.7, "rel_discount": null, "local_mae_pct": 6.51, "pctile": 13.3, "beds": 5.0, "baths": 3.5, "sqft": 2080.0, "lot_sqft": 13983.0, "year_built": 1978.0, "ptype_cat": "single", "days_on_market": 10.0, "n_cuts": 0.0, "cum_cut_pct": 0.0, "days_to_pending": null, "ph_exposure": 0.01, "ph_dist_m": 2212.07, "d_fwy": 3728.08, "d_art": 870.01, "school_pi": 87.9, "crime_rate": 3.12, "income": 103080.0, "model_mae_pct": 6.2, "segment": "ppsf:190-300,price:250000-600000", "asof": "2026-09-20 20:52"}, "geometry": {"type": "Point", "coordinates": [-81.849665, 41.13035]}}, {"type": "Feature", "properties": {"address": "4347 Oak Ridge Trl", "city": "Brunswick", "zip": 44212.0, "url": "https://www.realtor.com/realestateandhomes-detail/4347-Oak-Ridge-Trl_Brunswick_OH_44212_M99570-75782", "price": 419900.0, "pred_price": 428272.93, "excess_pct": -1.6, "rel_discount": null, "local_mae_pct": 5.79, "pctile": 41.0, "beds": 2.0, "baths": 2.0, "sqft": 1820.0, "lot_sqft": 4792.0, "year_built": 2026.0, "ptype_cat": "single", "days_on_market": 20.0, "n_cuts": 0.0, "cum_cut_pct": 0.0, "days_to_pending": null, "ph_exposure": 0.07, "ph_dist_m": 1287.39, "d_fwy": 3197.03, "d_art": 63.43, "school_pi": 85.2, "crime_rate": 6.13, "income": 113750.0, "model_mae_pct": 6.2, "segment": "ppsf:190-300,price:250000-600000", "asof": "2026-09-20 20:52"}, "geometry": {"type": "Point", "coordinates": [-81.841951, 41.252962]}}, {"type": "Feature", "properties": {"address": "4431 Lockmoor Ln", "city": "Brunswick", "zip": 44212.0, "url": "https://www.realtor.com/realestateandhomes-detail/4431-Lockmoor-Ln_Brunswick_OH_44212_M32318-65855", "price": 325000.0, "pred_price": 312883.73, "excess_pct": 4.3, "rel_discount": null, "local_mae_pct": 5.15, "pctile": 67.5, "beds": 3.0, "baths": 2.5, "sqft": 1437.0, "lot_sqft": 5227.0, "year_built": 2002.0, "ptype_cat": "single", "days_on_market": 79.0, "n_cuts": 0.0, "cum_cut_pct": 0.0, "days_to_pending": null, "ph_exposure": 0.6, "ph_dist_m": 302.96, "d_fwy": 3899.74, "d_art": 342.23, "school_pi": 85.2, "crime_rate": null, "income": 86554.0, "model_mae_pct": 6.2, "segment": "ppsf:190-300,price:250000-600000", "asof": "2026-09-20 20:52"}, "geometry": {"type": "Point", "coordinates": [-81.845521, 41.226226]}}, {"type": "Feature", "properties": {"address": "211 Cherry Rdg", "city": "Tallmadge", "zip": 44278.0, "url": "https://www.realtor.com/realestateandhomes-detail/211-Cherry-Rdg_Tallmadge_OH_44278_M31672-32861", "price": 579000.0, "pred_price": 488368.89, "excess_pct": 19.0, "rel_discount": 16.1, "local_mae_pct": 5.79, "pctile": 94.8, "beds": 4.0, "baths": 2.5, "sqft": 2247.0, "lot_sqft": 18077.0, "year_built": 2026.0, "ptype_cat": "single", "days_on_market": 4.0, "n_cuts": 0.0, "cum_cut_pct": null, "days_to_pending": null, "ph_exposure": 0.17, "ph_dist_m": 1351.78, "d_fwy": 3270.5, "d_art": 624.15, "school_pi": 81.6, "crime_rate": null, "income": 96346.0, "model_mae_pct": 6.2, "segment": "ppsf:190-300,price:250000-600000", "asof": "2026-09-20 20:52"}, "geometry": {"type": "Point", "coordinates": [-81.44783, 41.115438]}}, {"type": "Feature", "properties": {"address": "10329 Redbud Dr", "city": "Aurora", "zip": 44202.0, "url": "https://www.realtor.com/realestateandhomes-detail/10329-Redbud-Dr_Aurora_OH_44202_M37071-54310", "price": 449900.0, "pred_price": 471601.28, "excess_pct": -4.2, "rel_discount": -6.6, "local_mae_pct": 5.79, "pctile": 30.4, "beds": 3.0, "baths": 2.5, "sqft": 2322.0, "lot_sqft": 5663.0, "year_built": 2012.0, "ptype_cat": "single", "days_on_market": 108.0, "n_cuts": 1.0, "cum_cut_pct": -3.23, "days_to_pending": null, "ph_exposure": 0.0, "ph_dist_m": 4482.75, "d_fwy": 5077.89, "d_art": 1749.71, "school_pi": 95.1, "crime_rate": 4.13, "income": 104427.0, "model_mae_pct": 6.2, "segment": "ppsf:190-300,price:250000-600000", "asof": "2026-09-20 20:52"}, "geometry": {"type": "Point", "coordinates": [-81.396371, 41.339696]}}, {"type": "Feature", "properties": {"address": "3250 Mayfair Rd", "city": "Akron", "zip": 44312.0, "url": "https://www.realtor.com/realestateandhomes-detail/3250-Mayfair-Rd_Green_OH_44312_M44226-62151", "price": 265000.0, "pred_price": 289705.21, "excess_pct": -8.1, "rel_discount": -5.0, "local_mae_pct": 6.51, "pctile": 15.8, "beds": 3.0, "baths": 1.0, "sqft": 1280.0, "lot_sqft": 97574.0, "year_built": 1952.0, "ptype_cat": "single", "days_on_market": 108.0, "n_cuts": 0.0, "cum_cut_pct": 0.0, "days_to_pending": null, "ph_exposure": 0.01, "ph_dist_m": 2163.98, "d_fwy": 2393.1, "d_art": 380.54, "school_pi": 90.1, "crime_rate": null, "income": 65000.0, "model_mae_pct": 6.2, "segment": "ppsf:190-300,price:250000-600000", "asof": "2026-09-20 20:52"}, "geometry": {"type": "Point", "coordinates": [-81.443006, 40.978743]}}, {"type": "Feature", "properties": {"address": "6741 Norwalk Rd", "city": "Medina", "zip": 44256.0, "url": "https://www.realtor.com/realestateandhomes-detail/6741-Norwalk-Rd_Medina_OH_44256_M49178-62998", "price": 449900.0, "pred_price": 409048.65, "excess_pct": 10.4, "rel_discount": null, "local_mae_pct": 6.51, "pctile": 83.5, "beds": 5.0, "baths": 1.5, "sqft": 1800.0, "lot_sqft": 297079.0, "year_built": 1975.0, "ptype_cat": "single", "days_on_market": 93.0, "n_cuts": 0.0, "cum_cut_pct": 0.0, "days_to_pending": null, "ph_exposure": 0.0, "ph_dist_m": 4188.63, "d_fwy": 11744.43, "d_art": 227.76, "school_pi": 88.1, "crime_rate": null, "income": 83056.0, "model_mae_pct": 6.2, "segment": "ppsf:190-300,price:250000-600000", "asof": "2026-09-20 20:52"}, "geometry": {"type": "Point", "coordinates": [-81.930104, 41.16934]}}, {"type": "Feature", "properties": {"address": "6757 Maplebrooke Trce", "city": "Medina", "zip": 44256.0, "url": "https://www.realtor.com/realestateandhomes-detail/6757-Maplebrooke-Trce_Medina_OH_44256_M36590-16525", "price": 389900.0, "pred_price": 386583.53, "excess_pct": 1.3, "rel_discount": null, "local_mae_pct": 5.79, "pctile": 56.6, "beds": 3.0, "baths": 2.0, "sqft": 1569.0, "lot_sqft": 11064.0, "year_built": 2017.0, "ptype_cat": "single", "days_on_market": 48.0, "n_cuts": 0.0, "cum_cut_pct": 0.0, "days_to_pending": null, "ph_exposure": 0.0, "ph_dist_m": 3810.45, "d_fwy": 377.81, "d_art": 5312.88, "school_pi": 87.9, "crime_rate": null, "income": 195972.0, "model_mae_pct": 6.2, "segment": "ppsf:190-300,price:250000-600000", "asof": "2026-09-20 20:52"}, "geometry": {"type": "Point", "coordinates": [-81.835264, 41.090189]}}, {"type": "Feature", "properties": {"address": "6258 Cooper Hawk Dr", "city": "Medina", "zip": 44256.0, "url": "https://www.realtor.com/realestateandhomes-detail/6258-Cooper-Hawk-Dr_Medina_OH_44256_M96570-37841", "price": 560085.0, "pred_price": 537126.59, "excess_pct": 4.7, "rel_discount": null, "local_mae_pct": 6.17, "pctile": 68.5, "beds": 4.0, "baths": 2.5, "sqft": 2579.0, "lot_sqft": null, "year_built": null, "ptype_cat": "single", "days_on_market": 12.0, "n_cuts": 0.0, "cum_cut_pct": 0.9, "days_to_pending": null, "ph_exposure": 0.04, "ph_dist_m": 1128.07, "d_fwy": 3807.39, "d_art": 3926.85, "school_pi": 87.9, "crime_rate": null, "income": 120592.0, "model_mae_pct": 6.2, "segment": "ppsf:190-300,price:250000-600000", "asof": "2026-09-20 20:52"}, "geometry": {"type": "Point", "coordinates": [-81.872725, 41.10304]}}, {"type": "Feature", "properties": {"address": "4937 Kennebank Ln", "city": "Medina", "zip": 44256.0, "url": "https://www.realtor.com/realestateandhomes-detail/4937-Kennebank-Ln_Medina_OH_44256_M34378-34719", "price": 349500.0, "pred_price": 348026.28, "excess_pct": 0.8, "rel_discount": null, "local_mae_pct": 5.15, "pctile": 54.2, "beds": 2.0, "baths": 2.0, "sqft": 1794.0, "lot_sqft": 3162.0, "year_built": 2006.0, "ptype_cat": "single", "days_on_market": 11.0, "n_cuts": 0.0, "cum_cut_pct": 0.0, "days_to_pending": null, "ph_exposure": 0.52, "ph_dist_m": 337.74, "d_fwy": 6531.91, "d_art": 237.51, "school_pi": 87.9, "crime_rate": null, "income": 65121.0, "model_mae_pct": 6.2, "segment": "ppsf:190-300,price:250000-600000", "asof": "2026-09-20 20:52"}, "geometry": {"type": "Point", "coordinates": [-81.864544, 41.168244]}}, {"type": "Feature", "properties": {"address": "5082 Fenn Rd", "city": "Medina", "zip": 44256.0, "url": "https://www.realtor.com/realestateandhomes-detail/5082-Fenn-Rd_Medina_OH_44256_M30329-66731", "price": 325000.0, "pred_price": 319681.42, "excess_pct": 2.1, "rel_discount": null, "local_mae_pct": 5.15, "pctile": 59.0, "beds": 3.0, "baths": 1.5, "sqft": 1528.0, "lot_sqft": 14985.0, "year_built": 1993.0, "ptype_cat": "single", "days_on_market": 30.0, "n_cuts": 0.0, "cum_cut_pct": 0.0, "days_to_pending": null, "ph_exposure": 0.52, "ph_dist_m": 199.91, "d_fwy": 6847.34, "d_art": 632.66, "school_pi": 87.9, "crime_rate": null, "income": 65121.0, "model_mae_pct": 6.2, "segment": "ppsf:190-300,price:250000-600000", "asof": "2026-09-20 20:52"}, "geometry": {"type": "Point", "coordinates": [-81.868802, 41.170415]}}, {"type": "Feature", "properties": {"address": "7311 Meadow View Dr", "city": "Seville", "zip": 44273.0, "url": "https://www.realtor.com/realestateandhomes-detail/7311-Meadow-View-Dr_Seville_OH_44273_M45765-61046", "price": 424900.0, "pred_price": 463577.91, "excess_pct": -7.9, "rel_discount": null, "local_mae_pct": 5.15, "pctile": 16.6, "beds": 4.0, "baths": 2.0, "sqft": 1824.0, "lot_sqft": 114127.0, "year_built": 1987.0, "ptype_cat": "single", "days_on_market": 38.0, "n_cuts": 2.0, "cum_cut_pct": -3.41, "days_to_pending": null, "ph_exposure": 0.0, "ph_dist_m": 1347.4, "d_fwy": 1903.98, "d_art": 5094.91, "school_pi": 87.9, "crime_rate": null, "income": 195972.0, "model_mae_pct": 6.2, "segment": "ppsf:190-300,price:250000-600000", "asof": "2026-09-20 20:52"}, "geometry": {"type": "Point", "coordinates": [-81.869259, 41.074789]}}, {"type": "Feature", "properties": {"address": "5595 Frith Ct", "city": "Medina", "zip": 44256.0, "url": "https://www.realtor.com/realestateandhomes-detail/5595-Frith-Ct_Medina_OH_44256_M45692-06693", "price": 589000.0, "pred_price": 509234.05, "excess_pct": 16.1, "rel_discount": null, "local_mae_pct": 5.79, "pctile": 91.0, "beds": 4.0, "baths": 2.5, "sqft": 2326.0, "lot_sqft": 11935.0, "year_built": 2026.0, "ptype_cat": "single", "days_on_market": 10.0, "n_cuts": 1.0, "cum_cut_pct": -1.67, "days_to_pending": null, "ph_exposure": 0.01, "ph_dist_m": 1816.57, "d_fwy": 5321.93, "d_art": 3549.84, "school_pi": 87.9, "crime_rate": 3.12, "income": 89103.0, "model_mae_pct": 6.2, "segment": "ppsf:190-300,price:250000-600000", "asof": "2026-09-20 20:52"}, "geometry": {"type": "Point", "coordinates": [-81.889932, 41.107896]}}, {"type": "Feature", "properties": {"address": "447 Sunrise View Dr", "city": "Akron", "zip": 44313.0, "url": "https://www.realtor.com/realestateandhomes-detail/Akron_OH_44313_M96491-27288", "price": 575900.0, "pred_price": 474458.24, "excess_pct": 21.8, "rel_discount": 18.9, "local_mae_pct": 5.79, "pctile": 95.9, "beds": 3.0, "baths": 2.5, "sqft": 2100.0, "lot_sqft": 7440.0, "year_built": 2026.0, "ptype_cat": "single", "days_on_market": 200.0, "n_cuts": 1.0, "cum_cut_pct": -0.71, "days_to_pending": null, "ph_exposure": 0.44, "ph_dist_m": 153.08, "d_fwy": 1247.47, "d_art": 1243.29, "school_pi": 60.0, "crime_rate": 54.64, "income": 56131.0, "model_mae_pct": 6.2, "segment": "ppsf:190-300,price:250000-600000", "asof": "2026-09-20 20:52"}, "geometry": {"type": "Point", "coordinates": [-81.570914, 41.097185]}}, {"type": "Feature", "properties": {"address": "251 Caladonia Ave", "city": "Akron", "zip": 44333.0, "url": "https://www.realtor.com/realestateandhomes-detail/251-Caladonia-Ave_Fairlawn_OH_44333_M36426-48708", "price": 284900.0, "pred_price": 313197.8, "excess_pct": -8.6, "rel_discount": -5.4, "local_mae_pct": 5.16, "pctile": 13.9, "beds": 3.0, "baths": 2.0, "sqft": 1440.0, "lot_sqft": 9757.0, "year_built": 1990.0, "ptype_cat": "single", "days_on_market": 8.0, "n_cuts": 0.0, "cum_cut_pct": 0.0, "days_to_pending": null, "ph_exposure": 0.01, "ph_dist_m": 663.86, "d_fwy": 1973.44, "d_art": 478.29, "school_pi": 89.7, "crime_rate": 46.85, "income": 90604.0, "model_mae_pct": 6.2, "segment": "ppsf:190-300,price:250000-600000", "asof": "2026-09-20 20:52"}, "geometry": {"type": "Point", "coordinates": [-81.603021, 41.131874]}}, {"type": "Feature", "properties": {"address": "3295 Lullaby Ln", "city": "Clinton", "zip": 44216.0, "url": "https://www.realtor.com/realestateandhomes-detail/3295-Lullaby-Ln_New-Franklin_OH_44216_M42485-92934", "price": 299900.0, "pred_price": 272641.0, "excess_pct": 10.4, "rel_discount": 13.6, "local_mae_pct": 6.5, "pctile": 83.5, "beds": 3.0, "baths": 2.0, "sqft": 1040.0, "lot_sqft": 12023.0, "year_built": 1965.0, "ptype_cat": "single", "days_on_market": 55.0, "n_cuts": 2.0, "cum_cut_pct": -3.23, "days_to_pending": null, "ph_exposure": 0.0, "ph_dist_m": 3256.25, "d_fwy": 2384.39, "d_art": 2693.19, "school_pi": 86.7, "crime_rate": 7.0, "income": 68250.0, "model_mae_pct": 6.2, "segment": "ppsf:190-300,price:250000-600000", "asof": "2026-09-20 20:52"}, "geometry": {"type": "Point", "coordinates": [-81.643492, 40.973282]}}, {"type": "Feature", "properties": {"address": "2272 McMackin Rd", "city": "Madison", "zip": 44057.0, "url": "https://www.realtor.com/realestateandhomes-detail/2272-McMackin-Rd_Madison_OH_44057_M44603-04604", "price": 574900.0, "pred_price": 450396.93, "excess_pct": 28.0, "rel_discount": null, "local_mae_pct": 5.16, "pctile": 98.6, "beds": 4.0, "baths": 2.5, "sqft": 2215.0, "lot_sqft": 519671.0, "year_built": 1983.0, "ptype_cat": "single", "days_on_market": 89.0, "n_cuts": 0.0, "cum_cut_pct": 0.0, "days_to_pending": null, "ph_exposure": 0.0, "ph_dist_m": 15094.88, "d_fwy": 7029.45, "d_art": 1973.17, "school_pi": 76.7, "crime_rate": null, "income": 95729.0, "model_mae_pct": 6.2, "segment": "ppsf:190-300,price:250000-600000", "asof": "2026-09-20 20:52"}, "geometry": {"type": "Point", "coordinates": [-81.095775, 41.813095]}}, {"type": "Feature", "properties": {"address": "331 Cherry Rdg", "city": "Tallmadge", "zip": 44278.0, "url": "https://www.realtor.com/realestateandhomes-detail/331-Cherry-Rdg-45_Tallmadge_OH_44278_M93711-22923", "price": 515880.0, "pred_price": 437683.98, "excess_pct": 18.3, "rel_discount": 15.4, "local_mae_pct": 5.79, "pctile": 94.2, "beds": 3.0, "baths": 2.0, "sqft": 1909.0, "lot_sqft": 17001.0, "year_built": 2025.0, "ptype_cat": "single", "days_on_market": 2042.0, "n_cuts": 0.0, "cum_cut_pct": 0.0, "days_to_pending": null, "ph_exposure": 0.31, "ph_dist_m": 1034.55, "d_fwy": 3014.94, "d_art": 941.75, "school_pi": 81.6, "crime_rate": null, "income": 96346.0, "model_mae_pct": 6.2, "segment": "ppsf:190-300,price:250000-600000", "asof": "2026-09-20 20:52"}, "geometry": {"type": "Point", "coordinates": [-81.451645, 41.114521]}}, {"type": "Feature", "properties": {"address": "4658 Danforth Reserve", "city": "Stow", "zip": 44224.0, "url": "https://www.realtor.com/realestateandhomes-detail/4658-Danforth-Reserve_Stow_OH_44224_M47385-29502", "price": 599900.0, "pred_price": 591540.65, "excess_pct": 1.8, "rel_discount": -1.1, "local_mae_pct": 5.14, "pctile": 58.1, "beds": 3.0, "baths": 3.0, "sqft": 2985.0, "lot_sqft": 8612.0, "year_built": 2002.0, "ptype_cat": "single", "days_on_market": 45.0, "n_cuts": 0.0, "cum_cut_pct": 0.0, "days_to_pending": null, "ph_exposure": 0.0, "ph_dist_m": 1398.13, "d_fwy": 4107.13, "d_art": 979.34, "school_pi": 83.4, "crime_rate": 18.61, "income": 102708.0, "model_mae_pct": 6.2, "segment": "ppsf:190-300,price:250000-600000", "asof": "2026-09-20 20:52"}, "geometry": {"type": "Point", "coordinates": [-81.428741, 41.189802]}}, {"type": "Feature", "properties": {"address": "3277 Mayfair Rd", "city": "Akron", "zip": 44312.0, "url": "https://www.realtor.com/realestateandhomes-detail/3277-Mayfair-Rd_Green_OH_44312_M42553-00803", "price": 265000.0, "pred_price": 283896.62, "excess_pct": -6.3, "rel_discount": -3.2, "local_mae_pct": 6.61, "pctile": 21.7, "beds": 3.0, "baths": 2.0, "sqft": 992.0, "lot_sqft": 14000.0, "year_built": 1945.0, "ptype_cat": "single", "days_on_market": 19.0, "n_cuts": 1.0, "cum_cut_pct": -3.64, "days_to_pending": null, "ph_exposure": 0.01, "ph_dist_m": 2189.77, "d_fwy": 2590.87, "d_art": 425.22, "school_pi": 90.1, "crime_rate": null, "income": 65000.0, "model_mae_pct": 6.2, "segment": "ppsf:190-300,price:250000-600000", "asof": "2026-09-20 20:52"}, "geometry": {"type": "Point", "coordinates": [-81.440631, 40.979364]}}, {"type": "Feature", "properties": {"address": "S/L 46 Park Ave", "city": "Akron", "zip": 44313.0, "url": "https://www.realtor.com/realestateandhomes-detail/SL-46-Park-Ave-N_Akron_OH_44313_M90356-97811", "price": 439000.0, "pred_price": 347687.58, "excess_pct": 26.7, "rel_discount": 24.2, "local_mae_pct": 6.17, "pctile": 98.0, "beds": 3.0, "baths": 2.0, "sqft": 1500.0, "lot_sqft": 5976.0, "year_built": null, "ptype_cat": "single", "days_on_market": 357.0, "n_cuts": 0.0, "cum_cut_pct": 0.0, "days_to_pending": null, "ph_exposure": 0.16, "ph_dist_m": 1583.4, "d_fwy": 4051.83, "d_art": 77.35, "school_pi": 81.6, "crime_rate": null, "income": 70673.0, "model_mae_pct": 6.2, "segment": "ppsf:190-300,price:250000-600000", "asof": "2026-09-20 20:52"}, "geometry": {"type": "Point", "coordinates": [-81.439929, 41.103456]}}, {"type": "Feature", "properties": {"address": "10095 Regatta Trl", "city": "Reminderville", "zip": 44202.0, "url": "https://www.realtor.com/realestateandhomes-detail/10095-Regatta-Trl_Reminderville_OH_44202_M47586-77781", "price": 449900.0, "pred_price": 379926.21, "excess_pct": 18.8, "rel_discount": 16.3, "local_mae_pct": 6.5, "pctile": 94.6, "beds": 4.0, "baths": 2.5, "sqft": 1798.0, "lot_sqft": 15899.0, "year_built": 1975.0, "ptype_cat": "single", "days_on_market": 13.0, "n_cuts": 0.0, "cum_cut_pct": 0.0, "days_to_pending": null, "ph_exposure": 0.0, "ph_dist_m": 4006.65, "d_fwy": 4448.24, "d_art": 2306.56, "school_pi": 88.3, "crime_rate": 4.13, "income": 106905.0, "model_mae_pct": 6.2, "segment": "ppsf:190-300,price:250000-600000", "asof": "2026-09-20 20:52"}, "geometry": {"type": "Point", "coordinates": [-81.397694, 41.333163]}}, {"type": "Feature", "properties": {"address": "1988 S Cleveland Massillon Rd", "city": "Copley", "zip": 44321.0, "url": "https://www.realtor.com/realestateandhomes-detail/1988-S-Cleveland-Massillon-Rd_Copley_OH_44321_M37652-16393", "price": 269900.0, "pred_price": 275913.43, "excess_pct": -1.8, "rel_discount": 1.3, "local_mae_pct": 6.6, "pctile": 39.5, "beds": 3.0, "baths": 2.0, "sqft": 1264.0, "lot_sqft": 21911.0, "year_built": 1925.0, "ptype_cat": "single", "days_on_market": 122.0, "n_cuts": 1.0, "cum_cut_pct": -3.57, "days_to_pending": null, "ph_exposure": 0.0, "ph_dist_m": 4955.2, "d_fwy": 1392.66, "d_art": 5751.57, "school_pi": 89.7, "crime_rate": null, "income": 84286.0, "model_mae_pct": 6.2, "segment": "ppsf:190-300,price:250000-600000", "asof": "2026-09-20 20:52"}, "geometry": {"type": "Point", "coordinates": [-81.645062, 41.083658]}}, {"type": "Feature", "properties": {"address": "564 Neptune Dr", "city": "Uniontown", "zip": 44685.0, "url": "https://www.realtor.com/realestateandhomes-detail/564-Neptune-Dr_Green_OH_44685_M43707-50693", "price": 275000.0, "pred_price": 287634.67, "excess_pct": -4.0, "rel_discount": -0.9, "local_mae_pct": 6.5, "pctile": 30.7, "beds": 3.0, "baths": 1.5, "sqft": 1144.0, "lot_sqft": 24002.0, "year_built": 1962.0, "ptype_cat": "single", "days_on_market": 19.0, "n_cuts": 0.0, "cum_cut_pct": 0.0, "days_to_pending": null, "ph_exposure": 0.0, "ph_dist_m": 3731.48, "d_fwy": 3949.49, "d_art": 3975.19, "school_pi": 90.1, "crime_rate": null, "income": 111544.0, "model_mae_pct": 6.2, "segment": "ppsf:190-300,price:250000-600000", "asof": "2026-09-20 20:52"}, "geometry": {"type": "Point", "coordinates": [-81.513064, 40.950687]}}]}