{"type": "FeatureCollection", "features": [{"type": "Feature", "properties": {"watch_primary": "below_model", "watch_rank": 16, "watch_n_reasons": 1, "asof": "2026-10-07 00:38", "w_move_fast": false, "w_cut_likely": false, "w_room": false, "w_below_model": true, "price_tier": "core", "address": "1012 Ashford Ct", "city": "Columbia Station", "zip": 44028.0, "url": "https://www.redfin.com/OH/Columbia-Station/1012-Ashford-Ct-44028/home/201734642", "price": 469900.0, "beds": 4.0, "baths": 3.5, "sqft": 2464.0, "year_built": 2025.0, "dom": 34.0, "n_cuts": 2.0, "cum_cut_pct": -10.478, "p_contract_7d": 0.13, "p_cut_7d": 0.014, "exp_stl_pct": 0.5, "stl_lo": -2.9, "stl_hi": 2.6, "exp_sale_price": 472200.0, "exp_room_dollars": -2300.0, "pos_tier": 0.0, "kw_asis": 0.0, "rel_discount": -21.0}, "geometry": {"type": "Point", "coordinates": [-81.903013, 41.343142]}}, {"type": "Feature", "properties": {"watch_primary": "move_fast", "watch_rank": 4, "watch_n_reasons": 1, "asof": "2026-10-07 00:38", "w_move_fast": true, "w_cut_likely": false, "w_room": false, "w_below_model": false, "price_tier": "core", "address": "1018 Smokerise Dr", "city": "Medina", "zip": 44256.0, "url": "https://www.redfin.com/OH/Medina/1018-Smokerise-Dr-44256/home/66559482", "price": 315000.0, "beds": 5.0, "baths": 2.5, "sqft": 1792.0, "year_built": 1981.0, "dom": 10.0, "n_cuts": 1.0, "cum_cut_pct": -3.963, "p_contract_7d": 0.52, "p_cut_7d": 0.121, "exp_stl_pct": -0.0, "stl_lo": -4.8, "stl_hi": 2.4, "exp_sale_price": 315000.0, "exp_room_dollars": 0.0, "pos_tier": 0.0, "kw_asis": 0.0, "rel_discount": null}, "geometry": {"type": "Point", "coordinates": [-81.841809, 41.127569]}}, {"type": "Feature", "properties": {"watch_primary": "cut_likely", "watch_rank": 36, "watch_n_reasons": 1, "asof": "2026-10-07 00:38", "w_move_fast": false, "w_cut_likely": true, "w_room": false, "w_below_model": false, "price_tier": "core", "address": "1031 Chevelle Dr", "city": "Akron", "zip": 44319.0, "url": "https://www.redfin.com/OH/Akron/1031-Chevelle-Dr-44319/home/75536042", "price": 344900.0, "beds": 3.0, "baths": 2.0, "sqft": 1880.0, "year_built": 1965.0, "dom": 14.0, "n_cuts": 1.0, "cum_cut_pct": -1.429, "p_contract_7d": 0.088, "p_cut_7d": 0.349, "exp_stl_pct": 0.4, "stl_lo": -2.6, "stl_hi": 3.0, "exp_sale_price": 346300.0, "exp_room_dollars": -1400.0, "pos_tier": 0.0, "kw_asis": 0.0, "rel_discount": null}, "geometry": {"type": "Point", "coordinates": [-81.486509, 41.00157]}}, {"type": "Feature", "properties": {"watch_primary": "room", "watch_rank": 1, "watch_n_reasons": 1, "asof": "2026-10-07 00:38", "w_move_fast": false, "w_cut_likely": false, "w_room": true, "w_below_model": false, "price_tier": "core", "address": "1073 Ashview Dr", "city": "Madison", "zip": 44057.0, "url": "https://www.redfin.com/OH/Madison/1073-Ashview-Dr-44057/home/77630312", "price": 350000.0, "beds": 3.0, "baths": 2.5, "sqft": 1775.0, "year_built": 2012.0, "dom": 350.0, "n_cuts": 0.0, "cum_cut_pct": 0.0, "p_contract_7d": 0.012, "p_cut_7d": 0.027, "exp_stl_pct": -6.0, "stl_lo": -5.5, "stl_hi": -1.3, "exp_sale_price": 329000.0, "exp_room_dollars": 21000.0, "pos_tier": 0.0, "kw_asis": 0.0, "rel_discount": null}, "geometry": {"type": "Point", "coordinates": [-81.0104, 41.845362]}}, {"type": "Feature", "properties": {"watch_primary": "below_model", "watch_rank": 23, "watch_n_reasons": 1, "asof": "2026-10-07 00:38", "w_move_fast": false, "w_cut_likely": false, "w_room": false, "w_below_model": true, "price_tier": "core", "address": "10831 Wilson Mills Rd", "city": "Chardon", "zip": 44024.0, "url": "https://www.redfin.com/OH/Chardon/10831-Wilson-Mills-Rd-44024/home/66391745", "price": 359900.0, "beds": 5.0, "baths": 3.5, "sqft": 2938.0, "year_built": 1846.0, "dom": 200.0, "n_cuts": 2.0, "cum_cut_pct": -5.265, "p_contract_7d": 0.053, "p_cut_7d": 0.246, "exp_stl_pct": -0.9, "stl_lo": -9.1, "stl_hi": 1.8, "exp_sale_price": 356700.0, "exp_room_dollars": 3200.0, "pos_tier": 0.0, "kw_asis": 0.0, "rel_discount": -19.6}, "geometry": {"type": "Point", "coordinates": [-81.253129, 41.553912]}}, {"type": "Feature", "properties": {"watch_primary": "below_model", "watch_rank": 26, "watch_n_reasons": 1, "asof": "2026-10-07 00:38", "w_move_fast": false, "w_cut_likely": false, "w_room": false, "w_below_model": true, "price_tier": "core", "address": "11018 Ellis Ave", "city": "Columbia Station", "zip": 44028.0, "url": "https://www.redfin.com/OH/Columbia-Station/11018-Ellis-AVE-44028/home/206129527", "price": 448500.0, "beds": 4.0, "baths": 3.5, "sqft": 3186.0, "year_built": 2026.0, "dom": 1.0, "n_cuts": 0.0, "cum_cut_pct": 0.0, "p_contract_7d": 0.017, "p_cut_7d": 0.019, "exp_stl_pct": 0.8, "stl_lo": -1.6, "stl_hi": 5.4, "exp_sale_price": 452100.0, "exp_room_dollars": -3600.0, "pos_tier": 0.0, "kw_asis": 0.0, "rel_discount": -18.9}, "geometry": {"type": "Point", "coordinates": [-81.986229, 41.326649]}}, {"type": "Feature", "properties": {"watch_primary": "below_model", "watch_rank": 10, "watch_n_reasons": 1, "asof": "2026-10-07 00:38", "w_move_fast": false, "w_cut_likely": false, "w_room": false, "w_below_model": true, "price_tier": "core", "address": "1127 Fireside Trl", "city": "Broadview Heights", "zip": 44147.0, "url": "https://www.redfin.com/OH/Broadview-Heights/1127-Fireside-Trl-44147/home/70929119", "price": 429900.0, "beds": 4.0, "baths": 3.0, "sqft": 2654.0, "year_built": 1996.0, "dom": 55.0, "n_cuts": 4.0, "cum_cut_pct": -17.311, "p_contract_7d": 0.236, "p_cut_7d": 0.271, "exp_stl_pct": -1.7, "stl_lo": -4.7, "stl_hi": 1.1, "exp_sale_price": 422600.0, "exp_room_dollars": 7300.0, "pos_tier": 0.0, "kw_asis": 0.0, "rel_discount": -22.0}, "geometry": {"type": "Point", "coordinates": [-81.690195, 41.29219]}}, {"type": "Feature", "properties": {"watch_primary": "below_model", "watch_rank": 33, "watch_n_reasons": 1, "asof": "2026-10-07 00:38", "w_move_fast": false, "w_cut_likely": false, "w_room": false, "w_below_model": true, "price_tier": "core", "address": "11952 Greyfriars Cir", "city": "North Royalton", "zip": 44133.0, "url": "https://www.redfin.com/OH/North-Royalton/11952-Greyfriars-Cir-44133/home/70903714", "price": 485000.0, "beds": 4.0, "baths": 2.5, "sqft": 2503.0, "year_built": 1994.0, "dom": 27.0, "n_cuts": 0.0, "cum_cut_pct": 0.0, "p_contract_7d": 0.089, "p_cut_7d": 0.225, "exp_stl_pct": 0.5, "stl_lo": -2.3, "stl_hi": 4.6, "exp_sale_price": 487400.0, "exp_room_dollars": -2400.0, "pos_tier": 0.0, "kw_asis": 0.0, "rel_discount": -18.0}, "geometry": {"type": "Point", "coordinates": [-81.773631, 41.281399]}}, {"type": "Feature", "properties": {"watch_primary": "cut_likely", "watch_rank": 10, "watch_n_reasons": 1, "asof": "2026-10-07 00:38", "w_move_fast": false, "w_cut_likely": true, "w_room": false, "w_below_model": false, "price_tier": "core", "address": "1256 Winter Fern Ave", "city": "Akron", "zip": 44312.0, "url": "https://www.redfin.com/OH/Akron/1256-Winter-Fern-Ave-44312/home/66265074", "price": 284900.0, "beds": 3.0, "baths": 2.5, "sqft": 1700.0, "year_built": 2012.0, "dom": 20.0, "n_cuts": 2.0, "cum_cut_pct": -4.716, "p_contract_7d": 0.116, "p_cut_7d": 0.439, "exp_stl_pct": -0.1, "stl_lo": -3.0, "stl_hi": 0.7, "exp_sale_price": 284600.0, "exp_room_dollars": 300.0, "pos_tier": 0.0, "kw_asis": 0.0, "rel_discount": null}, "geometry": {"type": "Point", "coordinates": [-81.398217, 41.016879]}}, {"type": "Feature", "properties": {"watch_primary": "cut_likely", "watch_rank": 13, "watch_n_reasons": 1, "asof": "2026-10-07 00:38", "w_move_fast": false, "w_cut_likely": true, "w_room": false, "w_below_model": false, "price_tier": "core", "address": "1257 Muchney Cir", "city": "Akron", "zip": 44312.0, "url": "https://www.realtor.com/realestateandhomes-detail/1257-Muchney-Cir_Green_OH_44312_M44814-65882", "price": 489000.0, "beds": 4.0, "baths": 3.0, "sqft": 3844.0, "year_built": 2004.0, "dom": 18.0, "n_cuts": 2.0, "cum_cut_pct": -2.004, "p_contract_7d": 0.095, "p_cut_7d": 0.431, "exp_stl_pct": 0.3, "stl_lo": -2.4, "stl_hi": 4.8, "exp_sale_price": 490500.0, "exp_room_dollars": -1500.0, "pos_tier": 0.0, "kw_asis": 0.0, "rel_discount": null}, "geometry": {"type": "Point", "coordinates": [-81.480593, 40.979143]}}, {"type": "Feature", "properties": {"watch_primary": "cut_likely", "watch_rank": 21, "watch_n_reasons": 1, "asof": "2026-10-07 00:38", "w_move_fast": false, "w_cut_likely": true, "w_room": false, "w_below_model": false, "price_tier": "core", "address": "1257 Muchney Cir", "city": "Green", "zip": 44312.0, "url": "https://www.redfin.com/OH/Green/1257-Muchney-Cir-44312/home/100660173", "price": 489000.0, "beds": 4.0, "baths": 3.0, "sqft": 2785.0, "year_built": 2004.0, "dom": 19.0, "n_cuts": 2.0, "cum_cut_pct": -2.004, "p_contract_7d": 0.097, "p_cut_7d": 0.393, "exp_stl_pct": 0.3, "stl_lo": -2.6, "stl_hi": 4.2, "exp_sale_price": 490500.0, "exp_room_dollars": -1500.0, "pos_tier": 0.0, "kw_asis": 0.0, "rel_discount": null}, "geometry": {"type": "Point", "coordinates": [-81.480524, 40.979132]}}, {"type": "Feature", "properties": {"watch_primary": "cut_likely", "watch_rank": 39, "watch_n_reasons": 1, "asof": "2026-10-07 00:38", "w_move_fast": false, "w_cut_likely": true, "w_room": false, "w_below_model": false, "price_tier": "core", "address": "1307 Ford Rd", "city": "Lyndhurst", "zip": 44124.0, "url": "https://www.redfin.com/OH/Lyndhurst/1307-Ford-Rd-44124/home/71028666", "price": 374900.0, "beds": 5.0, "baths": 2.5, "sqft": 2340.0, "year_built": 1956.0, "dom": 36.0, "n_cuts": 2.0, "cum_cut_pct": -5.089, "p_contract_7d": 0.061, "p_cut_7d": 0.348, "exp_stl_pct": -1.0, "stl_lo": -3.7, "stl_hi": 1.1, "exp_sale_price": 371200.0, "exp_room_dollars": 3700.0, "pos_tier": 0.0, "kw_asis": 0.0, "rel_discount": null}, "geometry": {"type": "Point", "coordinates": [-81.478836, 41.524405]}}, {"type": "Feature", "properties": {"watch_primary": "cut_likely", "watch_rank": 26, "watch_n_reasons": 1, "asof": "2026-10-07 00:38", "w_move_fast": false, "w_cut_likely": true, "w_room": false, "w_below_model": false, "price_tier": "core", "address": "131 Edgewood Dr", "city": "Berea", "zip": 44017.0, "url": "https://www.redfin.com/OH/Berea/131-Edgewood-Dr-44017/home/70854352", "price": 270000.0, "beds": 4.0, "baths": 1.5, "sqft": 1568.0, "year_built": 1951.0, "dom": 48.0, "n_cuts": 1.0, "cum_cut_pct": -3.571, "p_contract_7d": 0.177, "p_cut_7d": 0.38, "exp_stl_pct": -0.4, "stl_lo": -3.1, "stl_hi": 2.6, "exp_sale_price": 268900.0, "exp_room_dollars": 1100.0, "pos_tier": 0.0, "kw_asis": 0.0, "rel_discount": null}, "geometry": {"type": "Point", "coordinates": [-81.870374, 41.369055]}}, {"type": "Feature", "properties": {"watch_primary": "below_model", "watch_rank": 11, "watch_n_reasons": 1, "asof": "2026-10-07 00:38", "w_move_fast": false, "w_cut_likely": false, "w_room": false, "w_below_model": true, "price_tier": "core", "address": "131 Pine Ave", "city": "Peninsula", "zip": 44264.0, "url": "https://www.redfin.com/OH/Peninsula/131-Pine-Ave-44264/home/178712768", "price": 375000.0, "beds": 3.0, "baths": 2.5, "sqft": 1858.0, "year_built": 2022.0, "dom": 34.0, "n_cuts": 0.0, "cum_cut_pct": 0.0, "p_contract_7d": 0.059, "p_cut_7d": 0.089, "exp_stl_pct": 0.9, "stl_lo": -1.8, "stl_hi": 4.2, "exp_sale_price": 378400.0, "exp_room_dollars": -3400.0, "pos_tier": 0.0, "kw_asis": 0.0, "rel_discount": -21.8}, "geometry": {"type": "Point", "coordinates": [-81.496294, 41.206234]}}, {"type": "Feature", "properties": {"watch_primary": "room", "watch_rank": 9, "watch_n_reasons": 1, "asof": "2026-10-07 00:38", "w_move_fast": false, "w_cut_likely": false, "w_room": true, "w_below_model": false, "price_tier": "upper", "address": "1343 Vermillion Dr", "city": "Barberton", "zip": 44203.0, "url": "https://www.realtor.com/realestateandhomes-detail/1343-Vermillion-Dr_New-Franklin_OH_44203_M42646-17289", "price": 670000.0, "beds": 4.0, "baths": 4.5, "sqft": 4686.0, "year_built": 1993.0, "dom": 90.0, "n_cuts": 1.0, "cum_cut_pct": -2.19, "p_contract_7d": 0.032, "p_cut_7d": 0.123, "exp_stl_pct": -4.9, "stl_lo": -6.7, "stl_hi": -1.5, "exp_sale_price": 637200.0, "exp_room_dollars": 32800.0, "pos_tier": 0.0, "kw_asis": 0.0, "rel_discount": null}, "geometry": {"type": "Point", "coordinates": [-81.571723, 40.978481]}}, {"type": "Feature", "properties": {"watch_primary": "room", "watch_rank": 40, "watch_n_reasons": 1, "asof": "2026-10-07 00:38", "w_move_fast": false, "w_cut_likely": false, "w_room": true, "w_below_model": false, "price_tier": "upper", "address": "1343 Vermillion Dr", "city": "New Franklin", "zip": 44203.0, "url": "https://www.redfin.com/OH/New-Franklin/1343-Vermillion-Dr-44203/home/75464102", "price": 670000.0, "beds": 4.0, "baths": 4.5, "sqft": 3318.0, "year_built": 1993.0, "dom": 85.0, "n_cuts": 1.0, "cum_cut_pct": -2.19, "p_contract_7d": 0.024, "p_cut_7d": 0.118, "exp_stl_pct": -4.0, "stl_lo": -5.3, "stl_hi": -1.4, "exp_sale_price": 643200.0, "exp_room_dollars": 26800.0, "pos_tier": 0.0, "kw_asis": 0.0, "rel_discount": null}, "geometry": {"type": "Point", "coordinates": [-81.571805, 40.978463]}}, {"type": "Feature", "properties": {"watch_primary": "room", "watch_rank": 8, "watch_n_reasons": 1, "asof": "2026-10-07 00:38", "w_move_fast": false, "w_cut_likely": false, "w_room": true, "w_below_model": false, "price_tier": "core", "address": "13610 Sperry Rd", "city": "Novelty", "zip": 44072.0, "url": "https://www.redfin.com/OH/Novelty/13610-Sperry-Rd-44072/home/144369941", "price": 498000.0, "beds": 3.0, "baths": 3.0, "sqft": 3661.0, "year_built": 1929.0, "dom": 69.0, "n_cuts": 2.0, "cum_cut_pct": -9.124, "p_contract_7d": 0.099, "p_cut_7d": 0.096, "exp_stl_pct": -5.0, "stl_lo": -12.8, "stl_hi": -1.5, "exp_sale_price": 473100.0, "exp_room_dollars": 24900.0, "pos_tier": 0.0, "kw_asis": 1.0, "rel_discount": null}, "geometry": {"type": "Point", "coordinates": [-81.300853, 41.496321]}}, {"type": "Feature", "properties": {"watch_primary": "room", "watch_rank": 6, "watch_n_reasons": 1, "asof": "2026-10-07 00:38", "w_move_fast": false, "w_cut_likely": false, "w_room": true, "w_below_model": false, "price_tier": "core", "address": "13813 Ravenna Rd", "city": "Newbury", "zip": 44065.0, "url": "https://www.redfin.com/OH/Newbury/13813-Ravenna-Rd-44065/home/75367557", "price": 375000.0, "beds": 2.0, "baths": 1.5, "sqft": 1317.0, "year_built": 1953.0, "dom": 76.0, "n_cuts": 2.0, "cum_cut_pct": -6.25, "p_contract_7d": 0.079, "p_cut_7d": 0.142, "exp_stl_pct": -5.1, "stl_lo": -11.6, "stl_hi": -0.9, "exp_sale_price": 355900.0, "exp_room_dollars": 19100.0, "pos_tier": 0.0, "kw_asis": 0.0, "rel_discount": null}, "geometry": {"type": "Point", "coordinates": [-81.193163, 41.492239]}}, {"type": "Feature", "properties": {"watch_primary": "cut_likely", "watch_rank": 25, "watch_n_reasons": 1, "asof": "2026-10-07 00:38", "w_move_fast": false, "w_cut_likely": true, "w_room": false, "w_below_model": false, "price_tier": "upper", "address": "1382 W 59th St", "city": "Cleveland", "zip": 44102.0, "url": "https://www.redfin.com/OH/Cleveland/1382-W-59th-St-44102/home/70720229", "price": 659000.0, "beds": 4.0, "baths": 3.5, "sqft": 2400.0, "year_built": 1910.0, "dom": 57.0, "n_cuts": 3.0, "cum_cut_pct": -2.37, "p_contract_7d": 0.028, "p_cut_7d": 0.383, "exp_stl_pct": -2.3, "stl_lo": -7.2, "stl_hi": 0.2, "exp_sale_price": 643800.0, "exp_room_dollars": 15200.0, "pos_tier": 0.0, "kw_asis": 0.0, "rel_discount": null}, "geometry": {"type": "Point", "coordinates": [-81.72755, 41.485242]}}, {"type": "Feature", "properties": {"watch_primary": "below_model", "watch_rank": 19, "watch_n_reasons": 1, "asof": "2026-10-07 00:38", "w_move_fast": false, "w_cut_likely": false, "w_room": false, "w_below_model": true, "price_tier": "core", "address": "14122 Ashley Ln", "city": "North Royalton", "zip": 44133.0, "url": "https://www.redfin.com/OH/North-Royalton/14122-Ashley-Ln-44133/home/70904743", "price": 435000.0, "beds": 3.0, "baths": 3.0, "sqft": 2580.0, "year_built": 1992.0, "dom": 82.0, "n_cuts": 0.0, "cum_cut_pct": 0.0, "p_contract_7d": 0.045, "p_cut_7d": 0.096, "exp_stl_pct": -1.8, "stl_lo": -3.8, "stl_hi": 0.5, "exp_sale_price": 427200.0, "exp_room_dollars": 7800.0, "pos_tier": 0.0, "kw_asis": 0.0, "rel_discount": -19.9}, "geometry": {"type": "Point", "coordinates": [-81.719196, 41.311208]}}, {"type": "Feature", "properties": {"watch_primary": "cut_likely", "watch_rank": 1, "watch_n_reasons": 1, "asof": "2026-10-07 00:38", "w_move_fast": false, "w_cut_likely": true, "w_room": false, "w_below_model": false, "price_tier": "core", "address": "1413 Ashford Glen Ln", "city": "Northfield", "zip": 44067.0, "url": "https://www.redfin.com/OH/Northfield/1413-Ashford-Glen-Ln-44067/home/66112102", "price": 540000.0, "beds": 4.0, "baths": 2.5, "sqft": 2918.0, "year_built": 2001.0, "dom": 14.0, "n_cuts": 4.0, "cum_cut_pct": -8.475, "p_contract_7d": 0.138, "p_cut_7d": 0.673, "exp_stl_pct": 0.2, "stl_lo": -2.6, "stl_hi": 1.8, "exp_sale_price": 541100.0, "exp_room_dollars": -1100.0, "pos_tier": 0.0, "kw_asis": 0.0, "rel_discount": null}, "geometry": {"type": "Point", "coordinates": [-81.573988, 41.33681]}}, {"type": "Feature", "properties": {"watch_primary": "cut_likely", "watch_rank": 4, "watch_n_reasons": 1, "asof": "2026-10-07 00:38", "w_move_fast": false, "w_cut_likely": true, "w_room": false, "w_below_model": false, "price_tier": "core", "address": "1413 Ashford Glen Ln", "city": "Sagamore Hills", "zip": 44067.0, "url": "https://www.realtor.com/realestateandhomes-detail/1413-Ashford-Glen-Ln_Sagamore-Hills_OH_44067_M44178-15653", "price": 540000.0, "beds": 4.0, "baths": 2.5, "sqft": 2918.0, "year_built": 2001.0, "dom": 13.0, "n_cuts": 4.0, "cum_cut_pct": -8.475, "p_contract_7d": 0.285, "p_cut_7d": 0.626, "exp_stl_pct": 0.4, "stl_lo": -2.6, "stl_hi": 2.1, "exp_sale_price": 542200.0, "exp_room_dollars": -2200.0, "pos_tier": 0.0, "kw_asis": 0.0, "rel_discount": null}, "geometry": {"type": "Point", "coordinates": [-81.573932, 41.33682]}}, {"type": "Feature", "properties": {"watch_primary": "room", "watch_rank": 3, "watch_n_reasons": 1, "asof": "2026-10-07 00:38", "w_move_fast": false, "w_cut_likely": false, "w_room": true, "w_below_model": false, "price_tier": "core", "address": "1423 E 110th St", "city": "Cleveland", "zip": 44106.0, "url": "https://www.redfin.com/OH/Cleveland/1423-E-110th-St-44106/home/66087290", "price": 275000.0, "beds": 5.0, "baths": 2.0, "sqft": 1612.0, "year_built": 1900.0, "dom": 29.0, "n_cuts": 1.0, "cum_cut_pct": -6.78, "p_contract_7d": 0.026, "p_cut_7d": 0.031, "exp_stl_pct": -5.5, "stl_lo": -13.4, "stl_hi": 1.0, "exp_sale_price": 259900.0, "exp_room_dollars": 15100.0, "pos_tier": 0.0, "kw_asis": 1.0, "rel_discount": null}, "geometry": {"type": "Point", "coordinates": [-81.609143, 41.518851]}}, {"type": "Feature", "properties": {"watch_primary": "room", "watch_rank": 32, "watch_n_reasons": 1, "asof": "2026-10-07 00:38", "w_move_fast": false, "w_cut_likely": false, "w_room": true, "w_below_model": false, "price_tier": "core", "address": "1439 W 52nd St", "city": "Cleveland", "zip": 44102.0, "url": "https://www.redfin.com/OH/Cleveland/1439-W-52nd-St-44102/home/70720302", "price": 399000.0, "beds": 4.0, "baths": 2.0, "sqft": 1572.0, "year_built": 1900.0, "dom": 133.0, "n_cuts": 1.0, "cum_cut_pct": -7.852, "p_contract_7d": 0.037, "p_cut_7d": 0.051, "exp_stl_pct": -4.2, "stl_lo": -7.0, "stl_hi": -1.0, "exp_sale_price": 382200.0, "exp_room_dollars": 16800.0, "pos_tier": 0.0, "kw_asis": 0.0, "rel_discount": null}, "geometry": {"type": "Point", "coordinates": [-81.722231, 41.484955]}}, {"type": "Feature", "properties": {"watch_primary": "cut_likely", "watch_rank": 12, "watch_n_reasons": 1, "asof": "2026-10-07 00:38", "w_move_fast": false, "w_cut_likely": true, "w_room": false, "w_below_model": false, "price_tier": "upper", "address": "14665 Dora Dr", "city": "Newbury", "zip": 44065.0, "url": "https://www.redfin.com/OH/Newbury/14665-Dora-Dr-44065/home/66421288", "price": 799900.0, "beds": 4.0, "baths": 4.0, "sqft": 2878.0, "year_built": 2022.0, "dom": 13.0, "n_cuts": 0.0, "cum_cut_pct": 0.0, "p_contract_7d": 0.063, "p_cut_7d": 0.432, "exp_stl_pct": -1.5, "stl_lo": -3.2, "stl_hi": 0.7, "exp_sale_price": 787900.0, "exp_room_dollars": 12000.0, "pos_tier": 0.0, "kw_asis": 0.0, "rel_discount": null}, "geometry": {"type": "Point", "coordinates": [-81.248506, 41.469206]}}, {"type": "Feature", "properties": {"watch_primary": "room", "watch_rank": 4, "watch_n_reasons": 1, "asof": "2026-10-07 00:38", "w_move_fast": false, "w_cut_likely": false, "w_room": true, "w_below_model": false, "price_tier": "upper", "address": "15490 Riddle Rd", "city": "Chagrin Falls", "zip": 44022.0, "url": "https://www.redfin.com/OH/Chagrin-Falls/15490-Riddle-Rd-44022/home/75369741", "price": 699000.0, "beds": 3.0, "baths": 2.5, "sqft": 2847.0, "year_built": 1983.0, "dom": 103.0, "n_cuts": 0.0, "cum_cut_pct": 0.0, "p_contract_7d": 0.054, "p_cut_7d": 0.07, "exp_stl_pct": -5.5, "stl_lo": -7.9, "stl_hi": -2.1, "exp_sale_price": 660600.0, "exp_room_dollars": 38400.0, "pos_tier": 0.0, "kw_asis": 0.0, "rel_discount": null}, "geometry": {"type": "Point", "coordinates": [-81.368575, 41.446489]}}, {"type": "Feature", "properties": {"watch_primary": "cut_likely", "watch_rank": 6, "watch_n_reasons": 1, "asof": "2026-10-07 00:38", "w_move_fast": false, "w_cut_likely": true, "w_room": false, "w_below_model": false, "price_tier": "core", "address": "1555 W Market St", "city": "Akron", "zip": 44313.0, "url": "https://www.redfin.com/OH/Akron/1555-W-Market-St-44313/home/107358164", "price": 519900.0, "beds": 4.0, "baths": 3.5, "sqft": 3898.0, "year_built": 1924.0, "dom": 29.0, "n_cuts": 3.0, "cum_cut_pct": -5.456, "p_contract_7d": 0.077, "p_cut_7d": 0.535, "exp_stl_pct": -1.6, "stl_lo": -5.1, "stl_hi": 1.3, "exp_sale_price": 511600.0, "exp_room_dollars": 8300.0, "pos_tier": 0.0, "kw_asis": 0.0, "rel_discount": null}, "geometry": {"type": "Point", "coordinates": [-81.56538, 41.108183]}}, {"type": "Feature", "properties": {"watch_primary": "cut_likely", "watch_rank": 29, "watch_n_reasons": 1, "asof": "2026-10-07 00:38", "w_move_fast": false, "w_cut_likely": true, "w_room": false, "w_below_model": false, "price_tier": "core", "address": "159 Keywood Blvd", "city": "Lagrange", "zip": 44050.0, "url": "https://www.redfin.com/OH/Lagrange/159-Keywood-Blvd-44050/home/174858082", "price": 359000.0, "beds": 4.0, "baths": 2.5, "sqft": 1704.0, "year_built": 2021.0, "dom": 12.0, "n_cuts": 2.0, "cum_cut_pct": -2.947, "p_contract_7d": 0.11, "p_cut_7d": 0.378, "exp_stl_pct": -0.1, "stl_lo": -2.8, "stl_hi": 0.6, "exp_sale_price": 358600.0, "exp_room_dollars": 400.0, "pos_tier": 0.0, "kw_asis": 0.0, "rel_discount": null}, "geometry": {"type": "Point", "coordinates": [-82.124345, 41.24459]}}, {"type": "Feature", "properties": {"watch_primary": "cut_likely", "watch_rank": 34, "watch_n_reasons": 1, "asof": "2026-10-07 00:38", "w_move_fast": false, "w_cut_likely": true, "w_room": false, "w_below_model": false, "price_tier": "core", "address": "1634 Parkview Dr", "city": "Seven Hills", "zip": 44131.0, "url": "https://www.redfin.com/OH/Seven-Hills/1634-Parkview-Dr-44131/home/70917902", "price": 305000.0, "beds": 3.0, "baths": 1.5, "sqft": 1830.0, "year_built": 1962.0, "dom": 17.0, "n_cuts": 1.0, "cum_cut_pct": -1.581, "p_contract_7d": 0.206, "p_cut_7d": 0.358, "exp_stl_pct": -0.4, "stl_lo": -4.3, "stl_hi": 3.1, "exp_sale_price": 303800.0, "exp_room_dollars": 1200.0, "pos_tier": 0.0, "kw_asis": 0.0, "rel_discount": null}, "geometry": {"type": "Point", "coordinates": [-81.674586, 41.376326]}}, {"type": "Feature", "properties": {"watch_primary": "below_model", "watch_rank": 12, "watch_n_reasons": 1, "asof": "2026-10-07 00:38", "w_move_fast": false, "w_cut_likely": false, "w_room": false, "w_below_model": true, "price_tier": "core", "address": "168 Eagle Cir", "city": "Amherst", "zip": 44001.0, "url": "https://www.redfin.com/OH/Amherst/168-Eagle-Cir-44001/home/178389122", "price": 317400.0, "beds": 3.0, "baths": 2.0, "sqft": 1230.0, "year_built": 2023.0, "dom": 40.0, "n_cuts": 1.0, "cum_cut_pct": -2.308, "p_contract_7d": 0.042, "p_cut_7d": 0.197, "exp_stl_pct": -1.4, "stl_lo": -3.1, "stl_hi": 3.1, "exp_sale_price": 313000.0, "exp_room_dollars": 4400.0, "pos_tier": 0.0, "kw_asis": 0.0, "rel_discount": -21.6}, "geometry": {"type": "Point", "coordinates": [-82.246666, 41.412794]}}, {"type": "Feature", "properties": {"watch_primary": "room", "watch_rank": 18, "watch_n_reasons": 1, "asof": "2026-10-07 00:38", "w_move_fast": false, "w_cut_likely": false, "w_room": true, "w_below_model": false, "price_tier": "upper", "address": "17151 Farmington Rd", "city": "West Farmington", "zip": 44491.0, "url": "https://www.realtor.com/realestateandhomes-detail/17151-Farmington-Rd_West-Farmington_OH_44491_M38259-99040", "price": 790000.0, "beds": 3.0, "baths": 4.0, "sqft": 2505.0, "year_built": 2001.0, "dom": 141.0, "n_cuts": 0.0, "cum_cut_pct": 0.0, "p_contract_7d": 0.014, "p_cut_7d": 0.044, "exp_stl_pct": -4.5, "stl_lo": -6.3, "stl_hi": 0.9, "exp_sale_price": 754400.0, "exp_room_dollars": 35600.0, "pos_tier": 0.0, "kw_asis": 0.0, "rel_discount": null}, "geometry": {"type": "Point", "coordinates": [-81.030985, 41.367162]}}, {"type": "Feature", "properties": {"watch_primary": "cut_likely", "watch_rank": 30, "watch_n_reasons": 1, "asof": "2026-10-07 00:38", "w_move_fast": false, "w_cut_likely": true, "w_room": false, "w_below_model": false, "price_tier": "core", "address": "1721 Grant Ave", "city": "Cuyahoga Falls", "zip": 44223.0, "url": "https://www.redfin.com/OH/Cuyahoga-Falls/1721-Grant-Ave-44223/home/66548148", "price": 315000.0, "beds": 3.0, "baths": 2.5, "sqft": 1804.0, "year_built": 1928.0, "dom": 22.0, "n_cuts": 0.0, "cum_cut_pct": 0.0, "p_contract_7d": 0.066, "p_cut_7d": 0.374, "exp_stl_pct": 0.3, "stl_lo": -2.4, "stl_hi": 2.0, "exp_sale_price": 315900.0, "exp_room_dollars": -900.0, "pos_tier": 0.0, "kw_asis": 0.0, "rel_discount": null}, "geometry": {"type": "Point", "coordinates": [-81.503569, 41.127082]}}, {"type": "Feature", "properties": {"watch_primary": "cut_likely", "watch_rank": 37, "watch_n_reasons": 1, "asof": "2026-10-07 00:38", "w_move_fast": false, "w_cut_likely": true, "w_room": false, "w_below_model": false, "price_tier": "core", "address": "1790 Wright Ave", "city": "Rocky River", "zip": 44116.0, "url": "https://www.redfin.com/OH/Rocky-River/1790-Wright-Ave-44116/home/66298601", "price": 529900.0, "beds": 3.0, "baths": 2.5, "sqft": 1800.0, "year_built": 1937.0, "dom": 12.0, "n_cuts": 0.0, "cum_cut_pct": 0.0, "p_contract_7d": 0.101, "p_cut_7d": 0.349, "exp_stl_pct": -0.9, "stl_lo": -2.8, "stl_hi": 1.8, "exp_sale_price": 525100.0, "exp_room_dollars": 4800.0, "pos_tier": 0.0, "kw_asis": 0.0, "rel_discount": null}, "geometry": {"type": "Point", "coordinates": [-81.836472, 41.479009]}}, {"type": "Feature", "properties": {"watch_primary": "cut_likely", "watch_rank": 32, "watch_n_reasons": 1, "asof": "2026-10-07 00:38", "w_move_fast": false, "w_cut_likely": true, "w_room": false, "w_below_model": false, "price_tier": "core", "address": "18328 Haskins Rd", "city": "Chagrin Falls", "zip": 44023.0, "url": "https://www.redfin.com/OH/Chagrin-Falls/18328-Haskins-Rd-44023/home/75347286", "price": 355000.0, "beds": 3.0, "baths": 1.0, "sqft": 1432.0, "year_built": 1963.0, "dom": 12.0, "n_cuts": 0.0, "cum_cut_pct": 0.0, "p_contract_7d": 0.139, "p_cut_7d": 0.362, "exp_stl_pct": -1.7, "stl_lo": -7.0, "stl_hi": 4.6, "exp_sale_price": 349000.0, "exp_room_dollars": 6000.0, "pos_tier": 0.0, "kw_asis": 0.0, "rel_discount": null}, "geometry": {"type": "Point", "coordinates": [-81.323601, 41.370899]}}, {"type": "Feature", "properties": {"watch_primary": "cut_likely", "watch_rank": 14, "watch_n_reasons": 1, "asof": "2026-10-07 00:38", "w_move_fast": false, "w_cut_likely": true, "w_room": false, "w_below_model": false, "price_tier": "core", "address": "1864 Remsen Rd", "city": "Medina", "zip": 44256.0, "url": "https://www.redfin.com/OH/Medina/1864-Remsen-Rd-44256/home/70480117", "price": 414999.0, "beds": 4.0, "baths": 2.5, "sqft": 2572.0, "year_built": 1837.0, "dom": 63.0, "n_cuts": 2.0, "cum_cut_pct": -5.682, "p_contract_7d": 0.084, "p_cut_7d": 0.429, "exp_stl_pct": -2.4, "stl_lo": -11.2, "stl_hi": 0.7, "exp_sale_price": 405000.0, "exp_room_dollars": 10000.0, "pos_tier": 0.0, "kw_asis": 0.0, "rel_discount": null}, "geometry": {"type": "Point", "coordinates": [-81.752974, 41.188325]}}, {"type": "Feature", "properties": {"watch_primary": "below_model", "watch_rank": 5, "watch_n_reasons": 1, "asof": "2026-10-07 00:38", "w_move_fast": false, "w_cut_likely": false, "w_room": false, "w_below_model": true, "price_tier": "core", "address": "18717 Walnut Dr", "city": "Strongsville", "zip": 44149.0, "url": "https://www.redfin.com/OH/Strongsville/18717-Walnut-Dr-44149/home/66439744", "price": 440000.0, "beds": 4.0, "baths": 2.5, "sqft": 2100.0, "year_built": 1994.0, "dom": 89.0, "n_cuts": 1.0, "cum_cut_pct": 0.0, "p_contract_7d": 0.13, "p_cut_7d": 0.137, "exp_stl_pct": -0.3, "stl_lo": -3.5, "stl_hi": 1.2, "exp_sale_price": 438700.0, "exp_room_dollars": 1300.0, "pos_tier": 0.0, "kw_asis": 0.0, "rel_discount": -23.2}, "geometry": {"type": "Point", "coordinates": [-81.843877, 41.283336]}}, {"type": "Feature", "properties": {"watch_primary": "room", "watch_rank": 35, "watch_n_reasons": 1, "asof": "2026-10-07 00:38", "w_move_fast": false, "w_cut_likely": false, "w_room": true, "w_below_model": false, "price_tier": "core", "address": "1886 E 71st St", "city": "Cleveland", "zip": 44103.0, "url": "https://www.realtor.com/realestateandhomes-detail/1886-E-71st-St_Cleveland_OH_44103_M42122-45738", "price": 425000.0, "beds": 4.0, "baths": 3.0, "sqft": 3130.0, "year_built": 1910.0, "dom": 57.0, "n_cuts": 0.0, "cum_cut_pct": 0.0, "p_contract_7d": 0.013, "p_cut_7d": 0.123, "exp_stl_pct": -4.1, "stl_lo": -10.8, "stl_hi": 0.7, "exp_sale_price": 407600.0, "exp_room_dollars": 17400.0, "pos_tier": 0.0, "kw_asis": 0.0, "rel_discount": null}, "geometry": {"type": "Point", "coordinates": [-81.640012, 41.507288]}}, {"type": "Feature", "properties": {"watch_primary": "room", "watch_rank": 28, "watch_n_reasons": 1, "asof": "2026-10-07 00:38", "w_move_fast": false, "w_cut_likely": false, "w_room": true, "w_below_model": false, "price_tier": "core", "address": "1889 E 84th St", "city": "Cleveland", "zip": 44103.0, "url": "https://www.realtor.com/realestateandhomes-detail/1889-E-84th-St_Cleveland_OH_44103_M37895-44969", "price": 374999.0, "beds": 3.0, "baths": 2.5, "sqft": 2386.0, "year_built": 2026.0, "dom": 179.0, "n_cuts": 2.0, "cum_cut_pct": -5.779, "p_contract_7d": 0.016, "p_cut_7d": 0.087, "exp_stl_pct": -4.3, "stl_lo": -9.9, "stl_hi": 0.0, "exp_sale_price": 358900.0, "exp_room_dollars": 16100.0, "pos_tier": 0.0, "kw_asis": 0.0, "rel_discount": null}, "geometry": {"type": "Point", "coordinates": [-81.628503, 41.50662]}}, {"type": "Feature", "properties": {"watch_primary": "below_model", "watch_rank": 24, "watch_n_reasons": 1, "asof": "2026-10-07 00:38", "w_move_fast": false, "w_cut_likely": false, "w_room": false, "w_below_model": true, "price_tier": "core", "address": "1901 Pembrooke Ln", "city": "Avon", "zip": 44011.0, "url": "https://www.redfin.com/OH/Avon/1901-Pembrooke-Ln-44011/home/75824824", "price": 499000.0, "beds": 3.0, "baths": 3.0, "sqft": 1871.0, "year_built": 2001.0, "dom": 69.0, "n_cuts": 0.0, "cum_cut_pct": 0.0, "p_contract_7d": 0.083, "p_cut_7d": 0.135, "exp_stl_pct": -1.5, "stl_lo": -3.9, "stl_hi": 1.0, "exp_sale_price": 491500.0, "exp_room_dollars": 7500.0, "pos_tier": 0.0, "kw_asis": 0.0, "rel_discount": -19.5}, "geometry": {"type": "Point", "coordinates": [-82.005122, 41.462676]}}, {"type": "Feature", "properties": {"watch_primary": "below_model", "watch_rank": 18, "watch_n_reasons": 1, "asof": "2026-10-07 00:38", "w_move_fast": false, "w_cut_likely": false, "w_room": false, "w_below_model": true, "price_tier": "core", "address": "1936 Pembrooke Ln", "city": "Avon", "zip": 44011.0, "url": "https://www.redfin.com/OH/Avon/1936-Pembrooke-Ln-44011/home/66287025", "price": 399995.0, "beds": 2.0, "baths": 2.0, "sqft": 1847.0, "year_built": 1999.0, "dom": 5.0, "n_cuts": 2.0, "cum_cut_pct": -5.884, "p_contract_7d": 0.343, "p_cut_7d": 0.077, "exp_stl_pct": 3.1, "stl_lo": -0.0, "stl_hi": 5.9, "exp_sale_price": 412400.0, "exp_room_dollars": -12400.0, "pos_tier": 0.0, "kw_asis": 0.0, "rel_discount": -20.4}, "geometry": {"type": "Point", "coordinates": [-82.007049, 41.461354]}}, {"type": "Feature", "properties": {"watch_primary": "cut_likely", "watch_rank": 18, "watch_n_reasons": 1, "asof": "2026-10-07 00:38", "w_move_fast": false, "w_cut_likely": true, "w_room": false, "w_below_model": false, "price_tier": "core", "address": "1939 Chestnut Blvd", "city": "Cuyahoga Falls", "zip": 44223.0, "url": "https://www.redfin.com/OH/Cuyahoga-Falls/1939-Chestnut-Blvd-44223/home/66264771", "price": 334000.0, "beds": 3.0, "baths": 2.5, "sqft": 2088.0, "year_built": 1927.0, "dom": 18.0, "n_cuts": 1.0, "cum_cut_pct": -4.298, "p_contract_7d": 0.065, "p_cut_7d": 0.408, "exp_stl_pct": -1.2, "stl_lo": -4.3, "stl_hi": 2.4, "exp_sale_price": 330000.0, "exp_room_dollars": 4000.0, "pos_tier": 0.0, "kw_asis": 0.0, "rel_discount": null}, "geometry": {"type": "Point", "coordinates": [-81.506774, 41.129253]}}, {"type": "Feature", "properties": {"watch_primary": "below_model", "watch_rank": 17, "watch_n_reasons": 1, "asof": "2026-10-07 00:38", "w_move_fast": false, "w_cut_likely": false, "w_room": false, "w_below_model": true, "price_tier": "core", "address": "1950 W 47th St", "city": "Cleveland", "zip": 44102.0, "url": "https://www.redfin.com/OH/Cleveland/1950-W-47th-St-44102/home/66475413", "price": 330000.0, "beds": 3.0, "baths": 2.5, "sqft": 1795.0, "year_built": 1910.0, "dom": 12.0, "n_cuts": 0.0, "cum_cut_pct": 0.0, "p_contract_7d": 0.055, "p_cut_7d": 0.261, "exp_stl_pct": -0.6, "stl_lo": -4.8, "stl_hi": 3.4, "exp_sale_price": 328000.0, "exp_room_dollars": 2000.0, "pos_tier": 0.0, "kw_asis": 0.0, "rel_discount": -20.8}, "geometry": {"type": "Point", "coordinates": [-81.719125, 41.479751]}}, {"type": "Feature", "properties": {"watch_primary": "room", "watch_rank": 5, "watch_n_reasons": 1, "asof": "2026-10-07 00:38", "w_move_fast": false, "w_cut_likely": false, "w_room": true, "w_below_model": false, "price_tier": "core", "address": "1958 E 84th St", "city": "Cleveland", "zip": 44103.0, "url": "https://www.redfin.com/OH/Cleveland/1958-E-84th-St-44103/home/66130945", "price": 324900.0, "beds": 3.0, "baths": 2.5, "sqft": 2254.0, "year_built": 1997.0, "dom": 62.0, "n_cuts": 0.0, "cum_cut_pct": 0.0, "p_contract_7d": 0.026, "p_cut_7d": 0.097, "exp_stl_pct": -5.2, "stl_lo": -10.6, "stl_hi": 0.0, "exp_sale_price": 308000.0, "exp_room_dollars": 16900.0, "pos_tier": 0.0, "kw_asis": 0.0, "rel_discount": null}, "geometry": {"type": "Point", "coordinates": [-81.629093, 41.504645]}}, {"type": "Feature", "properties": {"watch_primary": "below_model", "watch_rank": 21, "watch_n_reasons": 1, "asof": "2026-10-07 00:38", "w_move_fast": false, "w_cut_likely": false, "w_room": false, "w_below_model": true, "price_tier": "core", "address": "1963 W 47th St", "city": "Cleveland", "zip": 44102.0, "url": "https://www.realtor.com/realestateandhomes-detail/1963-W-47th-St_Cleveland_OH_44102_M31665-53945", "price": 389900.0, "beds": 3.0, "baths": 2.5, "sqft": 1751.0, "year_built": 1910.0, "dom": 74.0, "n_cuts": 1.0, "cum_cut_pct": -2.506, "p_contract_7d": 0.021, "p_cut_7d": 0.085, "exp_stl_pct": -1.2, "stl_lo": -5.3, "stl_hi": 0.4, "exp_sale_price": 385200.0, "exp_room_dollars": 4700.0, "pos_tier": 0.0, "kw_asis": 0.0, "rel_discount": -19.8}, "geometry": {"type": "Point", "coordinates": [-81.718547, 41.479421]}}, {"type": "Feature", "properties": {"watch_primary": "below_model", "watch_rank": 1, "watch_n_reasons": 1, "asof": "2026-10-07 00:38", "w_move_fast": false, "w_cut_likely": false, "w_room": false, "w_below_model": true, "price_tier": "core", "address": "19701 Fairmount Blvd", "city": "Shaker Heights", "zip": 44118.0, "url": "https://www.redfin.com/OH/Shaker-Heights/19701-Fairmount-Blvd-44118/home/66399963", "price": 320000.0, "beds": 4.0, "baths": 2.5, "sqft": 2629.0, "year_built": 1952.0, "dom": 22.0, "n_cuts": 1.0, "cum_cut_pct": -1.538, "p_contract_7d": 0.101, "p_cut_7d": 0.115, "exp_stl_pct": -0.4, "stl_lo": -3.7, "stl_hi": 3.8, "exp_sale_price": 318700.0, "exp_room_dollars": 1300.0, "pos_tier": 2.0, "kw_asis": 0.0, "rel_discount": -24.4}, "geometry": {"type": "Point", "coordinates": [-81.541247, 41.486769]}}, {"type": "Feature", "properties": {"watch_primary": "room", "watch_rank": 15, "watch_n_reasons": 1, "asof": "2026-10-07 00:38", "w_move_fast": false, "w_cut_likely": false, "w_room": true, "w_below_model": false, "price_tier": "core", "address": "2009 Marlindale Rd", "city": "Cleveland Heights", "zip": 44118.0, "url": "https://www.redfin.com/OH/Cleveland-Heights/2009-Marlindale-Rd-44118/home/71003274", "price": 319900.0, "beds": 4.0, "baths": 2.5, "sqft": 2245.0, "year_built": 1920.0, "dom": 162.0, "n_cuts": 1.0, "cum_cut_pct": -3.031, "p_contract_7d": 0.032, "p_cut_7d": 0.058, "exp_stl_pct": -4.6, "stl_lo": -8.8, "stl_hi": -0.5, "exp_sale_price": 305200.0, "exp_room_dollars": 14700.0, "pos_tier": 2.0, "kw_asis": 0.0, "rel_discount": null}, "geometry": {"type": "Point", "coordinates": [-81.559131, 41.504977]}}, {"type": "Feature", "properties": {"watch_primary": "below_model", "watch_rank": 2, "watch_n_reasons": 1, "asof": "2026-10-07 00:38", "w_move_fast": false, "w_cut_likely": false, "w_room": false, "w_below_model": true, "price_tier": "core", "address": "2109 W 42nd St", "city": "Cleveland", "zip": 44113.0, "url": "https://www.redfin.com/OH/Cleveland/2109-W-42nd-St-44113/home/66590665", "price": 310000.0, "beds": 4.0, "baths": 3.0, "sqft": 1700.0, "year_built": 1888.0, "dom": 218.0, "n_cuts": 1.0, "cum_cut_pct": -3.125, "p_contract_7d": 0.025, "p_cut_7d": 0.058, "exp_stl_pct": -3.0, "stl_lo": -9.0, "stl_hi": 0.6, "exp_sale_price": 300700.0, "exp_room_dollars": 9300.0, "pos_tier": 0.0, "kw_asis": 0.0, "rel_discount": -23.8}, "geometry": {"type": "Point", "coordinates": [-81.714441, 41.478304]}}, {"type": "Feature", "properties": {"watch_primary": "below_model", "watch_rank": 9, "watch_n_reasons": 1, "asof": "2026-10-07 00:38", "w_move_fast": false, "w_cut_likely": false, "w_room": false, "w_below_model": true, "price_tier": "core", "address": "2120 Cedarview Dr", "city": "Beachwood", "zip": 44122.0, "url": "https://www.redfin.com/OH/Beachwood/2120-Cedarview-Dr-44122/home/71054015", "price": 350000.0, "beds": 4.0, "baths": 2.0, "sqft": 2087.0, "year_built": 1963.0, "dom": 5.0, "n_cuts": 1.0, "cum_cut_pct": -6.667, "p_contract_7d": 0.239, "p_cut_7d": 0.026, "exp_stl_pct": 1.7, "stl_lo": -2.7, "stl_hi": 6.1, "exp_sale_price": 355900.0, "exp_room_dollars": -5900.0, "pos_tier": 0.0, "kw_asis": 0.0, "rel_discount": -22.2}, "geometry": {"type": "Point", "coordinates": [-81.514407, 41.50097]}}, {"type": "Feature", "properties": {"watch_primary": "room", "watch_rank": 10, "watch_n_reasons": 1, "asof": "2026-10-07 00:38", "w_move_fast": false, "w_cut_likely": false, "w_room": true, "w_below_model": false, "price_tier": "core", "address": "2186 Cornell Rd", "city": "Cleveland", "zip": 44106.0, "url": "https://www.redfin.com/OH/Cleveland/2186-Cornell-Rd-44106/home/66447322", "price": 360000.0, "beds": 3.0, "baths": 2.0, "sqft": 1476.0, "year_built": 1897.0, "dom": 85.0, "n_cuts": 0.0, "cum_cut_pct": 0.0, "p_contract_7d": 0.019, "p_cut_7d": 0.077, "exp_stl_pct": -4.9, "stl_lo": -9.1, "stl_hi": 0.7, "exp_sale_price": 342400.0, "exp_room_dollars": 17600.0, "pos_tier": 0.0, "kw_asis": 0.0, "rel_discount": null}, "geometry": {"type": "Point", "coordinates": [-81.601351, 41.504423]}}, {"type": "Feature", "properties": {"watch_primary": "cut_likely", "watch_rank": 15, "watch_n_reasons": 1, "asof": "2026-10-07 00:38", "w_move_fast": false, "w_cut_likely": true, "w_room": false, "w_below_model": false, "price_tier": "core", "address": "22750 Fairlawn Dr", "city": "Euclid", "zip": 44117.0, "url": "https://www.redfin.com/OH/Euclid/22750-Fairlawn-Dr-44117/home/70961427", "price": 294500.0, "beds": 4.0, "baths": 2.5, "sqft": 1981.0, "year_built": 1957.0, "dom": 25.0, "n_cuts": 1.0, "cum_cut_pct": -1.669, "p_contract_7d": 0.043, "p_cut_7d": 0.423, "exp_stl_pct": -0.0, "stl_lo": -3.1, "stl_hi": 2.2, "exp_sale_price": 294500.0, "exp_room_dollars": 0.0, "pos_tier": 1.0, "kw_asis": 0.0, "rel_discount": null}, "geometry": {"type": "Point", "coordinates": [-81.522941, 41.569623]}}, {"type": "Feature", "properties": {"watch_primary": "below_model", "watch_rank": 6, "watch_n_reasons": 1, "asof": "2026-10-07 00:38", "w_move_fast": false, "w_cut_likely": false, "w_room": false, "w_below_model": true, "price_tier": "core", "address": "2276 W 41st St", "city": "Cleveland", "zip": 44113.0, "url": "https://www.redfin.com/OH/Cleveland/2276-W-41st-St-44113/home/70725906", "price": 379000.0, "beds": 3.0, "baths": 2.5, "sqft": 1978.0, "year_built": 1866.0, "dom": 161.0, "n_cuts": 1.0, "cum_cut_pct": -5.013, "p_contract_7d": 0.031, "p_cut_7d": 0.118, "exp_stl_pct": -2.2, "stl_lo": -5.7, "stl_hi": 1.0, "exp_sale_price": 370700.0, "exp_room_dollars": 8300.0, "pos_tier": 0.0, "kw_asis": 0.0, "rel_discount": -23.2}, "geometry": {"type": "Point", "coordinates": [-81.713697, 41.476451]}}, {"type": "Feature", "properties": {"watch_primary": "room", "watch_rank": 13, "watch_n_reasons": 1, "asof": "2026-10-07 00:38", "w_move_fast": false, "w_cut_likely": false, "w_room": true, "w_below_model": false, "price_tier": "core", "address": "23703 East Baintree Rd", "city": "Beachwood", "zip": 44122.0, "url": "https://www.redfin.com/OH/Beachwood/23703-E-Baintree-Rd-44122/home/71054077", "price": 380000.0, "beds": 3.0, "baths": 1.5, "sqft": 1781.0, "year_built": 1951.0, "dom": 82.0, "n_cuts": 1.0, "cum_cut_pct": -3.797, "p_contract_7d": 0.023, "p_cut_7d": 0.078, "exp_stl_pct": -4.7, "stl_lo": -7.7, "stl_hi": -0.7, "exp_sale_price": 362100.0, "exp_room_dollars": 17900.0, "pos_tier": 0.0, "kw_asis": null, "rel_discount": null}, "geometry": {"type": "Point", "coordinates": [-81.511797, 41.498999]}}, {"type": "Feature", "properties": {"watch_primary": "room", "watch_rank": 22, "watch_n_reasons": 1, "asof": "2026-10-07 00:38", "w_move_fast": false, "w_cut_likely": false, "w_room": true, "w_below_model": false, "price_tier": "core", "address": "2386 Mallard Rd", "city": "Akron", "zip": 44319.0, "url": "https://www.realtor.com/realestateandhomes-detail/2386-Mallard-Dr_Akron_OH_44319_M36528-10938", "price": 344000.0, "beds": 4.0, "baths": 1.5, "sqft": 2302.0, "year_built": 1995.0, "dom": 48.0, "n_cuts": 1.0, "cum_cut_pct": -1.686, "p_contract_7d": 0.05, "p_cut_7d": 0.249, "exp_stl_pct": -4.4, "stl_lo": -5.9, "stl_hi": -0.1, "exp_sale_price": 328900.0, "exp_room_dollars": 15100.0, "pos_tier": 0.0, "kw_asis": 0.0, "rel_discount": null}, "geometry": {"type": "Point", "coordinates": [-81.484269, 41.003037]}}, {"type": "Feature", "properties": {"watch_primary": "below_model", "watch_rank": 31, "watch_n_reasons": 1, "asof": "2026-10-07 00:38", "w_move_fast": false, "w_cut_likely": false, "w_room": false, "w_below_model": true, "price_tier": "core", "address": "24015 Bruce Rd", "city": "Bay Village", "zip": 44140.0, "url": "https://www.redfin.com/OH/Bay-Village/24015-Bruce-Rd-44140/home/66182473", "price": 250000.0, "beds": 4.0, "baths": 2.0, "sqft": 1706.0, "year_built": 1946.0, "dom": 7.0, "n_cuts": 0.0, "cum_cut_pct": 0.0, "p_contract_7d": 0.46, "p_cut_7d": 0.186, "exp_stl_pct": 0.5, "stl_lo": -3.2, "stl_hi": 5.9, "exp_sale_price": 251200.0, "exp_room_dollars": -1200.0, "pos_tier": 0.0, "kw_asis": 0.0, "rel_discount": -18.1}, "geometry": {"type": "Point", "coordinates": [-81.886529, 41.481825]}}, {"type": "Feature", "properties": {"watch_primary": "below_model", "watch_rank": 34, "watch_n_reasons": 1, "asof": "2026-10-07 00:38", "w_move_fast": false, "w_cut_likely": false, "w_room": false, "w_below_model": true, "price_tier": "core", "address": "2429 Townline Rd", "city": "Madison", "zip": 44057.0, "url": "https://www.redfin.com/OH/Madison/2429-Townline-Rd-44057/home/77632615", "price": 329000.0, "beds": 3.0, "baths": 2.5, "sqft": 2352.0, "year_built": 2000.0, "dom": 65.0, "n_cuts": 1.0, "cum_cut_pct": -5.731, "p_contract_7d": 0.161, "p_cut_7d": 0.042, "exp_stl_pct": -2.0, "stl_lo": -4.6, "stl_hi": 0.1, "exp_sale_price": 322400.0, "exp_room_dollars": 6600.0, "pos_tier": 0.0, "kw_asis": 0.0, "rel_discount": -18.0}, "geometry": {"type": "Point", "coordinates": [-81.104359, 41.808433]}}, {"type": "Feature", "properties": {"watch_primary": "below_model", "watch_rank": 28, "watch_n_reasons": 1, "asof": "2026-10-07 00:38", "w_move_fast": false, "w_cut_likely": false, "w_room": false, "w_below_model": true, "price_tier": "core", "address": "2456 Merriment Dr", "city": "Amherst", "zip": 44001.0, "url": "https://www.redfin.com/OH/Amherst/2456-Merriment-DR-44001/home/205839338", "price": 451990.0, "beds": 2.0, "baths": 2.0, "sqft": 1778.0, "year_built": 2026.0, "dom": 9.0, "n_cuts": 0.0, "cum_cut_pct": 0.0, "p_contract_7d": 0.063, "p_cut_7d": 0.148, "exp_stl_pct": -0.8, "stl_lo": -4.1, "stl_hi": 1.7, "exp_sale_price": 448400.0, "exp_room_dollars": 3600.0, "pos_tier": 0.0, "kw_asis": 0.0, "rel_discount": -18.6}, "geometry": {"type": "Point", "coordinates": [-82.200484, 41.378445]}}, {"type": "Feature", "properties": {"watch_primary": "room", "watch_rank": 11, "watch_n_reasons": 1, "asof": "2026-10-07 00:38", "w_move_fast": false, "w_cut_likely": false, "w_room": true, "w_below_model": false, "price_tier": "core", "address": "2527 Carson Rd", "city": "Fairlawn", "zip": 44333.0, "url": "https://www.redfin.com/OH/Fairlawn/2527-Carson-Rd-44333/home/75506912", "price": 319700.0, "beds": 4.0, "baths": 2.5, "sqft": 1576.0, "year_built": 1955.0, "dom": 85.0, "n_cuts": 0.0, "cum_cut_pct": 0.0, "p_contract_7d": 0.046, "p_cut_7d": 0.088, "exp_stl_pct": -4.8, "stl_lo": -9.3, "stl_hi": -0.2, "exp_sale_price": 304400.0, "exp_room_dollars": 15300.0, "pos_tier": 0.0, "kw_asis": 1.0, "rel_discount": null}, "geometry": {"type": "Point", "coordinates": [-81.601099, 41.13118]}}, {"type": "Feature", "properties": {"watch_primary": "below_model", "watch_rank": 36, "watch_n_reasons": 1, "asof": "2026-10-07 00:38", "w_move_fast": false, "w_cut_likely": false, "w_room": false, "w_below_model": true, "price_tier": "core", "address": "26571 Sprague Rd", "city": "Columbia Station", "zip": 44028.0, "url": "https://www.redfin.com/OH/Columbia-Station/26571-Sprague-Rd-44028/home/77236057", "price": 250000.0, "beds": 3.0, "baths": 1.0, "sqft": 925.0, "year_built": 1942.0, "dom": 49.0, "n_cuts": 2.0, "cum_cut_pct": -3.846, "p_contract_7d": 0.08, "p_cut_7d": 0.255, "exp_stl_pct": -2.6, "stl_lo": -9.0, "stl_hi": 1.2, "exp_sale_price": 243500.0, "exp_room_dollars": 6500.0, "pos_tier": 0.0, "kw_asis": 0.0, "rel_discount": -17.8}, "geometry": {"type": "Point", "coordinates": [-81.943992, 41.350776]}}, {"type": "Feature", "properties": {"watch_primary": "cut_likely", "watch_rank": 27, "watch_n_reasons": 1, "asof": "2026-10-07 00:38", "w_move_fast": false, "w_cut_likely": true, "w_room": false, "w_below_model": false, "price_tier": "core", "address": "2680 Stubbins Rd", "city": "Brecksville", "zip": 44141.0, "url": "https://www.redfin.com/OH/Brecksville/2680-Stubbins-Rd-44141/home/100641814", "price": 339000.0, "beds": 3.0, "baths": 2.0, "sqft": 1900.0, "year_built": 1977.0, "dom": 120.0, "n_cuts": 4.0, "cum_cut_pct": -4.237, "p_contract_7d": 0.213, "p_cut_7d": 0.38, "exp_stl_pct": -2.6, "stl_lo": -5.5, "stl_hi": 0.4, "exp_sale_price": 330200.0, "exp_room_dollars": 8800.0, "pos_tier": 0.0, "kw_asis": 0.0, "rel_discount": null}, "geometry": {"type": "Point", "coordinates": [-81.611158, 41.268975]}}, {"type": "Feature", "properties": {"watch_primary": "move_fast", "watch_rank": 1, "watch_n_reasons": 1, "asof": "2026-10-07 00:38", "w_move_fast": true, "w_cut_likely": false, "w_room": false, "w_below_model": false, "price_tier": "upper", "address": "2703 Overlook Dr", "city": "Twinsburg", "zip": 44087.0, "url": "https://www.realtor.com/realestateandhomes-detail/2703-Overlook-Dr_Twinsburg_OH_44087_M47444-04926", "price": 775000.0, "beds": 4.0, "baths": 4.5, "sqft": 5900.0, "year_built": 1999.0, "dom": 0.0, "n_cuts": 0.0, "cum_cut_pct": 0.0, "p_contract_7d": 0.562, "p_cut_7d": 0.024, "exp_stl_pct": 2.2, "stl_lo": -0.8, "stl_hi": 5.9, "exp_sale_price": 792000.0, "exp_room_dollars": -17000.0, "pos_tier": 1.0, "kw_asis": 0.0, "rel_discount": null}, "geometry": {"type": "Point", "coordinates": [-81.436284, 41.33032]}}, {"type": "Feature", "properties": {"watch_primary": "room", "watch_rank": 36, "watch_n_reasons": 1, "asof": "2026-10-07 00:38", "w_move_fast": false, "w_cut_likely": false, "w_room": true, "w_below_model": false, "price_tier": "upper", "address": "2709 Belvoir Blvd", "city": "Shaker Heights", "zip": 44122.0, "url": "https://www.realtor.com/realestateandhomes-detail/2709-Belvoir-Blvd_Shaker-Heights_OH_44122_M94210-41046", "price": 719000.0, "beds": 4.0, "baths": 4.0, "sqft": 5353.0, "year_built": 1936.0, "dom": 100.0, "n_cuts": 1.0, "cum_cut_pct": -4.133, "p_contract_7d": 0.087, "p_cut_7d": 0.043, "exp_stl_pct": -4.1, "stl_lo": -9.3, "stl_hi": 0.3, "exp_sale_price": 689500.0, "exp_room_dollars": 29500.0, "pos_tier": 2.0, "kw_asis": 0.0, "rel_discount": null}, "geometry": {"type": "Point", "coordinates": [-81.526893, 41.482044]}}, {"type": "Feature", "properties": {"watch_primary": "cut_likely", "watch_rank": 2, "watch_n_reasons": 1, "asof": "2026-10-07 00:38", "w_move_fast": false, "w_cut_likely": true, "w_room": false, "w_below_model": false, "price_tier": "core", "address": "27107 Lynn Dr", "city": "Olmsted Township", "zip": 44138.0, "url": "https://www.realtor.com/realestateandhomes-detail/27107-Lynn-Dr_Olmsted-Twp_OH_44138_M43069-77506", "price": 312900.0, "beds": 4.0, "baths": 2.0, "sqft": 1842.0, "year_built": 1951.0, "dom": 36.0, "n_cuts": 4.0, "cum_cut_pct": -9.278, "p_contract_7d": 0.076, "p_cut_7d": 0.654, "exp_stl_pct": -0.7, "stl_lo": -4.7, "stl_hi": 1.5, "exp_sale_price": 310700.0, "exp_room_dollars": 2200.0, "pos_tier": 0.0, "kw_asis": 0.0, "rel_discount": null}, "geometry": {"type": "Point", "coordinates": [-81.942696, 41.368587]}}, {"type": "Feature", "properties": {"watch_primary": "cut_likely", "watch_rank": 3, "watch_n_reasons": 1, "asof": "2026-10-07 00:38", "w_move_fast": false, "w_cut_likely": true, "w_room": false, "w_below_model": false, "price_tier": "core", "address": "27107 Lynn Dr", "city": "Olmsted Twp", "zip": 44138.0, "url": "https://www.redfin.com/OH/Olmsted-Twp/27107-Lynn-Dr-44138/home/70823361", "price": 312900.0, "beds": 4.0, "baths": 2.0, "sqft": 1842.0, "year_built": 1951.0, "dom": 37.0, "n_cuts": 4.0, "cum_cut_pct": -9.278, "p_contract_7d": 0.07, "p_cut_7d": 0.654, "exp_stl_pct": -0.7, "stl_lo": -4.7, "stl_hi": 1.1, "exp_sale_price": 310700.0, "exp_room_dollars": 2200.0, "pos_tier": 0.0, "kw_asis": 0.0, "rel_discount": null}, "geometry": {"type": "Point", "coordinates": [-81.9427, 41.368748]}}, {"type": "Feature", "properties": {"watch_primary": "below_model", "watch_rank": 29, "watch_n_reasons": 1, "asof": "2026-10-07 00:38", "w_move_fast": false, "w_cut_likely": false, "w_room": false, "w_below_model": true, "price_tier": "core", "address": "275 Lexington Cir", "city": "Broadview Heights", "zip": 44147.0, "url": "https://www.realtor.com/realestateandhomes-detail/275-Lexington-Cir_Broadview-Heights_OH_44147_M35804-53073", "price": 449900.0, "beds": 3.0, "baths": 2.5, "sqft": 2220.0, "year_built": 2003.0, "dom": 18.0, "n_cuts": 0.0, "cum_cut_pct": 0.0, "p_contract_7d": 0.136, "p_cut_7d": 0.195, "exp_stl_pct": 0.6, "stl_lo": -2.2, "stl_hi": 4.4, "exp_sale_price": 452600.0, "exp_room_dollars": -2700.0, "pos_tier": 0.0, "kw_asis": 0.0, "rel_discount": -18.6}, "geometry": {"type": "Point", "coordinates": [-81.681083, 41.286261]}}, {"type": "Feature", "properties": {"watch_primary": "room", "watch_rank": 37, "watch_n_reasons": 1, "asof": "2026-10-07 00:38", "w_move_fast": false, "w_cut_likely": false, "w_room": true, "w_below_model": false, "price_tier": "upper", "address": "2793 Greenspire Cir", "city": "Akron", "zip": 44333.0, "url": "https://www.realtor.com/realestateandhomes-detail/2793-Greenspire-Cir_Fairlawn_OH_44333_M34779-73657", "price": 750000.0, "beds": 4.0, "baths": 4.5, "sqft": 4694.0, "year_built": 1988.0, "dom": 98.0, "n_cuts": 1.0, "cum_cut_pct": -5.66, "p_contract_7d": 0.233, "p_cut_7d": 0.122, "exp_stl_pct": -4.1, "stl_lo": -6.7, "stl_hi": -1.5, "exp_sale_price": 719200.0, "exp_room_dollars": 30800.0, "pos_tier": 0.0, "kw_asis": 0.0, "rel_discount": null}, "geometry": {"type": "Point", "coordinates": [-81.610596, 41.136783]}}, {"type": "Feature", "properties": {"watch_primary": "move_fast", "watch_rank": 2, "watch_n_reasons": 1, "asof": "2026-10-07 00:38", "w_move_fast": true, "w_cut_likely": false, "w_room": false, "w_below_model": false, "price_tier": "core", "address": "28 Bryn Mawr Dr", "city": "Painesville", "zip": 44077.0, "url": "https://www.redfin.com/OH/Painesville/28-Bryn-Mawr-Dr-44077/home/77639108", "price": 275000.0, "beds": 3.0, "baths": 2.0, "sqft": 1580.0, "year_built": 1955.0, "dom": 1.0, "n_cuts": 0.0, "cum_cut_pct": 0.0, "p_contract_7d": 0.56, "p_cut_7d": 0.054, "exp_stl_pct": 3.9, "stl_lo": 0.2, "stl_hi": 7.8, "exp_sale_price": 285700.0, "exp_room_dollars": -10700.0, "pos_tier": 0.0, "kw_asis": 0.0, "rel_discount": null}, "geometry": {"type": "Point", "coordinates": [-81.222643, 41.712869]}}, {"type": "Feature", "properties": {"watch_primary": "room", "watch_rank": 7, "watch_n_reasons": 1, "asof": "2026-10-07 00:38", "w_move_fast": false, "w_cut_likely": false, "w_room": true, "w_below_model": false, "price_tier": "upper", "address": "2901 Vesper Dr", "city": "Akron", "zip": 44333.0, "url": "https://www.realtor.com/realestateandhomes-detail/2901-Vesper-Dr_Akron_OH_44333_M35828-36871", "price": 799900.0, "beds": 4.0, "baths": 4.5, "sqft": 3862.0, "year_built": 1980.0, "dom": 204.0, "n_cuts": 0.0, "cum_cut_pct": 0.0, "p_contract_7d": 0.013, "p_cut_7d": 0.06, "exp_stl_pct": -5.1, "stl_lo": -7.6, "stl_hi": -1.1, "exp_sale_price": 759100.0, "exp_room_dollars": 40800.0, "pos_tier": 0.0, "kw_asis": 0.0, "rel_discount": null}, "geometry": {"type": "Point", "coordinates": [-81.619188, 41.138907]}}, {"type": "Feature", "properties": {"watch_primary": "cut_likely", "watch_rank": 35, "watch_n_reasons": 1, "asof": "2026-10-07 00:38", "w_move_fast": false, "w_cut_likely": true, "w_room": false, "w_below_model": false, "price_tier": "core", "address": "29331 Armadale Ave", "city": "Wickliffe", "zip": 44092.0, "url": "https://www.redfin.com/OH/Wickliffe/29331-Armadale-Ave-44092/home/76055663", "price": 259900.0, "beds": 3.0, "baths": 2.0, "sqft": 1210.0, "year_built": 1955.0, "dom": 14.0, "n_cuts": 0.0, "cum_cut_pct": 0.0, "p_contract_7d": 0.291, "p_cut_7d": 0.354, "exp_stl_pct": 0.3, "stl_lo": -2.2, "stl_hi": 4.3, "exp_sale_price": 260700.0, "exp_room_dollars": -800.0, "pos_tier": 1.0, "kw_asis": 0.0, "rel_discount": null}, "geometry": {"type": "Point", "coordinates": [-81.465094, 41.595426]}}, {"type": "Feature", "properties": {"watch_primary": "move_fast", "watch_rank": 5, "watch_n_reasons": 1, "asof": "2026-10-07 00:38", "w_move_fast": true, "w_cut_likely": false, "w_room": false, "w_below_model": false, "price_tier": "core", "address": "2961 Chamberlain Rd", "city": "Fairlawn", "zip": 44333.0, "url": "https://www.redfin.com/OH/Fairlawn/2961-Chamberlain-Rd-44333/home/66533628", "price": 314900.0, "beds": 3.0, "baths": 3.0, "sqft": 1569.0, "year_built": 1956.0, "dom": 3.0, "n_cuts": 0.0, "cum_cut_pct": 0.0, "p_contract_7d": 0.51, "p_cut_7d": 0.114, "exp_stl_pct": 4.3, "stl_lo": 0.0, "stl_hi": 8.0, "exp_sale_price": 328400.0, "exp_room_dollars": -13500.0, "pos_tier": 0.0, "kw_asis": 0.0, "rel_discount": null}, "geometry": {"type": "Point", "coordinates": [-81.615903, 41.12721]}}, {"type": "Feature", "properties": {"watch_primary": "cut_likely", "watch_rank": 33, "watch_n_reasons": 1, "asof": "2026-10-07 00:38", "w_move_fast": false, "w_cut_likely": true, "w_room": false, "w_below_model": false, "price_tier": "core", "address": "3246 E Waterloo Rd", "city": "Akron", "zip": 44312.0, "url": "https://www.redfin.com/OH/Akron/3246-E-Waterloo-Rd-44312/home/79899759", "price": 379400.0, "beds": 3.0, "baths": 2.0, "sqft": 1872.0, "year_built": 1986.0, "dom": 22.0, "n_cuts": 1.0, "cum_cut_pct": -1.249, "p_contract_7d": 0.08, "p_cut_7d": 0.361, "exp_stl_pct": -1.2, "stl_lo": -5.1, "stl_hi": 0.1, "exp_sale_price": 374800.0, "exp_room_dollars": 4600.0, "pos_tier": 0.0, "kw_asis": 0.0, "rel_discount": null}, "geometry": {"type": "Point", "coordinates": [-81.415167, 41.027301]}}, {"type": "Feature", "properties": {"watch_primary": "cut_likely", "watch_rank": 22, "watch_n_reasons": 1, "asof": "2026-10-07 00:38", "w_move_fast": false, "w_cut_likely": true, "w_room": false, "w_below_model": false, "price_tier": "core", "address": "3295 Lullaby Ln", "city": "Clinton", "zip": 44216.0, "url": "https://www.realtor.com/realestateandhomes-detail/3295-Lullaby-Ln_New-Franklin_OH_44216_M42485-92934", "price": 299900.0, "beds": 3.0, "baths": 2.0, "sqft": 1040.0, "year_built": 1965.0, "dom": 71.0, "n_cuts": 2.0, "cum_cut_pct": -3.227, "p_contract_7d": 0.055, "p_cut_7d": 0.392, "exp_stl_pct": -0.8, "stl_lo": -3.4, "stl_hi": 1.5, "exp_sale_price": 297500.0, "exp_room_dollars": 2400.0, "pos_tier": 0.0, "kw_asis": 0.0, "rel_discount": null}, "geometry": {"type": "Point", "coordinates": [-81.643492, 40.973282]}}, {"type": "Feature", "properties": {"watch_primary": "room", "watch_rank": 19, "watch_n_reasons": 1, "asof": "2026-10-07 00:38", "w_move_fast": false, "w_cut_likely": false, "w_room": true, "w_below_model": false, "price_tier": "core", "address": "33191 Electric Blvd", "city": "Avon Lake", "zip": 44012.0, "url": "https://www.redfin.com/OH/Avon-Lake/33191-Electric-Blvd-44012/home/77203668", "price": 350000.0, "beds": 4.0, "baths": 1.5, "sqft": 2272.0, "year_built": 1900.0, "dom": 79.0, "n_cuts": 0.0, "cum_cut_pct": 0.0, "p_contract_7d": 0.045, "p_cut_7d": 0.142, "exp_stl_pct": -4.5, "stl_lo": -11.4, "stl_hi": -0.3, "exp_sale_price": 334200.0, "exp_room_dollars": 15800.0, "pos_tier": 0.0, "kw_asis": 1.0, "rel_discount": null}, "geometry": {"type": "Point", "coordinates": [-82.036545, 41.506908]}}, {"type": "Feature", "properties": {"watch_primary": "below_model", "watch_rank": 37, "watch_n_reasons": 1, "asof": "2026-10-07 00:38", "w_move_fast": false, "w_cut_likely": false, "w_room": false, "w_below_model": true, "price_tier": "core", "address": "34300 Cooley Rd", "city": "Columbia Station", "zip": 44028.0, "url": "https://www.redfin.com/OH/Columbia-Station/34300-Cooley-Rd-44028/home/66127406", "price": 489900.0, "beds": 3.0, "baths": 2.5, "sqft": 2040.0, "year_built": 1954.0, "dom": 117.0, "n_cuts": 0.0, "cum_cut_pct": 0.0, "p_contract_7d": 0.033, "p_cut_7d": 0.094, "exp_stl_pct": -2.7, "stl_lo": -6.0, "stl_hi": 0.4, "exp_sale_price": 476700.0, "exp_room_dollars": 13200.0, "pos_tier": 0.0, "kw_asis": 0.0, "rel_discount": -17.8}, "geometry": {"type": "Point", "coordinates": [-81.986168, 41.32795]}}, {"type": "Feature", "properties": {"watch_primary": "room", "watch_rank": 16, "watch_n_reasons": 1, "asof": "2026-10-07 00:38", "w_move_fast": false, "w_cut_likely": false, "w_room": true, "w_below_model": false, "price_tier": "core", "address": "3476 Meadowbrook Blvd", "city": "Cleveland Heights", "zip": 44118.0, "url": "https://www.redfin.com/OH/Cleveland-Heights/3476-Meadowbrook-Blvd-44118/home/66107517", "price": 292000.0, "beds": 4.0, "baths": 2.5, "sqft": 1761.0, "year_built": 1925.0, "dom": 120.0, "n_cuts": 0.0, "cum_cut_pct": 0.0, "p_contract_7d": 0.049, "p_cut_7d": 0.086, "exp_stl_pct": -4.6, "stl_lo": -5.8, "stl_hi": 0.3, "exp_sale_price": 278600.0, "exp_room_dollars": 13400.0, "pos_tier": 2.0, "kw_asis": 0.0, "rel_discount": null}, "geometry": {"type": "Point", "coordinates": [-81.555003, 41.495852]}}, {"type": "Feature", "properties": {"watch_primary": "room", "watch_rank": 20, "watch_n_reasons": 1, "asof": "2026-10-07 00:38", "w_move_fast": false, "w_cut_likely": false, "w_room": true, "w_below_model": false, "price_tier": "core", "address": "3483 Severn Rd", "city": "Cleveland Heights", "zip": 44118.0, "url": "https://www.realtor.com/realestateandhomes-detail/3483-Severn-Rd_Cleveland-Heights_OH_44118_M45633-40074", "price": 529900.0, "beds": 5.0, "baths": 4.0, "sqft": 3515.0, "year_built": 1952.0, "dom": 102.0, "n_cuts": 0.0, "cum_cut_pct": 0.0, "p_contract_7d": 0.029, "p_cut_7d": 0.044, "exp_stl_pct": -4.5, "stl_lo": -10.0, "stl_hi": -0.7, "exp_sale_price": 506100.0, "exp_room_dollars": 23800.0, "pos_tier": 2.0, "kw_asis": 0.0, "rel_discount": null}, "geometry": {"type": "Point", "coordinates": [-81.555038, 41.512727]}}, {"type": "Feature", "properties": {"watch_primary": "room", "watch_rank": 38, "watch_n_reasons": 1, "asof": "2026-10-07 00:38", "w_move_fast": false, "w_cut_likely": false, "w_room": true, "w_below_model": false, "price_tier": "upper", "address": "35426 Emory Dr", "city": "Avon", "zip": 44011.0, "url": "https://www.redfin.com/OH/Avon/35426-Emory-Dr-44011/home/66256856", "price": 739991.0, "beds": 5.0, "baths": 4.5, "sqft": 4482.0, "year_built": 2004.0, "dom": 102.0, "n_cuts": 0.0, "cum_cut_pct": 0.0, "p_contract_7d": 0.026, "p_cut_7d": 0.057, "exp_stl_pct": -4.1, "stl_lo": -6.6, "stl_hi": 0.2, "exp_sale_price": 709700.0, "exp_room_dollars": 30300.0, "pos_tier": 0.0, "kw_asis": null, "rel_discount": null}, "geometry": {"type": "Point", "coordinates": [-82.010464, 41.448413]}}, {"type": "Feature", "properties": {"watch_primary": "below_model", "watch_rank": 14, "watch_n_reasons": 1, "asof": "2026-10-07 00:38", "w_move_fast": false, "w_cut_likely": false, "w_room": false, "w_below_model": true, "price_tier": "core", "address": "3684 Lebbens Rd", "city": "Norton", "zip": 44203.0, "url": "https://www.redfin.com/OH/Norton/3684-Lebbens-Rd-44203/home/200999030", "price": 318985.0, "beds": 2.0, "baths": 2.0, "sqft": 1188.0, "year_built": 2026.0, "dom": 5.0, "n_cuts": 0.0, "cum_cut_pct": 0.0, "p_contract_7d": 0.025, "p_cut_7d": 0.046, "exp_stl_pct": 0.4, "stl_lo": -1.8, "stl_hi": 3.8, "exp_sale_price": 320300.0, "exp_room_dollars": -1300.0, "pos_tier": 0.0, "kw_asis": 0.0, "rel_discount": -21.3}, "geometry": {"type": "Point", "coordinates": [-81.661102, 41.035416]}}, {"type": "Feature", "properties": {"watch_primary": "cut_likely", "watch_rank": 19, "watch_n_reasons": 1, "asof": "2026-10-07 00:38", "w_move_fast": false, "w_cut_likely": true, "w_room": false, "w_below_model": false, "price_tier": "core", "address": "3701 Leavitt Rd", "city": "Lorain", "zip": 44053.0, "url": "https://www.redfin.com/OH/Lorain/3701-Leavitt-Rd-44053/home/77191254", "price": 285000.0, "beds": 4.0, "baths": 2.5, "sqft": 2074.0, "year_built": 1978.0, "dom": 20.0, "n_cuts": 1.0, "cum_cut_pct": -1.724, "p_contract_7d": 0.054, "p_cut_7d": 0.407, "exp_stl_pct": -0.7, "stl_lo": -3.8, "stl_hi": 2.0, "exp_sale_price": 283000.0, "exp_room_dollars": 2000.0, "pos_tier": 0.0, "kw_asis": 0.0, "rel_discount": null}, "geometry": {"type": "Point", "coordinates": [-82.201985, 41.436817]}}, {"type": "Feature", "properties": {"watch_primary": "below_model", "watch_rank": 13, "watch_n_reasons": 1, "asof": "2026-10-07 00:38", "w_move_fast": false, "w_cut_likely": false, "w_room": false, "w_below_model": true, "price_tier": "core", "address": "371 Lily Ln", "city": "Elyria", "zip": 44035.0, "url": "https://www.redfin.com/OH/Elyria/371-Lily-Ln-44035/home/205698462", "price": 339990.0, "beds": 4.0, "baths": 2.5, "sqft": 2114.0, "year_built": 2026.0, "dom": 12.0, "n_cuts": 0.0, "cum_cut_pct": 0.0, "p_contract_7d": 0.034, "p_cut_7d": 0.027, "exp_stl_pct": -0.4, "stl_lo": -3.2, "stl_hi": 2.3, "exp_sale_price": 338600.0, "exp_room_dollars": 1400.0, "pos_tier": 0.0, "kw_asis": 0.0, "rel_discount": -21.5}, "geometry": {"type": "Point", "coordinates": [-82.060371, 41.34602]}}, {"type": "Feature", "properties": {"watch_primary": "below_model", "watch_rank": 20, "watch_n_reasons": 1, "asof": "2026-10-07 00:38", "w_move_fast": false, "w_cut_likely": false, "w_room": false, "w_below_model": true, "price_tier": "core", "address": "3768 San Giovanni Ln", "city": "Perry", "zip": 44081.0, "url": "https://www.redfin.com/OH/Perry/3768-San-Giovanni-LN-44081/home/205494642", "price": 289990.0, "beds": 2.0, "baths": 2.0, "sqft": 1188.0, "year_built": 2026.0, "dom": 27.0, "n_cuts": 0.0, "cum_cut_pct": 0.0, "p_contract_7d": 0.014, "p_cut_7d": 0.021, "exp_stl_pct": -0.6, "stl_lo": -4.3, "stl_hi": 1.3, "exp_sale_price": 288300.0, "exp_room_dollars": 1700.0, "pos_tier": 0.0, "kw_asis": 0.0, "rel_discount": -19.9}, "geometry": {"type": "Point", "coordinates": [-81.149757, 41.757]}}, {"type": "Feature", "properties": {"watch_primary": "cut_likely", "watch_rank": 23, "watch_n_reasons": 1, "asof": "2026-10-07 00:38", "w_move_fast": false, "w_cut_likely": true, "w_room": false, "w_below_model": false, "price_tier": "core", "address": "37761 Milann Dr", "city": "Willoughby Hills", "zip": 44094.0, "url": "https://www.redfin.com/OH/Willoughby-Hills/37761-Milann-Dr-44094/home/66494631", "price": 379900.0, "beds": 3.0, "baths": 2.0, "sqft": 1716.0, "year_built": 1954.0, "dom": 39.0, "n_cuts": 1.0, "cum_cut_pct": -1.325, "p_contract_7d": 0.066, "p_cut_7d": 0.386, "exp_stl_pct": -2.3, "stl_lo": -4.6, "stl_hi": -0.0, "exp_sale_price": 371200.0, "exp_room_dollars": 8700.0, "pos_tier": 0.0, "kw_asis": 0.0, "rel_discount": null}, "geometry": {"type": "Point", "coordinates": [-81.405147, 41.59444]}}, {"type": "Feature", "properties": {"watch_primary": "cut_likely", "watch_rank": 5, "watch_n_reasons": 1, "asof": "2026-10-07 00:38", "w_move_fast": false, "w_cut_likely": true, "w_room": false, "w_below_model": false, "price_tier": "core", "address": "3815 Spencer Rd", "city": "Rocky River", "zip": 44116.0, "url": "https://www.redfin.com/OH/Rocky-River/3815-Spencer-Rd-44116/home/70829809", "price": 369900.0, "beds": 3.0, "baths": 2.0, "sqft": 1506.0, "year_built": 1959.0, "dom": 37.0, "n_cuts": 3.0, "cum_cut_pct": -7.525, "p_contract_7d": 0.222, "p_cut_7d": 0.565, "exp_stl_pct": -0.7, "stl_lo": -3.3, "stl_hi": 1.7, "exp_sale_price": 367300.0, "exp_room_dollars": 2600.0, "pos_tier": 0.0, "kw_asis": 0.0, "rel_discount": null}, "geometry": {"type": "Point", "coordinates": [-81.863516, 41.45247]}}, {"type": "Feature", "properties": {"watch_primary": "below_model", "watch_rank": 27, "watch_n_reasons": 1, "asof": "2026-10-07 00:38", "w_move_fast": false, "w_cut_likely": false, "w_room": false, "w_below_model": true, "price_tier": "core", "address": "3991 Ellendale Rd", "city": "Moreland Hills", "zip": 44022.0, "url": "https://www.realtor.com/realestateandhomes-detail/3991-Ellendale-Rd_Moreland-Hills_OH_44022_M96444-60839", "price": 399000.0, "beds": 1.0, "baths": 1.0, "sqft": 2586.0, "year_built": 1952.0, "dom": 48.0, "n_cuts": 1.0, "cum_cut_pct": -4.773, "p_contract_7d": 0.137, "p_cut_7d": 0.191, "exp_stl_pct": -2.0, "stl_lo": -7.8, "stl_hi": 2.2, "exp_sale_price": 391000.0, "exp_room_dollars": 8000.0, "pos_tier": 2.0, "kw_asis": 0.0, "rel_discount": -18.8}, "geometry": {"type": "Point", "coordinates": [-81.423331, 41.448812]}}, {"type": "Feature", "properties": {"watch_primary": "below_model", "watch_rank": 3, "watch_n_reasons": 1, "asof": "2026-10-07 00:38", "w_move_fast": false, "w_cut_likely": false, "w_room": false, "w_below_model": true, "price_tier": "core", "address": "4262 Vilamoura Dr", "city": "Avon", "zip": 44011.0, "url": "https://www.redfin.com/OH/Avon/4262-Vilamoura-Dr-44011/home/66254361", "price": 489000.0, "beds": 3.0, "baths": 3.0, "sqft": 1918.0, "year_built": 1998.0, "dom": 83.0, "n_cuts": 1.0, "cum_cut_pct": -6.857, "p_contract_7d": 0.079, "p_cut_7d": 0.055, "exp_stl_pct": -0.8, "stl_lo": -3.6, "stl_hi": 0.6, "exp_sale_price": 485100.0, "exp_room_dollars": 3900.0, "pos_tier": 0.0, "kw_asis": 0.0, "rel_discount": -23.4}, "geometry": {"type": "Point", "coordinates": [-81.994263, 41.422097]}}, {"type": "Feature", "properties": {"watch_primary": "room", "watch_rank": 29, "watch_n_reasons": 1, "asof": "2026-10-07 00:38", "w_move_fast": false, "w_cut_likely": false, "w_room": true, "w_below_model": false, "price_tier": "core", "address": "4394 Baintree Rd", "city": "University Heights", "zip": 44118.0, "url": "https://www.redfin.com/OH/University-Heights/4394-Baintree-Rd-44118/home/71035256", "price": 259999.0, "beds": 3.0, "baths": 1.5, "sqft": 1486.0, "year_built": 1950.0, "dom": 89.0, "n_cuts": 0.0, "cum_cut_pct": 0.0, "p_contract_7d": 0.064, "p_cut_7d": 0.083, "exp_stl_pct": -4.3, "stl_lo": -8.8, "stl_hi": 0.4, "exp_sale_price": 248800.0, "exp_room_dollars": 11200.0, "pos_tier": 2.0, "kw_asis": 0.0, "rel_discount": null}, "geometry": {"type": "Point", "coordinates": [-81.521694, 41.498268]}}, {"type": "Feature", "properties": {"watch_primary": "cut_likely", "watch_rank": 31, "watch_n_reasons": 1, "asof": "2026-10-07 00:38", "w_move_fast": false, "w_cut_likely": true, "w_room": false, "w_below_model": false, "price_tier": "core", "address": "455 N Hambden St", "city": "Chardon", "zip": 44024.0, "url": "https://www.redfin.com/OH/Chardon/455-N-Hambden-St-44024/home/75350826", "price": 379000.0, "beds": 4.0, "baths": 1.5, "sqft": 1983.0, "year_built": 1890.0, "dom": 19.0, "n_cuts": 1.0, "cum_cut_pct": -5.25, "p_contract_7d": 0.08, "p_cut_7d": 0.373, "exp_stl_pct": -1.0, "stl_lo": -4.8, "stl_hi": 1.2, "exp_sale_price": 375200.0, "exp_room_dollars": 3800.0, "pos_tier": 0.0, "kw_asis": 0.0, "rel_discount": null}, "geometry": {"type": "Point", "coordinates": [-81.192514, 41.583846]}}, {"type": "Feature", "properties": {"watch_primary": "below_model", "watch_rank": 7, "watch_n_reasons": 1, "asof": "2026-10-07 00:38", "w_move_fast": false, "w_cut_likely": false, "w_room": false, "w_below_model": true, "price_tier": "core", "address": "4695 Martin Dr", "city": "North Olmsted", "zip": 44070.0, "url": "https://www.redfin.com/OH/North-Olmsted/4695-Martin-Dr-44070/home/70815676", "price": 260000.0, "beds": 3.0, "baths": 1.0, "sqft": 1064.0, "year_built": 1959.0, "dom": 20.0, "n_cuts": 0.0, "cum_cut_pct": 0.0, "p_contract_7d": 0.215, "p_cut_7d": 0.135, "exp_stl_pct": 0.2, "stl_lo": -3.3, "stl_hi": 5.5, "exp_sale_price": 260500.0, "exp_room_dollars": -500.0, "pos_tier": 0.0, "kw_asis": 0.0, "rel_discount": -23.2}, "geometry": {"type": "Point", "coordinates": [-81.937457, 41.421269]}}, {"type": "Feature", "properties": {"watch_primary": "room", "watch_rank": 14, "watch_n_reasons": 1, "asof": "2026-10-07 00:38", "w_move_fast": false, "w_cut_likely": false, "w_room": true, "w_below_model": false, "price_tier": "core", "address": "4872 Leavitt Rd", "city": "Lorain", "zip": 44053.0, "url": "https://www.redfin.com/OH/Lorain/4872-Leavitt-Rd-44053/home/77189815", "price": 500000.0, "beds": 5.0, "baths": 3.0, "sqft": 1837.0, "year_built": 1948.0, "dom": 869.0, "n_cuts": 0.0, "cum_cut_pct": 0.0, "p_contract_7d": 0.008, "p_cut_7d": 0.01, "exp_stl_pct": -4.7, "stl_lo": -9.9, "stl_hi": -1.3, "exp_sale_price": 476500.0, "exp_room_dollars": 23500.0, "pos_tier": 0.0, "kw_asis": 0.0, "rel_discount": null}, "geometry": {"type": "Point", "coordinates": [-82.207713, 41.424926]}}, {"type": "Feature", "properties": {"watch_primary": "below_model", "watch_rank": 40, "watch_n_reasons": 1, "asof": "2026-10-07 00:38", "w_move_fast": false, "w_cut_likely": false, "w_room": false, "w_below_model": true, "price_tier": "core", "address": "4903 Akins Rd", "city": "North Royalton", "zip": 44133.0, "url": "https://www.realtor.com/realestateandhomes-detail/4903-Akins-Rd_North-Royalton_OH_44133_M37997-26092", "price": 339900.0, "beds": 3.0, "baths": 2.5, "sqft": 2074.0, "year_built": 1946.0, "dom": 17.0, "n_cuts": 0.0, "cum_cut_pct": 0.0, "p_contract_7d": 0.121, "p_cut_7d": 0.169, "exp_stl_pct": -0.7, "stl_lo": -3.4, "stl_hi": 2.8, "exp_sale_price": 337500.0, "exp_room_dollars": 2400.0, "pos_tier": 0.0, "kw_asis": 0.0, "rel_discount": -17.6}, "geometry": {"type": "Point", "coordinates": [-81.718726, 41.305762]}}, {"type": "Feature", "properties": {"watch_primary": "room", "watch_rank": 2, "watch_n_reasons": 1, "asof": "2026-10-07 00:38", "w_move_fast": false, "w_cut_likely": false, "w_room": true, "w_below_model": false, "price_tier": "core", "address": "5278 River Rd", "city": "Madison", "zip": 44057.0, "url": "https://www.redfin.com/OH/Madison/5278-River-Rd-44057/home/77629681", "price": 264900.0, "beds": 3.0, "baths": 1.5, "sqft": 1564.0, "year_built": 1883.0, "dom": 47.0, "n_cuts": 1.0, "cum_cut_pct": -3.638, "p_contract_7d": 0.045, "p_cut_7d": 0.159, "exp_stl_pct": -5.7, "stl_lo": -11.1, "stl_hi": 1.2, "exp_sale_price": 249800.0, "exp_room_dollars": 15100.0, "pos_tier": 0.0, "kw_asis": 0.0, "rel_discount": null}, "geometry": {"type": "Point", "coordinates": [-81.099563, 41.740906]}}, {"type": "Feature", "properties": {"watch_primary": "cut_likely", "watch_rank": 16, "watch_n_reasons": 1, "asof": "2026-10-07 00:38", "w_move_fast": false, "w_cut_likely": true, "w_room": false, "w_below_model": false, "price_tier": "core", "address": "533 Continental Dr", "city": "Northfield", "zip": 44067.0, "url": "https://www.redfin.com/OH/Northfield/533-Continental-Dr-44067/home/79865200", "price": 510000.0, "beds": 4.0, "baths": 2.5, "sqft": 2004.0, "year_built": 1997.0, "dom": 62.0, "n_cuts": 3.0, "cum_cut_pct": -7.104, "p_contract_7d": 0.127, "p_cut_7d": 0.421, "exp_stl_pct": -1.5, "stl_lo": -4.8, "stl_hi": 0.5, "exp_sale_price": 502400.0, "exp_room_dollars": 7600.0, "pos_tier": 0.0, "kw_asis": 0.0, "rel_discount": null}, "geometry": {"type": "Point", "coordinates": [-81.556182, 41.340717]}}, {"type": "Feature", "properties": {"watch_primary": "cut_likely", "watch_rank": 7, "watch_n_reasons": 1, "asof": "2026-10-07 00:38", "w_move_fast": false, "w_cut_likely": true, "w_room": false, "w_below_model": false, "price_tier": "core", "address": "537 Magnolia Ave", "city": "Cuyahoga Falls", "zip": 44221.0, "url": "https://www.redfin.com/OH/Cuyahoga-Falls/537-Magnolia-Ave-44221/home/75483451", "price": 349900.0, "beds": 4.0, "baths": 2.5, "sqft": 1815.0, "year_built": 2021.0, "dom": 12.0, "n_cuts": 1.0, "cum_cut_pct": -1.437, "p_contract_7d": 0.076, "p_cut_7d": 0.533, "exp_stl_pct": -0.3, "stl_lo": -3.9, "stl_hi": 2.6, "exp_sale_price": 348900.0, "exp_room_dollars": 1000.0, "pos_tier": 0.0, "kw_asis": 0.0, "rel_discount": null}, "geometry": {"type": "Point", "coordinates": [-81.475287, 41.122131]}}, {"type": "Feature", "properties": {"watch_primary": "below_model", "watch_rank": 4, "watch_n_reasons": 1, "asof": "2026-10-07 00:38", "w_move_fast": false, "w_cut_likely": false, "w_room": false, "w_below_model": true, "price_tier": "core", "address": "5394 Hawks Nest Cir", "city": "Sheffield Lake", "zip": 44054.0, "url": "https://www.redfin.com/OH/Sheffield-Lake/5394-Hawks-Nest-Cir-44054/home/178375515", "price": 415000.0, "beds": 3.0, "baths": 3.5, "sqft": 2268.0, "year_built": 2024.0, "dom": 107.0, "n_cuts": 1.0, "cum_cut_pct": -1.167, "p_contract_7d": 0.037, "p_cut_7d": 0.059, "exp_stl_pct": -0.4, "stl_lo": -3.9, "stl_hi": 3.0, "exp_sale_price": 413300.0, "exp_room_dollars": 1700.0, "pos_tier": 0.0, "kw_asis": 0.0, "rel_discount": -23.4}, "geometry": {"type": "Point", "coordinates": [-82.070221, 41.448419]}}, {"type": "Feature", "properties": {"watch_primary": "room", "watch_rank": 23, "watch_n_reasons": 1, "asof": "2026-10-07 00:38", "w_move_fast": false, "w_cut_likely": false, "w_room": true, "w_below_model": false, "price_tier": "core", "address": "5500 N Ridge Rd", "city": "Madison", "zip": 44057.0, "url": "https://www.redfin.com/OH/Madison/5500-N-Ridge-Rd-44057/home/76056492", "price": 489000.0, "beds": 3.0, "baths": 2.5, "sqft": 1762.0, "year_built": 1956.0, "dom": 180.0, "n_cuts": 0.0, "cum_cut_pct": 0.0, "p_contract_7d": 0.014, "p_cut_7d": 0.089, "exp_stl_pct": -4.4, "stl_lo": -9.6, "stl_hi": 0.2, "exp_sale_price": 467500.0, "exp_room_dollars": 21500.0, "pos_tier": 0.0, "kw_asis": 0.0, "rel_discount": null}, "geometry": {"type": "Point", "coordinates": [-81.09267, 41.794443]}}, {"type": "Feature", "properties": {"watch_primary": "cut_likely", "watch_rank": 40, "watch_n_reasons": 1, "asof": "2026-10-07 00:38", "w_move_fast": false, "w_cut_likely": true, "w_room": false, "w_below_model": false, "price_tier": "upper", "address": "560 Saunders Ave", "city": "Coventry Township", "zip": 44319.0, "url": "https://www.redfin.com/OH/Coventry-Township/560-Saunders-Ave-44319/home/75457090", "price": 655000.0, "beds": 3.0, "baths": 1.5, "sqft": 1924.0, "year_built": 1977.0, "dom": 27.0, "n_cuts": 1.0, "cum_cut_pct": -2.963, "p_contract_7d": 0.056, "p_cut_7d": 0.346, "exp_stl_pct": -1.2, "stl_lo": -3.7, "stl_hi": 1.2, "exp_sale_price": 647100.0, "exp_room_dollars": 7900.0, "pos_tier": 0.0, "kw_asis": 0.0, "rel_discount": null}, "geometry": {"type": "Point", "coordinates": [-81.542593, 40.997637]}}, {"type": "Feature", "properties": {"watch_primary": "cut_likely", "watch_rank": 38, "watch_n_reasons": 1, "asof": "2026-10-07 00:38", "w_move_fast": false, "w_cut_likely": true, "w_room": false, "w_below_model": false, "price_tier": "core", "address": "57 Garnett Cir", "city": "Copley", "zip": 44321.0, "url": "https://www.redfin.com/OH/Copley/57-Garnett-Cir-44321/home/113145201", "price": 475000.0, "beds": 4.0, "baths": 2.5, "sqft": 2458.0, "year_built": 2019.0, "dom": 19.0, "n_cuts": 0.0, "cum_cut_pct": 0.0, "p_contract_7d": 0.061, "p_cut_7d": 0.349, "exp_stl_pct": -0.2, "stl_lo": -3.6, "stl_hi": 1.8, "exp_sale_price": 474000.0, "exp_room_dollars": 1000.0, "pos_tier": 0.0, "kw_asis": 0.0, "rel_discount": null}, "geometry": {"type": "Point", "coordinates": [-81.685804, 41.134717]}}, {"type": "Feature", "properties": {"watch_primary": "cut_likely", "watch_rank": 17, "watch_n_reasons": 1, "asof": "2026-10-07 00:38", "w_move_fast": false, "w_cut_likely": true, "w_room": false, "w_below_model": false, "price_tier": "core", "address": "5733 Brecksville Rd", "city": "Independence", "zip": 44131.0, "url": "https://www.redfin.com/OH/Independence/5733-Brecksville-Rd-44131/home/70919459", "price": 394900.0, "beds": 3.0, "baths": 3.0, "sqft": 1538.0, "year_built": 1931.0, "dom": 26.0, "n_cuts": 1.0, "cum_cut_pct": -0.529, "p_contract_7d": 0.073, "p_cut_7d": 0.421, "exp_stl_pct": -0.5, "stl_lo": -4.6, "stl_hi": 0.7, "exp_sale_price": 392900.0, "exp_room_dollars": 2000.0, "pos_tier": 0.0, "kw_asis": 0.0, "rel_discount": null}, "geometry": {"type": "Point", "coordinates": [-81.6394, 41.406512]}}, {"type": "Feature", "properties": {"watch_primary": "room", "watch_rank": 12, "watch_n_reasons": 1, "asof": "2026-10-07 00:38", "w_move_fast": false, "w_cut_likely": false, "w_room": true, "w_below_model": false, "price_tier": "core", "address": "6007 Ellen Ave", "city": "Cleveland", "zip": 44102.0, "url": "https://www.realtor.com/realestateandhomes-detail/6007-Ellen-Ave_Cleveland_OH_44102_M33101-54662", "price": 299900.0, "beds": 3.0, "baths": 2.5, "sqft": 1694.0, "year_built": 1900.0, "dom": 131.0, "n_cuts": 0.0, "cum_cut_pct": 0.0, "p_contract_7d": 0.032, "p_cut_7d": 0.1, "exp_stl_pct": -4.8, "stl_lo": -8.8, "stl_hi": -0.2, "exp_sale_price": 285500.0, "exp_room_dollars": 14400.0, "pos_tier": 0.0, "kw_asis": 0.0, "rel_discount": null}, "geometry": {"type": "Point", "coordinates": [-81.728104, 41.481083]}}, {"type": "Feature", "properties": {"watch_primary": "room", "watch_rank": 30, "watch_n_reasons": 1, "asof": "2026-10-07 00:38", "w_move_fast": false, "w_cut_likely": false, "w_room": true, "w_below_model": false, "price_tier": "core", "address": "6162 Spieth Rd", "city": "Medina", "zip": 44256.0, "url": "https://www.redfin.com/OH/Medina/6162-Spieth-Rd-44256/home/198275333", "price": 395000.0, "beds": 4.0, "baths": 2.0, "sqft": 1866.0, "year_built": 1925.0, "dom": 308.0, "n_cuts": 0.0, "cum_cut_pct": 0.0, "p_contract_7d": 0.011, "p_cut_7d": 0.046, "exp_stl_pct": -4.3, "stl_lo": -10.1, "stl_hi": -0.5, "exp_sale_price": 378000.0, "exp_room_dollars": 17000.0, "pos_tier": 0.0, "kw_asis": 0.0, "rel_discount": null}, "geometry": {"type": "Point", "coordinates": [-81.909221, 41.180387]}}, {"type": "Feature", "properties": {"watch_primary": "below_model", "watch_rank": 25, "watch_n_reasons": 1, "asof": "2026-10-07 00:38", "w_move_fast": false, "w_cut_likely": false, "w_room": false, "w_below_model": true, "price_tier": "core", "address": "6168 Krystina Run", "city": "Lorain", "zip": 44053.0, "url": "https://www.redfin.com/OH/Lorain/6168-Krystina-Run-44053/home/195210556", "price": 359900.0, "beds": 4.0, "baths": 2.5, "sqft": 2108.0, "year_built": 2024.0, "dom": 41.0, "n_cuts": 1.0, "cum_cut_pct": -2.703, "p_contract_7d": 0.041, "p_cut_7d": 0.188, "exp_stl_pct": -0.7, "stl_lo": -3.6, "stl_hi": 3.5, "exp_sale_price": 357400.0, "exp_room_dollars": 2500.0, "pos_tier": 0.0, "kw_asis": 0.0, "rel_discount": -19.0}, "geometry": {"type": "Point", "coordinates": [-82.243305, 41.419149]}}, {"type": "Feature", "properties": {"watch_primary": "cut_likely", "watch_rank": 28, "watch_n_reasons": 1, "asof": "2026-10-07 00:38", "w_move_fast": false, "w_cut_likely": true, "w_room": false, "w_below_model": false, "price_tier": "core", "address": "6199 E Meadow Farm Ln", "city": "Lorain", "zip": 44053.0, "url": "https://www.redfin.com/OH/Lorain/6199-E-Meadow-Farm-Ln-44053/home/77183879", "price": 330000.0, "beds": 3.0, "baths": 3.0, "sqft": 1800.0, "year_built": 2010.0, "dom": 27.0, "n_cuts": 1.0, "cum_cut_pct": -1.493, "p_contract_7d": 0.12, "p_cut_7d": 0.379, "exp_stl_pct": -0.7, "stl_lo": -3.5, "stl_hi": 1.5, "exp_sale_price": 327700.0, "exp_room_dollars": 2300.0, "pos_tier": 0.0, "kw_asis": 0.0, "rel_discount": null}, "geometry": {"type": "Point", "coordinates": [-82.245148, 41.414044]}}, {"type": "Feature", "properties": {"watch_primary": "cut_likely", "watch_rank": 24, "watch_n_reasons": 1, "asof": "2026-10-07 00:38", "w_move_fast": false, "w_cut_likely": true, "w_room": false, "w_below_model": false, "price_tier": "core", "address": "6351 Springwood Rd", "city": "Parma Heights", "zip": 44130.0, "url": "https://www.redfin.com/OH/Parma-Heights/6351-Springwood-Rd-44130/home/70897333", "price": 250000.0, "beds": 3.0, "baths": 1.5, "sqft": 1750.0, "year_built": 1954.0, "dom": 21.0, "n_cuts": 1.0, "cum_cut_pct": -3.809, "p_contract_7d": 0.212, "p_cut_7d": 0.384, "exp_stl_pct": -0.3, "stl_lo": -2.7, "stl_hi": 3.0, "exp_sale_price": 249200.0, "exp_room_dollars": 800.0, "pos_tier": 0.0, "kw_asis": 0.0, "rel_discount": null}, "geometry": {"type": "Point", "coordinates": [-81.745777, 41.390552]}}, {"type": "Feature", "properties": {"watch_primary": "room", "watch_rank": 31, "watch_n_reasons": 1, "asof": "2026-10-07 00:38", "w_move_fast": false, "w_cut_likely": false, "w_room": true, "w_below_model": false, "price_tier": "upper", "address": "6460 Laura Ln", "city": "Solon", "zip": 44139.0, "url": "https://www.redfin.com/OH/Solon/6460-Laura-Ln-44139/home/71136980", "price": 799999.0, "beds": 5.0, "baths": 5.0, "sqft": 4369.0, "year_built": 1991.0, "dom": 75.0, "n_cuts": 1.0, "cum_cut_pct": -3.615, "p_contract_7d": 0.042, "p_cut_7d": 0.051, "exp_stl_pct": -4.3, "stl_lo": -5.9, "stl_hi": -1.1, "exp_sale_price": 765600.0, "exp_room_dollars": 34400.0, "pos_tier": 0.0, "kw_asis": 0.0, "rel_discount": null}, "geometry": {"type": "Point", "coordinates": [-81.410772, 41.383208]}}, {"type": "Feature", "properties": {"watch_primary": "room", "watch_rank": 21, "watch_n_reasons": 1, "asof": "2026-10-07 00:38", "w_move_fast": false, "w_cut_likely": false, "w_room": true, "w_below_model": false, "price_tier": "core", "address": "6489 Solon Blvd", "city": "Solon", "zip": 44139.0, "url": "https://www.redfin.com/OH/Solon/6489-Solon-Blvd-44139/home/66526283", "price": 289000.0, "beds": 4.0, "baths": 2.0, "sqft": 2052.0, "year_built": 1952.0, "dom": 83.0, "n_cuts": 1.0, "cum_cut_pct": -12.398, "p_contract_7d": 0.125, "p_cut_7d": 0.023, "exp_stl_pct": -4.5, "stl_lo": -9.4, "stl_hi": -0.9, "exp_sale_price": 276000.0, "exp_room_dollars": 13000.0, "pos_tier": 0.0, "kw_asis": 0.0, "rel_discount": null}, "geometry": {"type": "Point", "coordinates": [-81.442714, 41.382764]}}, {"type": "Feature", "properties": {"watch_primary": "room", "watch_rank": 17, "watch_n_reasons": 1, "asof": "2026-10-07 00:38", "w_move_fast": false, "w_cut_likely": false, "w_room": true, "w_below_model": false, "price_tier": "core", "address": "6515 Fir Ave", "city": "Cleveland", "zip": 44102.0, "url": "https://www.redfin.com/OH/Cleveland/6515-Fir-Ave-44102/home/66154165", "price": 259000.0, "beds": 3.0, "baths": 2.0, "sqft": 1410.0, "year_built": 1900.0, "dom": 111.0, "n_cuts": 1.0, "cum_cut_pct": -4.039, "p_contract_7d": 0.056, "p_cut_7d": 0.087, "exp_stl_pct": -4.6, "stl_lo": -9.3, "stl_hi": 0.7, "exp_sale_price": 247100.0, "exp_room_dollars": 11900.0, "pos_tier": 0.0, "kw_asis": 0.0, "rel_discount": null}, "geometry": {"type": "Point", "coordinates": [-81.730895, 41.47963]}}, {"type": "Feature", "properties": {"watch_primary": "below_model", "watch_rank": 32, "watch_n_reasons": 1, "asof": "2026-10-07 00:38", "w_move_fast": false, "w_cut_likely": false, "w_room": false, "w_below_model": true, "price_tier": "core", "address": "6517 Tree Top Pl", "city": "North Ridgeville", "zip": 44039.0, "url": "https://www.redfin.com/OH/North-Ridgeville/6517-Tree-Top-Pl-44039/home/145108270", "price": 449000.0, "beds": 3.0, "baths": 3.0, "sqft": 1868.0, "year_built": 2018.0, "dom": 7.0, "n_cuts": 0.0, "cum_cut_pct": 0.0, "p_contract_7d": 0.256, "p_cut_7d": 0.163, "exp_stl_pct": -0.1, "stl_lo": -1.8, "stl_hi": 2.3, "exp_sale_price": 448600.0, "exp_room_dollars": 400.0, "pos_tier": 0.0, "kw_asis": 0.0, "rel_discount": -18.1}, "geometry": {"type": "Point", "coordinates": [-82.032117, 41.39429]}}, {"type": "Feature", "properties": {"watch_primary": "room", "watch_rank": 33, "watch_n_reasons": 1, "asof": "2026-10-07 00:38", "w_move_fast": false, "w_cut_likely": false, "w_room": true, "w_below_model": false, "price_tier": "upper", "address": "6576 Torington Dr", "city": "Medina", "zip": 44256.0, "url": "https://www.realtor.com/realestateandhomes-detail/6576-Torington-Dr_Medina_OH_44256_M42989-03179", "price": 684800.0, "beds": 4.0, "baths": 4.5, "sqft": 4792.0, "year_built": 2005.0, "dom": 277.0, "n_cuts": 0.0, "cum_cut_pct": 0.0, "p_contract_7d": 0.02, "p_cut_7d": 0.06, "exp_stl_pct": -4.2, "stl_lo": -6.6, "stl_hi": -1.5, "exp_sale_price": 656000.0, "exp_room_dollars": 28800.0, "pos_tier": 0.0, "kw_asis": 0.0, "rel_discount": null}, "geometry": {"type": "Point", "coordinates": [-81.845039, 41.09492]}}, {"type": "Feature", "properties": {"watch_primary": "below_model", "watch_rank": 15, "watch_n_reasons": 1, "asof": "2026-10-07 00:38", "w_move_fast": false, "w_cut_likely": false, "w_room": false, "w_below_model": true, "price_tier": "core", "address": "6635 Liberty Rd", "city": "Solon", "zip": 44139.0, "url": "https://www.redfin.com/OH/Solon/6635-Liberty-Rd-44139/home/66426567", "price": 399900.0, "beds": 3.0, "baths": 2.5, "sqft": 1967.0, "year_built": 1990.0, "dom": 26.0, "n_cuts": 1.0, "cum_cut_pct": -2.225, "p_contract_7d": 0.077, "p_cut_7d": 0.038, "exp_stl_pct": -0.7, "stl_lo": -3.5, "stl_hi": 3.6, "exp_sale_price": 397100.0, "exp_room_dollars": 2800.0, "pos_tier": 0.0, "kw_asis": 0.0, "rel_discount": -21.3}, "geometry": {"type": "Point", "coordinates": [-81.420194, 41.378687]}}, {"type": "Feature", "properties": {"watch_primary": "move_fast", "watch_rank": 6, "watch_n_reasons": 1, "asof": "2026-10-07 00:38", "w_move_fast": true, "w_cut_likely": false, "w_room": false, "w_below_model": false, "price_tier": "core", "address": "7025 Grafton Rd", "city": "Valley City", "zip": 44280.0, "url": "https://www.realtor.com/realestateandhomes-detail/7025-Grafton-Rd_Valley-City_OH_44280_M41921-25584", "price": 374900.0, "beds": 3.0, "baths": 2.0, "sqft": 2088.0, "year_built": 1977.0, "dom": 1.0, "n_cuts": 0.0, "cum_cut_pct": 0.0, "p_contract_7d": 0.506, "p_cut_7d": 0.025, "exp_stl_pct": 4.2, "stl_lo": 0.3, "stl_hi": 7.6, "exp_sale_price": 390600.0, "exp_room_dollars": -15700.0, "pos_tier": 0.0, "kw_asis": 0.0, "rel_discount": null}, "geometry": {"type": "Point", "coordinates": [-81.940317, 41.261614]}}, {"type": "Feature", "properties": {"watch_primary": "room", "watch_rank": 24, "watch_n_reasons": 1, "asof": "2026-10-07 00:38", "w_move_fast": false, "w_cut_likely": false, "w_room": true, "w_below_model": false, "price_tier": "core", "address": "7734 Morley Rd", "city": "Concord Township", "zip": 44060.0, "url": "https://www.redfin.com/OH/Concord-Township/7734-Morley-Rd-44060/home/66196881", "price": 600000.0, "beds": 4.0, "baths": 4.5, "sqft": 4458.0, "year_built": 1979.0, "dom": 145.0, "n_cuts": 0.0, "cum_cut_pct": 0.0, "p_contract_7d": 0.047, "p_cut_7d": 0.077, "exp_stl_pct": -4.4, "stl_lo": -7.3, "stl_hi": -0.7, "exp_sale_price": 573600.0, "exp_room_dollars": 26400.0, "pos_tier": 0.0, "kw_asis": 0.0, "rel_discount": null}, "geometry": {"type": "Point", "coordinates": [-81.274646, 41.659939]}}, {"type": "Feature", "properties": {"watch_primary": "room", "watch_rank": 25, "watch_n_reasons": 1, "asof": "2026-10-07 00:38", "w_move_fast": false, "w_cut_likely": false, "w_room": true, "w_below_model": false, "price_tier": "core", "address": "7734 Morley Rd", "city": "Mentor", "zip": 44060.0, "url": "https://www.realtor.com/realestateandhomes-detail/7734-Morley-Rd_Concord-Township_OH_44060_M32499-14527", "price": 600000.0, "beds": 4.0, "baths": 4.5, "sqft": 4458.0, "year_built": 1979.0, "dom": 152.0, "n_cuts": 0.0, "cum_cut_pct": 0.0, "p_contract_7d": 0.047, "p_cut_7d": 0.069, "exp_stl_pct": -4.4, "stl_lo": -7.3, "stl_hi": -0.7, "exp_sale_price": 573600.0, "exp_room_dollars": 26400.0, "pos_tier": 0.0, "kw_asis": 0.0, "rel_discount": null}, "geometry": {"type": "Point", "coordinates": [-81.274589, 41.659821]}}, {"type": "Feature", "properties": {"watch_primary": "below_model", "watch_rank": 38, "watch_n_reasons": 1, "asof": "2026-10-07 00:38", "w_move_fast": false, "w_cut_likely": false, "w_room": false, "w_below_model": true, "price_tier": "core", "address": "824 Willow Creek Dr", "city": "Fairlawn", "zip": 44333.0, "url": "https://www.redfin.com/OH/Fairlawn/824-Willow-Creek-Dr-44333/home/66335875", "price": 365000.0, "beds": 3.0, "baths": 3.0, "sqft": 1362.0, "year_built": 2005.0, "dom": 63.0, "n_cuts": 2.0, "cum_cut_pct": -2.667, "p_contract_7d": 0.125, "p_cut_7d": 0.156, "exp_stl_pct": -1.6, "stl_lo": -3.8, "stl_hi": 0.6, "exp_sale_price": 359200.0, "exp_room_dollars": 5800.0, "pos_tier": 0.0, "kw_asis": 0.0, "rel_discount": -17.8}, "geometry": {"type": "Point", "coordinates": [-81.589929, 41.137739]}}, {"type": "Feature", "properties": {"watch_primary": "cut_likely", "watch_rank": 11, "watch_n_reasons": 1, "asof": "2026-10-07 00:38", "w_move_fast": false, "w_cut_likely": true, "w_room": false, "w_below_model": false, "price_tier": "core", "address": "8264 Cedar Rd", "city": "Chesterland", "zip": 44026.0, "url": "https://www.redfin.com/OH/Chesterland/8264-Cedar-Rd-44026/home/66432888", "price": 299900.0, "beds": 3.0, "baths": 1.0, "sqft": 1360.0, "year_built": 1957.0, "dom": 18.0, "n_cuts": 1.0, "cum_cut_pct": -1.672, "p_contract_7d": 0.118, "p_cut_7d": 0.439, "exp_stl_pct": -1.3, "stl_lo": -4.4, "stl_hi": 3.2, "exp_sale_price": 296000.0, "exp_room_dollars": 3900.0, "pos_tier": 0.0, "kw_asis": 0.0, "rel_discount": null}, "geometry": {"type": "Point", "coordinates": [-81.346607, 41.507812]}}, {"type": "Feature", "properties": {"watch_primary": "room", "watch_rank": 39, "watch_n_reasons": 1, "asof": "2026-10-07 00:38", "w_move_fast": false, "w_cut_likely": false, "w_room": true, "w_below_model": false, "price_tier": "core", "address": "827 Starkweather Ave", "city": "Cleveland", "zip": 44113.0, "url": "https://www.redfin.com/OH/Cleveland/827-Starkweather-Ave-44113/home/66592612", "price": 315000.0, "beds": 6.0, "baths": 2.0, "sqft": 2256.0, "year_built": 1890.0, "dom": 54.0, "n_cuts": 1.0, "cum_cut_pct": -4.545, "p_contract_7d": 0.061, "p_cut_7d": 0.176, "exp_stl_pct": -4.1, "stl_lo": -11.1, "stl_hi": 0.0, "exp_sale_price": 302100.0, "exp_room_dollars": 12900.0, "pos_tier": 0.0, "kw_asis": 1.0, "rel_discount": null}, "geometry": {"type": "Point", "coordinates": [-81.685011, 41.477281]}}, {"type": "Feature", "properties": {"watch_primary": "below_model", "watch_rank": 39, "watch_n_reasons": 1, "asof": "2026-10-07 00:38", "w_move_fast": false, "w_cut_likely": false, "w_room": false, "w_below_model": true, "price_tier": "core", "address": "8617 Broadview Rd", "city": "Broadview Heights", "zip": 44147.0, "url": "https://www.redfin.com/OH/Broadview-Heights/8617-Broadview-Rd-44147/home/66121523", "price": 374900.0, "beds": 5.0, "baths": 3.5, "sqft": 2079.0, "year_built": 1950.0, "dom": 20.0, "n_cuts": 1.0, "cum_cut_pct": -5.065, "p_contract_7d": 0.154, "p_cut_7d": 0.15, "exp_stl_pct": -0.3, "stl_lo": -4.5, "stl_hi": 3.1, "exp_sale_price": 373800.0, "exp_room_dollars": 1100.0, "pos_tier": 0.0, "kw_asis": 0.0, "rel_discount": -17.8}, "geometry": {"type": "Point", "coordinates": [-81.68405, 41.33129]}}, {"type": "Feature", "properties": {"watch_primary": "below_model", "watch_rank": 22, "watch_n_reasons": 1, "asof": "2026-10-07 00:38", "w_move_fast": false, "w_cut_likely": false, "w_room": false, "w_below_model": true, "price_tier": "core", "address": "8935 Oberlin Rd", "city": "Elyria", "zip": 44035.0, "url": "https://www.redfin.com/OH/Elyria/8935-Oberlin-Rd-44035/home/75821759", "price": 374900.0, "beds": 3.0, "baths": 2.5, "sqft": 2131.0, "year_built": 1990.0, "dom": 6.0, "n_cuts": 1.0, "cum_cut_pct": -5.089, "p_contract_7d": 0.401, "p_cut_7d": 0.048, "exp_stl_pct": 0.5, "stl_lo": -3.4, "stl_hi": 4.4, "exp_sale_price": 376800.0, "exp_room_dollars": -1900.0, "pos_tier": 0.0, "kw_asis": 0.0, "rel_discount": -19.8}, "geometry": {"type": "Point", "coordinates": [-82.193114, 41.360837]}}, {"type": "Feature", "properties": {"watch_primary": "cut_likely", "watch_rank": 20, "watch_n_reasons": 1, "asof": "2026-10-07 00:38", "w_move_fast": false, "w_cut_likely": true, "w_room": false, "w_below_model": false, "price_tier": "upper", "address": "9037 Skypark Dr", "city": "Wadsworth", "zip": 44281.0, "url": "https://www.redfin.com/OH/Wadsworth/9037-Skypark-Dr-44281/home/66410270", "price": 629000.0, "beds": 4.0, "baths": 2.5, "sqft": 2469.0, "year_built": 1971.0, "dom": 7.0, "n_cuts": 0.0, "cum_cut_pct": 0.0, "p_contract_7d": 0.144, "p_cut_7d": 0.402, "exp_stl_pct": -0.0, "stl_lo": -4.4, "stl_hi": 3.8, "exp_sale_price": 629000.0, "exp_room_dollars": 0.0, "pos_tier": 0.0, "kw_asis": 0.0, "rel_discount": null}, "geometry": {"type": "Point", "coordinates": [-81.796621, 41.027472]}}, {"type": "Feature", "properties": {"watch_primary": "cut_likely", "watch_rank": 8, "watch_n_reasons": 1, "asof": "2026-10-07 00:38", "w_move_fast": false, "w_cut_likely": true, "w_room": false, "w_below_model": false, "price_tier": "core", "address": "910 S Court St", "city": "Medina", "zip": 44256.0, "url": "https://www.redfin.com/OH/Medina/910-S-Court-St-44256/home/66187275", "price": 330000.0, "beds": 3.0, "baths": 1.5, "sqft": 1420.0, "year_built": 1952.0, "dom": 26.0, "n_cuts": 1.0, "cum_cut_pct": -1.493, "p_contract_7d": 0.089, "p_cut_7d": 0.514, "exp_stl_pct": -0.5, "stl_lo": -4.1, "stl_hi": 2.1, "exp_sale_price": 328400.0, "exp_room_dollars": 1600.0, "pos_tier": 0.0, "kw_asis": 0.0, "rel_discount": null}, "geometry": {"type": "Point", "coordinates": [-81.863635, 41.124177]}}, {"type": "Feature", "properties": {"watch_primary": "move_fast", "watch_rank": 3, "watch_n_reasons": 1, "asof": "2026-10-07 00:38", "w_move_fast": true, "w_cut_likely": false, "w_room": false, "w_below_model": false, "price_tier": "core", "address": "9286 Forest Point Dr", "city": "Macedonia", "zip": 44056.0, "url": "https://www.redfin.com/OH/Macedonia/9286-Forest-Point-Dr-44056/home/100638741", "price": 415000.0, "beds": 3.0, "baths": 2.0, "sqft": 1882.0, "year_built": 1994.0, "dom": 1.0, "n_cuts": 0.0, "cum_cut_pct": 0.0, "p_contract_7d": 0.537, "p_cut_7d": 0.023, "exp_stl_pct": 2.6, "stl_lo": -0.0, "stl_hi": 5.6, "exp_sale_price": 425800.0, "exp_room_dollars": -10800.0, "pos_tier": 1.0, "kw_asis": 0.0, "rel_discount": null}, "geometry": {"type": "Point", "coordinates": [-81.495861, 41.329067]}}, {"type": "Feature", "properties": {"watch_primary": "room", "watch_rank": 34, "watch_n_reasons": 1, "asof": "2026-10-07 00:38", "w_move_fast": false, "w_cut_likely": false, "w_room": true, "w_below_model": false, "price_tier": "core", "address": "95 Shipherd Cir", "city": "Oberlin", "zip": 44074.0, "url": "https://www.realtor.com/realestateandhomes-detail/95-Shipherd-Cir_Oberlin_OH_44074_M43333-68581", "price": 399000.0, "beds": 4.0, "baths": 3.0, "sqft": 3180.0, "year_built": 1961.0, "dom": 543.0, "n_cuts": 0.0, "cum_cut_pct": 0.0, "p_contract_7d": 0.039, "p_cut_7d": 0.016, "exp_stl_pct": -4.2, "stl_lo": -8.4, "stl_hi": -0.8, "exp_sale_price": 382200.0, "exp_room_dollars": 16800.0, "pos_tier": 0.0, "kw_asis": 0.0, "rel_discount": null}, "geometry": {"type": "Point", "coordinates": [-82.203916, 41.289113]}}, {"type": "Feature", "properties": {"watch_primary": "room", "watch_rank": 26, "watch_n_reasons": 1, "asof": "2026-10-07 00:38", "w_move_fast": false, "w_cut_likely": false, "w_room": true, "w_below_model": false, "price_tier": "core", "address": "9605 Baltic Rd", "city": "Cleveland", "zip": 44102.0, "url": "https://www.realtor.com/realestateandhomes-detail/9605-Baltic-Rd_Cleveland_OH_44102_M34232-76210", "price": 365000.0, "beds": 4.0, "baths": 2.0, "sqft": 2324.0, "year_built": 1900.0, "dom": 172.0, "n_cuts": 1.0, "cum_cut_pct": -2.667, "p_contract_7d": 0.028, "p_cut_7d": 0.14, "exp_stl_pct": -4.4, "stl_lo": -6.0, "stl_hi": -0.6, "exp_sale_price": 348900.0, "exp_room_dollars": 16100.0, "pos_tier": 0.0, "kw_asis": 0.0, "rel_discount": null}, "geometry": {"type": "Point", "coordinates": [-81.749797, 41.483146]}}, {"type": "Feature", "properties": {"watch_primary": "room", "watch_rank": 27, "watch_n_reasons": 1, "asof": "2026-10-07 00:38", "w_move_fast": false, "w_cut_likely": false, "w_room": true, "w_below_model": false, "price_tier": "core", "address": "9640 Darrow Rd", "city": "Twinsburg", "zip": 44087.0, "url": "https://www.redfin.com/OH/Twinsburg/9640-Darrow-Rd-44087/home/190211440", "price": 479900.0, "beds": 4.0, "baths": 2.0, "sqft": 3068.0, "year_built": 1884.0, "dom": 84.0, "n_cuts": 1.0, "cum_cut_pct": -4.02, "p_contract_7d": 0.033, "p_cut_7d": 0.093, "exp_stl_pct": -4.4, "stl_lo": -12.2, "stl_hi": -0.9, "exp_sale_price": 458800.0, "exp_room_dollars": 21100.0, "pos_tier": 1.0, "kw_asis": 0.0, "rel_discount": null}, "geometry": {"type": "Point", "coordinates": [-81.440633, 41.328791]}}, {"type": "Feature", "properties": {"watch_primary": "below_model", "watch_rank": 8, "watch_n_reasons": 1, "asof": "2026-10-07 00:38", "w_move_fast": false, "w_cut_likely": false, "w_room": false, "w_below_model": true, "price_tier": "core", "address": "9862 Fair Rd", "city": "Strongsville", "zip": 44149.0, "url": "https://www.redfin.com/OH/Strongsville/9862-Fair-Rd-44149/home/70862435", "price": 259900.0, "beds": 3.0, "baths": 2.0, "sqft": 909.0, "year_built": 1971.0, "dom": 103.0, "n_cuts": 0.0, "cum_cut_pct": 0.0, "p_contract_7d": 0.122, "p_cut_7d": 0.061, "exp_stl_pct": -1.7, "stl_lo": -5.5, "stl_hi": 2.3, "exp_sale_price": 255500.0, "exp_room_dollars": 4400.0, "pos_tier": 0.0, "kw_asis": 0.0, "rel_discount": -22.7}, "geometry": {"type": "Point", "coordinates": [-81.850474, 41.337985]}}, {"type": "Feature", "properties": {"watch_primary": "cut_likely", "watch_rank": 9, "watch_n_reasons": 1, "asof": "2026-10-07 00:38", "w_move_fast": false, "w_cut_likely": true, "w_room": false, "w_below_model": false, "price_tier": "core", "address": "9905 Knollwood Ridge Rd", "city": "Concord Township", "zip": 44060.0, "url": "https://www.realtor.com/realestateandhomes-detail/9905-Knollwood-Ridge-Dr_Concord-Township_OH_44060_M31243-09193", "price": 369900.0, "beds": 3.0, "baths": 1.5, "sqft": 1740.0, "year_built": 1961.0, "dom": 27.0, "n_cuts": 1.0, "cum_cut_pct": -2.632, "p_contract_7d": 0.153, "p_cut_7d": 0.475, "exp_stl_pct": -0.6, "stl_lo": -2.8, "stl_hi": 1.8, "exp_sale_price": 367700.0, "exp_room_dollars": 2200.0, "pos_tier": 0.0, "kw_asis": 0.0, "rel_discount": null}, "geometry": {"type": "Point", "coordinates": [-81.284826, 41.681838]}}, {"type": "Feature", "properties": {"watch_primary": "below_model", "watch_rank": 35, "watch_n_reasons": 1, "asof": "2026-10-07 00:38", "w_move_fast": false, "w_cut_likely": false, "w_room": false, "w_below_model": true, "price_tier": "core", "address": "S/l 158 Sperry Dr", "city": "Grafton", "zip": 44044.0, "url": "https://www.redfin.com/OH/Grafton/S-l-158-Sperry-DR-44044/home/201846394", "price": 392990.0, "beds": 4.0, "baths": 3.0, "sqft": 2579.0, "year_built": 2026.0, "dom": 145.0, "n_cuts": 0.0, "cum_cut_pct": 0.0, "p_contract_7d": 0.006, "p_cut_7d": 0.023, "exp_stl_pct": -2.9, "stl_lo": -6.4, "stl_hi": 0.2, "exp_sale_price": 381600.0, "exp_room_dollars": 11400.0, "pos_tier": 0.0, "kw_asis": 0.0, "rel_discount": -18.0}, "geometry": {"type": "Point", "coordinates": [-81.998505, 41.310642]}}, {"type": "Feature", "properties": {"watch_primary": "below_model", "watch_rank": 30, "watch_n_reasons": 1, "asof": "2026-10-07 00:38", "w_move_fast": false, "w_cut_likely": false, "w_room": false, "w_below_model": true, "price_tier": "upper", "address": "V/L 39 Chardon Rd", "city": "Wiloughby Hls", "zip": 44092.0, "url": "https://www.redfin.com/OH/WILOUGHBY-HLS/V-L-39-Chardon-Rd-44092/home/198446608", "price": 625000.0, "beds": 4.0, "baths": 2.5, "sqft": 2364.0, "year_built": null, "dom": 368.0, "n_cuts": 0.0, "cum_cut_pct": 0.0, "p_contract_7d": 0.007, "p_cut_7d": 0.002, "exp_stl_pct": 1.4, "stl_lo": -5.3, "stl_hi": 1.6, "exp_sale_price": 633800.0, "exp_room_dollars": -8800.0, "pos_tier": 0.0, "kw_asis": 0.0, "rel_discount": -18.6}, "geometry": {"type": "Point", "coordinates": [-81.476905, 41.584459]}}]}