{
"type": "FeatureCollection",
"name": "worship",
"crs": { "type": "name", "properties": { "name": "urn:ogc:def:crs:OGC:1.3:CRS84" } },
"features": [
{"type":"Feature","properties":{"name":"Aukerman Church","religion":"christian","denomination":null,"group":"christian"},"geometry":{"type":"Point","coordinates":[-82.0312594,40.9486672]}},
{"type":"Feature","properties":{"name":"Barretts Chapel","religion":"christian","denomination":null,"group":"christian"},"geometry":{"type":"Point","coordinates":[-82.410445,41.1383868]}},
{"type":"Feature","properties":{"name":"Beech Mennonite Church","religion":"christian","denomination":null,"group":"christian"},"geometry":{"type":"Point","coordinates":[-81.2106596,40.8714475]}},
{"type":"Feature","properties":{"name":"Beech Ridge Church","religion":"christian","denomination":null,"group":"christian"},"geometry":{"type":"Point","coordinates":[-80.9937025,40.9406141]}},
{"type":"Feature","properties":{"name":"Pleasant View Amish-Mennonite Church","religion":"christian","denomination":"mennonite","group":"mennonite"},"geometry":{"type":"Point","coordinates":[-81.3583787,40.9567987]}},
{"type":"Feature","properties":{"name":"Bethany Church","religion":"christian","denomination":null,"group":"christian"},"geometry":{"type":"Point","coordinates":[-81.7820771,41.0528323]}},
{"type":"Feature","properties":{"name":"Bethel Church","religion":"christian","denomination":null,"group":"christian"},"geometry":{"type":"Point","coordinates":[-82.1376537,40.8133903]}},
{"type":"Feature","properties":{"name":"Bethel Church","religion":"christian","denomination":null,"group":"christian"},"geometry":{"type":"Point","coordinates":[-81.0173148,40.8722808]}},
{"type":"Feature","properties":{"name":"Beulah Church","religion":"christian","denomination":null,"group":"christian"},"geometry":{"type":"Point","coordinates":[-81.6053996,41.0733885]}},
{"type":"Feature","properties":{"name":"Black River Church of the Brethren","religion":"christian","denomination":null,"group":"christian"},"geometry":{"type":"Point","coordinates":[-82.0634818,41.0856106]}},
{"type":"Feature","properties":{"name":"Brethren Church","religion":"christian","denomination":null,"group":"christian"},"geometry":{"type":"Point","coordinates":[-82.4015542,40.8467231]}},
{"type":"Feature","properties":{"name":"Calvary Chapel","religion":"christian","denomination":null,"group":"christian"},"geometry":{"type":"Point","coordinates":[-81.3603879,40.9472795]}},
{"type":"Feature","properties":{"name":"Calvary Church","religion":"christian","denomination":null,"group":"christian"},"geometry":{"type":"Point","coordinates":[-81.5907034,41.0945895]}},
{"type":"Feature","properties":{"name":"Calvary Church","religion":"christian","denomination":null,"group":"christian"},"geometry":{"type":"Point","coordinates":[-82.282659,41.375601]}},
{"type":"Feature","properties":{"name":"Carmel of the Holy Family","religion":"unknown","denomination":null,"group":"unknown"},"geometry":{"type":"Point","coordinates":[-81.5661417,41.4857402]}},
{"type":"Feature","properties":{"name":"Chestnut Ridge Church","religion":"christian","denomination":null,"group":"christian"},"geometry":{"type":"Point","coordinates":[-81.7259636,40.8222778]}},
{"type":"Feature","properties":{"name":"Chippewa Church of the Brethren","religion":"christian","denomination":null,"group":"christian"},"geometry":{"type":"Point","coordinates":[-81.8787503,40.9239445]}},
{"type":"Feature","properties":{"name":"Christ Presbyterian Church","religion":"christian","denomination":"presbyterian","group":"presbyterian"},"geometry":{"type":"Point","coordinates":[-81.3351215,41.5308982]}},
{"type":"Feature","properties":{"name":"Christ the King Convent","religion":"christian","denomination":null,"group":"christian"},"geometry":{"type":"Point","coordinates":[-81.4773362,41.1058894]}},
{"type":"Feature","properties":{"name":"Church of the Good Shepherd","religion":"christian","denomination":null,"group":"christian"},"geometry":{"type":"Point","coordinates":[-81.5106776,41.5028307]}},
{"type":"Feature","properties":{"name":"Church of the Nativity","religion":"christian","denomination":null,"group":"christian"},"geometry":{"type":"Point","coordinates":[-82.2398793,41.3500464]}},
{"type":"Feature","properties":{"name":"Claridon Revival Center","religion":"unknown","denomination":null,"group":"unknown"},"geometry":{"type":"Point","coordinates":[-81.1520442,41.5506074]}},
{"type":"Feature","properties":{"name":"Clear Creek Church","religion":"christian","denomination":null,"group":"christian"},"geometry":{"type":"Point","coordinates":[-82.4073882,40.9158891]}},
{"type":"Feature","properties":{"name":"Concord Church","religion":"christian","denomination":null,"group":"christian"},"geometry":{"type":"Point","coordinates":[-80.8556393,40.9728364]}},
{"type":"Feature","properties":{"name":"County Line Mennonite Church","religion":"christian","denomination":null,"group":"christian"},"geometry":{"type":"Point","coordinates":[-81.6483218,40.8225104]}},
{"type":"Feature","properties":{"name":"Crusade Church","religion":"christian","denomination":null,"group":"christian"},"geometry":{"type":"Point","coordinates":[-81.6245673,41.0953329]}},
{"type":"Feature","properties":{"name":"Dickey Church","religion":"christian","denomination":null,"group":"christian"},"geometry":{"type":"Point","coordinates":[-82.2532151,40.841168]}},
{"type":"Feature","properties":{"name":"East Chippewa Church of the Brethren","religion":"christian","denomination":null,"group":"christian"},"geometry":{"type":"Point","coordinates":[-81.8026346,40.8886664]}},
{"type":"Feature","properties":{"name":"East Oberlin Community Church","religion":"christian","denomination":null,"group":"christian"},"geometry":{"type":"Point","coordinates":[-82.1709864,41.293939]}},
{"type":"Feature","properties":{"name":"Emmanuel United Church of Christ","religion":"christian","denomination":null,"group":"christian"},"geometry":{"type":"Point","coordinates":[-81.6890163,40.9881104]}},
{"type":"Feature","properties":{"name":"Fairhaven Church","religion":"christian","denomination":null,"group":"christian"},"geometry":{"type":"Point","coordinates":[-82.1082079,40.8936675]}},
{"type":"Feature","properties":{"name":"Grace Church","religion":"christian","denomination":null,"group":"christian"},"geometry":{"type":"Point","coordinates":[-81.6262338,41.1469995]}},
{"type":"Feature","properties":{"name":"Four Square Church","religion":"christian","denomination":null,"group":"christian"},"geometry":{"type":"Point","coordinates":[-82.02459,41.1042217]}},
{"type":"Feature","properties":{"name":"Foursquare Church","religion":"christian","denomination":null,"group":"christian"},"geometry":{"type":"Point","coordinates":[-81.1114867,40.9214473]}},
{"type":"Feature","properties":{"name":"Garfield Church","religion":"christian","denomination":null,"group":"christian"},"geometry":{"type":"Point","coordinates":[-81.4642847,41.4608867]}},
{"type":"Feature","properties":{"name":"Ghent Christian Church","religion":"christian","denomination":null,"group":"christian"},"geometry":{"type":"Point","coordinates":[-81.6579025,41.154777]}},
{"type":"Feature","properties":{"name":"Good Hope Church","religion":"christian","denomination":null,"group":"christian"},"geometry":{"type":"Point","coordinates":[-82.1468179,41.3128271]}},
{"type":"Feature","properties":{"name":"Grace Cathedral","religion":"christian","denomination":null,"group":"christian"},"geometry":{"type":"Point","coordinates":[-81.4306677,41.0361674]}},
{"type":"Feature","properties":{"name":"Polaris Christian Church","religion":"christian","denomination":null,"group":"christian"},"geometry":{"type":"Point","coordinates":[-81.8045665,41.2273396]}},
{"type":"Feature","properties":{"name":"Grace Lutheran Church","religion":"christian","denomination":"lutheran","group":"lutheran"},"geometry":{"type":"Point","coordinates":[-81.0903754,41.6506074]}},
{"type":"Feature","properties":{"name":"Hinckley Ridge Baptist Church","religion":"christian","denomination":"baptist","group":"baptist"},"geometry":{"type":"Point","coordinates":[-81.7040161,41.2417211]}},
{"type":"Feature","properties":{"name":"Hope Church","religion":"christian","denomination":null,"group":"christian"},"geometry":{"type":"Point","coordinates":[-81.5492853,41.0061667]}},
{"type":"Feature","properties":{"name":"Independent Church","religion":"christian","denomination":null,"group":"christian"},"geometry":{"type":"Point","coordinates":[-80.8581402,41.1197798]}},
{"type":"Feature","properties":{"name":"Jackson Presbyterian Church","religion":"christian","denomination":"presbyterian","group":"presbyterian"},"geometry":{"type":"Point","coordinates":[-81.8995246,40.9577968]}},
{"type":"Feature","properties":{"name":"Kingdom Hall Church","religion":"christian","denomination":null,"group":"christian"},"geometry":{"type":"Point","coordinates":[-81.3337196,41.4100535]}},
{"type":"Feature","properties":{"name":"Lady of Fatima Church","religion":"christian","denomination":null,"group":"christian"},"geometry":{"type":"Point","coordinates":[-81.010649,41.3295001]}},
{"type":"Feature","properties":{"name":"Lake Shore Church","religion":"christian","denomination":null,"group":"christian"},"geometry":{"type":"Point","coordinates":[-81.48984,41.625326]}},
{"type":"Feature","properties":{"name":"Laurel Hill Church","religion":"christian","denomination":null,"group":"christian"},"geometry":{"type":"Point","coordinates":[-81.2503834,40.9156139]}},
{"type":"Feature","properties":{"name":"Maple Grove Church","religion":"christian","denomination":null,"group":"christian"},"geometry":{"type":"Point","coordinates":[-82.3106459,40.9228257]}},
{"type":"Feature","properties":{"name":"Maple Hill Church","religion":"christian","denomination":null,"group":"christian"},"geometry":{"type":"Point","coordinates":[-81.7809662,41.0089435]}},
{"type":"Feature","properties":{"name":"Martins Church","religion":"christian","denomination":null,"group":"christian"},"geometry":{"type":"Point","coordinates":[-81.7314849,40.8215172]}},
{"type":"Feature","properties":{"name":"Millheim Church","religion":"christian","denomination":null,"group":"christian"},"geometry":{"type":"Point","coordinates":[-81.4348348,41.0011675]}},
{"type":"Feature","properties":{"name":"Missionary Church","religion":"christian","denomination":null,"group":"christian"},"geometry":{"type":"Point","coordinates":[-81.8319151,41.3031315]}},
{"type":"Feature","properties":{"name":"Mohican Church of the Brethren","religion":"christian","denomination":null,"group":"christian"},"geometry":{"type":"Point","coordinates":[-82.1069723,40.8941886]}},
{"type":"Feature","properties":{"name":"Montrose Zion United Methodist Church","religion":"christian","denomination":"methodist","group":"methodist"},"geometry":{"type":"Point","coordinates":[-81.6362344,41.1511661]}},
{"type":"Feature","properties":{"name":"Morning Star Church","religion":"christian","denomination":null,"group":"christian"},"geometry":{"type":"Point","coordinates":[-81.7645764,40.968388]}},
{"type":"Feature","properties":{"name":"Mount Moriah Lutheran Church","religion":"christian","denomination":"lutheran","group":"lutheran"},"geometry":{"type":"Point","coordinates":[-80.9481448,41.052558]}},
{"type":"Feature","properties":{"name":"Mount Pleasant Church","religion":"christian","denomination":null,"group":"christian"},"geometry":{"type":"Point","coordinates":[-82.161822,40.9372783]}},
{"type":"Feature","properties":{"name":"Mount Zion Church","religion":"christian","denomination":null,"group":"christian"},"geometry":{"type":"Point","coordinates":[-81.850693,40.9164443]}},
{"type":"Feature","properties":{"name":"Mount Zion Church","religion":"christian","denomination":null,"group":"christian"},"geometry":{"type":"Point","coordinates":[-81.6131822,41.5189401]}},
{"type":"Feature","properties":{"name":"Mount Zion Missionary Church","religion":"christian","denomination":null,"group":"christian"},"geometry":{"type":"Point","coordinates":[-81.2778856,40.8653362]}},
{"type":"Feature","properties":{"name":"Mount Zwingli Church","religion":"christian","denomination":null,"group":"christian"},"geometry":{"type":"Point","coordinates":[-81.6881981,41.076495]}},
{"type":"Feature","properties":{"name":"North Canton Temple","religion":"unknown","denomination":null,"group":"unknown"},"geometry":{"type":"Point","coordinates":[-81.4223366,40.8728354]}},
{"type":"Feature","properties":{"name":"North Center Church","religion":"christian","denomination":null,"group":"christian"},"geometry":{"type":"Point","coordinates":[-81.637624,41.0231106]}},
{"type":"Feature","properties":{"name":"Old South Church","religion":"christian","denomination":null,"group":"christian"},"geometry":{"type":"Point","coordinates":[-81.3504118,41.6043803]}},
{"type":"Feature","properties":{"name":"Overton Church of God","religion":"christian","denomination":null,"group":"christian"},"geometry":{"type":"Point","coordinates":[-82.004006,40.8653789]}},
{"type":"Feature","properties":{"name":"Pioneer Church","religion":"christian","denomination":null,"group":"christian"},"geometry":{"type":"Point","coordinates":[-81.0044849,41.3476779]}},
{"type":"Feature","properties":{"name":"Pleasant Hill Mennonite Church","religion":"christian","denomination":null,"group":"christian"},"geometry":{"type":"Point","coordinates":[-81.8348587,40.9158887]}},
{"type":"Feature","properties":{"name":"Pleasant Valley Church","religion":"christian","denomination":null,"group":"christian"},"geometry":{"type":"Point","coordinates":[-82.2265903,40.8789018]}},
{"type":"Feature","properties":{"name":"Pleasant Valley Church","religion":"christian","denomination":null,"group":"christian"},"geometry":{"type":"Point","coordinates":[-81.4927176,41.0062814]}},
{"type":"Feature","properties":{"name":"Pleasant View Mennonite Church","religion":"christian","denomination":null,"group":"christian"},"geometry":{"type":"Point","coordinates":[-81.6303137,40.8256051]}},
{"type":"Feature","properties":{"name":"Queen of Peace Monastery","religion":"unknown","denomination":null,"group":"unknown"},"geometry":{"type":"Point","coordinates":[-81.1895456,40.9903358]}},
{"type":"Feature","properties":{"name":"Riverview Church","religion":"christian","denomination":null,"group":"christian"},"geometry":{"type":"Point","coordinates":[-81.3404166,41.4874392]}},
{"type":"Feature","properties":{"name":"Saint Anns Church","religion":"christian","denomination":null,"group":"christian"},"geometry":{"type":"Point","coordinates":[-81.1034316,41.7817162]}},
{"type":"Feature","properties":{"name":"Saint Marks Church","religion":"christian","denomination":null,"group":"christian"},"geometry":{"type":"Point","coordinates":[-81.8089652,41.2398991]}},
{"type":"Feature","properties":{"name":"Saint Martin's Episcopal Church","religion":"christian","denomination":"episcopal","group":"episcopal"},"geometry":{"type":"Point","coordinates":[-81.4096852,41.4130001]}},
{"type":"Feature","properties":{"name":"Saint Michael's Lutheran Church","religion":"christian","denomination":"lutheran","group":"lutheran"},"geometry":{"type":"Point","coordinates":[-81.7061325,40.8907656]}},
{"type":"Feature","properties":{"name":"Saint Pauls Church","religion":"christian","denomination":null,"group":"christian"},"geometry":{"type":"Point","coordinates":[-81.9349037,41.2366297]}},
{"type":"Feature","properties":{"name":"Saint Peters of he Fields Church","religion":"christian","denomination":null,"group":"christian"},"geometry":{"type":"Point","coordinates":[-81.2672745,41.0706116]}},
{"type":"Feature","properties":{"name":"Salem Church","religion":"christian","denomination":null,"group":"christian"},"geometry":{"type":"Point","coordinates":[-80.8573058,40.8806146]}},
{"type":"Feature","properties":{"name":"Sancta Clara Monastery","religion":"unknown","denomination":null,"group":"unknown"},"geometry":{"type":"Point","coordinates":[-81.3640011,40.8442248]}},
{"type":"Feature","properties":{"name":"Smithville Church","religion":"christian","denomination":null,"group":"christian"},"geometry":{"type":"Point","coordinates":[-81.8404147,40.8750556]}},
{"type":"Feature","properties":{"name":"The Church on 94","religion":"christian","denomination":null,"group":"christian"},"geometry":{"type":"Point","coordinates":[-81.7826332,40.9525548]}},
{"type":"Feature","properties":{"name":"The Country Church","religion":"christian","denomination":null,"group":"christian"},"geometry":{"type":"Point","coordinates":[-81.2817714,41.3283879]}},
{"type":"Feature","properties":{"name":"Valley Presbyterian Church","religion":"christian","denomination":"presbyterian","group":"presbyterian"},"geometry":{"type":"Point","coordinates":[-81.3401087,41.3919982]}},
{"type":"Feature","properties":{"name":"Trinity Cathedral","religion":"christian","denomination":null,"group":"christian"},"geometry":{"type":"Point","coordinates":[-81.6742966,41.5011623]}},
{"type":"Feature","properties":{"name":"Trinity Church","religion":"christian","denomination":null,"group":"christian"},"geometry":{"type":"Point","coordinates":[-81.3731677,40.8670023]}},
{"type":"Feature","properties":{"name":"Trinity Church","religion":"christian","denomination":null,"group":"christian"},"geometry":{"type":"Point","coordinates":[-82.2118243,40.8711677]}},
{"type":"Feature","properties":{"name":"Trinity Church","religion":"christian","denomination":null,"group":"christian"},"geometry":{"type":"Point","coordinates":[-81.4813116,41.4791062]}},
{"type":"Feature","properties":{"name":"Trinity Lutheran Church","religion":"christian","denomination":"lutheran","group":"lutheran"},"geometry":{"type":"Point","coordinates":[-81.0625977,41.8197729]}},
{"type":"Feature","properties":{"name":"Troy Baptist Church","religion":"christian","denomination":"baptist","group":"baptist"},"geometry":{"type":"Point","coordinates":[-81.1084309,41.3606105]}},
{"type":"Feature","properties":{"name":"Valley Community Church","religion":"christian","denomination":null,"group":"christian"},"geometry":{"type":"Point","coordinates":[-81.6487361,40.9786662]}},
{"type":"Feature","properties":{"name":"Wesleyan Church","religion":"christian","denomination":null,"group":"christian"},"geometry":{"type":"Point","coordinates":[-81.1123201,40.9164473]}},
{"type":"Feature","properties":{"name":"Wesleyan Church","religion":"christian","denomination":null,"group":"christian"},"geometry":{"type":"Point","coordinates":[-81.4182037,41.0721968]}},
{"type":"Feature","properties":{"name":"Yale Church","religion":"christian","denomination":null,"group":"christian"},"geometry":{"type":"Point","coordinates":[-81.0770401,41.062002]}},
{"type":"Feature","properties":{"name":"Zion Lutheran Church","religion":"christian","denomination":"lutheran","group":"lutheran"},"geometry":{"type":"Point","coordinates":[-81.9026371,41.2136652]}},
{"type":"Feature","properties":{"name":"Saint Johns Church","religion":"christian","denomination":null,"group":"christian"},"geometry":{"type":"Point","coordinates":[-82.1763074,40.9742726]}},
{"type":"Feature","properties":{"name":"First Presbyterian Church","religion":"christian","denomination":"presbyterian","group":"presbyterian"},"geometry":{"type":"Point","coordinates":[-82.3171936,40.8701294]}},
{"type":"Feature","properties":{"name":"Memorial Chapel","religion":"christian","denomination":null,"group":"christian"},"geometry":{"type":"Point","coordinates":[-82.3215512,40.8620009]}},
{"type":"Feature","properties":{"name":"Park Street Brethren Church","religion":"christian","denomination":null,"group":"christian"},"geometry":{"type":"Point","coordinates":[-82.3171066,40.8633898]}},
{"type":"Feature","properties":{"name":"Saint Edwards Catholic Church","religion":"christian","denomination":"catholic","group":"catholic"},"geometry":{"type":"Point","coordinates":[-82.3178919,40.8722888]}},
{"type":"Feature","properties":{"name":"Lake Milton Temple","religion":"unknown","denomination":null,"group":"unknown"},"geometry":{"type":"Point","coordinates":[-80.9473115,41.0928354]}},
{"type":"Feature","properties":{"name":"Our Savior Church","religion":"christian","denomination":null,"group":"christian"},"geometry":{"type":"Point","coordinates":[-81.7942999,41.3503296]}},
{"type":"Feature","properties":{"name":"First Church of God","religion":"christian","denomination":null,"group":"christian"},"geometry":{"type":"Point","coordinates":[-81.5136577,40.8107886]}},
{"type":"Feature","properties":{"name":"First Christian Church","religion":"christian","denomination":null,"group":"christian"},"geometry":{"type":"Point","coordinates":[-81.5087531,40.8091189]}},
{"type":"Feature","properties":{"name":"Saint Marys Catholic Church","religion":"christian","denomination":"catholic","group":"catholic"},"geometry":{"type":"Point","coordinates":[-81.5228982,40.8022798]}},
{"type":"Feature","properties":{"name":"Lexington Methodist Church","religion":"christian","denomination":"methodist","group":"methodist"},"geometry":{"type":"Point","coordinates":[-81.1103152,40.9612471]}},
{"type":"Feature","properties":{"name":"Mount Zion Baptist Church","religion":"christian","denomination":"baptist","group":"baptist"},"geometry":{"type":"Point","coordinates":[-81.0900966,40.9233917]}},
{"type":"Feature","properties":{"name":"Saint Lukes African Methodist Episcopal Church","religion":"christian","denomination":"methodist","group":"methodist"},"geometry":{"type":"Point","coordinates":[-81.0914856,40.9233917]}},
{"type":"Feature","properties":{"name":"First Church of God","religion":"christian","denomination":null,"group":"christian"},"geometry":{"type":"Point","coordinates":[-81.1114867,40.9264473]}},
{"type":"Feature","properties":{"name":"Regina Coeli Catholic Church","religion":"christian","denomination":"catholic","group":"catholic"},"geometry":{"type":"Point","coordinates":[-81.1239875,40.9158917]}},
{"type":"Feature","properties":{"name":"Alliance First Friends Church","religion":"christian","denomination":null,"group":"christian"},"geometry":{"type":"Point","coordinates":[-81.1039863,40.9195028]}},
{"type":"Feature","properties":{"name":"Grace Zion Methodist Episcopal Church","religion":"christian","denomination":"methodist","group":"methodist"},"geometry":{"type":"Point","coordinates":[-81.0962081,40.9175584]}},
{"type":"Feature","properties":{"name":"First Church of the Brethren","religion":"christian","denomination":null,"group":"christian"},"geometry":{"type":"Point","coordinates":[-81.0987083,40.9039474]}},
{"type":"Feature","properties":{"name":"First United Presbyterian Church","religion":"christian","denomination":"presbyterian","group":"presbyterian"},"geometry":{"type":"Point","coordinates":[-81.1017639,40.9150584]}},
{"type":"Feature","properties":{"name":"Trinity Episcopal Church","religion":"christian","denomination":null,"group":"christian"},"geometry":{"type":"Point","coordinates":[-81.0998194,40.9136695]}},
{"type":"Feature","properties":{"name":"Alliance Baptist Temple","religion":"christian","denomination":"baptist","group":"baptist"},"geometry":{"type":"Point","coordinates":[-81.1281542,40.9308916]}},
{"type":"Feature","properties":{"name":"Saint Josephs Catholic Church","religion":"christian","denomination":"catholic","group":"catholic"},"geometry":{"type":"Point","coordinates":[-81.1714906,40.8781141]}},
{"type":"Feature","properties":{"name":"Zion Evangelical and Reformed Church","religion":"christian","denomination":null,"group":"christian"},"geometry":{"type":"Point","coordinates":[-81.1714906,40.8770029]}},
{"type":"Feature","properties":{"name":"Hartville United Church of Christ","religion":"christian","denomination":null,"group":"christian"},"geometry":{"type":"Point","coordinates":[-81.3351087,40.9600574]}},
{"type":"Feature","properties":{"name":"Little Flower Catholic Church","religion":"christian","denomination":"catholic","group":"catholic"},"geometry":{"type":"Point","coordinates":[-81.3245538,40.8972801]}},
{"type":"Feature","properties":{"name":"Middlebranch Protestant Brethren Church","religion":"christian","denomination":null,"group":"christian"},"geometry":{"type":"Point","coordinates":[-81.3253872,40.8972801]}},
{"type":"Feature","properties":{"name":"Real HOPE Church","religion":"christian","denomination":"methodist","group":"methodist"},"geometry":{"type":"Point","coordinates":[-81.4792833,40.891446]}},
{"type":"Feature","properties":{"name":"Christian Tabernacle","religion":"christian","denomination":null,"group":"christian"},"geometry":{"type":"Point","coordinates":[-81.3926135,40.8453358]}},
{"type":"Feature","properties":{"name":"Good Shepherd Lutheran Church","religion":"christian","denomination":"lutheran","group":"lutheran"},"geometry":{"type":"Point","coordinates":[-81.3912246,40.8442247]}},
{"type":"Feature","properties":{"name":"Our Lady of Peace Catholic Church","religion":"christian","denomination":"catholic","group":"catholic"},"geometry":{"type":"Point","coordinates":[-81.3806685,40.8425581]}},
{"type":"Feature","properties":{"name":"First Friends Church","religion":"christian","denomination":null,"group":"christian"},"geometry":{"type":"Point","coordinates":[-81.394836,40.8328359]}},
{"type":"Feature","properties":{"name":"First Church of Christ Scientist","religion":"christian","denomination":null,"group":"christian"},"geometry":{"type":"Point","coordinates":[-81.3751134,40.8078362]}},
{"type":"Feature","properties":{"name":"First Church of the Brethren","religion":"christian","denomination":null,"group":"christian"},"geometry":{"type":"Point","coordinates":[-81.3837248,40.8125583]}},
{"type":"Feature","properties":{"name":"First United Presbyterian Church","religion":"christian","denomination":"presbyterian","group":"presbyterian"},"geometry":{"type":"Point","coordinates":[-81.3776134,40.8125583]}},
{"type":"Feature","properties":{"name":"First Evangelical Congregational Church","religion":"christian","denomination":null,"group":"christian"},"geometry":{"type":"Point","coordinates":[-81.4048368,40.8145026]}},
{"type":"Feature","properties":{"name":"First Evangelical United Brethren Church","religion":"christian","denomination":null,"group":"christian"},"geometry":{"type":"Point","coordinates":[-81.4023368,40.8106138]}},
{"type":"Feature","properties":{"name":"Lowell United Church of Christ","religion":"christian","denomination":null,"group":"christian"},"geometry":{"type":"Point","coordinates":[-81.4001147,40.8006139]}},
{"type":"Feature","properties":{"name":"Saint Michaels Catholic Church","religion":"christian","denomination":"catholic","group":"catholic"},"geometry":{"type":"Point","coordinates":[-81.4190039,40.8333912]}},
{"type":"Feature","properties":{"name":"Greentown United Methodist Church","religion":"christian","denomination":"united_methodist","group":"united_methodist"},"geometry":{"type":"Point","coordinates":[-81.4015013,40.9272794]}},
{"type":"Feature","properties":{"name":"Louisville Baptist Temple","religion":"christian","denomination":"baptist","group":"baptist"},"geometry":{"type":"Point","coordinates":[-81.2764966,40.8661695]}},
{"type":"Feature","properties":{"name":"McKinley Wesleyan Methodist Church","religion":"christian","denomination":"methodist","group":"methodist"},"geometry":{"type":"Point","coordinates":[-81.3326112,40.8186696]}},
{"type":"Feature","properties":{"name":"Fairmount Park United Presbyterian Church","religion":"christian","denomination":"presbyterian","group":"presbyterian"},"geometry":{"type":"Point","coordinates":[-81.3212217,40.8222807]}},
{"type":"Feature","properties":{"name":"Calvin Presbyterian Church","religion":"christian","denomination":"presbyterian","group":"presbyterian"},"geometry":{"type":"Point","coordinates":[-81.3426118,40.8153363]}},
{"type":"Feature","properties":{"name":"Saint Pauls Catholic Church","religion":"christian","denomination":"catholic","group":"catholic"},"geometry":{"type":"Point","coordinates":[-81.3428896,40.8125585]}},
{"type":"Feature","properties":{"name":"Greenwood Christian Church","religion":"christian","denomination":null,"group":"christian"},"geometry":{"type":"Point","coordinates":[-81.3745571,40.846447]}},
{"type":"Feature","properties":{"name":"Maple Avenue Church of the Brethren","religion":"christian","denomination":null,"group":"christian"},"geometry":{"type":"Point","coordinates":[-81.3542789,40.8158917]}},
{"type":"Feature","properties":{"name":"Saint George Antiochian Orthodox Church","religion":"christian","denomination":"orthodox","group":"orthodox"},"geometry":{"type":"Point","coordinates":[-81.3678909,40.8075584]}},
{"type":"Feature","properties":{"name":"Walnut Street Church of Christ","religion":"christian","denomination":null,"group":"christian"},"geometry":{"type":"Point","coordinates":[-81.3695576,40.8075584]}},
{"type":"Feature","properties":{"name":"Martin Luther Lutheran Church","religion":"christian","denomination":"lutheran","group":"lutheran"},"geometry":{"type":"Point","coordinates":[-81.3717799,40.8025584]}},
{"type":"Feature","properties":{"name":"Ninth Street Church of God","religion":"christian","denomination":null,"group":"christian"},"geometry":{"type":"Point","coordinates":[-81.3633948,40.8043733]}},
{"type":"Feature","properties":{"name":"Antioch Baptist Church","religion":"christian","denomination":"baptist","group":"baptist"},"geometry":{"type":"Point","coordinates":[-81.3637241,40.8014474]}},
{"type":"Feature","properties":{"name":"Holy Trinity Greek Orthodox Church (historic)","religion":"christian","denomination":"greek_orthodox","group":"greek_orthodox"},"geometry":{"type":"Point","coordinates":[-81.3537752,40.8052132]}},
{"type":"Feature","properties":{"name":"Bethany Evangelical United Brethren Church","religion":"christian","denomination":null,"group":"christian"},"geometry":{"type":"Point","coordinates":[-81.345112,40.8108918]}},
{"type":"Feature","properties":{"name":"Maple Grove Mennonite Church","religion":"christian","denomination":null,"group":"christian"},"geometry":{"type":"Point","coordinates":[-81.3385444,40.9413591]}},
{"type":"Feature","properties":{"name":"Oak Church","religion":"christian","denomination":null,"group":"christian"},"geometry":{"type":"Point","coordinates":[-82.0134809,40.8031125]}},
{"type":"Feature","properties":{"name":"Paradise Church","religion":"christian","denomination":null,"group":"christian"},"geometry":{"type":"Point","coordinates":[-81.8427233,40.8367996]}},
{"type":"Feature","properties":{"name":"Reedurban Community Church","religion":"christian","denomination":null,"group":"christian"},"geometry":{"type":"Point","coordinates":[-81.4490056,40.8108913]}},
{"type":"Feature","properties":{"name":"Saint Jacobs Church","religion":"christian","denomination":null,"group":"christian"},"geometry":{"type":"Point","coordinates":[-81.5121408,40.8731228]}},
{"type":"Feature","properties":{"name":"Saint Jacobs Church","religion":"christian","denomination":null,"group":"christian"},"geometry":{"type":"Point","coordinates":[-81.3528881,40.9158909]}},
{"type":"Feature","properties":{"name":"Saint Mark's Episcopal Church","religion":"christian","denomination":null,"group":"christian"},"geometry":{"type":"Point","coordinates":[-81.3737236,40.8520024]}},
{"type":"Feature","properties":{"name":"Salem Church","religion":"christian","denomination":null,"group":"christian"},"geometry":{"type":"Point","coordinates":[-81.1337199,40.8511266]}},
{"type":"Feature","properties":{"name":"Silver Park Church","religion":"christian","denomination":null,"group":"christian"},"geometry":{"type":"Point","coordinates":[-81.1050976,40.8947807]}},
{"type":"Feature","properties":{"name":"Stone Church","religion":"christian","denomination":null,"group":"christian"},"geometry":{"type":"Point","coordinates":[-82.3054391,40.8061681]}},
{"type":"Feature","properties":{"name":"Wayne Church","religion":"christian","denomination":null,"group":"christian"},"geometry":{"type":"Point","coordinates":[-81.9695893,40.8864452]}},
{"type":"Feature","properties":{"name":"Edinburg United Church of Christ","religion":"christian","denomination":null,"group":"christian"},"geometry":{"type":"Point","coordinates":[-81.1454759,41.1010528]}},
{"type":"Feature","properties":{"name":"Rootstown United Methodist Church","religion":"christian","denomination":"methodist","group":"methodist"},"geometry":{"type":"Point","coordinates":[-81.2431587,41.100057]}},
{"type":"Feature","properties":{"name":"Charlestown United Methodist Church","religion":"christian","denomination":"methodist","group":"methodist"},"geometry":{"type":"Point","coordinates":[-81.1481543,41.1645011]}},
{"type":"Feature","properties":{"name":"Immaculate Conception Catholic Church","religion":"christian","denomination":"catholic","group":"catholic"},"geometry":{"type":"Point","coordinates":[-81.5609525,41.0464444]}},
{"type":"Feature","properties":{"name":"Saint Sebastian Catholic Church","religion":"christian","denomination":"catholic","group":"catholic"},"geometry":{"type":"Point","coordinates":[-81.5665081,41.0989444]}},
{"type":"Feature","properties":{"name":"Saint Augustines Catholic Church","religion":"christian","denomination":"catholic","group":"catholic"},"geometry":{"type":"Point","coordinates":[-81.6127919,41.0161356]}},
{"type":"Feature","properties":{"name":"Redeemer Lutheran Church","religion":"christian","denomination":"lutheran","group":"lutheran"},"geometry":{"type":"Point","coordinates":[-81.4885285,41.1362188]}},
{"type":"Feature","properties":{"name":"Saint Pauls Episcopal Church","religion":"christian","denomination":null,"group":"christian"},"geometry":{"type":"Point","coordinates":[-81.8601361,41.1394989]}},
{"type":"Feature","properties":{"name":"East Nimishillen Church","religion":"christian","denomination":null,"group":"christian"},"geometry":{"type":"Point","coordinates":[-81.3293615,40.9257673]}},
{"type":"Feature","properties":{"name":"Emanuel Church","religion":"christian","denomination":null,"group":"christian"},"geometry":{"type":"Point","coordinates":[-82.0543162,40.8722788]}},
{"type":"Feature","properties":{"name":"Evermore Community Church","religion":"christian","denomination":"mennonite","group":"mennonite"},"geometry":{"type":"Point","coordinates":[-81.3512209,40.9406131]}},
{"type":"Feature","properties":{"name":"Mount Summit Church","religion":"christian","denomination":null,"group":"christian"},"geometry":{"type":"Point","coordinates":[-81.5962325,41.0428331]}},
{"type":"Feature","properties":{"name":"Curch of Azarene","religion":"christian","denomination":null,"group":"christian"},"geometry":{"type":"Point","coordinates":[-81.6354643,40.925378]}},
{"type":"Feature","properties":{"name":"Saint Nicholas Church","religion":"christian","denomination":null,"group":"christian"},"geometry":{"type":"Point","coordinates":[-81.5615083,41.0111666]}},
{"type":"Feature","properties":{"name":"Wintergreen Ledges Church","religion":"christian","denomination":null,"group":"christian"},"geometry":{"type":"Point","coordinates":[-81.5876207,41.060611]}},
{"type":"Feature","properties":{"name":"Broadway Assembly Church","religion":"christian","denomination":null,"group":"christian"},"geometry":{"type":"Point","coordinates":[-82.162096,41.4175434]}},
{"type":"Feature","properties":{"name":"Cornerstone Community Church","religion":"christian","denomination":null,"group":"christian"},"geometry":{"type":"Point","coordinates":[-82.2389097,41.3981535]}},
{"type":"Feature","properties":{"name":"Abundant Life Community Church","religion":"christian","denomination":null,"group":"christian"},"geometry":{"type":"Point","coordinates":[-81.4036051,41.6949716]}},
{"type":"Feature","properties":{"name":"Henrietta Church","religion":"christian","denomination":null,"group":"christian"},"geometry":{"type":"Point","coordinates":[-82.3292311,41.3361752]}},
{"type":"Feature","properties":{"name":"Lake Breeze Church","religion":"christian","denomination":null,"group":"christian"},"geometry":{"type":"Point","coordinates":[-82.1140377,41.4719852]}},
{"type":"Feature","properties":{"name":"Lakeview Church","religion":"christian","denomination":null,"group":"christian"},"geometry":{"type":"Point","coordinates":[-82.3082337,41.4232951]}},
{"type":"Feature","properties":{"name":"Mentor Plains United Methodist Church","religion":"christian","denomination":"united_methodist","group":"united_methodist"},"geometry":{"type":"Point","coordinates":[-81.3802294,41.7007146]}},
{"type":"Feature","properties":{"name":"North Mentor Centenary United Methodist Church","religion":"christian","denomination":"methodist","group":"methodist"},"geometry":{"type":"Point","coordinates":[-81.3053826,41.7258773]}},
{"type":"Feature","properties":{"name":"Saint Andrews Church","religion":"christian","denomination":null,"group":"christian"},"geometry":{"type":"Point","coordinates":[-81.3267736,41.651991]}},
{"type":"Feature","properties":{"name":"Saint Matthews Church","religion":"christian","denomination":null,"group":"christian"},"geometry":{"type":"Point","coordinates":[-81.6345684,40.9897774]}},
{"type":"Feature","properties":{"name":"Saint Pauls Church","religion":"christian","denomination":null,"group":"christian"},"geometry":{"type":"Point","coordinates":[-81.2062116,41.7336567]}},
{"type":"Feature","properties":{"name":"Saint Peters Church","religion":"christian","denomination":null,"group":"christian"},"geometry":{"type":"Point","coordinates":[-81.6312352,40.9653332]}},
{"type":"Feature","properties":{"name":"Saint Peters Church","religion":"christian","denomination":null,"group":"christian"},"geometry":{"type":"Point","coordinates":[-82.1845971,41.437542]}},
{"type":"Feature","properties":{"name":"Saints Peter and Paul Church","religion":"christian","denomination":null,"group":"christian"},"geometry":{"type":"Point","coordinates":[-82.1487619,41.4230988]}},
{"type":"Feature","properties":{"name":"Celebration United Methodist Church","religion":"christian","denomination":"methodist","group":"methodist"},"geometry":{"type":"Point","coordinates":[-81.5023413,41.6064379]}},
{"type":"Feature","properties":{"name":"West Side Church","religion":"christian","denomination":null,"group":"christian"},"geometry":{"type":"Point","coordinates":[-82.1976533,41.4486524]}},
{"type":"Feature","properties":{"name":"Christ United Methodist Church","religion":"christian","denomination":"methodist","group":"methodist"},"geometry":{"type":"Point","coordinates":[-81.3892827,40.837551]}},
{"type":"Feature","properties":{"name":"Canton Baptist Temple","religion":"christian","denomination":"baptist","group":"baptist"},"geometry":{"type":"Point","coordinates":[-81.4267824,40.8045026]}},
{"type":"Feature","properties":{"name":"Calvary United Methodist Church","religion":"christian","denomination":"methodist","group":"methodist"},"geometry":{"type":"Point","coordinates":[-81.3628906,40.8108917]}},
{"type":"Feature","properties":{"name":"Bristolville United Methodist Church","religion":"christian","denomination":"methodist","group":"methodist"},"geometry":{"type":"Point","coordinates":[-80.8684204,41.3875558]}},
{"type":"Feature","properties":{"name":"North Bristol Christian Church","religion":"christian","denomination":null,"group":"christian"},"geometry":{"type":"Point","coordinates":[-80.8709207,41.4086668]}},
{"type":"Feature","properties":{"name":"Pricetown United Methodist Church","religion":"christian","denomination":"methodist","group":"methodist"},"geometry":{"type":"Point","coordinates":[-80.9650893,41.134434]}},
{"type":"Feature","properties":{"name":"Saint Mary Roman Catholic Church","religion":"christian","denomination":"catholic","group":"catholic"},"geometry":{"type":"Point","coordinates":[-82.3634957,41.4203223]}},
{"type":"Feature","properties":{"name":"Birmingham Methodist Church","religion":"christian","denomination":"methodist","group":"methodist"},"geometry":{"type":"Point","coordinates":[-82.3575272,41.3286833]}},
{"type":"Feature","properties":{"name":"Brownhelm Congregational United Church of Christ","religion":"christian","denomination":null,"group":"christian"},"geometry":{"type":"Point","coordinates":[-82.2907147,41.389767]}},
{"type":"Feature","properties":{"name":"Saint Peter United Church of Christ","religion":"christian","denomination":"united_church_of_christ","group":"united_church_of_christ"},"geometry":{"type":"Point","coordinates":[-82.225711,41.3942108]}},
{"type":"Feature","properties":{"name":"Christ the Rock Church","religion":"christian","denomination":null,"group":"christian"},"geometry":{"type":"Point","coordinates":[-82.2266491,41.3944442]}},
{"type":"Feature","properties":{"name":"Amherst Congregational United Church of Christ","religion":"christian","denomination":null,"group":"christian"},"geometry":{"type":"Point","coordinates":[-82.2265445,41.3964329]}},
{"type":"Feature","properties":{"name":"Saint Paul Lutheran Church","religion":"christian","denomination":"lutheran","group":"lutheran"},"geometry":{"type":"Point","coordinates":[-82.2179328,41.4014327]}},
{"type":"Feature","properties":{"name":"Saint Joseph Roman Catholic Church","religion":"christian","denomination":"catholic","group":"catholic"},"geometry":{"type":"Point","coordinates":[-82.2184883,41.4033769]}},
{"type":"Feature","properties":{"name":"Amherst Church of Christ","religion":"christian","denomination":null,"group":"christian"},"geometry":{"type":"Point","coordinates":[-82.2207106,41.4067101]}},
{"type":"Feature","properties":{"name":"Saint Nicholas Byzantine Catholic Church","religion":"christian","denomination":"catholic","group":"catholic"},"geometry":{"type":"Point","coordinates":[-82.2093207,41.4339309]}},
{"type":"Feature","properties":{"name":"Christ United Methodist Church","religion":"christian","denomination":"methodist","group":"methodist"},"geometry":{"type":"Point","coordinates":[-82.210154,41.4400417]}},
{"type":"Feature","properties":{"name":"New Morning Star Primitive Baptist Church","religion":"christian","denomination":"baptist","group":"baptist"},"geometry":{"type":"Point","coordinates":[-82.2245992,41.4425414]}},
{"type":"Feature","properties":{"name":"First Baptist Church","religion":"christian","denomination":"baptist","group":"baptist"},"geometry":{"type":"Point","coordinates":[-82.1923755,41.4186541]}},
{"type":"Feature","properties":{"name":"Foursquare Gospel Church","religion":"christian","denomination":null,"group":"christian"},"geometry":{"type":"Point","coordinates":[-82.1745967,41.4186543]}},
{"type":"Feature","properties":{"name":"Zion Lutheran Church","religion":"christian","denomination":"lutheran","group":"lutheran"},"geometry":{"type":"Point","coordinates":[-82.1904309,41.4253205]}},
{"type":"Feature","properties":{"name":"Lord of Life Lutheran Church","religion":"christian","denomination":"lutheran","group":"lutheran"},"geometry":{"type":"Point","coordinates":[-82.2020981,41.4303201]}},
{"type":"Feature","properties":{"name":"Saint Nicholas Greek Orthodox Church","religion":"christian","denomination":"greek_orthodox","group":"greek_orthodox"},"geometry":{"type":"Point","coordinates":[-82.1990424,41.4308756]}},
{"type":"Feature","properties":{"name":"First Church of Christ Scientist","religion":"christian","denomination":null,"group":"christian"},"geometry":{"type":"Point","coordinates":[-82.2009868,41.440875]}},
{"type":"Feature","properties":{"name":"Full Gospel Tabernacle","religion":"christian","denomination":null,"group":"christian"},"geometry":{"type":"Point","coordinates":[-82.185464,41.452706]}},
{"type":"Feature","properties":{"name":"Faith United Methodist Church","religion":"christian","denomination":"methodist","group":"methodist"},"geometry":{"type":"Point","coordinates":[-82.168485,41.4500415]}},
{"type":"Feature","properties":{"name":"Christian Pentecostal Church","religion":"christian","denomination":"pentecostal","group":"pentecostal"},"geometry":{"type":"Point","coordinates":[-82.1690406,41.4500415]}},
{"type":"Feature","properties":{"name":"Spanish Pentecostal Church","religion":"christian","denomination":"pentecostal","group":"pentecostal"},"geometry":{"type":"Point","coordinates":[-82.1696396,41.4541272]}},
{"type":"Feature","properties":{"name":"Nativity Blessed Virgin Mary Roman Catholic Church","religion":"christian","denomination":"catholic","group":"catholic"},"geometry":{"type":"Point","coordinates":[-82.1723741,41.4558744]}},
{"type":"Feature","properties":{"name":"New Mount Calvary Baptist Church","religion":"christian","denomination":"baptist","group":"baptist"},"geometry":{"type":"Point","coordinates":[-82.1734852,41.4589299]}},
{"type":"Feature","properties":{"name":"Second Missionary Baptist Church","religion":"christian","denomination":"baptist","group":"baptist"},"geometry":{"type":"Point","coordinates":[-82.1720962,41.4586521]}},
{"type":"Feature","properties":{"name":"New Bethel Primitive Baptist Church","religion":"christian","denomination":"baptist","group":"baptist"},"geometry":{"type":"Point","coordinates":[-82.1745963,41.4625408]}},
{"type":"Feature","properties":{"name":"Saint Mary Roman Catholic Church","religion":"christian","denomination":"roman_catholic","group":"roman_catholic"},"geometry":{"type":"Point","coordinates":[-82.1759638,41.4634018]}},
{"type":"Feature","properties":{"name":"Wesley United Methodist Church","religion":"christian","denomination":"united_methodist","group":"united_methodist"},"geometry":{"type":"Point","coordinates":[-82.1759962,41.4645443]}},
{"type":"Feature","properties":{"name":"Holy Trinity Roman Catholic Church","religion":"christian","denomination":"catholic","group":"catholic"},"geometry":{"type":"Point","coordinates":[-82.1629292,41.4475417]}},
{"type":"Feature","properties":{"name":"Saint Stanislaus Roman Catholic Church","religion":"christian","denomination":"catholic","group":"catholic"},"geometry":{"type":"Point","coordinates":[-82.1623736,41.4453196]}},
{"type":"Feature","properties":{"name":"Grace Gospel Hall","religion":"christian","denomination":null,"group":"christian"},"geometry":{"type":"Point","coordinates":[-82.161818,41.443653]}},
{"type":"Feature","properties":{"name":"La Inglesia De Dios","religion":"christian","denomination":null,"group":"christian"},"geometry":{"type":"Point","coordinates":[-82.1609847,41.4422642]}},
{"type":"Feature","properties":{"name":"Bethel Chapel","religion":"christian","denomination":null,"group":"christian"},"geometry":{"type":"Point","coordinates":[-82.1626515,41.4325425]}},
{"type":"Feature","properties":{"name":"Fellowship Baptist Church","religion":"christian","denomination":"baptist","group":"baptist"},"geometry":{"type":"Point","coordinates":[-82.1632071,41.4228209]}},
{"type":"Feature","properties":{"name":"First United Presbyterian Church","religion":"christian","denomination":"presbyterian","group":"presbyterian"},"geometry":{"type":"Point","coordinates":[-82.132372,41.4436533]}},
{"type":"Feature","properties":{"name":"Lorain Seventh Day Adventist Church","religion":"christian","denomination":null,"group":"christian"},"geometry":{"type":"Point","coordinates":[-82.1282051,41.4439311]}},
{"type":"Feature","properties":{"name":"Mount Zion Baptist Church","religion":"christian","denomination":"baptist","group":"baptist"},"geometry":{"type":"Point","coordinates":[-82.1490819,41.4428192]}},
{"type":"Feature","properties":{"name":"Saint Vincent de Paul Roman Catholic Church","religion":"christian","denomination":"roman_catholic","group":"roman_catholic"},"geometry":{"type":"Point","coordinates":[-82.1214949,41.4175709]}},
{"type":"Feature","properties":{"name":"Wings of Faith Church","religion":"christian","denomination":null,"group":"christian"},"geometry":{"type":"Point","coordinates":[-82.117649,41.4333762]}},
{"type":"Feature","properties":{"name":"Saint Frances Cabrini","religion":"christian","denomination":"roman_catholic","group":"roman_catholic"},"geometry":{"type":"Point","coordinates":[-82.120427,41.4364316]}},
{"type":"Feature","properties":{"name":"Lorain Baptist Church","religion":"christian","denomination":"baptist","group":"baptist"},"geometry":{"type":"Point","coordinates":[-82.1157044,41.4375427]}},
{"type":"Feature","properties":{"name":"Saint George Serbian Orthodox Church","religion":"christian","denomination":null,"group":"christian"},"geometry":{"type":"Point","coordinates":[-82.1195935,41.4403203]}},
{"type":"Feature","properties":{"name":"First Spanish Baptist Church","religion":"christian","denomination":"baptist","group":"baptist"},"geometry":{"type":"Point","coordinates":[-82.11719,41.4428219]}},
{"type":"Feature","properties":{"name":"Saint Mark American Serbian Eastern Orthodox Church","religion":"christian","denomination":null,"group":"christian"},"geometry":{"type":"Point","coordinates":[-82.1143154,41.4714297]}},
{"type":"Feature","properties":{"name":"Saint Thomas Roman Catholic Church","religion":"christian","denomination":"catholic","group":"catholic"},"geometry":{"type":"Point","coordinates":[-82.0940367,41.4889289]}},
{"type":"Feature","properties":{"name":"First Baptist Church of Sheffield Lake","religion":"christian","denomination":"baptist","group":"baptist"},"geometry":{"type":"Point","coordinates":[-82.0937589,41.4880957]}},
{"type":"Feature","properties":{"name":"Faith Lutheran Church","religion":"christian","denomination":"lutheran","group":"lutheran"},"geometry":{"type":"Point","coordinates":[-82.0265331,41.448654]}},
{"type":"Feature","properties":{"name":"Saint Joseph Roman Catholic Church","religion":"christian","denomination":"catholic","group":"catholic"},"geometry":{"type":"Point","coordinates":[-82.0268112,41.5100399]}},
{"type":"Feature","properties":{"name":"Holy Trinity Roman Catholic Church","religion":"christian","denomination":"roman_catholic","group":"roman_catholic"},"geometry":{"type":"Point","coordinates":[-81.9895868,41.452821]}},
{"type":"Feature","properties":{"name":"Henrietta United Church of Christ","religion":"christian","denomination":null,"group":"christian"},"geometry":{"type":"Point","coordinates":[-82.3418295,41.3200488]}},
{"type":"Feature","properties":{"name":"South Amherst First United Methodist Church","religion":"christian","denomination":"methodist","group":"methodist"},"geometry":{"type":"Point","coordinates":[-82.2459907,41.3572682]}},
{"type":"Feature","properties":{"name":"South Amherst Congregational Church","religion":"christian","denomination":null,"group":"christian"},"geometry":{"type":"Point","coordinates":[-82.2412681,41.3578238]}},
{"type":"Feature","properties":{"name":"Elyria Church of the Nazarene","religion":"christian","denomination":null,"group":"christian"},"geometry":{"type":"Point","coordinates":[-82.0940366,41.3747685]}},
{"type":"Feature","properties":{"name":"Saint Casimir Catholic Church","religion":"christian","denomination":"roman_catholic","group":"roman_catholic"},"geometry":{"type":"Point","coordinates":[-81.5532736,41.5841912]}},
{"type":"Feature","properties":{"name":"Our Lady of Lourdes National Shrine","religion":"christian","denomination":"roman_catholic","group":"roman_catholic"},"geometry":{"type":"Point","coordinates":[-81.5295658,41.5697723]}},
{"type":"Feature","properties":{"name":"Bethlehem Community Church","religion":"christian","denomination":"lutheran","group":"lutheran"},"geometry":{"type":"Point","coordinates":[-81.5117346,41.5795495]}},
{"type":"Feature","properties":{"name":"Saint John Lutheran Church","religion":"christian","denomination":"lutheran","group":"lutheran"},"geometry":{"type":"Point","coordinates":[-81.5219943,41.5198021]}},
{"type":"Feature","properties":{"name":"Parish of Sacred Heart of Jesus","religion":"christian","denomination":"roman_catholic","group":"roman_catholic"},"geometry":{"type":"Point","coordinates":[-81.5188577,41.5178939]}},
{"type":"Feature","properties":{"name":"Saint Stephens Byzantine Catholic Church","religion":"christian","denomination":"catholic","group":"catholic"},"geometry":{"type":"Point","coordinates":[-81.4895624,41.6186596]}},
{"type":"Feature","properties":{"name":"Saint Clares Catholic Church","religion":"christian","denomination":"catholic","group":"catholic"},"geometry":{"type":"Point","coordinates":[-81.4751194,41.5211633]}},
{"type":"Feature","properties":{"name":"Saint Vitus Catholic Church","religion":"christian","denomination":"roman_catholic","group":"roman_catholic"},"geometry":{"type":"Point","coordinates":[-81.6487395,41.5228285]}},
{"type":"Feature","properties":{"name":"Saint Jeromes Catholic Church","religion":"christian","denomination":"roman_catholic","group":"roman_catholic"},"geometry":{"type":"Point","coordinates":[-81.5766288,41.5729987]}},
{"type":"Feature","properties":{"name":"Saint Raphaels Catholic Church","religion":"christian","denomination":"catholic","group":"catholic"},"geometry":{"type":"Point","coordinates":[-81.9202392,41.4802542]}},
{"type":"Feature","properties":{"name":"Saint Angela Merici","religion":"christian","denomination":"roman_catholic","group":"roman_catholic"},"geometry":{"type":"Point","coordinates":[-81.8518035,41.4475479]}},
{"type":"Feature","properties":{"name":"Blessed Trinity","religion":"christian","denomination":"roman_catholic","group":"roman_catholic"},"geometry":{"type":"Point","coordinates":[-81.7917259,41.4346548]}},
{"type":"Feature","properties":{"name":null,"religion":"christian","denomination":null,"group":"christian"},"geometry":{"type":"Point","coordinates":[-81.7793004,41.4264395]}},
{"type":"Feature","properties":{"name":"Saint Patricks Catholic Church","religion":"christian","denomination":"catholic","group":"catholic"},"geometry":{"type":"Point","coordinates":[-81.8218021,41.4344936]}},
{"type":"Feature","properties":{"name":"Saint Mel Catholic Church","religion":"christian","denomination":"roman_catholic","group":"roman_catholic"},"geometry":{"type":"Point","coordinates":[-81.7950874,41.4615422]}},
{"type":"Feature","properties":{"name":"Saint Vincent de Paul Catholic Church","religion":"christian","denomination":"roman_catholic","group":"roman_catholic"},"geometry":{"type":"Point","coordinates":[-81.7840233,41.4575498]}},
{"type":"Feature","properties":{"name":"Saint Ignatius of Antioch Catholic Church","religion":"christian","denomination":"roman_catholic","group":"roman_catholic"},"geometry":{"type":"Point","coordinates":[-81.7554112,41.465884]}},
{"type":"Feature","properties":{"name":"Saint Lukes Catholic Church","religion":"christian","denomination":"roman_catholic","group":"roman_catholic"},"geometry":{"type":"Point","coordinates":[-81.7898573,41.4908822]}},
{"type":"Feature","properties":{"name":"St. Leo the Great Catholic Church","religion":"christian","denomination":"roman_catholic","group":"roman_catholic"},"geometry":{"type":"Point","coordinates":[-81.6983993,41.4222722]}},
{"type":"Feature","properties":{"name":"Holy Name Catholic Church","religion":"christian","denomination":"roman_catholic","group":"roman_catholic"},"geometry":{"type":"Point","coordinates":[-81.6294114,41.449698]}},
{"type":"Feature","properties":{"name":null,"religion":"christian","denomination":null,"group":"christian"},"geometry":{"type":"Point","coordinates":[-81.6315161,41.4625522]}},
{"type":"Feature","properties":{"name":"Saint Adalbert Catholic Church","religion":"christian","denomination":"roman_catholic","group":"roman_catholic"},"geometry":{"type":"Point","coordinates":[-81.6292783,41.4950684]}},
{"type":"Feature","properties":{"name":"Holy Spirit Catholic Church","religion":"christian","denomination":"roman_catholic","group":"roman_catholic"},"geometry":{"type":"Point","coordinates":[-81.5906801,41.441164]}},
{"type":"Feature","properties":{"name":"Nativity Catholic Church","religion":"christian","denomination":"catholic","group":"catholic"},"geometry":{"type":"Point","coordinates":[-81.6184597,41.4589413]}},
{"type":"Feature","properties":{"name":"Saint Mary of the Falls Catholic Church","religion":"christian","denomination":"catholic","group":"catholic"},"geometry":{"type":"Point","coordinates":[-81.9023602,41.3722714]}},
{"type":"Feature","properties":{"name":"Saint Adalbert Catholic Church","religion":"christian","denomination":"catholic","group":"catholic"},"geometry":{"type":"Point","coordinates":[-81.8554139,41.3747722]}},
{"type":"Feature","properties":{"name":"Saint Bartholomew Catholic Church","religion":"christian","denomination":"catholic","group":"catholic"},"geometry":{"type":"Point","coordinates":[-81.8023561,41.366718]}},
{"type":"Feature","properties":{"name":"Saint Basils Church","religion":"christian","denomination":"roman_catholic","group":"roman_catholic"},"geometry":{"type":"Point","coordinates":[-81.6278049,41.3255553]}},
{"type":"Feature","properties":{"name":"Saint Albert the Great Catholic Church","religion":"christian","denomination":"catholic","group":"catholic"},"geometry":{"type":"Point","coordinates":[-81.732908,41.3256087]}},
{"type":"Feature","properties":{"name":"Hartsgrove United Church of Christ","religion":"christian","denomination":null,"group":"christian"},"geometry":{"type":"Point","coordinates":[-80.9524315,41.6054794]}},
{"type":"Feature","properties":{"name":"New Life Assembly of God Church","religion":"christian","denomination":"pentecostal","group":"pentecostal"},"geometry":{"type":"Point","coordinates":[-80.9515122,41.7993473]}},
{"type":"Feature","properties":{"name":"Church of the Word","religion":"christian","denomination":null,"group":"christian"},"geometry":{"type":"Point","coordinates":[-81.2433532,41.7177822]}},
{"type":"Feature","properties":{"name":"Faith Lutheran Church","religion":"christian","denomination":"lutheran","group":"lutheran"},"geometry":{"type":"Point","coordinates":[-81.3495526,41.6644907]}},
{"type":"Feature","properties":{"name":"First Congregational Church","religion":"christian","denomination":null,"group":"christian"},"geometry":{"type":"Point","coordinates":[-81.2451015,41.7236552]}},
{"type":"Feature","properties":{"name":"First Evangelical Lutheran Church","religion":"christian","denomination":"lutheran","group":"lutheran"},"geometry":{"type":"Point","coordinates":[-81.2751028,41.7480987]}},
{"type":"Feature","properties":{"name":"Grand River United Church of Christ","religion":"christian","denomination":null,"group":"christian"},"geometry":{"type":"Point","coordinates":[-81.2809366,41.7386546]}},
{"type":"Feature","properties":{"name":"Mentor United Methodist Church","religion":"christian","denomination":"methodist","group":"methodist"},"geometry":{"type":"Point","coordinates":[-81.3323293,41.668935]}},
{"type":"Feature","properties":{"name":"Mount Olive Baptist Church","religion":"christian","denomination":"baptist","group":"baptist"},"geometry":{"type":"Point","coordinates":[-81.2553797,41.7283771]}},
{"type":"Feature","properties":{"name":"Saint Anthony of Padua Catholic Church","religion":"christian","denomination":"catholic","group":"catholic"},"geometry":{"type":"Point","coordinates":[-81.2742694,41.7519875]}},
{"type":"Feature","properties":{"name":"Saint Gabriel Catholic Church","religion":"christian","denomination":"roman_catholic","group":"roman_catholic"},"geometry":{"type":"Point","coordinates":[-81.2835934,41.6776256]}},
{"type":"Feature","properties":{"name":"Saint Huberts Church","religion":"christian","denomination":null,"group":"christian"},"geometry":{"type":"Point","coordinates":[-81.3235512,41.6337142]}},
{"type":"Feature","properties":{"name":"Saint Mary of the Assumption Catholic Church","religion":"christian","denomination":"catholic","group":"catholic"},"geometry":{"type":"Point","coordinates":[-81.3342739,41.6681017]}},
{"type":"Feature","properties":{"name":"Zion Lutheran Church","religion":"christian","denomination":"lutheran","group":"lutheran"},"geometry":{"type":"Point","coordinates":[-81.2753807,41.7519875]}},
{"type":"Feature","properties":{"name":"First Christian Church","religion":"christian","denomination":null,"group":"christian"},"geometry":{"type":"Point","coordinates":[-81.7292962,41.0281101]}},
{"type":"Feature","properties":{"name":"First Mennonite Church","religion":"christian","denomination":null,"group":"christian"},"geometry":{"type":"Point","coordinates":[-81.7476308,41.0169988]}},
{"type":"Feature","properties":{"name":"Sacred Heart Catholic Church","religion":"christian","denomination":"catholic","group":"catholic"},"geometry":{"type":"Point","coordinates":[-81.7231848,41.0256101]}},
{"type":"Feature","properties":{"name":"Wadsworth Church of the Nazarene","religion":"christian","denomination":null,"group":"christian"},"geometry":{"type":"Point","coordinates":[-81.728185,41.0433878]}},
{"type":"Feature","properties":{"name":"Barberton Seventh Day Aventist","religion":"christian","denomination":null,"group":"christian"},"geometry":{"type":"Point","coordinates":[-81.5886013,41.0212767]}},
{"type":"Feature","properties":{"name":"Barberton Christian Church","religion":"christian","denomination":null,"group":"christian"},"geometry":{"type":"Point","coordinates":[-81.5921933,41.013117]}},
{"type":"Feature","properties":{"name":"Barberton First Baptist Church","religion":"christian","denomination":"baptist","group":"baptist"},"geometry":{"type":"Point","coordinates":[-81.6129003,41.0175552]}},
{"type":"Feature","properties":{"name":"Barberton First Church of Christ","religion":"christian","denomination":null,"group":"christian"},"geometry":{"type":"Point","coordinates":[-81.5995661,41.0256109]}},
{"type":"Feature","properties":{"name":"Barberton First Church of the Nazarene","religion":"christian","denomination":null,"group":"christian"},"geometry":{"type":"Point","coordinates":[-81.6320681,41.026444]}},
{"type":"Feature","properties":{"name":"Barberton Friends Church","religion":"christian","denomination":null,"group":"christian"},"geometry":{"type":"Point","coordinates":[-81.5959548,41.0100553]}},
{"type":"Feature","properties":{"name":"Barberton Seventh Day Adventist Church","religion":"christian","denomination":null,"group":"christian"},"geometry":{"type":"Point","coordinates":[-81.6006772,41.0208886]}},
{"type":"Feature","properties":{"name":"Barberton Wesleyan Methodist Church","religion":"christian","denomination":"methodist","group":"methodist"},"geometry":{"type":"Point","coordinates":[-81.6329016,41.0142218]}},
{"type":"Feature","properties":{"name":"Calvary Wesleyan Church","religion":"christian","denomination":null,"group":"christian"},"geometry":{"type":"Point","coordinates":[-81.6384575,41.0019995]}},
{"type":"Feature","properties":{"name":"Copley United Methodist Church","religion":"christian","denomination":"methodist","group":"methodist"},"geometry":{"type":"Point","coordinates":[-81.6451241,41.0967217]}},
{"type":"Feature","properties":{"name":"Covenant Baptist Church","religion":"christian","denomination":"baptist","group":"baptist"},"geometry":{"type":"Point","coordinates":[-81.6451247,40.9917218]}},
{"type":"Feature","properties":{"name":"Faith Baptist Church","religion":"christian","denomination":"baptist","group":"baptist"},"geometry":{"type":"Point","coordinates":[-81.5778982,41.0150554]}},
{"type":"Feature","properties":{"name":"First Lutheran Church of Barberton","religion":"christian","denomination":"lutheran","group":"lutheran"},"geometry":{"type":"Point","coordinates":[-81.6071605,41.0174601]}},
{"type":"Feature","properties":{"name":"First Presbyterian Church","religion":"christian","denomination":"presbyterian","group":"presbyterian"},"geometry":{"type":"Point","coordinates":[-81.6129003,41.0133885]}},
{"type":"Feature","properties":{"name":"Deaf Outreach Church","religion":"christian","denomination":null,"group":"christian"},"geometry":{"type":"Point","coordinates":[-81.4666675,40.9310016]}},
{"type":"Feature","properties":{"name":"Greensburg United Methodist Church","religion":"christian","denomination":"methodist","group":"methodist"},"geometry":{"type":"Point","coordinates":[-81.4678932,40.9320012]}},
{"type":"Feature","properties":{"name":"Immanuel Baptist Church","religion":"christian","denomination":"baptist","group":"baptist"},"geometry":{"type":"Point","coordinates":[-81.6028996,41.0278331]}},
{"type":"Feature","properties":{"name":"Johnson United Methodist Church","religion":"christian","denomination":"methodist","group":"methodist"},"geometry":{"type":"Point","coordinates":[-81.6426244,41.0033883]}},
{"type":"Feature","properties":{"name":"Lakeview United Methodist Church","religion":"christian","denomination":"methodist","group":"methodist"},"geometry":{"type":"Point","coordinates":[-81.6082359,41.0162002]}},
{"type":"Feature","properties":{"name":"Saint Andrews Episcopal Church","religion":"christian","denomination":null,"group":"christian"},"geometry":{"type":"Point","coordinates":[-81.6112335,41.017833]}},
{"type":"Feature","properties":{"name":"Saint Pauls United Methodist Church","religion":"christian","denomination":"methodist","group":"methodist"},"geometry":{"type":"Point","coordinates":[-81.5903989,41.0275553]}},
{"type":"Feature","properties":{"name":"Sawyerwood United Methodist Church","religion":"christian","denomination":"methodist","group":"methodist"},"geometry":{"type":"Point","coordinates":[-81.4448351,41.0383895]}},
{"type":"Feature","properties":{"name":"Buna Vistire Romanian Orthodox Church","religion":"christian","denomination":null,"group":"christian"},"geometry":{"type":"Point","coordinates":[-81.8401366,41.4633811]}},
{"type":"Feature","properties":{"name":"Calvary United Methodist Church of Lakewood","religion":"christian","denomination":"methodist","group":"methodist"},"geometry":{"type":"Point","coordinates":[-81.810969,41.4761596]}},
{"type":"Feature","properties":{"name":"Journey Church","religion":"christian","denomination":"lutheran","group":"lutheran"},"geometry":{"type":"Point","coordinates":[-81.8559703,41.4456034]}},
{"type":"Feature","properties":{"name":"Fairview Grace United Methodist Church","religion":"christian","denomination":"methodist","group":"methodist"},"geometry":{"type":"Point","coordinates":[-81.8690264,41.4400476]}},
{"type":"Feature","properties":{"name":"First United Church of Christ","religion":"christian","denomination":null,"group":"christian"},"geometry":{"type":"Point","coordinates":[-81.7998574,41.4731046]}},
{"type":"Feature","properties":{"name":"Grace Presbyterian Church","religion":"christian","denomination":"presbyterian","group":"presbyterian"},"geometry":{"type":"Point","coordinates":[-81.8080382,41.4778223]}},
{"type":"Feature","properties":{"name":"Lakewood Congregational Church","religion":"christian","denomination":null,"group":"christian"},"geometry":{"type":"Point","coordinates":[-81.8223584,41.48477]}},
{"type":"Feature","properties":{"name":"Lakewood United Methodist Church","religion":"christian","denomination":"methodist","group":"methodist"},"geometry":{"type":"Point","coordinates":[-81.8073499,41.485598]}},
{"type":"Feature","properties":{"name":"Good Soil Lutheran Ministries","religion":"christian","denomination":"lutheran","group":"lutheran"},"geometry":{"type":"Point","coordinates":[-81.8462481,41.4692141]}},
{"type":"Feature","properties":{"name":"Rockport United Methodist Church","religion":"christian","denomination":"methodist","group":"methodist"},"geometry":{"type":"Point","coordinates":[-81.8387477,41.4633811]}},
{"type":"Feature","properties":{"name":"Rocky River First Church of Christ Scientist","religion":"christian","denomination":null,"group":"christian"},"geometry":{"type":"Point","coordinates":[-81.8526373,41.4742137]}},
{"type":"Feature","properties":{"name":"Rocky River Presbyterian Church","religion":"christian","denomination":"presbyterian","group":"presbyterian"},"geometry":{"type":"Point","coordinates":[-81.8615265,41.4731023]}},
{"type":"Feature","properties":{"name":"Saint Peter and Paul Lutheran Church","religion":"christian","denomination":"lutheran","group":"lutheran"},"geometry":{"type":"Point","coordinates":[-81.7801308,41.4773045]}},
{"type":"Feature","properties":{"name":"Saint Peters Episcopal Church","religion":"christian","denomination":null,"group":"christian"},"geometry":{"type":"Point","coordinates":[-81.8223584,41.4839368]}},
{"type":"Feature","properties":{"name":"Saint Thomas Lutheran Church","religion":"christian","denomination":"lutheran","group":"lutheran"},"geometry":{"type":"Point","coordinates":[-81.8539809,41.4729747]}},
{"type":"Feature","properties":{"name":"West Shore Unitarian Church","religion":"unitarian_universalist","denomination":null,"group":"unitarian_universalist"},"geometry":{"type":"Point","coordinates":[-81.846248,41.468103]}},
{"type":"Feature","properties":{"name":"Apostolic Church of God","religion":"christian","denomination":null,"group":"christian"},"geometry":{"type":"Point","coordinates":[-81.6090267,41.445463]}},
{"type":"Feature","properties":{"name":"New Joshua Missionary Baptist Church","religion":"christian","denomination":"baptist","group":"baptist"},"geometry":{"type":"Point","coordinates":[-81.6066131,41.4448852]}},
{"type":"Feature","properties":{"name":"Second Tabernacle Baptist Church","religion":"christian","denomination":"baptist","group":"baptist"},"geometry":{"type":"Point","coordinates":[-81.5990145,41.4639414]}},
{"type":"Feature","properties":{"name":"North Presbyterian Church","religion":"christian","denomination":"presbyterian","group":"presbyterian"},"geometry":{"type":"Point","coordinates":[-81.6620736,41.5142175]}},
{"type":"Feature","properties":{"name":"Samdan Church","religion":"christian","denomination":null,"group":"christian"},"geometry":{"type":"Point","coordinates":[-81.7776572,41.4593581]}},
{"type":"Feature","properties":{"name":"Messiah Lutheran Church","religion":"christian","denomination":"lutheran","group":"lutheran"},"geometry":{"type":"Point","coordinates":[-81.8589426,41.4431024]}},
{"type":"Feature","properties":{"name":"WestSide SDA Church","religion":"christian","denomination":"seventh_day_adventist","group":"seventh_day_adventist"},"geometry":{"type":"Point","coordinates":[-81.7450457,41.4769851]}},
{"type":"Feature","properties":{"name":"Green Grove Baptist Church","religion":"christian","denomination":"baptist","group":"baptist"},"geometry":{"type":"Point","coordinates":[-81.6384615,41.4936628]}},
{"type":"Feature","properties":{"name":"Allen Temple African Methodist Episcopal Church","religion":"christian","denomination":"methodist","group":"methodist"},"geometry":{"type":"Point","coordinates":[-81.6347014,41.49357]}},
{"type":"Feature","properties":{"name":"Zion Lutheran Church","religion":"christian","denomination":"lutheran","group":"lutheran"},"geometry":{"type":"Point","coordinates":[-81.6673519,41.5008845]}},
{"type":"Feature","properties":{"name":"Saint Nicholas Byzantine Catholic Church","religion":"christian","denomination":"catholic","group":"catholic"},"geometry":{"type":"Point","coordinates":[-81.6665183,41.5125508]}},
{"type":"Feature","properties":{"name":"Saint James Anglican Church","religion":"christian","denomination":null,"group":"christian"},"geometry":{"type":"Point","coordinates":[-81.651513,41.513077]}},
{"type":"Feature","properties":{"name":"Saint Philip Neri Catholic Church","religion":"christian","denomination":"roman_catholic","group":"roman_catholic"},"geometry":{"type":"Point","coordinates":[-81.6315163,41.5317172]}},
{"type":"Feature","properties":{"name":"Fidelity Baptist Church","religion":"christian","denomination":"baptist","group":"baptist"},"geometry":{"type":"Point","coordinates":[-81.6290165,41.5158844]}},
{"type":"Feature","properties":{"name":"New Community Baptist Church","religion":"christian","denomination":"baptist","group":"baptist"},"geometry":{"type":"Point","coordinates":[-81.6409614,41.5156066]}},
{"type":"Feature","properties":{"name":"Church of Faith","religion":"christian","denomination":null,"group":"christian"},"geometry":{"type":"Point","coordinates":[-81.6117932,41.5217178]}},
{"type":"Feature","properties":{"name":"Mount Moriah Baptist Church","religion":"christian","denomination":"baptist","group":"baptist"},"geometry":{"type":"Point","coordinates":[-81.6192933,41.5375504]}},
{"type":"Feature","properties":{"name":"East Glenville United Methodist Church","religion":"christian","denomination":"methodist","group":"methodist"},"geometry":{"type":"Point","coordinates":[-81.5956809,41.5425505]}},
{"type":"Feature","properties":{"name":"East Shore United Methodist Church","religion":"christian","denomination":"methodist","group":"methodist"},"geometry":{"type":"Point","coordinates":[-81.521231,41.6125486]}},
{"type":"Feature","properties":{"name":"Saint John Lutheran Church","religion":"christian","denomination":"lutheran","group":"lutheran"},"geometry":{"type":"Point","coordinates":[-81.5584559,41.5808827]}},
{"type":"Feature","properties":{"name":"Holy Trinity Lutheran Church","religion":"christian","denomination":"lutheran","group":"lutheran"},"geometry":{"type":"Point","coordinates":[-81.6876287,41.3944969]}},
{"type":"Feature","properties":{"name":"Good Shepherd United Methodist Church","religion":"christian","denomination":"methodist","group":"methodist"},"geometry":{"type":"Point","coordinates":[-81.7106856,41.4017189]}},
{"type":"Feature","properties":{"name":"Shaffer United Methodist Church","religion":"christian","denomination":"methodist","group":"methodist"},"geometry":{"type":"Point","coordinates":[-81.5984584,41.4450528]}},
{"type":"Feature","properties":{"name":"Bay Presbyterian Church","religion":"christian","denomination":"presbyterian","group":"presbyterian"},"geometry":{"type":"Point","coordinates":[-81.9012504,41.4850448]}},
{"type":"Feature","properties":{"name":"Bay United Methodist Church","religion":"christian","denomination":"methodist","group":"methodist"},"geometry":{"type":"Point","coordinates":[-81.9501413,41.4930982]}},
{"type":"Feature","properties":{"name":"Berea Baptist Church","religion":"christian","denomination":"baptist","group":"baptist"},"geometry":{"type":"Point","coordinates":[-81.8684698,41.3650501]}},
{"type":"Feature","properties":{"name":"Bethesda on the Bay Lutheran Church","religion":"christian","denomination":"lutheran","group":"lutheran"},"geometry":{"type":"Point","coordinates":[-81.9362518,41.4847657]}},
{"type":"Feature","properties":{"name":"Dover Congregational Church","religion":"christian","denomination":null,"group":"christian"},"geometry":{"type":"Point","coordinates":[-81.9215286,41.4558786]}},
{"type":"Feature","properties":{"name":"First Lutheran Church of Strongsville","religion":"christian","denomination":"lutheran","group":"lutheran"},"geometry":{"type":"Point","coordinates":[-81.8398569,41.3119966]}},
{"type":"Feature","properties":{"name":"Pleasant Hills United Methodist Church","religion":"christian","denomination":"methodist","group":"methodist"},"geometry":{"type":"Point","coordinates":[-81.7862443,41.3644961]}},
{"type":"Feature","properties":{"name":"Royal Redeemer Lutheran Church","religion":"christian","denomination":"lutheran","group":"lutheran"},"geometry":{"type":"Point","coordinates":[-81.7751321,41.3164417]}},
{"type":"Feature","properties":{"name":"Saint Marys Catholic Church","religion":"christian","denomination":"catholic","group":"catholic"},"geometry":{"type":"Point","coordinates":[-81.8655112,41.3662689]}},
{"type":"Feature","properties":{"name":"Saint Paul Lutheran Church","religion":"christian","denomination":"lutheran","group":"lutheran"},"geometry":{"type":"Point","coordinates":[-81.9326655,41.465125]}},
{"type":"Feature","properties":{"name":"Saint Thomas Episcopal Church","religion":"christian","denomination":null,"group":"christian"},"geometry":{"type":"Point","coordinates":[-81.851247,41.3722724]}},
{"type":"Feature","properties":{"name":"United Methodist Church of Berea","religion":"christian","denomination":"methodist","group":"methodist"},"geometry":{"type":"Point","coordinates":[-81.8509692,41.3708836]}},
{"type":"Feature","properties":{"name":"Westlake Christian Church","religion":"christian","denomination":null,"group":"christian"},"geometry":{"type":"Point","coordinates":[-81.9059725,41.4633788]}},
{"type":"Feature","properties":{"name":"Faith Church","religion":"christian","denomination":null,"group":"christian"},"geometry":{"type":"Point","coordinates":[-80.9617598,41.6617217]}},
{"type":"Feature","properties":{"name":"Sacred Heart Church","religion":"christian","denomination":null,"group":"christian"},"geometry":{"type":"Point","coordinates":[-80.8592549,41.6669995]}},
{"type":"Feature","properties":{"name":"Allegheny Wesleyan Methodist Church","religion":"christian","denomination":"methodist","group":"methodist"},"geometry":{"type":"Point","coordinates":[-80.867862,40.8908923]}},
{"type":"Feature","properties":{"name":"Saint Patricks Church","religion":"christian","denomination":null,"group":"christian"},"geometry":{"type":"Point","coordinates":[-81.0528743,41.6647752]}},
{"type":"Feature","properties":{"name":"Saint Martin of Tours Church","religion":"christian","denomination":null,"group":"christian"},"geometry":{"type":"Point","coordinates":[-81.9548916,41.2250561]}},
{"type":"Feature","properties":{"name":"United Church","religion":"christian","denomination":null,"group":"christian"},"geometry":{"type":"Point","coordinates":[-82.220436,41.107554]}},
{"type":"Feature","properties":{"name":"York United Methodist Church","religion":"christian","denomination":"methodist","group":"methodist"},"geometry":{"type":"Point","coordinates":[-81.9245833,41.1667211]}},
{"type":"Feature","properties":{"name":"Apostles Doctrine Church","religion":"christian","denomination":null,"group":"christian"},"geometry":{"type":"Point","coordinates":[-82.2037647,41.4483746]}},
{"type":"Feature","properties":{"name":"Middle Sandy United Presbyterian Church","religion":"christian","denomination":"presbyterian","group":"presbyterian"},"geometry":{"type":"Point","coordinates":[-81.0690195,40.8391167]}},
{"type":"Feature","properties":{"name":"Winona Evangelical Friends Church","religion":"christian","denomination":null,"group":"christian"},"geometry":{"type":"Point","coordinates":[-80.8959188,40.8306147]}},
{"type":"Feature","properties":{"name":"Reading Church","religion":"christian","denomination":null,"group":"christian"},"geometry":{"type":"Point","coordinates":[-81.023704,40.8389476]}},
{"type":"Feature","properties":{"name":"Shiloh Baptist Church","religion":"christian","denomination":"baptist","group":"baptist"},"geometry":{"type":"Point","coordinates":[-81.6512399,41.4914405]}},
{"type":"Feature","properties":{"name":null,"religion":"christian","denomination":null,"group":"christian"},"geometry":{"type":"Point","coordinates":[-81.7016459,41.4546938]}},
{"type":"Feature","properties":{"name":"Claridon Congregational Church","religion":"christian","denomination":null,"group":"christian"},"geometry":{"type":"Point","coordinates":[-81.1428126,41.5324346]}},
{"type":"Feature","properties":{"name":"Free Will Baptist Church of Auburn","religion":"christian","denomination":"baptist","group":"baptist"},"geometry":{"type":"Point","coordinates":[-81.2439919,41.3881091]}},
{"type":"Feature","properties":{"name":"Christ Episcopal Church","religion":"christian","denomination":null,"group":"christian"},"geometry":{"type":"Point","coordinates":[-82.2179343,41.2875501]}},
{"type":"Feature","properties":{"name":"Columbia Baptist Church","religion":"christian","denomination":"baptist","group":"baptist"},"geometry":{"type":"Point","coordinates":[-81.9254983,41.3129666]}},
{"type":"Feature","properties":{"name":"First Church of Christ Scientist","religion":"christian","denomination":null,"group":"christian"},"geometry":{"type":"Point","coordinates":[-82.1043494,41.3648738]}},
{"type":"Feature","properties":{"name":"First United Methodist Church","religion":"christian","denomination":"methodist","group":"methodist"},"geometry":{"type":"Point","coordinates":[-82.1079065,41.3651912]}},
{"type":"Feature","properties":{"name":"Immaculate Conception Church","religion":"christian","denomination":null,"group":"christian"},"geometry":{"type":"Point","coordinates":[-82.0598674,41.2769963]}},
{"type":"Feature","properties":{"name":"Saint Andrews Episcopal Church","religion":"christian","denomination":null,"group":"christian"},"geometry":{"type":"Point","coordinates":[-82.1073639,41.3651603]}},
{"type":"Feature","properties":{"name":"Saint Marys Roman Catholic Church","religion":"christian","denomination":"catholic","group":"catholic"},"geometry":{"type":"Point","coordinates":[-82.1066922,41.3645118]}},
{"type":"Feature","properties":{"name":"Saint Patricks Church","religion":"christian","denomination":null,"group":"christian"},"geometry":{"type":"Point","coordinates":[-82.2171019,41.1742199]}},
{"type":"Feature","properties":{"name":"Saint Pauls Episcopal Church of East Cleveland","religion":"christian","denomination":null,"group":"christian"},"geometry":{"type":"Point","coordinates":[-81.5704019,41.5417175]}},
{"type":"Feature","properties":{"name":"Saint Johns Episcopal Church","religion":"christian","denomination":null,"group":"christian"},"geometry":{"type":"Point","coordinates":[-81.7080626,41.4900768]}},
{"type":"Feature","properties":{"name":"Saint Elizabeths Magyar Roman Catholic Church","religion":"christian","denomination":"catholic","group":"catholic"},"geometry":{"type":"Point","coordinates":[-81.6231005,41.4850841]}},
{"type":"Feature","properties":{"name":"Calvary Apostolic Assembly Church","religion":"christian","denomination":null,"group":"christian"},"geometry":{"type":"Point","coordinates":[-81.6192376,41.4831753]}},
{"type":"Feature","properties":{"name":"Christ United Church of Christ","religion":"christian","denomination":null,"group":"christian"},"geometry":{"type":"Point","coordinates":[-81.7512444,41.4736618]}},
{"type":"Feature","properties":{"name":"Greater Peace Missionary Baptist Church","religion":"christian","denomination":"baptist","group":"baptist"},"geometry":{"type":"Point","coordinates":[-81.5563296,41.486748]}},
{"type":"Feature","properties":{"name":"Hope Evangelical Lutheran Church","religion":"christian","denomination":"lutheran","group":"lutheran"},"geometry":{"type":"Point","coordinates":[-81.5623462,41.5297735]}},
{"type":"Feature","properties":{"name":"United Methodist Church of Chagrin Falls","religion":"christian","denomination":"methodist","group":"methodist"},"geometry":{"type":"Point","coordinates":[-81.392057,41.4289424]}},
{"type":"Feature","properties":{"name":"Saint Marks Episcopal Church","religion":"christian","denomination":null,"group":"christian"},"geometry":{"type":"Point","coordinates":[-81.731373,41.0256921]}},
{"type":"Feature","properties":{"name":"Bible Baptist Church","religion":"christian","denomination":"baptist","group":"baptist"},"geometry":{"type":"Point","coordinates":[-81.5309536,41.3972762]}},
{"type":"Feature","properties":{"name":"First Church of God","religion":"christian","denomination":null,"group":"christian"},"geometry":{"type":"Point","coordinates":[-81.5434543,41.398665]}},
{"type":"Feature","properties":{"name":"Lutheran Church of the Master","religion":"christian","denomination":"lutheran","group":"lutheran"},"geometry":{"type":"Point","coordinates":[-81.5262309,41.390332]}},
{"type":"Feature","properties":{"name":"Saint Eugenes Byzantine Catholic Church","religion":"christian","denomination":"catholic","group":"catholic"},"geometry":{"type":"Point","coordinates":[-81.5362318,41.4006096]}},
{"type":"Feature","properties":{"name":"Saint Mary Catholic Church","religion":"christian","denomination":"catholic","group":"catholic"},"geometry":{"type":"Point","coordinates":[-81.5265085,41.3811654]}},
{"type":"Feature","properties":{"name":"South Haven United Church of Christ","religion":"christian","denomination":null,"group":"christian"},"geometry":{"type":"Point","coordinates":[-81.5265092,41.4047762]}},
{"type":"Feature","properties":{"name":null,"religion":"unknown","denomination":null,"group":"unknown"},"geometry":{"type":"Point","coordinates":[-81.6395715,41.4411635]}},
{"type":"Feature","properties":{"name":"Union Church","religion":"christian","denomination":null,"group":"christian"},"geometry":{"type":"Point","coordinates":[-82.3040509,41.263107]}},
{"type":"Feature","properties":{"name":"Cory United Methodist Church","religion":"christian","denomination":"methodist","group":"methodist"},"geometry":{"type":"Point","coordinates":[-81.6151798,41.5264991]}},
{"type":"Feature","properties":{"name":"East Cleveland Congregational Church","religion":"christian","denomination":null,"group":"christian"},"geometry":{"type":"Point","coordinates":[-81.5779025,41.5336621]}},
{"type":"Feature","properties":{"name":"Ethiopian St. Mary Orthodox Church","religion":"christian","denomination":null,"group":"christian"},"geometry":{"type":"Point","coordinates":[-81.7509544,41.4656491]}},
{"type":"Feature","properties":{"name":null,"religion":"unknown","denomination":null,"group":"unknown"},"geometry":{"type":"Point","coordinates":[-81.6425969,41.4524714]}},
{"type":"Feature","properties":{"name":"Immanuel Lutheran Church","religion":"christian","denomination":"lutheran","group":"lutheran"},"geometry":{"type":"Point","coordinates":[-81.8345811,41.4800475]}},
{"type":"Feature","properties":{"name":"Immanuel Lutheran Church","religion":"christian","denomination":"lutheran","group":"lutheran"},"geometry":{"type":"Point","coordinates":[-81.6965195,41.4725513]}},
{"type":"Feature","properties":{"name":null,"religion":"christian","denomination":"baptist","group":"baptist"},"geometry":{"type":"Point","coordinates":[-81.5723457,41.5736607]}},
{"type":"Feature","properties":{"name":"New Life Gospel Center","religion":"christian","denomination":null,"group":"christian"},"geometry":{"type":"Point","coordinates":[-81.6104043,41.4814411]}},
{"type":"Feature","properties":{"name":"Miles Avenue Church of Christ","religion":"christian","denomination":null,"group":"christian"},"geometry":{"type":"Point","coordinates":[-81.6223485,41.4450525]}},
{"type":"Feature","properties":{"name":"Greater Mount Tabor Missionairy Baptist Church","religion":"christian","denomination":null,"group":"christian"},"geometry":{"type":"Point","coordinates":[-81.6217938,41.4869964]}},
{"type":"Feature","properties":{"name":"Our Lady of Fatima Catholic Church","religion":"christian","denomination":"roman_catholic","group":"roman_catholic"},"geometry":{"type":"Point","coordinates":[-81.6423286,41.5107359]}},
{"type":"Feature","properties":{"name":null,"religion":"christian","denomination":null,"group":"christian"},"geometry":{"type":"Point","coordinates":[-81.6977208,41.4681671]}},
{"type":"Feature","properties":{"name":"Saint Malachis Catholic Church","religion":"christian","denomination":"roman_catholic","group":"roman_catholic"},"geometry":{"type":"Point","coordinates":[-81.7076315,41.4922731]}},
{"type":"Feature","properties":{"name":"Saint Maron Maronite Catholic Church","religion":"christian","denomination":"catholic","group":"catholic"},"geometry":{"type":"Point","coordinates":[-81.6805698,41.4971222]}},
{"type":"Feature","properties":{"name":"Saint Marys Byzantine Catholic Church","religion":"christian","denomination":"byzantine_catholic","group":"byzantine_catholic"},"geometry":{"type":"Point","coordinates":[-81.7084638,41.4294962]}},
{"type":"Feature","properties":{"name":"Saint Michaels Hungarian Byzantine Catholic Church","religion":"christian","denomination":"catholic","group":"catholic"},"geometry":{"type":"Point","coordinates":[-81.7179096,41.4808843]}},
{"type":"Feature","properties":{"name":"Trinity Evangelical Lutheran Church","religion":"christian","denomination":"lutheran","group":"lutheran"},"geometry":{"type":"Point","coordinates":[-81.7064778,41.4820775]}},
{"type":"Feature","properties":{"name":"Wesley Methodist Church","religion":"christian","denomination":"methodist","group":"methodist"},"geometry":{"type":"Point","coordinates":[-81.715965,41.4803288]}},
{"type":"Feature","properties":{"name":"Faith Temple Church of the Living God","religion":"christian","denomination":null,"group":"christian"},"geometry":{"type":"Point","coordinates":[-81.4937262,41.0531115]}},
{"type":"Feature","properties":{"name":"Supreme Council of the House of Jacob","religion":"unknown","denomination":null,"group":"unknown"},"geometry":{"type":"Point","coordinates":[-81.4920594,41.0542227]}},
{"type":"Feature","properties":{"name":"Hope Church of God in Christ","religion":"christian","denomination":null,"group":"christian"},"geometry":{"type":"Point","coordinates":[-81.491226,41.0533893]}},
{"type":"Feature","properties":{"name":"New Mission Baptist Church","religion":"christian","denomination":"baptist","group":"baptist"},"geometry":{"type":"Point","coordinates":[-81.4906704,41.0545004]}},
{"type":"Feature","properties":{"name":"Beulah Baptist Church","religion":"christian","denomination":"baptist","group":"baptist"},"geometry":{"type":"Point","coordinates":[-81.4901149,41.0545004]}},
{"type":"Feature","properties":{"name":"Zion Temple Baptist Church","religion":"christian","denomination":"baptist","group":"baptist"},"geometry":{"type":"Point","coordinates":[-81.4853925,41.0539449]}},
{"type":"Feature","properties":{"name":"Good Hope Baptist Church","religion":"christian","denomination":"baptist","group":"baptist"},"geometry":{"type":"Point","coordinates":[-81.4812256,41.0561671]}},
{"type":"Feature","properties":{"name":"East Market Street United Church of Christ","religion":"christian","denomination":null,"group":"christian"},"geometry":{"type":"Point","coordinates":[-81.4715029,41.0622783]}},
{"type":"Feature","properties":{"name":"Church of Christ","religion":"christian","denomination":null,"group":"christian"},"geometry":{"type":"Point","coordinates":[-81.4584467,41.0603339]}},
{"type":"Feature","properties":{"name":"Greater Bethel Baptist Church","religion":"christian","denomination":"baptist","group":"baptist"},"geometry":{"type":"Point","coordinates":[-81.491226,41.0611671]}},
{"type":"Feature","properties":{"name":"Living Stone Apostolic Church","religion":"christian","denomination":null,"group":"christian"},"geometry":{"type":"Point","coordinates":[-81.4903927,41.0561671]}},
{"type":"Feature","properties":{"name":"Central Church of Christ","religion":"christian","denomination":null,"group":"christian"},"geometry":{"type":"Point","coordinates":[-81.4890037,41.0603338]}},
{"type":"Feature","properties":{"name":"Hart Street Church of God","religion":"christian","denomination":null,"group":"christian"},"geometry":{"type":"Point","coordinates":[-81.4853924,41.0617227]}},
{"type":"Feature","properties":{"name":"True Vine Church of God in Christ","religion":"christian","denomination":null,"group":"christian"},"geometry":{"type":"Point","coordinates":[-81.4865036,41.060056]}},
{"type":"Feature","properties":{"name":"Four Corner Star Church of God in Christ","religion":"christian","denomination":null,"group":"christian"},"geometry":{"type":"Point","coordinates":[-81.4865036,41.0595004]}},
{"type":"Feature","properties":{"name":"Mount Carmel Baptist Church","religion":"christian","denomination":"baptist","group":"baptist"},"geometry":{"type":"Point","coordinates":[-81.4865036,41.0592227]}},
{"type":"Feature","properties":{"name":"Universal Temple of Truth","religion":"unknown","denomination":null,"group":"unknown"},"geometry":{"type":"Point","coordinates":[-81.4862258,41.0589449]}},
{"type":"Feature","properties":{"name":"Goodyear Heights Baptist Church","religion":"christian","denomination":"baptist","group":"baptist"},"geometry":{"type":"Point","coordinates":[-81.4640024,41.0742228]}},
{"type":"Feature","properties":{"name":"Goodyear Heights United Methodist Church","religion":"christian","denomination":"methodist","group":"methodist"},"geometry":{"type":"Point","coordinates":[-81.464558,41.0731117]}},
{"type":"Feature","properties":{"name":"Goodyear Heights Community Church","religion":"christian","denomination":null,"group":"christian"},"geometry":{"type":"Point","coordinates":[-81.4678915,41.0750561]}},
{"type":"Feature","properties":{"name":"Morning Star Baptist Church","religion":"christian","denomination":"baptist","group":"baptist"},"geometry":{"type":"Point","coordinates":[-81.4740029,41.0728339]}},
{"type":"Feature","properties":{"name":"Ebenezer Apostolic Assembly Church","religion":"christian","denomination":null,"group":"christian"},"geometry":{"type":"Point","coordinates":[-81.4756696,41.0742228]}},
{"type":"Feature","properties":{"name":"Phillips Chapel Christian Methodist Episcopal Church","religion":"christian","denomination":"methodist","group":"methodist"},"geometry":{"type":"Point","coordinates":[-81.4762252,41.0750561]}},
{"type":"Feature","properties":{"name":"Emmanuel United Church of Christ","religion":"christian","denomination":null,"group":"christian"},"geometry":{"type":"Point","coordinates":[-81.4656691,41.0845005]}},
{"type":"Feature","properties":{"name":"Gospel Crusader Church","religion":"christian","denomination":null,"group":"christian"},"geometry":{"type":"Point","coordinates":[-81.4620578,41.0870005]}},
{"type":"Feature","properties":{"name":"Heart 4 the City","religion":"christian","denomination":"methodist","group":"methodist"},"geometry":{"type":"Point","coordinates":[-81.4637245,41.0881117]}},
{"type":"Feature","properties":{"name":"Riverside Christian Assembly","religion":"christian","denomination":null,"group":"christian"},"geometry":{"type":"Point","coordinates":[-81.4953926,41.1158893]}},
{"type":"Feature","properties":{"name":"Forest Hill Community Church","religion":"christian","denomination":null,"group":"christian"},"geometry":{"type":"Point","coordinates":[-81.4951149,41.0958893]}},
{"type":"Feature","properties":{"name":"Friendship Baptist Church","religion":"christian","denomination":"baptist","group":"baptist"},"geometry":{"type":"Point","coordinates":[-81.4873367,41.0936671]}},
{"type":"Feature","properties":{"name":"Christ the King Church","religion":"christian","denomination":null,"group":"christian"},"geometry":{"type":"Point","coordinates":[-81.4770584,41.1070005]}},
{"type":"Feature","properties":{"name":"Grace Wesleyan Methodist Church","religion":"christian","denomination":"methodist","group":"methodist"},"geometry":{"type":"Point","coordinates":[-81.4744799,41.0845546]}},
{"type":"Feature","properties":{"name":"Calvary Church of the Deaf","religion":"christian","denomination":null,"group":"christian"},"geometry":{"type":"Point","coordinates":[-81.4927458,41.0803237]}},
{"type":"Feature","properties":{"name":"First Presbyterian Church","religion":"christian","denomination":"presbyterian","group":"presbyterian"},"geometry":{"type":"Point","coordinates":[-81.4971269,41.0775048]}},
{"type":"Feature","properties":{"name":"McNaughton Street Baptist Church","religion":"christian","denomination":"baptist","group":"baptist"},"geometry":{"type":"Point","coordinates":[-81.4898369,41.0739449]}},
{"type":"Feature","properties":{"name":"Fulton Street Community Church","religion":"christian","denomination":null,"group":"christian"},"geometry":{"type":"Point","coordinates":[-81.4828922,41.070056]}},
{"type":"Feature","properties":{"name":"Saint Michaels Byzantine Catholic Church","religion":"christian","denomination":"catholic","group":"catholic"},"geometry":{"type":"Point","coordinates":[-81.4928927,41.0703338]}},
{"type":"Feature","properties":{"name":"Middlebury Chapel","religion":"christian","denomination":null,"group":"christian"},"geometry":{"type":"Point","coordinates":[-81.4909481,41.0703338]}},
{"type":"Feature","properties":{"name":"Saint Marys Greek Catholic Church","religion":"christian","denomination":"catholic","group":"catholic"},"geometry":{"type":"Point","coordinates":[-81.4901148,41.0697782]}},
{"type":"Feature","properties":{"name":"Salvation Army - Akron Temple Corps","religion":"christian","denomination":"salvation_army","group":"salvation_army"},"geometry":{"type":"Point","coordinates":[-81.4903926,41.0672782]}},
{"type":"Feature","properties":{"name":"East Market Street Christian Church","religion":"christian","denomination":null,"group":"christian"},"geometry":{"type":"Point","coordinates":[-81.4917814,41.0728338]}},
{"type":"Feature","properties":{"name":"Akron Freewill Baptist Church","religion":"christian","denomination":"baptist","group":"baptist"},"geometry":{"type":"Point","coordinates":[-81.4542796,41.0839451]}},
{"type":"Feature","properties":{"name":"Eastgate Alliance Church","religion":"christian","denomination":null,"group":"christian"},"geometry":{"type":"Point","coordinates":[-81.4540021,41.0522784]}},
{"type":"Feature","properties":{"name":"Firelands Church","religion":"christian","denomination":"lutheran","group":"lutheran"},"geometry":{"type":"Point","coordinates":[-81.446224,41.0433895]}},
{"type":"Feature","properties":{"name":"Wedgewood United Methodist Church","religion":"christian","denomination":"methodist","group":"methodist"},"geometry":{"type":"Point","coordinates":[-81.444835,41.0492229]}},
{"type":"Feature","properties":{"name":"Arlington Memorial Baptist Church","religion":"christian","denomination":"baptist","group":"baptist"},"geometry":{"type":"Point","coordinates":[-81.4456683,41.0564451]}},
{"type":"Feature","properties":{"name":"Saint Matthews Roman Catholic Church","religion":"christian","denomination":"catholic","group":"catholic"},"geometry":{"type":"Point","coordinates":[-81.4362235,41.0531119]}},
{"type":"Feature","properties":{"name":"Ellet Grace Brethren Church","religion":"christian","denomination":null,"group":"christian"},"geometry":{"type":"Point","coordinates":[-81.4351124,41.0458896]}},
{"type":"Feature","properties":{"name":"North Springfield Presbyterian Church","religion":"christian","denomination":"presbyterian","group":"presbyterian"},"geometry":{"type":"Point","coordinates":[-81.436779,41.0453341]}},
{"type":"Feature","properties":{"name":"Apostolic Temple of Akron","religion":"christian","denomination":"pentecostal","group":"pentecostal"},"geometry":{"type":"Point","coordinates":[-81.4281675,41.044223]}},
{"type":"Feature","properties":{"name":"Sacred Heart of Jesus Traditional Catholic Church","religion":"christian","denomination":"catholic","group":"catholic"},"geometry":{"type":"Point","coordinates":[-81.4287232,41.0450563]}},
{"type":"Feature","properties":{"name":"Ellet Community Church of God","religion":"christian","denomination":null,"group":"christian"},"geometry":{"type":"Point","coordinates":[-81.4334456,41.041723]}},
{"type":"Feature","properties":{"name":"Rock House of Jesus Church","religion":"christian","denomination":null,"group":"christian"},"geometry":{"type":"Point","coordinates":[-81.4372817,41.0458588]}},
{"type":"Feature","properties":{"name":"Akron Christian Reformed Church","religion":"christian","denomination":null,"group":"christian"},"geometry":{"type":"Point","coordinates":[-81.4303898,41.0728341]}},
{"type":"Feature","properties":{"name":"Meade Avenue Christian Church","religion":"christian","denomination":null,"group":"christian"},"geometry":{"type":"Point","coordinates":[-81.4428904,41.0711673]}},
{"type":"Feature","properties":{"name":"Eastwood Church of the Brethren","religion":"christian","denomination":null,"group":"christian"},"geometry":{"type":"Point","coordinates":[-81.4415014,41.0792229]}},
{"type":"Feature","properties":{"name":"Evangelical Free Church","religion":"christian","denomination":null,"group":"christian"},"geometry":{"type":"Point","coordinates":[-81.4476128,41.0689451]}},
{"type":"Feature","properties":{"name":"Macedonia Baptist Church","religion":"christian","denomination":"baptist","group":"baptist"},"geometry":{"type":"Point","coordinates":[-81.4949687,41.0562642]}},
{"type":"Feature","properties":{"name":"Calvary Open Bible Church","religion":"christian","denomination":null,"group":"christian"},"geometry":{"type":"Point","coordinates":[-81.5668428,41.0321444]}},
{"type":"Feature","properties":{"name":"Progressive Church of God in True Holiness","religion":"christian","denomination":null,"group":"christian"},"geometry":{"type":"Point","coordinates":[-81.5662306,41.0419999]}},
{"type":"Feature","properties":{"name":"Calvary Gospel Temple","religion":"christian","denomination":null,"group":"christian"},"geometry":{"type":"Point","coordinates":[-81.563004,41.0414203]}},
{"type":"Feature","properties":{"name":"Urban Church of God","religion":"christian","denomination":null,"group":"christian"},"geometry":{"type":"Point","coordinates":[-81.5592857,41.0436666]}},
{"type":"Feature","properties":{"name":"King's Way Alliance Church","religion":"christian","denomination":null,"group":"christian"},"geometry":{"type":"Point","coordinates":[-81.5778001,41.0434025]}},
{"type":"Feature","properties":{"name":"Greater Temple Baptist Church","religion":"christian","denomination":"baptist","group":"baptist"},"geometry":{"type":"Point","coordinates":[-81.5792868,41.0669998]}},
{"type":"Feature","properties":{"name":"House of the Lord","religion":"christian","denomination":null,"group":"christian"},"geometry":{"type":"Point","coordinates":[-81.5714929,41.0683686]}},
{"type":"Feature","properties":{"name":"Bread of Life Church","religion":"christian","denomination":null,"group":"christian"},"geometry":{"type":"Point","coordinates":[-81.5562299,41.062]}},
{"type":"Feature","properties":{"name":"New Hope Baptist Church","religion":"christian","denomination":"baptist","group":"baptist"},"geometry":{"type":"Point","coordinates":[-81.5590078,41.0711666]}},
{"type":"Feature","properties":{"name":"Akron Alliance Fellowship Church","religion":"christian","denomination":null,"group":"christian"},"geometry":{"type":"Point","coordinates":[-81.5463971,41.0811177]}},
{"type":"Feature","properties":{"name":"Prince of Peace Baptist Church","religion":"christian","denomination":"baptist","group":"baptist"},"geometry":{"type":"Point","coordinates":[-81.5517929,41.0807933]}},
{"type":"Feature","properties":{"name":"American Muslim Mission Center","religion":"muslim","denomination":null,"group":"muslim"},"geometry":{"type":"Point","coordinates":[-81.5528963,41.0811667]}},
{"type":"Feature","properties":{"name":"Deliverance Tabernacle","religion":"unknown","denomination":null,"group":"unknown"},"geometry":{"type":"Point","coordinates":[-81.5767865,41.0836665]}},
{"type":"Feature","properties":{"name":"Saint Paul African Methodist Episcopal Church","religion":"christian","denomination":"methodist","group":"methodist"},"geometry":{"type":"Point","coordinates":[-81.5699462,41.0752374]}},
{"type":"Feature","properties":{"name":"Saint Johns Christian Methodist Episcopal Church","religion":"christian","denomination":"methodist","group":"methodist"},"geometry":{"type":"Point","coordinates":[-81.569218,41.07552]}},
{"type":"Feature","properties":{"name":"Missionary Temple","religion":"unknown","denomination":null,"group":"unknown"},"geometry":{"type":"Point","coordinates":[-81.5565075,41.092]}},
{"type":"Feature","properties":{"name":"Woodland United Methodist Church","religion":"christian","denomination":"methodist","group":"methodist"},"geometry":{"type":"Point","coordinates":[-81.5712305,41.1214444]}},
{"type":"Feature","properties":{"name":"First Baptist Church","religion":"christian","denomination":"baptist","group":"baptist"},"geometry":{"type":"Point","coordinates":[-81.5731911,41.1161714]}},
{"type":"Feature","properties":{"name":"First Seventh Day Adventist Church","religion":"christian","denomination":null,"group":"christian"},"geometry":{"type":"Point","coordinates":[-81.503918,41.0304618]}},
{"type":"Feature","properties":{"name":"Highview Avenue Baptist Church","religion":"christian","denomination":"baptist","group":"baptist"},"geometry":{"type":"Point","coordinates":[-81.5070583,41.031936]}},
{"type":"Feature","properties":{"name":"McLeister Memorial Church","religion":"christian","denomination":null,"group":"christian"},"geometry":{"type":"Point","coordinates":[-81.5045601,41.0481115]}},
{"type":"Feature","properties":{"name":"Grace Baptist Church","religion":"christian","denomination":"baptist","group":"baptist"},"geometry":{"type":"Point","coordinates":[-81.5015044,41.0439448]}},
{"type":"Feature","properties":{"name":"Gospel Baptist Church","religion":"christian","denomination":"baptist","group":"baptist"},"geometry":{"type":"Point","coordinates":[-81.5187276,41.047278]}},
{"type":"Feature","properties":{"name":"Mount Sinai United Holy Church of America","religion":"christian","denomination":null,"group":"christian"},"geometry":{"type":"Point","coordinates":[-81.5081713,41.0564448]}},
{"type":"Feature","properties":{"name":"Miracle Revival Fellowship","religion":"unknown","denomination":null,"group":"unknown"},"geometry":{"type":"Point","coordinates":[-81.5220611,41.0542225]}},
{"type":"Feature","properties":{"name":"First Born Church of the Living God","religion":"christian","denomination":null,"group":"christian"},"geometry":{"type":"Point","coordinates":[-81.5292954,41.0553409]}},
{"type":"Feature","properties":{"name":"Yale Street Church of God","religion":"christian","denomination":null,"group":"christian"},"geometry":{"type":"Point","coordinates":[-81.5301171,41.0642224]}},
{"type":"Feature","properties":{"name":"House of God","religion":"christian","denomination":null,"group":"christian"},"geometry":{"type":"Point","coordinates":[-81.5367841,41.0800557]}},
{"type":"Feature","properties":{"name":"Mount Calvary Baptist Church","religion":"christian","denomination":"baptist","group":"baptist"},"geometry":{"type":"Point","coordinates":[-81.5360553,41.0819087]}},
{"type":"Feature","properties":{"name":"Friendship Apostolic Church of Christ","religion":"christian","denomination":null,"group":"christian"},"geometry":{"type":"Point","coordinates":[-81.539818,41.0862984]}},
{"type":"Feature","properties":{"name":"The Church at Akron","religion":"christian","denomination":null,"group":"christian"},"geometry":{"type":"Point","coordinates":[-81.5012264,41.0667226]}},
{"type":"Feature","properties":{"name":"Elizabeth Baptist Church","religion":"christian","denomination":"baptist","group":"baptist"},"geometry":{"type":"Point","coordinates":[-81.5137271,41.091167]}},
{"type":"Feature","properties":{"name":"Akron Baptist Church","religion":"christian","denomination":"baptist","group":"baptist"},"geometry":{"type":"Point","coordinates":[-81.5156156,41.1045705]}},
{"type":"Feature","properties":{"name":"Chapel of the Transfiguration","religion":"christian","denomination":null,"group":"christian"},"geometry":{"type":"Point","coordinates":[-81.5159494,41.0981114]}},
{"type":"Feature","properties":{"name":"Mount Zion Baptist Church","religion":"christian","denomination":"baptist","group":"baptist"},"geometry":{"type":"Point","coordinates":[-81.521557,41.0997648]}},
{"type":"Feature","properties":{"name":"Saint Hedwigs Catholic Church","religion":"christian","denomination":"catholic","group":"catholic"},"geometry":{"type":"Point","coordinates":[-81.5087267,41.096167]}},
{"type":"Feature","properties":{"name":"Mount Lebanon Baptist Church","religion":"christian","denomination":"baptist","group":"baptist"},"geometry":{"type":"Point","coordinates":[-81.5212275,41.1061669]}},
{"type":"Feature","properties":{"name":"Unity Church of God in Christ","religion":"christian","denomination":null,"group":"christian"},"geometry":{"type":"Point","coordinates":[-81.5151159,41.1114448]}},
{"type":"Feature","properties":{"name":"North Hill Community Baptist Church","religion":"christian","denomination":"baptist","group":"baptist"},"geometry":{"type":"Point","coordinates":[-81.512338,41.1120003]}},
{"type":"Feature","properties":{"name":"Word of Life Christian Church","religion":"christian","denomination":null,"group":"christian"},"geometry":{"type":"Point","coordinates":[-81.5051153,41.1097781]}},
{"type":"Feature","properties":{"name":"Lighthouse Gospel Church","religion":"christian","denomination":null,"group":"christian"},"geometry":{"type":"Point","coordinates":[-81.4628915,41.0306117]}},
{"type":"Feature","properties":{"name":"St.Paul Missionary","religion":"christian","denomination":"baptist","group":"baptist"},"geometry":{"type":"Point","coordinates":[-81.4967819,41.0356115]}},
{"type":"Feature","properties":{"name":"Timothy Baptist Church","religion":"christian","denomination":"baptist","group":"baptist"},"geometry":{"type":"Point","coordinates":[-81.4934484,41.0397781]}},
{"type":"Feature","properties":{"name":"Arlington Church of the Nazarene","religion":"christian","denomination":null,"group":"christian"},"geometry":{"type":"Point","coordinates":[-81.488726,41.0417227]}},
{"type":"Feature","properties":{"name":"Apostolic Christian Church of Akron","religion":"christian","denomination":null,"group":"christian"},"geometry":{"type":"Point","coordinates":[-81.4969201,41.0466093]}},
{"type":"Feature","properties":{"name":"Southeast Church of Christ","religion":"christian","denomination":null,"group":"christian"},"geometry":{"type":"Point","coordinates":[-81.4964288,41.0471014]}},
{"type":"Feature","properties":{"name":"Community Fellowship Chapel","religion":"christian","denomination":null,"group":"christian"},"geometry":{"type":"Point","coordinates":[-81.4963886,41.0466265]}},
{"type":"Feature","properties":{"name":"South Arlington United Methodist Church","religion":"christian","denomination":"methodist","group":"methodist"},"geometry":{"type":"Point","coordinates":[-81.4915039,41.0506116]}},
{"type":"Feature","properties":{"name":"First Born Church of the Living God","religion":"christian","denomination":null,"group":"christian"},"geometry":{"type":"Point","coordinates":[-81.4906704,41.0503338]}},
{"type":"Feature","properties":{"name":"Arlington Baptist Chapel","religion":"christian","denomination":"baptist","group":"baptist"},"geometry":{"type":"Point","coordinates":[-81.4906705,41.0458893]}},
{"type":"Feature","properties":{"name":"Apostolic Gospel Church","religion":"christian","denomination":null,"group":"christian"},"geometry":{"type":"Point","coordinates":[-81.4909483,41.042556]}},
{"type":"Feature","properties":{"name":"Arlington Church of God","religion":"christian","denomination":null,"group":"christian"},"geometry":{"type":"Point","coordinates":[-81.4903281,41.0577655]}},
{"type":"Feature","properties":{"name":"First Congregational Church","religion":"christian","denomination":null,"group":"christian"},"geometry":{"type":"Point","coordinates":[-81.5087268,41.0814448]}},
{"type":"Feature","properties":{"name":"Furnace Street Mission Ministries","religion":"christian","denomination":null,"group":"christian"},"geometry":{"type":"Point","coordinates":[-81.5109491,41.0881115]}},
{"type":"Feature","properties":{"name":"Wesley Temple African Methodist Episcopal Zion Church","religion":"christian","denomination":"african_methodist_episcopal_zion","group":"african_methodist_episcopal_zion"},"geometry":{"type":"Point","coordinates":[-81.5103936,41.086167]}},
{"type":"Feature","properties":{"name":"Saint Andrews Episcopal Church","religion":"christian","denomination":null,"group":"christian"},"geometry":{"type":"Point","coordinates":[-81.5082088,41.1064504]}},
{"type":"Feature","properties":{"name":"Grace House Christian Church","religion":"christian","denomination":null,"group":"christian"},"geometry":{"type":"Point","coordinates":[-81.5112268,41.1072781]}},
{"type":"Feature","properties":{"name":"Redeemer United Methodist Church","religion":"christian","denomination":"methodist","group":"methodist"},"geometry":{"type":"Point","coordinates":[-81.5076155,41.1097781]}},
{"type":"Feature","properties":{"name":"Trinity United Church of Christ","religion":"christian","denomination":null,"group":"christian"},"geometry":{"type":"Point","coordinates":[-81.5098378,41.1103337]}},
{"type":"Feature","properties":{"name":"Saint Anthonys Catholic Church","religion":"christian","denomination":"catholic","group":"catholic"},"geometry":{"type":"Point","coordinates":[-81.512338,41.0989448]}},
{"type":"Feature","properties":{"name":"Thayer Street Church of Christ","religion":"christian","denomination":null,"group":"christian"},"geometry":{"type":"Point","coordinates":[-81.5090045,41.1028337]}},
{"type":"Feature","properties":{"name":"North Hill United Methodist Church","religion":"christian","denomination":"methodist","group":"methodist"},"geometry":{"type":"Point","coordinates":[-81.5117824,41.1058892]}},
{"type":"Feature","properties":{"name":"Holiness Church of God","religion":"christian","denomination":null,"group":"christian"},"geometry":{"type":"Point","coordinates":[-81.5126158,41.1022781]}},
{"type":"Feature","properties":{"name":"North Hill Christian Church","religion":"christian","denomination":null,"group":"christian"},"geometry":{"type":"Point","coordinates":[-81.5134492,41.1022781]}},
{"type":"Feature","properties":{"name":"Zion Apostolic Church","religion":"christian","denomination":null,"group":"christian"},"geometry":{"type":"Point","coordinates":[-81.5155824,41.1019635]}},
{"type":"Feature","properties":{"name":"Shelton Temple Church of God in Christ","religion":"christian","denomination":null,"group":"christian"},"geometry":{"type":"Point","coordinates":[-81.515116,41.0997781]}},
{"type":"Feature","properties":{"name":"First Church of Christ Scientist","religion":"christian","denomination":null,"group":"christian"},"geometry":{"type":"Point","coordinates":[-81.5387286,41.0961668]}},
{"type":"Feature","properties":{"name":"River of Life Church","religion":"christian","denomination":null,"group":"christian"},"geometry":{"type":"Point","coordinates":[-81.5345617,41.0864446]}},
{"type":"Feature","properties":{"name":"First United Church of Christ","religion":"christian","denomination":null,"group":"christian"},"geometry":{"type":"Point","coordinates":[-81.543427,41.0897041]}},
{"type":"Feature","properties":{"name":"Saint Joseph Melkite Greek Catholic Church","religion":"christian","denomination":"catholic","group":"catholic"},"geometry":{"type":"Point","coordinates":[-81.5393445,41.086871]}},
{"type":"Feature","properties":{"name":"Saint Pauls Episcopal Church","religion":"christian","denomination":null,"group":"christian"},"geometry":{"type":"Point","coordinates":[-81.5592853,41.1061667]}},
{"type":"Feature","properties":{"name":"Firestone Park Christian Church","religion":"christian","denomination":null,"group":"christian"},"geometry":{"type":"Point","coordinates":[-81.5253948,41.0395001]}},
{"type":"Feature","properties":{"name":"Saint Peters Episcopal Church","religion":"christian","denomination":null,"group":"christian"},"geometry":{"type":"Point","coordinates":[-81.5169051,41.0393545]}},
{"type":"Feature","properties":{"name":"Firestone Park Baptist Church","religion":"christian","denomination":"baptist","group":"baptist"},"geometry":{"type":"Point","coordinates":[-81.5156719,41.0395002]}},
{"type":"Feature","properties":{"name":"Saint John Lutheran Church","religion":"christian","denomination":"lutheran","group":"lutheran"},"geometry":{"type":"Point","coordinates":[-81.5067825,41.0395003]}},
{"type":"Feature","properties":{"name":"Saint Pauls Roman Catholic Church","religion":"christian","denomination":"roman_catholic","group":"roman_catholic"},"geometry":{"type":"Point","coordinates":[-81.5108139,41.0384421]}},
{"type":"Feature","properties":{"name":"Firestone Park Lutheran Church","religion":"christian","denomination":"lutheran","group":"lutheran"},"geometry":{"type":"Point","coordinates":[-81.5214856,41.0345007]}},
{"type":"Feature","properties":{"name":"Firestone Park United Methodist Church","religion":"christian","denomination":"methodist","group":"methodist"},"geometry":{"type":"Point","coordinates":[-81.5170609,41.0436669]}},
{"type":"Feature","properties":{"name":"Akron First Church of the Brethren","religion":"christian","denomination":null,"group":"christian"},"geometry":{"type":"Point","coordinates":[-81.5209124,41.0335688]}},
{"type":"Feature","properties":{"name":"South Akron Church of Christ","religion":"christian","denomination":null,"group":"christian"},"geometry":{"type":"Point","coordinates":[-81.5206982,41.032967]}},
{"type":"Feature","properties":{"name":"First Evangelical Congregational Church","religion":"christian","denomination":null,"group":"christian"},"geometry":{"type":"Point","coordinates":[-81.5135824,41.0312474]}},
{"type":"Feature","properties":{"name":"Brown Street Church of Christ","religion":"christian","denomination":null,"group":"christian"},"geometry":{"type":"Point","coordinates":[-81.5099015,41.0314386]}},
{"type":"Feature","properties":{"name":"Firestone Park Presbyterian Church","religion":"christian","denomination":"presbyterian","group":"presbyterian"},"geometry":{"type":"Point","coordinates":[-81.5170609,41.0417225]}},
{"type":"Feature","properties":{"name":"Akron Bible Church","religion":"christian","denomination":null,"group":"christian"},"geometry":{"type":"Point","coordinates":[-81.5094658,41.0605463]}},
{"type":"Feature","properties":{"name":"Brown Street Baptist Church","religion":"christian","denomination":"baptist","group":"baptist"},"geometry":{"type":"Point","coordinates":[-81.5093751,41.067148]}},
{"type":"Feature","properties":{"name":"True Deliverance Church","religion":"christian","denomination":null,"group":"christian"},"geometry":{"type":"Point","coordinates":[-81.50456,41.0542226]}},
{"type":"Feature","properties":{"name":"Evangelistic Bible Center","religion":"unknown","denomination":null,"group":"unknown"},"geometry":{"type":"Point","coordinates":[-81.5015043,41.0547781]}},
{"type":"Feature","properties":{"name":"True Apostolic Church of Jesus Christ","religion":"christian","denomination":"apostolic","group":"apostolic"},"geometry":{"type":"Point","coordinates":[-81.5213388,41.0561185]}},
{"type":"Feature","properties":{"name":"Willard United Church of Christ","religion":"christian","denomination":null,"group":"christian"},"geometry":{"type":"Point","coordinates":[-81.5020598,41.0653337]}},
{"type":"Feature","properties":{"name":"Israelite Baptist Church","religion":"christian","denomination":"baptist","group":"baptist"},"geometry":{"type":"Point","coordinates":[-81.5156719,41.047278]}},
{"type":"Feature","properties":{"name":"Thompson Memorial Church of God in Christ","religion":"christian","denomination":null,"group":"christian"},"geometry":{"type":"Point","coordinates":[-81.5137272,41.0620002]}},
{"type":"Feature","properties":{"name":"Eastern Church of Christ","religion":"christian","denomination":null,"group":"christian"},"geometry":{"type":"Point","coordinates":[-81.510965,41.0581229]}},
{"type":"Feature","properties":{"name":"Church of God Militant Pillar and Ground of Truth","religion":"christian","denomination":null,"group":"christian"},"geometry":{"type":"Point","coordinates":[-81.5215056,41.0506114]}},
{"type":"Feature","properties":{"name":"Shiloh Baptist Church","religion":"christian","denomination":"baptist","group":"baptist"},"geometry":{"type":"Point","coordinates":[-81.5184498,41.0492225]}},
{"type":"Feature","properties":{"name":"Saint Ashworth Temple Church of God in Christ","religion":"christian","denomination":null,"group":"christian"},"geometry":{"type":"Point","coordinates":[-81.5609083,41.0668085]}},
{"type":"Feature","properties":{"name":"Wooster Avenue Church of Christ","religion":"christian","denomination":null,"group":"christian"},"geometry":{"type":"Point","coordinates":[-81.5631747,41.0669999]}},
{"type":"Feature","properties":{"name":"Jerusalem Missionary Baptist Church","religion":"christian","denomination":"baptist","group":"baptist"},"geometry":{"type":"Point","coordinates":[-81.5659527,41.0667222]}},
{"type":"Feature","properties":{"name":"New Trinity Missionary Baptist Church","religion":"christian","denomination":"baptist","group":"baptist"},"geometry":{"type":"Point","coordinates":[-81.5647195,41.0696655]}},
{"type":"Feature","properties":{"name":"Centenary United Methodist Church","religion":"christian","denomination":"methodist","group":"methodist"},"geometry":{"type":"Point","coordinates":[-81.5595633,41.0689444]}},
{"type":"Feature","properties":{"name":"Greater Peace Baptist Church","religion":"christian","denomination":"baptist","group":"baptist"},"geometry":{"type":"Point","coordinates":[-81.5520052,41.0699498]}},
{"type":"Feature","properties":{"name":"Antioch Baptist Church","religion":"christian","denomination":"baptist","group":"baptist"},"geometry":{"type":"Point","coordinates":[-81.5467847,41.0708889]}},
{"type":"Feature","properties":{"name":"Peoples Baptist Church","religion":"christian","denomination":"baptist","group":"baptist"},"geometry":{"type":"Point","coordinates":[-81.5423401,41.0725557]}},
{"type":"Feature","properties":{"name":"Abundant Life Center of Eternal Truth","religion":"christian","denomination":null,"group":"christian"},"geometry":{"type":"Point","coordinates":[-81.5423401,41.0728335]}},
{"type":"Feature","properties":{"name":"First Apostolic Faith Church","religion":"christian","denomination":null,"group":"christian"},"geometry":{"type":"Point","coordinates":[-81.5512295,41.0745]}},
{"type":"Feature","properties":{"name":"Saint Philips Episcopal Church","religion":"christian","denomination":null,"group":"christian"},"geometry":{"type":"Point","coordinates":[-81.5578966,41.0728334]}},
{"type":"Feature","properties":{"name":"Akron Apostolic Temple","religion":"christian","denomination":null,"group":"christian"},"geometry":{"type":"Point","coordinates":[-81.5536581,41.0812957]}},
{"type":"Feature","properties":{"name":"Mount Haven Baptist Church","religion":"christian","denomination":"baptist","group":"baptist"},"geometry":{"type":"Point","coordinates":[-81.5534867,41.0826464]}},
{"type":"Feature","properties":{"name":"Mount Olive Baptist Church","religion":"christian","denomination":"baptist","group":"baptist"},"geometry":{"type":"Point","coordinates":[-81.5651192,41.0775555]}},
{"type":"Feature","properties":{"name":"Mountain of the Lord","religion":"christian","denomination":null,"group":"christian"},"geometry":{"type":"Point","coordinates":[-81.575713,41.0829043]}},
{"type":"Feature","properties":{"name":"Tower of Prayer Church of God in Christ","religion":"christian","denomination":null,"group":"christian"},"geometry":{"type":"Point","coordinates":[-81.5712307,41.0836666]}},
{"type":"Feature","properties":{"name":"Summit Christian Church","religion":"christian","denomination":null,"group":"christian"},"geometry":{"type":"Point","coordinates":[-81.5687304,41.1056111]}},
{"type":"Feature","properties":{"name":"Divinity Lutheran Church","religion":"christian","denomination":"lutheran","group":"lutheran"},"geometry":{"type":"Point","coordinates":[-81.5698417,41.0817222]}},
{"type":"Feature","properties":{"name":"United Baptist Church","religion":"christian","denomination":"baptist","group":"baptist"},"geometry":{"type":"Point","coordinates":[-81.5690084,41.0819999]}},
{"type":"Feature","properties":{"name":"Providence Baptist Church","religion":"christian","denomination":"baptist","group":"baptist"},"geometry":{"type":"Point","coordinates":[-81.550902,41.0856473]}},
{"type":"Feature","properties":{"name":"Holy Trinity United Methodist Church","religion":"christian","denomination":"methodist","group":"methodist"},"geometry":{"type":"Point","coordinates":[-81.5626221,41.0836568]}},
{"type":"Feature","properties":{"name":"Bethel Seventh Day Adventist Church","religion":"christian","denomination":null,"group":"christian"},"geometry":{"type":"Point","coordinates":[-81.5542851,41.0842223]}},
{"type":"Feature","properties":{"name":"Good Shepherd Baptist Church","religion":"christian","denomination":"baptist","group":"baptist"},"geometry":{"type":"Point","coordinates":[-81.553174,41.0845]}},
{"type":"Feature","properties":{"name":"Stone's Deliverance Temple","religion":"christian","denomination":"apostolic","group":"apostolic"},"geometry":{"type":"Point","coordinates":[-81.5434512,41.0842224]}},
{"type":"Feature","properties":{"name":"New Covenant Community Church","religion":"christian","denomination":"mormon","group":"mormon"},"geometry":{"type":"Point","coordinates":[-81.5645635,41.1061666]}},
{"type":"Feature","properties":{"name":"Westminster Presbyterian Church","religion":"christian","denomination":"presbyterian","group":"presbyterian"},"geometry":{"type":"Point","coordinates":[-81.5565075,41.0992223]}},
{"type":"Feature","properties":{"name":"Praise Chapel Assembly of God Church","religion":"christian","denomination":"pentecostal","group":"pentecostal"},"geometry":{"type":"Point","coordinates":[-81.5717865,41.0342222]}},
{"type":"Feature","properties":{"name":"Church of God","religion":"christian","denomination":null,"group":"christian"},"geometry":{"type":"Point","coordinates":[-81.5742866,41.0386665]}},
{"type":"Feature","properties":{"name":"Kenmore Wesleyan Methodist Church","religion":"christian","denomination":"methodist","group":"methodist"},"geometry":{"type":"Point","coordinates":[-81.5709531,41.0394999]}},
{"type":"Feature","properties":{"name":"Yugoslavian Seventh Day Adventist Church","religion":"christian","denomination":null,"group":"christian"},"geometry":{"type":"Point","coordinates":[-81.5709531,41.0397777]}},
{"type":"Feature","properties":{"name":"Park United Methodist Church","religion":"christian","denomination":"methodist","group":"methodist"},"geometry":{"type":"Point","coordinates":[-81.5687308,41.0411666]}},
{"type":"Feature","properties":{"name":"Unity Church of God in Christ","religion":"christian","denomination":null,"group":"christian"},"geometry":{"type":"Point","coordinates":[-81.5638196,41.0446675]}},
{"type":"Feature","properties":{"name":"First Baptist Church of Kenmore","religion":"christian","denomination":"baptist","group":"baptist"},"geometry":{"type":"Point","coordinates":[-81.5631748,41.0408888]}},
{"type":"Feature","properties":{"name":"Dormition of the Virgin Mary Byzantine Catholic Church","religion":"christian","denomination":"catholic","group":"catholic"},"geometry":{"type":"Point","coordinates":[-81.5615081,41.0406111]}},
{"type":"Feature","properties":{"name":"House of Joy Baptist Church","religion":"christian","denomination":"baptist","group":"baptist"},"geometry":{"type":"Point","coordinates":[-81.5587302,41.0394999]}},
{"type":"Feature","properties":{"name":"Chapel of Hope","religion":"christian","denomination":null,"group":"christian"},"geometry":{"type":"Point","coordinates":[-81.5559522,41.0422778]}},
{"type":"Feature","properties":{"name":"New Life Pentecostals of Akron","religion":"christian","denomination":"pentecostal","group":"pentecostal"},"geometry":{"type":"Point","coordinates":[-81.5576189,41.0525555]}},
{"type":"Feature","properties":{"name":"Akron United Wesleyan Church","religion":"christian","denomination":null,"group":"christian"},"geometry":{"type":"Point","coordinates":[-81.5531742,41.0425556]}},
{"type":"Feature","properties":{"name":"Goss Memorial Church","religion":"christian","denomination":null,"group":"christian"},"geometry":{"type":"Point","coordinates":[-81.5551188,41.0425556]}},
{"type":"Feature","properties":{"name":"Kenmore Church of the Nazarene","religion":"christian","denomination":null,"group":"christian"},"geometry":{"type":"Point","coordinates":[-81.5559521,41.0483889]}},
{"type":"Feature","properties":{"name":"Church of God of Prophecy","religion":"christian","denomination":null,"group":"christian"},"geometry":{"type":"Point","coordinates":[-81.5570633,41.0561667]}},
{"type":"Feature","properties":{"name":"Kenmore United Methodist Church","religion":"christian","denomination":"methodist","group":"methodist"},"geometry":{"type":"Point","coordinates":[-81.5581745,41.0444999]}},
{"type":"Feature","properties":{"name":"Hope United Methodist Church","religion":"christian","denomination":"methodist","group":"methodist"},"geometry":{"type":"Point","coordinates":[-81.567064,41.0311666]}},
{"type":"Feature","properties":{"name":"Allenside Presbyterian Church","religion":"christian","denomination":"presbyterian","group":"presbyterian"},"geometry":{"type":"Point","coordinates":[-81.5420625,41.0325556]}},
{"type":"Feature","properties":{"name":"Apostolic Christian Church of South Akron","religion":"christian","denomination":null,"group":"christian"},"geometry":{"type":"Point","coordinates":[-81.5506382,41.0590035]}},
{"type":"Feature","properties":{"name":"True Light Baptist Church","religion":"christian","denomination":"baptist","group":"baptist"},"geometry":{"type":"Point","coordinates":[-81.545396,41.0497778]}},
{"type":"Feature","properties":{"name":"Margaret Park United Presbyterian Church","religion":"christian","denomination":"presbyterian","group":"presbyterian"},"geometry":{"type":"Point","coordinates":[-81.5545631,41.0614445]}},
{"type":"Feature","properties":{"name":"Tabernacle Baptist Church","religion":"christian","denomination":"baptist","group":"baptist"},"geometry":{"type":"Point","coordinates":[-81.5556742,41.062]}},
{"type":"Feature","properties":{"name":"West Side Church of God","religion":"christian","denomination":null,"group":"christian"},"geometry":{"type":"Point","coordinates":[-81.5548409,41.0628334]}},
{"type":"Feature","properties":{"name":"Jubilee Temple Church","religion":"christian","denomination":null,"group":"christian"},"geometry":{"type":"Point","coordinates":[-81.5548409,41.0636667]}},
{"type":"Feature","properties":{"name":"Kingdom Hall Jehovahs Witnesses","religion":"christian","denomination":"jehovahs_witness","group":"jehovahs_witness"},"geometry":{"type":"Point","coordinates":[-81.5272581,41.0374514]}},
{"type":"Feature","properties":{"name":"Front Porch Fellowship","religion":"christian","denomination":null,"group":"christian"},"geometry":{"type":"Point","coordinates":[-81.5317222,41.0570278]}},
{"type":"Feature","properties":{"name":"Church of Deliverance in Jesus Christ","religion":"christian","denomination":null,"group":"christian"},"geometry":{"type":"Point","coordinates":[-81.5340063,41.0550557]}},
{"type":"Feature","properties":{"name":"Community Friends Church of Urban Ministries","religion":"christian","denomination":null,"group":"christian"},"geometry":{"type":"Point","coordinates":[-81.5367842,41.0550557]}},
{"type":"Feature","properties":{"name":"Mount Liberty Baptist Church","religion":"christian","denomination":"baptist","group":"baptist"},"geometry":{"type":"Point","coordinates":[-81.5373399,41.0539446]}},
{"type":"Feature","properties":{"name":"Evening Light Church of God","religion":"christian","denomination":null,"group":"christian"},"geometry":{"type":"Point","coordinates":[-81.5417845,41.065889]}},
{"type":"Feature","properties":{"name":"Garden of Prayer Church of God in Christ","religion":"christian","denomination":null,"group":"christian"},"geometry":{"type":"Point","coordinates":[-81.5451181,41.0656112]}},
{"type":"Feature","properties":{"name":"Lighthouse Baptist Church","religion":"christian","denomination":"baptist","group":"baptist"},"geometry":{"type":"Point","coordinates":[-81.5467848,41.0658889]}},
{"type":"Feature","properties":{"name":"Holy Trinity Church of God in Christ","religion":"christian","denomination":null,"group":"christian"},"geometry":{"type":"Point","coordinates":[-81.5398399,41.0667224]}},
{"type":"Feature","properties":{"name":"Austinburg First United Church of Christ","religion":"christian","denomination":null,"group":"christian"},"geometry":{"type":"Point","coordinates":[-80.8561999,41.7714436]}},
{"type":"Feature","properties":{"name":"Believers Christian Fellowship Church","religion":"christian","denomination":null,"group":"christian"},"geometry":{"type":"Point","coordinates":[-80.8525834,40.9022812]}},
{"type":"Feature","properties":{"name":"Emmanuel Lutheran Church","religion":"christian","denomination":"lutheran","group":"lutheran"},"geometry":{"type":"Point","coordinates":[-80.855639,40.8989479]}},
{"type":"Feature","properties":{"name":"First Friends Church","religion":"christian","denomination":null,"group":"christian"},"geometry":{"type":"Point","coordinates":[-80.8623061,40.91117]}},
{"type":"Feature","properties":{"name":"First United Methodist Church","religion":"christian","denomination":"methodist","group":"methodist"},"geometry":{"type":"Point","coordinates":[-80.8550835,40.8992257]}},
{"type":"Feature","properties":{"name":"Salem Church of the Nazarene","religion":"christian","denomination":null,"group":"christian"},"geometry":{"type":"Point","coordinates":[-80.8573059,40.9167256]}},
{"type":"Feature","properties":{"name":"Twin Pines Apostolic Church","religion":"christian","denomination":null,"group":"christian"},"geometry":{"type":"Point","coordinates":[-80.8698065,40.90117]}},
{"type":"Feature","properties":{"name":"Christ Church Episcopal","religion":"christian","denomination":null,"group":"christian"},"geometry":{"type":"Point","coordinates":[-80.9617593,41.5356105]}},
{"type":"Feature","properties":{"name":"First Congregational Church of Freedom","religion":"christian","denomination":null,"group":"christian"},"geometry":{"type":"Point","coordinates":[-81.147043,41.2350561]}},
{"type":"Feature","properties":{"name":"Immaculate Conception Roman Catholic Church","religion":"christian","denomination":"roman_catholic","group":"roman_catholic"},"geometry":{"type":"Point","coordinates":[-81.6609624,41.514773]}},
{"type":"Feature","properties":{"name":"Saint Bernardettes Catholic Church","religion":"christian","denomination":"roman_catholic","group":"roman_catholic"},"geometry":{"type":"Point","coordinates":[-81.8865273,41.4547687]}},
{"type":"Feature","properties":{"name":"New Freedom Ministries","religion":"christian","denomination":null,"group":"christian"},"geometry":{"type":"Point","coordinates":[-81.5759577,41.4647749]}},
{"type":"Feature","properties":{"name":"Sunlight Baptist Church","religion":"christian","denomination":"baptist","group":"baptist"},"geometry":{"type":"Point","coordinates":[-81.604551,41.4448039]}},
{"type":"Feature","properties":{"name":"Buddhist Temple of Cleveland","religion":"buddhist","denomination":null,"group":"buddhist"},"geometry":{"type":"Point","coordinates":[-81.5306769,41.5711612]}},
{"type":"Feature","properties":{"name":"Islamic Center of Cleveland","religion":"muslim","denomination":null,"group":"muslim"},"geometry":{"type":"Point","coordinates":[-81.747796,41.4804985]}},
{"type":"Feature","properties":{"name":"Kinsman-Union Congregational Church","religion":"christian","denomination":null,"group":"christian"},"geometry":{"type":"Point","coordinates":[-81.6206824,41.47283]}},
{"type":"Feature","properties":{"name":"First Baptist Chapel","religion":"christian","denomination":"baptist","group":"baptist"},"geometry":{"type":"Point","coordinates":[-82.1637626,41.4403199]}},
{"type":"Feature","properties":{"name":"First United Brethren Church","religion":"christian","denomination":null,"group":"christian"},"geometry":{"type":"Point","coordinates":[-82.1679295,41.4500415]}},
{"type":"Feature","properties":{"name":"Saint Johns Roman Catholic Church","religion":"christian","denomination":"catholic","group":"catholic"},"geometry":{"type":"Point","coordinates":[-82.1279274,41.4436533]}},
{"type":"Feature","properties":{"name":"Church of God in Christ","religion":"christian","denomination":null,"group":"christian"},"geometry":{"type":"Point","coordinates":[-81.3659419,41.1433897]}},
{"type":"Feature","properties":{"name":"Free Methodist Church (Historical)","religion":"christian","denomination":"methodist","group":"methodist"},"geometry":{"type":"Point","coordinates":[-81.3595527,41.1433897]}},
{"type":"Feature","properties":{"name":"Church of God","religion":"christian","denomination":null,"group":"christian"},"geometry":{"type":"Point","coordinates":[-81.8623583,41.1469988]}},
{"type":"Feature","properties":{"name":"First Baptist Church","religion":"christian","denomination":"baptist","group":"baptist"},"geometry":{"type":"Point","coordinates":[-81.8188725,41.135883]}},
{"type":"Feature","properties":{"name":"Friendship Baptist Church","religion":"christian","denomination":"baptist","group":"baptist"},"geometry":{"type":"Point","coordinates":[-81.8659697,41.1369989]}},
{"type":"Feature","properties":{"name":"Saint Matthew Evangelical Lutheran Church","religion":"christian","denomination":"lutheran","group":"lutheran"},"geometry":{"type":"Point","coordinates":[-81.8623584,41.14311]}},
{"type":"Feature","properties":{"name":"Second Baptist Church","religion":"christian","denomination":"baptist","group":"baptist"},"geometry":{"type":"Point","coordinates":[-81.8712477,41.1419989]}},
{"type":"Feature","properties":{"name":"Agudath B'nai Israel Synagogue","religion":"jewish","denomination":null,"group":"jewish"},"geometry":{"type":"Point","coordinates":[-82.1945711,41.440467]}},
{"type":"Feature","properties":{"name":"Zion Evangelical Lutheran Church","religion":"christian","denomination":"lutheran","group":"lutheran"},"geometry":{"type":"Point","coordinates":[-82.170708,41.3719902]}},
{"type":"Feature","properties":{"name":"Saint Peters Catholic Church","religion":"christian","denomination":"catholic","group":"catholic"},"geometry":{"type":"Point","coordinates":[-82.0154208,41.3906017]}},
{"type":"Feature","properties":{"name":"Saint John United Church of Christ","religion":"christian","denomination":null,"group":"christian"},"geometry":{"type":"Point","coordinates":[-82.1759236,41.4640924]}},
{"type":"Feature","properties":{"name":"Saint Anthony of Padua Roman Catholic Church","religion":"christian","denomination":"roman_catholic","group":"roman_catholic"},"geometry":{"type":"Point","coordinates":[-82.1601511,41.475318]}},
{"type":"Feature","properties":{"name":"Congregational Church of Christ","religion":"christian","denomination":null,"group":"christian"},"geometry":{"type":"Point","coordinates":[-82.2174605,41.2943852]}},
{"type":"Feature","properties":{"name":"Oak's Church","religion":"christian","denomination":null,"group":"christian"},"geometry":{"type":"Point","coordinates":[-81.9371233,40.8226452]}},
{"type":"Feature","properties":{"name":"First Assembly of God Church","religion":"christian","denomination":"pentecostal","group":"pentecostal"},"geometry":{"type":"Point","coordinates":[-81.652351,41.5111621]}},
{"type":"Feature","properties":{"name":"Mount Zion Baptist Church","religion":"christian","denomination":"baptist","group":"baptist"},"geometry":{"type":"Point","coordinates":[-82.2148785,41.2861613]}},
{"type":"Feature","properties":{"name":"Rust Church","religion":"christian","denomination":null,"group":"christian"},"geometry":{"type":"Point","coordinates":[-82.2129339,41.2875501]}},
{"type":"Feature","properties":{"name":"Saint Pauls Lutheran Church","religion":"christian","denomination":"lutheran","group":"lutheran"},"geometry":{"type":"Point","coordinates":[-81.5231759,40.8011687]}},
{"type":"Feature","properties":{"name":"Saint Francis Catholic Church","religion":"christian","denomination":"catholic","group":"catholic"},"geometry":{"type":"Point","coordinates":[-81.6392946,41.5194953]}},
{"type":"Feature","properties":{"name":"Fairport Harbor Congregational Church United Church of Christ","religion":"christian","denomination":null,"group":"christian"},"geometry":{"type":"Point","coordinates":[-81.2750704,41.7553797]}},
{"type":"Feature","properties":{"name":"Immanuel Lutheran Church","religion":"christian","denomination":"lutheran","group":"lutheran"},"geometry":{"type":"Point","coordinates":[-81.2742694,41.7508764]}},
{"type":"Feature","properties":{"name":"Saint Michaels Byzantine Catholic Church","religion":"christian","denomination":"catholic","group":"catholic"},"geometry":{"type":"Point","coordinates":[-81.2737138,41.7494875]}},
{"type":"Feature","properties":{"name":null,"religion":"christian","denomination":null,"group":"christian"},"geometry":{"type":"Point","coordinates":[-81.7248423,41.4843557]}},
{"type":"Feature","properties":{"name":"First Christian Church","religion":"christian","denomination":null,"group":"christian"},"geometry":{"type":"Point","coordinates":[-80.9754902,41.1880821]}},
{"type":"Feature","properties":{"name":"Saint Josephs Catholic Church","religion":"christian","denomination":"catholic","group":"catholic"},"geometry":{"type":"Point","coordinates":[-80.9825915,41.1864456]}},
{"type":"Feature","properties":{"name":"Newton Falls Church of the Nazarene","religion":"christian","denomination":"evangelical","group":"evangelical"},"geometry":{"type":"Point","coordinates":[-80.9742628,41.1935409]}},
{"type":"Feature","properties":{"name":"Solid Rock Ministry","religion":"christian","denomination":"nondenominational","group":"nondenominational"},"geometry":{"type":"Point","coordinates":[-80.9784246,41.184779]}},
{"type":"Feature","properties":{"name":"Collins Methodist Church","religion":"christian","denomination":"methodist","group":"methodist"},"geometry":{"type":"Point","coordinates":[-82.4910049,41.2553301]}},
{"type":"Feature","properties":{"name":"Chapel of the Sacred Heart of Jesus","religion":"christian","denomination":null,"group":"christian"},"geometry":{"type":"Point","coordinates":[-82.2148785,41.2872723]}},
{"type":"Feature","properties":{"name":"Christ Temple Church","religion":"christian","denomination":null,"group":"christian"},"geometry":{"type":"Point","coordinates":[-82.2154342,41.2839392]}},
{"type":"Feature","properties":{"name":"Christian and Missionary Alliance Church","religion":"christian","denomination":null,"group":"christian"},"geometry":{"type":"Point","coordinates":[-82.2148785,41.2881057]}},
{"type":"Feature","properties":{"name":"First Baptist Church","religion":"christian","denomination":"baptist","group":"baptist"},"geometry":{"type":"Point","coordinates":[-82.2159896,41.2944941]}},
{"type":"Feature","properties":{"name":"First Methodist Episcopal Church","religion":"christian","denomination":"methodist","group":"methodist"},"geometry":{"type":"Point","coordinates":[-82.2198274,41.2905194]}},
{"type":"Feature","properties":{"name":"James Bryant Chapel","religion":"christian","denomination":null,"group":"christian"},"geometry":{"type":"Point","coordinates":[-82.2182119,41.2947719]}},
{"type":"Feature","properties":{"name":null,"religion":"christian","denomination":null,"group":"christian"},"geometry":{"type":"Point","coordinates":[-81.6589722,41.4967966]}},
{"type":"Feature","properties":{"name":"Saint Johns United Church of Christ","religion":"christian","denomination":null,"group":"christian"},"geometry":{"type":"Point","coordinates":[-81.6515172,41.4703297]}},
{"type":"Feature","properties":{"name":"The Lane Metropolitan Christian Methodist Episcopal Church","religion":"christian","denomination":"methodist","group":"methodist"},"geometry":{"type":"Point","coordinates":[-81.6544112,41.5003639]}},
{"type":"Feature","properties":{"name":"Bridge City Church","religion":"christian","denomination":null,"group":"christian"},"geometry":{"type":"Point","coordinates":[-81.7099155,41.46231]}},
{"type":"Feature","properties":{"name":"Erin Avenue German Baptist Church","religion":"christian","denomination":"baptist","group":"baptist"},"geometry":{"type":"Point","coordinates":[-81.7037421,41.471718]}},
{"type":"Feature","properties":{"name":"Fifth United Church of Christ","religion":"christian","denomination":null,"group":"christian"},"geometry":{"type":"Point","coordinates":[-81.7320768,41.4728287]}},
{"type":"Feature","properties":{"name":"First Hungarian Spiritualist Church","religion":"christian","denomination":null,"group":"christian"},"geometry":{"type":"Point","coordinates":[-81.7044179,41.4826257]}},
{"type":"Feature","properties":{"name":null,"religion":"christian","denomination":null,"group":"christian"},"geometry":{"type":"Point","coordinates":[-81.7104092,41.4794955]}},
{"type":"Feature","properties":{"name":"Oehlhoff Methodist Church","religion":"christian","denomination":"methodist","group":"methodist"},"geometry":{"type":"Point","coordinates":[-81.7252408,41.4700421]}},
{"type":"Feature","properties":{"name":"Olivet Baptist Church","religion":"christian","denomination":"baptist","group":"baptist"},"geometry":{"type":"Point","coordinates":[-81.7220764,41.4808842]}},
{"type":"Feature","properties":{"name":"Redeemer Lutheran Church","religion":"christian","denomination":"lutheran","group":"lutheran"},"geometry":{"type":"Point","coordinates":[-81.7017974,41.4711624]}},
{"type":"Feature","properties":{"name":null,"religion":"christian","denomination":null,"group":"christian"},"geometry":{"type":"Point","coordinates":[-81.7256797,41.4847187]}},
{"type":"Feature","properties":{"name":"Saint Michaels Roman Catholic Church","religion":"christian","denomination":"roman_catholic","group":"roman_catholic"},"geometry":{"type":"Point","coordinates":[-81.6973528,41.4697736]}},
{"type":"Feature","properties":{"name":"Spanish Assembly of God Church","religion":"christian","denomination":"pentecostal","group":"pentecostal"},"geometry":{"type":"Point","coordinates":[-81.7151315,41.4689401]}},
{"type":"Feature","properties":{"name":"West Side Alliance Church","religion":"christian","denomination":null,"group":"christian"},"geometry":{"type":"Point","coordinates":[-81.7125699,41.4825811]}},
{"type":"Feature","properties":{"name":"Apostolic Faith Tabernacle","religion":"christian","denomination":null,"group":"christian"},"geometry":{"type":"Point","coordinates":[-81.6158846,41.5315052]}},
{"type":"Feature","properties":{"name":"Bethel Seventh Day Adventist Church","religion":"christian","denomination":null,"group":"christian"},"geometry":{"type":"Point","coordinates":[-81.636769,41.516094]}},
{"type":"Feature","properties":{"name":"Church of Christ","religion":"christian","denomination":null,"group":"christian"},"geometry":{"type":"Point","coordinates":[-81.6381835,41.517551]}},
{"type":"Feature","properties":{"name":"Church of Christ Congregational","religion":"unknown","denomination":null,"group":"unknown"},"geometry":{"type":"Point","coordinates":[-81.6162232,41.5303097]}},
{"type":"Feature","properties":{"name":"Church of God and Saints of Christ","religion":"christian","denomination":null,"group":"christian"},"geometry":{"type":"Point","coordinates":[-81.6185393,41.536271]}},
{"type":"Feature","properties":{"name":"Church of the Incarnation","religion":"christian","denomination":null,"group":"christian"},"geometry":{"type":"Point","coordinates":[-81.6159597,41.5403282]}},
{"type":"Feature","properties":{"name":"Church of the Living God","religion":"christian","denomination":null,"group":"christian"},"geometry":{"type":"Point","coordinates":[-81.6169836,41.5344482]}},
{"type":"Feature","properties":{"name":"First Zion Baptist Church","religion":"christian","denomination":"baptist","group":"baptist"},"geometry":{"type":"Point","coordinates":[-81.6164737,41.5344763]}},
{"type":"Feature","properties":{"name":"Glenville Church of Christ","religion":"christian","denomination":null,"group":"christian"},"geometry":{"type":"Point","coordinates":[-81.6245717,41.5158845]}},
{"type":"Feature","properties":{"name":"Kingdom Hall of Jehovahs Witnesses","religion":"christian","denomination":"jehovahs_witness","group":"jehovahs_witness"},"geometry":{"type":"Point","coordinates":[-81.6295719,41.5206065]}},
{"type":"Feature","properties":{"name":"Mount Olivet Church of God in Christ","religion":"christian","denomination":null,"group":"christian"},"geometry":{"type":"Point","coordinates":[-81.6207254,41.5232973]}},
{"type":"Feature","properties":{"name":"Nazarene Baptist Church","religion":"christian","denomination":"baptist","group":"baptist"},"geometry":{"type":"Point","coordinates":[-81.6290165,41.5161622]}},
{"type":"Feature","properties":{"name":"Ninth United Church of Christ","religion":"christian","denomination":null,"group":"christian"},"geometry":{"type":"Point","coordinates":[-81.6376279,41.5206065]}},
{"type":"Feature","properties":{"name":"Saint Thomas Aquinas Roman Catholic Church","religion":"christian","denomination":"catholic","group":"catholic"},"geometry":{"type":"Point","coordinates":[-81.6244688,41.5216237]}},
{"type":"Feature","properties":{"name":"Tristate Free Will Baptist Church","religion":"christian","denomination":"baptist","group":"baptist"},"geometry":{"type":"Point","coordinates":[-81.6440171,41.523384]}},
{"type":"Feature","properties":{"name":"Church of Christ","religion":"christian","denomination":null,"group":"christian"},"geometry":{"type":"Point","coordinates":[-81.5142865,40.8039466]}},
{"type":"Feature","properties":{"name":"Church of God","religion":"christian","denomination":null,"group":"christian"},"geometry":{"type":"Point","coordinates":[-81.2520462,41.7242106]}},
{"type":"Feature","properties":{"name":"First Church of Christ Scientist","religion":"christian","denomination":null,"group":"christian"},"geometry":{"type":"Point","coordinates":[-81.245657,41.7242108]}},
{"type":"Feature","properties":{"name":"Union Pentecostal United Holy Church of America","religion":"christian","denomination":"pentecostal","group":"pentecostal"},"geometry":{"type":"Point","coordinates":[-81.2539908,41.7219884]}},
{"type":"Feature","properties":{"name":"Zion Lutheran Church","religion":"christian","denomination":"lutheran","group":"lutheran"},"geometry":{"type":"Point","coordinates":[-81.2553798,41.7178219]}},
{"type":"Feature","properties":{"name":"Church of God","religion":"christian","denomination":null,"group":"christian"},"geometry":{"type":"Point","coordinates":[-81.1117644,40.9264473]}},
{"type":"Feature","properties":{"name":"Church of God in Christ","religion":"christian","denomination":null,"group":"christian"},"geometry":{"type":"Point","coordinates":[-81.0903745,40.9242251]}},
{"type":"Feature","properties":{"name":"First Baptist Church","religion":"christian","denomination":"baptist","group":"baptist"},"geometry":{"type":"Point","coordinates":[-81.0987082,40.920614]}},
{"type":"Feature","properties":{"name":"First Presbyterian Church","religion":"christian","denomination":"presbyterian","group":"presbyterian"},"geometry":{"type":"Point","coordinates":[-81.0995416,40.920614]}},
{"type":"Feature","properties":{"name":"Free Methodist Church","religion":"christian","denomination":"methodist","group":"methodist"},"geometry":{"type":"Point","coordinates":[-81.1114867,40.9295028]}},
{"type":"Feature","properties":{"name":"Holiness Church","religion":"christian","denomination":null,"group":"christian"},"geometry":{"type":"Point","coordinates":[-81.0950969,40.9203362]}},
{"type":"Feature","properties":{"name":"Magyar Evangelical Reformed Church","religion":"christian","denomination":null,"group":"christian"},"geometry":{"type":"Point","coordinates":[-81.0942635,40.9167251]}},
{"type":"Feature","properties":{"name":"New Hope Baptist Church","religion":"christian","denomination":"baptist","group":"baptist"},"geometry":{"type":"Point","coordinates":[-81.0903745,40.9222806]}},
{"type":"Feature","properties":{"name":"Reformed Free Methodist Church","religion":"christian","denomination":"methodist","group":"methodist"},"geometry":{"type":"Point","coordinates":[-81.0975971,40.9161695]}},
{"type":"Feature","properties":{"name":"Saint Nicholas Roman Orthodox Church","religion":"christian","denomination":null,"group":"christian"},"geometry":{"type":"Point","coordinates":[-81.0920412,40.9136695]}},
{"type":"Feature","properties":{"name":"Second Baptist Church","religion":"christian","denomination":"baptist","group":"baptist"},"geometry":{"type":"Point","coordinates":[-81.0784293,40.9242251]}},
{"type":"Feature","properties":{"name":"Tabernacle Baptist Church","religion":"christian","denomination":"baptist","group":"baptist"},"geometry":{"type":"Point","coordinates":[-81.0937079,40.9225584]}},
{"type":"Feature","properties":{"name":"Plymouth United Church of Christ","religion":"christian","denomination":"united_church_of_christ","group":"united_church_of_christ"},"geometry":{"type":"Point","coordinates":[-81.5840141,41.4811635]}},
{"type":"Feature","properties":{"name":"Saint Francis Chapel","religion":"christian","denomination":null,"group":"christian"},"geometry":{"type":"Point","coordinates":[-81.5294355,41.4915159]}},
{"type":"Feature","properties":{"name":"Christian and Missionary Alliance Church","religion":"christian","denomination":null,"group":"christian"},"geometry":{"type":"Point","coordinates":[-81.7237404,41.0278323]}},
{"type":"Feature","properties":{"name":"First Baptist Church","religion":"christian","denomination":"baptist","group":"baptist"},"geometry":{"type":"Point","coordinates":[-81.733348,41.0242048]}},
{"type":"Feature","properties":{"name":"First Methodist Church","religion":"christian","denomination":"methodist","group":"methodist"},"geometry":{"type":"Point","coordinates":[-81.7259627,41.0250545]}},
{"type":"Feature","properties":{"name":"Full Gospel Church","religion":"christian","denomination":null,"group":"christian"},"geometry":{"type":"Point","coordinates":[-81.7292963,41.0197767]}},
{"type":"Feature","properties":{"name":"Grace Evangelical Lutheran Church","religion":"christian","denomination":"lutheran","group":"lutheran"},"geometry":{"type":"Point","coordinates":[-81.7298519,41.0267212]}},
{"type":"Feature","properties":{"name":"Hungarian Baptist Church","religion":"christian","denomination":"baptist","group":"baptist"},"geometry":{"type":"Point","coordinates":[-81.7287407,41.0192212]}},
{"type":"Feature","properties":{"name":"Saint Pauls Evangelical Lutheran Church","religion":"christian","denomination":"lutheran","group":"lutheran"},"geometry":{"type":"Point","coordinates":[-81.7365103,41.0989432]}},
{"type":"Feature","properties":{"name":"Trinity Reformed Church","religion":"christian","denomination":null,"group":"christian"},"geometry":{"type":"Point","coordinates":[-81.7292962,41.0286656]}},
{"type":"Feature","properties":{"name":"Central Christian Church","religion":"christian","denomination":null,"group":"christian"},"geometry":{"type":"Point","coordinates":[-81.9404211,40.802001]}},
{"type":"Feature","properties":{"name":"Christian and Missionary Alliance Church","religion":"christian","denomination":null,"group":"christian"},"geometry":{"type":"Point","coordinates":[-81.9462548,40.8006122]}},
{"type":"Feature","properties":{"name":"First Baptist Church","religion":"christian","denomination":"baptist","group":"baptist"},"geometry":{"type":"Point","coordinates":[-81.9406988,40.8003344]}},
{"type":"Feature","properties":{"name":"First Church of Christ Scientist","religion":"christian","denomination":null,"group":"christian"},"geometry":{"type":"Point","coordinates":[-81.9359763,40.8200565]}},
{"type":"Feature","properties":{"name":"First Presbyterian Church","religion":"christian","denomination":"presbyterian","group":"presbyterian"},"geometry":{"type":"Point","coordinates":[-81.9356985,40.8053343]}},
{"type":"Feature","properties":{"name":"Knesseth Israel Temple","religion":"jewish","denomination":"reconstructionist","group":"reconstructionist"},"geometry":{"type":"Point","coordinates":[-81.9365319,40.8189454]}},
{"type":"Feature","properties":{"name":"Wooster Mennonite Church","religion":"christian","denomination":null,"group":"christian"},"geometry":{"type":"Point","coordinates":[-81.9337539,40.8170009]}},
{"type":"Feature","properties":{"name":"Wooster United Methodist Church","religion":"christian","denomination":"methodist","group":"methodist"},"geometry":{"type":"Point","coordinates":[-81.9398655,40.8006122]}},
{"type":"Feature","properties":{"name":"Zion Lutheran Church","religion":"christian","denomination":"lutheran","group":"lutheran"},"geometry":{"type":"Point","coordinates":[-81.9398655,40.8008899]}},
{"type":"Feature","properties":{"name":"First Church of God","religion":"christian","denomination":null,"group":"christian"},"geometry":{"type":"Point","coordinates":[-81.8599311,40.8639829]}},
{"type":"Feature","properties":{"name":"Nold Avenue Baptist Church","religion":"christian","denomination":"baptist","group":"baptist"},"geometry":{"type":"Point","coordinates":[-81.9368097,40.8025566]}},
{"type":"Feature","properties":{"name":"Saint Pauls Lutheran Church","religion":"christian","denomination":"lutheran","group":"lutheran"},"geometry":{"type":"Point","coordinates":[-81.8572019,40.8651298]}},
{"type":"Feature","properties":{"name":"Smithville Church of the Brethren","religion":"christian","denomination":null,"group":"christian"},"geometry":{"type":"Point","coordinates":[-81.8579111,40.8639134]}},
{"type":"Feature","properties":{"name":"Smithville United Methodist Church","religion":"christian","denomination":"methodist","group":"methodist"},"geometry":{"type":"Point","coordinates":[-81.8603521,40.8653099]}},
{"type":"Feature","properties":{"name":"Calvary Church of God in Christ","religion":"christian","denomination":null,"group":"christian"},"geometry":{"type":"Point","coordinates":[-81.6116994,41.5219107]}},
{"type":"Feature","properties":{"name":"Central Christian Church","religion":"christian","denomination":null,"group":"christian"},"geometry":{"type":"Point","coordinates":[-81.6151264,41.538106]}},
{"type":"Feature","properties":{"name":"Evangelistic Baptist Church","religion":"christian","denomination":"baptist","group":"baptist"},"geometry":{"type":"Point","coordinates":[-81.6142932,41.5294952]}},
{"type":"Feature","properties":{"name":"Gospel Baptist Church","religion":"christian","denomination":"baptist","group":"baptist"},"geometry":{"type":"Point","coordinates":[-81.6292943,41.5075514]}},
{"type":"Feature","properties":{"name":"Greater Friendship Baptist Church","religion":"christian","denomination":"baptist","group":"baptist"},"geometry":{"type":"Point","coordinates":[-81.5999087,41.5340636]}},
{"type":"Feature","properties":{"name":"House of Prayer","religion":"unknown","denomination":null,"group":"unknown"},"geometry":{"type":"Point","coordinates":[-81.5987448,41.5337857]}},
{"type":"Feature","properties":{"name":"New Fellowship Baptist Church","religion":"christian","denomination":"baptist","group":"baptist"},"geometry":{"type":"Point","coordinates":[-81.6095708,41.5244954]}},
{"type":"Feature","properties":{"name":"Phillips Avenue Presbyterian Church","religion":"christian","denomination":"presbyterian","group":"presbyterian"},"geometry":{"type":"Point","coordinates":[-81.5979036,41.5267178]}},
{"type":"Feature","properties":{"name":"Second Lakeview Baptist Church","religion":"christian","denomination":"baptist","group":"baptist"},"geometry":{"type":"Point","coordinates":[-81.6015148,41.5325508]}},
{"type":"Feature","properties":{"name":"Star of Bethel Missionary Baptist Church","religion":"christian","denomination":"baptist","group":"baptist"},"geometry":{"type":"Point","coordinates":[-81.6062374,41.5231067]}},
{"type":"Feature","properties":{"name":"Starlight Baptist Church","religion":"christian","denomination":"baptist","group":"baptist"},"geometry":{"type":"Point","coordinates":[-81.6062373,41.5303286]}},
{"type":"Feature","properties":{"name":"University Church of Christ","religion":"christian","denomination":null,"group":"christian"},"geometry":{"type":"Point","coordinates":[-81.6242976,41.5059287]}},
{"type":"Feature","properties":{"name":"University Euclid Church","religion":"christian","denomination":null,"group":"christian"},"geometry":{"type":"Point","coordinates":[-81.6276277,41.5058848]}},
{"type":"Feature","properties":{"name":"Crown Hill Mennonite Church","religion":"christian","denomination":"mennonite","group":"mennonite"},"geometry":{"type":"Point","coordinates":[-81.7820776,40.9178328]}},
{"type":"Feature","properties":{"name":"Burbank Road Church of Christ","religion":"christian","denomination":null,"group":"christian"},"geometry":{"type":"Point","coordinates":[-81.9379209,40.8222787]}},
{"type":"Feature","properties":{"name":"Concordia Lutheran Church","religion":"christian","denomination":"lutheran","group":"lutheran"},"geometry":{"type":"Point","coordinates":[-81.9590333,40.8286677]}},
{"type":"Feature","properties":{"name":"Congress Community Church","religion":"christian","denomination":null,"group":"christian"},"geometry":{"type":"Point","coordinates":[-82.0520939,40.9286673]}},
{"type":"Feature","properties":{"name":"Evangel Assembly of God Church","religion":"christian","denomination":"pentecostal","group":"pentecostal"},"geometry":{"type":"Point","coordinates":[-81.9462548,40.8006122]}},
{"type":"Feature","properties":{"name":"Grace Church of the Brethren","religion":"christian","denomination":null,"group":"christian"},"geometry":{"type":"Point","coordinates":[-81.9393098,40.8239454]}},
{"type":"Feature","properties":{"name":"New Pittsburg United Methodist Church","religion":"christian","denomination":"methodist","group":"methodist"},"geometry":{"type":"Point","coordinates":[-82.1009852,40.8392235]}},
{"type":"Feature","properties":{"name":"Morningstar Baptist Church","religion":"christian","denomination":"baptist","group":"baptist"},"geometry":{"type":"Point","coordinates":[-81.7651324,40.8342221]}},
{"type":"Feature","properties":{"name":"Saint Agnes Catholic Church","religion":"christian","denomination":"catholic","group":"catholic"},"geometry":{"type":"Point","coordinates":[-81.7592986,40.8350553]}},
{"type":"Feature","properties":{"name":"Saint Lukes Methodist Church","religion":"christian","denomination":"methodist","group":"methodist"},"geometry":{"type":"Point","coordinates":[-81.7640119,40.8428226]}},
{"type":"Feature","properties":{"name":"Saint Paul United Methodist Church","religion":"christian","denomination":"methodist","group":"methodist"},"geometry":{"type":"Point","coordinates":[-81.4792833,40.891446]}},
{"type":"Feature","properties":{"name":"First Baptist Church","religion":"christian","denomination":"baptist","group":"baptist"},"geometry":{"type":"Point","coordinates":[-81.7822475,40.9730446]}},
{"type":"Feature","properties":{"name":"Church of Christ","religion":"christian","denomination":null,"group":"christian"},"geometry":{"type":"Point","coordinates":[-81.7815219,40.9764436]}},
{"type":"Feature","properties":{"name":"Grace Brethren Church","religion":"christian","denomination":null,"group":"christian"},"geometry":{"type":"Point","coordinates":[-81.7834665,40.969777]}},
{"type":"Feature","properties":{"name":"Rittman Community Church","religion":"christian","denomination":null,"group":"christian"},"geometry":{"type":"Point","coordinates":[-81.7806885,40.9825547]}},
{"type":"Feature","properties":{"name":"Saint Anne Catholic Church","religion":"christian","denomination":"catholic","group":"catholic"},"geometry":{"type":"Point","coordinates":[-81.7840221,40.9725548]}},
{"type":"Feature","properties":{"name":"Alphia Baptist Church","religion":"christian","denomination":"baptist","group":"baptist"},"geometry":{"type":"Point","coordinates":[-81.6501286,41.5142177]}},
{"type":"Feature","properties":{"name":"Christian Pentecostal Assembly Church","religion":"christian","denomination":"pentecostal","group":"pentecostal"},"geometry":{"type":"Point","coordinates":[-81.6247483,41.4917222]}},
{"type":"Feature","properties":{"name":"Corithian Missionary Baptist Church","religion":"christian","denomination":"baptist","group":"baptist"},"geometry":{"type":"Point","coordinates":[-81.6515176,41.5142176]}},
{"type":"Feature","properties":{"name":"Dunham Christian Church","religion":"christian","denomination":null,"group":"christian"},"geometry":{"type":"Point","coordinates":[-81.6441558,41.5095672]}},
{"type":"Feature","properties":{"name":"First Bethel Baptist Church","religion":"christian","denomination":"baptist","group":"baptist"},"geometry":{"type":"Point","coordinates":[-81.645195,41.4931609]}},
{"type":"Feature","properties":{"name":"Friendship Baptist Church","religion":"christian","denomination":"baptist","group":"baptist"},"geometry":{"type":"Point","coordinates":[-81.6512399,41.4958848]}},
{"type":"Feature","properties":{"name":"Gethsemane Baptist Church","religion":"christian","denomination":"baptist","group":"baptist"},"geometry":{"type":"Point","coordinates":[-81.6329057,41.5067181]}},
{"type":"Feature","properties":{"name":"Greater Gospel Temple","religion":"christian","denomination":null,"group":"christian"},"geometry":{"type":"Point","coordinates":[-81.62985,41.4931074]}},
{"type":"Feature","properties":{"name":"Hough Avenue United Church of Christ","religion":"christian","denomination":null,"group":"christian"},"geometry":{"type":"Point","coordinates":[-81.6459015,41.5088547]}},
{"type":"Feature","properties":{"name":"Messiah Baptist Church","religion":"christian","denomination":"baptist","group":"baptist"},"geometry":{"type":"Point","coordinates":[-81.6370726,41.5006072]}},
{"type":"Feature","properties":{"name":"Mount Hope United Holy Church of America","religion":"christian","denomination":null,"group":"christian"},"geometry":{"type":"Point","coordinates":[-81.6359612,41.5153289]}},
{"type":"Feature","properties":{"name":"Open Door Baptist Church","religion":"christian","denomination":"baptist","group":"baptist"},"geometry":{"type":"Point","coordinates":[-81.6300906,41.4885753]}},
{"type":"Feature","properties":{"name":"Original Church of God","religion":"christian","denomination":null,"group":"christian"},"geometry":{"type":"Point","coordinates":[-81.6337724,41.4948523]}},
{"type":"Feature","properties":{"name":"Pentecostal Tabernacle","religion":"christian","denomination":"pentecostal","group":"pentecostal"},"geometry":{"type":"Point","coordinates":[-81.6459618,41.4936627]}},
{"type":"Feature","properties":{"name":"Sardis Missionary Baptist Church","religion":"christian","denomination":"baptist","group":"baptist"},"geometry":{"type":"Point","coordinates":[-81.6387394,41.5006072]}},
{"type":"Feature","properties":{"name":"Second Metropolitan Baptist Church","religion":"christian","denomination":"baptist","group":"baptist"},"geometry":{"type":"Point","coordinates":[-81.6336802,41.4925716]}},
{"type":"Feature","properties":{"name":"Union Grove Baptist Church","religion":"christian","denomination":"baptist","group":"baptist"},"geometry":{"type":"Point","coordinates":[-81.6231829,41.4933852]}},
{"type":"Feature","properties":{"name":"Willing Workers Baptist Church","religion":"christian","denomination":"baptist","group":"baptist"},"geometry":{"type":"Point","coordinates":[-81.6448507,41.507829]}},
{"type":"Feature","properties":{"name":"Church of God","religion":"christian","denomination":null,"group":"christian"},"geometry":{"type":"Point","coordinates":[-81.2587147,41.1567232]}},
{"type":"Feature","properties":{"name":"Church of God","religion":"christian","denomination":null,"group":"christian"},"geometry":{"type":"Point","coordinates":[-81.2392694,41.1472788]}},
{"type":"Feature","properties":{"name":"Ravenna Church","religion":"christian","denomination":"seventh_day_adventist","group":"seventh_day_adventist"},"geometry":{"type":"Point","coordinates":[-81.2590497,41.1580605]}},
{"type":"Feature","properties":{"name":"All Saints Polish National Catholic Church","religion":"christian","denomination":"catholic","group":"catholic"},"geometry":{"type":"Point","coordinates":[-81.648739,41.456441]}},
{"type":"Feature","properties":{"name":"Broadway Methodist Church","religion":"christian","denomination":"methodist","group":"methodist"},"geometry":{"type":"Point","coordinates":[-81.6540173,41.4692185]}},
{"type":"Feature","properties":{"name":"Calvary Wesleyan Church","religion":"christian","denomination":null,"group":"christian"},"geometry":{"type":"Point","coordinates":[-81.6617952,41.4597741]}},
{"type":"Feature","properties":{"name":"Church of Christ","religion":"christian","denomination":null,"group":"christian"},"geometry":{"type":"Point","coordinates":[-81.6100883,41.4684825]}},
{"type":"Feature","properties":{"name":"Church of God of Prophecy","religion":"christian","denomination":null,"group":"christian"},"geometry":{"type":"Point","coordinates":[-81.6176268,41.4756078]}},
{"type":"Feature","properties":{"name":"Concordia Lutheran Church","religion":"christian","denomination":"lutheran","group":"lutheran"},"geometry":{"type":"Point","coordinates":[-81.6075951,41.4638475]}},
{"type":"Feature","properties":{"name":"Elizabeth Baptist Church","religion":"christian","denomination":"baptist","group":"baptist"},"geometry":{"type":"Point","coordinates":[-81.6317942,41.4822741]}},
{"type":"Feature","properties":{"name":"First Missionary Church","religion":"christian","denomination":null,"group":"christian"},"geometry":{"type":"Point","coordinates":[-81.6029041,41.4883854]}},
{"type":"Feature","properties":{"name":"Friendens Evangelical Reformed Church","religion":"christian","denomination":null,"group":"christian"},"geometry":{"type":"Point","coordinates":[-81.6604064,41.4603297]}},
{"type":"Feature","properties":{"name":"Harvest Baptist Church","religion":"christian","denomination":"baptist","group":"baptist"},"geometry":{"type":"Point","coordinates":[-81.6387891,41.4801734]}},
{"type":"Feature","properties":{"name":null,"religion":"christian","denomination":null,"group":"christian"},"geometry":{"type":"Point","coordinates":[-81.6075635,41.4817086]}},
{"type":"Feature","properties":{"name":"New Mount Zion Primitive Baptist Church","religion":"christian","denomination":"baptist","group":"baptist"},"geometry":{"type":"Point","coordinates":[-81.6393385,41.4816772]}},
{"type":"Feature","properties":{"name":"Peace American Lutheran Church","religion":"christian","denomination":"lutheran","group":"lutheran"},"geometry":{"type":"Point","coordinates":[-81.6217935,41.47033]}},
{"type":"Feature","properties":{"name":"Peace Baptist Church","religion":"christian","denomination":"baptist","group":"baptist"},"geometry":{"type":"Point","coordinates":[-81.6467143,41.4859957]}},
{"type":"Feature","properties":{"name":"Progressive Baptist Church of Tomorrow","religion":"christian","denomination":"baptist","group":"baptist"},"geometry":{"type":"Point","coordinates":[-81.6059546,41.4690575]}},
{"type":"Feature","properties":{"name":null,"religion":"christian","denomination":null,"group":"christian"},"geometry":{"type":"Point","coordinates":[-81.6104043,41.4783855]}},
{"type":"Feature","properties":{"name":"Saint Marys Episcopal Church","religion":"christian","denomination":null,"group":"christian"},"geometry":{"type":"Point","coordinates":[-81.6170711,41.4722744]}},
{"type":"Feature","properties":{"name":"Saint Paul Baptist Church","religion":"christian","denomination":"baptist","group":"baptist"},"geometry":{"type":"Point","coordinates":[-81.6326275,41.4769964]}},
{"type":"Feature","properties":{"name":"Saint Phillips Evangelical Lutheran Church","religion":"christian","denomination":"lutheran","group":"lutheran"},"geometry":{"type":"Point","coordinates":[-81.6043859,41.4675226]}},
{"type":"Feature","properties":{"name":"Second Mount Carmel Baptist Church","religion":"christian","denomination":"baptist","group":"baptist"},"geometry":{"type":"Point","coordinates":[-81.6498508,41.4867184]}},
{"type":"Feature","properties":{"name":"New Community Apolstolic Church","religion":"christian","denomination":"baptist","group":"baptist"},"geometry":{"type":"Point","coordinates":[-81.6331978,41.4812798]}},
{"type":"Feature","properties":{"name":"United Glorious Church of God in Christ in the Apostolic Faith","religion":"christian","denomination":"church_of_god_in_christ","group":"church_of_god_in_christ"},"geometry":{"type":"Point","coordinates":[-81.6217938,41.4858853]}},
{"type":"Feature","properties":{"name":"Universal Hagars Spiritual Church","religion":"christian","denomination":null,"group":"christian"},"geometry":{"type":"Point","coordinates":[-81.649573,41.4864406]}},
{"type":"Feature","properties":{"name":"Zion Methodist Church","religion":"christian","denomination":"methodist","group":"methodist"},"geometry":{"type":"Point","coordinates":[-81.6217934,41.4675522]}},
{"type":"Feature","properties":{"name":"Asbury United Methodist Church","religion":"christian","denomination":"methodist","group":"methodist"},"geometry":{"type":"Point","coordinates":[-82.1076486,41.3514364]}},
{"type":"Feature","properties":{"name":"Bethany Baptist Church","religion":"christian","denomination":"baptist","group":"baptist"},"geometry":{"type":"Point","coordinates":[-82.1093153,41.3508808]}},
{"type":"Feature","properties":{"name":"Church of Christ","religion":"christian","denomination":null,"group":"christian"},"geometry":{"type":"Point","coordinates":[-82.1215383,41.3836567]}},
{"type":"Feature","properties":{"name":"The Church of Jesus Christ of Latter-day Saints","religion":"christian","denomination":"mormon","group":"mormon"},"geometry":{"type":"Point","coordinates":[-82.1252856,41.3820693]}},
{"type":"Feature","properties":{"name":"Elyria Baptist Church","religion":"christian","denomination":"baptist","group":"baptist"},"geometry":{"type":"Point","coordinates":[-82.1001481,41.3639357]}},
{"type":"Feature","properties":{"name":"Emanuel Lutheran Church","religion":"christian","denomination":"lutheran","group":"lutheran"},"geometry":{"type":"Point","coordinates":[-82.092092,41.3644913]}},
{"type":"Feature","properties":{"name":"First Assembly of God Church","religion":"christian","denomination":"pentecostal","group":"pentecostal"},"geometry":{"type":"Point","coordinates":[-82.0768939,41.3895501]}},
{"type":"Feature","properties":{"name":"First Baptist Church","religion":"christian","denomination":"baptist","group":"baptist"},"geometry":{"type":"Point","coordinates":[-82.1070929,41.3711575]}},
{"type":"Feature","properties":{"name":"First Congregational Church","religion":"christian","denomination":null,"group":"christian"},"geometry":{"type":"Point","coordinates":[-82.1081414,41.3662585]}},
{"type":"Feature","properties":{"name":"venue church","religion":"christian","denomination":"presbyterian","group":"presbyterian"},"geometry":{"type":"Point","coordinates":[-82.1036631,41.3662843]}},
{"type":"Feature","properties":{"name":"Glorious Apostolic Church","religion":"christian","denomination":null,"group":"christian"},"geometry":{"type":"Point","coordinates":[-82.1270338,41.3788553]}},
{"type":"Feature","properties":{"name":"Grace Brethren Church","religion":"christian","denomination":null,"group":"christian"},"geometry":{"type":"Point","coordinates":[-82.0832026,41.3925454]}},
{"type":"Feature","properties":{"name":"Greater Christ Temple","religion":"christian","denomination":null,"group":"christian"},"geometry":{"type":"Point","coordinates":[-82.1087598,41.3503253]}},
{"type":"Feature","properties":{"name":"Holy Cross Polish Roman Catholic Church","religion":"christian","denomination":"catholic","group":"catholic"},"geometry":{"type":"Point","coordinates":[-82.1112599,41.3533806]}},
{"type":"Feature","properties":{"name":"Jones Chapel African Methodist Episcopal Church","religion":"christian","denomination":"methodist","group":"methodist"},"geometry":{"type":"Point","coordinates":[-82.1093153,41.3514364]}},
{"type":"Feature","properties":{"name":"Kingdom Hall of Jehovahs Witnesses","religion":"christian","denomination":"jehovahs_witness","group":"jehovahs_witness"},"geometry":{"type":"Point","coordinates":[-82.0876473,41.3669912]}},
{"type":"Feature","properties":{"name":"Magyar United Church of Christ","religion":"christian","denomination":null,"group":"christian"},"geometry":{"type":"Point","coordinates":[-82.116538,41.3642134]}},
{"type":"Feature","properties":{"name":"Original Church of God","religion":"christian","denomination":null,"group":"christian"},"geometry":{"type":"Point","coordinates":[-82.116538,41.3661577]}},
{"type":"Feature","properties":{"name":"Pilgrim United Church of Christ","religion":"christian","denomination":null,"group":"christian"},"geometry":{"type":"Point","coordinates":[-82.0876473,41.3664357]}},
{"type":"Feature","properties":{"name":"Sacred Heart Roman Catholic Church","religion":"christian","denomination":"catholic","group":"catholic"},"geometry":{"type":"Point","coordinates":[-82.1170936,41.361158]}},
{"type":"Feature","properties":{"name":"Saint Agnes Roman Catholic Church","religion":"christian","denomination":"catholic","group":"catholic"},"geometry":{"type":"Point","coordinates":[-82.1201493,41.3769904]}},
{"type":"Feature","properties":{"name":"Saint Judes Roman Catholic Church","religion":"christian","denomination":"catholic","group":"catholic"},"geometry":{"type":"Point","coordinates":[-82.0851472,41.3819904]}},
{"type":"Feature","properties":{"name":"Temple B'nai Abraham","religion":"jewish","denomination":null,"group":"jewish"},"geometry":{"type":"Point","coordinates":[-82.0948804,41.3806129]}},
{"type":"Feature","properties":{"name":"Washington Avenue Christian Church","religion":"christian","denomination":null,"group":"christian"},"geometry":{"type":"Point","coordinates":[-82.1057039,41.3717131]}},
{"type":"Feature","properties":{"name":"Avon Baptist Church","religion":"christian","denomination":"baptist","group":"baptist"},"geometry":{"type":"Point","coordinates":[-81.6090147,41.4511637]}},
{"type":"Feature","properties":{"name":"Beulah Baptist Church","religion":"christian","denomination":"baptist","group":"baptist"},"geometry":{"type":"Point","coordinates":[-81.5774657,41.5595876]}},
{"type":"Feature","properties":{"name":"Christian Tabernacle Church","religion":"christian","denomination":null,"group":"christian"},"geometry":{"type":"Point","coordinates":[-81.6106816,41.4633857]}},
{"type":"Feature","properties":{"name":"Community Friends Church","religion":"christian","denomination":null,"group":"christian"},"geometry":{"type":"Point","coordinates":[-81.6287376,41.4367192]}},
{"type":"Feature","properties":{"name":"First Church of the Nazarene","religion":"christian","denomination":null,"group":"christian"},"geometry":{"type":"Point","coordinates":[-81.5867917,41.5361619]}},
{"type":"Feature","properties":{"name":"Forestdale Presbyterian Church","religion":"christian","denomination":"presbyterian","group":"presbyterian"},"geometry":{"type":"Point","coordinates":[-81.6581837,41.4483854]}},
{"type":"Feature","properties":{"name":"Grace Episcopal Church","religion":"christian","denomination":null,"group":"christian"},"geometry":{"type":"Point","coordinates":[-81.6237376,41.4486635]}},
{"type":"Feature","properties":{"name":"Greater Bethel African Methodist Episcopal Church","religion":"christian","denomination":"methodist","group":"methodist"},"geometry":{"type":"Point","coordinates":[-81.5781795,41.5658831]}},
{"type":"Feature","properties":{"name":"Hayden Avenue Baptist Church","religion":"christian","denomination":"baptist","group":"baptist"},"geometry":{"type":"Point","coordinates":[-81.5882478,41.5313134]}},
{"type":"Feature","properties":{"name":"Jones Road Congregational Church","religion":"christian","denomination":null,"group":"christian"},"geometry":{"type":"Point","coordinates":[-81.6315158,41.4503301]}},
{"type":"Feature","properties":{"name":"Kingdom Hall of Jehovahs Witnesses","religion":"christian","denomination":"jehovahs_witness","group":"jehovahs_witness"},"geometry":{"type":"Point","coordinates":[-81.6240369,41.4468964]}},
{"type":"Feature","properties":{"name":"Miles Park Presbyterian Church","religion":"christian","denomination":"presbyterian","group":"presbyterian"},"geometry":{"type":"Point","coordinates":[-81.6227684,41.4462936]}},
{"type":"Feature","properties":{"name":"New Life Restoration Church","religion":"christian","denomination":null,"group":"christian"},"geometry":{"type":"Point","coordinates":[-81.6038375,41.4473577]}},
{"type":"Feature","properties":{"name":"Saint James Lutheran Church","religion":"christian","denomination":"lutheran","group":"lutheran"},"geometry":{"type":"Point","coordinates":[-81.5867916,41.5394951]}},
{"type":"Feature","properties":{"name":null,"religion":"christian","denomination":null,"group":"christian"},"geometry":{"type":"Point","coordinates":[-81.6154042,41.4631079]}},
{"type":"Feature","properties":{"name":"Burning Bush Baptist Church","religion":"christian","denomination":null,"group":"christian"},"geometry":{"type":"Point","coordinates":[-81.576477,41.5561649]}},
{"type":"Feature","properties":{"name":"Second Mount Olive Baptist Church","religion":"christian","denomination":"baptist","group":"baptist"},"geometry":{"type":"Point","coordinates":[-81.6001257,41.5367174]}},
{"type":"Feature","properties":{"name":"Shaw Avenue Baptist Church","religion":"christian","denomination":"baptist","group":"baptist"},"geometry":{"type":"Point","coordinates":[-81.5923475,41.5403284]}},
{"type":"Feature","properties":{"name":"The Word of God Church","religion":"christian","denomination":null,"group":"christian"},"geometry":{"type":"Point","coordinates":[-81.5870695,41.5333842]}},
{"type":"Feature","properties":{"name":"Trinity Evangelical United Brethren Church","religion":"christian","denomination":null,"group":"christian"},"geometry":{"type":"Point","coordinates":[-81.5865138,41.5431062]}},
{"type":"Feature","properties":{"name":"Twentysecond United Presbyterian Church","religion":"christian","denomination":"presbyterian","group":"presbyterian"},"geometry":{"type":"Point","coordinates":[-81.6090145,41.4453304]}},
{"type":"Feature","properties":{"name":"United Missionary Baptist Church","religion":"christian","denomination":"baptist","group":"baptist"},"geometry":{"type":"Point","coordinates":[-81.6208028,41.4633796]}},
{"type":"Feature","properties":{"name":"First Church of the Brethren","religion":"christian","denomination":null,"group":"christian"},"geometry":{"type":"Point","coordinates":[-81.5725541,41.5126419]}},
{"type":"Feature","properties":{"name":"Lily Baptist Church","religion":"christian","denomination":"baptist","group":"baptist"},"geometry":{"type":"Point","coordinates":[-81.611391,41.4989498]}},
{"type":"Feature","properties":{"name":"Mount Lebanon Baptist Church","religion":"christian","denomination":"baptist","group":"baptist"},"geometry":{"type":"Point","coordinates":[-81.6109602,41.4975519]}},
{"type":"Feature","properties":{"name":"Saint Albans Episcopal Church","religion":"christian","denomination":null,"group":"christian"},"geometry":{"type":"Point","coordinates":[-81.5891481,41.5060618]}},
{"type":"Feature","properties":{"name":"Shaker Square Hungarian Baptist Church","religion":"christian","denomination":"baptist","group":"baptist"},"geometry":{"type":"Point","coordinates":[-81.59207,41.480608]}},
{"type":"Feature","properties":{"name":"Pentecostal True Holiness Church of God","religion":"christian","denomination":"pentecostal","group":"pentecostal"},"geometry":{"type":"Point","coordinates":[-81.590958,41.4444972]}},
{"type":"Feature","properties":{"name":"Second Saint Luke Overcoming Church of God","religion":"christian","denomination":null,"group":"christian"},"geometry":{"type":"Point","coordinates":[-81.5838199,41.4509202]}},
{"type":"Feature","properties":{"name":"Sharon Pentecostal Church of God","religion":"christian","denomination":"pentecostal","group":"pentecostal"},"geometry":{"type":"Point","coordinates":[-81.5842912,41.4525528]}},
{"type":"Feature","properties":{"name":"Triumph Church of the New Age","religion":"christian","denomination":null,"group":"christian"},"geometry":{"type":"Point","coordinates":[-81.589569,41.4456084]}},
{"type":"Feature","properties":{"name":"Archwood United Church of Christ","religion":"christian","denomination":null,"group":"christian"},"geometry":{"type":"Point","coordinates":[-81.7029084,41.4528293]}},
{"type":"Feature","properties":{"name":"Ingelasia Emmanuel Church","religion":"christian","denomination":null,"group":"christian"},"geometry":{"type":"Point","coordinates":[-81.713531,41.4623814]}},
{"type":"Feature","properties":{"name":null,"religion":"christian","denomination":null,"group":"christian"},"geometry":{"type":"Point","coordinates":[-81.7140571,41.4568624]}},
{"type":"Feature","properties":{"name":"Brooklyn Memorial United Methodist Church","religion":"christian","denomination":"methodist","group":"methodist"},"geometry":{"type":"Point","coordinates":[-81.7023527,41.4522738]}},
{"type":"Feature","properties":{"name":"Brookside Missionary Baptist Church","religion":"christian","denomination":"baptist","group":"baptist"},"geometry":{"type":"Point","coordinates":[-81.7001304,41.4528294]}},
{"type":"Feature","properties":{"name":"Church of God of Prophecy","religion":"christian","denomination":null,"group":"christian"},"geometry":{"type":"Point","coordinates":[-81.7025673,41.4593132]}},
{"type":"Feature","properties":{"name":"House of Prayer","religion":"unknown","denomination":null,"group":"unknown"},"geometry":{"type":"Point","coordinates":[-81.7040197,41.4611625]}},
{"type":"Feature","properties":{"name":"Saint Barbara Roman Catholic Church","religion":"christian","denomination":"roman_catholic","group":"roman_catholic"},"geometry":{"type":"Point","coordinates":[-81.6912411,41.4511628]}},
{"type":"Feature","properties":{"name":"Austin Village Baptist Church","religion":"christian","denomination":"baptist","group":"baptist"},"geometry":{"type":"Point","coordinates":[-80.8600854,41.2403346]}},
{"type":"Feature","properties":{"name":"Bethel Temple","religion":"unknown","denomination":null,"group":"unknown"},"geometry":{"type":"Point","coordinates":[-80.8586964,41.2286679]}},
{"type":"Feature","properties":{"name":"Berlin Heights Baptist Church","religion":"christian","denomination":"baptist","group":"baptist"},"geometry":{"type":"Point","coordinates":[-82.4860036,41.32505]}},
{"type":"Feature","properties":{"name":"Denison Avenue United Church of Christ","religion":"christian","denomination":null,"group":"christian"},"geometry":{"type":"Point","coordinates":[-81.7526333,41.4664397]}},
{"type":"Feature","properties":{"name":null,"religion":"christian","denomination":"pentecostal","group":"pentecostal"},"geometry":{"type":"Point","coordinates":[-81.7590224,41.464495]}},
{"type":"Feature","properties":{"name":null,"religion":"christian","denomination":null,"group":"christian"},"geometry":{"type":"Point","coordinates":[-81.7657554,41.4830604]}},
{"type":"Feature","properties":{"name":"Pentecostal Immanuel Church","religion":"christian","denomination":"pentecostal","group":"pentecostal"},"geometry":{"type":"Point","coordinates":[-81.746522,41.4708841]}},
{"type":"Feature","properties":{"name":"Iglesia De Dios Pentecostal M.I.","religion":"christian","denomination":null,"group":"christian"},"geometry":{"type":"Point","coordinates":[-81.7437441,41.4736619]}},
{"type":"Feature","properties":{"name":"West Side Church of the Nazarene","religion":"christian","denomination":null,"group":"christian"},"geometry":{"type":"Point","coordinates":[-81.7454108,41.4708841]}},
{"type":"Feature","properties":{"name":"Calvin United Presbyterian Church","religion":"christian","denomination":"presbyterian","group":"presbyterian"},"geometry":{"type":"Point","coordinates":[-81.7766669,41.4754302]}},
{"type":"Feature","properties":{"name":"Church of Christ","religion":"christian","denomination":null,"group":"christian"},"geometry":{"type":"Point","coordinates":[-82.2146017,41.1756088]}},
{"type":"Feature","properties":{"name":"Church of the Nazarene","religion":"christian","denomination":null,"group":"christian"},"geometry":{"type":"Point","coordinates":[-82.2110444,41.1698057]}},
{"type":"Feature","properties":{"name":"First Baptist Church","religion":"christian","denomination":"baptist","group":"baptist"},"geometry":{"type":"Point","coordinates":[-82.2098792,41.1672755]}},
{"type":"Feature","properties":{"name":"First Congregational Church","religion":"christian","denomination":null,"group":"christian"},"geometry":{"type":"Point","coordinates":[-82.2179006,41.1665354]}},
{"type":"Feature","properties":{"name":"New Life Assembly of God Church","religion":"christian","denomination":"pentecostal","group":"pentecostal"},"geometry":{"type":"Point","coordinates":[-82.2248803,41.1692199]}},
{"type":"Feature","properties":{"name":"Our Lady of Victory Church","religion":"christian","denomination":null,"group":"christian"},"geometry":{"type":"Point","coordinates":[-81.4412234,41.1047784]}},
{"type":"Feature","properties":{"name":"Saint Mark Lutheran Church","religion":"christian","denomination":"lutheran","group":"lutheran"},"geometry":{"type":"Point","coordinates":[-81.4401122,41.1064451]}},
{"type":"Feature","properties":{"name":"Church of Christ","religion":"christian","denomination":null,"group":"christian"},"geometry":{"type":"Point","coordinates":[-81.0167592,40.9261696]}},
{"type":"Feature","properties":{"name":"Saint Anns Church","religion":"christian","denomination":null,"group":"christian"},"geometry":{"type":"Point","coordinates":[-81.0187038,40.9170029]}},
{"type":"Feature","properties":{"name":"Sebring Presbyterian Church","religion":"christian","denomination":"presbyterian","group":"presbyterian"},"geometry":{"type":"Point","coordinates":[-81.021204,40.9256141]}},
{"type":"Feature","properties":{"name":"Sebring United Methodist Church","religion":"christian","denomination":"methodist","group":"methodist"},"geometry":{"type":"Point","coordinates":[-81.0192594,40.9256141]}},
{"type":"Feature","properties":{"name":"Seville Presbyterian Church","religion":"christian","denomination":"presbyterian","group":"presbyterian"},"geometry":{"type":"Point","coordinates":[-81.86236,41.0136661]}},
{"type":"Feature","properties":{"name":"Seville United Methodist Church","religion":"christian","denomination":"methodist","group":"methodist"},"geometry":{"type":"Point","coordinates":[-81.8670825,41.0103329]}},
{"type":"Feature","properties":{"name":"First Baptist Church","religion":"christian","denomination":"baptist","group":"baptist"},"geometry":{"type":"Point","coordinates":[-82.3976664,41.0797764]}},
{"type":"Feature","properties":{"name":"Second Baptist Church","religion":"christian","denomination":"baptist","group":"baptist"},"geometry":{"type":"Point","coordinates":[-82.3918328,41.086443]}},
{"type":"Feature","properties":{"name":"Faith Lutheran Church","religion":"christian","denomination":"lutheran","group":"lutheran"},"geometry":{"type":"Point","coordinates":[-81.8120801,41.4756041]}},
{"type":"Feature","properties":{"name":"Holy Cross Lutheran Church","religion":"christian","denomination":"lutheran","group":"lutheran"},"geometry":{"type":"Point","coordinates":[-81.8206911,41.4392158]}},
{"type":"Feature","properties":{"name":"Community of Christ","religion":"christian","denomination":"mormon","group":"mormon"},"geometry":{"type":"Point","coordinates":[-81.8115245,41.4714375]}},
{"type":"Feature","properties":{"name":"Saint Marys Romanian Orthodox Church","religion":"christian","denomination":null,"group":"christian"},"geometry":{"type":"Point","coordinates":[-81.8001351,41.4647713]}},
{"type":"Feature","properties":{"name":"Sixth Church of Christ Scientist","religion":"christian","denomination":null,"group":"christian"},"geometry":{"type":"Point","coordinates":[-81.8173577,41.4469934]}},
{"type":"Feature","properties":{"name":"West Park Congregational Church","religion":"christian","denomination":null,"group":"christian"},"geometry":{"type":"Point","coordinates":[-81.8168021,41.4483823]}},
{"type":"Feature","properties":{"name":"West Park Friends Church","religion":"christian","denomination":null,"group":"christian"},"geometry":{"type":"Point","coordinates":[-81.7907926,41.4505185]}},
{"type":"Feature","properties":{"name":"La Sagrada Familia Catholic Church","religion":"christian","denomination":"roman_catholic","group":"roman_catholic"},"geometry":{"type":"Point","coordinates":[-81.7381883,41.481682]}},
{"type":"Feature","properties":{"name":"Church of Christ","religion":"christian","denomination":null,"group":"christian"},"geometry":{"type":"Point","coordinates":[-81.8526361,41.3803277]}},
{"type":"Feature","properties":{"name":"Saint Pauls Lutheran Church","religion":"christian","denomination":"lutheran","group":"lutheran"},"geometry":{"type":"Point","coordinates":[-81.8431911,41.3717171]}},
{"type":"Feature","properties":{"name":"Beachland Presbyterian Church","religion":"christian","denomination":"presbyterian","group":"presbyterian"},"geometry":{"type":"Point","coordinates":[-81.5526221,41.5917158]}},
{"type":"Feature","properties":{"name":"The Overflow Church","religion":"christian","denomination":"pentecostal","group":"pentecostal"},"geometry":{"type":"Point","coordinates":[-81.569657,41.5614498]}},
{"type":"Feature","properties":{"name":"Grace United Church of Christ","religion":"christian","denomination":null,"group":"christian"},"geometry":{"type":"Point","coordinates":[-81.5767905,41.5686608]}},
{"type":"Feature","properties":{"name":"Memorial Spiritualist Church","religion":"christian","denomination":null,"group":"christian"},"geometry":{"type":"Point","coordinates":[-81.5453996,41.5883826]}},
{"type":"Feature","properties":{"name":"Christian Fellowship Ministries Center","religion":"christian","denomination":null,"group":"christian"},"geometry":{"type":"Point","coordinates":[-81.5795683,41.5733828]}},
{"type":"Feature","properties":{"name":"Spiritual Science Church","religion":"christian","denomination":null,"group":"christian"},"geometry":{"type":"Point","coordinates":[-81.5773637,41.5686868]}},
{"type":"Feature","properties":{"name":"Nelson United Methodist Church","religion":"christian","denomination":"methodist","group":"methodist"},"geometry":{"type":"Point","coordinates":[-81.0517307,41.3105449]}},
{"type":"Feature","properties":{"name":"United Church of Garrettsville","religion":"christian","denomination":null,"group":"christian"},"geometry":{"type":"Point","coordinates":[-81.0962078,41.2856113]}},
{"type":"Feature","properties":{"name":"Saint Brendans Church","religion":"christian","denomination":null,"group":"christian"},"geometry":{"type":"Point","coordinates":[-81.8831882,41.4273023]}},
{"type":"Feature","properties":{"name":"Saint John Neumann Church","religion":"christian","denomination":"roman_catholic","group":"roman_catholic"},"geometry":{"type":"Point","coordinates":[-81.8337022,41.2985788]}},
{"type":"Feature","properties":{"name":"Bedford Heights Evangelical Church","religion":"christian","denomination":null,"group":"christian"},"geometry":{"type":"Point","coordinates":[-81.5173422,41.4147762]}},
{"type":"Feature","properties":{"name":"Byzantine Monastery of Saint Clare","religion":"christian","denomination":null,"group":"christian"},"geometry":{"type":"Point","coordinates":[-81.7326295,41.2867203]}},
{"type":"Feature","properties":{"name":"Holy Trinity Church","religion":"christian","denomination":null,"group":"christian"},"geometry":{"type":"Point","coordinates":[-81.5026189,41.4036654]}},
{"type":"Feature","properties":{"name":"Saint Anselm Church","religion":"christian","denomination":null,"group":"christian"},"geometry":{"type":"Point","coordinates":[-81.3376055,41.5149574]}},
{"type":"Feature","properties":{"name":"Trinity United Methodist Church","religion":"christian","denomination":"methodist","group":"methodist"},"geometry":{"type":"Point","coordinates":[-81.3367761,41.5219957]}},
{"type":"Feature","properties":{"name":"First Congregational Church","religion":"christian","denomination":null,"group":"christian"},"geometry":{"type":"Point","coordinates":[-82.0107018,41.0336667]}},
{"type":"Feature","properties":{"name":"Lodi United Methodist Church","religion":"christian","denomination":"methodist","group":"methodist"},"geometry":{"type":"Point","coordinates":[-82.0095906,41.0356112]}},
{"type":"Feature","properties":{"name":"Apostolic Christian Church","religion":"christian","denomination":null,"group":"christian"},"geometry":{"type":"Point","coordinates":[-81.7719,41.4629331]}},
{"type":"Feature","properties":{"name":"Church of God","religion":"christian","denomination":null,"group":"christian"},"geometry":{"type":"Point","coordinates":[-81.7740228,41.4539391]}},
{"type":"Feature","properties":{"name":null,"religion":"christian","denomination":null,"group":"christian"},"geometry":{"type":"Point","coordinates":[-81.7796613,41.4314414]}},
{"type":"Feature","properties":{"name":"Southwest Sharon Church","religion":"christian","denomination":null,"group":"christian"},"geometry":{"type":"Point","coordinates":[-81.7656871,41.0814432]}},
{"type":"Feature","properties":{"name":"Refuge Community Church","religion":"christian","denomination":"baptist","group":"baptist"},"geometry":{"type":"Point","coordinates":[-81.6969725,41.4331295]}},
{"type":"Feature","properties":{"name":"Brooklyn Heights United Church of Christ","religion":"christian","denomination":null,"group":"christian"},"geometry":{"type":"Point","coordinates":[-81.6964041,41.428861]}},
{"type":"Feature","properties":{"name":"Brooklyn Missionary Church","religion":"christian","denomination":null,"group":"christian"},"geometry":{"type":"Point","coordinates":[-81.7117973,41.4314407]}},
{"type":"Feature","properties":{"name":"Chapel Hill Assembly of God Church","religion":"christian","denomination":"pentecostal","group":"pentecostal"},"geometry":{"type":"Point","coordinates":[-81.7134723,41.4291877]}},
{"type":"Feature","properties":{"name":"Lift Him Up Apostolic Faith Church","religion":"christian","denomination":null,"group":"christian"},"geometry":{"type":"Point","coordinates":[-81.6966372,41.4308226]}},
{"type":"Feature","properties":{"name":"Evangel Assembly of God Church","religion":"christian","denomination":"pentecostal","group":"pentecostal"},"geometry":{"type":"Point","coordinates":[-81.7094478,41.4236111]}},
{"type":"Feature","properties":{"name":"First Southern Baptist Church","religion":"christian","denomination":"baptist","group":"baptist"},"geometry":{"type":"Point","coordinates":[-81.7123529,41.4292185]}},
{"type":"Feature","properties":{"name":"Pearl Road Church of God","religion":"christian","denomination":null,"group":"christian"},"geometry":{"type":"Point","coordinates":[-81.7195754,41.4256074]}},
{"type":"Feature","properties":{"name":"Saint James Lutheran Church","religion":"christian","denomination":"lutheran","group":"lutheran"},"geometry":{"type":"Point","coordinates":[-81.6965469,41.4267661]}},
{"type":"Feature","properties":{"name":"Gateway Church Old Brooklyn","religion":"christian","denomination":null,"group":"christian"},"geometry":{"type":"Point","coordinates":[-81.7131863,41.4319961]}},
{"type":"Feature","properties":{"name":"Randolph Christian Church","religion":"christian","denomination":null,"group":"christian"},"geometry":{"type":"Point","coordinates":[-81.248437,41.0353353]}},
{"type":"Feature","properties":{"name":"Gideon Church","religion":"christian","denomination":null,"group":"christian"},"geometry":{"type":"Point","coordinates":[-81.2928865,40.8542251]}},
{"type":"Feature","properties":{"name":"Ambassadors For Christ","religion":"christian","denomination":null,"group":"christian"},"geometry":{"type":"Point","coordinates":[-81.5025,41.615]}},
{"type":"Feature","properties":{"name":"Euclid Lutheran Church","religion":"christian","denomination":"lutheran","group":"lutheran"},"geometry":{"type":"Point","coordinates":[-81.5027065,41.6148205]}},
{"type":"Feature","properties":{"name":"New Freedom Ministries","religion":"christian","denomination":null,"group":"christian"},"geometry":{"type":"Point","coordinates":[-81.5022222,41.6063889]}},
{"type":"Feature","properties":{"name":"New Wave Church of God in Christ","religion":"christian","denomination":null,"group":"christian"},"geometry":{"type":"Point","coordinates":[-81.4897222,41.6252778]}},
{"type":"Feature","properties":{"name":"Community Christian Church","religion":"christian","denomination":null,"group":"christian"},"geometry":{"type":"Point","coordinates":[-81.1919444,41.7505556]}},
{"type":"Feature","properties":{"name":"Granger United Methodist Church","religion":"christian","denomination":"methodist","group":"methodist"},"geometry":{"type":"Point","coordinates":[-81.7311111,41.1561111]}},
{"type":"Feature","properties":{"name":"Remsen Christian Church","religion":"christian","denomination":null,"group":"christian"},"geometry":{"type":"Point","coordinates":[-81.74,41.1883333]}},
{"type":"Feature","properties":{"name":"Young's Corners Fellowship Church","religion":"christian","denomination":null,"group":"christian"},"geometry":{"type":"Point","coordinates":[-81.7358333,41.1383333]}},
{"type":"Feature","properties":{"name":"Bath United Church of Christ","religion":"christian","denomination":null,"group":"christian"},"geometry":{"type":"Point","coordinates":[-81.6413889,41.1683333]}},
{"type":"Feature","properties":{"name":"Northampton Baptist Church","religion":"christian","denomination":"baptist","group":"baptist"},"geometry":{"type":"Point","coordinates":[-81.5205556,41.1813889]}},
{"type":"Feature","properties":{"name":"Northampton United Methodist Church","religion":"christian","denomination":"methodist","group":"methodist"},"geometry":{"type":"Point","coordinates":[-81.5358333,41.1661111]}},
{"type":"Feature","properties":{"name":"Northminster Presbyterian Church","religion":"christian","denomination":"presbyterian","group":"presbyterian"},"geometry":{"type":"Point","coordinates":[-81.5111111,41.1458333]}},
{"type":"Feature","properties":{"name":"Steeles Corners Christian Church","religion":"christian","denomination":null,"group":"christian"},"geometry":{"type":"Point","coordinates":[-81.5088865,41.1803721]}},
{"type":"Feature","properties":{"name":"Lake Shore Christian Church","religion":"christian","denomination":null,"group":"christian"},"geometry":{"type":"Point","coordinates":[-81.4897222,41.6258333]}},
{"type":"Feature","properties":{"name":"Mentor Christian Church","religion":"christian","denomination":null,"group":"christian"},"geometry":{"type":"Point","coordinates":[-81.3269444,41.6727778]}},
{"type":"Feature","properties":{"name":"Central Assembly Church","religion":"christian","denomination":null,"group":"christian"},"geometry":{"type":"Point","coordinates":[-81.3175,41.6813889]}},
{"type":"Feature","properties":{"name":"Emmaus Bible Fellowship Church","religion":"christian","denomination":null,"group":"christian"},"geometry":{"type":"Point","coordinates":[-81.3325,41.6808333]}},
{"type":"Feature","properties":{"name":"Advent Lutheran Church","religion":"christian","denomination":"lutheran","group":"lutheran"},"geometry":{"type":"Point","coordinates":[-81.3542332,41.7057093]}},
{"type":"Feature","properties":{"name":"Congregation Shaarey Tikvah","religion":"unknown","denomination":null,"group":"unknown"},"geometry":{"type":"Point","coordinates":[-81.4875491,41.490351]}},
{"type":"Feature","properties":{"name":"Suburban Temple","religion":"jewish","denomination":null,"group":"jewish"},"geometry":{"type":"Point","coordinates":[-81.5216709,41.4655136]}},
{"type":"Feature","properties":{"name":"Trinity Presbyterian Church","religion":"christian","denomination":"presbyterian","group":"presbyterian"},"geometry":{"type":"Point","coordinates":[-81.5236111,41.4655556]}},
{"type":"Feature","properties":{"name":"Fellowship United Church of Christ","religion":"christian","denomination":null,"group":"christian"},"geometry":{"type":"Point","coordinates":[-81.459367,41.60599]}},
{"type":"Feature","properties":{"name":"Church of Christ","religion":"christian","denomination":null,"group":"christian"},"geometry":{"type":"Point","coordinates":[-81.0352778,41.2477778]}},
{"type":"Feature","properties":{"name":"Church of the Nazarene","religion":"christian","denomination":null,"group":"christian"},"geometry":{"type":"Point","coordinates":[-81.0394444,41.2347222]}},
{"type":"Feature","properties":{"name":"Congregational Church of Christ","religion":"christian","denomination":null,"group":"christian"},"geometry":{"type":"Point","coordinates":[-81.0494444,41.2380556]}},
{"type":"Feature","properties":{"name":"First Baptist Church","religion":"christian","denomination":"baptist","group":"baptist"},"geometry":{"type":"Point","coordinates":[-81.0127778,41.2344444]}},
{"type":"Feature","properties":{"name":"First Church of God","religion":"christian","denomination":null,"group":"christian"},"geometry":{"type":"Point","coordinates":[-81.0483333,41.2377778]}},
{"type":"Feature","properties":{"name":"Saint Barnabas Church","religion":"christian","denomination":"catholic","group":"catholic"},"geometry":{"type":"Point","coordinates":[-81.5377806,41.3112832]}},
{"type":"Feature","properties":{"name":"Grace Church of North Olmsted","religion":"christian","denomination":"reformed","group":"reformed"},"geometry":{"type":"Point","coordinates":[-81.9244393,41.4193378]}},
{"type":"Feature","properties":{"name":"North Olmsted United Methodist Church","religion":"christian","denomination":"methodist","group":"methodist"},"geometry":{"type":"Point","coordinates":[-81.924044,41.4225463]}},
{"type":"Feature","properties":{"name":"Soilid Rock Fellowship","religion":"christian","denomination":"pentecostal","group":"pentecostal"},"geometry":{"type":"Point","coordinates":[-81.3391864,40.9365937]}},
{"type":"Feature","properties":{"name":"Gesu Church","religion":"christian","denomination":"roman_catholic","group":"roman_catholic"},"geometry":{"type":"Point","coordinates":[-81.532523,41.4916552]}},
{"type":"Feature","properties":{"name":null,"religion":"unknown","denomination":null,"group":"unknown"},"geometry":{"type":"Point","coordinates":[-82.2203579,41.2938396]}},
{"type":"Feature","properties":{"name":null,"religion":"unknown","denomination":null,"group":"unknown"},"geometry":{"type":"Point","coordinates":[-82.2208357,41.2937283]}},
{"type":"Feature","properties":{"name":"Congregation Mishkan Or","religion":"jewish","denomination":null,"group":"jewish"},"geometry":{"type":"Point","coordinates":[-81.4952621,41.4769581]}},
{"type":"Feature","properties":{"name":"Young Israel of Greater Cleveland","religion":"jewish","denomination":null,"group":"jewish"},"geometry":{"type":"Point","coordinates":[-81.5161795,41.4928704]}},
{"type":"Feature","properties":{"name":"Murphy Chapel","religion":"unknown","denomination":null,"group":"unknown"},"geometry":{"type":"Point","coordinates":[-81.5305083,41.4925526]}},
{"type":"Feature","properties":{"name":"Saint Luke's Ministries","religion":"christian","denomination":"anglican","group":"anglican"},"geometry":{"type":"Point","coordinates":[-81.6499904,41.1111584]}},
{"type":"Feature","properties":{"name":"Hartville Conservative Mennonite Church","religion":"christian","denomination":"mennonite","group":"mennonite"},"geometry":{"type":"Point","coordinates":[-81.3612888,40.9396204]}},
{"type":"Feature","properties":{"name":"First Church of God","religion":"christian","denomination":"pentecostal","group":"pentecostal"},"geometry":{"type":"Point","coordinates":[-80.9818233,41.1892039]}},
{"type":"Feature","properties":{"name":"Vesper Lake Bible Fellowship","religion":"christian","denomination":null,"group":"christian"},"geometry":{"type":"Point","coordinates":[-81.6187654,41.1423258]}},
{"type":"Feature","properties":{"name":"Broadway Christian Church","religion":"christian","denomination":"disciples_of_christ","group":"disciples_of_christ"},"geometry":{"type":"Point","coordinates":[-81.6481167,41.4653441]}},
{"type":"Feature","properties":{"name":"Parkside Church","religion":"christian","denomination":null,"group":"christian"},"geometry":{"type":"Point","coordinates":[-81.3879782,41.3635993]}},
{"type":"Feature","properties":{"name":null,"religion":"christian","denomination":null,"group":"christian"},"geometry":{"type":"Point","coordinates":[-81.7083403,41.4278121]}},
{"type":"Feature","properties":{"name":null,"religion":"unknown","denomination":null,"group":"unknown"},"geometry":{"type":"Point","coordinates":[-81.615022,41.5059569]}},
{"type":"Feature","properties":{"name":"Masjid Bilal","religion":"muslim","denomination":null,"group":"muslim"},"geometry":{"type":"Point","coordinates":[-81.6367228,41.5043614]}},
{"type":"Feature","properties":{"name":null,"religion":"unknown","denomination":null,"group":"unknown"},"geometry":{"type":"Point","coordinates":[-81.9422838,40.8416181]}},
{"type":"Feature","properties":{"name":"Kent Student Center Meditation & Prayer Room","religion":"unknown","denomination":null,"group":"unknown"},"geometry":{"type":"Point","coordinates":[-81.3424236,41.1475144]}},
{"type":"Feature","properties":{"name":"First Beulah Baptist Church","religion":"christian","denomination":"baptist","group":"baptist"},"geometry":{"type":"Point","coordinates":[-81.6500529,41.4877706]}},
{"type":"Feature","properties":{"name":null,"religion":"unknown","denomination":null,"group":"unknown"},"geometry":{"type":"Point","coordinates":[-81.5948627,41.4695281]}},
{"type":"Feature","properties":{"name":"St. John Cantius Catholic Church","religion":"christian","denomination":"roman_catholic","group":"roman_catholic"},"geometry":{"type":"Point","coordinates":[-81.6860309,41.4805638]}},
{"type":"Feature","properties":{"name":"New Hope Church","religion":"christian","denomination":"reformed","group":"reformed"},"geometry":{"type":"Point","coordinates":[-81.8745297,41.437761]}},
{"type":"Feature","properties":{"name":null,"religion":"christian","denomination":"baptist","group":"baptist"},"geometry":{"type":"Point","coordinates":[-81.4440951,41.551727]}},
{"type":"Feature","properties":{"name":null,"religion":"christian","denomination":"mormon","group":"mormon"},"geometry":{"type":"Point","coordinates":[-81.4442817,41.5014672]}},
{"type":"Feature","properties":{"name":"The Churches of God and True Holiness","religion":"christian","denomination":null,"group":"christian"},"geometry":{"type":"Point","coordinates":[-81.6350052,41.503554]}},
{"type":"Feature","properties":{"name":"Mount Sinai Baptist Church","religion":"christian","denomination":null,"group":"christian"},"geometry":{"type":"Point","coordinates":[-81.6359347,41.4878249]}},
{"type":"Feature","properties":{"name":null,"religion":"unknown","denomination":null,"group":"unknown"},"geometry":{"type":"Point","coordinates":[-81.6349835,41.4783656]}},
{"type":"Feature","properties":{"name":null,"religion":"christian","denomination":null,"group":"christian"},"geometry":{"type":"Point","coordinates":[-81.5250105,41.0203679]}},
{"type":"Feature","properties":{"name":"The Church In Cleveland","religion":"christian","denomination":null,"group":"christian"},"geometry":{"type":"Point","coordinates":[-81.7993496,41.4662714]}},
{"type":"Feature","properties":{"name":null,"religion":"unknown","denomination":null,"group":"unknown"},"geometry":{"type":"Point","coordinates":[-81.7971625,41.4680403]}},
{"type":"Feature","properties":{"name":"Christ Church","religion":"christian","denomination":null,"group":"christian"},"geometry":{"type":"Point","coordinates":[-81.8783822,41.3143761]}},
{"type":"Feature","properties":{"name":"Living Waters Church","religion":"unknown","denomination":null,"group":"unknown"},"geometry":{"type":"Point","coordinates":[-81.2085731,41.5805463]}},
{"type":"Feature","properties":{"name":"Grace Church","religion":"christian","denomination":null,"group":"christian"},"geometry":{"type":"Point","coordinates":[-81.9487814,40.8569557]}},
{"type":"Feature","properties":{"name":"Hiram Rapids Church","religion":"christian","denomination":null,"group":"christian"},"geometry":{"type":"Point","coordinates":[-81.1625781,41.3394693]}},
{"type":"Feature","properties":{"name":"Calvary Apostolic Church","religion":"christian","denomination":"pentecostal","group":"pentecostal"},"geometry":{"type":"Point","coordinates":[-81.5463842,41.0249785]}},
{"type":"Feature","properties":{"name":null,"religion":"unknown","denomination":null,"group":"unknown"},"geometry":{"type":"Point","coordinates":[-81.5556525,41.510667]}},
{"type":"Feature","properties":{"name":null,"religion":"unknown","denomination":null,"group":"unknown"},"geometry":{"type":"Point","coordinates":[-81.0969862,41.2831011]}},
{"type":"Feature","properties":{"name":"Poor Clares Monastery","religion":"christian","denomination":"catholic","group":"catholic"},"geometry":{"type":"Point","coordinates":[-81.8140079,41.4578885]}},
{"type":"Feature","properties":{"name":"Our Lady of Angels","religion":"christian","denomination":"catholic","group":"catholic"},"geometry":{"type":"Point","coordinates":[-81.8170819,41.4541694]}},
{"type":"Feature","properties":{"name":"Divine Word","religion":"christian","denomination":null,"group":"christian"},"geometry":{"type":"Point","coordinates":[-81.3540903,41.6042835]}},
{"type":"Feature","properties":{"name":null,"religion":"christian","denomination":null,"group":"christian"},"geometry":{"type":"Point","coordinates":[-81.6621594,41.4593201]}},
{"type":"Feature","properties":{"name":"Agudath Israel","religion":"jewish","denomination":"orthodox","group":"orthodox"},"geometry":{"type":"Point","coordinates":[-81.5555989,41.5089006]}},
{"type":"Feature","properties":{"name":"Kollel Torah L.I.F.E. Institute","religion":"jewish","denomination":"orthodox","group":"orthodox"},"geometry":{"type":"Point","coordinates":[-81.5556015,41.5089695]}},
{"type":"Feature","properties":{"name":"C. J. C. Ministries","religion":"christian","denomination":null,"group":"christian"},"geometry":{"type":"Point","coordinates":[-81.555595,41.5093682]}},
{"type":"Feature","properties":{"name":null,"religion":"unknown","denomination":null,"group":"unknown"},"geometry":{"type":"Point","coordinates":[-81.5556633,41.5114797]}},
{"type":"Feature","properties":{"name":"Augsburg Lutheran Church","religion":"christian","denomination":null,"group":"christian"},"geometry":{"type":"Point","coordinates":[-81.7653333,40.8413273]}},
{"type":"Feature","properties":{"name":null,"religion":"christian","denomination":null,"group":"christian"},"geometry":{"type":"Point","coordinates":[-81.4523288,41.4100256]}},
{"type":"Feature","properties":{"name":null,"religion":"christian","denomination":null,"group":"christian"},"geometry":{"type":"Point","coordinates":[-81.6866737,41.4797007]}},
{"type":"Feature","properties":{"name":null,"religion":"unknown","denomination":null,"group":"unknown"},"geometry":{"type":"Point","coordinates":[-81.5489264,41.4860278]}},
{"type":"Feature","properties":{"name":null,"religion":"unknown","denomination":null,"group":"unknown"},"geometry":{"type":"Point","coordinates":[-81.5697962,41.5190304]}},
{"type":"Feature","properties":{"name":null,"religion":"unknown","denomination":null,"group":"unknown"},"geometry":{"type":"Point","coordinates":[-81.6886687,41.5027085]}},
{"type":"Feature","properties":{"name":null,"religion":"unknown","denomination":null,"group":"unknown"},"geometry":{"type":"Point","coordinates":[-81.6072269,41.507975]}},
{"type":"Feature","properties":{"name":null,"religion":"unknown","denomination":null,"group":"unknown"},"geometry":{"type":"Point","coordinates":[-81.7109335,41.4345514]}},
{"type":"Feature","properties":{"name":null,"religion":"christian","denomination":null,"group":"christian"},"geometry":{"type":"Point","coordinates":[-81.5956638,41.4633967]}},
{"type":"Feature","properties":{"name":"Iglesia Hispana Pentecostal","religion":"christian","denomination":"pentecostal","group":"pentecostal"},"geometry":{"type":"Point","coordinates":[-81.7149537,41.464998]}},
{"type":"Feature","properties":{"name":null,"religion":"christian","denomination":"baptist","group":"baptist"},"geometry":{"type":"Point","coordinates":[-81.5689163,41.4414639]}},
{"type":"Feature","properties":{"name":null,"religion":"muslim","denomination":null,"group":"muslim"},"geometry":{"type":"Point","coordinates":[-81.5721498,41.5761545]}},
{"type":"Feature","properties":{"name":null,"religion":"unknown","denomination":null,"group":"unknown"},"geometry":{"type":"Point","coordinates":[-81.7254499,41.3374102]}},
{"type":"Feature","properties":{"name":null,"religion":"unknown","denomination":null,"group":"unknown"},"geometry":{"type":"Point","coordinates":[-81.7252208,41.3373684]}},
{"type":"Feature","properties":{"name":null,"religion":"unknown","denomination":null,"group":"unknown"},"geometry":{"type":"Point","coordinates":[-81.725336,41.3373894]}},
{"type":"Feature","properties":{"name":null,"religion":"unknown","denomination":null,"group":"unknown"},"geometry":{"type":"Point","coordinates":[-81.7255009,41.3373115]}},
{"type":"Feature","properties":{"name":"Faith United Church of Christ","religion":"christian","denomination":null,"group":"christian"},"geometry":{"type":"Point","coordinates":[-81.4962541,41.5447297]}},
{"type":"Feature","properties":{"name":"Saint Gregory of Narek","religion":"christian","denomination":"armenian_apostolic","group":"armenian_apostolic"},"geometry":{"type":"Point","coordinates":[-81.4976923,41.542876]}},
{"type":"Feature","properties":{"name":"Monticello Gospel Hall","religion":"christian","denomination":null,"group":"christian"},"geometry":{"type":"Point","coordinates":[-81.4981604,41.5386093]}},
{"type":"Feature","properties":{"name":"Saint John Bosco","religion":"christian","denomination":"roman_catholic","group":"roman_catholic"},"geometry":{"type":"Point","coordinates":[-81.7719127,41.3868336]}},
{"type":"Feature","properties":{"name":null,"religion":"unknown","denomination":null,"group":"unknown"},"geometry":{"type":"Point","coordinates":[-81.6497838,41.485699]}},
{"type":"Feature","properties":{"name":"Saint Sava Serbian Orthodox Church","religion":"christian","denomination":null,"group":"christian"},"geometry":{"type":"Point","coordinates":[-81.6958561,41.3403106]}},
{"type":"Feature","properties":{"name":null,"religion":"christian","denomination":null,"group":"christian"},"geometry":{"type":"Point","coordinates":[-81.6655041,41.5066905]}},
{"type":"Feature","properties":{"name":"Seven Hills United Methodist Church","religion":"christian","denomination":"united_methodist","group":"united_methodist"},"geometry":{"type":"Point","coordinates":[-81.6799063,41.3592879]}},
{"type":"Feature","properties":{"name":"Alliance Church of the Nazarene","religion":"christian","denomination":"christian","group":"christian"},"geometry":{"type":"Point","coordinates":[-81.1019271,40.9085557]}},
{"type":"Feature","properties":{"name":"Millheim Baptist","religion":"unknown","denomination":"baptist","group":"baptist"},"geometry":{"type":"Point","coordinates":[-81.4272534,41.00377]}},
{"type":"Feature","properties":{"name":"Nativity","religion":"unknown","denomination":"catholic","group":"catholic"},"geometry":{"type":"Point","coordinates":[-81.4358721,40.9975003]}},
{"type":"Feature","properties":{"name":"Church","religion":"christian","denomination":null,"group":"christian"},"geometry":{"type":"Point","coordinates":[-81.3789513,41.3454231]}},
{"type":"Feature","properties":{"name":"Columbia United Methodist Church","religion":"christian","denomination":"methodist","group":"methodist"},"geometry":{"type":"Point","coordinates":[-81.9239965,41.3122598]}},
{"type":"Feature","properties":{"name":null,"religion":"christian","denomination":null,"group":"christian"},"geometry":{"type":"Point","coordinates":[-81.4557582,41.3084387]}},
{"type":"Feature","properties":{"name":"Life Church","religion":"christian","denomination":"protestant","group":"protestant"},"geometry":{"type":"Point","coordinates":[-81.0995261,41.270974]}},
{"type":"Feature","properties":{"name":"HIS Ministry","religion":"christian","denomination":null,"group":"christian"},"geometry":{"type":"Point","coordinates":[-81.2827108,41.3092663]}},
{"type":"Feature","properties":{"name":"First Baptist Church","religion":"christian","denomination":"baptist","group":"baptist"},"geometry":{"type":"Point","coordinates":[-81.1151169,41.291069]}},
{"type":"Feature","properties":{"name":"Bethel Baptist Church","religion":"christian","denomination":null,"group":"christian"},"geometry":{"type":"Point","coordinates":[-82.3708639,40.9808596]}},
{"type":"Feature","properties":{"name":"Mt Pleasant Baptist Church","religion":"christian","denomination":"baptist","group":"baptist"},"geometry":{"type":"Point","coordinates":[-81.1016194,40.8389149]}},
{"type":"Feature","properties":{"name":"Grace Baptist Church","religion":"christian","denomination":"baptist","group":"baptist"},"geometry":{"type":"Point","coordinates":[-81.8103887,41.2241087]}},
{"type":"Feature","properties":{"name":"Hope Church","religion":"christian","denomination":"nondenominational","group":"nondenominational"},"geometry":{"type":"Point","coordinates":[-81.8406471,41.2234298]}},
{"type":"Feature","properties":{"name":"St. Stephans Ukrainian Church","religion":"christian","denomination":"russian_orthodox","group":"russian_orthodox"},"geometry":{"type":"Point","coordinates":[-81.8406793,41.224027]}},
{"type":"Feature","properties":{"name":null,"religion":"jewish","denomination":"reform","group":"reform"},"geometry":{"type":"Point","coordinates":[-81.5111786,41.4873712]}},
{"type":"Feature","properties":{"name":null,"religion":"christian","denomination":null,"group":"christian"},"geometry":{"type":"Point","coordinates":[-81.7460048,41.4407252]}},
{"type":"Feature","properties":{"name":"Stow Alliance Fellowship","religion":"christian","denomination":null,"group":"christian"},"geometry":{"type":"Point","coordinates":[-81.426702,41.1831064]}},
{"type":"Feature","properties":{"name":null,"religion":"christian","denomination":null,"group":"christian"},"geometry":{"type":"Point","coordinates":[-81.2250963,41.6749076]}},
{"type":"Feature","properties":{"name":null,"religion":"christian","denomination":null,"group":"christian"},"geometry":{"type":"Point","coordinates":[-81.6174973,41.4708802]}},
{"type":"Feature","properties":{"name":null,"religion":"christian","denomination":null,"group":"christian"},"geometry":{"type":"Point","coordinates":[-81.6244861,41.4712651]}},
{"type":"Feature","properties":{"name":null,"religion":"unknown","denomination":null,"group":"unknown"},"geometry":{"type":"Point","coordinates":[-82.3633729,41.4202469]}},
{"type":"Feature","properties":{"name":null,"religion":"christian","denomination":null,"group":"christian"},"geometry":{"type":"Point","coordinates":[-81.623071,41.5355467]}},
{"type":"Feature","properties":{"name":"Church of Christ","religion":"christian","denomination":null,"group":"christian"},"geometry":{"type":"Point","coordinates":[-81.6264786,41.5340379]}},
{"type":"Feature","properties":{"name":"Saint Matthias","religion":"christian","denomination":"roman_catholic","group":"roman_catholic"},"geometry":{"type":"Point","coordinates":[-81.6870886,41.3517399]}},
{"type":"Feature","properties":{"name":null,"religion":"christian","denomination":null,"group":"christian"},"geometry":{"type":"Point","coordinates":[-81.7359057,41.3532509]}},
{"type":"Feature","properties":{"name":null,"religion":"unknown","denomination":null,"group":"unknown"},"geometry":{"type":"Point","coordinates":[-81.7335688,41.3559057]}},
{"type":"Feature","properties":{"name":null,"religion":"christian","denomination":null,"group":"christian"},"geometry":{"type":"Point","coordinates":[-81.6864637,41.394396]}},
{"type":"Feature","properties":{"name":"Songsten Gampo Buddhist Center","religion":"buddhist","denomination":null,"group":"buddhist"},"geometry":{"type":"Point","coordinates":[-81.7905221,41.4769645]}},
{"type":"Feature","properties":{"name":"Faith United Methodist Church","religion":"christian","denomination":"united_methodist","group":"united_methodist"},"geometry":{"type":"Point","coordinates":[-81.4393457,41.3326375]}},
{"type":"Feature","properties":{"name":"Mt. Olive Missionary Baptist Church","religion":"christian","denomination":"missionary_baptist","group":"missionary_baptist"},"geometry":{"type":"Point","coordinates":[-81.4578992,41.3077235]}},
{"type":"Feature","properties":{"name":null,"religion":"christian","denomination":null,"group":"christian"},"geometry":{"type":"Point","coordinates":[-81.4883919,41.3110504]}},
{"type":"Feature","properties":{"name":null,"religion":"unknown","denomination":null,"group":"unknown"},"geometry":{"type":"Point","coordinates":[-81.6444862,41.4588222]}},
{"type":"Feature","properties":{"name":null,"religion":"christian","denomination":null,"group":"christian"},"geometry":{"type":"Point","coordinates":[-81.6383153,41.4575295]}},
{"type":"Feature","properties":{"name":"Crossroads Community Church","religion":"christian","denomination":null,"group":"christian"},"geometry":{"type":"Point","coordinates":[-81.7298546,41.02623]}},
{"type":"Feature","properties":{"name":null,"religion":"unknown","denomination":null,"group":"unknown"},"geometry":{"type":"Point","coordinates":[-81.704685,41.4423543]}},
{"type":"Feature","properties":{"name":null,"religion":"unknown","denomination":null,"group":"unknown"},"geometry":{"type":"Point","coordinates":[-81.7093491,41.4355353]}},
{"type":"Feature","properties":{"name":null,"religion":"unknown","denomination":null,"group":"unknown"},"geometry":{"type":"Point","coordinates":[-81.7091667,41.4351836]}},
{"type":"Feature","properties":{"name":null,"religion":"unknown","denomination":null,"group":"unknown"},"geometry":{"type":"Point","coordinates":[-81.7094796,41.4354614]}},
{"type":"Feature","properties":{"name":"Brunswick Community Church","religion":"christian","denomination":null,"group":"christian"},"geometry":{"type":"Point","coordinates":[-81.841926,41.2225761]}},
{"type":"Feature","properties":{"name":"St. Demetrius Serbian Orthodox","religion":"christian","denomination":"orthodox","group":"orthodox"},"geometry":{"type":"Point","coordinates":[-81.6250101,41.109183]}},
{"type":"Feature","properties":{"name":"Guardian Angels Catholic Church","religion":"christian","denomination":"roman_catholic","group":"roman_catholic"},"geometry":{"type":"Point","coordinates":[-81.6452536,41.0915395]}},
{"type":"Feature","properties":{"name":null,"religion":"christian","denomination":null,"group":"christian"},"geometry":{"type":"Point","coordinates":[-82.1273503,41.445337]}},
{"type":"Feature","properties":{"name":null,"religion":"christian","denomination":null,"group":"christian"},"geometry":{"type":"Point","coordinates":[-81.7717257,41.4438584]}},
{"type":"Feature","properties":{"name":null,"religion":"christian","denomination":null,"group":"christian"},"geometry":{"type":"Point","coordinates":[-81.6840184,41.3928679]}},
{"type":"Feature","properties":{"name":null,"religion":"christian","denomination":null,"group":"christian"},"geometry":{"type":"Point","coordinates":[-81.604494,41.3676472]}},
{"type":"Feature","properties":{"name":"Jesuit Retreat Center","religion":"unknown","denomination":null,"group":"unknown"},"geometry":{"type":"Point","coordinates":[-81.7071268,41.4092056]}},
{"type":"Feature","properties":{"name":"Bethel Christian Church","religion":"christian","denomination":"assemblies_of_god","group":"assemblies_of_god"},"geometry":{"type":"Point","coordinates":[-81.7797066,41.3629639]}},
{"type":"Feature","properties":{"name":null,"religion":"christian","denomination":null,"group":"christian"},"geometry":{"type":"Point","coordinates":[-81.3606736,40.9177898]}},
{"type":"Feature","properties":{"name":null,"religion":"unknown","denomination":null,"group":"unknown"},"geometry":{"type":"Point","coordinates":[-81.4331416,40.8892233]}},
{"type":"Feature","properties":{"name":null,"religion":"christian","denomination":null,"group":"christian"},"geometry":{"type":"Point","coordinates":[-81.3819454,40.8759448]}},
{"type":"Feature","properties":{"name":null,"religion":"christian","denomination":null,"group":"christian"},"geometry":{"type":"Point","coordinates":[-81.3839661,40.8759725]}},
{"type":"Feature","properties":{"name":"Restoration Church","religion":"christian","denomination":null,"group":"christian"},"geometry":{"type":"Point","coordinates":[-82.2193636,41.3947393]}},
{"type":"Feature","properties":{"name":"Saint John of the Cross Church","religion":"christian","denomination":"catholic","group":"catholic"},"geometry":{"type":"Point","coordinates":[-81.4997209,41.5836746]}},
{"type":"Feature","properties":{"name":"St. Victor Catholic Church","religion":"christian","denomination":null,"group":"christian"},"geometry":{"type":"Point","coordinates":[-81.6175243,41.2035638]}},
{"type":"Feature","properties":{"name":null,"religion":"unknown","denomination":null,"group":"unknown"},"geometry":{"type":"Point","coordinates":[-81.7710119,41.4435007]}},
{"type":"Feature","properties":{"name":"Crossroads Community Church","religion":"christian","denomination":null,"group":"christian"},"geometry":{"type":"Point","coordinates":[-81.6974081,40.9840962]}},
{"type":"Feature","properties":{"name":"Weymouth Community Church","religion":"unknown","denomination":null,"group":"unknown"},"geometry":{"type":"Point","coordinates":[-81.7650883,41.201199]}},
{"type":"Feature","properties":{"name":"Christian Unity Church","religion":"christian","denomination":"nondenominational","group":"nondenominational"},"geometry":{"type":"Point","coordinates":[-82.02901,41.2972841]}},
{"type":"Feature","properties":{"name":"Northside Christan Church","religion":"christian","denomination":"nondenominational","group":"nondenominational"},"geometry":{"type":"Point","coordinates":[-81.7332755,41.0665546]}},
{"type":"Feature","properties":{"name":null,"religion":"christian","denomination":"baptist","group":"baptist"},"geometry":{"type":"Point","coordinates":[-81.647944,41.4783018]}},
{"type":"Feature","properties":{"name":"Grace Church","religion":"unknown","denomination":null,"group":"unknown"},"geometry":{"type":"Point","coordinates":[-82.3354762,40.8687631]}},
{"type":"Feature","properties":{"name":null,"religion":"unknown","denomination":null,"group":"unknown"},"geometry":{"type":"Point","coordinates":[-81.358735,41.1482156]}},
{"type":"Feature","properties":{"name":null,"religion":"unknown","denomination":null,"group":"unknown"},"geometry":{"type":"Point","coordinates":[-81.3585682,41.1482194]}},
{"type":"Feature","properties":{"name":null,"religion":"unknown","denomination":null,"group":"unknown"},"geometry":{"type":"Point","coordinates":[-81.3586876,41.147892]}},
{"type":"Feature","properties":{"name":null,"religion":"christian","denomination":null,"group":"christian"},"geometry":{"type":"Point","coordinates":[-81.6444425,41.0041944]}},
{"type":"Feature","properties":{"name":"Holy Spirit Byzantine Catholic Church","religion":"christian","denomination":null,"group":"christian"},"geometry":{"type":"Point","coordinates":[-81.7236371,41.4122543]}},
{"type":"Feature","properties":{"name":null,"religion":"christian","denomination":null,"group":"christian"},"geometry":{"type":"Point","coordinates":[-81.5540088,41.5532979]}},
{"type":"Feature","properties":{"name":"Everlasting Faith Baptist Church","religion":"christian","denomination":null,"group":"christian"},"geometry":{"type":"Point","coordinates":[-81.5748538,41.4645384]}},
{"type":"Feature","properties":{"name":null,"religion":"christian","denomination":null,"group":"christian"},"geometry":{"type":"Point","coordinates":[-81.3948574,41.051881]}},
{"type":"Feature","properties":{"name":"Community Life church","religion":"christian","denomination":null,"group":"christian"},"geometry":{"type":"Point","coordinates":[-81.3936902,41.0481906]}},
{"type":"Feature","properties":{"name":"Affinity Missionary Baptist Church","religion":"christian","denomination":null,"group":"christian"},"geometry":{"type":"Point","coordinates":[-81.5563739,41.4382613]}},
{"type":"Feature","properties":{"name":"Victorious Church of Christ","religion":"christian","denomination":null,"group":"christian"},"geometry":{"type":"Point","coordinates":[-81.5650441,41.4486866]}},
{"type":"Feature","properties":{"name":"Holy Lamb God Church","religion":"christian","denomination":null,"group":"christian"},"geometry":{"type":"Point","coordinates":[-81.0989499,40.9037197]}},
{"type":"Feature","properties":{"name":"Straight Up Missionary Baptist Church","religion":"christian","denomination":null,"group":"christian"},"geometry":{"type":"Point","coordinates":[-81.6495551,41.5210236]}},
{"type":"Feature","properties":{"name":"Central","religion":"christian","denomination":null,"group":"christian"},"geometry":{"type":"Point","coordinates":[-81.4968744,41.0676618]}},
{"type":"Feature","properties":{"name":"Community Baptist Temple","religion":"unknown","denomination":"baptist","group":"baptist"},"geometry":{"type":"Point","coordinates":[-81.4811915,41.0273721]}},
{"type":"Feature","properties":{"name":"Remember North Hill","religion":"christian","denomination":"united_methodist","group":"united_methodist"},"geometry":{"type":"Point","coordinates":[-81.5074161,41.1095916]}},
{"type":"Feature","properties":{"name":"Living Water","religion":"christian","denomination":null,"group":"christian"},"geometry":{"type":"Point","coordinates":[-81.4375252,41.046855]}},
{"type":"Feature","properties":{"name":"Church of christ","religion":"christian","denomination":null,"group":"christian"},"geometry":{"type":"Point","coordinates":[-81.4203563,41.0871065]}},
{"type":"Feature","properties":{"name":"First Baptist Church","religion":"christian","denomination":"baptist","group":"baptist"},"geometry":{"type":"Point","coordinates":[-81.4178659,41.0843763]}},
{"type":"Feature","properties":{"name":"Trinity Lutheran Church","religion":"unknown","denomination":null,"group":"unknown"},"geometry":{"type":"Point","coordinates":[-82.195239,40.805107]}},
{"type":"Feature","properties":{"name":null,"religion":"unknown","denomination":null,"group":"unknown"},"geometry":{"type":"Point","coordinates":[-81.4418636,41.0577911]}},
{"type":"Feature","properties":{"name":"New Life Deliverance Ministries","religion":"christian","denomination":null,"group":"christian"},"geometry":{"type":"Point","coordinates":[-82.1804914,41.4664267]}},
{"type":"Feature","properties":{"name":"God's Kingdom Worship Center","religion":"christian","denomination":null,"group":"christian"},"geometry":{"type":"Point","coordinates":[-82.1798805,41.4664329]}},
{"type":"Feature","properties":{"name":"Iglesia Pentacostal Misionera","religion":"christian","denomination":null,"group":"christian"},"geometry":{"type":"Point","coordinates":[-81.7733976,41.4602853]}},
{"type":"Feature","properties":{"name":null,"religion":"christian","denomination":null,"group":"christian"},"geometry":{"type":"Point","coordinates":[-81.1537649,40.8843476]}},
{"type":"Feature","properties":{"name":"Cleveland Chinses Christian Church","religion":"christian","denomination":null,"group":"christian"},"geometry":{"type":"Point","coordinates":[-81.6658127,41.5085708]}},
{"type":"Feature","properties":{"name":null,"religion":"christian","denomination":null,"group":"christian"},"geometry":{"type":"Point","coordinates":[-81.1802557,40.9493412]}},
{"type":"Feature","properties":{"name":"Grace Community Church","religion":"christian","denomination":null,"group":"christian"},"geometry":{"type":"Point","coordinates":[-81.1449941,40.9461393]}},
{"type":"Feature","properties":{"name":null,"religion":"christian","denomination":"byzantine_catholic","group":"byzantine_catholic"},"geometry":{"type":"Point","coordinates":[-81.8656191,41.4290225]}},
{"type":"Feature","properties":{"name":"Saint Wendelin Catholic Church","religion":"christian","denomination":null,"group":"christian"},"geometry":{"type":"Point","coordinates":[-81.6993893,41.4815441]}},
{"type":"Feature","properties":{"name":"The Universal Church","religion":"christian","denomination":null,"group":"christian"},"geometry":{"type":"Point","coordinates":[-81.5830978,41.5310525]}},
{"type":"Feature","properties":{"name":"Davis Temple Church of Christ","religion":"christian","denomination":"church_of_christ","group":"church_of_christ"},"geometry":{"type":"Point","coordinates":[-81.581274,41.5307643]}},
{"type":"Feature","properties":{"name":"Baptist Bible Church","religion":"christian","denomination":null,"group":"christian"},"geometry":{"type":"Point","coordinates":[-81.0515445,41.1735745]}},
{"type":"Feature","properties":{"name":"Woodlawn Menonite Church","religion":"christian","denomination":null,"group":"christian"},"geometry":{"type":"Point","coordinates":[-82.4939454,40.9460826]}},
{"type":"Feature","properties":{"name":"Life Point Church","religion":"christian","denomination":null,"group":"christian"},"geometry":{"type":"Point","coordinates":[-81.367399,41.6509271]}},
{"type":"Feature","properties":{"name":"Windermere United Methodist Church","religion":"christian","denomination":"united_methodist","group":"united_methodist"},"geometry":{"type":"Point","coordinates":[-81.5855928,41.527771]}},
{"type":"Feature","properties":{"name":"The Living Truth Center","religion":"christian","denomination":null,"group":"christian"},"geometry":{"type":"Point","coordinates":[-81.5838294,41.5260175]}},
{"type":"Feature","properties":{"name":"Saint Philomena Catholic Church","religion":"christian","denomination":"catholic","group":"catholic"},"geometry":{"type":"Point","coordinates":[-81.5861156,41.525621]}},
{"type":"Feature","properties":{"name":"Church of Jesus Christ","religion":"christian","denomination":null,"group":"christian"},"geometry":{"type":"Point","coordinates":[-81.149985,40.8976341]}},
{"type":"Feature","properties":{"name":"Way of Escape Ministries","religion":"christian","denomination":null,"group":"christian"},"geometry":{"type":"Point","coordinates":[-81.7294742,41.4192473]}},
{"type":"Feature","properties":{"name":"Imani United Church Of Christ","religion":"christian","denomination":"church_of_christ","group":"church_of_christ"},"geometry":{"type":"Point","coordinates":[-81.5273478,41.5914455]}},
{"type":"Feature","properties":{"name":"Journey","religion":"christian","denomination":null,"group":"christian"},"geometry":{"type":"Point","coordinates":[-81.5022938,41.1446911]}},
{"type":"Feature","properties":{"name":"Community Vineyard Church","religion":"christian","denomination":null,"group":"christian"},"geometry":{"type":"Point","coordinates":[-81.5081859,41.1428752]}},
{"type":"Feature","properties":{"name":"Saint Richard's Catholic Church","religion":"christian","denomination":"catholic","group":"catholic"},"geometry":{"type":"Point","coordinates":[-81.9191181,41.4170756]}},
{"type":"Feature","properties":{"name":"City of Joy","religion":"christian","denomination":null,"group":"christian"},"geometry":{"type":"Point","coordinates":[-81.5405394,41.0867911]}},
{"type":"Feature","properties":{"name":"Saint John Lutheran Church","religion":"christian","denomination":"lutheran","group":"lutheran"},"geometry":{"type":"Point","coordinates":[-82.1056137,41.3880903]}},
{"type":"Feature","properties":{"name":"Wat Lao Siriwathanaram Buddhist Remple","religion":"buddhist","denomination":null,"group":"buddhist"},"geometry":{"type":"Point","coordinates":[-81.5313938,41.0597853]}},
{"type":"Feature","properties":{"name":"Abiding Savior Lutheran Church","religion":"christian","denomination":"lutheran","group":"lutheran"},"geometry":{"type":"Point","coordinates":[-81.7138194,41.3345945]}},
{"type":"Feature","properties":{"name":"Ascension Lutheran Church","religion":"christian","denomination":"lutheran","group":"lutheran"},"geometry":{"type":"Point","coordinates":[-81.9322847,41.4111215]}},
{"type":"Feature","properties":{"name":null,"religion":"unknown","denomination":null,"group":"unknown"},"geometry":{"type":"Point","coordinates":[-81.6146693,41.5055511]}},
{"type":"Feature","properties":{"name":null,"religion":"unknown","denomination":null,"group":"unknown"},"geometry":{"type":"Point","coordinates":[-81.6151193,41.5058354]}},
{"type":"Feature","properties":{"name":null,"religion":"unknown","denomination":null,"group":"unknown"},"geometry":{"type":"Point","coordinates":[-81.6151197,41.5057809]}},
{"type":"Feature","properties":{"name":"Geneva Church of Christ","religion":"christian","denomination":"church_of_christ","group":"church_of_christ"},"geometry":{"type":"Point","coordinates":[-80.9466162,41.7923125]}},
{"type":"Feature","properties":{"name":null,"religion":"unknown","denomination":null,"group":"unknown"},"geometry":{"type":"Point","coordinates":[-81.6071939,41.50806]}},
{"type":"Feature","properties":{"name":null,"religion":"unknown","denomination":null,"group":"unknown"},"geometry":{"type":"Point","coordinates":[-81.6073264,41.5082804]}},
{"type":"Feature","properties":{"name":null,"religion":"unknown","denomination":null,"group":"unknown"},"geometry":{"type":"Point","coordinates":[-81.6069979,41.5085034]}},
{"type":"Feature","properties":{"name":null,"religion":"unknown","denomination":null,"group":"unknown"},"geometry":{"type":"Point","coordinates":[-81.6074892,41.5083099]}},
{"type":"Feature","properties":{"name":null,"religion":"unknown","denomination":null,"group":"unknown"},"geometry":{"type":"Point","coordinates":[-81.6076398,41.5081344]}},
{"type":"Feature","properties":{"name":null,"religion":"christian","denomination":null,"group":"christian"},"geometry":{"type":"Point","coordinates":[-81.3636948,41.5442939]}},
{"type":"Feature","properties":{"name":"Mogadore United Methodist Church","religion":"christian","denomination":null,"group":"christian"},"geometry":{"type":"Point","coordinates":[-81.3962996,41.0507742]}},
{"type":"Feature","properties":{"name":"Heritage Baptist Church","religion":"christian","denomination":null,"group":"christian"},"geometry":{"type":"Point","coordinates":[-81.8683,40.8596074]}},
{"type":"Feature","properties":{"name":"North Point","religion":"christian","denomination":null,"group":"christian"},"geometry":{"type":"Point","coordinates":[-81.3946474,41.1531678]}},
{"type":"Feature","properties":{"name":"The Presentation of our Lord","religion":"christian","denomination":null,"group":"christian"},"geometry":{"type":"Point","coordinates":[-81.6338682,41.1113684]}},
{"type":"Feature","properties":{"name":null,"religion":"unknown","denomination":null,"group":"unknown"},"geometry":{"type":"Point","coordinates":[-81.3584581,41.1480742]}},
{"type":"Feature","properties":{"name":null,"religion":"unknown","denomination":null,"group":"unknown"},"geometry":{"type":"Point","coordinates":[-81.3584486,41.148198]}},
{"type":"Feature","properties":{"name":null,"religion":"unknown","denomination":null,"group":"unknown"},"geometry":{"type":"Point","coordinates":[-81.35851,41.1482093]}},
{"type":"Feature","properties":{"name":"4","religion":"unknown","denomination":null,"group":"unknown"},"geometry":{"type":"Point","coordinates":[-81.255364,40.8380557]}},
{"type":"Feature","properties":{"name":"3","religion":"unknown","denomination":null,"group":"unknown"},"geometry":{"type":"Point","coordinates":[-81.2551822,40.8380699]}},
{"type":"Feature","properties":{"name":"2","religion":"unknown","denomination":null,"group":"unknown"},"geometry":{"type":"Point","coordinates":[-81.2551313,40.8381043]}},
{"type":"Feature","properties":{"name":"Mount Vebo Missionary Baptist Church","religion":"christian","denomination":null,"group":"christian"},"geometry":{"type":"Point","coordinates":[-81.5957809,41.5232795]}},
{"type":"Feature","properties":{"name":"Handsof Grace","religion":"christian","denomination":null,"group":"christian"},"geometry":{"type":"Point","coordinates":[-81.9149481,40.8539769]}},
{"type":"Feature","properties":{"name":"Salem Mennonite Church","religion":"christian","denomination":null,"group":"christian"},"geometry":{"type":"Point","coordinates":[-81.8452725,40.8296249]}},
{"type":"Feature","properties":{"name":"NewPointe","religion":"christian","denomination":null,"group":"christian"},"geometry":{"type":"Point","coordinates":[-81.952643,40.8206911]}},
{"type":"Feature","properties":{"name":null,"religion":"christian","denomination":null,"group":"christian"},"geometry":{"type":"Point","coordinates":[-81.7489316,41.4652551]}},
{"type":"Feature","properties":{"name":"Mosque","religion":"muslim","denomination":null,"group":"muslim"},"geometry":{"type":"Point","coordinates":[-81.4272712,40.8514614]}},
{"type":"Feature","properties":{"name":"NewPoint Community Church Canton","religion":"christian","denomination":null,"group":"christian"},"geometry":{"type":"Point","coordinates":[-81.4182884,40.8571014]}},
{"type":"Feature","properties":{"name":"Evangelical Friends Church - Eastern Region","religion":"christian","denomination":null,"group":"christian"},"geometry":{"type":"Point","coordinates":[-81.4182692,40.8589167]}},
{"type":"Feature","properties":{"name":"Church On the Move","religion":"christian","denomination":null,"group":"christian"},"geometry":{"type":"Point","coordinates":[-81.5176367,40.8150549]}},
{"type":"Feature","properties":{"name":"St Michael's Catholic Church","religion":"christian","denomination":null,"group":"christian"},"geometry":{"type":"Point","coordinates":[-81.421497,40.8366713]}},
{"type":"Feature","properties":{"name":"New Harmony Worship Center","religion":"christian","denomination":null,"group":"christian"},"geometry":{"type":"Point","coordinates":[-81.5020367,40.8294201]}},
{"type":"Feature","properties":{"name":"Saint Luke Apostolic Church of Jesus","religion":"unknown","denomination":null,"group":"unknown"},"geometry":{"type":"Point","coordinates":[-81.631919,41.477055]}},
{"type":"Feature","properties":{"name":null,"religion":"unknown","denomination":null,"group":"unknown"},"geometry":{"type":"Point","coordinates":[-81.1060816,40.9027867]}},
{"type":"Feature","properties":{"name":null,"religion":"unknown","denomination":null,"group":"unknown"},"geometry":{"type":"Point","coordinates":[-81.4430523,41.5894267]}},
{"type":"Feature","properties":{"name":null,"religion":"unknown","denomination":null,"group":"unknown"},"geometry":{"type":"Point","coordinates":[-81.4430892,41.5892593]}},
{"type":"Feature","properties":{"name":null,"religion":"unknown","denomination":null,"group":"unknown"},"geometry":{"type":"Point","coordinates":[-81.4433997,41.5894732]}},
{"type":"Feature","properties":{"name":null,"religion":"unknown","denomination":null,"group":"unknown"},"geometry":{"type":"Point","coordinates":[-81.4433991,41.589258]}},
{"type":"Feature","properties":{"name":null,"religion":"unknown","denomination":null,"group":"unknown"},"geometry":{"type":"Point","coordinates":[-81.4430865,41.5898002]}},
{"type":"Feature","properties":{"name":null,"religion":"unknown","denomination":null,"group":"unknown"},"geometry":{"type":"Point","coordinates":[-81.465131,41.5223903]}},
{"type":"Feature","properties":{"name":null,"religion":"unknown","denomination":null,"group":"unknown"},"geometry":{"type":"Point","coordinates":[-81.5172525,41.0809762]}},
{"type":"Feature","properties":{"name":null,"religion":"unknown","denomination":null,"group":"unknown"},"geometry":{"type":"Point","coordinates":[-81.5171839,41.0811094]}},
{"type":"Feature","properties":{"name":null,"religion":"unknown","denomination":null,"group":"unknown"},"geometry":{"type":"Point","coordinates":[-81.5169674,41.0815549]}},
{"type":"Feature","properties":{"name":null,"religion":"unknown","denomination":null,"group":"unknown"},"geometry":{"type":"Point","coordinates":[-81.5169253,41.0808584]}},
{"type":"Feature","properties":{"name":null,"religion":"unknown","denomination":null,"group":"unknown"},"geometry":{"type":"Point","coordinates":[-81.5168731,41.0808471]}},
{"type":"Feature","properties":{"name":null,"religion":"unknown","denomination":null,"group":"unknown"},"geometry":{"type":"Point","coordinates":[-81.3106075,41.5198625]}},
{"type":"Feature","properties":{"name":null,"religion":"unknown","denomination":null,"group":"unknown"},"geometry":{"type":"Point","coordinates":[-81.5410103,41.528118]}},
{"type":"Feature","properties":{"name":"Church of christ","religion":"christian","denomination":null,"group":"christian"},"geometry":{"type":"Point","coordinates":[-81.3258219,41.1004064]}},
{"type":"Feature","properties":{"name":"Heritage Baptist Church","religion":"christian","denomination":null,"group":"christian"},"geometry":{"type":"Point","coordinates":[-81.3911551,41.0676315]}},
{"type":"Feature","properties":{"name":"Greatworks Church","religion":"christian","denomination":null,"group":"christian"},"geometry":{"type":"Point","coordinates":[-81.4669771,41.1038115]}},
{"type":"Feature","properties":{"name":"Hopewell Church","religion":"christian","denomination":null,"group":"christian"},"geometry":{"type":"Point","coordinates":[-82.3226039,40.8766178]}},
{"type":"Feature","properties":{"name":"Grace Curch, Medina East Campus","religion":"unknown","denomination":null,"group":"unknown"},"geometry":{"type":"Point","coordinates":[-81.7700626,41.1377724]}},
{"type":"Feature","properties":{"name":null,"religion":"christian","denomination":null,"group":"christian"},"geometry":{"type":"Point","coordinates":[-81.5530781,41.0422878]}},
{"type":"Feature","properties":{"name":null,"religion":"unknown","denomination":null,"group":"unknown"},"geometry":{"type":"Point","coordinates":[-81.7594519,41.4085236]}},
{"type":"Feature","properties":{"name":"Saybrook United Methodist Church","religion":"christian","denomination":"united_methodist","group":"united_methodist"},"geometry":{"type":"Point","coordinates":[-80.8704694,41.8263498]}},
{"type":"Feature","properties":{"name":"Lion of Judah Church","religion":"christian","denomination":null,"group":"christian"},"geometry":{"type":"Point","coordinates":[-81.5725674,41.4159521]}},
{"type":"Feature","properties":{"name":null,"religion":"christian","denomination":null,"group":"christian"},"geometry":{"type":"Point","coordinates":[-81.8069309,41.2707918]}},
{"type":"Feature","properties":{"name":"Word Of Life Ministry","religion":"christian","denomination":null,"group":"christian"},"geometry":{"type":"Point","coordinates":[-81.7108261,41.4617391]}},
{"type":"Feature","properties":{"name":null,"religion":"unknown","denomination":null,"group":"unknown"},"geometry":{"type":"Point","coordinates":[-81.8067056,41.4674457]}},
{"type":"Feature","properties":{"name":null,"religion":"unknown","denomination":null,"group":"unknown"},"geometry":{"type":"Point","coordinates":[-81.8065672,41.4677159]}},
{"type":"Feature","properties":{"name":"Unity Spiritual Center Westlake","religion":"unknown","denomination":null,"group":"unknown"},"geometry":{"type":"Point","coordinates":[-81.8842997,41.4705467]}},
{"type":"Feature","properties":{"name":"Gateway Church Downtown Cleveland","religion":"christian","denomination":"baptist","group":"baptist"},"geometry":{"type":"Point","coordinates":[-81.6602435,41.5018134]}},
{"type":"Feature","properties":{"name":"Cleveland Shambhala","religion":"buddhist","denomination":null,"group":"buddhist"},"geometry":{"type":"Point","coordinates":[-81.8171778,41.477435]}},
{"type":"Feature","properties":{"name":null,"religion":"unknown","denomination":null,"group":"unknown"},"geometry":{"type":"Point","coordinates":[-81.4855929,41.5372782]}},
{"type":"Feature","properties":{"name":null,"religion":"unknown","denomination":null,"group":"unknown"},"geometry":{"type":"Point","coordinates":[-81.4858541,41.5371654]}},
{"type":"Feature","properties":{"name":null,"religion":"unknown","denomination":null,"group":"unknown"},"geometry":{"type":"Point","coordinates":[-81.4861285,41.5372893]}},
{"type":"Feature","properties":{"name":"Full Gospel Jabernacle","religion":"unknown","denomination":null,"group":"unknown"},"geometry":{"type":"Point","coordinates":[-81.4431772,41.0386868]}},
{"type":"Feature","properties":{"name":"Grandfiew United Methodist Church","religion":"christian","denomination":null,"group":"christian"},"geometry":{"type":"Point","coordinates":[-81.5101862,41.1396635]}},
{"type":"Feature","properties":{"name":null,"religion":"christian","denomination":null,"group":"christian"},"geometry":{"type":"Point","coordinates":[-81.7115391,41.433744]}},
{"type":"Feature","properties":{"name":"Grace Tabernacle","religion":"unknown","denomination":null,"group":"unknown"},"geometry":{"type":"Point","coordinates":[-81.4988268,41.5193393]}},
{"type":"Feature","properties":{"name":null,"religion":"unknown","denomination":null,"group":"unknown"},"geometry":{"type":"Point","coordinates":[-81.4853752,41.1297557]}},
{"type":"Feature","properties":{"name":null,"religion":"unknown","denomination":null,"group":"unknown"},"geometry":{"type":"Point","coordinates":[-81.4856659,41.1297453]}},
{"type":"Feature","properties":{"name":null,"religion":"unknown","denomination":null,"group":"unknown"},"geometry":{"type":"Point","coordinates":[-81.4853272,41.129513]}},
{"type":"Feature","properties":{"name":null,"religion":"unknown","denomination":null,"group":"unknown"},"geometry":{"type":"Point","coordinates":[-81.4856379,41.1296594]}},
{"type":"Feature","properties":{"name":"Prince of Peace Parish","religion":"christian","denomination":"roman_catholic","group":"roman_catholic"},"geometry":{"type":"Point","coordinates":[-81.6357054,41.0164527]}},
{"type":"Feature","properties":{"name":null,"religion":"unknown","denomination":null,"group":"unknown"},"geometry":{"type":"Point","coordinates":[-81.5830124,41.1155593]}},
{"type":"Feature","properties":{"name":null,"religion":"unknown","denomination":null,"group":"unknown"},"geometry":{"type":"Point","coordinates":[-81.5820982,41.1151714]}},
{"type":"Feature","properties":{"name":"Trinity United Methodist Church","religion":"christian","denomination":"methodist","group":"methodist"},"geometry":{"type":"Point","coordinates":[-81.7521989,41.4772952]}},
{"type":"Feature","properties":{"name":"City Church Heights","religion":"christian","denomination":"baptist","group":"baptist"},"geometry":{"type":"Point","coordinates":[-81.5806704,41.5082022]}},
{"type":"Feature","properties":{"name":"All Nations Deliverance Ministries","religion":"christian","denomination":"reformed","group":"reformed"},"geometry":{"type":"Point","coordinates":[-81.5708942,41.41714]}},
{"type":"Feature","properties":{"name":null,"religion":"unknown","denomination":null,"group":"unknown"},"geometry":{"type":"Point","coordinates":[-81.553064,41.5363634]}},
{"type":"Feature","properties":{"name":"St Andrew Roman Catholic Abbey","religion":"unknown","denomination":null,"group":"unknown"},"geometry":{"type":"Point","coordinates":[-81.6117744,41.4809238]}},
{"type":"Feature","properties":{"name":"New Life Tabernacle of Praise","religion":"christian","denomination":"apostolic","group":"apostolic"},"geometry":{"type":"Point","coordinates":[-81.5118304,41.5793765]}},
{"type":"Feature","properties":{"name":"Willoughby House of Prayer","religion":"unknown","denomination":null,"group":"unknown"},"geometry":{"type":"Point","coordinates":[-81.4064893,41.6408869]}},
{"type":"Feature","properties":{"name":null,"religion":"unknown","denomination":null,"group":"unknown"},"geometry":{"type":"Point","coordinates":[-81.5563262,41.520643]}},
{"type":"Feature","properties":{"name":"The Chapel","religion":"christian","denomination":"nondenominational","group":"nondenominational"},"geometry":{"type":"Point","coordinates":[-81.5057002,41.0775736]}},
{"type":"Feature","properties":{"name":"Akron Chinese Christian Church - 爱城华人基督教会 - ACCC","religion":"christian","denomination":"nondenominational","group":"nondenominational"},"geometry":{"type":"Point","coordinates":[-81.5067996,41.0774497]}},
{"type":"Feature","properties":{"name":"Campus Focus","religion":"christian","denomination":"nondenominational","group":"nondenominational"},"geometry":{"type":"Point","coordinates":[-81.5067685,41.0768634]}},
{"type":"Feature","properties":{"name":"RiverTree Jackson","religion":"christian","denomination":"nondenominational","group":"nondenominational"},"geometry":{"type":"Point","coordinates":[-81.4865292,40.8802115]}},
{"type":"Feature","properties":{"name":"Temple Emanu El","religion":"jewish","denomination":null,"group":"jewish"},"geometry":{"type":"Point","coordinates":[-81.4783413,41.4370738]}},
{"type":"Feature","properties":{"name":null,"religion":"christian","denomination":null,"group":"christian"},"geometry":{"type":"Point","coordinates":[-82.0770342,41.4626623]}},
{"type":"Feature","properties":{"name":null,"religion":"christian","denomination":null,"group":"christian"},"geometry":{"type":"Point","coordinates":[-82.1545959,41.4300832]}},
{"type":"Feature","properties":{"name":"Olmsted Falls Bible Church","religion":"christian","denomination":null,"group":"christian"},"geometry":{"type":"Point","coordinates":[-81.9156874,41.3723602]}},
{"type":"Feature","properties":{"name":null,"religion":"christian","denomination":null,"group":"christian"},"geometry":{"type":"Point","coordinates":[-81.5604904,40.8292887]}},
{"type":"Feature","properties":{"name":null,"religion":"christian","denomination":null,"group":"christian"},"geometry":{"type":"Point","coordinates":[-81.146212,41.1004594]}},
{"type":"Feature","properties":{"name":null,"religion":"christian","denomination":null,"group":"christian"},"geometry":{"type":"Point","coordinates":[-80.8785293,41.2961306]}},
{"type":"Feature","properties":{"name":null,"religion":"christian","denomination":null,"group":"christian"},"geometry":{"type":"Point","coordinates":[-80.8720675,41.2605703]}},
{"type":"Feature","properties":{"name":"Norton Baptist Church","religion":"unknown","denomination":null,"group":"unknown"},"geometry":{"type":"Point","coordinates":[-81.63795,41.0231818]}},
{"type":"Feature","properties":{"name":"College Heights Baptist Church","religion":"christian","denomination":"baptist","group":"baptist"},"geometry":{"type":"Point","coordinates":[-82.0785824,41.4130341]}},
{"type":"Feature","properties":{"name":"New Hope Missionary Baptist Church","religion":"christian","denomination":"baptist","group":"baptist"},"geometry":{"type":"Point","coordinates":[-82.1488376,41.4450474]}},
{"type":"Feature","properties":{"name":"Hungarian Reformed Church","religion":"christian","denomination":null,"group":"christian"},"geometry":{"type":"Point","coordinates":[-82.1417912,41.4424818]}},
{"type":"Feature","properties":{"name":"La Iglesia de Dios","religion":"christian","denomination":null,"group":"christian"},"geometry":{"type":"Point","coordinates":[-82.1451839,41.4425413]}},
{"type":"Feature","properties":{"name":"First Lutheran Church","religion":"christian","denomination":"lutheran","group":"lutheran"},"geometry":{"type":"Point","coordinates":[-82.1805543,41.4646657]}},
{"type":"Feature","properties":{"name":"Greater Victory Christian Ministries","religion":"christian","denomination":null,"group":"christian"},"geometry":{"type":"Point","coordinates":[-82.1769703,41.465516]}},
{"type":"Feature","properties":{"name":"Episcopal Church of the Redeemer","religion":"christian","denomination":"episcopal","group":"episcopal"},"geometry":{"type":"Point","coordinates":[-82.1761791,41.4644607]}},
{"type":"Feature","properties":{"name":"Christian Temple","religion":"christian","denomination":null,"group":"christian"},"geometry":{"type":"Point","coordinates":[-82.1794918,41.4659474]}},
{"type":"Feature","properties":{"name":"Chapel","religion":"unknown","denomination":null,"group":"unknown"},"geometry":{"type":"Point","coordinates":[-82.3366146,41.2927312]}},
{"type":"Feature","properties":{"name":null,"religion":"unknown","denomination":null,"group":"unknown"},"geometry":{"type":"Point","coordinates":[-82.3370452,41.2790579]}},
{"type":"Feature","properties":{"name":"The Ummah Center","religion":"muslim","denomination":null,"group":"muslim"},"geometry":{"type":"Point","coordinates":[-81.8985447,41.3132922]}},
{"type":"Feature","properties":{"name":"Kingdom Hall of Jehovah's Witnesses","religion":"christian","denomination":"jehovahs_witness","group":"jehovahs_witness"},"geometry":{"type":"Point","coordinates":[-81.897258,41.3130215]}},
{"type":"Feature","properties":{"name":"ClearView Church","religion":"christian","denomination":null,"group":"christian"},"geometry":{"type":"Point","coordinates":[-81.8957462,41.3119768]}},
{"type":"Feature","properties":{"name":"Saint Elizabeth Ann Seton Church","religion":"christian","denomination":"catholic","group":"catholic"},"geometry":{"type":"Point","coordinates":[-81.9323932,41.3120363]}},
{"type":"Feature","properties":{"name":"Saint John the Baptist Ukrainian Catolic Church","religion":"christian","denomination":"ukrainian_greek_catholic","group":"ukrainian_greek_catholic"},"geometry":{"type":"Point","coordinates":[-82.1128824,41.4429271]}},
{"type":"Feature","properties":{"name":null,"religion":"unknown","denomination":null,"group":"unknown"},"geometry":{"type":"Point","coordinates":[-81.5051608,41.1484317]}},
{"type":"Feature","properties":{"name":null,"religion":"unknown","denomination":null,"group":"unknown"},"geometry":{"type":"Point","coordinates":[-81.5054335,41.1486142]}},
{"type":"Feature","properties":{"name":"The Park Synagogue","religion":"jewish","denomination":"conservative","group":"conservative"},"geometry":{"type":"Point","coordinates":[-81.4856701,41.4771095]}},
{"type":"Feature","properties":{"name":"Iglesia Oasis De Bendicion","religion":"christian","denomination":"pentecostal","group":"pentecostal"},"geometry":{"type":"Point","coordinates":[-81.7651182,41.4473132]}},
{"type":"Feature","properties":{"name":"Ascent Church","religion":"christian","denomination":"nondenominational","group":"nondenominational"},"geometry":{"type":"Point","coordinates":[-81.9493696,41.4373773]}},
{"type":"Feature","properties":{"name":"Lakeview Assembly of God","religion":"christian","denomination":null,"group":"christian"},"geometry":{"type":"Point","coordinates":[-80.9929489,41.0977106]}},
{"type":"Feature","properties":{"name":"Fellowship City Church","religion":"christian","denomination":null,"group":"christian"},"geometry":{"type":"Point","coordinates":[-81.3357612,41.4221378]}},
{"type":"Feature","properties":{"name":"Thompson United Methodist Church","religion":"christian","denomination":"methodist","group":"methodist"},"geometry":{"type":"Point","coordinates":[-81.0520626,41.6893456]}},
{"type":"Feature","properties":{"name":null,"religion":"unknown","denomination":null,"group":"unknown"},"geometry":{"type":"Point","coordinates":[-81.843368,41.3708653]}},
{"type":"Feature","properties":{"name":"Iglesia Pentecostal Avivamiento Final Maranatha","religion":"christian","denomination":"pentecostal","group":"pentecostal"},"geometry":{"type":"Point","coordinates":[-82.13401,41.4718885]}},
{"type":"Feature","properties":{"name":"Faith Ministries Christian Center","religion":"christian","denomination":null,"group":"christian"},"geometry":{"type":"Point","coordinates":[-82.1391421,41.4705475]}},
{"type":"Feature","properties":{"name":"Iglesia La Familia, Casa de Dios","religion":"christian","denomination":null,"group":"christian"},"geometry":{"type":"Point","coordinates":[-82.1746951,41.4646388]}},
{"type":"Feature","properties":{"name":null,"religion":"christian","denomination":null,"group":"christian"},"geometry":{"type":"Point","coordinates":[-81.1316007,40.9299894]}},
{"type":"Feature","properties":{"name":"Saint Mary of the Immaculate Conception Parish","religion":"christian","denomination":"catholic","group":"catholic"},"geometry":{"type":"Point","coordinates":[-82.0339564,41.4493914]}},
{"type":"Feature","properties":{"name":"True Missionary Baptist Church","religion":"christian","denomination":"baptist","group":"baptist"},"geometry":{"type":"Point","coordinates":[-81.6410699,41.5148117]}},
{"type":"Feature","properties":{"name":"Akron Cornerstone Christian Church 房角石教會地址","religion":"christian","denomination":"protestant","group":"protestant"},"geometry":{"type":"Point","coordinates":[-81.516722,41.039569]}},
{"type":"Feature","properties":{"name":null,"religion":"christian","denomination":null,"group":"christian"},"geometry":{"type":"Point","coordinates":[-81.1047899,41.7924132]}},
{"type":"Feature","properties":{"name":null,"religion":"christian","denomination":null,"group":"christian"},"geometry":{"type":"Point","coordinates":[-81.502987,40.810046]}},
{"type":"Feature","properties":{"name":"Kingdom Restoration Church","religion":"christian","denomination":null,"group":"christian"},"geometry":{"type":"Point","coordinates":[-81.5510151,41.0931678]}},
{"type":"Feature","properties":{"name":"Faith Bible Fellowship","religion":"christian","denomination":"nondenominational","group":"nondenominational"},"geometry":{"type":"Point","coordinates":[-81.4453787,41.1077759]}},
{"type":"Feature","properties":{"name":"Akron First Assembly of God","religion":"christian","denomination":null,"group":"christian"},"geometry":{"type":"Point","coordinates":[-81.5523973,41.1019451]}},
{"type":"Feature","properties":{"name":"Saint John's United Church of Christ","religion":"christian","denomination":"united_church_of_christ","group":"united_church_of_christ"},"geometry":{"type":"Point","coordinates":[-82.2544619,41.3549183]}},
{"type":"Feature","properties":{"name":null,"religion":"christian","denomination":null,"group":"christian"},"geometry":{"type":"Point","coordinates":[-80.8707824,41.2942978]}},
{"type":"Feature","properties":{"name":null,"religion":"christian","denomination":null,"group":"christian"},"geometry":{"type":"Point","coordinates":[-81.3442384,41.2422918]}},
{"type":"Feature","properties":{"name":null,"religion":"christian","denomination":null,"group":"christian"},"geometry":{"type":"Point","coordinates":[-82.0234202,41.1671301]}},
{"type":"Feature","properties":{"name":null,"religion":"christian","denomination":null,"group":"christian"},"geometry":{"type":"Point","coordinates":[-81.5760229,41.5545805]}},
{"type":"Feature","properties":{"name":null,"religion":"unknown","denomination":null,"group":"unknown"},"geometry":{"type":"Point","coordinates":[-81.0967905,41.2830273]}},
{"type":"Feature","properties":{"name":null,"religion":"unknown","denomination":null,"group":"unknown"},"geometry":{"type":"Point","coordinates":[-81.096903,41.2831405]}},
{"type":"Feature","properties":{"name":"Faith Family Church","religion":"christian","denomination":null,"group":"christian"},"geometry":{"type":"Point","coordinates":[-81.4380921,41.201187]}},
{"type":"Feature","properties":{"name":"Cathedral of Life","religion":"unknown","denomination":null,"group":"unknown"},"geometry":{"type":"Point","coordinates":[-82.0063485,41.4117545]}},
{"type":"Feature","properties":{"name":"Church of the Assumption","religion":"unknown","denomination":null,"group":"unknown"},"geometry":{"type":"Point","coordinates":[-81.6838931,41.3163442]}},
{"type":"Feature","properties":{"name":"St. Hermon of Alaska Eastern Orthodox Church","religion":"christian","denomination":null,"group":"christian"},"geometry":{"type":"Point","coordinates":[-81.4394061,41.2041306]}},
{"type":"Feature","properties":{"name":"The Refuge","religion":"christian","denomination":null,"group":"christian"},"geometry":{"type":"Point","coordinates":[-81.4410386,41.1978233]}},
{"type":"Feature","properties":{"name":null,"religion":"unknown","denomination":null,"group":"unknown"},"geometry":{"type":"Point","coordinates":[-81.7883518,41.3146676]}},
{"type":"Feature","properties":{"name":"Finney Chapel","religion":"christian","denomination":null,"group":"christian"},"geometry":{"type":"Point","coordinates":[-82.2207477,41.2939756]}},
{"type":"Feature","properties":{"name":"Jehovah's Witnesses Assembly Hall","religion":"christian","denomination":"jehovahs_witness","group":"jehovahs_witness"},"geometry":{"type":"Point","coordinates":[-81.408451,41.6431629]}},
{"type":"Feature","properties":{"name":"Immaculate Conception Catholic Church","religion":"christian","denomination":"catholic","group":"catholic"},"geometry":{"type":"Point","coordinates":[-81.4092137,41.6352072]}},
{"type":"Feature","properties":{"name":"First Presbyterian Church","religion":"christian","denomination":"presbyterian","group":"presbyterian"},"geometry":{"type":"Point","coordinates":[-81.4184341,41.6280127]}},
{"type":"Feature","properties":{"name":"Triedstone Baptist Church","religion":"christian","denomination":"baptist","group":"baptist"},"geometry":{"type":"Point","coordinates":[-81.6605278,41.4928198]}},
{"type":"Feature","properties":{"name":"Mary Queen of Peace","religion":"christian","denomination":"roman_catholic","group":"roman_catholic"},"geometry":{"type":"Point","coordinates":[-81.7091667,41.4351836]}},
{"type":"Feature","properties":{"name":"Institute For Divine Metaphysical Research","religion":"christian","denomination":null,"group":"christian"},"geometry":{"type":"Point","coordinates":[-81.7050439,41.4425382]}},
{"type":"Feature","properties":{"name":"Saint Mark Lutheran Church","religion":"christian","denomination":"lutheran","group":"lutheran"},"geometry":{"type":"Point","coordinates":[-81.711247,41.4344634]}},
{"type":"Feature","properties":{"name":"Willing Workers Baptist Church","religion":"christian","denomination":"baptist","group":"baptist"},"geometry":{"type":"Point","coordinates":[-81.5969421,41.4630797]}},
{"type":"Feature","properties":{"name":"Grace Church","religion":"christian","denomination":null,"group":"christian"},"geometry":{"type":"Point","coordinates":[-81.7019343,41.4393449]}},
{"type":"Feature","properties":{"name":"W. 58th Temple of God","religion":"christian","denomination":null,"group":"christian"},"geometry":{"type":"Point","coordinates":[-81.7260048,41.468351]}},
{"type":"Feature","properties":{"name":null,"religion":"unknown","denomination":null,"group":"unknown"},"geometry":{"type":"Point","coordinates":[-81.71284,41.467492]}},
{"type":"Feature","properties":{"name":"Kingdom Hall of Jehovah's Whitnesses","religion":"christian","denomination":"jehovahs_witness","group":"jehovahs_witness"},"geometry":{"type":"Point","coordinates":[-81.7584941,41.4580132]}},
{"type":"Feature","properties":{"name":"Hope Ridge United Methodist Church","religion":"christian","denomination":"methodist","group":"methodist"},"geometry":{"type":"Point","coordinates":[-81.2808838,41.6741646]}},
{"type":"Feature","properties":{"name":"First Church","religion":"christian","denomination":"united_church_of_christ","group":"united_church_of_christ"},"geometry":{"type":"Point","coordinates":[-82.2179275,41.294847]}},
{"type":"Feature","properties":{"name":"Faith Family Church","religion":"christian","denomination":null,"group":"christian"},"geometry":{"type":"Point","coordinates":[-81.4261338,40.9008688]}},
{"type":"Feature","properties":{"name":null,"religion":"christian","denomination":"jehovahs_witness","group":"jehovahs_witness"},"geometry":{"type":"Point","coordinates":[-81.8067682,41.452287]}},
{"type":"Feature","properties":{"name":"Cloudwater Zendo","religion":"buddhist","denomination":"chan","group":"chan"},"geometry":{"type":"Point","coordinates":[-81.7954417,41.4337332]}},
{"type":"Feature","properties":{"name":null,"religion":"muslim","denomination":null,"group":"muslim"},"geometry":{"type":"Point","coordinates":[-81.8254772,41.4302192]}},
{"type":"Feature","properties":{"name":"Beth Israel - West","religion":"jewish","denomination":null,"group":"jewish"},"geometry":{"type":"Point","coordinates":[-81.7934614,41.4623086]}},
{"type":"Feature","properties":{"name":"First Congregational Church","religion":"christian","denomination":null,"group":"christian"},"geometry":{"type":"Point","coordinates":[-81.2438799,41.1554712]}},
{"type":"Feature","properties":{"name":"Saint Peter Church","religion":"christian","denomination":null,"group":"christian"},"geometry":{"type":"Point","coordinates":[-81.3741015,40.8035332]}},
{"type":"Feature","properties":{"name":"Immaculate Heart of Mary","religion":"christian","denomination":"catholic","group":"catholic"},"geometry":{"type":"Point","coordinates":[-81.3385459,41.1522377]}},
{"type":"Feature","properties":{"name":"Kent Presbyterian","religion":"christian","denomination":"presbyterian","group":"presbyterian"},"geometry":{"type":"Point","coordinates":[-81.3421986,41.143307]}},
{"type":"Feature","properties":{"name":null,"religion":"christian","denomination":null,"group":"christian"},"geometry":{"type":"Point","coordinates":[-81.6876219,41.4255895]}},
{"type":"Feature","properties":{"name":"Cleveland Slavic Church","religion":"christian","denomination":null,"group":"christian"},"geometry":{"type":"Point","coordinates":[-81.6890002,41.4321205]}},
{"type":"Feature","properties":{"name":"United Latvian Evangelical Lutheran Church of Cleveland","religion":"christian","denomination":"lutheran","group":"lutheran"},"geometry":{"type":"Point","coordinates":[-81.8022345,41.485386]}},
{"type":"Feature","properties":{"name":"Lakewood Presbyterian Church","religion":"christian","denomination":"presbyterian","group":"presbyterian"},"geometry":{"type":"Point","coordinates":[-81.79593,41.48571]}},
{"type":"Feature","properties":{"name":"Lakewood Baptist Church","religion":"christian","denomination":"baptist","group":"baptist"},"geometry":{"type":"Point","coordinates":[-81.7941382,41.4850004]}},
{"type":"Feature","properties":{"name":"New LIfe Church","religion":"christian","denomination":"protestant","group":"protestant"},"geometry":{"type":"Point","coordinates":[-81.7930207,41.4856157]}},
{"type":"Feature","properties":{"name":"Transport for Christ","religion":"christian","denomination":null,"group":"christian"},"geometry":{"type":"Point","coordinates":[-81.9087722,41.0328962]}},
{"type":"Feature","properties":{"name":"Pentecostal Church of Christ","religion":"christian","denomination":null,"group":"christian"},"geometry":{"type":"Point","coordinates":[-81.6149509,41.5056422]}},
{"type":"Feature","properties":{"name":"First Church of God","religion":"unknown","denomination":null,"group":"unknown"},"geometry":{"type":"Point","coordinates":[-81.9067812,40.824256]}},
{"type":"Feature","properties":{"name":"Kent United Church of Christ","religion":"christian","denomination":"united_church_of_christ","group":"united_church_of_christ"},"geometry":{"type":"Point","coordinates":[-81.3381352,41.1532507]}},
{"type":"Feature","properties":{"name":"Saint Patrick's Catholic Church","religion":"christian","denomination":"catholic","group":"catholic"},"geometry":{"type":"Point","coordinates":[-81.3556131,41.1561503]}},
{"type":"Feature","properties":{"name":null,"religion":"christian","denomination":null,"group":"christian"},"geometry":{"type":"Point","coordinates":[-81.3551923,41.1384165]}},
{"type":"Feature","properties":{"name":"Hudson United Methodist Church","religion":"christian","denomination":"methodist","group":"methodist"},"geometry":{"type":"Point","coordinates":[-81.4116451,41.2598601]}},
{"type":"Feature","properties":{"name":"Our Lady of Perpetual Help Chapel","religion":"christian","denomination":null,"group":"christian"},"geometry":{"type":"Point","coordinates":[-81.3669234,40.8740003]}},
{"type":"Feature","properties":{"name":"First Congregational Church of Hudson","religion":"christian","denomination":null,"group":"christian"},"geometry":{"type":"Point","coordinates":[-81.4383545,41.2429198]}},
{"type":"Feature","properties":{"name":"Christ Church Episcopal","religion":"christian","denomination":"anglican","group":"anglican"},"geometry":{"type":"Point","coordinates":[-81.43939,41.2425523]}},
{"type":"Feature","properties":{"name":"St. Mary's Catholic Church","religion":"christian","denomination":"catholic","group":"catholic"},"geometry":{"type":"Point","coordinates":[-81.4418536,41.246911]}},
{"type":"Feature","properties":{"name":"Temple Beth Shalom","religion":"jewish","denomination":null,"group":"jewish"},"geometry":{"type":"Point","coordinates":[-81.4377325,41.2416555]}},
{"type":"Feature","properties":{"name":"Kent United Methodist Church","religion":"christian","denomination":"methodist","group":"methodist"},"geometry":{"type":"Point","coordinates":[-81.3374764,41.1547977]}},
{"type":"Feature","properties":{"name":"Trinity Lutheran Church","religion":"christian","denomination":"lutheran","group":"lutheran"},"geometry":{"type":"Point","coordinates":[-81.3584583,41.1480575]}},
{"type":"Feature","properties":{"name":"Faith Baptist Community Church","religion":"christian","denomination":"baptist","group":"baptist"},"geometry":{"type":"Point","coordinates":[-81.6514888,41.494578]}},
{"type":"Feature","properties":{"name":null,"religion":"christian","denomination":"methodist","group":"methodist"},"geometry":{"type":"Point","coordinates":[-81.2581859,40.8526855]}},
{"type":"Feature","properties":{"name":"Saint Francis of Assisi Catholic Church","religion":"christian","denomination":"catholic","group":"catholic"},"geometry":{"type":"Point","coordinates":[-81.4304725,41.5195662]}},
{"type":"Feature","properties":{"name":"Spiritual Life Society","religion":"unknown","denomination":null,"group":"unknown"},"geometry":{"type":"Point","coordinates":[-81.4393739,41.2401634]}},
{"type":"Feature","properties":{"name":null,"religion":"christian","denomination":null,"group":"christian"},"geometry":{"type":"Point","coordinates":[-81.6891232,41.4839149]}},
{"type":"Feature","properties":{"name":"First Christian Church","religion":"christian","denomination":null,"group":"christian"},"geometry":{"type":"Point","coordinates":[-81.3619221,41.1541435]}},
{"type":"Feature","properties":{"name":"Unitarian Universalist Church of Kent","religion":"unitarian_universalist","denomination":null,"group":"unitarian_universalist"},"geometry":{"type":"Point","coordinates":[-81.360304,41.1555292]}},
{"type":"Feature","properties":{"name":"Masjed of Kent","religion":"muslim","denomination":null,"group":"muslim"},"geometry":{"type":"Point","coordinates":[-81.3538587,41.1576789]}},
{"type":"Feature","properties":{"name":"Faith Lutheran Church","religion":"christian","denomination":"lutheran","group":"lutheran"},"geometry":{"type":"Point","coordinates":[-81.345522,41.1541509]}},
{"type":"Feature","properties":{"name":"Annunciation Greek Orthodox Church","religion":"christian","denomination":"greek_orthodox","group":"greek_orthodox"},"geometry":{"type":"Point","coordinates":[-81.6906077,41.4825688]}},
{"type":"Feature","properties":{"name":null,"religion":"christian","denomination":null,"group":"christian"},"geometry":{"type":"Point","coordinates":[-81.4725447,41.5394535]}},
{"type":"Feature","properties":{"name":"Saint Paschal Baylon Catholic Church","religion":"christian","denomination":"catholic","group":"catholic"},"geometry":{"type":"Point","coordinates":[-81.485797,41.5375991]}},
{"type":"Feature","properties":{"name":null,"religion":"christian","denomination":null,"group":"christian"},"geometry":{"type":"Point","coordinates":[-81.4653077,41.5383766]}},
{"type":"Feature","properties":{"name":"Eagle Ministries Chapel","religion":"christian","denomination":null,"group":"christian"},"geometry":{"type":"Point","coordinates":[-81.55381,41.015818]}},
{"type":"Feature","properties":{"name":"Community Church of Portage Lakes","religion":"christian","denomination":"nondenominational","group":"nondenominational"},"geometry":{"type":"Point","coordinates":[-81.5506493,41.0099604]}},
{"type":"Feature","properties":{"name":null,"religion":"christian","denomination":null,"group":"christian"},"geometry":{"type":"Point","coordinates":[-81.4764684,41.5311337]}},
{"type":"Feature","properties":{"name":"Cathedral of Saint John the Evangelist","religion":"christian","denomination":"roman_catholic","group":"roman_catholic"},"geometry":{"type":"Point","coordinates":[-81.6879362,41.5029111]}},
{"type":"Feature","properties":{"name":"True Hope Bible Church","religion":"christian","denomination":null,"group":"christian"},"geometry":{"type":"Point","coordinates":[-81.3494055,41.5940803]}},
{"type":"Feature","properties":{"name":"McGaw Chapel","religion":"unknown","denomination":null,"group":"unknown"},"geometry":{"type":"Point","coordinates":[-81.937043,40.8101457]}},
{"type":"Feature","properties":{"name":"Free Gospel Church","religion":"christian","denomination":null,"group":"christian"},"geometry":{"type":"Point","coordinates":[-81.5137088,41.0707523]}},
{"type":"Feature","properties":{"name":"Church of Saint Mary","religion":"christian","denomination":"roman_catholic","group":"roman_catholic"},"geometry":{"type":"Point","coordinates":[-81.2057986,41.5890524]}},
{"type":"Feature","properties":{"name":"Chardon Assembly of God","religion":"christian","denomination":"pentecostal","group":"pentecostal"},"geometry":{"type":"Point","coordinates":[-81.204164,41.5832444]}},
{"type":"Feature","properties":{"name":"Chardon United Methodist Church","religion":"christian","denomination":"methodist","group":"methodist"},"geometry":{"type":"Point","coordinates":[-81.208939,41.5933066]}},
{"type":"Feature","properties":{"name":"Pilgrim Christian Church","religion":"christian","denomination":null,"group":"christian"},"geometry":{"type":"Point","coordinates":[-81.2024397,41.5806358]}},
{"type":"Feature","properties":{"name":"Word of Faith Church","religion":"christian","denomination":null,"group":"christian"},"geometry":{"type":"Point","coordinates":[-81.2027468,41.5722549]}},
{"type":"Feature","properties":{"name":"Kingdom Hall of Jehovah's Witnesses","religion":"christian","denomination":"jehovahs_witness","group":"jehovahs_witness"},"geometry":{"type":"Point","coordinates":[-81.2010006,41.5624098]}},
{"type":"Feature","properties":{"name":"Valley Baptist Temple of Fairlawn","religion":"unknown","denomination":null,"group":"unknown"},"geometry":{"type":"Point","coordinates":[-81.6440836,41.1400327]}},
{"type":"Feature","properties":{"name":"Fairlawn Lutheran Church","religion":"christian","denomination":null,"group":"christian"},"geometry":{"type":"Point","coordinates":[-81.6226214,41.1351161]}},
{"type":"Feature","properties":{"name":"Unitarian Universalist Church of Akron","religion":"unitarian_universalist","denomination":null,"group":"unitarian_universalist"},"geometry":{"type":"Point","coordinates":[-81.6217926,41.131099]}},
{"type":"Feature","properties":{"name":"First Church of Christ Scientist","religion":"christian","denomination":null,"group":"christian"},"geometry":{"type":"Point","coordinates":[-81.2397632,41.1571179]}},
{"type":"Feature","properties":{"name":"Celebration Lutheran Church","religion":"christian","denomination":"lutheran","group":"lutheran"},"geometry":{"type":"Point","coordinates":[-81.2412733,41.5829016]}},
{"type":"Feature","properties":{"name":"Tallmadge Historical Church","religion":"christian","denomination":null,"group":"christian"},"geometry":{"type":"Point","coordinates":[-81.4412028,41.1017597]}},
{"type":"Feature","properties":{"name":null,"religion":"christian","denomination":null,"group":"christian"},"geometry":{"type":"Point","coordinates":[-81.4864244,40.8798626]}},
{"type":"Feature","properties":{"name":"St. Thomas Eastern Orthodox Church","religion":"christian","denomination":null,"group":"christian"},"geometry":{"type":"Point","coordinates":[-81.6356299,41.1232903]}},
{"type":"Feature","properties":{"name":"St. Hilary Catholic Church","religion":"christian","denomination":null,"group":"christian"},"geometry":{"type":"Point","coordinates":[-81.6029613,41.1240191]}},
{"type":"Feature","properties":{"name":"Faith Lutheran Church","religion":"christian","denomination":null,"group":"christian"},"geometry":{"type":"Point","coordinates":[-81.6021032,41.1240245]}},
{"type":"Feature","properties":{"name":"Burning Bush Christian Church","religion":"christian","denomination":null,"group":"christian"},"geometry":{"type":"Point","coordinates":[-81.516762,41.0811545]}},
{"type":"Feature","properties":{"name":"Zion Lutheran Church","religion":"christian","denomination":"lutheran","group":"lutheran"},"geometry":{"type":"Point","coordinates":[-81.5168836,41.0809508]}},
{"type":"Feature","properties":{"name":"Old Stone Church","religion":"christian","denomination":null,"group":"christian"},"geometry":{"type":"Point","coordinates":[-81.6947847,41.5002752]}},
{"type":"Feature","properties":{"name":"Garfield Heights United Methodist Church","religion":"christian","denomination":"united_methodist","group":"united_methodist"},"geometry":{"type":"Point","coordinates":[-81.6117405,41.4252516]}},
{"type":"Feature","properties":{"name":"Saint Ann Church","religion":"christian","denomination":"catholic","group":"catholic"},"geometry":{"type":"Point","coordinates":[-81.579186,41.5006591]}},
{"type":"Feature","properties":{"name":"Unitarian Universalist Society of Cleveland","religion":"unitarian_universalist","denomination":null,"group":"unitarian_universalist"},"geometry":{"type":"Point","coordinates":[-81.5823527,41.508171]}},
{"type":"Feature","properties":{"name":"Bethlehem Lutheran Church","religion":"christian","denomination":"lutheran","group":"lutheran"},"geometry":{"type":"Point","coordinates":[-81.5461979,41.5201975]}},
{"type":"Feature","properties":{"name":"Saints Constantine and Helen Greek Orthodox Cathedral","religion":"christian","denomination":"greek_orthodox","group":"greek_orthodox"},"geometry":{"type":"Point","coordinates":[-81.5596654,41.5188997]}},
{"type":"Feature","properties":{"name":"Disciples' Christian Church","religion":"christian","denomination":"christian","group":"christian"},"geometry":{"type":"Point","coordinates":[-81.5490542,41.5210219]}},
{"type":"Feature","properties":{"name":null,"religion":"christian","denomination":null,"group":"christian"},"geometry":{"type":"Point","coordinates":[-81.5494458,41.5210997]}},
{"type":"Feature","properties":{"name":"Congregation K'hal Yereim","religion":"jewish","denomination":"orthodox","group":"orthodox"},"geometry":{"type":"Point","coordinates":[-81.5553106,41.5115174]}},
{"type":"Feature","properties":{"name":"Congregation Shomre Shabbas","religion":"jewish","denomination":"orthodox","group":"orthodox"},"geometry":{"type":"Point","coordinates":[-81.5555597,41.5106194]}},
{"type":"Feature","properties":{"name":"Taylor Road Synagogue","religion":"jewish","denomination":null,"group":"jewish"},"geometry":{"type":"Point","coordinates":[-81.5565325,41.5064616]}},
{"type":"Feature","properties":{"name":"Forest Hill Church of Christ","religion":"christian","denomination":"protestant","group":"protestant"},"geometry":{"type":"Point","coordinates":[-81.5564846,41.5209258]}},
{"type":"Feature","properties":{"name":"Hiram Christian Church","religion":"christian","denomination":"protestant","group":"protestant"},"geometry":{"type":"Point","coordinates":[-81.1441823,41.3090966]}},
{"type":"Feature","properties":{"name":"St. Joe's","religion":"christian","denomination":"catholic","group":"catholic"},"geometry":{"type":"Point","coordinates":[-81.2295907,41.29257]}},
{"type":"Feature","properties":{"name":"Saint Ambrose Church","religion":"christian","denomination":"catholic","group":"catholic"},"geometry":{"type":"Point","coordinates":[-81.0967905,41.2830273]}},
{"type":"Feature","properties":{"name":"Hilltop Christian Church","religion":"christian","denomination":"protestant","group":"protestant"},"geometry":{"type":"Point","coordinates":[-81.2273817,41.2816997]}},
{"type":"Feature","properties":{"name":"Bethel Temple","religion":"christian","denomination":null,"group":"christian"},"geometry":{"type":"Point","coordinates":[-81.3792196,40.8250554]}},
{"type":"Feature","properties":{"name":"Saint Haralambos Greek Orthodox Church","religion":"christian","denomination":"greek_orthodox","group":"greek_orthodox"},"geometry":{"type":"Point","coordinates":[-81.3715227,40.824581]}},
{"type":"Feature","properties":{"name":"First Church of Christ","religion":"christian","denomination":null,"group":"christian"},"geometry":{"type":"Point","coordinates":[-81.367075,40.824237]}},
{"type":"Feature","properties":{"name":"Life Ministries International Church","religion":"christian","denomination":null,"group":"christian"},"geometry":{"type":"Point","coordinates":[-81.3667812,40.8267296]}},
{"type":"Feature","properties":{"name":"Christ Lutheran Church","religion":"christian","denomination":"lutheran","group":"lutheran"},"geometry":{"type":"Point","coordinates":[-81.2242998,41.2863849]}},
{"type":"Feature","properties":{"name":"Church on the Heights","religion":"christian","denomination":"protestant","group":"protestant"},"geometry":{"type":"Point","coordinates":[-81.5411896,41.5281186]}},
{"type":"Feature","properties":{"name":"Central Bible Baptist Church","religion":"christian","denomination":"baptist","group":"baptist"},"geometry":{"type":"Point","coordinates":[-81.5530543,41.536473]}},
{"type":"Feature","properties":{"name":"Hope Community Church","religion":"christian","denomination":null,"group":"christian"},"geometry":{"type":"Point","coordinates":[-81.4036765,41.2711927]}},
{"type":"Feature","properties":{"name":"Our Lady of Peace Catholic Church","religion":"christian","denomination":"roman_catholic","group":"roman_catholic"},"geometry":{"type":"Point","coordinates":[-81.5947522,41.4845044]}},
{"type":"Feature","properties":{"name":null,"religion":"christian","denomination":"methodist","group":"methodist"},"geometry":{"type":"Point","coordinates":[-81.5644987,41.4904151]}},
{"type":"Feature","properties":{"name":"First Church of Christ, Scientist","religion":"christian","denomination":"protestant","group":"protestant"},"geometry":{"type":"Point","coordinates":[-81.5654511,41.4872904]}},
{"type":"Feature","properties":{"name":null,"religion":"muslim","denomination":null,"group":"muslim"},"geometry":{"type":"Point","coordinates":[-81.6092991,41.4978269]}},
{"type":"Feature","properties":{"name":"Forest Hill Church","religion":"christian","denomination":"presbyterian","group":"presbyterian"},"geometry":{"type":"Point","coordinates":[-81.5698153,41.5192843]}},
{"type":"Feature","properties":{"name":null,"religion":"christian","denomination":null,"group":"christian"},"geometry":{"type":"Point","coordinates":[-81.6339745,41.52323]}},
{"type":"Feature","properties":{"name":"St. George Romanian Orthodox Church","religion":"christian","denomination":"romanian_orthodox","group":"romanian_orthodox"},"geometry":{"type":"Point","coordinates":[-81.3677359,40.8305238]}},
{"type":"Feature","properties":{"name":"Shaaray Torah Synagogue","religion":"jewish","denomination":null,"group":"jewish"},"geometry":{"type":"Point","coordinates":[-81.3737448,40.8304183]}},
{"type":"Feature","properties":{"name":"First Church of the Nazarene","religion":"christian","denomination":null,"group":"christian"},"geometry":{"type":"Point","coordinates":[-81.3753097,40.8305295]}},
{"type":"Feature","properties":{"name":"Orrville Mennonite Church","religion":"christian","denomination":null,"group":"christian"},"geometry":{"type":"Point","coordinates":[-81.7787164,40.8409518]}},
{"type":"Feature","properties":{"name":"Orrville Baptist Church","religion":"christian","denomination":null,"group":"christian"},"geometry":{"type":"Point","coordinates":[-81.7826957,40.8426549]}},
{"type":"Feature","properties":{"name":"Orrville Christian Church","religion":"christian","denomination":null,"group":"christian"},"geometry":{"type":"Point","coordinates":[-81.7759304,40.8483273]}},
{"type":"Feature","properties":{"name":null,"religion":"christian","denomination":null,"group":"christian"},"geometry":{"type":"Point","coordinates":[-81.7886104,40.8402877]}},
{"type":"Feature","properties":{"name":null,"religion":"christian","denomination":null,"group":"christian"},"geometry":{"type":"Point","coordinates":[-81.780325,40.8642486]}},
{"type":"Feature","properties":{"name":"Memorial Chapel","religion":"unknown","denomination":null,"group":"unknown"},"geometry":{"type":"Point","coordinates":[-82.3216137,40.8620518]}},
{"type":"Feature","properties":{"name":"St. Mark","religion":"christian","denomination":"coptic_orthodox","group":"coptic_orthodox"},"geometry":{"type":"Point","coordinates":[-81.6710675,41.3604557]}},
{"type":"Feature","properties":{"name":"Holy Transfiguration Byzantine Catholic Parish","religion":"christian","denomination":"greek_catholic","group":"greek_catholic"},"geometry":{"type":"Point","coordinates":[-81.3622287,41.71513]}},
{"type":"Feature","properties":{"name":"Immaculate Heart of Mary Parish","religion":"christian","denomination":"roman_catholic","group":"roman_catholic"},"geometry":{"type":"Point","coordinates":[-81.6424403,41.452253]}},
{"type":"Feature","properties":{"name":"Buna Vestire Romanian Orthodox Church","religion":"christian","denomination":"romanian_orthodox","group":"romanian_orthodox"},"geometry":{"type":"Point","coordinates":[-81.9227558,41.3859256]}},
{"type":"Feature","properties":{"name":"Ridgewood United Methodist Church","religion":"christian","denomination":"methodist","group":"methodist"},"geometry":{"type":"Point","coordinates":[-81.7351883,41.3911024]}},
{"type":"Feature","properties":{"name":"Temple Brith Emeth","religion":"unknown","denomination":null,"group":"unknown"},"geometry":{"type":"Point","coordinates":[-81.4846905,41.4810773]}},
{"type":"Feature","properties":{"name":"All Saints Lutheran Church","religion":"christian","denomination":"lutheran","group":"lutheran"},"geometry":{"type":"Point","coordinates":[-81.9038113,41.3857729]}},
{"type":"Feature","properties":{"name":"First Baptist Church","religion":"christian","denomination":"baptist","group":"baptist"},"geometry":{"type":"Point","coordinates":[-81.5490344,41.4857248]}},
{"type":"Feature","properties":{"name":"Zion Penecostal Church of Christ","religion":"christian","denomination":"oneness_pentecostal","group":"oneness_pentecostal"},"geometry":{"type":"Point","coordinates":[-81.5830996,41.448592]}},
{"type":"Feature","properties":{"name":"Christ Episcopal Church","religion":"christian","denomination":"anglican","group":"anglican"},"geometry":{"type":"Point","coordinates":[-81.5358375,41.4662268]}},
{"type":"Feature","properties":{"name":"Saint Paul's","religion":"christian","denomination":"roman_catholic","group":"roman_catholic"},"geometry":{"type":"Point","coordinates":[-81.6576553,41.5029309]}},
{"type":"Feature","properties":{"name":"Baitul Ahad","religion":"muslim","denomination":"ahmadiyya","group":"ahmadiyya"},"geometry":{"type":"Point","coordinates":[-81.5376579,41.4018389]}},
{"type":"Feature","properties":{"name":null,"religion":"christian","denomination":null,"group":"christian"},"geometry":{"type":"Point","coordinates":[-81.5368875,41.4229645]}},
{"type":"Feature","properties":{"name":"Jordan Stream Baptist Church","religion":"christian","denomination":"baptist","group":"baptist"},"geometry":{"type":"Point","coordinates":[-81.6516349,41.5169742]}},
{"type":"Feature","properties":{"name":"Saints Peter and Paul Orthodox Church","religion":"christian","denomination":"orthodox","group":"orthodox"},"geometry":{"type":"Point","coordinates":[-81.7777453,41.4767827]}},
{"type":"Feature","properties":{"name":"New Life at Calvary","religion":"christian","denomination":null,"group":"christian"},"geometry":{"type":"Point","coordinates":[-81.6340662,41.5030558]}},
{"type":"Feature","properties":{"name":"Solon United Methodist Church","religion":"christian","denomination":"methodist","group":"methodist"},"geometry":{"type":"Point","coordinates":[-81.4414707,41.4084002]}},
{"type":"Feature","properties":{"name":"Saint Emeric Roman Catholic Church","religion":"christian","denomination":"roman_catholic","group":"roman_catholic"},"geometry":{"type":"Point","coordinates":[-81.7023873,41.4866561]}},
{"type":"Feature","properties":{"name":"First Unitarian Church of Cleveland","religion":"unitarian_universalist","denomination":null,"group":"unitarian_universalist"},"geometry":{"type":"Point","coordinates":[-81.5275732,41.4770695]}},
{"type":"Feature","properties":{"name":"Apostolic Church","religion":"christian","denomination":null,"group":"christian"},"geometry":{"type":"Point","coordinates":[-81.5771964,40.9909716]}},
{"type":"Feature","properties":{"name":"Pioneer Presbyterian Church","religion":"christian","denomination":"presbyterian","group":"presbyterian"},"geometry":{"type":"Point","coordinates":[-81.4276408,41.3968953]}},
{"type":"Feature","properties":{"name":"Cleveland Christian Assembly of God","religion":"christian","denomination":null,"group":"christian"},"geometry":{"type":"Point","coordinates":[-81.6874127,41.4249842]}},
{"type":"Feature","properties":{"name":"Church of the Covenant","religion":"christian","denomination":"protestant","group":"protestant"},"geometry":{"type":"Point","coordinates":[-81.6073264,41.5082804]}},
{"type":"Feature","properties":{"name":"Saints Peter and Paul","religion":"christian","denomination":"roman_catholic","group":"roman_catholic"},"geometry":{"type":"Point","coordinates":[-81.616964,41.4302038]}},
{"type":"Feature","properties":{"name":"Saint Therese","religion":"christian","denomination":"roman_catholic","group":"roman_catholic"},"geometry":{"type":"Point","coordinates":[-81.61155,41.4176097]}},
{"type":"Feature","properties":{"name":"The Church of Jesus Christ of Latter-day Saints","religion":"christian","denomination":"mormon","group":"mormon"},"geometry":{"type":"Point","coordinates":[-81.1699549,41.2963255]}},
{"type":"Feature","properties":{"name":"Church of the Master","religion":"christian","denomination":"baptist","group":"baptist"},"geometry":{"type":"Point","coordinates":[-81.5340732,41.5349797]}},
{"type":"Feature","properties":{"name":"Transfiguration Parish","religion":"christian","denomination":"roman_catholic","group":"roman_catholic"},"geometry":{"type":"Point","coordinates":[-81.7769748,41.4777264]}},
{"type":"Feature","properties":{"name":"Saint Patrick's Catholic Church","religion":"christian","denomination":"roman_catholic","group":"roman_catholic"},"geometry":{"type":"Point","coordinates":[-81.7119589,41.4836635]}},
{"type":"Feature","properties":{"name":"Community Church","religion":"christian","denomination":null,"group":"christian"},"geometry":{"type":"Point","coordinates":[-81.4372579,41.4026708]}},
{"type":"Feature","properties":{"name":"Our Redeemer Lutheran Church","religion":"christian","denomination":"lutheran","group":"lutheran"},"geometry":{"type":"Point","coordinates":[-81.4384482,41.3628126]}},
{"type":"Feature","properties":{"name":"University Circle United Methodist Church","religion":"christian","denomination":"methodist","group":"methodist"},"geometry":{"type":"Point","coordinates":[-81.612631,41.5060399]}},
{"type":"Feature","properties":{"name":null,"religion":"christian","denomination":null,"group":"christian"},"geometry":{"type":"Point","coordinates":[-81.7350826,41.4439055]}},
{"type":"Feature","properties":{"name":"Aspinwall church of god","religion":"christian","denomination":"pentecostal","group":"pentecostal"},"geometry":{"type":"Point","coordinates":[-81.5796078,41.5581491]}},
{"type":"Feature","properties":{"name":"Scranton Road Baptist Church","religion":"christian","denomination":"baptist","group":"baptist"},"geometry":{"type":"Point","coordinates":[-81.696407,41.4701974]}},
{"type":"Feature","properties":{"name":null,"religion":"christian","denomination":null,"group":"christian"},"geometry":{"type":"Point","coordinates":[-81.6004896,41.4803945]}},
{"type":"Feature","properties":{"name":"Christ Lutheran Church","religion":"christian","denomination":null,"group":"christian"},"geometry":{"type":"Point","coordinates":[-81.7876086,41.4344478]}},
{"type":"Feature","properties":{"name":null,"religion":"unknown","denomination":null,"group":"unknown"},"geometry":{"type":"Point","coordinates":[-81.5916847,41.4704206]}},
{"type":"Feature","properties":{"name":"Church of Christ","religion":"christian","denomination":null,"group":"christian"},"geometry":{"type":"Point","coordinates":[-81.7848731,41.4564478]}},
{"type":"Feature","properties":{"name":"Christ United Methodist Church","religion":"christian","denomination":"methodist","group":"methodist"},"geometry":{"type":"Point","coordinates":[-81.7874208,41.4549857]}},
{"type":"Feature","properties":{"name":null,"religion":"christian","denomination":"jehovahs_witness","group":"jehovahs_witness"},"geometry":{"type":"Point","coordinates":[-81.3339301,41.1400688]}},
{"type":"Feature","properties":{"name":"Twinsburg Congregational Church","religion":"christian","denomination":null,"group":"christian"},"geometry":{"type":"Point","coordinates":[-81.4423241,41.3121028]}},
{"type":"Feature","properties":{"name":"Penfield Community Church","religion":"christian","denomination":null,"group":"christian"},"geometry":{"type":"Point","coordinates":[-82.1206689,41.1690496]}},
{"type":"Feature","properties":{"name":"Pittsfield United Church","religion":"christian","denomination":null,"group":"christian"},"geometry":{"type":"Point","coordinates":[-82.2191796,41.2363005]}},
{"type":"Feature","properties":{"name":"Emmanuel Baptist Church","religion":"christian","denomination":"baptist","group":"baptist"},"geometry":{"type":"Point","coordinates":[-81.6331383,41.493593]}},
{"type":"Feature","properties":{"name":"Bethany Baptist Church","religion":"christian","denomination":"baptist","group":"baptist"},"geometry":{"type":"Point","coordinates":[-81.6149012,41.5236252]}},
{"type":"Feature","properties":{"name":"Everlasting Missionary Baptist Church","religion":"christian","denomination":"baptist","group":"baptist"},"geometry":{"type":"Point","coordinates":[-81.6006905,41.5418404]}},
{"type":"Feature","properties":{"name":"Lee Memorial African Methodist Episcopal Church","religion":"christian","denomination":"methodist","group":"methodist"},"geometry":{"type":"Point","coordinates":[-81.6148102,41.5333106]}},
{"type":"Feature","properties":{"name":"Cedar Hill Baptist Church","religion":"christian","denomination":"baptist","group":"baptist"},"geometry":{"type":"Point","coordinates":[-81.5863372,41.5016982]}},
{"type":"Feature","properties":{"name":"First Cleveland Mosque","religion":"muslim","denomination":null,"group":"muslim"},"geometry":{"type":"Point","coordinates":[-81.5908506,41.4605854]}},
{"type":"Feature","properties":{"name":"Divine Revelation Church","religion":"christian","denomination":null,"group":"christian"},"geometry":{"type":"Point","coordinates":[-81.6231304,41.5206052]}},
{"type":"Feature","properties":{"name":"Zion United Methodist Church","religion":"christian","denomination":"methodist","group":"methodist"},"geometry":{"type":"Point","coordinates":[-81.426132,40.8087396]}},
{"type":"Feature","properties":{"name":null,"religion":"christian","denomination":null,"group":"christian"},"geometry":{"type":"Point","coordinates":[-81.3985991,40.8118341]}},
{"type":"Feature","properties":{"name":"The Church of Jesus Christ of Latter-day Saints","religion":"christian","denomination":"mormon","group":"mormon"},"geometry":{"type":"Point","coordinates":[-81.4364361,41.1178338]}},
{"type":"Feature","properties":{"name":"Brighton United Methodist Church","religion":"christian","denomination":"methodist","group":"methodist"},"geometry":{"type":"Point","coordinates":[-82.3093271,41.1704247]}},
{"type":"Feature","properties":{"name":"Brighton Congregational Church","religion":"christian","denomination":null,"group":"christian"},"geometry":{"type":"Point","coordinates":[-82.3093454,41.1716511]}},
{"type":"Feature","properties":{"name":null,"religion":"christian","denomination":null,"group":"christian"},"geometry":{"type":"Point","coordinates":[-81.5998145,41.4674971]}},
{"type":"Feature","properties":{"name":"Second St. John Missionary Baptist Church","religion":"christian","denomination":"baptist","group":"baptist"},"geometry":{"type":"Point","coordinates":[-81.5975567,41.5371519]}},
{"type":"Feature","properties":{"name":"First Covenant Church","religion":"christian","denomination":"christian","group":"christian"},"geometry":{"type":"Point","coordinates":[-81.4598285,41.5832222]}},
{"type":"Feature","properties":{"name":"St. Noel Catholic Church","religion":"christian","denomination":"catholic","group":"catholic"},"geometry":{"type":"Point","coordinates":[-81.4352318,41.5863982]}},
{"type":"Feature","properties":{"name":null,"religion":"christian","denomination":null,"group":"christian"},"geometry":{"type":"Point","coordinates":[-80.9796131,41.193317]}},
{"type":"Feature","properties":{"name":"Brecksville United Methodist Church","religion":"christian","denomination":"united_methodist","group":"united_methodist"},"geometry":{"type":"Point","coordinates":[-81.6273768,41.3208709]}},
{"type":"Feature","properties":{"name":"Christ the Saviour Orthodox Church","religion":"christian","denomination":"orthodox","group":"orthodox"},"geometry":{"type":"Point","coordinates":[-81.725336,41.3373894]}},
{"type":"Feature","properties":{"name":"Emmanuel Christian Church","religion":"christian","denomination":null,"group":"christian"},"geometry":{"type":"Point","coordinates":[-81.6304667,41.5204701]}},
{"type":"Feature","properties":{"name":"Saint Rocco","religion":"christian","denomination":"roman_catholic","group":"roman_catholic"},"geometry":{"type":"Point","coordinates":[-81.7066943,41.4669911]}},
{"type":"Feature","properties":{"name":"Kent Church of Christ","religion":"christian","denomination":"church_of_christ","group":"church_of_christ"},"geometry":{"type":"Point","coordinates":[-81.3561983,41.1509614]}},
{"type":"Feature","properties":{"name":"Sts. Cyril and Methodius Orthodox Church","religion":"christian","denomination":"orthodox","group":"orthodox"},"geometry":{"type":"Point","coordinates":[-82.2010031,41.4422285]}},
{"type":"Feature","properties":{"name":"The Word Church - Downtown","religion":"christian","denomination":null,"group":"christian"},"geometry":{"type":"Point","coordinates":[-81.6497838,41.485699]}},
{"type":"Feature","properties":{"name":"Cathedral of Tomorrow","religion":"christian","denomination":null,"group":"christian"},"geometry":{"type":"Point","coordinates":[-81.509622,41.1472631]}},
{"type":"Feature","properties":{"name":"Saint James African Methodist Episcopal Church","religion":"christian","denomination":"methodist","group":"methodist"},"geometry":{"type":"Point","coordinates":[-81.6282359,41.4999883]}},
{"type":"Feature","properties":{"name":"First Christian Church","religion":"christian","denomination":null,"group":"christian"},"geometry":{"type":"Point","coordinates":[-81.2422591,41.1542545]}},
{"type":"Feature","properties":{"name":"First United Methodist Church of Ravenna","religion":"christian","denomination":"methodist","group":"methodist"},"geometry":{"type":"Point","coordinates":[-81.24116,41.1552199]}},
{"type":"Feature","properties":{"name":null,"religion":"christian","denomination":null,"group":"christian"},"geometry":{"type":"Point","coordinates":[-81.6252699,41.4992278]}},
{"type":"Feature","properties":{"name":null,"religion":"christian","denomination":null,"group":"christian"},"geometry":{"type":"Point","coordinates":[-81.6286065,41.4998301]}},
{"type":"Feature","properties":{"name":"Masjid Warith Deen","religion":"muslim","denomination":null,"group":"muslim"},"geometry":{"type":"Point","coordinates":[-81.6380337,41.5194835]}},
{"type":"Feature","properties":{"name":"Igelsia Misionera Ebenezer","religion":"christian","denomination":"Assembly_of_Christian_Churches","group":"Assembly_of_Christian_Churches"},"geometry":{"type":"Point","coordinates":[-81.7204402,41.48634]}},
{"type":"Feature","properties":{"name":"New Life Christian Church","religion":"christian","denomination":"christian","group":"christian"},"geometry":{"type":"Point","coordinates":[-81.5094734,41.6175967]}},
{"type":"Feature","properties":{"name":"River of Life Ministries","religion":"christian","denomination":null,"group":"christian"},"geometry":{"type":"Point","coordinates":[-81.5110995,41.6169255]}},
{"type":"Feature","properties":{"name":"Ss. Robert & William Catholic Parish","religion":"christian","denomination":"catholic","group":"catholic"},"geometry":{"type":"Point","coordinates":[-81.502442,41.6161837]}},
{"type":"Feature","properties":{"name":"Valley Lutheran Church","religion":"christian","denomination":"Lutheran_Church_Missouri_Synod","group":"Lutheran_Church_Missouri_Synod"},"geometry":{"type":"Point","coordinates":[-81.3898651,41.4339569]}},
{"type":"Feature","properties":{"name":"First Church of Christ Scientist","religion":"christian","denomination":null,"group":"christian"},"geometry":{"type":"Point","coordinates":[-81.3932103,41.4294602]}},
{"type":"Feature","properties":{"name":"Shoregate United Methodist Church","religion":"christian","denomination":null,"group":"christian"},"geometry":{"type":"Point","coordinates":[-81.4733032,41.6390722]}},
{"type":"Feature","properties":{"name":"Lakeland Baptist Temple","religion":"christian","denomination":"baptist","group":"baptist"},"geometry":{"type":"Point","coordinates":[-81.449287,41.6588677]}},
{"type":"Feature","properties":{"name":"Masonic Temple","religion":"unknown","denomination":"mason","group":"mason"},"geometry":{"type":"Point","coordinates":[-81.3920482,41.4295671]}},
{"type":"Feature","properties":{"name":"Saint Mary of the Immaculate Conception","religion":"christian","denomination":"roman_catholic","group":"roman_catholic"},"geometry":{"type":"Point","coordinates":[-81.9337977,40.804809]}},
{"type":"Feature","properties":{"name":"Living Waters Church of God","religion":"unknown","denomination":null,"group":"unknown"},"geometry":{"type":"Point","coordinates":[-81.5098449,41.5981778]}},
{"type":"Feature","properties":{"name":"Church of the Epiphany","religion":"unknown","denomination":null,"group":"unknown"},"geometry":{"type":"Point","coordinates":[-81.5337683,41.6047361]}},
{"type":"Feature","properties":{"name":"First United Methodist Church","religion":"christian","denomination":"methodist","group":"methodist"},"geometry":{"type":"Point","coordinates":[-82.3184654,40.8697776]}},
{"type":"Feature","properties":{"name":"Boston Heights and Taiwanese Friends Church","religion":"christian","denomination":null,"group":"christian"},"geometry":{"type":"Point","coordinates":[-81.5033748,41.2545539]}},
{"type":"Feature","properties":{"name":"Pearlbrook Church of God","religion":"christian","denomination":null,"group":"christian"},"geometry":{"type":"Point","coordinates":[-81.7155908,41.4297271]}},
{"type":"Feature","properties":{"name":"Hudson Presbyterian Church","religion":"christian","denomination":null,"group":"christian"},"geometry":{"type":"Point","coordinates":[-81.4519298,41.2400417]}},
{"type":"Feature","properties":{"name":"Redeemer Lutheran Church","religion":"christian","denomination":"lutheran","group":"lutheran"},"geometry":{"type":"Point","coordinates":[-81.4504539,41.2394342]}},
{"type":"Feature","properties":{"name":null,"religion":"christian","denomination":"jehovahs_witness","group":"jehovahs_witness"},"geometry":{"type":"Point","coordinates":[-81.7273991,41.482903]}},
{"type":"Feature","properties":{"name":"Hungarian Reformed Church","religion":"christian","denomination":"united_church_of_christ","group":"united_church_of_christ"},"geometry":{"type":"Point","coordinates":[-81.2742072,41.7504615]}},
{"type":"Feature","properties":{"name":null,"religion":"christian","denomination":"catholic","group":"catholic"},"geometry":{"type":"Point","coordinates":[-81.3750676,41.4268047]}},
{"type":"Feature","properties":{"name":"Historical Museum of Christ","religion":"christian","denomination":null,"group":"christian"},"geometry":{"type":"Point","coordinates":[-82.2381671,41.4205287]}},
{"type":"Feature","properties":{"name":"First Assembly Of God Church","religion":"christian","denomination":null,"group":"christian"},"geometry":{"type":"Point","coordinates":[-82.0768642,41.3897228]}},
{"type":"Feature","properties":{"name":"New London United Methodist Church","religion":"christian","denomination":"methodist","group":"methodist"},"geometry":{"type":"Point","coordinates":[-82.3980186,41.0847201]}},
{"type":"Feature","properties":{"name":"Aurora United Methodist Church","religion":"christian","denomination":"united_methodist","group":"united_methodist"},"geometry":{"type":"Point","coordinates":[-81.3573853,41.3242887]}},
{"type":"Feature","properties":{"name":"Saints Peter and Paul Catholic Church","religion":"christian","denomination":"catholic","group":"catholic"},"geometry":{"type":"Point","coordinates":[-81.6992071,40.970434]}},
{"type":"Feature","properties":{"name":"Zion Evangelical Lutheran Church","religion":"christian","denomination":"lutheran","group":"lutheran"},"geometry":{"type":"Point","coordinates":[-81.6982157,40.9698165]}},
{"type":"Feature","properties":{"name":"Our Lady of the Lake Parish","religion":"christian","denomination":"catholic","group":"catholic"},"geometry":{"type":"Point","coordinates":[-81.540405,41.6017855]}},
{"type":"Feature","properties":{"name":"Windsor United Methodist Church","religion":"christian","denomination":"methodist","group":"methodist"},"geometry":{"type":"Point","coordinates":[-80.9354272,41.5355844]}},
{"type":"Feature","properties":{"name":"Union Baptist Church","religion":"christian","denomination":"baptist","group":"baptist"},"geometry":{"type":"Point","coordinates":[-81.3620895,41.1433275]}},
{"type":"Feature","properties":{"name":"Kirtland Christian Fellowship","religion":"christian","denomination":null,"group":"christian"},"geometry":{"type":"Point","coordinates":[-81.3451344,41.599342]}},
{"type":"Feature","properties":{"name":"Peninsula United Methodist Church","religion":"christian","denomination":"methodist","group":"methodist"},"geometry":{"type":"Point","coordinates":[-81.547748,41.2414386]}},
{"type":"Feature","properties":{"name":"The River Church","religion":"christian","denomination":null,"group":"christian"},"geometry":{"type":"Point","coordinates":[-80.8602736,41.260081]}},
{"type":"Feature","properties":{"name":"Church of the Holy Spirit","religion":"christian","denomination":null,"group":"christian"},"geometry":{"type":"Point","coordinates":[-80.8520732,41.2517061]}},
{"type":"Feature","properties":{"name":"South Main St. Church of God","religion":"unknown","denomination":"southern_baptist","group":"southern_baptist"},"geometry":{"type":"Point","coordinates":[-81.7817367,40.9652033]}},
{"type":"Feature","properties":{"name":"Shore Haven Lutheran Church","religion":"christian","denomination":"lutheran","group":"lutheran"},"geometry":{"type":"Point","coordinates":[-81.5274,41.6075013]}},
{"type":"Feature","properties":{"name":"East Mount Zion Baptist Church","religion":"christian","denomination":"baptist","group":"baptist"},"geometry":{"type":"Point","coordinates":[-81.6189061,41.5030923]}},
{"type":"Feature","properties":{"name":"Our Lady of Mount Carmel","religion":"christian","denomination":"roman_catholic","group":"roman_catholic"},"geometry":{"type":"Point","coordinates":[-81.7330659,41.4838739]}},
{"type":"Feature","properties":{"name":"Bethany Church","religion":"christian","denomination":null,"group":"christian"},"geometry":{"type":"Point","coordinates":[-81.9429762,41.104429]}},
{"type":"Feature","properties":{"name":"Church of Jesus Christ of Latter-day Saints Stake Center","religion":"unknown","denomination":"latter_day_saints","group":"latter_day_saints"},"geometry":{"type":"Point","coordinates":[-81.3647954,41.632185]}},
{"type":"Feature","properties":{"name":"Willo-Hill Baptist Church","religion":"christian","denomination":"baptist","group":"baptist"},"geometry":{"type":"Point","coordinates":[-81.3687777,41.6363536]}},
{"type":"Feature","properties":{"name":"Bedford Christian Church","religion":"christian","denomination":null,"group":"christian"},"geometry":{"type":"Point","coordinates":[-81.5363437,41.395808]}},
{"type":"Feature","properties":{"name":"Bedford First United Methodist Church","religion":"christian","denomination":"methodist","group":"methodist"},"geometry":{"type":"Point","coordinates":[-81.5373186,41.3953263]}},
{"type":"Feature","properties":{"name":null,"religion":"christian","denomination":null,"group":"christian"},"geometry":{"type":"Point","coordinates":[-81.4111578,41.1582425]}},
{"type":"Feature","properties":{"name":"Holy Family Catholic Church","religion":"christian","denomination":"catholic","group":"catholic"},"geometry":{"type":"Point","coordinates":[-81.4450354,41.1584226]}},
{"type":"Feature","properties":{"name":"Church of the Open Door","religion":"christian","denomination":null,"group":"christian"},"geometry":{"type":"Point","coordinates":[-81.9878273,41.4985644]}},
{"type":"Feature","properties":{"name":"Avon Lake Presbyterian Church","religion":"christian","denomination":"presbyterian","group":"presbyterian"},"geometry":{"type":"Point","coordinates":[-81.9990247,41.5107956]}},
{"type":"Feature","properties":{"name":"Brecksville United Church of Christ","religion":"christian","denomination":null,"group":"christian"},"geometry":{"type":"Point","coordinates":[-81.6279121,41.3196785]}},
{"type":"Feature","properties":{"name":"Church of Jesus Christ Kirtland Restoration Branch","religion":"unknown","denomination":"latter_day_saints","group":"latter_day_saints"},"geometry":{"type":"Point","coordinates":[-81.3576383,41.6171986]}},
{"type":"Feature","properties":{"name":"Calvary Baptist Church","religion":"christian","denomination":"baptist","group":"baptist"},"geometry":{"type":"Point","coordinates":[-82.0114686,41.5097579]}},
{"type":"Feature","properties":{"name":null,"religion":"christian","denomination":null,"group":"christian"},"geometry":{"type":"Point","coordinates":[-81.7857892,41.3875649]}},
{"type":"Feature","properties":{"name":"Holy Grounds Church of God","religion":"christian","denomination":null,"group":"christian"},"geometry":{"type":"Point","coordinates":[-81.2734312,41.6896506]}},
{"type":"Feature","properties":{"name":"Saint Martin of Tours Catholic Church","religion":"christian","denomination":"roman_catholic","group":"roman_catholic"},"geometry":{"type":"Point","coordinates":[-81.5809645,41.3931642]}},
{"type":"Feature","properties":{"name":null,"religion":"christian","denomination":null,"group":"christian"},"geometry":{"type":"Point","coordinates":[-82.342951,41.4062777]}},
{"type":"Feature","properties":{"name":"Alliance Friends Church","religion":"christian","denomination":null,"group":"christian"},"geometry":{"type":"Point","coordinates":[-81.1254119,40.9028895]}},
{"type":"Feature","properties":{"name":"St. Nicholas Romanian Orthodox Church","religion":"christian","denomination":"romanian_orthodox","group":"romanian_orthodox"},"geometry":{"type":"Point","coordinates":[-81.1353226,40.9059822]}},
{"type":"Feature","properties":{"name":"Southside","religion":"christian","denomination":"church_of_god","group":"church_of_god"},"geometry":{"type":"Point","coordinates":[-81.1339155,40.9070942]}},
{"type":"Feature","properties":{"name":"Church of the Nazarene","religion":"christian","denomination":null,"group":"christian"},"geometry":{"type":"Point","coordinates":[-81.100636,40.9152334]}},
{"type":"Feature","properties":{"name":null,"religion":"christian","denomination":null,"group":"christian"},"geometry":{"type":"Point","coordinates":[-81.9005266,41.3763295]}},
{"type":"Feature","properties":{"name":"Saint Dominics Catholic Church","religion":"christian","denomination":"catholic","group":"catholic"},"geometry":{"type":"Point","coordinates":[-81.5455017,41.4661913]}},
{"type":"Feature","properties":{"name":"Grace Covenant Church","religion":"christian","denomination":null,"group":"christian"},"geometry":{"type":"Point","coordinates":[-81.8785381,41.38406]}},
{"type":"Feature","properties":{"name":null,"religion":"christian","denomination":null,"group":"christian"},"geometry":{"type":"Point","coordinates":[-81.7307365,41.4803711]}},
{"type":"Feature","properties":{"name":"Saint James Catholic Church","religion":"christian","denomination":"roman_catholic","group":"roman_catholic"},"geometry":{"type":"Point","coordinates":[-81.8170425,41.4858528]}},
{"type":"Feature","properties":{"name":"Holy Rosary Church","religion":"christian","denomination":"roman_catholic","group":"roman_catholic"},"geometry":{"type":"Point","coordinates":[-81.5986615,41.5089953]}},
{"type":"Feature","properties":{"name":null,"religion":"christian","denomination":null,"group":"christian"},"geometry":{"type":"Point","coordinates":[-81.6160074,41.4867352]}},
{"type":"Feature","properties":{"name":null,"religion":"christian","denomination":null,"group":"christian"},"geometry":{"type":"Point","coordinates":[-81.6094574,41.4864564]}},
{"type":"Feature","properties":{"name":"Chesterland Baptist Church","religion":"christian","denomination":"baptist","group":"baptist"},"geometry":{"type":"Point","coordinates":[-81.3384045,41.5240917]}},
{"type":"Feature","properties":{"name":"Bethany Evangelical Lutheran Church","religion":"christian","denomination":"lutheran","group":"lutheran"},"geometry":{"type":"Point","coordinates":[-81.7338353,41.3984067]}},
{"type":"Feature","properties":{"name":"First Baptist Church","religion":"christian","denomination":null,"group":"christian"},"geometry":{"type":"Point","coordinates":[-81.7349333,41.4000982]}},
{"type":"Feature","properties":{"name":"Saint Charles Catholic Church","religion":"christian","denomination":"roman_catholic","group":"roman_catholic"},"geometry":{"type":"Point","coordinates":[-81.7340069,41.4028727]}},
{"type":"Feature","properties":{"name":"Christ the King Vineyard Church","religion":"christian","denomination":"evangelical","group":"evangelical"},"geometry":{"type":"Point","coordinates":[-81.9577108,41.3978346]}},
{"type":"Feature","properties":{"name":"Church of the Open Door Vermilion Campus","religion":"christian","denomination":null,"group":"christian"},"geometry":{"type":"Point","coordinates":[-82.3510962,41.4118148]}},
{"type":"Feature","properties":{"name":null,"religion":"christian","denomination":null,"group":"christian"},"geometry":{"type":"Point","coordinates":[-82.3631375,41.4208752]}},
{"type":"Feature","properties":{"name":"Our Saviour's Lutheran Church","religion":"christian","denomination":"lutheran","group":"lutheran"},"geometry":{"type":"Point","coordinates":[-81.7440442,41.238909]}},
{"type":"Feature","properties":{"name":"Bethel Baptist Church","religion":"christian","denomination":"baptist","group":"baptist"},"geometry":{"type":"Point","coordinates":[-82.3708683,40.9805351]}},
{"type":"Feature","properties":{"name":"Bethel Cleveland","religion":"christian","denomination":"nondenominational","group":"nondenominational"},"geometry":{"type":"Point","coordinates":[-81.8159098,41.3725172]}},
{"type":"Feature","properties":{"name":"Revived Chapel","religion":"christian","denomination":null,"group":"christian"},"geometry":{"type":"Point","coordinates":[-81.7358484,41.4468099]}},
{"type":"Feature","properties":{"name":"Independence United Methodist Church","religion":"christian","denomination":"united_methodist","group":"united_methodist"},"geometry":{"type":"Point","coordinates":[-81.640669,41.3824608]}},
{"type":"Feature","properties":{"name":"Grafton United Methodist Church","religion":"christian","denomination":null,"group":"christian"},"geometry":{"type":"Point","coordinates":[-82.0552966,41.2712042]}},
{"type":"Feature","properties":{"name":"Oberlin Unitarian Universalist Fellowship","religion":"unitarian_universalist","denomination":null,"group":"unitarian_universalist"},"geometry":{"type":"Point","coordinates":[-82.2042832,41.2936709]}},
{"type":"Feature","properties":{"name":"Chabad - Oberlin College","religion":"jewish","denomination":null,"group":"jewish"},"geometry":{"type":"Point","coordinates":[-82.2145709,41.2947364]}},
{"type":"Feature","properties":{"name":"Peace Community Church","religion":"christian","denomination":"baptist","group":"baptist"},"geometry":{"type":"Point","coordinates":[-82.2157104,41.2945138]}},
{"type":"Feature","properties":{"name":null,"religion":"christian","denomination":null,"group":"christian"},"geometry":{"type":"Point","coordinates":[-81.5233479,41.0876156]}},
{"type":"Feature","properties":{"name":"Oberlin House of the Lord","religion":"christian","denomination":null,"group":"christian"},"geometry":{"type":"Point","coordinates":[-82.2260456,41.2984839]}},
{"type":"Feature","properties":{"name":"Grace Lutheran Church","religion":"christian","denomination":"lutheran","group":"lutheran"},"geometry":{"type":"Point","coordinates":[-82.2286096,41.2946198]}},
{"type":"Feature","properties":{"name":"Sacred Heart Church","religion":"christian","denomination":"roman_catholic","group":"roman_catholic"},"geometry":{"type":"Point","coordinates":[-82.2329586,41.2954822]}},
{"type":"Feature","properties":{"name":"Ressurection Lutheran Church","religion":"christian","denomination":"lutheran","group":"lutheran"},"geometry":{"type":"Point","coordinates":[-81.4427372,41.1670177]}},
{"type":"Feature","properties":{"name":"St. Peter's Lutheran Church","religion":"christian","denomination":"lutheran","group":"lutheran"},"geometry":{"type":"Point","coordinates":[-81.552929,41.465784]}},
{"type":"Feature","properties":{"name":"East View United Church of Christ","religion":"christian","denomination":"united_church_of_christ","group":"united_church_of_christ"},"geometry":{"type":"Point","coordinates":[-81.5585543,41.4658137]}},
{"type":"Feature","properties":{"name":"The Church of Jesus Christ of Latter-day Saints","religion":"christian","denomination":"mormon","group":"mormon"},"geometry":{"type":"Point","coordinates":[-81.6820854,41.4057825]}},
{"type":"Feature","properties":{"name":"Wooster Seventh-day Adventist Church","religion":"christian","denomination":"seventh_day_adventist","group":"seventh_day_adventist"},"geometry":{"type":"Point","coordinates":[-81.9375233,40.8032925]}},
{"type":"Feature","properties":{"name":"Antioch Missionary Baptist Church","religion":"christian","denomination":"baptist","group":"baptist"},"geometry":{"type":"Point","coordinates":[-81.6249538,41.5000735]}},
{"type":"Feature","properties":{"name":"Ashland Christian Church","religion":"christian","denomination":"church_of_christ","group":"church_of_christ"},"geometry":{"type":"Point","coordinates":[-82.3093209,40.88208]}},
{"type":"Feature","properties":{"name":"Saint Francis DeSales Catholic Church","religion":"christian","denomination":"catholic","group":"catholic"},"geometry":{"type":"Point","coordinates":[-81.7099911,41.4045769]}},
{"type":"Feature","properties":{"name":"Saint Marys Polish National Catholic Church","religion":"christian","denomination":"polish_catholic","group":"polish_catholic"},"geometry":{"type":"Point","coordinates":[-81.6935167,41.4150715]}},
{"type":"Feature","properties":{"name":"Parma Lutheran Church","religion":"christian","denomination":"lutheran","group":"lutheran"},"geometry":{"type":"Point","coordinates":[-81.6951667,41.4167681]}},
{"type":"Feature","properties":{"name":"Ridge Road Evangelical Community Church","religion":"christian","denomination":null,"group":"christian"},"geometry":{"type":"Point","coordinates":[-81.7350648,41.398305]}},
{"type":"Feature","properties":{"name":null,"religion":"christian","denomination":null,"group":"christian"},"geometry":{"type":"Point","coordinates":[-81.7363214,41.4352061]}},
{"type":"Feature","properties":{"name":"Saint Thomas More Catholic Church","religion":"christian","denomination":"roman_catholic","group":"roman_catholic"},"geometry":{"type":"Point","coordinates":[-81.7402454,41.4422479]}},
{"type":"Feature","properties":{"name":"Saint Elias","religion":"christian","denomination":null,"group":"christian"},"geometry":{"type":"Point","coordinates":[-81.7410941,41.4390844]}},
{"type":"Feature","properties":{"name":"Mentor Chrstain Church","religion":"christian","denomination":null,"group":"christian"},"geometry":{"type":"Point","coordinates":[-81.3271011,41.6728336]}},
{"type":"Feature","properties":{"name":"Good Samaritan Church","religion":"christian","denomination":null,"group":"christian"},"geometry":{"type":"Point","coordinates":[-82.2107355,41.1696621]}},
{"type":"Feature","properties":{"name":"Grace Brethren Church","religion":"christian","denomination":null,"group":"christian"},"geometry":{"type":"Point","coordinates":[-81.8568574,41.3836776]}},
{"type":"Feature","properties":{"name":null,"religion":"christian","denomination":null,"group":"christian"},"geometry":{"type":"Point","coordinates":[-81.8576459,41.3826674]}},
{"type":"Feature","properties":{"name":"Mentor Church of Christ","religion":"christian","denomination":"church_of_christ","group":"church_of_christ"},"geometry":{"type":"Point","coordinates":[-81.3301792,41.6747188]}},
{"type":"Feature","properties":{"name":"La Nueva Jerusalem","religion":"christian","denomination":"assemblies_of_god","group":"assemblies_of_god"},"geometry":{"type":"Point","coordinates":[-81.6895223,41.4811066]}},
{"type":"Feature","properties":{"name":null,"religion":"christian","denomination":null,"group":"christian"},"geometry":{"type":"Point","coordinates":[-80.877057,41.2403744]}},
{"type":"Feature","properties":{"name":"Holy Trinity Anglican Church","religion":"christian","denomination":"anglican","group":"anglican"},"geometry":{"type":"Point","coordinates":[-81.4470892,41.2415207]}},
{"type":"Feature","properties":{"name":"Immaculate Heart of Mary Church","religion":"christian","denomination":"catholic","group":"catholic"},"geometry":{"type":"Point","coordinates":[-81.5052147,41.1484648]}},
{"type":"Feature","properties":{"name":null,"religion":"christian","denomination":null,"group":"christian"},"geometry":{"type":"Point","coordinates":[-80.856266,41.2534299]}},
{"type":"Feature","properties":{"name":"New Song Church","religion":"christian","denomination":null,"group":"christian"},"geometry":{"type":"Point","coordinates":[-81.4624904,41.430347]}},
{"type":"Feature","properties":{"name":"St. Rita's","religion":"christian","denomination":"catholic","group":"catholic"},"geometry":{"type":"Point","coordinates":[-81.4449564,41.3842789]}},
{"type":"Feature","properties":{"name":"Advent Lutheran Church","religion":"christian","denomination":"lutheran","group":"lutheran"},"geometry":{"type":"Point","coordinates":[-81.4658943,41.4087872]}},
{"type":"Feature","properties":{"name":null,"religion":"christian","denomination":null,"group":"christian"},"geometry":{"type":"Point","coordinates":[-81.4863059,41.4058563]}},
{"type":"Feature","properties":{"name":"Federated Church","religion":"christian","denomination":null,"group":"christian"},"geometry":{"type":"Point","coordinates":[-81.3888376,41.4317713]}},
{"type":"Feature","properties":{"name":"First United Church of Christ Eastlake","religion":"christian","denomination":"united_church_of_christ","group":"united_church_of_christ"},"geometry":{"type":"Point","coordinates":[-81.4469278,41.6627527]}},
{"type":"Feature","properties":{"name":"Willo-Lake Church of Nazarene","religion":"christian","denomination":"nazarene","group":"nazarene"},"geometry":{"type":"Point","coordinates":[-81.4390397,41.6624517]}},
{"type":"Feature","properties":{"name":"Christian Science Church","religion":"christian","denomination":"christ_scientist","group":"christ_scientist"},"geometry":{"type":"Point","coordinates":[-81.4103081,41.6311891]}},
{"type":"Feature","properties":{"name":"Trinity Lutheran Church","religion":"christian","denomination":"lutheran","group":"lutheran"},"geometry":{"type":"Point","coordinates":[-81.4124025,41.6321055]}},
{"type":"Feature","properties":{"name":"Willoughby Bible Church","religion":"christian","denomination":"christian","group":"christian"},"geometry":{"type":"Point","coordinates":[-81.4104201,41.6353951]}},
{"type":"Feature","properties":{"name":"First Baptist Church of Willowick","religion":"christian","denomination":"baptist","group":"baptist"},"geometry":{"type":"Point","coordinates":[-81.4673107,41.6428547]}},
{"type":"Feature","properties":{"name":"Saint Mary Magdalene Catholic Parish","religion":"christian","denomination":"catholic","group":"catholic"},"geometry":{"type":"Point","coordinates":[-81.4602457,41.6420859]}},
{"type":"Feature","properties":{"name":"Bethel Lutheran Church","religion":"christian","denomination":"lutheran","group":"lutheran"},"geometry":{"type":"Point","coordinates":[-81.4572462,41.6417561]}},
{"type":"Feature","properties":{"name":"Eastlake Baptist Church","religion":"christian","denomination":"baptist","group":"baptist"},"geometry":{"type":"Point","coordinates":[-81.4361039,41.6496088]}},
{"type":"Feature","properties":{"name":"Saint Justin Martyr Parish","religion":"christian","denomination":"catholic","group":"catholic"},"geometry":{"type":"Point","coordinates":[-81.4330842,41.6489466]}},
{"type":"Feature","properties":{"name":"Erieside Church on the Boulevard","religion":"christian","denomination":"christian","group":"christian"},"geometry":{"type":"Point","coordinates":[-81.4662956,41.6467041]}},
{"type":"Feature","properties":{"name":"Beautiful Gate Fellowship Church","religion":"christian","denomination":null,"group":"christian"},"geometry":{"type":"Point","coordinates":[-81.4746972,41.5975859]}},
{"type":"Feature","properties":{"name":"Saint Augustine Roman Catholic Church","religion":"christian","denomination":"roman_catholic","group":"roman_catholic"},"geometry":{"type":"Point","coordinates":[-81.6919232,41.4786616]}},
{"type":"Feature","properties":{"name":"Vineyard Community Church","religion":"christian","denomination":"vineyard","group":"vineyard"},"geometry":{"type":"Point","coordinates":[-81.4629317,41.6071662]}},
{"type":"Feature","properties":{"name":"Wickliffe Presbyterian Church","religion":"christian","denomination":null,"group":"christian"},"geometry":{"type":"Point","coordinates":[-81.4644336,41.6060036]}},
{"type":"Feature","properties":{"name":"Emmanuel African Methodist Episcopal Zion Church","religion":"christian","denomination":"african_methodist_episcopal_zion","group":"african_methodist_episcopal_zion"},"geometry":{"type":"Point","coordinates":[-81.6502967,41.5080814]}},
{"type":"Feature","properties":{"name":"Strongsville United Church of Christ","religion":"christian","denomination":null,"group":"christian"},"geometry":{"type":"Point","coordinates":[-81.8359034,41.3144083]}},
{"type":"Feature","properties":{"name":"Pilgrim Congregational United Church of Christ","religion":"christian","denomination":null,"group":"christian"},"geometry":{"type":"Point","coordinates":[-81.6918783,41.4768937]}},
{"type":"Feature","properties":{"name":"Saint George Orthodox Church","religion":"christian","denomination":"orthodox","group":"orthodox"},"geometry":{"type":"Point","coordinates":[-81.6907554,41.4770535]}},
{"type":"Feature","properties":{"name":null,"religion":"christian","denomination":null,"group":"christian"},"geometry":{"type":"Point","coordinates":[-81.6917603,41.4776868]}},
{"type":"Feature","properties":{"name":"Saint Theodosius Orthodox Cathedral","religion":"christian","denomination":"orthodox","group":"orthodox"},"geometry":{"type":"Point","coordinates":[-81.6817636,41.4771961]}},
{"type":"Feature","properties":{"name":"First Christian Church","religion":"christian","denomination":null,"group":"christian"},"geometry":{"type":"Point","coordinates":[-81.4847372,41.1375549]}},
{"type":"Feature","properties":{"name":"First United Methodist Church","religion":"christian","denomination":"methodist","group":"methodist"},"geometry":{"type":"Point","coordinates":[-81.4853336,41.1370211]}},
{"type":"Feature","properties":{"name":"St. John's Episcopal Church","religion":"christian","denomination":"episcopal","group":"episcopal"},"geometry":{"type":"Point","coordinates":[-81.4845398,41.1368751]}},
{"type":"Feature","properties":{"name":"Saint Andrew Kim","religion":"christian","denomination":"roman_catholic","group":"roman_catholic"},"geometry":{"type":"Point","coordinates":[-81.6917013,41.4806489]}},
{"type":"Feature","properties":{"name":"Saint Pauls United Presbyterian Church","religion":"christian","denomination":null,"group":"christian"},"geometry":{"type":"Point","coordinates":[-81.3414572,41.7147368]}},
{"type":"Feature","properties":{"name":"Saint Monicas Catholic Church","religion":"christian","denomination":"roman_catholic","group":"roman_catholic"},"geometry":{"type":"Point","coordinates":[-81.5885685,41.402401]}},
{"type":"Feature","properties":{"name":"St. Andrew Eastern Orthodox Church","religion":"christian","denomination":"orthodox","group":"orthodox"},"geometry":{"type":"Point","coordinates":[-81.5702786,41.4011416]}},
{"type":"Feature","properties":{"name":"Saint John Lutheran Church","religion":"christian","denomination":"lutheran","group":"lutheran"},"geometry":{"type":"Point","coordinates":[-81.6054085,41.4173141]}},
{"type":"Feature","properties":{"name":"Bethany Covenant Church","religion":"christian","denomination":null,"group":"christian"},"geometry":{"type":"Point","coordinates":[-81.4953896,41.5300986]}},
{"type":"Feature","properties":{"name":null,"religion":"christian","denomination":null,"group":"christian"},"geometry":{"type":"Point","coordinates":[-81.6025406,41.4797098]}},
{"type":"Feature","properties":{"name":null,"religion":"christian","denomination":null,"group":"christian"},"geometry":{"type":"Point","coordinates":[-81.5084813,41.5373909]}},
{"type":"Feature","properties":{"name":"Pilgrim United Church of Christ","religion":"christian","denomination":null,"group":"christian"},"geometry":{"type":"Point","coordinates":[-81.4843033,41.1333787]}},
{"type":"Feature","properties":{"name":"Shoreline Church","religion":"christian","denomination":"nondenominational","group":"nondenominational"},"geometry":{"type":"Point","coordinates":[-81.3930275,41.6434935]}},
{"type":"Feature","properties":{"name":"Huntsburg Baptist Church","religion":"christian","denomination":"baptist","group":"baptist"},"geometry":{"type":"Point","coordinates":[-81.0566343,41.5343527]}},
{"type":"Feature","properties":{"name":"Saint Stanislaus Catholic Church","religion":"christian","denomination":"roman_catholic","group":"roman_catholic"},"geometry":{"type":"Point","coordinates":[-81.6446243,41.459058]}},
{"type":"Feature","properties":{"name":null,"religion":"christian","denomination":"jehovahs_witness","group":"jehovahs_witness"},"geometry":{"type":"Point","coordinates":[-81.3222692,40.8371277]}},
{"type":"Feature","properties":{"name":"Bethel Free Will Baptist Church","religion":"christian","denomination":null,"group":"christian"},"geometry":{"type":"Point","coordinates":[-81.710135,41.4628301]}},
{"type":"Feature","properties":{"name":"Saint John the Baptist Byzantine Catholic Church","religion":"christian","denomination":"byzantine_catholic","group":"byzantine_catholic"},"geometry":{"type":"Point","coordinates":[-81.6931233,41.4034132]}},
{"type":"Feature","properties":{"name":null,"religion":"christian","denomination":null,"group":"christian"},"geometry":{"type":"Point","coordinates":[-81.6937027,41.4031306]}},
{"type":"Feature","properties":{"name":"Holy Resurrection Orthodox Church","religion":"christian","denomination":null,"group":"christian"},"geometry":{"type":"Point","coordinates":[-81.9567365,41.3998039]}},
{"type":"Feature","properties":{"name":"Madison Park United Methodist Church","religion":"christian","denomination":"methodist","group":"methodist"},"geometry":{"type":"Point","coordinates":[-81.0493983,41.7702921]}},
{"type":"Feature","properties":{"name":"Central Congregational Church","religion":"christian","denomination":null,"group":"christian"},"geometry":{"type":"Point","coordinates":[-81.0486311,41.7706083]}},
{"type":"Feature","properties":{"name":"Primera Iglesia Pentecostal Alpha Y Omega","religion":"christian","denomination":"pentecostal","group":"pentecostal"},"geometry":{"type":"Point","coordinates":[-81.7274689,41.4824629]}},
{"type":"Feature","properties":{"name":"Bethany Presbyterian Church","religion":"christian","denomination":"presbyterian","group":"presbyterian"},"geometry":{"type":"Point","coordinates":[-81.7298842,41.4829064]}},
{"type":"Feature","properties":{"name":"Iglesia Del Salvador","religion":"christian","denomination":null,"group":"christian"},"geometry":{"type":"Point","coordinates":[-81.7203695,41.4841988]}},
{"type":"Feature","properties":{"name":"Calvary Reformed Church","religion":"christian","denomination":null,"group":"christian"},"geometry":{"type":"Point","coordinates":[-81.7305129,41.4794013]}},
{"type":"Feature","properties":{"name":"New Beginning Ministries","religion":"christian","denomination":null,"group":"christian"},"geometry":{"type":"Point","coordinates":[-81.7305293,41.4753995]}},
{"type":"Feature","properties":{"name":"Saint Pauls Evangelical Lutheran Church","religion":"christian","denomination":"lutheran","group":"lutheran"},"geometry":{"type":"Point","coordinates":[-81.735739,41.4748978]}},
{"type":"Feature","properties":{"name":"Saint Colmans Catholic Church","religion":"christian","denomination":"roman_catholic","group":"roman_catholic"},"geometry":{"type":"Point","coordinates":[-81.7292571,41.4765784]}},
{"type":"Feature","properties":{"name":"St Paul's Community Church","religion":"christian","denomination":null,"group":"christian"},"geometry":{"type":"Point","coordinates":[-81.7174109,41.4847659]}},
{"type":"Feature","properties":{"name":"Franklin Circle Christian Church","religion":"christian","denomination":null,"group":"christian"},"geometry":{"type":"Point","coordinates":[-81.7090625,41.4869976]}},
{"type":"Feature","properties":{"name":null,"religion":"christian","denomination":null,"group":"christian"},"geometry":{"type":"Point","coordinates":[-81.7226068,41.483597]}},
{"type":"Feature","properties":{"name":"St. Helena Romanian Catholic Church","religion":"christian","denomination":null,"group":"christian"},"geometry":{"type":"Point","coordinates":[-81.7299408,41.4848499]}},
{"type":"Feature","properties":{"name":null,"religion":"christian","denomination":null,"group":"christian"},"geometry":{"type":"Point","coordinates":[-81.3345274,41.4240911]}},
{"type":"Feature","properties":{"name":null,"religion":"christian","denomination":null,"group":"christian"},"geometry":{"type":"Point","coordinates":[-81.6859112,41.3932101]}},
{"type":"Feature","properties":{"name":"Bethlehem Lutheran Church","religion":"christian","denomination":null,"group":"christian"},"geometry":{"type":"Point","coordinates":[-81.7187762,41.3613212]}},
{"type":"Feature","properties":{"name":"Saint Clements Catholic Church","religion":"christian","denomination":"roman_catholic","group":"roman_catholic"},"geometry":{"type":"Point","coordinates":[-81.79513,41.47702]}},
{"type":"Feature","properties":{"name":null,"religion":"christian","denomination":null,"group":"christian"},"geometry":{"type":"Point","coordinates":[-81.7148322,41.4779616]}},
{"type":"Feature","properties":{"name":null,"religion":"christian","denomination":"methodist","group":"methodist"},"geometry":{"type":"Point","coordinates":[-80.8683934,41.5329218]}},
{"type":"Feature","properties":{"name":"St. Mary","religion":"christian","denomination":"catholic","group":"catholic"},"geometry":{"type":"Point","coordinates":[-80.8683828,41.5378969]}},
{"type":"Feature","properties":{"name":"Riverwoods Community Chapel","religion":"christian","denomination":null,"group":"christian"},"geometry":{"type":"Point","coordinates":[-81.3898272,41.168777]}},
{"type":"Feature","properties":{"name":"Fairmont Emmanuel Church","religion":"christian","denomination":null,"group":"christian"},"geometry":{"type":"Point","coordinates":[-81.1051005,40.8718023]}},
{"type":"Feature","properties":{"name":"Paradise United Church of Christ","religion":"christian","denomination":null,"group":"christian"},"geometry":{"type":"Point","coordinates":[-81.2550997,40.8381287]}},
{"type":"Feature","properties":{"name":"Louisville Church of Christ","religion":"christian","denomination":"church_of_christ","group":"church_of_christ"},"geometry":{"type":"Point","coordinates":[-81.2747445,40.8539857]}},
{"type":"Feature","properties":{"name":"Becon of Hope Community Church","religion":"christian","denomination":"first_bethren","group":"first_bethren"},"geometry":{"type":"Point","coordinates":[-81.2508348,40.8385415]}},
{"type":"Feature","properties":{"name":"Valley Chapel","religion":"christian","denomination":null,"group":"christian"},"geometry":{"type":"Point","coordinates":[-81.3195495,40.8049866]}},
{"type":"Feature","properties":{"name":"Canton Gospel Center","religion":"christian","denomination":null,"group":"christian"},"geometry":{"type":"Point","coordinates":[-81.38334,40.8238668]}},
{"type":"Feature","properties":{"name":"Grace United Church of Christ","religion":"christian","denomination":null,"group":"christian"},"geometry":{"type":"Point","coordinates":[-81.3830688,40.8232812]}},
{"type":"Feature","properties":{"name":"Center Church of the Brethren","religion":"christian","denomination":null,"group":"christian"},"geometry":{"type":"Point","coordinates":[-81.2794899,40.8143988]}},
{"type":"Feature","properties":{"name":"Bethel Lutheran Church","religion":"christian","denomination":"lutheran","group":"lutheran"},"geometry":{"type":"Point","coordinates":[-81.4054904,40.8055818]}},
{"type":"Feature","properties":{"name":"Saint Anthony of Padua Church","religion":"christian","denomination":"roman_catholic","group":"roman_catholic"},"geometry":{"type":"Point","coordinates":[-81.7128844,41.3813357]}},
{"type":"Feature","properties":{"name":null,"religion":"christian","denomination":null,"group":"christian"},"geometry":{"type":"Point","coordinates":[-82.3673907,41.4011998]}},
{"type":"Feature","properties":{"name":"First Assembly of God","religion":"christian","denomination":null,"group":"christian"},"geometry":{"type":"Point","coordinates":[-82.3527327,41.4104425]}},
{"type":"Feature","properties":{"name":null,"religion":"christian","denomination":null,"group":"christian"},"geometry":{"type":"Point","coordinates":[-82.3664817,41.4159786]}},
{"type":"Feature","properties":{"name":"Grace Church","religion":"christian","denomination":null,"group":"christian"},"geometry":{"type":"Point","coordinates":[-82.3915471,41.4132539]}},
{"type":"Feature","properties":{"name":null,"religion":"christian","denomination":null,"group":"christian"},"geometry":{"type":"Point","coordinates":[-82.3613421,41.4123028]}},
{"type":"Feature","properties":{"name":"Foursquare Gospel Church","religion":"christian","denomination":null,"group":"christian"},"geometry":{"type":"Point","coordinates":[-82.3654514,41.4180215]}},
{"type":"Feature","properties":{"name":"Trinity Lutheran Church","religion":"christian","denomination":"lutheran","group":"lutheran"},"geometry":{"type":"Point","coordinates":[-82.3229089,41.4240196]}},
{"type":"Feature","properties":{"name":"James S. Thomas United Methodist Church","religion":"christian","denomination":"united_methodist","group":"united_methodist"},"geometry":{"type":"Point","coordinates":[-81.3265713,40.8334553]}},
{"type":"Feature","properties":{"name":"Canton Freewill Baptist Church","religion":"christian","denomination":"free_will_baptist","group":"free_will_baptist"},"geometry":{"type":"Point","coordinates":[-81.3282115,40.8275784]}},
{"type":"Feature","properties":{"name":"Fairhope Evangelical United Brethren Church","religion":"christian","denomination":null,"group":"christian"},"geometry":{"type":"Point","coordinates":[-81.286358,40.8327838]}},
{"type":"Feature","properties":{"name":"Vermilion Evangelical and Reformed Church","religion":"christian","denomination":null,"group":"christian"},"geometry":{"type":"Point","coordinates":[-82.3664717,41.4203471]}},
{"type":"Feature","properties":{"name":"Hartville Church of Christ","religion":"christian","denomination":null,"group":"christian"},"geometry":{"type":"Point","coordinates":[-81.3420524,40.9674876]}},
{"type":"Feature","properties":{"name":"King Church","religion":"christian","denomination":null,"group":"christian"},"geometry":{"type":"Point","coordinates":[-81.3646954,40.968598]}},
{"type":"Feature","properties":{"name":"Hartville Church of God","religion":"christian","denomination":null,"group":"christian"},"geometry":{"type":"Point","coordinates":[-81.3394778,40.9662411]}},
{"type":"Feature","properties":{"name":"Calvary Chapel","religion":"christian","denomination":null,"group":"christian"},"geometry":{"type":"Point","coordinates":[-81.2220243,40.8369508]}},
{"type":"Feature","properties":{"name":"Berean Bible Church","religion":"christian","denomination":null,"group":"christian"},"geometry":{"type":"Point","coordinates":[-81.2339316,40.8362503]}},
{"type":"Feature","properties":{"name":"First Baptist Church","religion":"christian","denomination":null,"group":"christian"},"geometry":{"type":"Point","coordinates":[-81.2390888,40.835965]}},
{"type":"Feature","properties":{"name":"Theophilius Bible Church","religion":"christian","denomination":null,"group":"christian"},"geometry":{"type":"Point","coordinates":[-81.2306125,40.844]}},
{"type":"Feature","properties":{"name":"Louisville Christian Church","religion":"christian","denomination":null,"group":"christian"},"geometry":{"type":"Point","coordinates":[-81.259464,40.823476]}},
{"type":"Feature","properties":{"name":"Roose Methodist Church (historical)","religion":"christian","denomination":"methodist","group":"methodist"},"geometry":{"type":"Point","coordinates":[-81.1445373,40.8361342]}},
{"type":"Feature","properties":{"name":"Christian Missionary Alliance Church","religion":"christian","denomination":null,"group":"christian"},"geometry":{"type":"Point","coordinates":[-82.3698246,41.4182572]}},
{"type":"Feature","properties":{"name":"Grace Baptist Church","religion":"christian","denomination":null,"group":"christian"},"geometry":{"type":"Point","coordinates":[-81.3350918,40.8528711]}},
{"type":"Feature","properties":{"name":"Simpson United Methodist Church","religion":"christian","denomination":null,"group":"christian"},"geometry":{"type":"Point","coordinates":[-81.3372743,40.8501693]}},
{"type":"Feature","properties":{"name":"Hope Church","religion":"christian","denomination":null,"group":"christian"},"geometry":{"type":"Point","coordinates":[-81.8405072,41.2232741]}},
{"type":"Feature","properties":{"name":"St. Stephans Ukrainian Church","religion":"unknown","denomination":null,"group":"unknown"},"geometry":{"type":"Point","coordinates":[-81.8405642,41.2240531]}},
{"type":"Feature","properties":{"name":"Saint Columbkille","religion":"christian","denomination":"roman_catholic","group":"roman_catholic"},"geometry":{"type":"Point","coordinates":[-81.6859436,41.3826171]}},
{"type":"Feature","properties":{"name":"First United Methodist Church","religion":"christian","denomination":"methodist","group":"methodist"},"geometry":{"type":"Point","coordinates":[-82.2165587,41.1673774]}},
{"type":"Feature","properties":{"name":null,"religion":"christian","denomination":null,"group":"christian"},"geometry":{"type":"Point","coordinates":[-82.2184845,41.2804944]}},
{"type":"Feature","properties":{"name":"Saint Johns Catholic Church","religion":"christian","denomination":"catholic","group":"catholic"},"geometry":{"type":"Point","coordinates":[-81.3773279,40.8031126]}},
{"type":"Feature","properties":{"name":"Saint Jacobs United Church of Christ","religion":"christian","denomination":null,"group":"christian"},"geometry":{"type":"Point","coordinates":[-81.3608321,40.9046335]}},
{"type":"Feature","properties":{"name":"Dewald Chapel","religion":"christian","denomination":null,"group":"christian"},"geometry":{"type":"Point","coordinates":[-81.1106653,40.9043994]}},
{"type":"Feature","properties":{"name":"Church of the Open Door","religion":"christian","denomination":null,"group":"christian"},"geometry":{"type":"Point","coordinates":[-82.1608279,41.373723]}},
{"type":"Feature","properties":{"name":"Saint Barnabas Church","religion":"christian","denomination":"catholic","group":"catholic"},"geometry":{"type":"Point","coordinates":[-81.5376117,41.3112479]}},
{"type":"Feature","properties":{"name":null,"religion":"unknown","denomination":null,"group":"unknown"},"geometry":{"type":"Point","coordinates":[-82.1330473,41.400487]}},
{"type":"Feature","properties":{"name":null,"religion":"christian","denomination":"roman_catholic","group":"roman_catholic"},"geometry":{"type":"Point","coordinates":[-81.4656457,41.6115749]}},
{"type":"Feature","properties":{"name":null,"religion":"christian","denomination":"jehovahs_witness","group":"jehovahs_witness"},"geometry":{"type":"Point","coordinates":[-81.4409378,41.1763794]}},
{"type":"Feature","properties":{"name":"Saint Teresa Roman Catholic Church","religion":"christian","denomination":"catholic","group":"catholic"},"geometry":{"type":"Point","coordinates":[-82.0764348,41.4661967]}},
{"type":"Feature","properties":{"name":"Bethany Lutheran Church","religion":"christian","denomination":null,"group":"christian"},"geometry":{"type":"Point","coordinates":[-82.2092776,41.1738583]}},
{"type":"Feature","properties":{"name":"Holy Trinity Baptist Church","religion":"christian","denomination":null,"group":"christian"},"geometry":{"type":"Point","coordinates":[-81.591382,41.4549087]}},
{"type":"Feature","properties":{"name":"Jackson Friends Church","religion":"christian","denomination":"nondenominational","group":"nondenominational"},"geometry":{"type":"Point","coordinates":[-81.4984615,40.880568]}},
{"type":"Feature","properties":{"name":"Frontline Worship Center","religion":"christian","denomination":"apostolic","group":"apostolic"},"geometry":{"type":"Point","coordinates":[-81.4794208,40.8710911]}},
{"type":"Feature","properties":{"name":"Church of the Lakes","religion":"christian","denomination":"united_methodist","group":"united_methodist"},"geometry":{"type":"Point","coordinates":[-81.4605626,40.8558027]}},
{"type":"Feature","properties":{"name":"RED 4 Christ Ministries","religion":"christian","denomination":null,"group":"christian"},"geometry":{"type":"Point","coordinates":[-81.7801773,41.441815]}},
{"type":"Feature","properties":{"name":"Christ Church","religion":"christian","denomination":null,"group":"christian"},"geometry":{"type":"Point","coordinates":[-81.7314496,41.4402871]}},
{"type":"Feature","properties":{"name":"Emmanuel Mynamar Church","religion":"christian","denomination":null,"group":"christian"},"geometry":{"type":"Point","coordinates":[-81.7765591,41.4840193]}},
{"type":"Feature","properties":{"name":"Saint Nicholas Ukrainian Orthodox Church","religion":"christian","denomination":"ukrainian_orthodox","group":"ukrainian_orthodox"},"geometry":{"type":"Point","coordinates":[-81.7766703,41.4742289]}},
{"type":"Feature","properties":{"name":"Church of God of Cleveland","religion":"christian","denomination":null,"group":"christian"},"geometry":{"type":"Point","coordinates":[-81.6063585,41.4633885]}},
{"type":"Feature","properties":{"name":"Union C&MA Church","religion":"christian","denomination":null,"group":"christian"},"geometry":{"type":"Point","coordinates":[-81.5940504,41.4633731]}},
{"type":"Feature","properties":{"name":null,"religion":"christian","denomination":null,"group":"christian"},"geometry":{"type":"Point","coordinates":[-81.5776789,41.4641025]}},
{"type":"Feature","properties":{"name":"World Harvest Christian Church","religion":"christian","denomination":null,"group":"christian"},"geometry":{"type":"Point","coordinates":[-81.5482301,41.1242562]}},
{"type":"Feature","properties":{"name":"St. Ladislas Roman Catholic Church","religion":"christian","denomination":"roman_catholic","group":"roman_catholic"},"geometry":{"type":"Point","coordinates":[-81.944968,41.454352]}},
{"type":"Feature","properties":{"name":"Florence Christian Church","religion":"christian","denomination":null,"group":"christian"},"geometry":{"type":"Point","coordinates":[-82.4158404,41.3233368]}},
{"type":"Feature","properties":{"name":"Union Avenue Methodist Church","religion":"christian","denomination":"methodist","group":"methodist"},"geometry":{"type":"Point","coordinates":[-81.1062351,40.9029599]}},
{"type":"Feature","properties":{"name":"Immanuel Reformed Church","religion":"christian","denomination":null,"group":"christian"},"geometry":{"type":"Point","coordinates":[-81.0998607,40.9199842]}},
{"type":"Feature","properties":{"name":"First Methodist Episcopal Church","religion":"christian","denomination":"methodist","group":"methodist"},"geometry":{"type":"Point","coordinates":[-81.0986902,40.9193086]}},
{"type":"Feature","properties":{"name":"Saint Josephs Roman Catholic Church","religion":"christian","denomination":"catholic","group":"catholic"},"geometry":{"type":"Point","coordinates":[-81.0996001,40.9188297]}},
{"type":"Feature","properties":{"name":"First Christian Church of Alliance","religion":"christian","denomination":null,"group":"christian"},"geometry":{"type":"Point","coordinates":[-81.1037586,40.9221419]}},
{"type":"Feature","properties":{"name":"First Evangelical and Reformed Church of Alliance","religion":"christian","denomination":null,"group":"christian"},"geometry":{"type":"Point","coordinates":[-81.1025838,40.9176093]}},
{"type":"Feature","properties":{"name":"Saint Pauls Lutheran Church","religion":"christian","denomination":"lutheran","group":"lutheran"},"geometry":{"type":"Point","coordinates":[-81.0998492,40.9161379]}},
{"type":"Feature","properties":{"name":"Limaville Methodist Church","religion":"christian","denomination":"methodist","group":"methodist"},"geometry":{"type":"Point","coordinates":[-81.1465146,40.9840725]}},
{"type":"Feature","properties":{"name":"Quan Am Temple of Buddhist Cultural Center","religion":"buddhist","denomination":null,"group":"buddhist"},"geometry":{"type":"Point","coordinates":[-81.7708336,41.4434583]}},
{"type":"Feature","properties":{"name":"Saint Bernadette Church","religion":"christian","denomination":null,"group":"christian"},"geometry":{"type":"Point","coordinates":[-81.886386,41.4542618]}},
{"type":"Feature","properties":{"name":"Holy Family Catholic Church of Parma","religion":"christian","denomination":"catholic","group":"catholic"},"geometry":{"type":"Point","coordinates":[-81.7591049,41.3651006]}},
{"type":"Feature","properties":{"name":"Franklin Church","religion":"christian","denomination":null,"group":"christian"},"geometry":{"type":"Point","coordinates":[-82.4810665,40.858304]}},
{"type":"Feature","properties":{"name":"Pavonia United Methodist Church","religion":"christian","denomination":"methodist","group":"methodist"},"geometry":{"type":"Point","coordinates":[-82.4423334,40.8241966]}},
{"type":"Feature","properties":{"name":"Chestnut Grove Church","religion":"christian","denomination":null,"group":"christian"},"geometry":{"type":"Point","coordinates":[-82.3784597,40.821705]}},
{"type":"Feature","properties":{"name":"Shenandoah Christian Church","religion":"christian","denomination":null,"group":"christian"},"geometry":{"type":"Point","coordinates":[-82.4992038,40.9093022]}},
{"type":"Feature","properties":{"name":"New Mercies Community Church","religion":"christian","denomination":"nondenominational","group":"nondenominational"},"geometry":{"type":"Point","coordinates":[-81.1804978,41.4970936]}},
{"type":"Feature","properties":{"name":"Gore Church","religion":"christian","denomination":null,"group":"christian"},"geometry":{"type":"Point","coordinates":[-81.0480001,41.7261402]}},
{"type":"Feature","properties":{"name":"East Homerville Church","religion":"christian","denomination":null,"group":"christian"},"geometry":{"type":"Point","coordinates":[-82.077217,41.0494129]}},
{"type":"Feature","properties":{"name":"Waltz Church","religion":"christian","denomination":null,"group":"christian"},"geometry":{"type":"Point","coordinates":[-81.9581955,41.1212712]}},
{"type":"Feature","properties":{"name":"Zion Church","religion":"christian","denomination":null,"group":"christian"},"geometry":{"type":"Point","coordinates":[-82.0958303,41.0435588]}},
{"type":"Feature","properties":{"name":"Saint John Nepomucene Church","religion":"christian","denomination":"roman_catholic","group":"roman_catholic"},"geometry":{"type":"Point","coordinates":[-81.6556202,41.4555246]}},
{"type":"Feature","properties":{"name":"United Community Church","religion":"christian","denomination":null,"group":"christian"},"geometry":{"type":"Point","coordinates":[-81.2449371,41.4616828]}},
{"type":"Feature","properties":{"name":"한마당 연합 감리교회;Han Madang United Methodist Church","religion":"christian","denomination":"united_methodist","group":"united_methodist"},"geometry":{"type":"Point","coordinates":[-81.7386211,41.3646693]}},
{"type":"Feature","properties":{"name":"Euclid Avenue Church of God","religion":"christian","denomination":null,"group":"christian"},"geometry":{"type":"Point","coordinates":[-81.626536,41.503952]}},
{"type":"Feature","properties":{"name":"First United Presbyterian Church of East Cleveland","religion":"christian","denomination":"presbyterian","group":"presbyterian"},"geometry":{"type":"Point","coordinates":[-81.5665403,41.54451]}},
{"type":"Feature","properties":{"name":"Church of the Cross United Methodist Church","religion":"christian","denomination":"methodist","group":"methodist"},"geometry":{"type":"Point","coordinates":[-81.5615955,41.5336777]}},
{"type":"Feature","properties":{"name":"Lakeside Baptist Church","religion":"christian","denomination":"baptist","group":"baptist"},"geometry":{"type":"Point","coordinates":[-81.5946833,41.5176249]}},
{"type":"Feature","properties":{"name":"Calvary Lutheran Church","religion":"christian","denomination":"lutheran","group":"lutheran"},"geometry":{"type":"Point","coordinates":[-81.5928654,41.5207791]}},
{"type":"Feature","properties":{"name":"Temple Baptist Church","religion":"christian","denomination":"baptist","group":"baptist"},"geometry":{"type":"Point","coordinates":[-81.5671247,41.5422979]}},
{"type":"Feature","properties":{"name":null,"religion":"christian","denomination":"jehovahs_witness","group":"jehovahs_witness"},"geometry":{"type":"Point","coordinates":[-81.5680502,41.5419471]}},
{"type":"Feature","properties":{"name":"Holy Redeemer Catholic Church","religion":"christian","denomination":"catholic","group":"catholic"},"geometry":{"type":"Point","coordinates":[-81.56832,41.5545839]}},
{"type":"Feature","properties":{"name":"Collinwood Christian Church","religion":"christian","denomination":null,"group":"christian"},"geometry":{"type":"Point","coordinates":[-81.5736816,41.5593462]}},
{"type":"Feature","properties":{"name":"Saint Marys Catholic Church","religion":"christian","denomination":"roman_catholic","group":"roman_catholic"},"geometry":{"type":"Point","coordinates":[-81.5731434,41.5606169]}},
{"type":"Feature","properties":{"name":"Nottingham United Methodist Church","religion":"christian","denomination":"methodist","group":"methodist"},"geometry":{"type":"Point","coordinates":[-81.5506736,41.5715703]}},
{"type":"Feature","properties":{"name":"Saint Pauls Catholic Church of Euclid","religion":"christian","denomination":"catholic","group":"catholic"},"geometry":{"type":"Point","coordinates":[-81.5397727,41.5767374]}},
{"type":"Feature","properties":{"name":"Collinwood Congregational Church","religion":"christian","denomination":null,"group":"christian"},"geometry":{"type":"Point","coordinates":[-81.5771796,41.5576386]}},
{"type":"Feature","properties":{"name":"Mount Zion Congregational Church","religion":"christian","denomination":null,"group":"christian"},"geometry":{"type":"Point","coordinates":[-81.6125828,41.5146621]}},
{"type":"Feature","properties":{"name":"Fellowship Lutheran Church","religion":"christian","denomination":"lutheran","group":"lutheran"},"geometry":{"type":"Point","coordinates":[-81.6075856,41.5172812]}},
{"type":"Feature","properties":{"name":"Bethel African Methodist Episcopal Zion Church","religion":"christian","denomination":"african_methodist_episcopal_zion","group":"african_methodist_episcopal_zion"},"geometry":{"type":"Point","coordinates":[-81.6096846,41.5188165]}},
{"type":"Feature","properties":{"name":"Kingdom Hall","religion":"christian","denomination":"jehovahs_witness","group":"jehovahs_witness"},"geometry":{"type":"Point","coordinates":[-81.6028424,41.5219115]}},
{"type":"Feature","properties":{"name":"Werner United Methodist Church","religion":"christian","denomination":"methodist","group":"methodist"},"geometry":{"type":"Point","coordinates":[-81.6091612,41.5216124]}},
{"type":"Feature","properties":{"name":"First Congregational United Church of Christ","religion":"christian","denomination":null,"group":"christian"},"geometry":{"type":"Point","coordinates":[-82.4929129,41.3247806]}},
{"type":"Feature","properties":{"name":"Lakeview United Methodist Church","religion":"christian","denomination":"methodist","group":"methodist"},"geometry":{"type":"Point","coordinates":[-82.4929087,41.3244831]}},
{"type":"Feature","properties":{"name":"Sheffield Lake United Church of Christ","religion":"christian","denomination":null,"group":"christian"},"geometry":{"type":"Point","coordinates":[-82.0999728,41.4899986]}},
{"type":"Feature","properties":{"name":"Faith United Methodist Church","religion":"christian","denomination":"methodist","group":"methodist"},"geometry":{"type":"Point","coordinates":[-81.7133695,41.4587781]}},
{"type":"Feature","properties":{"name":"Church in Aurora","religion":"christian","denomination":null,"group":"christian"},"geometry":{"type":"Point","coordinates":[-81.3462528,41.3131164]}},
{"type":"Feature","properties":{"name":"Amherst Park Avenue United Methodist Church","religion":"christian","denomination":"methodist","group":"methodist"},"geometry":{"type":"Point","coordinates":[-82.2229173,41.3980588]}},
{"type":"Feature","properties":{"name":"Grace Church","religion":"christian","denomination":null,"group":"christian"},"geometry":{"type":"Point","coordinates":[-81.6388273,41.0305923]}},
{"type":"Feature","properties":{"name":null,"religion":"christian","denomination":null,"group":"christian"},"geometry":{"type":"Point","coordinates":[-81.6990851,41.4665595]}},
{"type":"Feature","properties":{"name":"Gethsemane Lutheran Church","religion":"christian","denomination":"lutheran","group":"lutheran"},"geometry":{"type":"Point","coordinates":[-81.7979945,41.4774914]}},
{"type":"Feature","properties":{"name":"Church of the Ascension","religion":"christian","denomination":null,"group":"christian"},"geometry":{"type":"Point","coordinates":[-81.7809335,41.4852815]}},
{"type":"Feature","properties":{"name":"Saint Casimir Catholic Church","religion":"christian","denomination":"roman_catholic","group":"roman_catholic"},"geometry":{"type":"Point","coordinates":[-81.6297699,41.5243878]}},
{"type":"Feature","properties":{"name":null,"religion":"christian","denomination":null,"group":"christian"},"geometry":{"type":"Point","coordinates":[-81.78385,40.8474911]}},
{"type":"Feature","properties":{"name":"St Agnes Church Parish Center","religion":"christian","denomination":null,"group":"christian"},"geometry":{"type":"Point","coordinates":[-81.7593445,40.8349494]}},
{"type":"Feature","properties":{"name":"Hopewell Missionary Baptist Church","religion":"christian","denomination":null,"group":"christian"},"geometry":{"type":"Point","coordinates":[-81.6459264,41.5123133]}},
{"type":"Feature","properties":{"name":null,"religion":"christian","denomination":null,"group":"christian"},"geometry":{"type":"Point","coordinates":[-81.7644983,40.842663]}},
{"type":"Feature","properties":{"name":"Christian & Missionary Alliance Church","religion":"christian","denomination":null,"group":"christian"},"geometry":{"type":"Point","coordinates":[-81.7629464,40.8381244]}},
{"type":"Feature","properties":{"name":null,"religion":"christian","denomination":null,"group":"christian"},"geometry":{"type":"Point","coordinates":[-81.7652011,40.8413829]}},
{"type":"Feature","properties":{"name":null,"religion":"christian","denomination":null,"group":"christian"},"geometry":{"type":"Point","coordinates":[-81.7590355,41.4774517]}},
{"type":"Feature","properties":{"name":"Good Shepherd Baptist Church","religion":"christian","denomination":null,"group":"christian"},"geometry":{"type":"Point","coordinates":[-82.1062991,41.3583679]}},
{"type":"Feature","properties":{"name":"Grace Church of Mentor","religion":"christian","denomination":"protestant","group":"protestant"},"geometry":{"type":"Point","coordinates":[-81.3772028,41.6844092]}},
{"type":"Feature","properties":{"name":null,"religion":"christian","denomination":null,"group":"christian"},"geometry":{"type":"Point","coordinates":[-81.7353482,41.3752063]}},
{"type":"Feature","properties":{"name":"Grace Church","religion":"christian","denomination":"christian_and_missionary_alliance","group":"christian_and_missionary_alliance"},"geometry":{"type":"Point","coordinates":[-81.8071476,41.3629137]}},
{"type":"Feature","properties":{"name":null,"religion":"christian","denomination":null,"group":"christian"},"geometry":{"type":"Point","coordinates":[-81.7638358,41.4536247]}},
{"type":"Feature","properties":{"name":"Unionville United Church of Christ","religion":"christian","denomination":null,"group":"christian"},"geometry":{"type":"Point","coordinates":[-81.0014372,41.7800975]}},
{"type":"Feature","properties":{"name":null,"religion":"christian","denomination":null,"group":"christian"},"geometry":{"type":"Point","coordinates":[-82.3049886,41.0296318]}},
{"type":"Feature","properties":{"name":"Heavenly Bound Church of God In Christ","religion":"christian","denomination":null,"group":"christian"},"geometry":{"type":"Point","coordinates":[-81.5969456,41.4532517]}},
{"type":"Feature","properties":{"name":null,"religion":"christian","denomination":null,"group":"christian"},"geometry":{"type":"Point","coordinates":[-81.6210869,41.4594122]}},
{"type":"Feature","properties":{"name":"West Park Baptist Church","religion":"christian","denomination":null,"group":"christian"},"geometry":{"type":"Point","coordinates":[-81.8022283,41.4286292]}},
{"type":"Feature","properties":{"name":"Community Christian Church","religion":"christian","denomination":null,"group":"christian"},"geometry":{"type":"Point","coordinates":[-81.4018976,40.8776598]}},
{"type":"Feature","properties":{"name":"Zion United Church of Christ","religion":"christian","denomination":null,"group":"christian"},"geometry":{"type":"Point","coordinates":[-81.4016743,40.873266]}},
{"type":"Feature","properties":{"name":"Northminster Presbyterian Church","religion":"christian","denomination":"presbyterian","group":"presbyterian"},"geometry":{"type":"Point","coordinates":[-81.4041619,40.8760292]}},
{"type":"Feature","properties":{"name":"Zoin Lutheran Church of North Canton","religion":"christian","denomination":"lutheran","group":"lutheran"},"geometry":{"type":"Point","coordinates":[-81.4126588,40.8804638]}},
{"type":"Feature","properties":{"name":"North Canton Church of Christ","religion":"christian","denomination":null,"group":"christian"},"geometry":{"type":"Point","coordinates":[-81.4051122,40.8845854]}},
{"type":"Feature","properties":{"name":null,"religion":"christian","denomination":null,"group":"christian"},"geometry":{"type":"Point","coordinates":[-81.734769,41.4446952]}},
{"type":"Feature","properties":{"name":"Mt. Pleasant Church","religion":"christian","denomination":"brethren","group":"brethren"},"geometry":{"type":"Point","coordinates":[-81.423217,40.9061827]}},
{"type":"Feature","properties":{"name":"First Seventh-day Adventist Community Church","religion":"christian","denomination":"seventh_day_adventist","group":"seventh_day_adventist"},"geometry":{"type":"Point","coordinates":[-81.3735013,41.5232763]}},
{"type":"Feature","properties":{"name":"Mayfield Church","religion":"christian","denomination":"methodist","group":"methodist"},"geometry":{"type":"Point","coordinates":[-81.363924,41.5198646]}},
{"type":"Feature","properties":{"name":"The Salvation Army","religion":"christian","denomination":null,"group":"christian"},"geometry":{"type":"Point","coordinates":[-81.5177189,40.8009228]}},
{"type":"Feature","properties":{"name":"Beth El Congregation","religion":"jewish","denomination":"conservative","group":"conservative"},"geometry":{"type":"Point","coordinates":[-81.5899225,41.0970778]}},
{"type":"Feature","properties":{"name":"Agudas Achim Congregation","religion":"jewish","denomination":null,"group":"jewish"},"geometry":{"type":"Point","coordinates":[-81.3659864,40.8244003]}},
{"type":"Feature","properties":{"name":"River of Life Christian Fellowship","religion":"christian","denomination":"protestant","group":"protestant"},"geometry":{"type":"Point","coordinates":[-81.3600857,40.8190233]}},
{"type":"Feature","properties":{"name":"Holy Assumption Orthodox Church","religion":"christian","denomination":"orthodox","group":"orthodox"},"geometry":{"type":"Point","coordinates":[-81.3481537,40.8173808]}},
{"type":"Feature","properties":{"name":"Saint Peters Catholic Church","religion":"christian","denomination":"catholic","group":"catholic"},"geometry":{"type":"Point","coordinates":[-81.6811814,41.5053911]}},
{"type":"Feature","properties":{"name":"Christ United Methodist Church","religion":"christian","denomination":"methodist","group":"methodist"},"geometry":{"type":"Point","coordinates":[-82.3297652,40.8587169]}},
{"type":"Feature","properties":{"name":"Faith Baptist Temple","religion":"christian","denomination":"baptist","group":"baptist"},"geometry":{"type":"Point","coordinates":[-81.9979822,41.3672739]}},
{"type":"Feature","properties":{"name":null,"religion":"christian","denomination":null,"group":"christian"},"geometry":{"type":"Point","coordinates":[-81.5653215,41.4513853]}},
{"type":"Feature","properties":{"name":"Lindsay-Crossman Chapel","religion":"christian","denomination":null,"group":"christian"},"geometry":{"type":"Point","coordinates":[-81.8513964,41.3684479]}},
{"type":"Feature","properties":{"name":"Saint Bartholomew Episcopal Church","religion":"christian","denomination":null,"group":"christian"},"geometry":{"type":"Point","coordinates":[-81.4375888,41.5595086]}},
{"type":"Feature","properties":{"name":"First Church of God","religion":"christian","denomination":null,"group":"christian"},"geometry":{"type":"Point","coordinates":[-81.4264818,41.109112]}},
{"type":"Feature","properties":{"name":"St. Joseph Catholic Church","religion":"christian","denomination":"catholic","group":"catholic"},"geometry":{"type":"Point","coordinates":[-81.8374284,41.3204748]}},
{"type":"Feature","properties":{"name":"Westlake United Methodist Church","religion":"christian","denomination":"methodist","group":"methodist"},"geometry":{"type":"Point","coordinates":[-81.9288377,41.4473941]}},
{"type":"Feature","properties":{"name":"Friendship Mennonite Church","religion":"christian","denomination":"mennonite","group":"mennonite"},"geometry":{"type":"Point","coordinates":[-81.5256561,41.4178245]}},
{"type":"Feature","properties":{"name":null,"religion":"christian","denomination":null,"group":"christian"},"geometry":{"type":"Point","coordinates":[-81.6906317,41.4683144]}},
{"type":"Feature","properties":{"name":"Church of the Advent","religion":"christian","denomination":null,"group":"christian"},"geometry":{"type":"Point","coordinates":[-81.9245042,41.4344648]}},
{"type":"Feature","properties":{"name":"Our Lady of Lourdes Roman Catholic Church","religion":"christian","denomination":"roman_catholic","group":"roman_catholic"},"geometry":{"type":"Point","coordinates":[-81.652398,41.465955]}},
{"type":"Feature","properties":{"name":"Saint Matthew Orthodox Church","religion":"christian","denomination":"orthodox","group":"orthodox"},"geometry":{"type":"Point","coordinates":[-81.7641109,41.334925]}},
{"type":"Feature","properties":{"name":"Saint John African Methodist Episcopal Church","religion":"christian","denomination":"methodist","group":"methodist"},"geometry":{"type":"Point","coordinates":[-81.6552776,41.4970068]}},
{"type":"Feature","properties":{"name":"St. Colette","religion":"christian","denomination":null,"group":"christian"},"geometry":{"type":"Point","coordinates":[-81.7861595,41.266941]}},
{"type":"Feature","properties":{"name":"Immaculate Conception Roman Catholic Church","religion":"christian","denomination":"catholic","group":"catholic"},"geometry":{"type":"Point","coordinates":[-81.2468774,41.1574118]}},
{"type":"Feature","properties":{"name":"Grace Episcopal Church","religion":"christian","denomination":null,"group":"christian"},"geometry":{"type":"Point","coordinates":[-81.2452604,41.1594489]}},
{"type":"Feature","properties":{"name":"Painesville United Methodist Church","religion":"christian","denomination":"methodist","group":"methodist"},"geometry":{"type":"Point","coordinates":[-81.2444807,41.7256138]}},
{"type":"Feature","properties":{"name":"Saint James Church","religion":"christian","denomination":null,"group":"christian"},"geometry":{"type":"Point","coordinates":[-81.243306,41.727952]}},
{"type":"Feature","properties":{"name":"Saint Mary Catholic Church","religion":"christian","denomination":"catholic","group":"catholic"},"geometry":{"type":"Point","coordinates":[-81.2437157,41.7304491]}},
{"type":"Feature","properties":{"name":null,"religion":"christian","denomination":null,"group":"christian"},"geometry":{"type":"Point","coordinates":[-81.727408,41.43961]}},
{"type":"Feature","properties":{"name":"Olivet Baptist Church","religion":"christian","denomination":"baptist","group":"baptist"},"geometry":{"type":"Point","coordinates":[-81.6257872,41.4931996]}},
{"type":"Feature","properties":{"name":"Saint Boniface Catholic Church","religion":"christian","denomination":"roman_catholic","group":"roman_catholic"},"geometry":{"type":"Point","coordinates":[-81.7247095,41.4578482]}},
{"type":"Feature","properties":{"name":"St. Ambrose Catholic Church","religion":"christian","denomination":"roman_catholic","group":"roman_catholic"},"geometry":{"type":"Point","coordinates":[-81.840335,41.2499628]}},
{"type":"Feature","properties":{"name":"St. Mark Lutheran Church","religion":"christian","denomination":"lutheran","group":"lutheran"},"geometry":{"type":"Point","coordinates":[-81.8087923,41.2396665]}},
{"type":"Feature","properties":{"name":"Compass Christian Church","religion":"christian","denomination":null,"group":"christian"},"geometry":{"type":"Point","coordinates":[-81.5665649,41.0518175]}},
{"type":"Feature","properties":{"name":"First United Methodist Church of Akron","religion":"christian","denomination":"united_methodist","group":"united_methodist"},"geometry":{"type":"Point","coordinates":[-81.5098782,41.080634]}},
{"type":"Feature","properties":{"name":"Middleburg Heights Community Church","religion":"christian","denomination":"united_church_of_christ","group":"united_church_of_christ"},"geometry":{"type":"Point","coordinates":[-81.8066814,41.3709254]}},
{"type":"Feature","properties":{"name":"Saint Batholomew Church","religion":"christian","denomination":"catholic","group":"catholic"},"geometry":{"type":"Point","coordinates":[-81.8025798,41.3662554]}},
{"type":"Feature","properties":{"name":"Brunswick Reformed Church","religion":"christian","denomination":null,"group":"christian"},"geometry":{"type":"Point","coordinates":[-81.8132672,41.2618482]}},
{"type":"Feature","properties":{"name":"Brunswick United Methodist Church","religion":"christian","denomination":"united_methodist","group":"united_methodist"},"geometry":{"type":"Point","coordinates":[-81.840671,41.2377249]}},
{"type":"Feature","properties":{"name":null,"religion":"christian","denomination":null,"group":"christian"},"geometry":{"type":"Point","coordinates":[-81.899617,40.957773]}},
{"type":"Feature","properties":{"name":"The Redeemed Christian Church of God","religion":"christian","denomination":null,"group":"christian"},"geometry":{"type":"Point","coordinates":[-81.5587739,41.042996]}},
{"type":"Feature","properties":{"name":null,"religion":"christian","denomination":null,"group":"christian"},"geometry":{"type":"Point","coordinates":[-81.7427468,41.4765714]}},
{"type":"Feature","properties":{"name":"Pilgrim Baptist Church","religion":"christian","denomination":"baptist","group":"baptist"},"geometry":{"type":"Point","coordinates":[-81.657411,41.495149]}},
{"type":"Feature","properties":{"name":"Kingdom Hall of Jehovahs Witnesses","religion":"christian","denomination":"jehovahs_witness","group":"jehovahs_witness"},"geometry":{"type":"Point","coordinates":[-81.65745,41.49597]}},
{"type":"Feature","properties":{"name":"Mount Hermon Baptist Church","religion":"christian","denomination":"baptist","group":"baptist"},"geometry":{"type":"Point","coordinates":[-81.658679,41.491611]}},
{"type":"Feature","properties":{"name":"Church of God in Christ","religion":"christian","denomination":null,"group":"christian"},"geometry":{"type":"Point","coordinates":[-81.7351343,41.4657836]}},
{"type":"Feature","properties":{"name":"Lake Shore Methodist Church","religion":"christian","denomination":"presbyterian","group":"presbyterian"},"geometry":{"type":"Point","coordinates":[-82.0335685,41.5063149]}},
{"type":"Feature","properties":{"name":null,"religion":"unknown","denomination":null,"group":"unknown"},"geometry":{"type":"Point","coordinates":[-82.3424555,40.8591986]}},
{"type":"Feature","properties":{"name":null,"religion":"unknown","denomination":null,"group":"unknown"},"geometry":{"type":"Point","coordinates":[-82.2965786,40.8449043]}},
{"type":"Feature","properties":{"name":"BAPS Shri Swaminarayan Mandir, Cleveland","religion":"hindu","denomination":null,"group":"hindu"},"geometry":{"type":"Point","coordinates":[-81.7905856,41.2275171]}},
{"type":"Feature","properties":{"name":"Kingdom Hall Of Jehovas Witnesses","religion":"christian","denomination":"jehovahs_witness","group":"jehovahs_witness"},"geometry":{"type":"Point","coordinates":[-81.8262112,41.2159963]}},
{"type":"Feature","properties":{"name":"Mantua Center Christian Church","religion":"christian","denomination":null,"group":"christian"},"geometry":{"type":"Point","coordinates":[-81.2437662,41.3093413]}},
{"type":"Feature","properties":{"name":"Mantua Methodist Church","religion":"christian","denomination":null,"group":"christian"},"geometry":{"type":"Point","coordinates":[-81.2444,41.309245]}},
{"type":"Feature","properties":{"name":"West Farmington United Methodist Church","religion":"christian","denomination":"methodist","group":"methodist"},"geometry":{"type":"Point","coordinates":[-80.976068,41.3925277]}},
{"type":"Feature","properties":{"name":"Reimer Road Baptist Church","religion":"christian","denomination":"baptist","group":"baptist"},"geometry":{"type":"Point","coordinates":[-81.7250007,41.0558339]}},
{"type":"Feature","properties":{"name":"City Life Church","religion":"christian","denomination":null,"group":"christian"},"geometry":{"type":"Point","coordinates":[-81.6562196,41.4706776]}},
{"type":"Feature","properties":{"name":"Cornerstone Community Chapel","religion":"christian","denomination":"mennonite","group":"mennonite"},"geometry":{"type":"Point","coordinates":[-81.3636184,40.9710408]}},
{"type":"Feature","properties":{"name":"Medina Apostolic Christian Church","religion":"christian","denomination":"apostolic","group":"apostolic"},"geometry":{"type":"Point","coordinates":[-81.8154094,41.0621161]}},
{"type":"Feature","properties":{"name":null,"religion":"christian","denomination":null,"group":"christian"},"geometry":{"type":"Point","coordinates":[-81.4169096,41.1797952]}},
{"type":"Feature","properties":{"name":"Wadsworth Church of Christ","religion":"christian","denomination":null,"group":"christian"},"geometry":{"type":"Point","coordinates":[-81.7349061,41.0393503]}},
{"type":"Feature","properties":{"name":"Second Mount Pigsah Baptist Church","religion":"christian","denomination":null,"group":"christian"},"geometry":{"type":"Point","coordinates":[-81.626183,41.5336555]}},
{"type":"Feature","properties":{"name":null,"religion":"christian","denomination":null,"group":"christian"},"geometry":{"type":"Point","coordinates":[-81.61505,41.537777]}},
{"type":"Feature","properties":{"name":"Glendale Seventh Day Adventist Church","religion":"christian","denomination":null,"group":"christian"},"geometry":{"type":"Point","coordinates":[-81.615091,41.537108]}},
{"type":"Feature","properties":{"name":"Greater Abyssinia Baptist Church","religion":"christian","denomination":"baptist","group":"baptist"},"geometry":{"type":"Point","coordinates":[-81.615022,41.525604]}},
{"type":"Feature","properties":{"name":"Parkwood Christian Methodist Episcopal Church","religion":"christian","denomination":"methodist","group":"methodist"},"geometry":{"type":"Point","coordinates":[-81.609819,41.529884]}},
{"type":"Feature","properties":{"name":"Nu vision Missionary Baptist Church","religion":"christian","denomination":"baptist","group":"baptist"},"geometry":{"type":"Point","coordinates":[-81.608993,41.531567]}},
{"type":"Feature","properties":{"name":"Elim Gospel Chapel","religion":"christian","denomination":null,"group":"christian"},"geometry":{"type":"Point","coordinates":[-81.6145204,41.5302982]}},
{"type":"Feature","properties":{"name":null,"religion":"christian","denomination":"african_methodist_episcopal","group":"african_methodist_episcopal"},"geometry":{"type":"Point","coordinates":[-81.783552,41.442372]}},
{"type":"Feature","properties":{"name":null,"religion":"muslim","denomination":null,"group":"muslim"},"geometry":{"type":"Point","coordinates":[-81.5863278,41.5460017]}},
{"type":"Feature","properties":{"name":"First Baptist Church","religion":"christian","denomination":"baptist","group":"baptist"},"geometry":{"type":"Point","coordinates":[-81.8610427,41.0098488]}},
{"type":"Feature","properties":{"name":"Temple of Praise Seventh-Day Adventist Church","religion":"christian","denomination":"seventh_day_adventist","group":"seventh_day_adventist"},"geometry":{"type":"Point","coordinates":[-81.5454199,41.5543019]}},
{"type":"Feature","properties":{"name":null,"religion":"christian","denomination":null,"group":"christian"},"geometry":{"type":"Point","coordinates":[-81.8104085,41.433322]}},
{"type":"Feature","properties":{"name":null,"religion":"christian","denomination":"jehovahs_witness","group":"jehovahs_witness"},"geometry":{"type":"Point","coordinates":[-81.6163111,41.4454769]}},
{"type":"Feature","properties":{"name":null,"religion":"christian","denomination":null,"group":"christian"},"geometry":{"type":"Point","coordinates":[-81.6171222,41.4454231]}},
{"type":"Feature","properties":{"name":"Sacred Trinity Baptist Church","religion":"christian","denomination":null,"group":"christian"},"geometry":{"type":"Point","coordinates":[-81.6184202,41.4454359]}},
{"type":"Feature","properties":{"name":"Allen Chapel Missionary Baptist Church","religion":"christian","denomination":null,"group":"christian"},"geometry":{"type":"Point","coordinates":[-81.6203062,41.4458072]}},
{"type":"Feature","properties":{"name":null,"religion":"christian","denomination":"jehovahs_witness","group":"jehovahs_witness"},"geometry":{"type":"Point","coordinates":[-81.56524,41.4547143]}},
{"type":"Feature","properties":{"name":null,"religion":"christian","denomination":null,"group":"christian"},"geometry":{"type":"Point","coordinates":[-80.866758,41.46276]}},
{"type":"Feature","properties":{"name":"Oak Hill Presbyterian Church","religion":"christian","denomination":"presbyterian","group":"presbyterian"},"geometry":{"type":"Point","coordinates":[-81.4419654,41.0577158]}},
{"type":"Feature","properties":{"name":"Community Baptist Church","religion":"christian","denomination":"baptist","group":"baptist"},"geometry":{"type":"Point","coordinates":[-81.4144149,41.1089341]}},
{"type":"Feature","properties":{"name":"Tallmadge United Methodist Church","religion":"christian","denomination":"methodist","group":"methodist"},"geometry":{"type":"Point","coordinates":[-81.4169939,41.1070415]}},
{"type":"Feature","properties":{"name":"The Church of God in Jesus Christ","religion":"christian","denomination":null,"group":"christian"},"geometry":{"type":"Point","coordinates":[-81.557132,41.4382141]}},
{"type":"Feature","properties":{"name":"Fairmount Presbyterian Church","religion":"christian","denomination":"presbyterian","group":"presbyterian"},"geometry":{"type":"Point","coordinates":[-81.5802652,41.4933143]}},
{"type":"Feature","properties":{"name":"Pillar Faith Christian Center","religion":"christian","denomination":null,"group":"christian"},"geometry":{"type":"Point","coordinates":[-81.5642936,41.4375083]}},
{"type":"Feature","properties":{"name":"Beehive School","religion":"christian","denomination":"jehovahs_witness","group":"jehovahs_witness"},"geometry":{"type":"Point","coordinates":[-81.5657053,41.44134]}},
{"type":"Feature","properties":{"name":null,"religion":"christian","denomination":null,"group":"christian"},"geometry":{"type":"Point","coordinates":[-81.5650405,41.4253278]}},
{"type":"Feature","properties":{"name":"Canaan Missionary Baptist Church","religion":"christian","denomination":null,"group":"christian"},"geometry":{"type":"Point","coordinates":[-81.568579,41.4315]}},
{"type":"Feature","properties":{"name":null,"religion":"christian","denomination":null,"group":"christian"},"geometry":{"type":"Point","coordinates":[-81.565032,41.4329675]}},
{"type":"Feature","properties":{"name":"St. Paul United Methodist","religion":"christian","denomination":"united_methodist","group":"united_methodist"},"geometry":{"type":"Point","coordinates":[-81.5652932,41.4303275]}},
{"type":"Feature","properties":{"name":null,"religion":"christian","denomination":null,"group":"christian"},"geometry":{"type":"Point","coordinates":[-81.6318208,41.52452]}},
{"type":"Feature","properties":{"name":"Philippian Missionary Baptist Church","religion":"christian","denomination":"missionary_baptist","group":"missionary_baptist"},"geometry":{"type":"Point","coordinates":[-81.6014766,41.4559174]}},
{"type":"Feature","properties":{"name":null,"religion":"christian","denomination":"jehovahs_witness","group":"jehovahs_witness"},"geometry":{"type":"Point","coordinates":[-81.6008264,41.4559756]}},
{"type":"Feature","properties":{"name":"Mount Esther Missionary Baptist Church","religion":"christian","denomination":"missionary_baptist","group":"missionary_baptist"},"geometry":{"type":"Point","coordinates":[-81.5969825,41.4742067]}},
{"type":"Feature","properties":{"name":"Grace United Church of Christ","religion":"christian","denomination":null,"group":"christian"},"geometry":{"type":"Point","coordinates":[-81.4082607,40.9795754]}},
{"type":"Feature","properties":{"name":null,"religion":"christian","denomination":"baptist","group":"baptist"},"geometry":{"type":"Point","coordinates":[-81.6092925,41.4537729]}},
{"type":"Feature","properties":{"name":"Greater Mount Calvary Church of God & Christ","religion":"christian","denomination":null,"group":"christian"},"geometry":{"type":"Point","coordinates":[-81.6141678,41.4531213]}},
{"type":"Feature","properties":{"name":null,"religion":"christian","denomination":null,"group":"christian"},"geometry":{"type":"Point","coordinates":[-81.7313625,41.0256786]}},
{"type":"Feature","properties":{"name":"Sacred Heart","religion":"christian","denomination":"catholic","group":"catholic"},"geometry":{"type":"Point","coordinates":[-81.7229911,41.0258202]}},
{"type":"Feature","properties":{"name":"Holy Ghost Ukrainian Byzantine Catholic Church","religion":"christian","denomination":"ukrainian_greek_catholic","group":"ukrainian_greek_catholic"},"geometry":{"type":"Point","coordinates":[-81.5110059,41.0308433]}},
{"type":"Feature","properties":{"name":"Bethany Covenant Church","religion":"christian","denomination":null,"group":"christian"},"geometry":{"type":"Point","coordinates":[-81.4958916,41.5297585]}},
{"type":"Feature","properties":{"name":"Heritage Presbyterian Church","religion":"christian","denomination":"presbyterian","group":"presbyterian"},"geometry":{"type":"Point","coordinates":[-82.2084372,41.4128581]}},
{"type":"Feature","properties":{"name":"Christ Episcopal Church","religion":"christian","denomination":null,"group":"christian"},"geometry":{"type":"Point","coordinates":[-81.36329,41.1531618]}},
{"type":"Feature","properties":{"name":"First Baptist Church","religion":"christian","denomination":"baptist","group":"baptist"},"geometry":{"type":"Point","coordinates":[-81.1470739,41.7616777]}},
{"type":"Feature","properties":{"name":"Perry United Methodist Church","religion":"christian","denomination":"methodist","group":"methodist"},"geometry":{"type":"Point","coordinates":[-81.1473097,41.7632234]}},
{"type":"Feature","properties":{"name":"United Church of Geneva","religion":"christian","denomination":null,"group":"christian"},"geometry":{"type":"Point","coordinates":[-80.9473524,41.8041427]}},
{"type":"Feature","properties":{"name":"Geneva United Methodist Church","religion":"christian","denomination":"united_methodist","group":"united_methodist"},"geometry":{"type":"Point","coordinates":[-80.9473392,41.8038549]}},
{"type":"Feature","properties":{"name":"Lilly of the Valley","religion":"unknown","denomination":null,"group":"unknown"},"geometry":{"type":"Point","coordinates":[-80.9376892,41.7973617]}},
{"type":"Feature","properties":{"name":null,"religion":"christian","denomination":null,"group":"christian"},"geometry":{"type":"Point","coordinates":[-81.6884902,41.4292135]}},
{"type":"Feature","properties":{"name":"Calvary Evangelical United Brethren Church","religion":"christian","denomination":null,"group":"christian"},"geometry":{"type":"Point","coordinates":[-81.6168301,41.4833744]}},
{"type":"Feature","properties":{"name":"Ravenna Assembly of God","religion":"christian","denomination":"pentecostal","group":"pentecostal"},"geometry":{"type":"Point","coordinates":[-81.2205148,41.1639557]}},
{"type":"Feature","properties":{"name":"Saint Paul Lutheran Church","religion":"christian","denomination":"lutheran","group":"lutheran"},"geometry":{"type":"Point","coordinates":[-81.2328074,41.1597235]}},
{"type":"Feature","properties":{"name":"Islamic Center of Cleveland","religion":"muslim","denomination":null,"group":"muslim"},"geometry":{"type":"Point","coordinates":[-81.7804562,41.3989307]}},
{"type":"Feature","properties":{"name":"East Market Street Church of God","religion":"christian","denomination":null,"group":"christian"},"geometry":{"type":"Point","coordinates":[-81.453817,41.0593692]}},
{"type":"Feature","properties":{"name":"Saint John the Baptist Roman Catholic Church","religion":"christian","denomination":"roman_catholic","group":"roman_catholic"},"geometry":{"type":"Point","coordinates":[-81.5105808,41.0535177]}},
{"type":"Feature","properties":{"name":"Our Lady of Lourdes Church","religion":"christian","denomination":null,"group":"christian"},"geometry":{"type":"Point","coordinates":[-82.3977712,41.0844738]}},
{"type":"Feature","properties":{"name":"Saint Aloysius Catholic Church","religion":"christian","denomination":"roman_catholic","group":"roman_catholic"},"geometry":{"type":"Point","coordinates":[-81.6097179,41.5399376]}},
{"type":"Feature","properties":{"name":"Iglesia Pentecostal Círculo de Oración Cristiana","religion":"christian","denomination":"pentecostal","group":"pentecostal"},"geometry":{"type":"Point","coordinates":[-80.9482041,41.8048356]}},
{"type":"Feature","properties":{"name":"Bethel Seventh-day Adventist Church","religion":"christian","denomination":"seventh_day_adventist","group":"seventh_day_adventist"},"geometry":{"type":"Point","coordinates":[-81.4248626,41.0277013]}},
{"type":"Feature","properties":{"name":"Springfield Assembly of God","religion":"christian","denomination":null,"group":"christian"},"geometry":{"type":"Point","coordinates":[-81.4198072,41.02606]}},
{"type":"Feature","properties":{"name":"Friendship Baptist Church","religion":"christian","denomination":"baptist","group":"baptist"},"geometry":{"type":"Point","coordinates":[-81.4315155,41.0222497]}},
{"type":"Feature","properties":{"name":"Living Faith Family Fellowship","religion":"christian","denomination":null,"group":"christian"},"geometry":{"type":"Point","coordinates":[-81.3300481,40.8888773]}},
{"type":"Feature","properties":{"name":null,"religion":"christian","denomination":null,"group":"christian"},"geometry":{"type":"Point","coordinates":[-81.8040128,41.4532039]}},
{"type":"Feature","properties":{"name":"Romanian Baptist Church","religion":"christian","denomination":"baptist","group":"baptist"},"geometry":{"type":"Point","coordinates":[-81.4784028,40.9598285]}},
{"type":"Feature","properties":{"name":"Iglesia Pentecostal Arca del Pacto","religion":"christian","denomination":"pentecostal","group":"pentecostal"},"geometry":{"type":"Point","coordinates":[-80.9452739,41.8065668]}},
{"type":"Feature","properties":{"name":"Greater Avery African Methodist Episcopal Church","religion":"christian","denomination":"methodist","group":"methodist"},"geometry":{"type":"Point","coordinates":[-81.6359405,41.5161209]}},
{"type":"Feature","properties":{"name":"Saint Peters Baptist Church","religion":"christian","denomination":"baptist","group":"baptist"},"geometry":{"type":"Point","coordinates":[-81.639268,41.494184]}},
{"type":"Feature","properties":{"name":"Good Hope Baptist Church","religion":"christian","denomination":"baptist","group":"baptist"},"geometry":{"type":"Point","coordinates":[-81.63587,41.496488]}},
{"type":"Feature","properties":{"name":"Calvary Baptist Church","religion":"christian","denomination":"baptist","group":"baptist"},"geometry":{"type":"Point","coordinates":[-81.2581888,41.7135735]}},
{"type":"Feature","properties":{"name":"Falls Berean Bible Church","religion":"christian","denomination":null,"group":"christian"},"geometry":{"type":"Point","coordinates":[-81.465875,41.1291607]}},
{"type":"Feature","properties":{"name":"St. Epremte Albanian Orthodox Church","religion":"christian","denomination":"albanian_orthodox","group":"albanian_orthodox"},"geometry":{"type":"Point","coordinates":[-81.7614249,41.4521016]}},
{"type":"Feature","properties":{"name":"First Baptist Church","religion":"christian","denomination":null,"group":"christian"},"geometry":{"type":"Point","coordinates":[-81.1302621,40.9026417]}},
{"type":"Feature","properties":{"name":"Hathaway Church","religion":"christian","denomination":null,"group":"christian"},"geometry":{"type":"Point","coordinates":[-81.594322,41.399476]}},
{"type":"Feature","properties":{"name":"Medina First Christian Church","religion":"christian","denomination":null,"group":"christian"},"geometry":{"type":"Point","coordinates":[-81.8626447,41.1076635]}},
{"type":"Feature","properties":{"name":"Pentecostal Church of New Antioch","religion":"christian","denomination":null,"group":"christian"},"geometry":{"type":"Point","coordinates":[-81.6440361,41.5194412]}},
{"type":"Feature","properties":{"name":null,"religion":"christian","denomination":null,"group":"christian"},"geometry":{"type":"Point","coordinates":[-81.7584277,41.4574074]}},
{"type":"Feature","properties":{"name":null,"religion":"christian","denomination":null,"group":"christian"},"geometry":{"type":"Point","coordinates":[-81.578966,41.464769]}},
{"type":"Feature","properties":{"name":null,"religion":"christian","denomination":null,"group":"christian"},"geometry":{"type":"Point","coordinates":[-81.593487,41.465805]}},
{"type":"Feature","properties":{"name":"Mount Pleasant Baptist Church","religion":"christian","denomination":"baptist","group":"baptist"},"geometry":{"type":"Point","coordinates":[-81.59146,41.465987]}},
{"type":"Feature","properties":{"name":"Nottingham Baptist Church","religion":"christian","denomination":"baptist","group":"baptist"},"geometry":{"type":"Point","coordinates":[-81.4770156,41.5796864]}},
{"type":"Feature","properties":{"name":"House of Prayer for All People","religion":"christian","denomination":null,"group":"christian"},"geometry":{"type":"Point","coordinates":[-81.5341939,41.0903298]}},
{"type":"Feature","properties":{"name":"Church of the Redeemer","religion":"christian","denomination":"united_church_of_christ","group":"united_church_of_christ"},"geometry":{"type":"Point","coordinates":[-81.8807351,41.4570475]}},
{"type":"Feature","properties":{"name":"Grace Baptist Church","religion":"christian","denomination":"baptist","group":"baptist"},"geometry":{"type":"Point","coordinates":[-81.8761475,41.4572717]}},
{"type":"Feature","properties":{"name":"Lorain Church of Christ","religion":"christian","denomination":null,"group":"christian"},"geometry":{"type":"Point","coordinates":[-82.1574734,41.4225085]}},
{"type":"Feature","properties":{"name":null,"religion":"christian","denomination":null,"group":"christian"},"geometry":{"type":"Point","coordinates":[-82.1497851,41.4284204]}},
{"type":"Feature","properties":{"name":"Saint Pauls African Methodist Episcopal Zion Church","religion":"christian","denomination":"african_methodist_episcopal_zion","group":"african_methodist_episcopal_zion"},"geometry":{"type":"Point","coordinates":[-81.650924,41.493771]}},
{"type":"Feature","properties":{"name":"Mount Gillion Baptist Church","religion":"christian","denomination":"baptist","group":"baptist"},"geometry":{"type":"Point","coordinates":[-81.639629,41.500714]}},
{"type":"Feature","properties":{"name":"Our Lady Of Hope","religion":"christian","denomination":"roman_catholic","group":"roman_catholic"},"geometry":{"type":"Point","coordinates":[-81.5359154,41.403886]}},
{"type":"Feature","properties":{"name":"Saint Andrews Episcopal Church","religion":"christian","denomination":null,"group":"christian"},"geometry":{"type":"Point","coordinates":[-81.652963,41.499578]}},
{"type":"Feature","properties":{"name":"Liberty Hill Baptist Church","religion":"christian","denomination":"baptist","group":"baptist"},"geometry":{"type":"Point","coordinates":[-81.63078,41.502947]}},
{"type":"Feature","properties":{"name":"Saint Timothy Missionary Baptist Church","religion":"christian","denomination":"baptist","group":"baptist"},"geometry":{"type":"Point","coordinates":[-81.639216,41.502104]}},
{"type":"Feature","properties":{"name":"Transfiguration Anglican Church","religion":"christian","denomination":"anglican","group":"anglican"},"geometry":{"type":"Point","coordinates":[-81.6025296,41.4891298]}},
{"type":"Feature","properties":{"name":null,"religion":"christian","denomination":null,"group":"christian"},"geometry":{"type":"Point","coordinates":[-81.6099585,41.498354]}},
{"type":"Feature","properties":{"name":null,"religion":"christian","denomination":null,"group":"christian"},"geometry":{"type":"Point","coordinates":[-81.6113405,41.4989001]}},
{"type":"Feature","properties":{"name":"Christian Fellowship Mission","religion":"christian","denomination":null,"group":"christian"},"geometry":{"type":"Point","coordinates":[-81.6191958,41.5075524]}},
{"type":"Feature","properties":{"name":"First Friends Church","religion":"unknown","denomination":null,"group":"unknown"},"geometry":{"type":"Point","coordinates":[-81.3668289,40.8588714]}},
{"type":"Feature","properties":{"name":"Saint Mark Lutheran Church","religion":"christian","denomination":null,"group":"christian"},"geometry":{"type":"Point","coordinates":[-81.339041,41.5463572]}},
{"type":"Feature","properties":{"name":"Springfield Fellowship Church","religion":"christian","denomination":null,"group":"christian"},"geometry":{"type":"Point","coordinates":[-81.4181562,41.0331318]}},
{"type":"Feature","properties":{"name":"First Baptist Church of Painesville","religion":"christian","denomination":"baptist","group":"baptist"},"geometry":{"type":"Point","coordinates":[-81.2509861,41.699697]}},
{"type":"Feature","properties":{"name":"First Baptist Church of Birmingham","religion":"christian","denomination":null,"group":"christian"},"geometry":{"type":"Point","coordinates":[-82.359032,41.3465023]}},
{"type":"Feature","properties":{"name":"Crawford Road Christian Church","religion":"christian","denomination":null,"group":"christian"},"geometry":{"type":"Point","coordinates":[-81.6234979,41.5127402]}},
{"type":"Feature","properties":{"name":"Word of Grace Church","religion":"christian","denomination":null,"group":"christian"},"geometry":{"type":"Point","coordinates":[-81.3212348,41.5204839]}},
{"type":"Feature","properties":{"name":null,"religion":"christian","denomination":null,"group":"christian"},"geometry":{"type":"Point","coordinates":[-81.8861175,41.4548419]}},
{"type":"Feature","properties":{"name":"First Baptist Church of Kenmore","religion":"christian","denomination":"baptist","group":"baptist"},"geometry":{"type":"Point","coordinates":[-81.5751724,41.0405427]}},
{"type":"Feature","properties":{"name":"Kingdom Hall of Jehovahs Witnesses","religion":"christian","denomination":"jehovahs_witness","group":"jehovahs_witness"},"geometry":{"type":"Point","coordinates":[-81.70944,41.424977]}},
{"type":"Feature","properties":{"name":"Bethel Cleveland","religion":"christian","denomination":"protestant","group":"protestant"},"geometry":{"type":"Point","coordinates":[-81.5186258,41.0631487]}},
{"type":"Feature","properties":{"name":"St Paul Fire Baptized Holiness Church","religion":"christian","denomination":null,"group":"christian"},"geometry":{"type":"Point","coordinates":[-81.5201425,41.063579]}},
{"type":"Feature","properties":{"name":"Holy Spirit Akron","religion":"christian","denomination":null,"group":"christian"},"geometry":{"type":"Point","coordinates":[-81.5193928,41.0635407]}},
{"type":"Feature","properties":{"name":"Saint Christophers By-The-River Church","religion":"christian","denomination":"episcopal","group":"episcopal"},"geometry":{"type":"Point","coordinates":[-81.4046979,41.5179014]}},
{"type":"Feature","properties":{"name":"Saint Demetrios Greek Orthodox Church","religion":"christian","denomination":"greek_orthodox","group":"greek_orthodox"},"geometry":{"type":"Point","coordinates":[-81.8739804,41.4556925]}},
{"type":"Feature","properties":{"name":"Oakland Lutheran Church","religion":"christian","denomination":"lutheran","group":"lutheran"},"geometry":{"type":"Point","coordinates":[-82.4904099,40.8142112]}},
{"type":"Feature","properties":{"name":"Simpson United Methodist Church","religion":"christian","denomination":"methodist","group":"methodist"},"geometry":{"type":"Point","coordinates":[-81.7435378,41.4691485]}},
{"type":"Feature","properties":{"name":"Bedford Church of the Nazarene","religion":"christian","denomination":null,"group":"christian"},"geometry":{"type":"Point","coordinates":[-81.5379668,41.4038917]}},
{"type":"Feature","properties":{"name":"East End Church of God in Christ","religion":"christian","denomination":null,"group":"christian"},"geometry":{"type":"Point","coordinates":[-81.6016655,41.5168566]}},
{"type":"Feature","properties":{"name":"Saint John Baptist Church","religion":"christian","denomination":null,"group":"christian"},"geometry":{"type":"Point","coordinates":[-81.6187798,41.4954383]}},
{"type":"Feature","properties":{"name":"Greater Faith Missionary Baptist","religion":"christian","denomination":"baptist","group":"baptist"},"geometry":{"type":"Point","coordinates":[-81.4918184,41.0770224]}},
{"type":"Feature","properties":{"name":null,"religion":"christian","denomination":null,"group":"christian"},"geometry":{"type":"Point","coordinates":[-81.7081848,41.490172]}},
{"type":"Feature","properties":{"name":"New Beginnings Church","religion":"christian","denomination":null,"group":"christian"},"geometry":{"type":"Point","coordinates":[-81.3631098,41.7048701]}},
{"type":"Feature","properties":{"name":null,"religion":"christian","denomination":null,"group":"christian"},"geometry":{"type":"Point","coordinates":[-81.6890464,41.3804401]}},
{"type":"Feature","properties":{"name":"Holy Trinity Orthodox Church","religion":"christian","denomination":"orthodox","group":"orthodox"},"geometry":{"type":"Point","coordinates":[-81.6885067,41.379818]}},
{"type":"Feature","properties":{"name":null,"religion":"christian","denomination":null,"group":"christian"},"geometry":{"type":"Point","coordinates":[-81.6854805,41.3873561]}},
{"type":"Feature","properties":{"name":"Rocky River First Church of Christ Scientist","religion":"christian","denomination":"nondenominational","group":"nondenominational"},"geometry":{"type":"Point","coordinates":[-81.8527813,41.474005]}},
{"type":"Feature","properties":{"name":"St Christopher Catholic Church","religion":"christian","denomination":"catholic","group":"catholic"},"geometry":{"type":"Point","coordinates":[-81.8446853,41.4776577]}},
{"type":"Feature","properties":{"name":"Rocky River United Methodist Church","religion":"christian","denomination":"methodist","group":"methodist"},"geometry":{"type":"Point","coordinates":[-81.8380555,41.4811056]}},
{"type":"Feature","properties":{"name":"Unity Baptist Church","religion":"christian","denomination":"baptist","group":"baptist"},"geometry":{"type":"Point","coordinates":[-81.6118779,41.4697404]}},
{"type":"Feature","properties":{"name":"Abundant Life Harvest Church","religion":"christian","denomination":"protestant","group":"protestant"},"geometry":{"type":"Point","coordinates":[-81.3636719,40.8028089]}},
{"type":"Feature","properties":{"name":"Saint Vladimir Ukrainian Orthodox Cathedral","religion":"christian","denomination":"ukrainian_orthodox","group":"ukrainian_orthodox"},"geometry":{"type":"Point","coordinates":[-81.709811,41.4017609]}},
{"type":"Feature","properties":{"name":null,"religion":"unknown","denomination":null,"group":"unknown"},"geometry":{"type":"Point","coordinates":[-81.1639549,40.9232805]}},
{"type":"Feature","properties":{"name":"St. Stephen Martyr Lutheran Church","religion":"christian","denomination":null,"group":"christian"},"geometry":{"type":"Point","coordinates":[-81.43586,40.8423983]}},
{"type":"Feature","properties":{"name":"Cathedral of Life","religion":"christian","denomination":null,"group":"christian"},"geometry":{"type":"Point","coordinates":[-81.420439,40.842319]}},
{"type":"Feature","properties":{"name":"Full Devotion - FBC Canton","religion":"christian","denomination":null,"group":"christian"},"geometry":{"type":"Point","coordinates":[-81.4205466,40.8411835]}},
{"type":"Feature","properties":{"name":"Northwest Church Of Christ","religion":"christian","denomination":null,"group":"christian"},"geometry":{"type":"Point","coordinates":[-81.4186626,40.8408451]}},
{"type":"Feature","properties":{"name":"Canton Seventh-day Adventist Church","religion":"christian","denomination":null,"group":"christian"},"geometry":{"type":"Point","coordinates":[-81.4146053,40.8401438]}},
{"type":"Feature","properties":{"name":"Grace Evangelical Bible Church","religion":"christian","denomination":"lutheran","group":"lutheran"},"geometry":{"type":"Point","coordinates":[-81.2441087,41.4606898]}},
{"type":"Feature","properties":{"name":"House of God Mount of Zion","religion":"christian","denomination":null,"group":"christian"},"geometry":{"type":"Point","coordinates":[-81.7371849,41.4672356]}},
{"type":"Feature","properties":{"name":null,"religion":"christian","denomination":null,"group":"christian"},"geometry":{"type":"Point","coordinates":[-81.7710845,41.4606432]}},
{"type":"Feature","properties":{"name":"St. John Lutheran Church","religion":"christian","denomination":null,"group":"christian"},"geometry":{"type":"Point","coordinates":[-81.5042875,40.8186846]}},
{"type":"Feature","properties":{"name":"Oak Grove Mennonite Church","religion":"christian","denomination":"mennonite","group":"mennonite"},"geometry":{"type":"Point","coordinates":[-81.8319503,40.8585875]}},
{"type":"Feature","properties":{"name":"Church of Our Savior","religion":"christian","denomination":null,"group":"christian"},"geometry":{"type":"Point","coordinates":[-81.5336019,41.0901947]}},
{"type":"Feature","properties":{"name":"Willoughby Hills United Methodist Church","religion":"christian","denomination":"methodist","group":"methodist"},"geometry":{"type":"Point","coordinates":[-81.443169,41.5895534]}},
{"type":"Feature","properties":{"name":"Reformed Hungarian Church","religion":"christian","denomination":null,"group":"christian"},"geometry":{"type":"Point","coordinates":[-81.8033654,41.4345011]}},
{"type":"Feature","properties":{"name":null,"religion":"christian","denomination":null,"group":"christian"},"geometry":{"type":"Point","coordinates":[-81.4211462,41.1569435]}},
{"type":"Feature","properties":{"name":"Church of God in Christ, Mennonite","religion":"christian","denomination":"mennonite","group":"mennonite"},"geometry":{"type":"Point","coordinates":[-81.0484975,40.8194854]}},
{"type":"Feature","properties":{"name":"Cornerstone Community Church","religion":"christian","denomination":"evangelical","group":"evangelical"},"geometry":{"type":"Point","coordinates":[-81.4654914,41.5224066]}},
{"type":"Feature","properties":{"name":"Church of the Blessed Hope","religion":"christian","denomination":null,"group":"christian"},"geometry":{"type":"Point","coordinates":[-81.3752286,41.5438937]}},
{"type":"Feature","properties":{"name":"First Presbyterian Church","religion":"christian","denomination":"presbyterian","group":"presbyterian"},"geometry":{"type":"Point","coordinates":[-80.854355,40.9024563]}},
{"type":"Feature","properties":{"name":"St. Nicholas Orthodox Church","religion":"christian","denomination":"orthodox","group":"orthodox"},"geometry":{"type":"Point","coordinates":[-81.3897311,41.0302511]}},
{"type":"Feature","properties":{"name":"First Christian Church","religion":"christian","denomination":null,"group":"christian"},"geometry":{"type":"Point","coordinates":[-81.1208003,40.8876192]}},
{"type":"Feature","properties":{"name":"Greater Heights Church of Christ","religion":"christian","denomination":null,"group":"christian"},"geometry":{"type":"Point","coordinates":[-81.7004899,41.4536247]}},
{"type":"Feature","properties":{"name":"Bainbridge Community Church","religion":"christian","denomination":null,"group":"christian"},"geometry":{"type":"Point","coordinates":[-81.3389348,41.3860028]}},
{"type":"Feature","properties":{"name":null,"religion":"christian","denomination":"jehovahs_witness","group":"jehovahs_witness"},"geometry":{"type":"Point","coordinates":[-81.2807495,41.7395839]}},
{"type":"Feature","properties":{"name":"Friends Church Willoughby HIlls","religion":"christian","denomination":"quaker","group":"quaker"},"geometry":{"type":"Point","coordinates":[-81.4408462,41.5819373]}},
{"type":"Feature","properties":{"name":null,"religion":"unknown","denomination":null,"group":"unknown"},"geometry":{"type":"Point","coordinates":[-81.5662635,41.4858549]}},
{"type":"Feature","properties":{"name":null,"religion":"christian","denomination":null,"group":"christian"},"geometry":{"type":"Point","coordinates":[-81.815603,41.2392247]}},
{"type":"Feature","properties":{"name":null,"religion":"christian","denomination":null,"group":"christian"},"geometry":{"type":"Point","coordinates":[-81.6347781,41.4935033]}},
{"type":"Feature","properties":{"name":null,"religion":"christian","denomination":null,"group":"christian"},"geometry":{"type":"Point","coordinates":[-81.854086,41.4731147]}},
{"type":"Feature","properties":{"name":null,"religion":"unknown","denomination":null,"group":"unknown"},"geometry":{"type":"Point","coordinates":[-81.3107282,41.5200026]}},
{"type":"Feature","properties":{"name":"MissionView Church","religion":"christian","denomination":"nondenominational","group":"nondenominational"},"geometry":{"type":"Point","coordinates":[-81.4202466,40.8755768]}},
{"type":"Feature","properties":{"name":"Mentor Baptist Church","religion":"christian","denomination":null,"group":"christian"},"geometry":{"type":"Point","coordinates":[-81.3733509,41.645237]}},
{"type":"Feature","properties":{"name":null,"religion":"christian","denomination":null,"group":"christian"},"geometry":{"type":"Point","coordinates":[-81.1223696,41.7897626]}},
{"type":"Feature","properties":{"name":"Deerfield Methodist Church","religion":"christian","denomination":"methodist","group":"methodist"},"geometry":{"type":"Point","coordinates":[-81.0518186,41.0280047]}},
{"type":"Feature","properties":{"name":null,"religion":"christian","denomination":null,"group":"christian"},"geometry":{"type":"Point","coordinates":[-81.6932658,40.9693962]}},
{"type":"Feature","properties":{"name":null,"religion":"christian","denomination":null,"group":"christian"},"geometry":{"type":"Point","coordinates":[-81.5893319,41.5059791]}},
{"type":"Feature","properties":{"name":"Jerusalem Lutheran Church","religion":"christian","denomination":"lutheran","group":"lutheran"},"geometry":{"type":"Point","coordinates":[-81.7968669,41.0207273]}},
{"type":"Feature","properties":{"name":null,"religion":"christian","denomination":null,"group":"christian"},"geometry":{"type":"Point","coordinates":[-81.7203137,41.3144435]}},
{"type":"Feature","properties":{"name":null,"religion":"christian","denomination":null,"group":"christian"},"geometry":{"type":"Point","coordinates":[-81.7305524,41.3138621]}},
{"type":"Feature","properties":{"name":"S S Cosmas & Damian Church","religion":"christian","denomination":"catholic","group":"catholic"},"geometry":{"type":"Point","coordinates":[-81.4574201,41.326239]}},
{"type":"Feature","properties":{"name":"S S Cosmas & Damian Church","religion":"christian","denomination":"catholic","group":"catholic"},"geometry":{"type":"Point","coordinates":[-81.4571034,41.3255718]}},
{"type":"Feature","properties":{"name":"Saint Lukes Protestant Episcopal Church","religion":"christian","denomination":null,"group":"christian"},"geometry":{"type":"Point","coordinates":[-81.7382802,41.483178]}},
{"type":"Feature","properties":{"name":"Kirtland Community of Christ","religion":"christian","denomination":"community_of_christ","group":"community_of_christ"},"geometry":{"type":"Point","coordinates":[-81.3615391,41.6255094]}},
{"type":"Feature","properties":{"name":"Lakemore United Methodist Church","religion":"christian","denomination":"methodist","group":"methodist"},"geometry":{"type":"Point","coordinates":[-81.4335684,41.0188897]}},
{"type":"Feature","properties":{"name":null,"religion":"christian","denomination":"baptist","group":"baptist"},"geometry":{"type":"Point","coordinates":[-81.4233341,41.0161319]}},
{"type":"Feature","properties":{"name":"Sebring Church of the Nazarene","religion":"christian","denomination":null,"group":"christian"},"geometry":{"type":"Point","coordinates":[-81.029876,40.9246702]}},
{"type":"Feature","properties":{"name":"Harmony Springs","religion":"christian","denomination":null,"group":"christian"},"geometry":{"type":"Point","coordinates":[-81.49104,40.9651453]}},
{"type":"Feature","properties":{"name":"Trinity Episcopal Church","religion":"christian","denomination":"episcopal","group":"episcopal"},"geometry":{"type":"Point","coordinates":[-81.1052416,40.9104708]}},
{"type":"Feature","properties":{"name":"Queen of Heaven Catholic Church","religion":"christian","denomination":"catholic","group":"catholic"},"geometry":{"type":"Point","coordinates":[-81.4696062,40.9469192]}},
{"type":"Feature","properties":{"name":"Bolton United Methodist Church","religion":"christian","denomination":"united_methodist","group":"united_methodist"},"geometry":{"type":"Point","coordinates":[-81.1161114,40.9399436]}},
{"type":"Feature","properties":{"name":"Atwater United Methodist Church","religion":"christian","denomination":"methodist","group":"methodist"},"geometry":{"type":"Point","coordinates":[-81.1619738,41.02339]}},
{"type":"Feature","properties":{"name":"LifePointe Church","religion":"christian","denomination":null,"group":"christian"},"geometry":{"type":"Point","coordinates":[-81.1579618,41.0232852]}},
{"type":"Feature","properties":{"name":"Atwater Church of The Nazarene","religion":"christian","denomination":"nazarene","group":"nazarene"},"geometry":{"type":"Point","coordinates":[-81.1498544,41.0229949]}},
{"type":"Feature","properties":{"name":"Atwater Congregational Church","religion":"christian","denomination":null,"group":"christian"},"geometry":{"type":"Point","coordinates":[-81.1484262,41.0224425]}},
{"type":"Feature","properties":{"name":"New Baltimore Community Church","religion":"christian","denomination":null,"group":"christian"},"geometry":{"type":"Point","coordinates":[-81.2472368,40.9850882]}},
{"type":"Feature","properties":{"name":"Concordia Lutheran Church","religion":"christian","denomination":"lutheran","group":"lutheran"},"geometry":{"type":"Point","coordinates":[-81.5153097,41.0634968]}},
{"type":"Feature","properties":{"name":null,"religion":"christian","denomination":"jehovahs_witness","group":"jehovahs_witness"},"geometry":{"type":"Point","coordinates":[-81.312098,41.6624605]}},
{"type":"Feature","properties":{"name":"Kingdom Hall of Jehovahs Witnesses","religion":"christian","denomination":"jehovahs_witness","group":"jehovahs_witness"},"geometry":{"type":"Point","coordinates":[-81.1191371,40.922053]}},
{"type":"Feature","properties":{"name":null,"religion":"christian","denomination":"jehovahs_witness","group":"jehovahs_witness"},"geometry":{"type":"Point","coordinates":[-82.2019759,41.4393001]}},
{"type":"Feature","properties":{"name":null,"religion":"christian","denomination":"jehovahs_witness","group":"jehovahs_witness"},"geometry":{"type":"Point","coordinates":[-81.0546317,41.6065414]}},
{"type":"Feature","properties":{"name":null,"religion":"christian","denomination":"jehovahs_witness","group":"jehovahs_witness"},"geometry":{"type":"Point","coordinates":[-81.8961661,40.8383024]}},
{"type":"Feature","properties":{"name":null,"religion":"christian","denomination":"jehovahs_witness","group":"jehovahs_witness"},"geometry":{"type":"Point","coordinates":[-82.0799814,41.3434243]}},
{"type":"Feature","properties":{"name":null,"religion":"christian","denomination":"jehovahs_witness","group":"jehovahs_witness"},"geometry":{"type":"Point","coordinates":[-81.9424462,41.4332852]}},
{"type":"Feature","properties":{"name":null,"religion":"christian","denomination":"jehovahs_witness","group":"jehovahs_witness"},"geometry":{"type":"Point","coordinates":[-82.3078377,40.8803086]}},
{"type":"Feature","properties":{"name":null,"religion":"christian","denomination":"jehovahs_witness","group":"jehovahs_witness"},"geometry":{"type":"Point","coordinates":[-80.9817123,41.192569]}},
{"type":"Feature","properties":{"name":null,"religion":"christian","denomination":"jehovahs_witness","group":"jehovahs_witness"},"geometry":{"type":"Point","coordinates":[-82.3607578,41.3463006]}},
{"type":"Feature","properties":{"name":null,"religion":"christian","denomination":"jehovahs_witness","group":"jehovahs_witness"},"geometry":{"type":"Point","coordinates":[-81.3336583,41.4102721]}},
{"type":"Feature","properties":{"name":"Kingdom Hall of Jehovahs Witnesses","religion":"christian","denomination":"jehovahs_witness","group":"jehovahs_witness"},"geometry":{"type":"Point","coordinates":[-81.8174229,41.4465746]}},
{"type":"Feature","properties":{"name":null,"religion":"christian","denomination":"jehovahs_witness","group":"jehovahs_witness"},"geometry":{"type":"Point","coordinates":[-81.4405522,41.6203467]}},
{"type":"Feature","properties":{"name":null,"religion":"christian","denomination":"jehovahs_witness","group":"jehovahs_witness"},"geometry":{"type":"Point","coordinates":[-81.0249615,41.788468]}},
{"type":"Feature","properties":{"name":"Immaculate Heart of Mary Chapel","religion":"christian","denomination":"roman_catholic","group":"roman_catholic"},"geometry":{"type":"Point","coordinates":[-81.4883123,40.9890283]}},
{"type":"Feature","properties":{"name":null,"religion":"christian","denomination":"jehovahs_witness","group":"jehovahs_witness"},"geometry":{"type":"Point","coordinates":[-81.4965552,41.5308926]}},
{"type":"Feature","properties":{"name":null,"religion":"christian","denomination":"jehovahs_witness","group":"jehovahs_witness"},"geometry":{"type":"Point","coordinates":[-81.5541996,41.0681561]}},
{"type":"Feature","properties":{"name":null,"religion":"christian","denomination":"jehovahs_witness","group":"jehovahs_witness"},"geometry":{"type":"Point","coordinates":[-81.5091542,41.1751716]}},
{"type":"Feature","properties":{"name":null,"religion":"christian","denomination":"jehovahs_witness","group":"jehovahs_witness"},"geometry":{"type":"Point","coordinates":[-81.4937893,41.5771528]}},
{"type":"Feature","properties":{"name":"Kingdom Hall Jehovahs Witnesses","religion":"christian","denomination":"jehovahs_witness","group":"jehovahs_witness"},"geometry":{"type":"Point","coordinates":[-81.4771435,41.0847653]}},
{"type":"Feature","properties":{"name":null,"religion":"christian","denomination":"jehovahs_witness","group":"jehovahs_witness"},"geometry":{"type":"Point","coordinates":[-81.4628167,41.3294227]}},
{"type":"Feature","properties":{"name":null,"religion":"christian","denomination":"jehovahs_witness","group":"jehovahs_witness"},"geometry":{"type":"Point","coordinates":[-81.6373211,41.1650138]}},
{"type":"Feature","properties":{"name":null,"religion":"christian","denomination":"jehovahs_witness","group":"jehovahs_witness"},"geometry":{"type":"Point","coordinates":[-81.6320035,40.9800082]}},
{"type":"Feature","properties":{"name":null,"religion":"christian","denomination":"jehovahs_witness","group":"jehovahs_witness"},"geometry":{"type":"Point","coordinates":[-81.5289234,41.5717688]}},
{"type":"Feature","properties":{"name":null,"religion":"christian","denomination":"jehovahs_witness","group":"jehovahs_witness"},"geometry":{"type":"Point","coordinates":[-81.3821645,41.0485558]}},
{"type":"Feature","properties":{"name":"Kingdom Hall Church","religion":"christian","denomination":"jehovahs_witness","group":"jehovahs_witness"},"geometry":{"type":"Point","coordinates":[-81.4348797,40.9432822]}},
{"type":"Feature","properties":{"name":"Garrettsville Methodist Church","religion":"christian","denomination":"methodist","group":"methodist"},"geometry":{"type":"Point","coordinates":[-81.0935414,41.2852798]}},
{"type":"Feature","properties":{"name":"Deerfield Friends Church","religion":"christian","denomination":"evangelical","group":"evangelical"},"geometry":{"type":"Point","coordinates":[-81.0509758,41.0231979]}},
{"type":"Feature","properties":{"name":"Maranatha Bible Church","religion":"christian","denomination":null,"group":"christian"},"geometry":{"type":"Point","coordinates":[-81.4719759,40.9950525]}},
{"type":"Feature","properties":{"name":"Delightful Evangelical Congregational Church","religion":"christian","denomination":null,"group":"christian"},"geometry":{"type":"Point","coordinates":[-80.925722,41.2852546]}},
{"type":"Feature","properties":{"name":"Our Savior Lutheran Church","religion":"christian","denomination":"lutheran","group":"lutheran"},"geometry":{"type":"Point","coordinates":[-81.4395309,41.5017523]}},
{"type":"Feature","properties":{"name":"Harvest Time Assembly of God","religion":"christian","denomination":null,"group":"christian"},"geometry":{"type":"Point","coordinates":[-81.7858574,41.2271728]}},
{"type":"Feature","properties":{"name":"Mount Pleasant Church","religion":"christian","denomination":null,"group":"christian"},"geometry":{"type":"Point","coordinates":[-81.7853607,41.2265279]}},
{"type":"Feature","properties":{"name":null,"religion":"christian","denomination":null,"group":"christian"},"geometry":{"type":"Point","coordinates":[-81.807262,41.2669198]}},
{"type":"Feature","properties":{"name":"Relentless Church","religion":"christian","denomination":null,"group":"christian"},"geometry":{"type":"Point","coordinates":[-81.4571374,40.9958502]}},
{"type":"Feature","properties":{"name":"St Nicholas Orthodox Church","religion":"christian","denomination":"orthodox","group":"orthodox"},"geometry":{"type":"Point","coordinates":[-81.4614224,40.9166218]}},
{"type":"Feature","properties":{"name":"Bethel Church","religion":"christian","denomination":null,"group":"christian"},"geometry":{"type":"Point","coordinates":[-81.7851679,41.0097161]}},
{"type":"Feature","properties":{"name":"Lakeview Bible Church","religion":"christian","denomination":"protestant","group":"protestant"},"geometry":{"type":"Point","coordinates":[-81.3788295,41.6668841]}},
{"type":"Feature","properties":{"name":null,"religion":"christian","denomination":null,"group":"christian"},"geometry":{"type":"Point","coordinates":[-81.3898081,41.1691606]}},
{"type":"Feature","properties":{"name":null,"religion":"christian","denomination":null,"group":"christian"},"geometry":{"type":"Point","coordinates":[-81.3893172,41.1689233]}},
{"type":"Feature","properties":{"name":"The church in Willoughby","religion":"christian","denomination":"nondenominational","group":"nondenominational"},"geometry":{"type":"Point","coordinates":[-81.4376386,41.6149653]}},
{"type":"Feature","properties":{"name":"Christ Lutheran Church","religion":"christian","denomination":"lutheran","group":"lutheran"},"geometry":{"type":"Point","coordinates":[-81.4391345,41.6142571]}},
{"type":"Feature","properties":{"name":"St. Mark Church","religion":"christian","denomination":"roman_catholic","group":"roman_catholic"},"geometry":{"type":"Point","coordinates":[-81.8068062,41.467637]}},
{"type":"Feature","properties":{"name":"Saint Sava Serbian Orthodox Church","religion":"christian","denomination":"serbian_orthodox","group":"serbian_orthodox"},"geometry":{"type":"Point","coordinates":[-81.6870679,41.3923153]}},
{"type":"Feature","properties":{"name":"The Little Church in the Vale","religion":"christian","denomination":"nondenominational","group":"nondenominational"},"geometry":{"type":"Point","coordinates":[-81.4150678,41.5489833]}},
{"type":"Feature","properties":{"name":"Congregational United Church","religion":"christian","denomination":"congregational","group":"congregational"},"geometry":{"type":"Point","coordinates":[-81.3530659,40.8740003]}},
{"type":"Feature","properties":{"name":"Harvest Community Church","religion":"christian","denomination":null,"group":"christian"},"geometry":{"type":"Point","coordinates":[-81.4207211,41.604227]}},
{"type":"Feature","properties":{"name":"Mentor Community Church of God","religion":"christian","denomination":null,"group":"christian"},"geometry":{"type":"Point","coordinates":[-81.3454299,41.7042431]}},
{"type":"Feature","properties":{"name":"LeRoy United Methodist Church","religion":"christian","denomination":"united_methodist","group":"united_methodist"},"geometry":{"type":"Point","coordinates":[-81.9337714,41.0276513]}},
{"type":"Feature","properties":{"name":"Orwell Bible Church","religion":"christian","denomination":"nondenominational","group":"nondenominational"},"geometry":{"type":"Point","coordinates":[-80.866341,41.5626803]}},
{"type":"Feature","properties":{"name":"First Congregational Church","religion":"christian","denomination":null,"group":"christian"},"geometry":{"type":"Point","coordinates":[-81.5088363,41.0813225]}},
{"type":"Feature","properties":{"name":"Christ Community Church of Willoughby","religion":"christian","denomination":"nondenominational","group":"nondenominational"},"geometry":{"type":"Point","coordinates":[-81.427876,41.6157939]}},
{"type":"Feature","properties":{"name":"Grace Episcopal Church","religion":"christian","denomination":"episcopal","group":"episcopal"},"geometry":{"type":"Point","coordinates":[-81.4287013,41.6140892]}},
{"type":"Feature","properties":{"name":"Mother of Sorrows Church","religion":"christian","denomination":null,"group":"christian"},"geometry":{"type":"Point","coordinates":[-81.5484273,41.2405191]}},
{"type":"Feature","properties":{"name":"Bronson Memorial Church","religion":"christian","denomination":null,"group":"christian"},"geometry":{"type":"Point","coordinates":[-81.5524712,41.2412324]}},
{"type":"Feature","properties":{"name":"Saints Philip & James Church","religion":"christian","denomination":"catholic","group":"catholic"},"geometry":{"type":"Point","coordinates":[-81.5990774,40.8930824]}},
{"type":"Feature","properties":{"name":"Saint Joseph Catholic Church","religion":"christian","denomination":"catholic","group":"catholic"},"geometry":{"type":"Point","coordinates":[-81.4854192,41.1297316]}},
{"type":"Feature","properties":{"name":null,"religion":"christian","denomination":null,"group":"christian"},"geometry":{"type":"Point","coordinates":[-81.3893574,40.8375288]}},
{"type":"Feature","properties":{"name":null,"religion":"christian","denomination":null,"group":"christian"},"geometry":{"type":"Point","coordinates":[-81.4934098,41.1293203]}},
{"type":"Feature","properties":{"name":null,"religion":"christian","denomination":null,"group":"christian"},"geometry":{"type":"Point","coordinates":[-81.487413,41.1359227]}},
{"type":"Feature","properties":{"name":"First Church of Christ Scientist","religion":"christian","denomination":null,"group":"christian"},"geometry":{"type":"Point","coordinates":[-81.4859384,41.1403045]}},
{"type":"Feature","properties":{"name":"Church 539","religion":"christian","denomination":null,"group":"christian"},"geometry":{"type":"Point","coordinates":[-81.4982201,41.0929436]}},
{"type":"Feature","properties":{"name":"Mercy Temple Church","religion":"christian","denomination":null,"group":"christian"},"geometry":{"type":"Point","coordinates":[-81.4846629,41.0727942]}},
{"type":"Feature","properties":{"name":null,"religion":"christian","denomination":null,"group":"christian"},"geometry":{"type":"Point","coordinates":[-81.4790559,41.1296615]}},
{"type":"Feature","properties":{"name":"St. Eugene's Catholic Church","religion":"christian","denomination":"catholic","group":"catholic"},"geometry":{"type":"Point","coordinates":[-81.4579527,41.1411295]}},
{"type":"Feature","properties":{"name":"Stow-Falls Baptist Church","religion":"christian","denomination":"baptist","group":"baptist"},"geometry":{"type":"Point","coordinates":[-81.4601834,41.1411977]}},
{"type":"Feature","properties":{"name":"Calvary Assembly","religion":"christian","denomination":"assemblies_of_god","group":"assemblies_of_god"},"geometry":{"type":"Point","coordinates":[-81.4727953,41.5836457]}},
{"type":"Feature","properties":{"name":"The Redemption Center Church","religion":"christian","denomination":null,"group":"christian"},"geometry":{"type":"Point","coordinates":[-81.5222605,41.3805774]}},
{"type":"Feature","properties":{"name":"Bethesda Baptist Church","religion":"christian","denomination":"baptist","group":"baptist"},"geometry":{"type":"Point","coordinates":[-81.5279828,41.3850243]}},
{"type":"Feature","properties":{"name":"Cuyahoga Falls Assembly","religion":"christian","denomination":null,"group":"christian"},"geometry":{"type":"Point","coordinates":[-81.4596741,41.1355827]}},
{"type":"Feature","properties":{"name":"St. Luke's Lutheran Church","religion":"christian","denomination":"lutheran","group":"lutheran"},"geometry":{"type":"Point","coordinates":[-81.4898823,41.1361224]}},
{"type":"Feature","properties":{"name":null,"religion":"muslim","denomination":null,"group":"muslim"},"geometry":{"type":"Point","coordinates":[-81.5031386,41.1805373]}},
{"type":"Feature","properties":{"name":null,"religion":"christian","denomination":null,"group":"christian"},"geometry":{"type":"Point","coordinates":[-81.4587641,41.1506446]}},
{"type":"Feature","properties":{"name":"Victory Life Church","religion":"christian","denomination":null,"group":"christian"},"geometry":{"type":"Point","coordinates":[-81.4768253,41.1736801]}},
{"type":"Feature","properties":{"name":"Holy Trinity Lutheran Church","religion":"christian","denomination":"lutheran","group":"lutheran"},"geometry":{"type":"Point","coordinates":[-81.5114652,41.0847615]}},
{"type":"Feature","properties":{"name":null,"religion":"christian","denomination":null,"group":"christian"},"geometry":{"type":"Point","coordinates":[-81.563643,41.5401704]}},
{"type":"Feature","properties":{"name":"Church of the Annunciation","religion":"christian","denomination":null,"group":"christian"},"geometry":{"type":"Point","coordinates":[-81.4882418,41.0723907]}},
{"type":"Feature","properties":{"name":"Church on the North Coast - Wickliffe","religion":"christian","denomination":"nondenominational","group":"nondenominational"},"geometry":{"type":"Point","coordinates":[-81.4598183,41.6046331]}},
{"type":"Feature","properties":{"name":"Annunciation Greek Orthodox Church","religion":"christian","denomination":"greek_orthodox","group":"greek_orthodox"},"geometry":{"type":"Point","coordinates":[-81.5087314,41.0782976]}},
{"type":"Feature","properties":{"name":"Chapel of Prayer Baptist Church","religion":"christian","denomination":"baptist","group":"baptist"},"geometry":{"type":"Point","coordinates":[-81.4654615,41.1119819]}},
{"type":"Feature","properties":{"name":"Faith Community Church","religion":"christian","denomination":"evangelical","group":"evangelical"},"geometry":{"type":"Point","coordinates":[-81.5719521,41.4180206]}},
{"type":"Feature","properties":{"name":"Hope Alliance Bible Church","religion":"christian","denomination":null,"group":"christian"},"geometry":{"type":"Point","coordinates":[-81.5715193,41.4215431]}},
{"type":"Feature","properties":{"name":"Akron Masjid","religion":"muslim","denomination":"sunni","group":"sunni"},"geometry":{"type":"Point","coordinates":[-81.5287138,41.0557434]}},
{"type":"Feature","properties":{"name":"Old South Church","religion":"christian","denomination":null,"group":"christian"},"geometry":{"type":"Point","coordinates":[-81.3505101,41.6044136]}},
{"type":"Feature","properties":{"name":"Monroe Presbyterian Church","religion":"christian","denomination":"presbyterian","group":"presbyterian"},"geometry":{"type":"Point","coordinates":[-81.5483107,41.0993799]}},
{"type":"Feature","properties":{"name":"United Presbyterian Church of Cuyahoga Falls","religion":"christian","denomination":"presbyterian","group":"presbyterian"},"geometry":{"type":"Point","coordinates":[-81.4732557,41.1498027]}},
{"type":"Feature","properties":{"name":"St Stephans Catholic Church","religion":"christian","denomination":"roman_catholic","group":"roman_catholic"},"geometry":{"type":"Point","coordinates":[-82.1056816,40.9733831]}},
{"type":"Feature","properties":{"name":"Saint Sebastian Catholic Church","religion":"christian","denomination":"catholic","group":"catholic"},"geometry":{"type":"Point","coordinates":[-81.5666901,41.0989412]}},
{"type":"Feature","properties":{"name":"Southwest Church of Christ","religion":"christian","denomination":null,"group":"christian"},"geometry":{"type":"Point","coordinates":[-81.6419629,40.9917204]}},
{"type":"Feature","properties":{"name":"Journey","religion":"christian","denomination":null,"group":"christian"},"geometry":{"type":"Point","coordinates":[-81.5023625,41.1446414]}},
{"type":"Feature","properties":{"name":null,"religion":"christian","denomination":"methodist","group":"methodist"},"geometry":{"type":"Point","coordinates":[-81.5359579,41.165959]}},
{"type":"Feature","properties":{"name":"Saint Catherine Church","religion":"christian","denomination":"roman_catholic","group":"roman_catholic"},"geometry":{"type":"Point","coordinates":[-80.9922705,41.1081946]}},
{"type":"Feature","properties":{"name":"Prince of Peace Church","religion":"christian","denomination":null,"group":"christian"},"geometry":{"type":"Point","coordinates":[-81.377732,41.6759827]}},
{"type":"Feature","properties":{"name":null,"religion":"shinto","denomination":null,"group":"shinto"},"geometry":{"type":"Point","coordinates":[-81.624146,41.3422789]}},
{"type":"Feature","properties":{"name":"Tabernacle","religion":"christian","denomination":"baptist","group":"baptist"},"geometry":{"type":"Point","coordinates":[-81.6468901,40.8096363]}},
{"type":"Feature","properties":{"name":"Wayland Community Church","religion":"christian","denomination":null,"group":"christian"},"geometry":{"type":"Point","coordinates":[-81.0716869,41.1629687]}},
{"type":"Feature","properties":{"name":"Bethel Church","religion":"christian","denomination":null,"group":"christian"},"geometry":{"type":"Point","coordinates":[-82.0588066,40.8288809]}},
{"type":"Feature","properties":{"name":"Werner Church","religion":"christian","denomination":null,"group":"christian"},"geometry":{"type":"Point","coordinates":[-81.3019593,40.8961027]}},
{"type":"Feature","properties":{"name":"Sacred Heart of Mary Catholic Church","religion":"christian","denomination":"catholic","group":"catholic"},"geometry":{"type":"Point","coordinates":[-81.228427,40.8914565]}},
{"type":"Feature","properties":{"name":null,"religion":"christian","denomination":null,"group":"christian"},"geometry":{"type":"Point","coordinates":[-81.4376223,41.1455242]}},
{"type":"Feature","properties":{"name":"Zion Christian Fellowship","religion":"christian","denomination":null,"group":"christian"},"geometry":{"type":"Point","coordinates":[-81.0898973,41.4491932]}},
{"type":"Feature","properties":{"name":"Garden of Prayer Church of God in Christ","religion":"christian","denomination":null,"group":"christian"},"geometry":{"type":"Point","coordinates":[-81.5454616,41.0657644]}},
{"type":"Feature","properties":{"name":"Saint Thomas Baptist Church","religion":"christian","denomination":"baptist","group":"baptist"},"geometry":{"type":"Point","coordinates":[-81.5420225,41.0756855]}},
{"type":"Feature","properties":{"name":"Rochester United Methodist Church","religion":"christian","denomination":"united_methodist","group":"united_methodist"},"geometry":{"type":"Point","coordinates":[-82.3045474,41.1245287]}},
{"type":"Feature","properties":{"name":"Bunker Hill United Methodist Church","religion":"christian","denomination":"methodist","group":"methodist"},"geometry":{"type":"Point","coordinates":[-80.9364508,40.9597279]}},
{"type":"Feature","properties":{"name":"United Church of God","religion":"christian","denomination":null,"group":"christian"},"geometry":{"type":"Point","coordinates":[-82.0679113,41.2960556]}},
{"type":"Feature","properties":{"name":"South Harpersfield Church","religion":"christian","denomination":null,"group":"christian"},"geometry":{"type":"Point","coordinates":[-80.9508632,41.7302879]}},
{"type":"Feature","properties":{"name":"Sebring Friends Church","religion":"christian","denomination":null,"group":"christian"},"geometry":{"type":"Point","coordinates":[-81.0314132,40.9163022]}},
{"type":"Feature","properties":{"name":"Grand Valley Church","religion":"christian","denomination":null,"group":"christian"},"geometry":{"type":"Point","coordinates":[-80.91329,41.604971]}},
{"type":"Feature","properties":{"name":null,"religion":"christian","denomination":null,"group":"christian"},"geometry":{"type":"Point","coordinates":[-81.4840728,41.1568804]}},
{"type":"Feature","properties":{"name":null,"religion":"christian","denomination":null,"group":"christian"},"geometry":{"type":"Point","coordinates":[-81.4825098,41.1530053]}},
{"type":"Feature","properties":{"name":"Marshallville Trinity United Methodist Church","religion":"christian","denomination":"united_methodist","group":"united_methodist"},"geometry":{"type":"Point","coordinates":[-81.7333084,40.9025557]}},
{"type":"Feature","properties":{"name":"Christ Covenant Church","religion":"christian","denomination":null,"group":"christian"},"geometry":{"type":"Point","coordinates":[-81.0565401,41.4631331]}},
{"type":"Feature","properties":{"name":null,"religion":"christian","denomination":null,"group":"christian"},"geometry":{"type":"Point","coordinates":[-81.445049,41.1307914]}},
{"type":"Feature","properties":{"name":null,"religion":"christian","denomination":null,"group":"christian"},"geometry":{"type":"Point","coordinates":[-81.4474129,41.1310687]}},
{"type":"Feature","properties":{"name":null,"religion":"christian","denomination":null,"group":"christian"},"geometry":{"type":"Point","coordinates":[-81.4602523,41.1318991]}},
{"type":"Feature","properties":{"name":null,"religion":"hindu","denomination":null,"group":"hindu"},"geometry":{"type":"Point","coordinates":[-81.6362554,41.2551933]}},
{"type":"Feature","properties":{"name":"Chagrin Valley Islamic Center","religion":"muslim","denomination":null,"group":"muslim"},"geometry":{"type":"Point","coordinates":[-81.4189578,41.3703678]}},
{"type":"Feature","properties":{"name":null,"religion":"christian","denomination":null,"group":"christian"},"geometry":{"type":"Point","coordinates":[-81.4985338,41.134901]}},
{"type":"Feature","properties":{"name":"Mentor Presbyterian Church","religion":"christian","denomination":"presbyterian","group":"presbyterian"},"geometry":{"type":"Point","coordinates":[-81.3405756,41.7105965]}},
{"type":"Feature","properties":{"name":"Saint Michael's United Church of Christ","religion":"christian","denomination":"united_church_of_christ","group":"united_church_of_christ"},"geometry":{"type":"Point","coordinates":[-81.7308968,40.8997041]}},
{"type":"Feature","properties":{"name":"First Baptist Church of Marshallville","religion":"christian","denomination":"baptist","group":"baptist"},"geometry":{"type":"Point","coordinates":[-81.73422,40.9045608]}},
{"type":"Feature","properties":{"name":"The Church in Mentor","religion":"christian","denomination":null,"group":"christian"},"geometry":{"type":"Point","coordinates":[-81.3671632,41.7040238]}},
{"type":"Feature","properties":{"name":"Holy Trinity Greek Orthodox Church","religion":"christian","denomination":"greek_orthodox","group":"greek_orthodox"},"geometry":{"type":"Point","coordinates":[-81.378088,40.8504844]}},
{"type":"Feature","properties":{"name":"Friendship Alliance Church","religion":"christian","denomination":null,"group":"christian"},"geometry":{"type":"Point","coordinates":[-81.2253558,41.349646]}},
{"type":"Feature","properties":{"name":"Wakeman Congregational Church","religion":"christian","denomination":"nondenominational","group":"nondenominational"},"geometry":{"type":"Point","coordinates":[-82.4006591,41.2523271]}},
{"type":"Feature","properties":{"name":"Saint Paul Greek Orthodox Church","religion":"christian","denomination":"greek_orthodox","group":"greek_orthodox"},"geometry":{"type":"Point","coordinates":[-81.7171107,41.3339172]}},
{"type":"Feature","properties":{"name":"Berlin Center United Methodist Church","religion":"christian","denomination":"methodist","group":"methodist"},"geometry":{"type":"Point","coordinates":[-80.9459976,41.0241724]}},
{"type":"Feature","properties":{"name":"Community Bible Church","religion":"christian","denomination":null,"group":"christian"},"geometry":{"type":"Point","coordinates":[-81.5866399,40.8866504]}},
{"type":"Feature","properties":{"name":"Journey Church","religion":"christian","denomination":"lutheran","group":"lutheran"},"geometry":{"type":"Point","coordinates":[-82.0169984,41.4757099]}},
{"type":"Feature","properties":{"name":"Calvary Apostolic Church","religion":"christian","denomination":null,"group":"christian"},"geometry":{"type":"Point","coordinates":[-81.5463796,41.0251068]}},
{"type":"Feature","properties":{"name":"Trinity Lutheran Church of Clinton","religion":"christian","denomination":"lutheran","group":"lutheran"},"geometry":{"type":"Point","coordinates":[-81.6287835,40.9259804]}},
{"type":"Feature","properties":{"name":"McLeister Memorial Church","religion":"christian","denomination":null,"group":"christian"},"geometry":{"type":"Point","coordinates":[-81.5046298,41.0480517]}},
{"type":"Feature","properties":{"name":"Church of the Master","religion":"christian","denomination":null,"group":"christian"},"geometry":{"type":"Point","coordinates":[-81.4935334,41.0740536]}},
{"type":"Feature","properties":{"name":null,"religion":"christian","denomination":null,"group":"christian"},"geometry":{"type":"Point","coordinates":[-81.3446265,41.2342853]}},
{"type":"Feature","properties":{"name":null,"religion":"christian","denomination":null,"group":"christian"},"geometry":{"type":"Point","coordinates":[-81.5186373,41.5178056]}},
{"type":"Feature","properties":{"name":null,"religion":"jewish","denomination":null,"group":"jewish"},"geometry":{"type":"Point","coordinates":[-81.5100999,41.5016605]}},
{"type":"Feature","properties":{"name":null,"religion":"christian","denomination":null,"group":"christian"},"geometry":{"type":"Point","coordinates":[-81.5106906,41.5029269]}},
{"type":"Feature","properties":{"name":"Iglesia Templo Jabes","religion":"christian","denomination":null,"group":"christian"},"geometry":{"type":"Point","coordinates":[-81.7029701,41.4405796]}},
{"type":"Feature","properties":{"name":"Fairlawn West United Church of Christ","religion":"christian","denomination":null,"group":"christian"},"geometry":{"type":"Point","coordinates":[-81.5819015,41.1155001]}},
{"type":"Feature","properties":{"name":null,"religion":"christian","denomination":null,"group":"christian"},"geometry":{"type":"Point","coordinates":[-81.5829696,41.0992452]}},
{"type":"Feature","properties":{"name":"Heritage Baptist Church","religion":"christian","denomination":"baptist","group":"baptist"},"geometry":{"type":"Point","coordinates":[-81.4059844,41.6379288]}},
{"type":"Feature","properties":{"name":"Mentor East Heisley Church of God","religion":"christian","denomination":"church_of_god","group":"church_of_god"},"geometry":{"type":"Point","coordinates":[-81.2969179,41.7198779]}},
{"type":"Feature","properties":{"name":"Manchester Church of Christ","religion":"christian","denomination":null,"group":"christian"},"geometry":{"type":"Point","coordinates":[-81.566728,40.9367044]}},
{"type":"Feature","properties":{"name":"Saint Luke the Evangelist Antiochian Orthodox Church","religion":"christian","denomination":"orthodox","group":"orthodox"},"geometry":{"type":"Point","coordinates":[-81.3399681,41.3779764]}},
{"type":"Feature","properties":{"name":null,"religion":"christian","denomination":null,"group":"christian"},"geometry":{"type":"Point","coordinates":[-80.9820832,41.1893884]}},
{"type":"Feature","properties":{"name":null,"religion":"christian","denomination":null,"group":"christian"},"geometry":{"type":"Point","coordinates":[-81.1625836,41.3394315]}},
{"type":"Feature","properties":{"name":"Heritage Reformed Baptist Church","religion":"christian","denomination":"baptist","group":"baptist"},"geometry":{"type":"Point","coordinates":[-81.3650447,40.8644244]}},
{"type":"Feature","properties":{"name":"New Vision United Church of Christ","religion":"christian","denomination":"united_church_of_christ","group":"united_church_of_christ"},"geometry":{"type":"Point","coordinates":[-81.3663916,40.832963]}},
{"type":"Feature","properties":{"name":"Martinedale Christian Fellowship Church","religion":"christian","denomination":"nondenominational","group":"nondenominational"},"geometry":{"type":"Point","coordinates":[-81.3621597,40.8368568]}},
{"type":"Feature","properties":{"name":"Heritage Baptist Church","religion":"christian","denomination":null,"group":"christian"},"geometry":{"type":"Point","coordinates":[-81.3912665,41.0676923]}},
{"type":"Feature","properties":{"name":null,"religion":"christian","denomination":null,"group":"christian"},"geometry":{"type":"Point","coordinates":[-81.5385402,41.0959533]}},
{"type":"Feature","properties":{"name":"True Apostolic Church of Jesus Christ","religion":"christian","denomination":null,"group":"christian"},"geometry":{"type":"Point","coordinates":[-81.5213558,41.0561244]}},
{"type":"Feature","properties":{"name":"Kings of Kings Lutheran Church","religion":"christian","denomination":"lutheran","group":"lutheran"},"geometry":{"type":"Point","coordinates":[-81.4004995,41.6639303]}},
{"type":"Feature","properties":{"name":null,"religion":"christian","denomination":null,"group":"christian"},"geometry":{"type":"Point","coordinates":[-81.5464662,41.0811408]}},
{"type":"Feature","properties":{"name":"North Lawrence Church","religion":"christian","denomination":null,"group":"christian"},"geometry":{"type":"Point","coordinates":[-81.62202,40.8485177]}},
{"type":"Feature","properties":{"name":"St. Elia the Prophet Orthodox Church","religion":"christian","denomination":"orthodox","group":"orthodox"},"geometry":{"type":"Point","coordinates":[-81.5292662,41.0398666]}},
{"type":"Feature","properties":{"name":"Saints Peter and Paul Orthodox Church","religion":"christian","denomination":"orthodox","group":"orthodox"},"geometry":{"type":"Point","coordinates":[-82.1176254,41.4413754]}},
{"type":"Feature","properties":{"name":"Saint Nicholas Orthodox Church","religion":"christian","denomination":"orthodox","group":"orthodox"},"geometry":{"type":"Point","coordinates":[-81.293908,41.665853]}},
{"type":"Feature","properties":{"name":"Archangel Michael Orthodox Church","religion":"christian","denomination":"orthodox","group":"orthodox"},"geometry":{"type":"Point","coordinates":[-81.6478368,41.3416261]}},
{"type":"Feature","properties":{"name":"Saint George Antiochian Church","religion":"christian","denomination":"orthodox","group":"orthodox"},"geometry":{"type":"Point","coordinates":[-81.6287227,41.1092094]}},
{"type":"Feature","properties":{"name":"Saint Innocent Orthodox Church","religion":"christian","denomination":"orthodox","group":"orthodox"},"geometry":{"type":"Point","coordinates":[-81.9100817,41.3681786]}},
{"type":"Feature","properties":{"name":"Htanjanu Ramonnya Temple","religion":"buddhist","denomination":null,"group":"buddhist"},"geometry":{"type":"Point","coordinates":[-81.5149991,41.0650049]}},
{"type":"Feature","properties":{"name":"Saint Nikolai Orthodox Mission","religion":"christian","denomination":"orthodox","group":"orthodox"},"geometry":{"type":"Point","coordinates":[-81.2118845,40.900532]}},
{"type":"Feature","properties":{"name":null,"religion":"christian","denomination":null,"group":"christian"},"geometry":{"type":"Point","coordinates":[-80.964899,41.2093271]}},
{"type":"Feature","properties":{"name":"Community Bible Church","religion":"christian","denomination":null,"group":"christian"},"geometry":{"type":"Point","coordinates":[-80.9962651,40.9020471]}},
{"type":"Feature","properties":{"name":"Trinity Church","religion":"christian","denomination":null,"group":"christian"},"geometry":{"type":"Point","coordinates":[-81.8937048,41.3547892]}},
{"type":"Feature","properties":{"name":"Bethany Mennonite Church","religion":"christian","denomination":"mennonite","group":"mennonite"},"geometry":{"type":"Point","coordinates":[-81.3112517,40.9585637]}},
{"type":"Feature","properties":{"name":null,"religion":"christian","denomination":null,"group":"christian"},"geometry":{"type":"Point","coordinates":[-81.686077,41.297227]}},
{"type":"Feature","properties":{"name":"Lake Avenue United Church of Christ","religion":"christian","denomination":null,"group":"christian"},"geometry":{"type":"Point","coordinates":[-82.1189464,41.3747397]}},
{"type":"Feature","properties":{"name":"New Jerusalem Church","religion":"christian","denomination":null,"group":"christian"},"geometry":{"type":"Point","coordinates":[-81.8105738,41.4309804]}},
{"type":"Feature","properties":{"name":null,"religion":"jewish","denomination":null,"group":"jewish"},"geometry":{"type":"Point","coordinates":[-81.5981437,41.1394758]}},
{"type":"Feature","properties":{"name":null,"religion":"christian","denomination":null,"group":"christian"},"geometry":{"type":"Point","coordinates":[-81.5964633,41.1399784]}},
{"type":"Feature","properties":{"name":"First Christian Church","religion":"christian","denomination":"nondenominational","group":"nondenominational"},"geometry":{"type":"Point","coordinates":[-81.3605393,40.8825887]}},
{"type":"Feature","properties":{"name":null,"religion":"christian","denomination":null,"group":"christian"},"geometry":{"type":"Point","coordinates":[-81.451367,41.1685679]}},
{"type":"Feature","properties":{"name":"Grace Chruch of Bible","religion":"christian","denomination":null,"group":"christian"},"geometry":{"type":"Point","coordinates":[-81.42486,41.1661983]}},
{"type":"Feature","properties":{"name":"Broadview Road Church of Christ","religion":"christian","denomination":null,"group":"christian"},"geometry":{"type":"Point","coordinates":[-81.6898881,41.4005694]}},
{"type":"Feature","properties":{"name":"Rejoice Lutheran Church","religion":"christian","denomination":"lutheran","group":"lutheran"},"geometry":{"type":"Point","coordinates":[-81.4102413,41.2716569]}},
{"type":"Feature","properties":{"name":"Westlake Bible Fellowship","religion":"christian","denomination":"nondenominational","group":"nondenominational"},"geometry":{"type":"Point","coordinates":[-81.932246,41.4564591]}},
{"type":"Feature","properties":{"name":"Canal Fulton Christian Fellowship","religion":"christian","denomination":null,"group":"christian"},"geometry":{"type":"Point","coordinates":[-81.5766393,40.8817748]}},
{"type":"Feature","properties":{"name":"Heights Jewish Center","religion":"jewish","denomination":null,"group":"jewish"},"geometry":{"type":"Point","coordinates":[-81.5263013,41.5009696]}},
{"type":"Feature","properties":{"name":null,"religion":"christian","denomination":null,"group":"christian"},"geometry":{"type":"Point","coordinates":[-81.3435243,41.3242059]}},
{"type":"Feature","properties":{"name":"John Knox Presbyterian Church","religion":"christian","denomination":"presbyterian","group":"presbyterian"},"geometry":{"type":"Point","coordinates":[-81.4437299,40.8714326]}},
{"type":"Feature","properties":{"name":"Abiding Savior Lutheran Church","religion":"christian","denomination":"evangelical_lutheran","group":"evangelical_lutheran"},"geometry":{"type":"Point","coordinates":[-81.1352764,40.9036259]}},
{"type":"Feature","properties":{"name":"Strongsville United Methodist Church","religion":"christian","denomination":"united_methodist","group":"united_methodist"},"geometry":{"type":"Point","coordinates":[-81.7887687,41.3148155]}},
{"type":"Feature","properties":{"name":null,"religion":"christian","denomination":null,"group":"christian"},"geometry":{"type":"Point","coordinates":[-81.6129355,41.0905936]}},
{"type":"Feature","properties":{"name":"Finney Chapel","religion":"christian","denomination":null,"group":"christian"},"geometry":{"type":"Point","coordinates":[-82.220655053952555,41.29386225]}},
{"type":"Feature","properties":{"name":"Jehovah's Witnesses Assembly Hall","religion":"christian","denomination":"jehovahs_witness","group":"jehovahs_witness"},"geometry":{"type":"Point","coordinates":[-81.408383700514918,41.64291135]}},
{"type":"Feature","properties":{"name":"Immaculate Conception Catholic Church","religion":"christian","denomination":"catholic","group":"catholic"},"geometry":{"type":"Point","coordinates":[-81.409165905442435,41.63509205]}},
{"type":"Feature","properties":{"name":"First Presbyterian Church","religion":"christian","denomination":"presbyterian","group":"presbyterian"},"geometry":{"type":"Point","coordinates":[-81.418666575951391,41.6279877]}},
{"type":"Feature","properties":{"name":"Triedstone Baptist Church","religion":"christian","denomination":"baptist","group":"baptist"},"geometry":{"type":"Point","coordinates":[-81.660528876318494,41.49293135]}},
{"type":"Feature","properties":{"name":"Mary Queen of Peace","religion":"christian","denomination":"roman_catholic","group":"roman_catholic"},"geometry":{"type":"Point","coordinates":[-81.70919744397267,41.43531105]}},
{"type":"Feature","properties":{"name":"Institute For Divine Metaphysical Research","religion":"christian","denomination":null,"group":"christian"},"geometry":{"type":"Point","coordinates":[-81.704905322583045,41.44243695]}},
{"type":"Feature","properties":{"name":"Saint Mark Lutheran Church","religion":"christian","denomination":"lutheran","group":"lutheran"},"geometry":{"type":"Point","coordinates":[-81.711118546865862,41.4345076]}},
{"type":"Feature","properties":{"name":"Willing Workers Baptist Church","religion":"christian","denomination":"baptist","group":"baptist"},"geometry":{"type":"Point","coordinates":[-81.59699416548338,41.4630892]}},
{"type":"Feature","properties":{"name":"Grace Church","religion":"christian","denomination":null,"group":"christian"},"geometry":{"type":"Point","coordinates":[-81.702042108053277,41.4393825]}},
{"type":"Feature","properties":{"name":"W. 58th Temple of God","religion":"christian","denomination":null,"group":"christian"},"geometry":{"type":"Point","coordinates":[-81.726473461117365,41.468053]}},
{"type":"Feature","properties":{"name":null,"religion":"unknown","denomination":null,"group":"unknown"},"geometry":{"type":"Point","coordinates":[-81.712845171296294,41.4675735]}},
{"type":"Feature","properties":{"name":"Kingdom Hall of Jehovah's Whitnesses","religion":"christian","denomination":"jehovahs_witness","group":"jehovahs_witness"},"geometry":{"type":"Point","coordinates":[-81.758463600807914,41.45813065]}},
{"type":"Feature","properties":{"name":"Hope Ridge United Methodist Church","religion":"christian","denomination":"methodist","group":"methodist"},"geometry":{"type":"Point","coordinates":[-81.280730159012535,41.6740504]}},
{"type":"Feature","properties":{"name":"First Church","religion":"christian","denomination":"united_church_of_christ","group":"united_church_of_christ"},"geometry":{"type":"Point","coordinates":[-82.2179016625809,41.2947908]}},
{"type":"Feature","properties":{"name":"Faith Family Church","religion":"christian","denomination":null,"group":"christian"},"geometry":{"type":"Point","coordinates":[-81.427226944720658,40.90033305]}},
{"type":"Feature","properties":{"name":null,"religion":"christian","denomination":"jehovahs_witness","group":"jehovahs_witness"},"geometry":{"type":"Point","coordinates":[-81.806729873895222,41.45230385]}},
{"type":"Feature","properties":{"name":"Cloudwater Zendo","religion":"buddhist","denomination":"chan","group":"chan"},"geometry":{"type":"Point","coordinates":[-81.795492400870728,41.4338365]}},
{"type":"Feature","properties":{"name":null,"religion":"muslim","denomination":null,"group":"muslim"},"geometry":{"type":"Point","coordinates":[-81.82549327956913,41.43016015]}},
{"type":"Feature","properties":{"name":"Beth Israel - West","religion":"jewish","denomination":null,"group":"jewish"},"geometry":{"type":"Point","coordinates":[-81.793463970364797,41.4623948]}},
{"type":"Feature","properties":{"name":"First Congregational Church","religion":"christian","denomination":null,"group":"christian"},"geometry":{"type":"Point","coordinates":[-81.243819934339655,41.1554783]}},
{"type":"Feature","properties":{"name":"Saint Peter Church","religion":"christian","denomination":null,"group":"christian"},"geometry":{"type":"Point","coordinates":[-81.3743419,40.8036853]}},
{"type":"Feature","properties":{"name":"Immaculate Heart of Mary","religion":"christian","denomination":"catholic","group":"catholic"},"geometry":{"type":"Point","coordinates":[-81.33856197448128,41.15229675]}},
{"type":"Feature","properties":{"name":"Kent Presbyterian","religion":"christian","denomination":"presbyterian","group":"presbyterian"},"geometry":{"type":"Point","coordinates":[-81.342112456944449,41.14332835]}},
{"type":"Feature","properties":{"name":null,"religion":"christian","denomination":null,"group":"christian"},"geometry":{"type":"Point","coordinates":[-81.687680640781224,41.42565245]}},
{"type":"Feature","properties":{"name":"Cleveland Slavic Church","religion":"christian","denomination":null,"group":"christian"},"geometry":{"type":"Point","coordinates":[-81.688923737048015,41.43205125]}},
{"type":"Feature","properties":{"name":"United Latvian Evangelical Lutheran Church of Cleveland","religion":"christian","denomination":"lutheran","group":"lutheran"},"geometry":{"type":"Point","coordinates":[-81.802308003850044,41.48531515]}},
{"type":"Feature","properties":{"name":"Lakewood Presbyterian Church","religion":"christian","denomination":"presbyterian","group":"presbyterian"},"geometry":{"type":"Point","coordinates":[-81.795776,41.4857]}},
{"type":"Feature","properties":{"name":"Lakewood Baptist Church","religion":"christian","denomination":"baptist","group":"baptist"},"geometry":{"type":"Point","coordinates":[-81.794122838356202,41.4848791]}},
{"type":"Feature","properties":{"name":"New LIfe Church","religion":"christian","denomination":"protestant","group":"protestant"},"geometry":{"type":"Point","coordinates":[-81.793127024304383,41.48584605]}},
{"type":"Feature","properties":{"name":"Transport for Christ","religion":"christian","denomination":null,"group":"christian"},"geometry":{"type":"Point","coordinates":[-81.908810279025431,41.03284965]}},
{"type":"Feature","properties":{"name":"Pentecostal Church of Christ","religion":"christian","denomination":null,"group":"christian"},"geometry":{"type":"Point","coordinates":[-81.6148741388659,41.5057714]}},
{"type":"Feature","properties":{"name":"First Church of God","religion":"unknown","denomination":null,"group":"unknown"},"geometry":{"type":"Point","coordinates":[-81.906872306315591,40.82428525]}},
{"type":"Feature","properties":{"name":"Kent United Church of Christ","religion":"christian","denomination":"united_church_of_christ","group":"united_church_of_christ"},"geometry":{"type":"Point","coordinates":[-81.338145537377045,41.1532661]}},
{"type":"Feature","properties":{"name":"Saint Patrick's Catholic Church","religion":"christian","denomination":"catholic","group":"catholic"},"geometry":{"type":"Point","coordinates":[-81.355533378381466,41.1561714]}},
{"type":"Feature","properties":{"name":null,"religion":"christian","denomination":null,"group":"christian"},"geometry":{"type":"Point","coordinates":[-81.355247751482409,41.1384518]}},
{"type":"Feature","properties":{"name":"Hudson United Methodist Church","religion":"christian","denomination":"methodist","group":"methodist"},"geometry":{"type":"Point","coordinates":[-81.411542294639787,41.25969275]}},
{"type":"Feature","properties":{"name":"Our Lady of Perpetual Help Chapel","religion":"christian","denomination":null,"group":"christian"},"geometry":{"type":"Point","coordinates":[-81.366896948421626,40.87391025]}},
{"type":"Feature","properties":{"name":"First Congregational Church of Hudson","religion":"christian","denomination":null,"group":"christian"},"geometry":{"type":"Point","coordinates":[-81.438485349448641,41.243056]}},
{"type":"Feature","properties":{"name":"Christ Church Episcopal","religion":"christian","denomination":"anglican","group":"anglican"},"geometry":{"type":"Point","coordinates":[-81.439159978626265,41.2425905]}},
{"type":"Feature","properties":{"name":"St. Mary's Catholic Church","religion":"christian","denomination":"catholic","group":"catholic"},"geometry":{"type":"Point","coordinates":[-81.441447125984212,41.2469631]}},
{"type":"Feature","properties":{"name":"Temple Beth Shalom","religion":"jewish","denomination":null,"group":"jewish"},"geometry":{"type":"Point","coordinates":[-81.437741925812603,41.2415361]}},
{"type":"Feature","properties":{"name":"Kent United Methodist Church","religion":"christian","denomination":"methodist","group":"methodist"},"geometry":{"type":"Point","coordinates":[-81.337016920865935,41.1547681]}},
{"type":"Feature","properties":{"name":"Trinity Lutheran Church","religion":"christian","denomination":"lutheran","group":"lutheran"},"geometry":{"type":"Point","coordinates":[-81.358616184851314,41.1480545]}},
{"type":"Feature","properties":{"name":"Faith Baptist Community Church","religion":"christian","denomination":"baptist","group":"baptist"},"geometry":{"type":"Point","coordinates":[-81.65123415,41.4946749]}},
{"type":"Feature","properties":{"name":null,"religion":"christian","denomination":"methodist","group":"methodist"},"geometry":{"type":"Point","coordinates":[-81.258130064900499,40.85259925]}},
{"type":"Feature","properties":{"name":"Saint Francis of Assisi Catholic Church","religion":"christian","denomination":"catholic","group":"catholic"},"geometry":{"type":"Point","coordinates":[-81.430280358753208,41.51951875]}},
{"type":"Feature","properties":{"name":"Spiritual Life Society","religion":"unknown","denomination":null,"group":"unknown"},"geometry":{"type":"Point","coordinates":[-81.439381146359068,41.2401272]}},
{"type":"Feature","properties":{"name":null,"religion":"christian","denomination":null,"group":"christian"},"geometry":{"type":"Point","coordinates":[-81.68898495,41.4839619]}},
{"type":"Feature","properties":{"name":"First Christian Church","religion":"christian","denomination":null,"group":"christian"},"geometry":{"type":"Point","coordinates":[-81.3618147,41.15420985]}},
{"type":"Feature","properties":{"name":"Unitarian Universalist Church of Kent","religion":"unitarian_universalist","denomination":null,"group":"unitarian_universalist"},"geometry":{"type":"Point","coordinates":[-81.360415378782491,41.1555487]}},
{"type":"Feature","properties":{"name":"Masjed of Kent","religion":"muslim","denomination":null,"group":"muslim"},"geometry":{"type":"Point","coordinates":[-81.353845009206083,41.15758835]}},
{"type":"Feature","properties":{"name":"Faith Lutheran Church","religion":"christian","denomination":"lutheran","group":"lutheran"},"geometry":{"type":"Point","coordinates":[-81.34555164225759,41.1540237]}},
{"type":"Feature","properties":{"name":"Annunciation Greek Orthodox Church","religion":"christian","denomination":"greek_orthodox","group":"greek_orthodox"},"geometry":{"type":"Point","coordinates":[-81.690809649808784,41.48262275]}},
{"type":"Feature","properties":{"name":null,"religion":"christian","denomination":null,"group":"christian"},"geometry":{"type":"Point","coordinates":[-81.47260775,41.5393712]}},
{"type":"Feature","properties":{"name":"Saint Paschal Baylon Catholic Church","religion":"christian","denomination":"catholic","group":"catholic"},"geometry":{"type":"Point","coordinates":[-81.485852999248081,41.53746325]}},
{"type":"Feature","properties":{"name":null,"religion":"christian","denomination":null,"group":"christian"},"geometry":{"type":"Point","coordinates":[-81.465306608099979,41.5384185]}},
{"type":"Feature","properties":{"name":"Eagle Ministries Chapel","religion":"christian","denomination":null,"group":"christian"},"geometry":{"type":"Point","coordinates":[-81.553784966129726,41.0158959]}},
{"type":"Feature","properties":{"name":"Community Church of Portage Lakes","religion":"christian","denomination":"nondenominational","group":"nondenominational"},"geometry":{"type":"Point","coordinates":[-81.550725601789409,41.0097712]}},
{"type":"Feature","properties":{"name":null,"religion":"christian","denomination":null,"group":"christian"},"geometry":{"type":"Point","coordinates":[-81.476526151039678,41.53121175]}},
{"type":"Feature","properties":{"name":"Cathedral of Saint John the Evangelist","religion":"christian","denomination":"roman_catholic","group":"roman_catholic"},"geometry":{"type":"Point","coordinates":[-81.688059854779027,41.503014]}},
{"type":"Feature","properties":{"name":"True Hope Bible Church","religion":"christian","denomination":null,"group":"christian"},"geometry":{"type":"Point","coordinates":[-81.349207974067383,41.59403445]}},
{"type":"Feature","properties":{"name":"McGaw Chapel","religion":"unknown","denomination":null,"group":"unknown"},"geometry":{"type":"Point","coordinates":[-81.936884653266389,40.81036135]}},
{"type":"Feature","properties":{"name":"Free Gospel Church","religion":"christian","denomination":null,"group":"christian"},"geometry":{"type":"Point","coordinates":[-81.513704751775634,41.07078845]}},
{"type":"Feature","properties":{"name":"Church of Saint Mary","religion":"christian","denomination":"roman_catholic","group":"roman_catholic"},"geometry":{"type":"Point","coordinates":[-81.205660166100515,41.58914105]}},
{"type":"Feature","properties":{"name":"Chardon Assembly of God","religion":"christian","denomination":"pentecostal","group":"pentecostal"},"geometry":{"type":"Point","coordinates":[-81.204184722911521,41.58316745]}},
{"type":"Feature","properties":{"name":"Chardon United Methodist Church","religion":"christian","denomination":"methodist","group":"methodist"},"geometry":{"type":"Point","coordinates":[-81.208913100689813,41.5934515]}},
{"type":"Feature","properties":{"name":"Pilgrim Christian Church","religion":"christian","denomination":null,"group":"christian"},"geometry":{"type":"Point","coordinates":[-81.202417015216213,41.5805469]}},
{"type":"Feature","properties":{"name":"Word of Faith Church","religion":"christian","denomination":null,"group":"christian"},"geometry":{"type":"Point","coordinates":[-81.202806765233802,41.57220115]}},
{"type":"Feature","properties":{"name":"Kingdom Hall of Jehovah's Witnesses","religion":"christian","denomination":"jehovahs_witness","group":"jehovahs_witness"},"geometry":{"type":"Point","coordinates":[-81.201062747758698,41.5624408]}},
{"type":"Feature","properties":{"name":"Valley Baptist Temple of Fairlawn","religion":"unknown","denomination":null,"group":"unknown"},"geometry":{"type":"Point","coordinates":[-81.644042809219414,41.1402687]}},
{"type":"Feature","properties":{"name":"Fairlawn Lutheran Church","religion":"christian","denomination":null,"group":"christian"},"geometry":{"type":"Point","coordinates":[-81.622639066424227,41.1350848]}},
{"type":"Feature","properties":{"name":"Unitarian Universalist Church of Akron","religion":"unitarian_universalist","denomination":null,"group":"unitarian_universalist"},"geometry":{"type":"Point","coordinates":[-81.621736208668693,41.1311707]}},
{"type":"Feature","properties":{"name":"First Church of Christ Scientist","religion":"christian","denomination":null,"group":"christian"},"geometry":{"type":"Point","coordinates":[-81.23963472576321,41.15705545]}},
{"type":"Feature","properties":{"name":"Celebration Lutheran Church","religion":"christian","denomination":"lutheran","group":"lutheran"},"geometry":{"type":"Point","coordinates":[-81.241325834350704,41.58282125]}},
{"type":"Feature","properties":{"name":"Tallmadge Historical Church","religion":"christian","denomination":null,"group":"christian"},"geometry":{"type":"Point","coordinates":[-81.441292009612127,41.10184135]}},
{"type":"Feature","properties":{"name":null,"religion":"christian","denomination":null,"group":"christian"},"geometry":{"type":"Point","coordinates":[-81.486518182656624,40.8802832]}},
{"type":"Feature","properties":{"name":"St. Thomas Eastern Orthodox Church","religion":"christian","denomination":null,"group":"christian"},"geometry":{"type":"Point","coordinates":[-81.635437459476435,41.1233236]}},
{"type":"Feature","properties":{"name":"St. Hilary Catholic Church","religion":"christian","denomination":null,"group":"christian"},"geometry":{"type":"Point","coordinates":[-81.602875145779393,41.1240848]}},
{"type":"Feature","properties":{"name":"Faith Lutheran Church","religion":"christian","denomination":null,"group":"christian"},"geometry":{"type":"Point","coordinates":[-81.602178439403545,41.1239013]}},
{"type":"Feature","properties":{"name":"Burning Bush Christian Church","religion":"christian","denomination":null,"group":"christian"},"geometry":{"type":"Point","coordinates":[-81.516749487426864,41.08138105]}},
{"type":"Feature","properties":{"name":"Zion Lutheran Church","religion":"christian","denomination":"lutheran","group":"lutheran"},"geometry":{"type":"Point","coordinates":[-81.51676891787217,41.0809955]}},
{"type":"Feature","properties":{"name":"Old Stone Church","religion":"christian","denomination":null,"group":"christian"},"geometry":{"type":"Point","coordinates":[-81.694750483979718,41.50041635]}},
{"type":"Feature","properties":{"name":"Garfield Heights United Methodist Church","religion":"christian","denomination":"united_methodist","group":"united_methodist"},"geometry":{"type":"Point","coordinates":[-81.611665445386478,41.42538045]}},
{"type":"Feature","properties":{"name":"Saint Ann Church","religion":"christian","denomination":"catholic","group":"catholic"},"geometry":{"type":"Point","coordinates":[-81.579073162500009,41.50068465]}},
{"type":"Feature","properties":{"name":"Unitarian Universalist Society of Cleveland","religion":"unitarian_universalist","denomination":null,"group":"unitarian_universalist"},"geometry":{"type":"Point","coordinates":[-81.582331916811256,41.508305]}},
{"type":"Feature","properties":{"name":"Bethlehem Lutheran Church","religion":"christian","denomination":"lutheran","group":"lutheran"},"geometry":{"type":"Point","coordinates":[-81.546275348747088,41.5202434]}},
{"type":"Feature","properties":{"name":"Saints Constantine and Helen Greek Orthodox Cathedral","religion":"christian","denomination":"greek_orthodox","group":"greek_orthodox"},"geometry":{"type":"Point","coordinates":[-81.559578488331169,41.51898355]}},
{"type":"Feature","properties":{"name":"Disciples' Christian Church","religion":"christian","denomination":"christian","group":"christian"},"geometry":{"type":"Point","coordinates":[-81.549245611020154,41.521039]}},
{"type":"Feature","properties":{"name":null,"religion":"christian","denomination":null,"group":"christian"},"geometry":{"type":"Point","coordinates":[-81.549508530604612,41.5210717]}},
{"type":"Feature","properties":{"name":"Congregation K'hal Yereim","religion":"jewish","denomination":"orthodox","group":"orthodox"},"geometry":{"type":"Point","coordinates":[-81.555483162993426,41.511472]}},
{"type":"Feature","properties":{"name":"Congregation Shomre Shabbas","religion":"jewish","denomination":"orthodox","group":"orthodox"},"geometry":{"type":"Point","coordinates":[-81.555521740577746,41.51066025]}},
{"type":"Feature","properties":{"name":"Taylor Road Synagogue","religion":"jewish","denomination":null,"group":"jewish"},"geometry":{"type":"Point","coordinates":[-81.556614357452503,41.50627175]}},
{"type":"Feature","properties":{"name":"Forest Hill Church of Christ","religion":"christian","denomination":"protestant","group":"protestant"},"geometry":{"type":"Point","coordinates":[-81.556346097434783,41.52078015]}},
{"type":"Feature","properties":{"name":"Hiram Christian Church","religion":"christian","denomination":"protestant","group":"protestant"},"geometry":{"type":"Point","coordinates":[-81.144100461812528,41.3090318]}},
{"type":"Feature","properties":{"name":"St. Joe's","religion":"christian","denomination":"catholic","group":"catholic"},"geometry":{"type":"Point","coordinates":[-81.229722647725225,41.2924394]}},
{"type":"Feature","properties":{"name":"Saint Ambrose Church","religion":"christian","denomination":"catholic","group":"catholic"},"geometry":{"type":"Point","coordinates":[-81.096859592972351,41.2829985]}},
{"type":"Feature","properties":{"name":"Hilltop Christian Church","religion":"christian","denomination":"protestant","group":"protestant"},"geometry":{"type":"Point","coordinates":[-81.227335085843492,41.2816989]}},
{"type":"Feature","properties":{"name":"Bethel Temple","religion":"christian","denomination":null,"group":"christian"},"geometry":{"type":"Point","coordinates":[-81.379256180636617,40.8247656]}},
{"type":"Feature","properties":{"name":"Saint Haralambos Greek Orthodox Church","religion":"christian","denomination":"greek_orthodox","group":"greek_orthodox"},"geometry":{"type":"Point","coordinates":[-81.371404432101372,40.82454015]}},
{"type":"Feature","properties":{"name":"First Church of Christ","religion":"christian","denomination":null,"group":"christian"},"geometry":{"type":"Point","coordinates":[-81.367007297135387,40.82424175]}},
{"type":"Feature","properties":{"name":"Life Ministries International Church","religion":"christian","denomination":null,"group":"christian"},"geometry":{"type":"Point","coordinates":[-81.366885520158689,40.82659935]}},
{"type":"Feature","properties":{"name":"Christ Lutheran Church","religion":"christian","denomination":"lutheran","group":"lutheran"},"geometry":{"type":"Point","coordinates":[-81.224206729687694,41.28641335]}},
{"type":"Feature","properties":{"name":"Church on the Heights","religion":"christian","denomination":"protestant","group":"protestant"},"geometry":{"type":"Point","coordinates":[-81.541093394270831,41.52810295]}},
{"type":"Feature","properties":{"name":"Central Bible Baptist Church","religion":"christian","denomination":"baptist","group":"baptist"},"geometry":{"type":"Point","coordinates":[-81.552949444967638,41.53649095]}},
{"type":"Feature","properties":{"name":"Hope Community Church","religion":"christian","denomination":null,"group":"christian"},"geometry":{"type":"Point","coordinates":[-81.40350983602471,41.2710758]}},
{"type":"Feature","properties":{"name":"Our Lady of Peace Catholic Church","religion":"christian","denomination":"roman_catholic","group":"roman_catholic"},"geometry":{"type":"Point","coordinates":[-81.594774049660018,41.4844427]}},
{"type":"Feature","properties":{"name":null,"religion":"christian","denomination":"methodist","group":"methodist"},"geometry":{"type":"Point","coordinates":[-81.564395040045099,41.4903837]}},
{"type":"Feature","properties":{"name":"First Church of Christ, Scientist","religion":"christian","denomination":"protestant","group":"protestant"},"geometry":{"type":"Point","coordinates":[-81.565535924786744,41.4872687]}},
{"type":"Feature","properties":{"name":null,"religion":"muslim","denomination":null,"group":"muslim"},"geometry":{"type":"Point","coordinates":[-81.609252428335168,41.4978735]}},
{"type":"Feature","properties":{"name":"Forest Hill Church","religion":"christian","denomination":"presbyterian","group":"presbyterian"},"geometry":{"type":"Point","coordinates":[-81.56976309907617,41.5191755]}},
{"type":"Feature","properties":{"name":"Park Synagogue","religion":"jewish","denomination":"reformed","group":"reformed"},"geometry":{"type":"Point","coordinates":[-81.561355522547018,41.5157592]}},
{"type":"Feature","properties":{"name":null,"religion":"christian","denomination":null,"group":"christian"},"geometry":{"type":"Point","coordinates":[-81.633952113419411,41.52315185]}},
{"type":"Feature","properties":{"name":"St. George Romanian Orthodox Church","religion":"christian","denomination":"romanian_orthodox","group":"romanian_orthodox"},"geometry":{"type":"Point","coordinates":[-81.36781492003135,40.8304311]}},
{"type":"Feature","properties":{"name":"Shaaray Torah Synagogue","religion":"jewish","denomination":null,"group":"jewish"},"geometry":{"type":"Point","coordinates":[-81.373643153738001,40.83049865]}},
{"type":"Feature","properties":{"name":"First Church of the Nazarene","religion":"christian","denomination":null,"group":"christian"},"geometry":{"type":"Point","coordinates":[-81.374940889360801,40.83050705]}},
{"type":"Feature","properties":{"name":"Orrville Mennonite Church","religion":"christian","denomination":null,"group":"christian"},"geometry":{"type":"Point","coordinates":[-81.7788483,40.84109175]}},
{"type":"Feature","properties":{"name":"Orrville Baptist Church","religion":"christian","denomination":null,"group":"christian"},"geometry":{"type":"Point","coordinates":[-81.782719296133735,40.84264555]}},
{"type":"Feature","properties":{"name":"Orrville Christian Church","religion":"christian","denomination":null,"group":"christian"},"geometry":{"type":"Point","coordinates":[-81.77612080933099,40.84840735]}},
{"type":"Feature","properties":{"name":null,"religion":"christian","denomination":null,"group":"christian"},"geometry":{"type":"Point","coordinates":[-81.788453165180172,40.84031205]}},
{"type":"Feature","properties":{"name":null,"religion":"christian","denomination":null,"group":"christian"},"geometry":{"type":"Point","coordinates":[-81.780379400438889,40.86440445]}},
{"type":"Feature","properties":{"name":"Memorial Chapel","religion":"unknown","denomination":null,"group":"unknown"},"geometry":{"type":"Point","coordinates":[-82.32171482350617,40.8618991]}},
{"type":"Feature","properties":{"name":"St. Mark","religion":"christian","denomination":"coptic_orthodox","group":"coptic_orthodox"},"geometry":{"type":"Point","coordinates":[-81.671124160192363,41.3609875]}},
{"type":"Feature","properties":{"name":"Holy Transfiguration Byzantine Catholic Parish","religion":"christian","denomination":"greek_catholic","group":"greek_catholic"},"geometry":{"type":"Point","coordinates":[-81.362191320435755,41.71508855]}},
{"type":"Feature","properties":{"name":"Immaculate Heart of Mary Parish","religion":"christian","denomination":"roman_catholic","group":"roman_catholic"},"geometry":{"type":"Point","coordinates":[-81.642588301835005,41.4523581]}},
{"type":"Feature","properties":{"name":"Buna Vestire Romanian Orthodox Church","religion":"christian","denomination":"romanian_orthodox","group":"romanian_orthodox"},"geometry":{"type":"Point","coordinates":[-81.922840272957075,41.3858405]}},
{"type":"Feature","properties":{"name":"Ridgewood United Methodist Church","religion":"christian","denomination":"methodist","group":"methodist"},"geometry":{"type":"Point","coordinates":[-81.735241723695083,41.39117545]}},
{"type":"Feature","properties":{"name":"Temple Brith Emeth","religion":"unknown","denomination":null,"group":"unknown"},"geometry":{"type":"Point","coordinates":[-81.484929376195169,41.48086545]}},
{"type":"Feature","properties":{"name":"The Orchard Church","religion":"christian","denomination":null,"group":"christian"},"geometry":{"type":"Point","coordinates":[-81.933839202843473,41.38547615]}},
{"type":"Feature","properties":{"name":"All Saints Lutheran Church","religion":"christian","denomination":"lutheran","group":"lutheran"},"geometry":{"type":"Point","coordinates":[-81.9036673,41.3858261]}},
{"type":"Feature","properties":{"name":"First Baptist Church","religion":"christian","denomination":"baptist","group":"baptist"},"geometry":{"type":"Point","coordinates":[-81.548927620692012,41.485823]}},
{"type":"Feature","properties":{"name":"Zion Penecostal Church of Christ","religion":"christian","denomination":"oneness_pentecostal","group":"oneness_pentecostal"},"geometry":{"type":"Point","coordinates":[-81.583218358960451,41.44876965]}},
{"type":"Feature","properties":{"name":"Christ Episcopal Church","religion":"christian","denomination":"anglican","group":"anglican"},"geometry":{"type":"Point","coordinates":[-81.535725962134634,41.4662005]}},
{"type":"Feature","properties":{"name":"Saint Paul's","religion":"christian","denomination":"roman_catholic","group":"roman_catholic"},"geometry":{"type":"Point","coordinates":[-81.657194101150651,41.5032441]}},
{"type":"Feature","properties":{"name":"Baitul Ahad","religion":"muslim","denomination":"ahmadiyya","group":"ahmadiyya"},"geometry":{"type":"Point","coordinates":[-81.537723755636875,41.4017884]}},
{"type":"Feature","properties":{"name":null,"religion":"christian","denomination":null,"group":"christian"},"geometry":{"type":"Point","coordinates":[-81.536981595994064,41.42286565]}},
{"type":"Feature","properties":{"name":"Jordan Stream Baptist Church","religion":"christian","denomination":"baptist","group":"baptist"},"geometry":{"type":"Point","coordinates":[-81.651629907629314,41.51701205]}},
{"type":"Feature","properties":{"name":"Saints Peter and Paul Orthodox Church","religion":"christian","denomination":"orthodox","group":"orthodox"},"geometry":{"type":"Point","coordinates":[-81.77776135,41.4766723]}},
{"type":"Feature","properties":{"name":"New Life at Calvary","religion":"christian","denomination":null,"group":"christian"},"geometry":{"type":"Point","coordinates":[-81.633851374586499,41.5033631]}},
{"type":"Feature","properties":{"name":"Solon United Methodist Church","religion":"christian","denomination":"methodist","group":"methodist"},"geometry":{"type":"Point","coordinates":[-81.441553574488495,41.40836125]}},
{"type":"Feature","properties":{"name":"Saint Emeric Roman Catholic Church","religion":"christian","denomination":"roman_catholic","group":"roman_catholic"},"geometry":{"type":"Point","coordinates":[-81.702192434266195,41.48660655]}},
{"type":"Feature","properties":{"name":"First Unitarian Church of Cleveland","religion":"unitarian_universalist","denomination":null,"group":"unitarian_universalist"},"geometry":{"type":"Point","coordinates":[-81.52740342389842,41.47722495]}},
{"type":"Feature","properties":{"name":"Apostolic Church","religion":"christian","denomination":null,"group":"christian"},"geometry":{"type":"Point","coordinates":[-81.577298763969111,40.99101315]}},
{"type":"Feature","properties":{"name":"Pioneer Presbyterian Church","religion":"christian","denomination":"presbyterian","group":"presbyterian"},"geometry":{"type":"Point","coordinates":[-81.427719581446638,41.396466]}},
{"type":"Feature","properties":{"name":"Cleveland Christian Assembly of God","religion":"christian","denomination":null,"group":"christian"},"geometry":{"type":"Point","coordinates":[-81.687444534311084,41.4250136]}},
{"type":"Feature","properties":{"name":"Church of the Covenant","religion":"christian","denomination":"protestant","group":"protestant"},"geometry":{"type":"Point","coordinates":[-81.607429667397312,41.50828655]}},
{"type":"Feature","properties":{"name":"Saints Peter and Paul","religion":"christian","denomination":"roman_catholic","group":"roman_catholic"},"geometry":{"type":"Point","coordinates":[-81.616502610357998,41.4302724]}},
{"type":"Feature","properties":{"name":"Saint Therese","religion":"christian","denomination":"roman_catholic","group":"roman_catholic"},"geometry":{"type":"Point","coordinates":[-81.611643304808069,41.41756405]}},
{"type":"Feature","properties":{"name":"The Church of Jesus Christ of Latter-day Saints","religion":"christian","denomination":"mormon","group":"mormon"},"geometry":{"type":"Point","coordinates":[-81.169863166868041,41.29653055]}},
{"type":"Feature","properties":{"name":"Church of the Master","religion":"christian","denomination":"baptist","group":"baptist"},"geometry":{"type":"Point","coordinates":[-81.534164973287318,41.5349885]}},
{"type":"Feature","properties":{"name":"Transfiguration Parish","religion":"christian","denomination":"roman_catholic","group":"roman_catholic"},"geometry":{"type":"Point","coordinates":[-81.777003645510717,41.4775581]}},
{"type":"Feature","properties":{"name":"Saint Patrick's Catholic Church","religion":"christian","denomination":"roman_catholic","group":"roman_catholic"},"geometry":{"type":"Point","coordinates":[-81.711732119807152,41.4833115]}},
{"type":"Feature","properties":{"name":"Community Church","religion":"christian","denomination":null,"group":"christian"},"geometry":{"type":"Point","coordinates":[-81.437557120984323,41.40239695]}},
{"type":"Feature","properties":{"name":"Our Redeemer Lutheran Church","religion":"christian","denomination":"lutheran","group":"lutheran"},"geometry":{"type":"Point","coordinates":[-81.438612227622968,41.36312055]}},
{"type":"Feature","properties":{"name":"University Circle United Methodist Church","religion":"christian","denomination":"methodist","group":"methodist"},"geometry":{"type":"Point","coordinates":[-81.61256939458795,41.5058335]}},
{"type":"Feature","properties":{"name":null,"religion":"christian","denomination":null,"group":"christian"},"geometry":{"type":"Point","coordinates":[-81.734911625506442,41.4438501]}},
{"type":"Feature","properties":{"name":"Aspinwall church of god","religion":"christian","denomination":"pentecostal","group":"pentecostal"},"geometry":{"type":"Point","coordinates":[-81.579663769266787,41.55823825]}},
{"type":"Feature","properties":{"name":"Scranton Road Baptist Church","religion":"christian","denomination":"baptist","group":"baptist"},"geometry":{"type":"Point","coordinates":[-81.696403893010455,41.4701477]}},
{"type":"Feature","properties":{"name":null,"religion":"christian","denomination":null,"group":"christian"},"geometry":{"type":"Point","coordinates":[-81.600347547710271,41.48044725]}},
{"type":"Feature","properties":{"name":"Christ Lutheran Church","religion":"christian","denomination":null,"group":"christian"},"geometry":{"type":"Point","coordinates":[-81.787703494846753,41.4344701]}},
{"type":"Feature","properties":{"name":null,"religion":"unknown","denomination":null,"group":"unknown"},"geometry":{"type":"Point","coordinates":[-81.591467557283679,41.4705703]}},
{"type":"Feature","properties":{"name":"Church of Christ","religion":"christian","denomination":null,"group":"christian"},"geometry":{"type":"Point","coordinates":[-81.78495379434284,41.45646685]}},
{"type":"Feature","properties":{"name":"Christ United Methodist Church","religion":"christian","denomination":"methodist","group":"methodist"},"geometry":{"type":"Point","coordinates":[-81.78743627269094,41.45491405]}},
{"type":"Feature","properties":{"name":null,"religion":"christian","denomination":"jehovahs_witness","group":"jehovahs_witness"},"geometry":{"type":"Point","coordinates":[-81.334016510671745,41.14005675]}},
{"type":"Feature","properties":{"name":"Twinsburg Congregational Church","religion":"christian","denomination":null,"group":"christian"},"geometry":{"type":"Point","coordinates":[-81.442278249885831,41.3120399]}},
{"type":"Feature","properties":{"name":"Penfield Community Church","religion":"christian","denomination":null,"group":"christian"},"geometry":{"type":"Point","coordinates":[-82.120609497727443,41.1689563]}},
{"type":"Feature","properties":{"name":"Pittsfield United Church","religion":"christian","denomination":null,"group":"christian"},"geometry":{"type":"Point","coordinates":[-82.219180082657886,41.2362456]}},
{"type":"Feature","properties":{"name":"Emmanuel Baptist Church","religion":"christian","denomination":"baptist","group":"baptist"},"geometry":{"type":"Point","coordinates":[-81.633135333776949,41.4937135]}},
{"type":"Feature","properties":{"name":"Cleveland Church of Christ","religion":"christian","denomination":null,"group":"christian"},"geometry":{"type":"Point","coordinates":[-81.615037925246071,41.5291675]}},
{"type":"Feature","properties":{"name":"Bethany Baptist Church","religion":"christian","denomination":"baptist","group":"baptist"},"geometry":{"type":"Point","coordinates":[-81.615142828454225,41.5238896]}},
{"type":"Feature","properties":{"name":"Everlasting Missionary Baptist Church","religion":"christian","denomination":"baptist","group":"baptist"},"geometry":{"type":"Point","coordinates":[-81.60081896716153,41.54165305]}},
{"type":"Feature","properties":{"name":"Lee Memorial African Methodist Episcopal Church","religion":"christian","denomination":"methodist","group":"methodist"},"geometry":{"type":"Point","coordinates":[-81.615051907872555,41.53315475]}},
{"type":"Feature","properties":{"name":"Cedar Hill Baptist Church","religion":"christian","denomination":"baptist","group":"baptist"},"geometry":{"type":"Point","coordinates":[-81.586403077129603,41.5017494]}},
{"type":"Feature","properties":{"name":"First Cleveland Mosque","religion":"muslim","denomination":null,"group":"muslim"},"geometry":{"type":"Point","coordinates":[-81.590820936018986,41.4605074]}},
{"type":"Feature","properties":{"name":"Divine Revelation Church","religion":"christian","denomination":null,"group":"christian"},"geometry":{"type":"Point","coordinates":[-81.62319255,41.52070885]}},
{"type":"Feature","properties":{"name":"Zion United Methodist Church","religion":"christian","denomination":"methodist","group":"methodist"},"geometry":{"type":"Point","coordinates":[-81.426067364533935,40.80878875]}},
{"type":"Feature","properties":{"name":null,"religion":"christian","denomination":null,"group":"christian"},"geometry":{"type":"Point","coordinates":[-81.398591568738681,40.8119]}},
{"type":"Feature","properties":{"name":"The Church of Jesus Christ of Latter-day Saints","religion":"christian","denomination":"mormon","group":"mormon"},"geometry":{"type":"Point","coordinates":[-81.436271313375187,41.11769525]}},
{"type":"Feature","properties":{"name":"Brighton United Methodist Church","religion":"christian","denomination":"methodist","group":"methodist"},"geometry":{"type":"Point","coordinates":[-82.309381847715983,41.1704612]}},
{"type":"Feature","properties":{"name":"Brighton Congregational Church","religion":"christian","denomination":null,"group":"christian"},"geometry":{"type":"Point","coordinates":[-82.309294849683596,41.1717103]}},
{"type":"Feature","properties":{"name":null,"religion":"christian","denomination":null,"group":"christian"},"geometry":{"type":"Point","coordinates":[-81.599575469535239,41.46770665]}},
{"type":"Feature","properties":{"name":"Second St. John Missionary Baptist Church","religion":"christian","denomination":"baptist","group":"baptist"},"geometry":{"type":"Point","coordinates":[-81.59734145,41.5374064]}},
{"type":"Feature","properties":{"name":"First Covenant Church","religion":"christian","denomination":"christian","group":"christian"},"geometry":{"type":"Point","coordinates":[-81.459886413206945,41.58316355]}},
{"type":"Feature","properties":{"name":"St. Noel Catholic Church","religion":"christian","denomination":"catholic","group":"catholic"},"geometry":{"type":"Point","coordinates":[-81.435545987629581,41.58616215]}},
{"type":"Feature","properties":{"name":null,"religion":"christian","denomination":null,"group":"christian"},"geometry":{"type":"Point","coordinates":[-80.979672231566553,41.1933438]}},
{"type":"Feature","properties":{"name":"Brecksville United Methodist Church","religion":"christian","denomination":"united_methodist","group":"united_methodist"},"geometry":{"type":"Point","coordinates":[-81.627428969535401,41.3208925]}},
{"type":"Feature","properties":{"name":"Christ the Saviour Orthodox Church","religion":"christian","denomination":"orthodox","group":"orthodox"},"geometry":{"type":"Point","coordinates":[-81.725340883425275,41.33729705]}},
{"type":"Feature","properties":{"name":"Emmanuel Christian Church","religion":"christian","denomination":null,"group":"christian"},"geometry":{"type":"Point","coordinates":[-81.630539328117976,41.5203881]}},
{"type":"Feature","properties":{"name":"Saint Rocco","religion":"christian","denomination":"roman_catholic","group":"roman_catholic"},"geometry":{"type":"Point","coordinates":[-81.7070137,41.46719645]}},
{"type":"Feature","properties":{"name":"Kent Church of Christ","religion":"christian","denomination":"church_of_christ","group":"church_of_christ"},"geometry":{"type":"Point","coordinates":[-81.356089228665525,41.1509537]}},
{"type":"Feature","properties":{"name":"Sts. Cyril and Methodius Orthodox Church","religion":"christian","denomination":"orthodox","group":"orthodox"},"geometry":{"type":"Point","coordinates":[-82.201157306016114,41.4421211]}},
{"type":"Feature","properties":{"name":"The Word Church - Downtown","religion":"christian","denomination":null,"group":"christian"},"geometry":{"type":"Point","coordinates":[-81.649653962724869,41.48560025]}},
{"type":"Feature","properties":{"name":"Cathedral of Tomorrow","religion":"christian","denomination":null,"group":"christian"},"geometry":{"type":"Point","coordinates":[-81.509675337365763,41.14684365]}},
{"type":"Feature","properties":{"name":"Saint James African Methodist Episcopal Church","religion":"christian","denomination":"methodist","group":"methodist"},"geometry":{"type":"Point","coordinates":[-81.628502040826163,41.50028815]}},
{"type":"Feature","properties":{"name":"First Christian Church","religion":"christian","denomination":null,"group":"christian"},"geometry":{"type":"Point","coordinates":[-81.242166954862057,41.1542418]}},
{"type":"Feature","properties":{"name":"First United Methodist Church of Ravenna","religion":"christian","denomination":"methodist","group":"methodist"},"geometry":{"type":"Point","coordinates":[-81.241202637167959,41.1554141]}},
{"type":"Feature","properties":{"name":null,"religion":"christian","denomination":null,"group":"christian"},"geometry":{"type":"Point","coordinates":[-81.62555617317426,41.49945535]}},
{"type":"Feature","properties":{"name":null,"religion":"christian","denomination":null,"group":"christian"},"geometry":{"type":"Point","coordinates":[-81.628703300737811,41.4996583]}},
{"type":"Feature","properties":{"name":"Masjid Warith Deen","religion":"muslim","denomination":null,"group":"muslim"},"geometry":{"type":"Point","coordinates":[-81.637927211250002,41.51964685]}},
{"type":"Feature","properties":{"name":"Saint Paul's Episcopal Church","religion":"christian","denomination":"episcopal","group":"episcopal"},"geometry":{"type":"Point","coordinates":[-81.58101281317974,41.49553905]}},
{"type":"Feature","properties":{"name":"Igelsia Misionera Ebenezer","religion":"christian","denomination":"Assembly_of_Christian_Churches","group":"Assembly_of_Christian_Churches"},"geometry":{"type":"Point","coordinates":[-81.720403546466599,41.4864341]}},
{"type":"Feature","properties":{"name":"New Life Christian Church","religion":"christian","denomination":"christian","group":"christian"},"geometry":{"type":"Point","coordinates":[-81.509545082863369,41.6174951]}},
{"type":"Feature","properties":{"name":"River of Life Ministries","religion":"christian","denomination":null,"group":"christian"},"geometry":{"type":"Point","coordinates":[-81.510982249666853,41.61703485]}},
{"type":"Feature","properties":{"name":"Ss. Robert & William Catholic Parish","religion":"christian","denomination":"catholic","group":"catholic"},"geometry":{"type":"Point","coordinates":[-81.50242277104465,41.6159122]}},
{"type":"Feature","properties":{"name":"Valley Lutheran Church","religion":"christian","denomination":"Lutheran_Church_Missouri_Synod","group":"Lutheran_Church_Missouri_Synod"},"geometry":{"type":"Point","coordinates":[-81.389770610842248,41.4337753]}},
{"type":"Feature","properties":{"name":"First Church of Christ Scientist","religion":"christian","denomination":null,"group":"christian"},"geometry":{"type":"Point","coordinates":[-81.393150813441935,41.4294168]}},
{"type":"Feature","properties":{"name":"Shoregate United Methodist Church","religion":"christian","denomination":null,"group":"christian"},"geometry":{"type":"Point","coordinates":[-81.473303017633157,41.6389392]}},
{"type":"Feature","properties":{"name":"Lakeland Baptist Temple","religion":"christian","denomination":"baptist","group":"baptist"},"geometry":{"type":"Point","coordinates":[-81.449217114106602,41.6587487]}},
{"type":"Feature","properties":{"name":"Masonic Temple","religion":"unknown","denomination":"mason","group":"mason"},"geometry":{"type":"Point","coordinates":[-81.392125573582504,41.42962955]}},
{"type":"Feature","properties":{"name":"Saint Mary of the Immaculate Conception","religion":"christian","denomination":"roman_catholic","group":"roman_catholic"},"geometry":{"type":"Point","coordinates":[-81.933867498061872,40.80474345]}},
{"type":"Feature","properties":{"name":"Living Waters Church of God","religion":"unknown","denomination":null,"group":"unknown"},"geometry":{"type":"Point","coordinates":[-81.509790164223418,41.5981463]}},
{"type":"Feature","properties":{"name":"Church of the Epiphany","religion":"unknown","denomination":null,"group":"unknown"},"geometry":{"type":"Point","coordinates":[-81.533725026746481,41.60475945]}},
{"type":"Feature","properties":{"name":"First United Methodist Church","religion":"christian","denomination":"methodist","group":"methodist"},"geometry":{"type":"Point","coordinates":[-82.31845544987894,40.8698876]}},
{"type":"Feature","properties":{"name":"Boston Heights and Taiwanese Friends Church","religion":"christian","denomination":null,"group":"christian"},"geometry":{"type":"Point","coordinates":[-81.5033039,41.25447135]}},
{"type":"Feature","properties":{"name":"Pearlbrook Church of God","religion":"christian","denomination":null,"group":"christian"},"geometry":{"type":"Point","coordinates":[-81.7157397,41.42978865]}},
{"type":"Feature","properties":{"name":"Hudson Presbyterian Church","religion":"christian","denomination":null,"group":"christian"},"geometry":{"type":"Point","coordinates":[-81.451743824422664,41.24002165]}},
{"type":"Feature","properties":{"name":"Redeemer Lutheran Church","religion":"christian","denomination":"lutheran","group":"lutheran"},"geometry":{"type":"Point","coordinates":[-81.450375707812128,41.2394026]}},
{"type":"Feature","properties":{"name":null,"religion":"christian","denomination":"jehovahs_witness","group":"jehovahs_witness"},"geometry":{"type":"Point","coordinates":[-81.72750338701141,41.48286505]}},
{"type":"Feature","properties":{"name":"Hungarian Reformed Church","religion":"christian","denomination":"united_church_of_christ","group":"united_church_of_christ"},"geometry":{"type":"Point","coordinates":[-81.274322284351854,41.7504807]}},
{"type":"Feature","properties":{"name":null,"religion":"christian","denomination":"catholic","group":"catholic"},"geometry":{"type":"Point","coordinates":[-81.375175485890395,41.4268173]}},
{"type":"Feature","properties":{"name":"Historical Museum of Christ","religion":"christian","denomination":null,"group":"christian"},"geometry":{"type":"Point","coordinates":[-82.238300579252808,41.42066195]}},
{"type":"Feature","properties":{"name":"First Assembly Of God Church","religion":"christian","denomination":null,"group":"christian"},"geometry":{"type":"Point","coordinates":[-82.077012989640593,41.3898278]}},
{"type":"Feature","properties":{"name":"New London United Methodist Church","religion":"christian","denomination":"methodist","group":"methodist"},"geometry":{"type":"Point","coordinates":[-82.398041203392026,41.08480675]}},
{"type":"Feature","properties":{"name":"Aurora United Methodist Church","religion":"christian","denomination":"united_methodist","group":"united_methodist"},"geometry":{"type":"Point","coordinates":[-81.35747905,41.3242183]}},
{"type":"Feature","properties":{"name":"Saints Peter and Paul Catholic Church","religion":"christian","denomination":"catholic","group":"catholic"},"geometry":{"type":"Point","coordinates":[-81.699233490427417,40.97057665]}},
{"type":"Feature","properties":{"name":"Zion Evangelical Lutheran Church","religion":"christian","denomination":"lutheran","group":"lutheran"},"geometry":{"type":"Point","coordinates":[-81.698165056134187,40.9698325]}},
{"type":"Feature","properties":{"name":"Our Lady of the Lake Parish","religion":"christian","denomination":"catholic","group":"catholic"},"geometry":{"type":"Point","coordinates":[-81.540514993318396,41.6017023]}},
{"type":"Feature","properties":{"name":"Windsor United Methodist Church","religion":"christian","denomination":"methodist","group":"methodist"},"geometry":{"type":"Point","coordinates":[-80.9355124,41.53550975]}},
{"type":"Feature","properties":{"name":"Union Baptist Church","religion":"christian","denomination":"baptist","group":"baptist"},"geometry":{"type":"Point","coordinates":[-81.3621452,41.14339885]}},
{"type":"Feature","properties":{"name":"Kirtland Christian Fellowship","religion":"christian","denomination":null,"group":"christian"},"geometry":{"type":"Point","coordinates":[-81.3451283,41.5994646]}},
{"type":"Feature","properties":{"name":"Peninsula United Methodist Church","religion":"christian","denomination":"methodist","group":"methodist"},"geometry":{"type":"Point","coordinates":[-81.547822515327169,41.241405]}},
{"type":"Feature","properties":{"name":"The River Church","religion":"christian","denomination":null,"group":"christian"},"geometry":{"type":"Point","coordinates":[-80.860357765453273,41.25999275]}},
{"type":"Feature","properties":{"name":"Church of the Holy Spirit","religion":"christian","denomination":null,"group":"christian"},"geometry":{"type":"Point","coordinates":[-80.852061249811101,41.2516364]}},
{"type":"Feature","properties":{"name":"South Main St. Church of God","religion":"unknown","denomination":"southern_baptist","group":"southern_baptist"},"geometry":{"type":"Point","coordinates":[-81.78169265,40.9653544]}},
{"type":"Feature","properties":{"name":"Shore Haven Lutheran Church","religion":"christian","denomination":"lutheran","group":"lutheran"},"geometry":{"type":"Point","coordinates":[-81.527399621477642,41.6074265]}},
{"type":"Feature","properties":{"name":"East Mount Zion Baptist Church","religion":"christian","denomination":"baptist","group":"baptist"},"geometry":{"type":"Point","coordinates":[-81.619101537269344,41.50310905]}},
{"type":"Feature","properties":{"name":"Our Lady of Mount Carmel","religion":"christian","denomination":"roman_catholic","group":"roman_catholic"},"geometry":{"type":"Point","coordinates":[-81.733007422972975,41.48368465]}},
{"type":"Feature","properties":{"name":"Bethany Church","religion":"christian","denomination":null,"group":"christian"},"geometry":{"type":"Point","coordinates":[-81.942861464546411,41.1043663]}},
{"type":"Feature","properties":{"name":"Church of Jesus Christ of Latter-day Saints Stake Center","religion":"unknown","denomination":"latter_day_saints","group":"latter_day_saints"},"geometry":{"type":"Point","coordinates":[-81.364905466498058,41.6323331]}},
{"type":"Feature","properties":{"name":"Willo-Hill Baptist Church","religion":"christian","denomination":"baptist","group":"baptist"},"geometry":{"type":"Point","coordinates":[-81.368866849665551,41.6361681]}},
{"type":"Feature","properties":{"name":"Bedford Christian Church","religion":"christian","denomination":null,"group":"christian"},"geometry":{"type":"Point","coordinates":[-81.536575399540112,41.39570745]}},
{"type":"Feature","properties":{"name":"Bedford First United Methodist Church","religion":"christian","denomination":"methodist","group":"methodist"},"geometry":{"type":"Point","coordinates":[-81.537410926206064,41.3954104]}},
{"type":"Feature","properties":{"name":null,"religion":"christian","denomination":null,"group":"christian"},"geometry":{"type":"Point","coordinates":[-81.411314724880015,41.15799125]}},
{"type":"Feature","properties":{"name":"Holy Family Catholic Church","religion":"christian","denomination":"catholic","group":"catholic"},"geometry":{"type":"Point","coordinates":[-81.444822567035629,41.1583611]}},
{"type":"Feature","properties":{"name":"Church of the Open Door","religion":"christian","denomination":null,"group":"christian"},"geometry":{"type":"Point","coordinates":[-81.987764874841503,41.4985832]}},
{"type":"Feature","properties":{"name":"Avon Lake Presbyterian Church","religion":"christian","denomination":"presbyterian","group":"presbyterian"},"geometry":{"type":"Point","coordinates":[-81.998966435726771,41.51080395]}},
{"type":"Feature","properties":{"name":"Brecksville United Church of Christ","religion":"christian","denomination":null,"group":"christian"},"geometry":{"type":"Point","coordinates":[-81.627972777651223,41.31961355]}},
{"type":"Feature","properties":{"name":"Church of Jesus Christ Kirtland Restoration Branch","religion":"unknown","denomination":"latter_day_saints","group":"latter_day_saints"},"geometry":{"type":"Point","coordinates":[-81.357640236488749,41.61724535]}},
{"type":"Feature","properties":{"name":"Calvary Baptist Church","religion":"christian","denomination":"baptist","group":"baptist"},"geometry":{"type":"Point","coordinates":[-82.011518677738181,41.5096453]}},
{"type":"Feature","properties":{"name":null,"religion":"christian","denomination":null,"group":"christian"},"geometry":{"type":"Point","coordinates":[-81.785858775176763,41.38696125]}},
{"type":"Feature","properties":{"name":"Holy Grounds Church of God","religion":"christian","denomination":null,"group":"christian"},"geometry":{"type":"Point","coordinates":[-81.273424699198443,41.6896195]}},
{"type":"Feature","properties":{"name":"Saint Martin of Tours Catholic Church","religion":"christian","denomination":"roman_catholic","group":"roman_catholic"},"geometry":{"type":"Point","coordinates":[-81.580988456726459,41.3929855]}},
{"type":"Feature","properties":{"name":null,"religion":"christian","denomination":null,"group":"christian"},"geometry":{"type":"Point","coordinates":[-82.342917890431735,41.4063455]}},
{"type":"Feature","properties":{"name":"Alliance Friends Church","religion":"christian","denomination":null,"group":"christian"},"geometry":{"type":"Point","coordinates":[-81.125325106376238,40.90292255]}},
{"type":"Feature","properties":{"name":"St. Nicholas Romanian Orthodox Church","religion":"christian","denomination":"romanian_orthodox","group":"romanian_orthodox"},"geometry":{"type":"Point","coordinates":[-81.135462374659397,40.9060433]}},
{"type":"Feature","properties":{"name":"Southside","religion":"christian","denomination":"church_of_god","group":"church_of_god"},"geometry":{"type":"Point","coordinates":[-81.133856909733069,40.9071635]}},
{"type":"Feature","properties":{"name":"Church of the Nazarene","religion":"christian","denomination":null,"group":"christian"},"geometry":{"type":"Point","coordinates":[-81.100476793721967,40.91528815]}},
{"type":"Feature","properties":{"name":null,"religion":"christian","denomination":null,"group":"christian"},"geometry":{"type":"Point","coordinates":[-81.900798295838939,41.3766672]}},
{"type":"Feature","properties":{"name":"Saint Dominics Catholic Church","religion":"christian","denomination":"catholic","group":"catholic"},"geometry":{"type":"Point","coordinates":[-81.545492079374725,41.46607195]}},
{"type":"Feature","properties":{"name":"Grace Covenant Church","religion":"christian","denomination":null,"group":"christian"},"geometry":{"type":"Point","coordinates":[-81.878506502357652,41.3839745]}},
{"type":"Feature","properties":{"name":null,"religion":"christian","denomination":null,"group":"christian"},"geometry":{"type":"Point","coordinates":[-81.730828211064605,41.48042355]}},
{"type":"Feature","properties":{"name":"Saint James Catholic Church","religion":"christian","denomination":"roman_catholic","group":"roman_catholic"},"geometry":{"type":"Point","coordinates":[-81.817179250347408,41.48567235]}},
{"type":"Feature","properties":{"name":"Holy Rosary Church","religion":"christian","denomination":"roman_catholic","group":"roman_catholic"},"geometry":{"type":"Point","coordinates":[-81.598776644351972,41.50901415]}},
{"type":"Feature","properties":{"name":null,"religion":"christian","denomination":null,"group":"christian"},"geometry":{"type":"Point","coordinates":[-81.616101848306869,41.48682915]}},
{"type":"Feature","properties":{"name":null,"religion":"christian","denomination":null,"group":"christian"},"geometry":{"type":"Point","coordinates":[-81.609418199427253,41.4865742]}},
{"type":"Feature","properties":{"name":"Chesterland Baptist Church","religion":"christian","denomination":"baptist","group":"baptist"},"geometry":{"type":"Point","coordinates":[-81.338484127047479,41.52412865]}},
{"type":"Feature","properties":{"name":"Bethany Evangelical Lutheran Church","religion":"christian","denomination":"lutheran","group":"lutheran"},"geometry":{"type":"Point","coordinates":[-81.733913836102914,41.39845675]}},
{"type":"Feature","properties":{"name":"First Baptist Church","religion":"christian","denomination":null,"group":"christian"},"geometry":{"type":"Point","coordinates":[-81.734928157237093,41.4001546]}},
{"type":"Feature","properties":{"name":"Saint Charles Catholic Church","religion":"christian","denomination":"roman_catholic","group":"roman_catholic"},"geometry":{"type":"Point","coordinates":[-81.734015666317617,41.40276195]}},
{"type":"Feature","properties":{"name":"Christ the King Vineyard Church","religion":"christian","denomination":"evangelical","group":"evangelical"},"geometry":{"type":"Point","coordinates":[-81.95775712774298,41.39771475]}},
{"type":"Feature","properties":{"name":"Church of the Open Door Vermilion Campus","religion":"christian","denomination":null,"group":"christian"},"geometry":{"type":"Point","coordinates":[-82.35181316988016,41.4118757]}},
{"type":"Feature","properties":{"name":null,"religion":"christian","denomination":null,"group":"christian"},"geometry":{"type":"Point","coordinates":[-82.363040230139774,41.420415]}},
{"type":"Feature","properties":{"name":null,"religion":"christian","denomination":null,"group":"christian"},"geometry":{"type":"Point","coordinates":[-82.363326325393459,41.42091715]}},
{"type":"Feature","properties":{"name":"Our Saviour's Lutheran Church","religion":"christian","denomination":"lutheran","group":"lutheran"},"geometry":{"type":"Point","coordinates":[-81.744246876012284,41.23889325]}},
{"type":"Feature","properties":{"name":"Bethel Baptist Church","religion":"christian","denomination":"baptist","group":"baptist"},"geometry":{"type":"Point","coordinates":[-82.37096713672122,40.98066095]}},
{"type":"Feature","properties":{"name":"Bethel Cleveland","religion":"christian","denomination":"nondenominational","group":"nondenominational"},"geometry":{"type":"Point","coordinates":[-81.816025074696711,41.3726924]}},
{"type":"Feature","properties":{"name":"Revived Chapel","religion":"christian","denomination":null,"group":"christian"},"geometry":{"type":"Point","coordinates":[-81.735989,41.446867]}},
{"type":"Feature","properties":{"name":"Independence United Methodist Church","religion":"christian","denomination":"united_methodist","group":"united_methodist"},"geometry":{"type":"Point","coordinates":[-81.640530858725214,41.3825383]}},
{"type":"Feature","properties":{"name":"Grafton United Methodist Church","religion":"christian","denomination":null,"group":"christian"},"geometry":{"type":"Point","coordinates":[-82.055206891150036,41.27122835]}},
{"type":"Feature","properties":{"name":"Oberlin Unitarian Universalist Fellowship","religion":"unitarian_universalist","denomination":null,"group":"unitarian_universalist"},"geometry":{"type":"Point","coordinates":[-82.204426399717718,41.29381265]}},
{"type":"Feature","properties":{"name":"Chabad - Oberlin College","religion":"jewish","denomination":null,"group":"jewish"},"geometry":{"type":"Point","coordinates":[-82.21446725048564,41.2946952]}},
{"type":"Feature","properties":{"name":"Peace Community Church","religion":"christian","denomination":"baptist","group":"baptist"},"geometry":{"type":"Point","coordinates":[-82.215615247230744,41.294462]}},
{"type":"Feature","properties":{"name":null,"religion":"christian","denomination":null,"group":"christian"},"geometry":{"type":"Point","coordinates":[-81.523360204484689,41.08773575]}},
{"type":"Feature","properties":{"name":"Oberlin House of the Lord","religion":"christian","denomination":null,"group":"christian"},"geometry":{"type":"Point","coordinates":[-82.226099423327923,41.29860245]}},
{"type":"Feature","properties":{"name":"Grace Lutheran Church","religion":"christian","denomination":"lutheran","group":"lutheran"},"geometry":{"type":"Point","coordinates":[-82.228576000177952,41.2945846]}},
{"type":"Feature","properties":{"name":"Sacred Heart Church","religion":"christian","denomination":"roman_catholic","group":"roman_catholic"},"geometry":{"type":"Point","coordinates":[-82.232869498885691,41.2954829]}},
{"type":"Feature","properties":{"name":"Ressurection Lutheran Church","religion":"christian","denomination":"lutheran","group":"lutheran"},"geometry":{"type":"Point","coordinates":[-81.44280825,41.1671111]}},
{"type":"Feature","properties":{"name":"St. Peter's Lutheran Church","religion":"christian","denomination":"lutheran","group":"lutheran"},"geometry":{"type":"Point","coordinates":[-81.552933307395975,41.46578955]}},
{"type":"Feature","properties":{"name":"East View United Church of Christ","religion":"christian","denomination":"united_church_of_christ","group":"united_church_of_christ"},"geometry":{"type":"Point","coordinates":[-81.558644324748585,41.46594285]}},
{"type":"Feature","properties":{"name":"The Church of Jesus Christ of Latter-day Saints","religion":"christian","denomination":"mormon","group":"mormon"},"geometry":{"type":"Point","coordinates":[-81.682261228825141,41.4058911]}},
{"type":"Feature","properties":{"name":"Wooster Seventh-day Adventist Church","religion":"christian","denomination":"seventh_day_adventist","group":"seventh_day_adventist"},"geometry":{"type":"Point","coordinates":[-81.937566483753713,40.8032319]}},
{"type":"Feature","properties":{"name":"Antioch Missionary Baptist Church","religion":"christian","denomination":"baptist","group":"baptist"},"geometry":{"type":"Point","coordinates":[-81.624833569902904,41.5000431]}},
{"type":"Feature","properties":{"name":"Ashland Christian Church","religion":"christian","denomination":"church_of_christ","group":"church_of_christ"},"geometry":{"type":"Point","coordinates":[-82.309278075481245,40.882223]}},
{"type":"Feature","properties":{"name":"Saint Francis DeSales Catholic Church","religion":"christian","denomination":"catholic","group":"catholic"},"geometry":{"type":"Point","coordinates":[-81.709883954769083,41.40466595]}},
{"type":"Feature","properties":{"name":"Saint Marys Polish National Catholic Church","religion":"christian","denomination":"polish_catholic","group":"polish_catholic"},"geometry":{"type":"Point","coordinates":[-81.693467770315792,41.4151096]}},
{"type":"Feature","properties":{"name":"Parma Lutheran Church","religion":"christian","denomination":"lutheran","group":"lutheran"},"geometry":{"type":"Point","coordinates":[-81.695130979737968,41.41681275]}},
{"type":"Feature","properties":{"name":"Ridge Road Evangelical Community Church","religion":"christian","denomination":null,"group":"christian"},"geometry":{"type":"Point","coordinates":[-81.735052007519613,41.39834725]}},
{"type":"Feature","properties":{"name":null,"religion":"christian","denomination":null,"group":"christian"},"geometry":{"type":"Point","coordinates":[-81.736509003793174,41.43509005]}},
{"type":"Feature","properties":{"name":"Saint Thomas More Catholic Church","religion":"christian","denomination":"roman_catholic","group":"roman_catholic"},"geometry":{"type":"Point","coordinates":[-81.740235517340977,41.44249545]}},
{"type":"Feature","properties":{"name":"Saint Elias","religion":"christian","denomination":null,"group":"christian"},"geometry":{"type":"Point","coordinates":[-81.74117965565874,41.4390243]}},
{"type":"Feature","properties":{"name":"Mentor Chrstain Church","religion":"christian","denomination":null,"group":"christian"},"geometry":{"type":"Point","coordinates":[-81.327136507039711,41.6727769]}},
{"type":"Feature","properties":{"name":"Good Samaritan Church","religion":"christian","denomination":null,"group":"christian"},"geometry":{"type":"Point","coordinates":[-82.21080355,41.16977885]}},
{"type":"Feature","properties":{"name":"Grace Brethren Church","religion":"christian","denomination":null,"group":"christian"},"geometry":{"type":"Point","coordinates":[-81.856985749713232,41.38369745]}},
{"type":"Feature","properties":{"name":null,"religion":"christian","denomination":null,"group":"christian"},"geometry":{"type":"Point","coordinates":[-81.857584194092482,41.3827058]}},
{"type":"Feature","properties":{"name":"Mentor Church of Christ","religion":"christian","denomination":"church_of_christ","group":"church_of_christ"},"geometry":{"type":"Point","coordinates":[-81.330000434320539,41.6747547]}},
{"type":"Feature","properties":{"name":"La Nueva Jerusalem","religion":"christian","denomination":"assemblies_of_god","group":"assemblies_of_god"},"geometry":{"type":"Point","coordinates":[-81.68978135,41.48104795]}},
{"type":"Feature","properties":{"name":null,"religion":"christian","denomination":null,"group":"christian"},"geometry":{"type":"Point","coordinates":[-80.877015008713911,41.24028015]}},
{"type":"Feature","properties":{"name":"Holy Trinity Anglican Church","religion":"christian","denomination":"anglican","group":"anglican"},"geometry":{"type":"Point","coordinates":[-81.447186264792066,41.2414966]}},
{"type":"Feature","properties":{"name":"Immaculate Heart of Mary Church","religion":"christian","denomination":"catholic","group":"catholic"},"geometry":{"type":"Point","coordinates":[-81.505176132526216,41.1485394]}},
{"type":"Feature","properties":{"name":null,"religion":"christian","denomination":null,"group":"christian"},"geometry":{"type":"Point","coordinates":[-80.856409414091701,41.25363565]}},
{"type":"Feature","properties":{"name":"New Song Church","religion":"christian","denomination":null,"group":"christian"},"geometry":{"type":"Point","coordinates":[-81.462685582743745,41.4305189]}},
{"type":"Feature","properties":{"name":"St. Rita's","religion":"christian","denomination":"catholic","group":"catholic"},"geometry":{"type":"Point","coordinates":[-81.445068355769237,41.3844265]}},
{"type":"Feature","properties":{"name":"Advent Lutheran Church","religion":"christian","denomination":"lutheran","group":"lutheran"},"geometry":{"type":"Point","coordinates":[-81.4660857,41.4090192]}},
{"type":"Feature","properties":{"name":null,"religion":"christian","denomination":null,"group":"christian"},"geometry":{"type":"Point","coordinates":[-81.486492823069142,41.4056639]}},
{"type":"Feature","properties":{"name":"Federated Church","religion":"christian","denomination":null,"group":"christian"},"geometry":{"type":"Point","coordinates":[-81.389008199428304,41.43180575]}},
{"type":"Feature","properties":{"name":"First United Church of Christ Eastlake","religion":"christian","denomination":"united_church_of_christ","group":"united_church_of_christ"},"geometry":{"type":"Point","coordinates":[-81.447033731268021,41.6627231]}},
{"type":"Feature","properties":{"name":"Willo-Lake Church of Nazarene","religion":"christian","denomination":"nazarene","group":"nazarene"},"geometry":{"type":"Point","coordinates":[-81.43894990752068,41.6625154]}},
{"type":"Feature","properties":{"name":"Christian Science Church","religion":"christian","denomination":"christ_scientist","group":"christ_scientist"},"geometry":{"type":"Point","coordinates":[-81.410371909722812,41.6311856]}},
{"type":"Feature","properties":{"name":"Trinity Lutheran Church","religion":"christian","denomination":"lutheran","group":"lutheran"},"geometry":{"type":"Point","coordinates":[-81.412386286293781,41.6320157]}},
{"type":"Feature","properties":{"name":"Willoughby Bible Church","religion":"christian","denomination":"christian","group":"christian"},"geometry":{"type":"Point","coordinates":[-81.41043357038896,41.63548535]}},
{"type":"Feature","properties":{"name":"First Baptist Church of Willowick","religion":"christian","denomination":"baptist","group":"baptist"},"geometry":{"type":"Point","coordinates":[-81.4673081159915,41.6428146]}},
{"type":"Feature","properties":{"name":"Saint Mary Magdalene Catholic Parish","religion":"christian","denomination":"catholic","group":"catholic"},"geometry":{"type":"Point","coordinates":[-81.460304702079071,41.6420286]}},
{"type":"Feature","properties":{"name":"Bethel Lutheran Church","religion":"christian","denomination":"lutheran","group":"lutheran"},"geometry":{"type":"Point","coordinates":[-81.457257984467873,41.64183595]}},
{"type":"Feature","properties":{"name":"Eastlake Baptist Church","religion":"christian","denomination":"baptist","group":"baptist"},"geometry":{"type":"Point","coordinates":[-81.436050505473659,41.649468]}},
{"type":"Feature","properties":{"name":"Saint Justin Martyr Parish","religion":"christian","denomination":"catholic","group":"catholic"},"geometry":{"type":"Point","coordinates":[-81.433042127000959,41.64881635]}},
{"type":"Feature","properties":{"name":"Erieside Church on the Boulevard","religion":"christian","denomination":"christian","group":"christian"},"geometry":{"type":"Point","coordinates":[-81.466289809028837,41.64648195]}},
{"type":"Feature","properties":{"name":"Beautiful Gate Fellowship Church","religion":"christian","denomination":null,"group":"christian"},"geometry":{"type":"Point","coordinates":[-81.474656768229494,41.59774015]}},
{"type":"Feature","properties":{"name":"Saint Augustine Roman Catholic Church","religion":"christian","denomination":"roman_catholic","group":"roman_catholic"},"geometry":{"type":"Point","coordinates":[-81.691946362647926,41.47871575]}},
{"type":"Feature","properties":{"name":"Vineyard Community Church","religion":"christian","denomination":"vineyard","group":"vineyard"},"geometry":{"type":"Point","coordinates":[-81.462951021440261,41.6071077]}},
{"type":"Feature","properties":{"name":"Wickliffe Presbyterian Church","religion":"christian","denomination":null,"group":"christian"},"geometry":{"type":"Point","coordinates":[-81.464634783478601,41.60593145]}},
{"type":"Feature","properties":{"name":"Emmanuel African Methodist Episcopal Zion Church","religion":"christian","denomination":"african_methodist_episcopal_zion","group":"african_methodist_episcopal_zion"},"geometry":{"type":"Point","coordinates":[-81.650223475492652,41.5081998]}},
{"type":"Feature","properties":{"name":"Strongsville United Church of Christ","religion":"christian","denomination":null,"group":"christian"},"geometry":{"type":"Point","coordinates":[-81.835973935778952,41.31452325]}},
{"type":"Feature","properties":{"name":"Pilgrim Congregational United Church of Christ","religion":"christian","denomination":null,"group":"christian"},"geometry":{"type":"Point","coordinates":[-81.691911701953032,41.476972]}},
{"type":"Feature","properties":{"name":"Saint George Orthodox Church","religion":"christian","denomination":"orthodox","group":"orthodox"},"geometry":{"type":"Point","coordinates":[-81.690681848637269,41.47707155]}},
{"type":"Feature","properties":{"name":null,"religion":"christian","denomination":null,"group":"christian"},"geometry":{"type":"Point","coordinates":[-81.69175237466149,41.47761295]}},
{"type":"Feature","properties":{"name":"Saint Theodosius Orthodox Cathedral","religion":"christian","denomination":"orthodox","group":"orthodox"},"geometry":{"type":"Point","coordinates":[-81.681704125223973,41.4773046]}},
{"type":"Feature","properties":{"name":"First Christian Church","religion":"christian","denomination":null,"group":"christian"},"geometry":{"type":"Point","coordinates":[-81.484761893187965,41.1376791]}},
{"type":"Feature","properties":{"name":"First United Methodist Church","religion":"christian","denomination":"methodist","group":"methodist"},"geometry":{"type":"Point","coordinates":[-81.485190004674337,41.13699405]}},
{"type":"Feature","properties":{"name":"St. John's Episcopal Church","religion":"christian","denomination":"episcopal","group":"episcopal"},"geometry":{"type":"Point","coordinates":[-81.484469600037229,41.1367511]}},
{"type":"Feature","properties":{"name":"Saint Andrew Kim","religion":"christian","denomination":"roman_catholic","group":"roman_catholic"},"geometry":{"type":"Point","coordinates":[-81.691849531518017,41.48066795]}},
{"type":"Feature","properties":{"name":"Saint Pauls United Presbyterian Church","religion":"christian","denomination":null,"group":"christian"},"geometry":{"type":"Point","coordinates":[-81.341514245686341,41.7147155]}},
{"type":"Feature","properties":{"name":"Saint Monicas Catholic Church","religion":"christian","denomination":"roman_catholic","group":"roman_catholic"},"geometry":{"type":"Point","coordinates":[-81.588442484762012,41.4022968]}},
{"type":"Feature","properties":{"name":"St. Andrew Eastern Orthodox Church","religion":"christian","denomination":"orthodox","group":"orthodox"},"geometry":{"type":"Point","coordinates":[-81.570328405902018,41.4011276]}},
{"type":"Feature","properties":{"name":"Zion Lutheran Church","religion":"christian","denomination":"lutheran","group":"lutheran"},"geometry":{"type":"Point","coordinates":[-81.57564080024909,41.4027082]}},
{"type":"Feature","properties":{"name":"Saint John Lutheran Church","religion":"christian","denomination":"lutheran","group":"lutheran"},"geometry":{"type":"Point","coordinates":[-81.605359859079599,41.41738155]}},
{"type":"Feature","properties":{"name":"Bethany Covenant Church","religion":"christian","denomination":null,"group":"christian"},"geometry":{"type":"Point","coordinates":[-81.495367822627344,41.53004075]}},
{"type":"Feature","properties":{"name":null,"religion":"christian","denomination":null,"group":"christian"},"geometry":{"type":"Point","coordinates":[-81.602396073964712,41.47964165]}},
{"type":"Feature","properties":{"name":null,"religion":"christian","denomination":null,"group":"christian"},"geometry":{"type":"Point","coordinates":[-81.508567721967935,41.5374758]}},
{"type":"Feature","properties":{"name":"Pilgrim United Church of Christ","religion":"christian","denomination":null,"group":"christian"},"geometry":{"type":"Point","coordinates":[-81.484136978873408,41.13342415]}},
{"type":"Feature","properties":{"name":"Shoreline Church","religion":"christian","denomination":"nondenominational","group":"nondenominational"},"geometry":{"type":"Point","coordinates":[-81.39301576218935,41.6435929]}},
{"type":"Feature","properties":{"name":"Huntsburg Baptist Church","religion":"christian","denomination":"baptist","group":"baptist"},"geometry":{"type":"Point","coordinates":[-81.056727710398974,41.53443045]}},
{"type":"Feature","properties":{"name":"Saint Stanislaus Catholic Church","religion":"christian","denomination":"roman_catholic","group":"roman_catholic"},"geometry":{"type":"Point","coordinates":[-81.644520164775443,41.45906605]}},
{"type":"Feature","properties":{"name":null,"religion":"christian","denomination":"jehovahs_witness","group":"jehovahs_witness"},"geometry":{"type":"Point","coordinates":[-81.322089499207067,40.83721925]}},
{"type":"Feature","properties":{"name":"Bethel Free Will Baptist Church","religion":"christian","denomination":null,"group":"christian"},"geometry":{"type":"Point","coordinates":[-81.710204538461539,41.4628766]}},
{"type":"Feature","properties":{"name":"Saint John the Baptist Byzantine Catholic Church","religion":"christian","denomination":"byzantine_catholic","group":"byzantine_catholic"},"geometry":{"type":"Point","coordinates":[-81.692818812262544,41.40357985]}},
{"type":"Feature","properties":{"name":null,"religion":"christian","denomination":null,"group":"christian"},"geometry":{"type":"Point","coordinates":[-81.693690123144137,41.4030154]}},
{"type":"Feature","properties":{"name":"Holy Resurrection Orthodox Church","religion":"christian","denomination":null,"group":"christian"},"geometry":{"type":"Point","coordinates":[-81.956684793347932,41.39982435]}},
{"type":"Feature","properties":{"name":"Madison Park United Methodist Church","religion":"christian","denomination":"methodist","group":"methodist"},"geometry":{"type":"Point","coordinates":[-81.049410958749633,41.7704093]}},
{"type":"Feature","properties":{"name":"Central Congregational Church","religion":"christian","denomination":null,"group":"christian"},"geometry":{"type":"Point","coordinates":[-81.048691280154188,41.77048375]}},
{"type":"Feature","properties":{"name":"Primera Iglesia Pentecostal Alpha Y Omega","religion":"christian","denomination":"pentecostal","group":"pentecostal"},"geometry":{"type":"Point","coordinates":[-81.727472710994874,41.48238565]}},
{"type":"Feature","properties":{"name":"Bethany Presbyterian Church","religion":"christian","denomination":"presbyterian","group":"presbyterian"},"geometry":{"type":"Point","coordinates":[-81.729730011919827,41.4828463]}},
{"type":"Feature","properties":{"name":"Iglesia Del Salvador","religion":"christian","denomination":null,"group":"christian"},"geometry":{"type":"Point","coordinates":[-81.720259164348022,41.4840838]}},
{"type":"Feature","properties":{"name":"Calvary Reformed Church","religion":"christian","denomination":null,"group":"christian"},"geometry":{"type":"Point","coordinates":[-81.730532620033244,41.47935515]}},
{"type":"Feature","properties":{"name":"New Beginning Ministries","religion":"christian","denomination":null,"group":"christian"},"geometry":{"type":"Point","coordinates":[-81.730533919796045,41.47530825]}},
{"type":"Feature","properties":{"name":"Saint Pauls Evangelical Lutheran Church","religion":"christian","denomination":"lutheran","group":"lutheran"},"geometry":{"type":"Point","coordinates":[-81.735806814678909,41.4749116]}},
{"type":"Feature","properties":{"name":"Saint Colmans Catholic Church","religion":"christian","denomination":"roman_catholic","group":"roman_catholic"},"geometry":{"type":"Point","coordinates":[-81.729645946195149,41.47651235]}},
{"type":"Feature","properties":{"name":"St Paul's Community Church","religion":"christian","denomination":null,"group":"christian"},"geometry":{"type":"Point","coordinates":[-81.717502906770846,41.48482195]}},
{"type":"Feature","properties":{"name":"Franklin Circle Christian Church","religion":"christian","denomination":null,"group":"christian"},"geometry":{"type":"Point","coordinates":[-81.708968587015107,41.48694395]}},
{"type":"Feature","properties":{"name":null,"religion":"christian","denomination":null,"group":"christian"},"geometry":{"type":"Point","coordinates":[-81.72262795,41.48368305]}},
{"type":"Feature","properties":{"name":"St. Helena Romanian Catholic Church","religion":"christian","denomination":null,"group":"christian"},"geometry":{"type":"Point","coordinates":[-81.729936426523949,41.4848039]}},
{"type":"Feature","properties":{"name":null,"religion":"christian","denomination":null,"group":"christian"},"geometry":{"type":"Point","coordinates":[-81.334711701095003,41.4241473]}},
{"type":"Feature","properties":{"name":null,"religion":"christian","denomination":null,"group":"christian"},"geometry":{"type":"Point","coordinates":[-81.686025449999988,41.3930389]}},
{"type":"Feature","properties":{"name":"Bethlehem Lutheran Church","religion":"christian","denomination":null,"group":"christian"},"geometry":{"type":"Point","coordinates":[-81.718902465814352,41.36180635]}},
{"type":"Feature","properties":{"name":"Saint Clements Catholic Church","religion":"christian","denomination":"roman_catholic","group":"roman_catholic"},"geometry":{"type":"Point","coordinates":[-81.795119583333332,41.476815]}},
{"type":"Feature","properties":{"name":null,"religion":"christian","denomination":null,"group":"christian"},"geometry":{"type":"Point","coordinates":[-81.714926145289368,41.47799925]}},
{"type":"Feature","properties":{"name":null,"religion":"christian","denomination":"methodist","group":"methodist"},"geometry":{"type":"Point","coordinates":[-80.868262371751314,41.53299155]}},
{"type":"Feature","properties":{"name":"St. Mary","religion":"christian","denomination":"catholic","group":"catholic"},"geometry":{"type":"Point","coordinates":[-80.868331379163763,41.5379536]}},
{"type":"Feature","properties":{"name":"Riverwoods Community Chapel","religion":"christian","denomination":null,"group":"christian"},"geometry":{"type":"Point","coordinates":[-81.389880374367991,41.16885025]}},
{"type":"Feature","properties":{"name":"Fairmont Emmanuel Church","religion":"christian","denomination":null,"group":"christian"},"geometry":{"type":"Point","coordinates":[-81.10506313902701,40.87177335]}},
{"type":"Feature","properties":{"name":"Paradise United Church of Christ","religion":"christian","denomination":null,"group":"christian"},"geometry":{"type":"Point","coordinates":[-81.255111923880079,40.8382303]}},
{"type":"Feature","properties":{"name":"Louisville Church of Christ","religion":"christian","denomination":"church_of_christ","group":"church_of_christ"},"geometry":{"type":"Point","coordinates":[-81.274914240682222,40.85403565]}},
{"type":"Feature","properties":{"name":"Becon of Hope Community Church","religion":"christian","denomination":"first_bethren","group":"first_bethren"},"geometry":{"type":"Point","coordinates":[-81.250846670740358,40.8386274]}},
{"type":"Feature","properties":{"name":"Saint Louis Catholic Church","religion":"christian","denomination":"catholic","group":"catholic"},"geometry":{"type":"Point","coordinates":[-81.259037546836367,40.83889515]}},
{"type":"Feature","properties":{"name":"Valley Chapel","religion":"christian","denomination":null,"group":"christian"},"geometry":{"type":"Point","coordinates":[-81.319564609966477,40.804922]}},
{"type":"Feature","properties":{"name":"Canton Gospel Center","religion":"christian","denomination":null,"group":"christian"},"geometry":{"type":"Point","coordinates":[-81.383188559842253,40.82386825]}},
{"type":"Feature","properties":{"name":"Grace United Church of Christ","religion":"christian","denomination":null,"group":"christian"},"geometry":{"type":"Point","coordinates":[-81.383050567637355,40.82343965]}},
{"type":"Feature","properties":{"name":"Center Church of the Brethren","religion":"christian","denomination":null,"group":"christian"},"geometry":{"type":"Point","coordinates":[-81.279525101867662,40.81449875]}},
{"type":"Feature","properties":{"name":"Bethel Lutheran Church","religion":"christian","denomination":"lutheran","group":"lutheran"},"geometry":{"type":"Point","coordinates":[-81.405423767474559,40.80551915]}},
{"type":"Feature","properties":{"name":"Saint Anthony of Padua Church","religion":"christian","denomination":"roman_catholic","group":"roman_catholic"},"geometry":{"type":"Point","coordinates":[-81.713050936668623,41.38138295]}},
{"type":"Feature","properties":{"name":null,"religion":"christian","denomination":null,"group":"christian"},"geometry":{"type":"Point","coordinates":[-82.367491050025308,41.40139735]}},
{"type":"Feature","properties":{"name":"First Assembly of God","religion":"christian","denomination":null,"group":"christian"},"geometry":{"type":"Point","coordinates":[-82.352823088387979,41.4103648]}},
{"type":"Feature","properties":{"name":null,"religion":"christian","denomination":null,"group":"christian"},"geometry":{"type":"Point","coordinates":[-82.366434888090396,41.41603785]}},
{"type":"Feature","properties":{"name":"Grace Church","religion":"christian","denomination":null,"group":"christian"},"geometry":{"type":"Point","coordinates":[-82.391414101128049,41.4131939]}},
{"type":"Feature","properties":{"name":null,"religion":"christian","denomination":null,"group":"christian"},"geometry":{"type":"Point","coordinates":[-82.361232885686334,41.4123408]}},
{"type":"Feature","properties":{"name":"Foursquare Gospel Church","religion":"christian","denomination":null,"group":"christian"},"geometry":{"type":"Point","coordinates":[-82.365310154167247,41.41805145]}},
{"type":"Feature","properties":{"name":null,"religion":"christian","denomination":null,"group":"christian"},"geometry":{"type":"Point","coordinates":[-82.30815882523666,41.42332075]}},
{"type":"Feature","properties":{"name":"Trinity Lutheran Church","religion":"christian","denomination":"lutheran","group":"lutheran"},"geometry":{"type":"Point","coordinates":[-82.32298339311626,41.42387355]}},
{"type":"Feature","properties":{"name":"James S. Thomas United Methodist Church","religion":"christian","denomination":"united_methodist","group":"united_methodist"},"geometry":{"type":"Point","coordinates":[-81.326605843654335,40.8334577]}},
{"type":"Feature","properties":{"name":"Canton Freewill Baptist Church","religion":"christian","denomination":"free_will_baptist","group":"free_will_baptist"},"geometry":{"type":"Point","coordinates":[-81.328153999958275,40.8275074]}},
{"type":"Feature","properties":{"name":"Fairhope Evangelical United Brethren Church","religion":"christian","denomination":null,"group":"christian"},"geometry":{"type":"Point","coordinates":[-81.286379800267483,40.8326236]}},
{"type":"Feature","properties":{"name":"Vermilion Evangelical and Reformed Church","religion":"christian","denomination":null,"group":"christian"},"geometry":{"type":"Point","coordinates":[-82.366603644552796,41.42042315]}},
{"type":"Feature","properties":{"name":"Hartville Church of Christ","religion":"christian","denomination":null,"group":"christian"},"geometry":{"type":"Point","coordinates":[-81.34216565,40.96761055]}},
{"type":"Feature","properties":{"name":"King Church","religion":"christian","denomination":null,"group":"christian"},"geometry":{"type":"Point","coordinates":[-81.364782966492356,40.9686546]}},
{"type":"Feature","properties":{"name":"Hartville Church of God","religion":"christian","denomination":null,"group":"christian"},"geometry":{"type":"Point","coordinates":[-81.339503685815089,40.9661323]}},
{"type":"Feature","properties":{"name":"Calvary Chapel","religion":"christian","denomination":null,"group":"christian"},"geometry":{"type":"Point","coordinates":[-81.221913292839417,40.8370415]}},
{"type":"Feature","properties":{"name":"Berean Bible Church","religion":"christian","denomination":null,"group":"christian"},"geometry":{"type":"Point","coordinates":[-81.233923624283165,40.8363172]}},
{"type":"Feature","properties":{"name":"First Baptist Church","religion":"christian","denomination":null,"group":"christian"},"geometry":{"type":"Point","coordinates":[-81.239138559895309,40.83609345]}},
{"type":"Feature","properties":{"name":"Theophilius Bible Church","religion":"christian","denomination":null,"group":"christian"},"geometry":{"type":"Point","coordinates":[-81.2307214,40.84411045]}},
{"type":"Feature","properties":{"name":"Louisville Christian Church","religion":"christian","denomination":null,"group":"christian"},"geometry":{"type":"Point","coordinates":[-81.259744149999989,40.82360335]}},
{"type":"Feature","properties":{"name":"Roose Methodist Church (historical)","religion":"christian","denomination":"methodist","group":"methodist"},"geometry":{"type":"Point","coordinates":[-81.144585125,40.8361973]}},
{"type":"Feature","properties":{"name":"Christian Missionary Alliance Church","religion":"christian","denomination":null,"group":"christian"},"geometry":{"type":"Point","coordinates":[-82.369807296767704,41.4182449]}},
{"type":"Feature","properties":{"name":"Grace Baptist Church","religion":"christian","denomination":null,"group":"christian"},"geometry":{"type":"Point","coordinates":[-81.334959114855508,40.85266685]}},
{"type":"Feature","properties":{"name":"Simpson United Methodist Church","religion":"christian","denomination":null,"group":"christian"},"geometry":{"type":"Point","coordinates":[-81.337253221291604,40.85019085]}},
{"type":"Feature","properties":{"name":"Hope Church","religion":"christian","denomination":null,"group":"christian"},"geometry":{"type":"Point","coordinates":[-81.840481,41.2232015]}},
{"type":"Feature","properties":{"name":"St. Stephans Ukrainian Church","religion":"unknown","denomination":null,"group":"unknown"},"geometry":{"type":"Point","coordinates":[-81.840653075,41.2240238]}},
{"type":"Feature","properties":{"name":"Holy Spirit Roman Catholic Church","religion":"christian","denomination":"catholic","group":"catholic"},"geometry":{"type":"Point","coordinates":[-81.99094121924827,41.49433105]}},
{"type":"Feature","properties":{"name":"Saint Columbkille","religion":"christian","denomination":"roman_catholic","group":"roman_catholic"},"geometry":{"type":"Point","coordinates":[-81.686239,41.3824205]}},
{"type":"Feature","properties":{"name":"First United Methodist Church","religion":"christian","denomination":"methodist","group":"methodist"},"geometry":{"type":"Point","coordinates":[-82.216556742587088,41.16744675]}},
{"type":"Feature","properties":{"name":null,"religion":"christian","denomination":null,"group":"christian"},"geometry":{"type":"Point","coordinates":[-82.2183389,41.28059865]}},
{"type":"Feature","properties":{"name":"Saint Johns Catholic Church","religion":"christian","denomination":"catholic","group":"catholic"},"geometry":{"type":"Point","coordinates":[-81.377416972132224,40.80322275]}},
{"type":"Feature","properties":{"name":"Saint Jacobs United Church of Christ","religion":"christian","denomination":null,"group":"christian"},"geometry":{"type":"Point","coordinates":[-81.360745122207078,40.90460385]}},
{"type":"Feature","properties":{"name":"Dewald Chapel","religion":"christian","denomination":null,"group":"christian"},"geometry":{"type":"Point","coordinates":[-81.110729724303638,40.90433295]}},
{"type":"Feature","properties":{"name":"Church of the Open Door","religion":"christian","denomination":null,"group":"christian"},"geometry":{"type":"Point","coordinates":[-82.1608006,41.37393875]}},
{"type":"Feature","properties":{"name":"Saint Barnabas Church","religion":"christian","denomination":"catholic","group":"catholic"},"geometry":{"type":"Point","coordinates":[-81.537664948557449,41.3111944]}},
{"type":"Feature","properties":{"name":null,"religion":"unknown","denomination":null,"group":"unknown"},"geometry":{"type":"Point","coordinates":[-82.133020501980198,41.4006508]}},
{"type":"Feature","properties":{"name":null,"religion":"christian","denomination":"roman_catholic","group":"roman_catholic"},"geometry":{"type":"Point","coordinates":[-81.465638091599075,41.61168615]}},
{"type":"Feature","properties":{"name":null,"religion":"christian","denomination":"jehovahs_witness","group":"jehovahs_witness"},"geometry":{"type":"Point","coordinates":[-81.440877295429658,41.1764494]}},
{"type":"Feature","properties":{"name":"Saint Teresa Roman Catholic Church","religion":"christian","denomination":"catholic","group":"catholic"},"geometry":{"type":"Point","coordinates":[-82.076513399902069,41.46609455]}},
{"type":"Feature","properties":{"name":"Bethany Lutheran Church","religion":"christian","denomination":null,"group":"christian"},"geometry":{"type":"Point","coordinates":[-82.209351400795001,41.1739045]}},
{"type":"Feature","properties":{"name":"Holy Trinity Baptist Church","religion":"christian","denomination":null,"group":"christian"},"geometry":{"type":"Point","coordinates":[-81.591554205245359,41.45504685]}},
{"type":"Feature","properties":{"name":"Jackson Friends Church","religion":"christian","denomination":"nondenominational","group":"nondenominational"},"geometry":{"type":"Point","coordinates":[-81.498362355173015,40.8804687]}},
{"type":"Feature","properties":{"name":"Frontline Worship Center","religion":"christian","denomination":"apostolic","group":"apostolic"},"geometry":{"type":"Point","coordinates":[-81.479328761927036,40.8710656]}},
{"type":"Feature","properties":{"name":"Church of the Lakes","religion":"christian","denomination":"united_methodist","group":"united_methodist"},"geometry":{"type":"Point","coordinates":[-81.460453186853812,40.8557188]}},
{"type":"Feature","properties":{"name":"RED 4 Christ Ministries","religion":"christian","denomination":null,"group":"christian"},"geometry":{"type":"Point","coordinates":[-81.780074443944812,41.44170185]}},
{"type":"Feature","properties":{"name":"Christ Church","religion":"christian","denomination":null,"group":"christian"},"geometry":{"type":"Point","coordinates":[-81.731421662869977,41.44022515]}},
{"type":"Feature","properties":{"name":"Emmanuel Mynamar Church","religion":"christian","denomination":null,"group":"christian"},"geometry":{"type":"Point","coordinates":[-81.776638333004357,41.483969]}},
{"type":"Feature","properties":{"name":"Saint Nicholas Ukrainian Orthodox Church","religion":"christian","denomination":"ukrainian_orthodox","group":"ukrainian_orthodox"},"geometry":{"type":"Point","coordinates":[-81.776719928551913,41.47424245]}},
{"type":"Feature","properties":{"name":"Church of God of Cleveland","religion":"christian","denomination":null,"group":"christian"},"geometry":{"type":"Point","coordinates":[-81.606386938646551,41.46330955]}},
{"type":"Feature","properties":{"name":"Union C&MA Church","religion":"christian","denomination":null,"group":"christian"},"geometry":{"type":"Point","coordinates":[-81.594123430561865,41.4634709]}},
{"type":"Feature","properties":{"name":null,"religion":"christian","denomination":null,"group":"christian"},"geometry":{"type":"Point","coordinates":[-81.577731723562266,41.4640672]}},
{"type":"Feature","properties":{"name":"World Harvest Christian Church","religion":"christian","denomination":null,"group":"christian"},"geometry":{"type":"Point","coordinates":[-81.548093621487112,41.1241282]}},
{"type":"Feature","properties":{"name":"St. Ladislas Roman Catholic Church","religion":"christian","denomination":"roman_catholic","group":"roman_catholic"},"geometry":{"type":"Point","coordinates":[-81.944783520692795,41.4544366]}},
{"type":"Feature","properties":{"name":"Florence Christian Church","religion":"christian","denomination":null,"group":"christian"},"geometry":{"type":"Point","coordinates":[-82.415841697244105,41.3233002]}},
{"type":"Feature","properties":{"name":"Union Avenue Methodist Church","religion":"christian","denomination":"methodist","group":"methodist"},"geometry":{"type":"Point","coordinates":[-81.106341501453485,40.90283585]}},
{"type":"Feature","properties":{"name":"Immanuel Reformed Church","religion":"christian","denomination":null,"group":"christian"},"geometry":{"type":"Point","coordinates":[-81.09976635,40.919838]}},
{"type":"Feature","properties":{"name":"First Methodist Episcopal Church","religion":"christian","denomination":"methodist","group":"methodist"},"geometry":{"type":"Point","coordinates":[-81.09896905,40.91947065]}},
{"type":"Feature","properties":{"name":"Saint Josephs Roman Catholic Church","religion":"christian","denomination":"catholic","group":"catholic"},"geometry":{"type":"Point","coordinates":[-81.099713831849343,40.91884985]}},
{"type":"Feature","properties":{"name":"First Christian Church of Alliance","religion":"christian","denomination":null,"group":"christian"},"geometry":{"type":"Point","coordinates":[-81.103872610817973,40.92223285]}},
{"type":"Feature","properties":{"name":"First Evangelical and Reformed Church of Alliance","religion":"christian","denomination":null,"group":"christian"},"geometry":{"type":"Point","coordinates":[-81.102443526170177,40.9177342]}},
{"type":"Feature","properties":{"name":"Saint Pauls Lutheran Church","religion":"christian","denomination":"lutheran","group":"lutheran"},"geometry":{"type":"Point","coordinates":[-81.0999775,40.91632835]}},
{"type":"Feature","properties":{"name":"Limaville Methodist Church","religion":"christian","denomination":"methodist","group":"methodist"},"geometry":{"type":"Point","coordinates":[-81.1466219,40.98402695]}},
{"type":"Feature","properties":{"name":"Quan Am Temple of Buddhist Cultural Center","religion":"buddhist","denomination":null,"group":"buddhist"},"geometry":{"type":"Point","coordinates":[-81.770792476475549,41.443472]}},
{"type":"Feature","properties":{"name":"Saint Bernadette Church","religion":"christian","denomination":null,"group":"christian"},"geometry":{"type":"Point","coordinates":[-81.886515463032481,41.4544075]}},
{"type":"Feature","properties":{"name":"Holy Family Catholic Church of Parma","religion":"christian","denomination":"catholic","group":"catholic"},"geometry":{"type":"Point","coordinates":[-81.759055381170214,41.3650167]}},
{"type":"Feature","properties":{"name":"Franklin Church","religion":"christian","denomination":null,"group":"christian"},"geometry":{"type":"Point","coordinates":[-82.481005144539324,40.8583596]}},
{"type":"Feature","properties":{"name":"Pavonia United Methodist Church","religion":"christian","denomination":"methodist","group":"methodist"},"geometry":{"type":"Point","coordinates":[-82.442220725186957,40.8242707]}},
{"type":"Feature","properties":{"name":"Chestnut Grove Church","religion":"christian","denomination":null,"group":"christian"},"geometry":{"type":"Point","coordinates":[-82.378457311788566,40.8217428]}},
{"type":"Feature","properties":{"name":"Shenandoah Christian Church","religion":"christian","denomination":null,"group":"christian"},"geometry":{"type":"Point","coordinates":[-82.499101262466979,40.9092494]}},
{"type":"Feature","properties":{"name":"New Mercies Community Church","religion":"christian","denomination":"nondenominational","group":"nondenominational"},"geometry":{"type":"Point","coordinates":[-81.18045926930094,41.4970601]}},
{"type":"Feature","properties":{"name":"Gore Church","religion":"christian","denomination":null,"group":"christian"},"geometry":{"type":"Point","coordinates":[-81.048069350636325,41.72622055]}},
{"type":"Feature","properties":{"name":"East Homerville Church","religion":"christian","denomination":null,"group":"christian"},"geometry":{"type":"Point","coordinates":[-82.077315950000013,41.0494683]}},
{"type":"Feature","properties":{"name":"Waltz Church","religion":"christian","denomination":null,"group":"christian"},"geometry":{"type":"Point","coordinates":[-81.95826735,41.1211784]}},
{"type":"Feature","properties":{"name":"Zion Church","religion":"christian","denomination":null,"group":"christian"},"geometry":{"type":"Point","coordinates":[-82.0959875,41.04350665]}},
{"type":"Feature","properties":{"name":"Saint John Nepomucene Church","religion":"christian","denomination":"roman_catholic","group":"roman_catholic"},"geometry":{"type":"Point","coordinates":[-81.655695850115123,41.45543115]}},
{"type":"Feature","properties":{"name":"United Community Church","religion":"christian","denomination":null,"group":"christian"},"geometry":{"type":"Point","coordinates":[-81.244904617588972,41.4616306]}},
{"type":"Feature","properties":{"name":"한마당 연합 감리교회;Han Madang United Methodist Church","religion":"christian","denomination":"united_methodist","group":"united_methodist"},"geometry":{"type":"Point","coordinates":[-81.738504620041041,41.3647107]}},
{"type":"Feature","properties":{"name":"Euclid Avenue Church of God","religion":"christian","denomination":null,"group":"christian"},"geometry":{"type":"Point","coordinates":[-81.626692283653853,41.5040215]}},
{"type":"Feature","properties":{"name":"First United Presbyterian Church of East Cleveland","religion":"christian","denomination":"presbyterian","group":"presbyterian"},"geometry":{"type":"Point","coordinates":[-81.566367841170404,41.5445667]}},
{"type":"Feature","properties":{"name":"Church of the Cross United Methodist Church","religion":"christian","denomination":"methodist","group":"methodist"},"geometry":{"type":"Point","coordinates":[-81.561611009852385,41.53363105]}},
{"type":"Feature","properties":{"name":"Lakeside Baptist Church","religion":"christian","denomination":"baptist","group":"baptist"},"geometry":{"type":"Point","coordinates":[-81.594657334426756,41.51756695]}},
{"type":"Feature","properties":{"name":"Calvary Lutheran Church","religion":"christian","denomination":"lutheran","group":"lutheran"},"geometry":{"type":"Point","coordinates":[-81.592886899154593,41.5208237]}},
{"type":"Feature","properties":{"name":"Temple Baptist Church","religion":"christian","denomination":"baptist","group":"baptist"},"geometry":{"type":"Point","coordinates":[-81.567091162434039,41.54218865]}},
{"type":"Feature","properties":{"name":null,"religion":"christian","denomination":"jehovahs_witness","group":"jehovahs_witness"},"geometry":{"type":"Point","coordinates":[-81.568060488538578,41.5418168]}},
{"type":"Feature","properties":{"name":"Holy Redeemer Catholic Church","religion":"christian","denomination":"catholic","group":"catholic"},"geometry":{"type":"Point","coordinates":[-81.5682200104456,41.55463305]}},
{"type":"Feature","properties":{"name":"Collinwood Christian Church","religion":"christian","denomination":null,"group":"christian"},"geometry":{"type":"Point","coordinates":[-81.573711821266897,41.55936115]}},
{"type":"Feature","properties":{"name":"Saint Marys Catholic Church","religion":"christian","denomination":"roman_catholic","group":"roman_catholic"},"geometry":{"type":"Point","coordinates":[-81.573233461458102,41.5607247]}},
{"type":"Feature","properties":{"name":"Nottingham United Methodist Church","religion":"christian","denomination":"methodist","group":"methodist"},"geometry":{"type":"Point","coordinates":[-81.550828200822792,41.5715788]}},
{"type":"Feature","properties":{"name":"Saint Pauls Catholic Church of Euclid","religion":"christian","denomination":"catholic","group":"catholic"},"geometry":{"type":"Point","coordinates":[-81.539789465898423,41.57676405]}},
{"type":"Feature","properties":{"name":"Collinwood Congregational Church","religion":"christian","denomination":null,"group":"christian"},"geometry":{"type":"Point","coordinates":[-81.577068021528135,41.55771295]}},
{"type":"Feature","properties":{"name":"Mount Zion Congregational Church","religion":"christian","denomination":null,"group":"christian"},"geometry":{"type":"Point","coordinates":[-81.612710547682866,41.5146688]}},
{"type":"Feature","properties":{"name":"Fellowship Lutheran Church","religion":"christian","denomination":"lutheran","group":"lutheran"},"geometry":{"type":"Point","coordinates":[-81.607640080675267,41.5172415]}},
{"type":"Feature","properties":{"name":"Bethel African Methodist Episcopal Zion Church","religion":"christian","denomination":"african_methodist_episcopal_zion","group":"african_methodist_episcopal_zion"},"geometry":{"type":"Point","coordinates":[-81.60964333864564,41.51872515]}},
{"type":"Feature","properties":{"name":"Kingdom Hall","religion":"christian","denomination":"jehovahs_witness","group":"jehovahs_witness"},"geometry":{"type":"Point","coordinates":[-81.602748498654648,41.5218285]}},
{"type":"Feature","properties":{"name":"Werner United Methodist Church","religion":"christian","denomination":"methodist","group":"methodist"},"geometry":{"type":"Point","coordinates":[-81.609069401853702,41.52169715]}},
{"type":"Feature","properties":{"name":"First Congregational United Church of Christ","religion":"christian","denomination":null,"group":"christian"},"geometry":{"type":"Point","coordinates":[-82.492840165027744,41.3248636]}},
{"type":"Feature","properties":{"name":"Lakeview United Methodist Church","religion":"christian","denomination":"methodist","group":"methodist"},"geometry":{"type":"Point","coordinates":[-82.4930427,41.3244302]}},
{"type":"Feature","properties":{"name":"Sheffield Lake United Church of Christ","religion":"christian","denomination":null,"group":"christian"},"geometry":{"type":"Point","coordinates":[-82.100017498253692,41.4899814]}},
{"type":"Feature","properties":{"name":"Faith United Methodist Church","religion":"christian","denomination":"methodist","group":"methodist"},"geometry":{"type":"Point","coordinates":[-81.713492333027702,41.4588474]}},
{"type":"Feature","properties":{"name":"Church in Aurora","religion":"christian","denomination":null,"group":"christian"},"geometry":{"type":"Point","coordinates":[-81.346412419132406,41.313135]}},
{"type":"Feature","properties":{"name":"Amherst Park Avenue United Methodist Church","religion":"christian","denomination":"methodist","group":"methodist"},"geometry":{"type":"Point","coordinates":[-82.222960790149486,41.3980901]}},
{"type":"Feature","properties":{"name":"Grace Church","religion":"christian","denomination":null,"group":"christian"},"geometry":{"type":"Point","coordinates":[-81.638833681635191,41.0306955]}},
{"type":"Feature","properties":{"name":null,"religion":"christian","denomination":null,"group":"christian"},"geometry":{"type":"Point","coordinates":[-81.699041781838559,41.4663707]}},
{"type":"Feature","properties":{"name":"Gethsemane Lutheran Church","religion":"christian","denomination":"lutheran","group":"lutheran"},"geometry":{"type":"Point","coordinates":[-81.797975239933152,41.47752635]}},
{"type":"Feature","properties":{"name":"Church of the Ascension","religion":"christian","denomination":null,"group":"christian"},"geometry":{"type":"Point","coordinates":[-81.7808585,41.4851915]}},
{"type":"Feature","properties":{"name":"Saint Casimir Catholic Church","religion":"christian","denomination":"roman_catholic","group":"roman_catholic"},"geometry":{"type":"Point","coordinates":[-81.630086585178219,41.5245014]}},
{"type":"Feature","properties":{"name":null,"religion":"christian","denomination":null,"group":"christian"},"geometry":{"type":"Point","coordinates":[-81.783887856923528,40.84733955]}},
{"type":"Feature","properties":{"name":"St Agnes Church Parish Center","religion":"christian","denomination":null,"group":"christian"},"geometry":{"type":"Point","coordinates":[-81.75925325,40.8350996]}},
{"type":"Feature","properties":{"name":"Hopewell Missionary Baptist Church","religion":"christian","denomination":null,"group":"christian"},"geometry":{"type":"Point","coordinates":[-81.646114199706602,41.5122238]}},
{"type":"Feature","properties":{"name":null,"religion":"christian","denomination":null,"group":"christian"},"geometry":{"type":"Point","coordinates":[-81.764645017323318,40.842631]}},
{"type":"Feature","properties":{"name":"Christian & Missionary Alliance Church","religion":"christian","denomination":null,"group":"christian"},"geometry":{"type":"Point","coordinates":[-81.762917665701934,40.838251]}},
{"type":"Feature","properties":{"name":null,"religion":"christian","denomination":null,"group":"christian"},"geometry":{"type":"Point","coordinates":[-81.765277039100482,40.8413317]}},
{"type":"Feature","properties":{"name":null,"religion":"christian","denomination":null,"group":"christian"},"geometry":{"type":"Point","coordinates":[-81.75912695,41.47737445]}},
{"type":"Feature","properties":{"name":"Good Shepherd Baptist Church","religion":"christian","denomination":null,"group":"christian"},"geometry":{"type":"Point","coordinates":[-82.106231072893166,41.35833565]}},
{"type":"Feature","properties":{"name":"Grace Church of Mentor","religion":"christian","denomination":"protestant","group":"protestant"},"geometry":{"type":"Point","coordinates":[-81.377293379319951,41.6844893]}},
{"type":"Feature","properties":{"name":null,"religion":"christian","denomination":null,"group":"christian"},"geometry":{"type":"Point","coordinates":[-81.735438306590737,41.37508465]}},
{"type":"Feature","properties":{"name":"Grace Church","religion":"christian","denomination":"christian_and_missionary_alliance","group":"christian_and_missionary_alliance"},"geometry":{"type":"Point","coordinates":[-81.807365589034475,41.3632298]}},
{"type":"Feature","properties":{"name":null,"religion":"christian","denomination":null,"group":"christian"},"geometry":{"type":"Point","coordinates":[-81.76375074326026,41.45371355]}},
{"type":"Feature","properties":{"name":"Unionville United Church of Christ","religion":"christian","denomination":null,"group":"christian"},"geometry":{"type":"Point","coordinates":[-81.001451463918443,41.78000105]}},
{"type":"Feature","properties":{"name":null,"religion":"christian","denomination":null,"group":"christian"},"geometry":{"type":"Point","coordinates":[-82.30510705,41.0296885]}},
{"type":"Feature","properties":{"name":"Heavenly Bound Church of God In Christ","religion":"christian","denomination":null,"group":"christian"},"geometry":{"type":"Point","coordinates":[-81.5970266,41.4532135]}},
{"type":"Feature","properties":{"name":null,"religion":"christian","denomination":null,"group":"christian"},"geometry":{"type":"Point","coordinates":[-81.621084437469989,41.45947055]}},
{"type":"Feature","properties":{"name":"West Park Baptist Church","religion":"christian","denomination":null,"group":"christian"},"geometry":{"type":"Point","coordinates":[-81.802171026175472,41.42858795]}},
{"type":"Feature","properties":{"name":"Community Christian Church","religion":"christian","denomination":null,"group":"christian"},"geometry":{"type":"Point","coordinates":[-81.402100198778157,40.8776238]}},
{"type":"Feature","properties":{"name":"Zion United Church of Christ","religion":"christian","denomination":null,"group":"christian"},"geometry":{"type":"Point","coordinates":[-81.401741927219149,40.8735226]}},
{"type":"Feature","properties":{"name":"Saint Pauls Roman Catholic Church","religion":"christian","denomination":"catholic","group":"catholic"},"geometry":{"type":"Point","coordinates":[-81.402339156536016,40.8748747]}},
{"type":"Feature","properties":{"name":"Northminster Presbyterian Church","religion":"christian","denomination":"presbyterian","group":"presbyterian"},"geometry":{"type":"Point","coordinates":[-81.404231851213268,40.8761132]}},
{"type":"Feature","properties":{"name":null,"religion":"unknown","denomination":null,"group":"unknown"},"geometry":{"type":"Point","coordinates":[-81.404343197404899,40.87614055]}},
{"type":"Feature","properties":{"name":"Zoin Lutheran Church of North Canton","religion":"christian","denomination":"lutheran","group":"lutheran"},"geometry":{"type":"Point","coordinates":[-81.412690150450771,40.88040915]}},
{"type":"Feature","properties":{"name":"The North Canton Chapel","religion":"christian","denomination":null,"group":"christian"},"geometry":{"type":"Point","coordinates":[-81.414657431779347,40.88491465]}},
{"type":"Feature","properties":{"name":"Faith United Methodist Church","religion":"christian","denomination":"methodist","group":"methodist"},"geometry":{"type":"Point","coordinates":[-81.407247999208721,40.88431825]}},
{"type":"Feature","properties":{"name":"North Canton Church of Christ","religion":"christian","denomination":null,"group":"christian"},"geometry":{"type":"Point","coordinates":[-81.405101212118296,40.8844711]}},
{"type":"Feature","properties":{"name":null,"religion":"christian","denomination":null,"group":"christian"},"geometry":{"type":"Point","coordinates":[-81.734804895845031,41.4447826]}},
{"type":"Feature","properties":{"name":"Mt. Pleasant Church","religion":"christian","denomination":"brethren","group":"brethren"},"geometry":{"type":"Point","coordinates":[-81.423121842925156,40.90627275]}},
{"type":"Feature","properties":{"name":"First Seventh-day Adventist Community Church","religion":"christian","denomination":"seventh_day_adventist","group":"seventh_day_adventist"},"geometry":{"type":"Point","coordinates":[-81.373345346275556,41.52320025]}},
{"type":"Feature","properties":{"name":"Mayfield Church","religion":"christian","denomination":"methodist","group":"methodist"},"geometry":{"type":"Point","coordinates":[-81.3638296924249,41.5199807]}},
{"type":"Feature","properties":{"name":"The Salvation Army","religion":"christian","denomination":null,"group":"christian"},"geometry":{"type":"Point","coordinates":[-81.517886324787938,40.80095315]}},
{"type":"Feature","properties":{"name":"Beth El Congregation","religion":"jewish","denomination":"conservative","group":"conservative"},"geometry":{"type":"Point","coordinates":[-81.589911757204277,41.09698945]}},
{"type":"Feature","properties":{"name":"Agudas Achim Congregation","religion":"jewish","denomination":null,"group":"jewish"},"geometry":{"type":"Point","coordinates":[-81.366049010979197,40.8244047]}},
{"type":"Feature","properties":{"name":"River of Life Christian Fellowship","religion":"christian","denomination":"protestant","group":"protestant"},"geometry":{"type":"Point","coordinates":[-81.359985587256034,40.81902615]}},
{"type":"Feature","properties":{"name":"Holy Assumption Orthodox Church","religion":"christian","denomination":"orthodox","group":"orthodox"},"geometry":{"type":"Point","coordinates":[-81.348266398025984,40.8174572]}},
{"type":"Feature","properties":{"name":"Saint Peters Catholic Church","religion":"christian","denomination":"catholic","group":"catholic"},"geometry":{"type":"Point","coordinates":[-81.681200135391563,41.5055705]}},
{"type":"Feature","properties":{"name":"Christ United Methodist Church","religion":"christian","denomination":"methodist","group":"methodist"},"geometry":{"type":"Point","coordinates":[-82.329703833148017,40.85877805]}},
{"type":"Feature","properties":{"name":"Faith Baptist Temple","religion":"christian","denomination":"baptist","group":"baptist"},"geometry":{"type":"Point","coordinates":[-81.997945634986593,41.3671746]}},
{"type":"Feature","properties":{"name":null,"religion":"christian","denomination":null,"group":"christian"},"geometry":{"type":"Point","coordinates":[-81.565223271319326,41.4512971]}},
{"type":"Feature","properties":{"name":"Lindsay-Crossman Chapel","religion":"christian","denomination":null,"group":"christian"},"geometry":{"type":"Point","coordinates":[-81.85126095,41.36838545]}},
{"type":"Feature","properties":{"name":"Saint Bartholomew Episcopal Church","religion":"christian","denomination":null,"group":"christian"},"geometry":{"type":"Point","coordinates":[-81.43761104954946,41.55947915]}},
{"type":"Feature","properties":{"name":"First Church of God","religion":"christian","denomination":null,"group":"christian"},"geometry":{"type":"Point","coordinates":[-81.426435749748919,41.10898455]}},
{"type":"Feature","properties":{"name":"St. Joseph Catholic Church","religion":"christian","denomination":"catholic","group":"catholic"},"geometry":{"type":"Point","coordinates":[-81.837350642021278,41.32051075]}},
{"type":"Feature","properties":{"name":"Westlake United Methodist Church","religion":"christian","denomination":"methodist","group":"methodist"},"geometry":{"type":"Point","coordinates":[-81.928856987024204,41.4474667]}},
{"type":"Feature","properties":{"name":"Friendship Mennonite Church","religion":"christian","denomination":"mennonite","group":"mennonite"},"geometry":{"type":"Point","coordinates":[-81.525585853279523,41.41779625]}},
{"type":"Feature","properties":{"name":null,"religion":"christian","denomination":null,"group":"christian"},"geometry":{"type":"Point","coordinates":[-81.690587327757498,41.46838435]}},
{"type":"Feature","properties":{"name":"Church of the Advent","religion":"christian","denomination":null,"group":"christian"},"geometry":{"type":"Point","coordinates":[-81.924582377940609,41.43442245]}},
{"type":"Feature","properties":{"name":"The Church of Saint Clarence","religion":"christian","denomination":"catholic","group":"catholic"},"geometry":{"type":"Point","coordinates":[-81.954127685087528,41.40170125]}},
{"type":"Feature","properties":{"name":"Our Lady of Lourdes Roman Catholic Church","religion":"christian","denomination":"roman_catholic","group":"roman_catholic"},"geometry":{"type":"Point","coordinates":[-81.652351101771814,41.466019]}},
{"type":"Feature","properties":{"name":"Saint Matthew Orthodox Church","religion":"christian","denomination":"orthodox","group":"orthodox"},"geometry":{"type":"Point","coordinates":[-81.764153846778456,41.3348264]}},
{"type":"Feature","properties":{"name":"Saint John African Methodist Episcopal Church","religion":"christian","denomination":"methodist","group":"methodist"},"geometry":{"type":"Point","coordinates":[-81.655789131698867,41.49677575]}},
{"type":"Feature","properties":{"name":"St. Colette","religion":"christian","denomination":null,"group":"christian"},"geometry":{"type":"Point","coordinates":[-81.786079052254834,41.26674]}},
{"type":"Feature","properties":{"name":"Immaculate Conception Roman Catholic Church","religion":"christian","denomination":"catholic","group":"catholic"},"geometry":{"type":"Point","coordinates":[-81.246721810841294,41.157435]}},
{"type":"Feature","properties":{"name":"Grace Episcopal Church","religion":"christian","denomination":null,"group":"christian"},"geometry":{"type":"Point","coordinates":[-81.245354732380804,41.1594191]}},
{"type":"Feature","properties":{"name":"Painesville United Methodist Church","religion":"christian","denomination":"methodist","group":"methodist"},"geometry":{"type":"Point","coordinates":[-81.244457266328268,41.72554605]}},
{"type":"Feature","properties":{"name":"Saint James Church","religion":"christian","denomination":null,"group":"christian"},"geometry":{"type":"Point","coordinates":[-81.2431915,41.728085]}},
{"type":"Feature","properties":{"name":"Saint Mary Catholic Church","religion":"christian","denomination":"catholic","group":"catholic"},"geometry":{"type":"Point","coordinates":[-81.243615274569152,41.73041005]}},
{"type":"Feature","properties":{"name":null,"religion":"christian","denomination":null,"group":"christian"},"geometry":{"type":"Point","coordinates":[-81.727308182842108,41.4396685]}},
{"type":"Feature","properties":{"name":"Olivet Baptist Church","religion":"christian","denomination":"baptist","group":"baptist"},"geometry":{"type":"Point","coordinates":[-81.625735158962783,41.4930963]}},
{"type":"Feature","properties":{"name":"Saint Boniface Catholic Church","religion":"christian","denomination":"roman_catholic","group":"roman_catholic"},"geometry":{"type":"Point","coordinates":[-81.724715056161372,41.45778275]}},
{"type":"Feature","properties":{"name":"St. Ambrose Catholic Church","religion":"christian","denomination":"roman_catholic","group":"roman_catholic"},"geometry":{"type":"Point","coordinates":[-81.840373083040618,41.24978945]}},
{"type":"Feature","properties":{"name":"St. Mark Lutheran Church","religion":"christian","denomination":"lutheran","group":"lutheran"},"geometry":{"type":"Point","coordinates":[-81.808763564554226,41.2395953]}},
{"type":"Feature","properties":{"name":"Compass Christian Church","religion":"christian","denomination":null,"group":"christian"},"geometry":{"type":"Point","coordinates":[-81.566700069956639,41.0517631]}},
{"type":"Feature","properties":{"name":"First United Methodist Church of Akron","religion":"christian","denomination":"united_methodist","group":"united_methodist"},"geometry":{"type":"Point","coordinates":[-81.509901227120508,41.0805109]}},
{"type":"Feature","properties":{"name":"Middleburg Heights Community Church","religion":"christian","denomination":"united_church_of_christ","group":"united_church_of_christ"},"geometry":{"type":"Point","coordinates":[-81.806686520630919,41.37090305]}},
{"type":"Feature","properties":{"name":"Saint Batholomew Church","religion":"christian","denomination":"catholic","group":"catholic"},"geometry":{"type":"Point","coordinates":[-81.802778434602317,41.36646475]}},
{"type":"Feature","properties":{"name":"Brunswick Reformed Church","religion":"christian","denomination":null,"group":"christian"},"geometry":{"type":"Point","coordinates":[-81.813299244526206,41.26180005]}},
{"type":"Feature","properties":{"name":"Brunswick United Methodist Church","religion":"christian","denomination":"united_methodist","group":"united_methodist"},"geometry":{"type":"Point","coordinates":[-81.840660887023404,41.2376532]}},
{"type":"Feature","properties":{"name":null,"religion":"christian","denomination":null,"group":"christian"},"geometry":{"type":"Point","coordinates":[-81.899553389795926,40.957706]}},
{"type":"Feature","properties":{"name":"The Redeemed Christian Church of God","religion":"christian","denomination":null,"group":"christian"},"geometry":{"type":"Point","coordinates":[-81.558686115738823,41.0431221]}},
{"type":"Feature","properties":{"name":null,"religion":"christian","denomination":null,"group":"christian"},"geometry":{"type":"Point","coordinates":[-81.74284817448796,41.47661375]}},
{"type":"Feature","properties":{"name":"Pilgrim Baptist Church","religion":"christian","denomination":"baptist","group":"baptist"},"geometry":{"type":"Point","coordinates":[-81.657310065419125,41.495118]}},
{"type":"Feature","properties":{"name":"Kingdom Hall of Jehovahs Witnesses","religion":"christian","denomination":"jehovahs_witness","group":"jehovahs_witness"},"geometry":{"type":"Point","coordinates":[-81.657441419583563,41.4959175]}},
{"type":"Feature","properties":{"name":"Mount Hermon Baptist Church","religion":"christian","denomination":"baptist","group":"baptist"},"geometry":{"type":"Point","coordinates":[-81.658774529109593,41.4915665]}},
{"type":"Feature","properties":{"name":"Church of God in Christ","religion":"christian","denomination":null,"group":"christian"},"geometry":{"type":"Point","coordinates":[-81.735085118029957,41.4658795]}},
{"type":"Feature","properties":{"name":"Lake Shore Methodist Church","religion":"christian","denomination":"presbyterian","group":"presbyterian"},"geometry":{"type":"Point","coordinates":[-82.033435258991545,41.50628695]}},
{"type":"Feature","properties":{"name":null,"religion":"unknown","denomination":null,"group":"unknown"},"geometry":{"type":"Point","coordinates":[-82.343237019704759,40.85872455]}},
{"type":"Feature","properties":{"name":null,"religion":"unknown","denomination":null,"group":"unknown"},"geometry":{"type":"Point","coordinates":[-82.297057124573001,40.8451153]}},
{"type":"Feature","properties":{"name":"BAPS Shri Swaminarayan Mandir, Cleveland","religion":"hindu","denomination":null,"group":"hindu"},"geometry":{"type":"Point","coordinates":[-81.790357785597294,41.22753065]}},
{"type":"Feature","properties":{"name":"Kingdom Hall Of Jehovas Witnesses","religion":"christian","denomination":"jehovahs_witness","group":"jehovahs_witness"},"geometry":{"type":"Point","coordinates":[-81.82619273363872,41.2159235]}},
{"type":"Feature","properties":{"name":"Mantua Center Christian Church","religion":"christian","denomination":null,"group":"christian"},"geometry":{"type":"Point","coordinates":[-81.243689595979788,41.3093921]}},
{"type":"Feature","properties":{"name":"Mantua Methodist Church","religion":"christian","denomination":null,"group":"christian"},"geometry":{"type":"Point","coordinates":[-81.244461226559793,41.3091855]}},
{"type":"Feature","properties":{"name":"West Farmington United Methodist Church","religion":"christian","denomination":"methodist","group":"methodist"},"geometry":{"type":"Point","coordinates":[-80.976044573102641,41.3925717]}},
{"type":"Feature","properties":{"name":"Reimer Road Baptist Church","religion":"christian","denomination":"baptist","group":"baptist"},"geometry":{"type":"Point","coordinates":[-81.724909498626118,41.05606545]}},
{"type":"Feature","properties":{"name":"City Life Church","religion":"christian","denomination":null,"group":"christian"},"geometry":{"type":"Point","coordinates":[-81.656282358114368,41.4705692]}},
{"type":"Feature","properties":{"name":"Cornerstone Community Chapel","religion":"christian","denomination":"mennonite","group":"mennonite"},"geometry":{"type":"Point","coordinates":[-81.363781640817066,40.9710141]}},
{"type":"Feature","properties":{"name":"Medina Apostolic Christian Church","religion":"christian","denomination":"apostolic","group":"apostolic"},"geometry":{"type":"Point","coordinates":[-81.815391418402925,41.06210525]}},
{"type":"Feature","properties":{"name":null,"religion":"christian","denomination":null,"group":"christian"},"geometry":{"type":"Point","coordinates":[-81.416946487595709,41.17982815]}},
{"type":"Feature","properties":{"name":"Wadsworth Church of Christ","religion":"christian","denomination":null,"group":"christian"},"geometry":{"type":"Point","coordinates":[-81.735073658585847,41.03922975]}},
{"type":"Feature","properties":{"name":"Second Mount Pigsah Baptist Church","religion":"christian","denomination":null,"group":"christian"},"geometry":{"type":"Point","coordinates":[-81.626167239638676,41.53374075]}},
{"type":"Feature","properties":{"name":null,"religion":"christian","denomination":null,"group":"christian"},"geometry":{"type":"Point","coordinates":[-81.614965751288992,41.5378335]}},
{"type":"Feature","properties":{"name":"Glendale Seventh Day Adventist Church","religion":"christian","denomination":null,"group":"christian"},"geometry":{"type":"Point","coordinates":[-81.615128496590913,41.5369955]}},
{"type":"Feature","properties":{"name":"Greater Abyssinia Baptist Church","religion":"christian","denomination":"baptist","group":"baptist"},"geometry":{"type":"Point","coordinates":[-81.615189,41.525657]}},
{"type":"Feature","properties":{"name":"Parkwood Christian Methodist Episcopal Church","religion":"christian","denomination":"methodist","group":"methodist"},"geometry":{"type":"Point","coordinates":[-81.609735201612892,41.529774]}},
{"type":"Feature","properties":{"name":"Nu vision Missionary Baptist Church","religion":"christian","denomination":"baptist","group":"baptist"},"geometry":{"type":"Point","coordinates":[-81.6091615,41.5316235]}},
{"type":"Feature","properties":{"name":"Elim Gospel Chapel","religion":"christian","denomination":null,"group":"christian"},"geometry":{"type":"Point","coordinates":[-81.614600725074979,41.5301817]}},
{"type":"Feature","properties":{"name":null,"religion":"christian","denomination":"african_methodist_episcopal","group":"african_methodist_episcopal"},"geometry":{"type":"Point","coordinates":[-81.783496346652242,41.442466]}},
{"type":"Feature","properties":{"name":null,"religion":"muslim","denomination":null,"group":"muslim"},"geometry":{"type":"Point","coordinates":[-81.58631038620689,41.54601295]}},
{"type":"Feature","properties":{"name":"First Baptist Church","religion":"christian","denomination":"baptist","group":"baptist"},"geometry":{"type":"Point","coordinates":[-81.861074719504131,41.00970905]}},
{"type":"Feature","properties":{"name":"Temple of Praise Seventh-Day Adventist Church","religion":"christian","denomination":"seventh_day_adventist","group":"seventh_day_adventist"},"geometry":{"type":"Point","coordinates":[-81.545354809069522,41.5543299]}},
{"type":"Feature","properties":{"name":null,"religion":"christian","denomination":null,"group":"christian"},"geometry":{"type":"Point","coordinates":[-81.810335090315647,41.43320585]}},
{"type":"Feature","properties":{"name":null,"religion":"christian","denomination":"jehovahs_witness","group":"jehovahs_witness"},"geometry":{"type":"Point","coordinates":[-81.616413654483353,41.4455579]}},
{"type":"Feature","properties":{"name":null,"religion":"christian","denomination":null,"group":"christian"},"geometry":{"type":"Point","coordinates":[-81.617150332913255,41.44546785]}},
{"type":"Feature","properties":{"name":"Sacred Trinity Baptist Church","religion":"christian","denomination":null,"group":"christian"},"geometry":{"type":"Point","coordinates":[-81.618357249774306,41.44539795]}},
{"type":"Feature","properties":{"name":"Allen Chapel Missionary Baptist Church","religion":"christian","denomination":null,"group":"christian"},"geometry":{"type":"Point","coordinates":[-81.620238102113674,41.44590625]}},
{"type":"Feature","properties":{"name":null,"religion":"christian","denomination":"jehovahs_witness","group":"jehovahs_witness"},"geometry":{"type":"Point","coordinates":[-81.5653757,41.4546474]}},
{"type":"Feature","properties":{"name":null,"religion":"christian","denomination":null,"group":"christian"},"geometry":{"type":"Point","coordinates":[-80.866774230286836,41.46282015]}},
{"type":"Feature","properties":{"name":"Oak Hill Presbyterian Church","religion":"christian","denomination":"presbyterian","group":"presbyterian"},"geometry":{"type":"Point","coordinates":[-81.441954270388351,41.057647]}},
{"type":"Feature","properties":{"name":"Community Baptist Church","religion":"christian","denomination":"baptist","group":"baptist"},"geometry":{"type":"Point","coordinates":[-81.414543075043639,41.10879065]}},
{"type":"Feature","properties":{"name":"Tallmadge United Methodist Church","religion":"christian","denomination":"methodist","group":"methodist"},"geometry":{"type":"Point","coordinates":[-81.417116283437934,41.1069999]}},
{"type":"Feature","properties":{"name":"The Church of God in Jesus Christ","religion":"christian","denomination":null,"group":"christian"},"geometry":{"type":"Point","coordinates":[-81.557163730765467,41.43830855]}},
{"type":"Feature","properties":{"name":"Fairmount Presbyterian Church","religion":"christian","denomination":"presbyterian","group":"presbyterian"},"geometry":{"type":"Point","coordinates":[-81.580079449458196,41.4932568]}},
{"type":"Feature","properties":{"name":"Pillar Faith Christian Center","religion":"christian","denomination":null,"group":"christian"},"geometry":{"type":"Point","coordinates":[-81.56444285,41.43745115]}},
{"type":"Feature","properties":{"name":"Beehive School","religion":"christian","denomination":"jehovahs_witness","group":"jehovahs_witness"},"geometry":{"type":"Point","coordinates":[-81.565567760810097,41.44139835]}},
{"type":"Feature","properties":{"name":null,"religion":"christian","denomination":null,"group":"christian"},"geometry":{"type":"Point","coordinates":[-81.565101875645624,41.4253993]}},
{"type":"Feature","properties":{"name":"Canaan Missionary Baptist Church","religion":"christian","denomination":null,"group":"christian"},"geometry":{"type":"Point","coordinates":[-81.568461497370578,41.4316506]}},
{"type":"Feature","properties":{"name":null,"religion":"christian","denomination":null,"group":"christian"},"geometry":{"type":"Point","coordinates":[-81.565139388216295,41.4329393]}},
{"type":"Feature","properties":{"name":"St. Paul United Methodist","religion":"christian","denomination":"united_methodist","group":"united_methodist"},"geometry":{"type":"Point","coordinates":[-81.565239145182375,41.43031465]}},
{"type":"Feature","properties":{"name":null,"religion":"christian","denomination":null,"group":"christian"},"geometry":{"type":"Point","coordinates":[-81.631615570358775,41.52451615]}},
{"type":"Feature","properties":{"name":"Philippian Missionary Baptist Church","religion":"christian","denomination":"missionary_baptist","group":"missionary_baptist"},"geometry":{"type":"Point","coordinates":[-81.60152524029175,41.4560132]}},
{"type":"Feature","properties":{"name":null,"religion":"christian","denomination":"jehovahs_witness","group":"jehovahs_witness"},"geometry":{"type":"Point","coordinates":[-81.600740356428574,41.45589135]}},
{"type":"Feature","properties":{"name":"Mount Esther Missionary Baptist Church","religion":"christian","denomination":"missionary_baptist","group":"missionary_baptist"},"geometry":{"type":"Point","coordinates":[-81.596878089341089,41.47422985]}},
{"type":"Feature","properties":{"name":"Grace United Church of Christ","religion":"christian","denomination":null,"group":"christian"},"geometry":{"type":"Point","coordinates":[-81.408372206367602,40.97949485]}},
{"type":"Feature","properties":{"name":null,"religion":"christian","denomination":"baptist","group":"baptist"},"geometry":{"type":"Point","coordinates":[-81.6092308,41.4539171]}},
{"type":"Feature","properties":{"name":"Greater Mount Calvary Church of God & Christ","religion":"christian","denomination":null,"group":"christian"},"geometry":{"type":"Point","coordinates":[-81.61423935,41.45321085]}},
{"type":"Feature","properties":{"name":null,"religion":"christian","denomination":null,"group":"christian"},"geometry":{"type":"Point","coordinates":[-81.731371974886414,41.02578865]}},
{"type":"Feature","properties":{"name":"Sacred Heart","religion":"christian","denomination":"catholic","group":"catholic"},"geometry":{"type":"Point","coordinates":[-81.723009011628562,41.02585405]}},
{"type":"Feature","properties":{"name":"Holy Ghost Ukrainian Byzantine Catholic Church","religion":"christian","denomination":"ukrainian_greek_catholic","group":"ukrainian_greek_catholic"},"geometry":{"type":"Point","coordinates":[-81.510967893319844,41.03078825]}},
{"type":"Feature","properties":{"name":"Bethany Covenant Church","religion":"christian","denomination":null,"group":"christian"},"geometry":{"type":"Point","coordinates":[-81.495337356550891,41.53012955]}},
{"type":"Feature","properties":{"name":"Heritage Presbyterian Church","religion":"christian","denomination":"presbyterian","group":"presbyterian"},"geometry":{"type":"Point","coordinates":[-82.208207118253213,41.41290395]}},
{"type":"Feature","properties":{"name":"Christ Episcopal Church","religion":"christian","denomination":null,"group":"christian"},"geometry":{"type":"Point","coordinates":[-81.363423274656427,41.15308925]}},
{"type":"Feature","properties":{"name":"First Baptist Church","religion":"christian","denomination":"baptist","group":"baptist"},"geometry":{"type":"Point","coordinates":[-81.147097230901679,41.7619128]}},
{"type":"Feature","properties":{"name":"Perry United Methodist Church","religion":"christian","denomination":"methodist","group":"methodist"},"geometry":{"type":"Point","coordinates":[-81.147275946566367,41.7631468]}},
{"type":"Feature","properties":{"name":"United Church of Geneva","religion":"christian","denomination":null,"group":"christian"},"geometry":{"type":"Point","coordinates":[-80.947386351631422,41.804305]}},
{"type":"Feature","properties":{"name":"Geneva United Methodist Church","religion":"christian","denomination":"united_methodist","group":"united_methodist"},"geometry":{"type":"Point","coordinates":[-80.947350594573805,41.80378915]}},
{"type":"Feature","properties":{"name":"Lilly of the Valley","religion":"unknown","denomination":null,"group":"unknown"},"geometry":{"type":"Point","coordinates":[-80.937722194894846,41.79726255]}},
{"type":"Feature","properties":{"name":null,"religion":"christian","denomination":null,"group":"christian"},"geometry":{"type":"Point","coordinates":[-81.688360449927686,41.429304]}},
{"type":"Feature","properties":{"name":"Calvary Evangelical United Brethren Church","religion":"christian","denomination":null,"group":"christian"},"geometry":{"type":"Point","coordinates":[-81.616585103247644,41.4834237]}},
{"type":"Feature","properties":{"name":"Ravenna Assembly of God","religion":"christian","denomination":"pentecostal","group":"pentecostal"},"geometry":{"type":"Point","coordinates":[-81.220603261232242,41.16400795]}},
{"type":"Feature","properties":{"name":"Saint Paul Lutheran Church","religion":"christian","denomination":"lutheran","group":"lutheran"},"geometry":{"type":"Point","coordinates":[-81.232802604130711,41.15967125]}},
{"type":"Feature","properties":{"name":"Islamic Center of Cleveland","religion":"muslim","denomination":null,"group":"muslim"},"geometry":{"type":"Point","coordinates":[-81.780432496774637,41.3988813]}},
{"type":"Feature","properties":{"name":"East Market Street Church of God","religion":"christian","denomination":null,"group":"christian"},"geometry":{"type":"Point","coordinates":[-81.453733498467486,41.0593768]}},
{"type":"Feature","properties":{"name":"Saint John the Baptist Roman Catholic Church","religion":"christian","denomination":"roman_catholic","group":"roman_catholic"},"geometry":{"type":"Point","coordinates":[-81.510513845026111,41.0534613]}},
{"type":"Feature","properties":{"name":"Our Lady of Lourdes Church","religion":"christian","denomination":null,"group":"christian"},"geometry":{"type":"Point","coordinates":[-82.397909998853947,41.08439325]}},
{"type":"Feature","properties":{"name":"Saint Aloysius Catholic Church","religion":"christian","denomination":"roman_catholic","group":"roman_catholic"},"geometry":{"type":"Point","coordinates":[-81.609579920916175,41.5399946]}},
{"type":"Feature","properties":{"name":"Iglesia Pentecostal Círculo de Oración Cristiana","religion":"christian","denomination":"pentecostal","group":"pentecostal"},"geometry":{"type":"Point","coordinates":[-80.948114778501719,41.80480045]}},
{"type":"Feature","properties":{"name":"Bethel Seventh-day Adventist Church","religion":"christian","denomination":"seventh_day_adventist","group":"seventh_day_adventist"},"geometry":{"type":"Point","coordinates":[-81.424873828640813,41.02759905]}},
{"type":"Feature","properties":{"name":"Springfield Assembly of God","religion":"christian","denomination":null,"group":"christian"},"geometry":{"type":"Point","coordinates":[-81.419885067652899,41.02583235]}},
{"type":"Feature","properties":{"name":"Friendship Baptist Church","religion":"christian","denomination":"baptist","group":"baptist"},"geometry":{"type":"Point","coordinates":[-81.431554398920497,41.0221482]}},
{"type":"Feature","properties":{"name":"Living Faith Family Fellowship","religion":"christian","denomination":null,"group":"christian"},"geometry":{"type":"Point","coordinates":[-81.329921309079239,40.88878305]}},
{"type":"Feature","properties":{"name":null,"religion":"christian","denomination":null,"group":"christian"},"geometry":{"type":"Point","coordinates":[-81.804050442604222,41.4532763]}},
{"type":"Feature","properties":{"name":"Romanian Baptist Church","religion":"christian","denomination":"baptist","group":"baptist"},"geometry":{"type":"Point","coordinates":[-81.478462699898728,40.96001445]}},
{"type":"Feature","properties":{"name":"Iglesia Pentecostal Arca del Pacto","religion":"christian","denomination":"pentecostal","group":"pentecostal"},"geometry":{"type":"Point","coordinates":[-80.945181216644173,41.8064914]}},
{"type":"Feature","properties":{"name":"Greater Avery African Methodist Episcopal Church","religion":"christian","denomination":"methodist","group":"methodist"},"geometry":{"type":"Point","coordinates":[-81.635863979530214,41.5160408]}},
{"type":"Feature","properties":{"name":"St. Wendelin Catholic Church","religion":"christian","denomination":null,"group":"christian"},"geometry":{"type":"Point","coordinates":[-81.700174365337148,41.48195525]}},
{"type":"Feature","properties":{"name":"Saint Peters Baptist Church","religion":"christian","denomination":"baptist","group":"baptist"},"geometry":{"type":"Point","coordinates":[-81.639199499999989,41.494221]}},
{"type":"Feature","properties":{"name":"Good Hope Baptist Church","religion":"christian","denomination":"baptist","group":"baptist"},"geometry":{"type":"Point","coordinates":[-81.635854291666675,41.496406]}},
{"type":"Feature","properties":{"name":"Calvary Baptist Church","religion":"christian","denomination":"baptist","group":"baptist"},"geometry":{"type":"Point","coordinates":[-81.258152600578057,41.7135762]}},
{"type":"Feature","properties":{"name":"Falls Berean Bible Church","religion":"christian","denomination":null,"group":"christian"},"geometry":{"type":"Point","coordinates":[-81.466012009824354,41.12911525]}},
{"type":"Feature","properties":{"name":"St. Epremte Albanian Orthodox Church","religion":"christian","denomination":"albanian_orthodox","group":"albanian_orthodox"},"geometry":{"type":"Point","coordinates":[-81.761339122533371,41.45207635]}},
{"type":"Feature","properties":{"name":"First Baptist Church","religion":"christian","denomination":null,"group":"christian"},"geometry":{"type":"Point","coordinates":[-81.1302024615063,40.9027074]}},
{"type":"Feature","properties":{"name":"Hathaway Church","religion":"christian","denomination":null,"group":"christian"},"geometry":{"type":"Point","coordinates":[-81.594254903195491,41.399509]}},
{"type":"Feature","properties":{"name":"Medina First Christian Church","religion":"christian","denomination":null,"group":"christian"},"geometry":{"type":"Point","coordinates":[-81.862687386873546,41.1077357]}},
{"type":"Feature","properties":{"name":"Pentecostal Church of New Antioch","religion":"christian","denomination":null,"group":"christian"},"geometry":{"type":"Point","coordinates":[-81.644003986496557,41.51939315]}},
{"type":"Feature","properties":{"name":null,"religion":"christian","denomination":null,"group":"christian"},"geometry":{"type":"Point","coordinates":[-81.758550550515025,41.45744855]}},
{"type":"Feature","properties":{"name":null,"religion":"christian","denomination":null,"group":"christian"},"geometry":{"type":"Point","coordinates":[-81.579117016472054,41.464874]}},
{"type":"Feature","properties":{"name":null,"religion":"christian","denomination":null,"group":"christian"},"geometry":{"type":"Point","coordinates":[-81.593590791176467,41.4658285]}},
{"type":"Feature","properties":{"name":"Mount Pleasant Baptist Church","religion":"christian","denomination":"baptist","group":"baptist"},"geometry":{"type":"Point","coordinates":[-81.5914675,41.465897]}},
{"type":"Feature","properties":{"name":"Nottingham Baptist Church","religion":"christian","denomination":"baptist","group":"baptist"},"geometry":{"type":"Point","coordinates":[-81.477017399834466,41.57972195]}},
{"type":"Feature","properties":{"name":"House of Prayer for All People","religion":"christian","denomination":null,"group":"christian"},"geometry":{"type":"Point","coordinates":[-81.534137762796107,41.09039065]}},
{"type":"Feature","properties":{"name":"Church of the Redeemer","religion":"christian","denomination":"united_church_of_christ","group":"united_church_of_christ"},"geometry":{"type":"Point","coordinates":[-81.880588376751263,41.4570291]}},
{"type":"Feature","properties":{"name":"Grace Baptist Church","religion":"christian","denomination":"baptist","group":"baptist"},"geometry":{"type":"Point","coordinates":[-81.876115950000013,41.4572899]}},
{"type":"Feature","properties":{"name":"Lorain Church of Christ","religion":"christian","denomination":null,"group":"christian"},"geometry":{"type":"Point","coordinates":[-82.157427857635952,41.42241435]}},
{"type":"Feature","properties":{"name":null,"religion":"christian","denomination":null,"group":"christian"},"geometry":{"type":"Point","coordinates":[-82.149828793601245,41.4285014]}},
{"type":"Feature","properties":{"name":"Saint Pauls African Methodist Episcopal Zion Church","religion":"christian","denomination":"african_methodist_episcopal_zion","group":"african_methodist_episcopal_zion"},"geometry":{"type":"Point","coordinates":[-81.650955,41.4936845]}},
{"type":"Feature","properties":{"name":"Mount Gillion Baptist Church","religion":"christian","denomination":"baptist","group":"baptist"},"geometry":{"type":"Point","coordinates":[-81.639731468474309,41.5007545]}},
{"type":"Feature","properties":{"name":"Our Lady Of Hope","religion":"christian","denomination":"roman_catholic","group":"roman_catholic"},"geometry":{"type":"Point","coordinates":[-81.535840257668355,41.40396255]}},
{"type":"Feature","properties":{"name":"Saint Andrews Episcopal Church","religion":"christian","denomination":null,"group":"christian"},"geometry":{"type":"Point","coordinates":[-81.652893216336381,41.499599]}},
{"type":"Feature","properties":{"name":"Liberty Hill Baptist Church","religion":"christian","denomination":"baptist","group":"baptist"},"geometry":{"type":"Point","coordinates":[-81.630624790555515,41.502883]}},
{"type":"Feature","properties":{"name":"Saint Timothy Missionary Baptist Church","religion":"christian","denomination":"baptist","group":"baptist"},"geometry":{"type":"Point","coordinates":[-81.639299037985865,41.5019545]}},
{"type":"Feature","properties":{"name":"Transfiguration Anglican Church","religion":"christian","denomination":"anglican","group":"anglican"},"geometry":{"type":"Point","coordinates":[-81.602574534552289,41.48907905]}},
{"type":"Feature","properties":{"name":null,"religion":"christian","denomination":null,"group":"christian"},"geometry":{"type":"Point","coordinates":[-81.6101834187251,41.4984012]}},
{"type":"Feature","properties":{"name":null,"religion":"christian","denomination":null,"group":"christian"},"geometry":{"type":"Point","coordinates":[-81.611407832392331,41.4988761]}},
{"type":"Feature","properties":{"name":"Christian Fellowship Mission","religion":"christian","denomination":null,"group":"christian"},"geometry":{"type":"Point","coordinates":[-81.619170028443108,41.5075852]}},
{"type":"Feature","properties":{"name":"First Friends Church","religion":"unknown","denomination":null,"group":"unknown"},"geometry":{"type":"Point","coordinates":[-81.366876936971963,40.85880185]}},
{"type":"Feature","properties":{"name":"Saint Mark Lutheran Church","religion":"christian","denomination":null,"group":"christian"},"geometry":{"type":"Point","coordinates":[-81.339219819851706,41.54632175]}},
{"type":"Feature","properties":{"name":"Springfield Fellowship Church","religion":"christian","denomination":null,"group":"christian"},"geometry":{"type":"Point","coordinates":[-81.41823259662641,41.0331068]}},
{"type":"Feature","properties":{"name":"First Baptist Church of Painesville","religion":"christian","denomination":"baptist","group":"baptist"},"geometry":{"type":"Point","coordinates":[-81.251005321028515,41.69963955]}},
{"type":"Feature","properties":{"name":"First Baptist Church of Birmingham","religion":"christian","denomination":null,"group":"christian"},"geometry":{"type":"Point","coordinates":[-82.358979208289398,41.34657845]}},
{"type":"Feature","properties":{"name":"Crawford Road Christian Church","religion":"christian","denomination":null,"group":"christian"},"geometry":{"type":"Point","coordinates":[-81.62359819079461,41.51278895]}},
{"type":"Feature","properties":{"name":"Word of Grace Church","religion":"christian","denomination":null,"group":"christian"},"geometry":{"type":"Point","coordinates":[-81.321290351733992,41.5203108]}},
{"type":"Feature","properties":{"name":null,"religion":"christian","denomination":null,"group":"christian"},"geometry":{"type":"Point","coordinates":[-81.886171070858637,41.4549139]}},
{"type":"Feature","properties":{"name":"First Baptist Church of Kenmore","religion":"christian","denomination":"baptist","group":"baptist"},"geometry":{"type":"Point","coordinates":[-81.575219357017346,41.04047345]}},
{"type":"Feature","properties":{"name":"Kingdom Hall of Jehovahs Witnesses","religion":"christian","denomination":"jehovahs_witness","group":"jehovahs_witness"},"geometry":{"type":"Point","coordinates":[-81.709392747916667,41.4249175]}},
{"type":"Feature","properties":{"name":"Bethel Cleveland","religion":"christian","denomination":"protestant","group":"protestant"},"geometry":{"type":"Point","coordinates":[-81.518564828552968,41.0632116]}},
{"type":"Feature","properties":{"name":"St Paul Fire Baptized Holiness Church","religion":"christian","denomination":null,"group":"christian"},"geometry":{"type":"Point","coordinates":[-81.520201508442668,41.06350795]}},
{"type":"Feature","properties":{"name":"Holy Spirit Akron","religion":"christian","denomination":null,"group":"christian"},"geometry":{"type":"Point","coordinates":[-81.519396138028412,41.0634541]}},
{"type":"Feature","properties":{"name":"Saint Christophers By-The-River Church","religion":"christian","denomination":"episcopal","group":"episcopal"},"geometry":{"type":"Point","coordinates":[-81.404620755162483,41.51793565]}},
{"type":"Feature","properties":{"name":"Saint Demetrios Greek Orthodox Church","religion":"christian","denomination":"greek_orthodox","group":"greek_orthodox"},"geometry":{"type":"Point","coordinates":[-81.874051756797343,41.45564785]}},
{"type":"Feature","properties":{"name":"Oakland Lutheran Church","religion":"christian","denomination":"lutheran","group":"lutheran"},"geometry":{"type":"Point","coordinates":[-82.490477053454242,40.8141525]}},
{"type":"Feature","properties":{"name":"Simpson United Methodist Church","religion":"christian","denomination":"methodist","group":"methodist"},"geometry":{"type":"Point","coordinates":[-81.743410623027472,41.4692534]}},
{"type":"Feature","properties":{"name":"Bedford Church of the Nazarene","religion":"christian","denomination":null,"group":"christian"},"geometry":{"type":"Point","coordinates":[-81.538079523080228,41.4039254]}},
{"type":"Feature","properties":{"name":"East End Church of God in Christ","religion":"christian","denomination":null,"group":"christian"},"geometry":{"type":"Point","coordinates":[-81.601605654581306,41.5168959]}},
{"type":"Feature","properties":{"name":"Saint John Baptist Church","religion":"christian","denomination":null,"group":"christian"},"geometry":{"type":"Point","coordinates":[-81.618669871419101,41.49548425]}},
{"type":"Feature","properties":{"name":"Greater Faith Missionary Baptist","religion":"christian","denomination":"baptist","group":"baptist"},"geometry":{"type":"Point","coordinates":[-81.49188103733141,41.0769441]}},
{"type":"Feature","properties":{"name":null,"religion":"christian","denomination":null,"group":"christian"},"geometry":{"type":"Point","coordinates":[-81.70807252477718,41.4901201]}},
{"type":"Feature","properties":{"name":"New Beginnings Church","religion":"christian","denomination":null,"group":"christian"},"geometry":{"type":"Point","coordinates":[-81.363108468920927,41.70497465]}},
{"type":"Feature","properties":{"name":null,"religion":"christian","denomination":null,"group":"christian"},"geometry":{"type":"Point","coordinates":[-81.689077991680477,41.38050855]}},
{"type":"Feature","properties":{"name":"Holy Trinity Orthodox Church","religion":"christian","denomination":"orthodox","group":"orthodox"},"geometry":{"type":"Point","coordinates":[-81.688304149622269,41.3796831]}},
{"type":"Feature","properties":{"name":null,"religion":"christian","denomination":null,"group":"christian"},"geometry":{"type":"Point","coordinates":[-81.685429828144663,41.3874027]}},
{"type":"Feature","properties":{"name":"Rocky River First Church of Christ Scientist","religion":"christian","denomination":"nondenominational","group":"nondenominational"},"geometry":{"type":"Point","coordinates":[-81.852739134760668,41.47397845]}},
{"type":"Feature","properties":{"name":"St Christopher Catholic Church","religion":"christian","denomination":"catholic","group":"catholic"},"geometry":{"type":"Point","coordinates":[-81.844592901486578,41.47772395]}},
{"type":"Feature","properties":{"name":"Rocky River United Methodist Church","religion":"christian","denomination":"methodist","group":"methodist"},"geometry":{"type":"Point","coordinates":[-81.838109846210514,41.4811218]}},
{"type":"Feature","properties":{"name":"Unity Baptist Church","religion":"christian","denomination":"baptist","group":"baptist"},"geometry":{"type":"Point","coordinates":[-81.611831147637815,41.46965845]}},
{"type":"Feature","properties":{"name":"Abundant Life Harvest Church","religion":"christian","denomination":"protestant","group":"protestant"},"geometry":{"type":"Point","coordinates":[-81.363742455760629,40.8028791]}},
{"type":"Feature","properties":{"name":"Saint Vladimir Ukrainian Orthodox Cathedral","religion":"christian","denomination":"ukrainian_orthodox","group":"ukrainian_orthodox"},"geometry":{"type":"Point","coordinates":[-81.709923148157486,41.40169435]}},
{"type":"Feature","properties":{"name":null,"religion":"unknown","denomination":null,"group":"unknown"},"geometry":{"type":"Point","coordinates":[-81.164054795929914,40.92333795]}},
{"type":"Feature","properties":{"name":"St. Stephen Martyr Lutheran Church","religion":"christian","denomination":null,"group":"christian"},"geometry":{"type":"Point","coordinates":[-81.435650790394732,40.8423832]}},
{"type":"Feature","properties":{"name":"Cathedral of Life","religion":"christian","denomination":null,"group":"christian"},"geometry":{"type":"Point","coordinates":[-81.420234249380229,40.8423788]}},
{"type":"Feature","properties":{"name":"Full Devotion - FBC Canton","religion":"christian","denomination":null,"group":"christian"},"geometry":{"type":"Point","coordinates":[-81.420502433517242,40.8413432]}},
{"type":"Feature","properties":{"name":"Northwest Church Of Christ","religion":"christian","denomination":null,"group":"christian"},"geometry":{"type":"Point","coordinates":[-81.418493337157415,40.84089915]}},
{"type":"Feature","properties":{"name":"Canton Seventh-day Adventist Church","religion":"christian","denomination":null,"group":"christian"},"geometry":{"type":"Point","coordinates":[-81.414512154537888,40.8401184]}},
{"type":"Feature","properties":{"name":"Grace Evangelical Bible Church","religion":"christian","denomination":"lutheran","group":"lutheran"},"geometry":{"type":"Point","coordinates":[-81.244014375248355,41.46062765]}},
{"type":"Feature","properties":{"name":"House of God Mount of Zion","religion":"christian","denomination":null,"group":"christian"},"geometry":{"type":"Point","coordinates":[-81.737298075914964,41.4672852]}},
{"type":"Feature","properties":{"name":null,"religion":"christian","denomination":null,"group":"christian"},"geometry":{"type":"Point","coordinates":[-81.771200057650987,41.46057]}},
{"type":"Feature","properties":{"name":"St. John Lutheran Church","religion":"christian","denomination":null,"group":"christian"},"geometry":{"type":"Point","coordinates":[-81.504345280772725,40.81857495]}},
{"type":"Feature","properties":{"name":"Oak Grove Mennonite Church","religion":"christian","denomination":"mennonite","group":"mennonite"},"geometry":{"type":"Point","coordinates":[-81.831967796835016,40.8584665]}},
{"type":"Feature","properties":{"name":"Church of Our Savior","religion":"christian","denomination":null,"group":"christian"},"geometry":{"type":"Point","coordinates":[-81.533463291794817,41.0902109]}},
{"type":"Feature","properties":{"name":"Willoughby Hills United Methodist Church","religion":"christian","denomination":"methodist","group":"methodist"},"geometry":{"type":"Point","coordinates":[-81.443155481921821,41.5895131]}},
{"type":"Feature","properties":{"name":"Reformed Hungarian Church","religion":"christian","denomination":null,"group":"christian"},"geometry":{"type":"Point","coordinates":[-81.803358597290156,41.4344692]}},
{"type":"Feature","properties":{"name":null,"religion":"christian","denomination":null,"group":"christian"},"geometry":{"type":"Point","coordinates":[-81.420988990887651,41.15708945]}},
{"type":"Feature","properties":{"name":"Church of God in Christ, Mennonite","religion":"christian","denomination":"mennonite","group":"mennonite"},"geometry":{"type":"Point","coordinates":[-81.04843784621832,40.8195553]}},
{"type":"Feature","properties":{"name":"Cornerstone Community Church","religion":"christian","denomination":"evangelical","group":"evangelical"},"geometry":{"type":"Point","coordinates":[-81.465711110966879,41.5223985]}},
{"type":"Feature","properties":{"name":"Church of the Blessed Hope","religion":"christian","denomination":null,"group":"christian"},"geometry":{"type":"Point","coordinates":[-81.375225365873874,41.54382355]}},
{"type":"Feature","properties":{"name":"First Presbyterian Church","religion":"christian","denomination":"presbyterian","group":"presbyterian"},"geometry":{"type":"Point","coordinates":[-80.854172205050105,40.9024097]}},
{"type":"Feature","properties":{"name":"St. Nicholas Orthodox Church","religion":"christian","denomination":"orthodox","group":"orthodox"},"geometry":{"type":"Point","coordinates":[-81.389665920618882,41.03032335]}},
{"type":"Feature","properties":{"name":"First Christian Church","religion":"christian","denomination":null,"group":"christian"},"geometry":{"type":"Point","coordinates":[-81.120662898086977,40.88746025]}},
{"type":"Feature","properties":{"name":"Greater Heights Church of Christ","religion":"christian","denomination":null,"group":"christian"},"geometry":{"type":"Point","coordinates":[-81.700391783071552,41.453598]}},
{"type":"Feature","properties":{"name":"Bainbridge Community Church","religion":"christian","denomination":null,"group":"christian"},"geometry":{"type":"Point","coordinates":[-81.338769785171138,41.38596995]}},
{"type":"Feature","properties":{"name":null,"religion":"christian","denomination":"jehovahs_witness","group":"jehovahs_witness"},"geometry":{"type":"Point","coordinates":[-81.280815957559582,41.739636]}},
{"type":"Feature","properties":{"name":"Friends Church Willoughby HIlls","religion":"christian","denomination":"quaker","group":"quaker"},"geometry":{"type":"Point","coordinates":[-81.440800169351718,41.58176335]}},
{"type":"Feature","properties":{"name":null,"religion":"unknown","denomination":null,"group":"unknown"},"geometry":{"type":"Point","coordinates":[-81.566091178854236,41.4858678]}},
{"type":"Feature","properties":{"name":null,"religion":"christian","denomination":null,"group":"christian"},"geometry":{"type":"Point","coordinates":[-81.815576233165331,41.23919145]}},
{"type":"Feature","properties":{"name":null,"religion":"christian","denomination":null,"group":"christian"},"geometry":{"type":"Point","coordinates":[-81.634722036065568,41.4935731]}},
{"type":"Feature","properties":{"name":null,"religion":"christian","denomination":null,"group":"christian"},"geometry":{"type":"Point","coordinates":[-81.854036201879438,41.47305085]}},
{"type":"Feature","properties":{"name":null,"religion":"unknown","denomination":null,"group":"unknown"},"geometry":{"type":"Point","coordinates":[-81.310718882889631,41.5199524]}},
{"type":"Feature","properties":{"name":"MissionView Church","religion":"christian","denomination":"nondenominational","group":"nondenominational"},"geometry":{"type":"Point","coordinates":[-81.420464422430086,40.87572705]}},
{"type":"Feature","properties":{"name":"Mentor Baptist Church","religion":"christian","denomination":null,"group":"christian"},"geometry":{"type":"Point","coordinates":[-81.373241839732771,41.64521165]}},
{"type":"Feature","properties":{"name":null,"religion":"christian","denomination":null,"group":"christian"},"geometry":{"type":"Point","coordinates":[-81.12241408164256,41.7896991]}},
{"type":"Feature","properties":{"name":"Deerfield Methodist Church","religion":"christian","denomination":"methodist","group":"methodist"},"geometry":{"type":"Point","coordinates":[-81.051962025214351,41.0281988]}},
{"type":"Feature","properties":{"name":null,"religion":"christian","denomination":null,"group":"christian"},"geometry":{"type":"Point","coordinates":[-81.693376951167693,40.96950895]}},
{"type":"Feature","properties":{"name":null,"religion":"christian","denomination":null,"group":"christian"},"geometry":{"type":"Point","coordinates":[-81.589249240252769,41.50600475]}},
{"type":"Feature","properties":{"name":"Jerusalem Lutheran Church","religion":"christian","denomination":"lutheran","group":"lutheran"},"geometry":{"type":"Point","coordinates":[-81.796934817561095,41.0207928]}},
{"type":"Feature","properties":{"name":null,"religion":"christian","denomination":null,"group":"christian"},"geometry":{"type":"Point","coordinates":[-81.720282576397466,41.31453745]}},
{"type":"Feature","properties":{"name":null,"religion":"christian","denomination":null,"group":"christian"},"geometry":{"type":"Point","coordinates":[-81.730525453790491,41.3139399]}},
{"type":"Feature","properties":{"name":"S S Cosmas & Damian Church","religion":"christian","denomination":"catholic","group":"catholic"},"geometry":{"type":"Point","coordinates":[-81.457543531525289,41.32630655]}},
{"type":"Feature","properties":{"name":"S S Cosmas & Damian Church","religion":"christian","denomination":"catholic","group":"catholic"},"geometry":{"type":"Point","coordinates":[-81.457307725954934,41.32563375]}},
{"type":"Feature","properties":{"name":"Saint Lukes Protestant Episcopal Church","religion":"christian","denomination":null,"group":"christian"},"geometry":{"type":"Point","coordinates":[-81.738345977729395,41.4831524]}},
{"type":"Feature","properties":{"name":"Kirtland Community of Christ","religion":"christian","denomination":"community_of_christ","group":"community_of_christ"},"geometry":{"type":"Point","coordinates":[-81.361404780397024,41.6255067]}},
{"type":"Feature","properties":{"name":"Lakemore United Methodist Church","religion":"christian","denomination":"methodist","group":"methodist"},"geometry":{"type":"Point","coordinates":[-81.433462319975845,41.0189034]}},
{"type":"Feature","properties":{"name":null,"religion":"christian","denomination":"baptist","group":"baptist"},"geometry":{"type":"Point","coordinates":[-81.423273605449339,41.0160281]}},
{"type":"Feature","properties":{"name":"Sebring Church of the Nazarene","religion":"christian","denomination":null,"group":"christian"},"geometry":{"type":"Point","coordinates":[-81.029775819909631,40.92459305]}},
{"type":"Feature","properties":{"name":"Harmony Springs","religion":"christian","denomination":null,"group":"christian"},"geometry":{"type":"Point","coordinates":[-81.491120547276466,40.9650873]}},
{"type":"Feature","properties":{"name":"Trinity Episcopal Church","religion":"christian","denomination":"episcopal","group":"episcopal"},"geometry":{"type":"Point","coordinates":[-81.105176608571952,40.9105644]}},
{"type":"Feature","properties":{"name":"Queen of Heaven Catholic Church","religion":"christian","denomination":"catholic","group":"catholic"},"geometry":{"type":"Point","coordinates":[-81.469426122572813,40.9468379]}},
{"type":"Feature","properties":{"name":"Bolton United Methodist Church","religion":"christian","denomination":"united_methodist","group":"united_methodist"},"geometry":{"type":"Point","coordinates":[-81.116061304783244,40.9398993]}},
{"type":"Feature","properties":{"name":"Atwater United Methodist Church","religion":"christian","denomination":"methodist","group":"methodist"},"geometry":{"type":"Point","coordinates":[-81.161905159983021,41.0234053]}},
{"type":"Feature","properties":{"name":"LifePointe Church","religion":"christian","denomination":null,"group":"christian"},"geometry":{"type":"Point","coordinates":[-81.157772551187875,41.0234015]}},
{"type":"Feature","properties":{"name":"Atwater Church of The Nazarene","religion":"christian","denomination":"nazarene","group":"nazarene"},"geometry":{"type":"Point","coordinates":[-81.149776522209919,41.0229423]}},
{"type":"Feature","properties":{"name":"Atwater Congregational Church","religion":"christian","denomination":null,"group":"christian"},"geometry":{"type":"Point","coordinates":[-81.148582272159331,41.02237045]}},
{"type":"Feature","properties":{"name":"New Baltimore Community Church","religion":"christian","denomination":null,"group":"christian"},"geometry":{"type":"Point","coordinates":[-81.247187858453941,40.9849922]}},
{"type":"Feature","properties":{"name":"Concordia Lutheran Church","religion":"christian","denomination":"lutheran","group":"lutheran"},"geometry":{"type":"Point","coordinates":[-81.515474092745535,41.06348485]}},
{"type":"Feature","properties":{"name":null,"religion":"christian","denomination":"jehovahs_witness","group":"jehovahs_witness"},"geometry":{"type":"Point","coordinates":[-81.312090715141807,41.66237805]}},
{"type":"Feature","properties":{"name":"Kingdom Hall of Jehovahs Witnesses","religion":"christian","denomination":"jehovahs_witness","group":"jehovahs_witness"},"geometry":{"type":"Point","coordinates":[-81.119217043655055,40.9221429]}},
{"type":"Feature","properties":{"name":null,"religion":"christian","denomination":"jehovahs_witness","group":"jehovahs_witness"},"geometry":{"type":"Point","coordinates":[-82.202023630093237,41.4392827]}},
{"type":"Feature","properties":{"name":null,"religion":"christian","denomination":"jehovahs_witness","group":"jehovahs_witness"},"geometry":{"type":"Point","coordinates":[-81.054610876353379,41.6066123]}},
{"type":"Feature","properties":{"name":null,"religion":"christian","denomination":"jehovahs_witness","group":"jehovahs_witness"},"geometry":{"type":"Point","coordinates":[-81.896150909200429,40.8382077]}},
{"type":"Feature","properties":{"name":null,"religion":"christian","denomination":"jehovahs_witness","group":"jehovahs_witness"},"geometry":{"type":"Point","coordinates":[-82.080018941216281,41.3434991]}},
{"type":"Feature","properties":{"name":null,"religion":"christian","denomination":"jehovahs_witness","group":"jehovahs_witness"},"geometry":{"type":"Point","coordinates":[-81.942315521921842,41.43327705]}},
{"type":"Feature","properties":{"name":null,"religion":"christian","denomination":"jehovahs_witness","group":"jehovahs_witness"},"geometry":{"type":"Point","coordinates":[-82.307872098981207,40.88025515]}},
{"type":"Feature","properties":{"name":null,"religion":"christian","denomination":"jehovahs_witness","group":"jehovahs_witness"},"geometry":{"type":"Point","coordinates":[-80.981720167954705,41.1926409]}},
{"type":"Feature","properties":{"name":null,"religion":"christian","denomination":"jehovahs_witness","group":"jehovahs_witness"},"geometry":{"type":"Point","coordinates":[-82.360842455183558,41.34639435]}},
{"type":"Feature","properties":{"name":null,"religion":"christian","denomination":"jehovahs_witness","group":"jehovahs_witness"},"geometry":{"type":"Point","coordinates":[-81.333614783518144,41.41029635]}},
{"type":"Feature","properties":{"name":"Kingdom Hall of Jehovahs Witnesses","religion":"christian","denomination":"jehovahs_witness","group":"jehovahs_witness"},"geometry":{"type":"Point","coordinates":[-81.817440564107045,41.44656295]}},
{"type":"Feature","properties":{"name":null,"religion":"christian","denomination":"jehovahs_witness","group":"jehovahs_witness"},"geometry":{"type":"Point","coordinates":[-81.440484047216586,41.62040675]}},
{"type":"Feature","properties":{"name":null,"religion":"christian","denomination":"jehovahs_witness","group":"jehovahs_witness"},"geometry":{"type":"Point","coordinates":[-81.024999384598786,41.7884755]}},
{"type":"Feature","properties":{"name":"Immaculate Heart of Mary Chapel","religion":"christian","denomination":"roman_catholic","group":"roman_catholic"},"geometry":{"type":"Point","coordinates":[-81.488333931469654,40.9889763]}},
{"type":"Feature","properties":{"name":null,"religion":"christian","denomination":"jehovahs_witness","group":"jehovahs_witness"},"geometry":{"type":"Point","coordinates":[-81.496654890995771,41.5308636]}},
{"type":"Feature","properties":{"name":null,"religion":"christian","denomination":"jehovahs_witness","group":"jehovahs_witness"},"geometry":{"type":"Point","coordinates":[-81.554128353148613,41.06823385]}},
{"type":"Feature","properties":{"name":null,"religion":"christian","denomination":"jehovahs_witness","group":"jehovahs_witness"},"geometry":{"type":"Point","coordinates":[-81.509118153920255,41.17523375]}},
{"type":"Feature","properties":{"name":null,"religion":"christian","denomination":"jehovahs_witness","group":"jehovahs_witness"},"geometry":{"type":"Point","coordinates":[-81.493839114575934,41.5771959]}},
{"type":"Feature","properties":{"name":"Kingdom Hall Jehovahs Witnesses","religion":"christian","denomination":"jehovahs_witness","group":"jehovahs_witness"},"geometry":{"type":"Point","coordinates":[-81.477027480644892,41.08473715]}},
{"type":"Feature","properties":{"name":null,"religion":"christian","denomination":"jehovahs_witness","group":"jehovahs_witness"},"geometry":{"type":"Point","coordinates":[-81.462741728457303,41.3293942]}},
{"type":"Feature","properties":{"name":null,"religion":"christian","denomination":"jehovahs_witness","group":"jehovahs_witness"},"geometry":{"type":"Point","coordinates":[-81.637339151680365,41.1650875]}},
{"type":"Feature","properties":{"name":null,"religion":"christian","denomination":"jehovahs_witness","group":"jehovahs_witness"},"geometry":{"type":"Point","coordinates":[-81.632099357680403,40.9800171]}},
{"type":"Feature","properties":{"name":null,"religion":"christian","denomination":"jehovahs_witness","group":"jehovahs_witness"},"geometry":{"type":"Point","coordinates":[-81.528919235749498,41.5717292]}},
{"type":"Feature","properties":{"name":null,"religion":"christian","denomination":"jehovahs_witness","group":"jehovahs_witness"},"geometry":{"type":"Point","coordinates":[-81.382032426694792,41.04857715]}},
{"type":"Feature","properties":{"name":"Kingdom Hall Church","religion":"christian","denomination":"jehovahs_witness","group":"jehovahs_witness"},"geometry":{"type":"Point","coordinates":[-81.434775415405298,40.94326435]}},
{"type":"Feature","properties":{"name":"Garrettsville Methodist Church","religion":"christian","denomination":"methodist","group":"methodist"},"geometry":{"type":"Point","coordinates":[-81.093438745157954,41.28523095]}},
{"type":"Feature","properties":{"name":"Deerfield Friends Church","religion":"christian","denomination":"evangelical","group":"evangelical"},"geometry":{"type":"Point","coordinates":[-81.050772281749914,41.02322695]}},
{"type":"Feature","properties":{"name":"Maranatha Bible Church","religion":"christian","denomination":null,"group":"christian"},"geometry":{"type":"Point","coordinates":[-81.472104057514159,40.9949007]}},
{"type":"Feature","properties":{"name":"Delightful Evangelical Congregational Church","religion":"christian","denomination":null,"group":"christian"},"geometry":{"type":"Point","coordinates":[-80.92563100593145,41.28518335]}},
{"type":"Feature","properties":{"name":"Our Savior Lutheran Church","religion":"christian","denomination":"lutheran","group":"lutheran"},"geometry":{"type":"Point","coordinates":[-81.439584043080146,41.50182915]}},
{"type":"Feature","properties":{"name":"Harvest Time Assembly of God","religion":"christian","denomination":null,"group":"christian"},"geometry":{"type":"Point","coordinates":[-81.785760337187867,41.22724095]}},
{"type":"Feature","properties":{"name":"Mount Pleasant Church","religion":"christian","denomination":null,"group":"christian"},"geometry":{"type":"Point","coordinates":[-81.785381175429734,41.22656905]}},
{"type":"Feature","properties":{"name":null,"religion":"christian","denomination":null,"group":"christian"},"geometry":{"type":"Point","coordinates":[-81.80718021837265,41.2670055]}},
{"type":"Feature","properties":{"name":"Relentless Church","religion":"christian","denomination":null,"group":"christian"},"geometry":{"type":"Point","coordinates":[-81.457317778281592,40.9956797]}},
{"type":"Feature","properties":{"name":"St Nicholas Orthodox Church","religion":"christian","denomination":"orthodox","group":"orthodox"},"geometry":{"type":"Point","coordinates":[-81.461379957231628,40.91673215]}},
{"type":"Feature","properties":{"name":"Bethel Church","religion":"christian","denomination":null,"group":"christian"},"geometry":{"type":"Point","coordinates":[-81.785186350973007,41.0097045]}},
{"type":"Feature","properties":{"name":"Lakeview Bible Church","religion":"christian","denomination":"protestant","group":"protestant"},"geometry":{"type":"Point","coordinates":[-81.378884412488276,41.66679465]}},
{"type":"Feature","properties":{"name":null,"religion":"christian","denomination":null,"group":"christian"},"geometry":{"type":"Point","coordinates":[-81.389791135006931,41.1691074]}},
{"type":"Feature","properties":{"name":null,"religion":"christian","denomination":null,"group":"christian"},"geometry":{"type":"Point","coordinates":[-81.389126683427975,41.1688208]}},
{"type":"Feature","properties":{"name":"The church in Willoughby","religion":"christian","denomination":"nondenominational","group":"nondenominational"},"geometry":{"type":"Point","coordinates":[-81.437648555615993,41.6150316]}},
{"type":"Feature","properties":{"name":"Christ Lutheran Church","religion":"christian","denomination":"lutheran","group":"lutheran"},"geometry":{"type":"Point","coordinates":[-81.439184763944809,41.61416705]}},
{"type":"Feature","properties":{"name":"St. Mark Church","religion":"christian","denomination":"roman_catholic","group":"roman_catholic"},"geometry":{"type":"Point","coordinates":[-81.806705232651268,41.46766565]}},
{"type":"Feature","properties":{"name":"Saint Sava Serbian Orthodox Church","religion":"christian","denomination":"serbian_orthodox","group":"serbian_orthodox"},"geometry":{"type":"Point","coordinates":[-81.686934241125158,41.39231855]}},
{"type":"Feature","properties":{"name":"The Little Church in the Vale","religion":"christian","denomination":"nondenominational","group":"nondenominational"},"geometry":{"type":"Point","coordinates":[-81.415241504460766,41.54886455]}},
{"type":"Feature","properties":{"name":"Congregational United Church","religion":"christian","denomination":"congregational","group":"congregational"},"geometry":{"type":"Point","coordinates":[-81.352972114842544,40.87404065]}},
{"type":"Feature","properties":{"name":"Harvest Community Church","religion":"christian","denomination":null,"group":"christian"},"geometry":{"type":"Point","coordinates":[-81.42088387241445,41.6043841]}},
{"type":"Feature","properties":{"name":"Mentor Community Church of God","religion":"christian","denomination":null,"group":"christian"},"geometry":{"type":"Point","coordinates":[-81.345474553582562,41.70428]}},
{"type":"Feature","properties":{"name":"LeRoy United Methodist Church","religion":"christian","denomination":"united_methodist","group":"united_methodist"},"geometry":{"type":"Point","coordinates":[-81.933758748150609,41.02769935]}},
{"type":"Feature","properties":{"name":"Orwell Bible Church","religion":"christian","denomination":"nondenominational","group":"nondenominational"},"geometry":{"type":"Point","coordinates":[-80.866469400903796,41.56260865]}},
{"type":"Feature","properties":{"name":"First Congregational Church","religion":"christian","denomination":null,"group":"christian"},"geometry":{"type":"Point","coordinates":[-81.508663669040942,41.08138015]}},
{"type":"Feature","properties":{"name":"Christ Community Church of Willoughby","religion":"christian","denomination":"nondenominational","group":"nondenominational"},"geometry":{"type":"Point","coordinates":[-81.427947254344375,41.61574855]}},
{"type":"Feature","properties":{"name":"Grace Episcopal Church","religion":"christian","denomination":"episcopal","group":"episcopal"},"geometry":{"type":"Point","coordinates":[-81.428626825206607,41.6140712]}},
{"type":"Feature","properties":{"name":"Mother of Sorrows Church","religion":"christian","denomination":null,"group":"christian"},"geometry":{"type":"Point","coordinates":[-81.54850867045775,41.24050265]}},
{"type":"Feature","properties":{"name":"Bronson Memorial Church","religion":"christian","denomination":null,"group":"christian"},"geometry":{"type":"Point","coordinates":[-81.55251975,41.24117985]}},
{"type":"Feature","properties":{"name":"Saints Philip & James Church","religion":"christian","denomination":"catholic","group":"catholic"},"geometry":{"type":"Point","coordinates":[-81.599024789126076,40.89303085]}},
{"type":"Feature","properties":{"name":"Saint Joseph Catholic Church","religion":"christian","denomination":"catholic","group":"catholic"},"geometry":{"type":"Point","coordinates":[-81.485393657175109,41.1296339]}},
{"type":"Feature","properties":{"name":"Willoughby United Methodist Church","religion":"christian","denomination":"united_methodist","group":"united_methodist"},"geometry":{"type":"Point","coordinates":[-81.405972332216606,41.63908625]}},
{"type":"Feature","properties":{"name":null,"religion":"unknown","denomination":null,"group":"unknown"},"geometry":{"type":"Point","coordinates":[-81.406184732303643,41.6391093]}},
{"type":"Feature","properties":{"name":null,"religion":"christian","denomination":null,"group":"christian"},"geometry":{"type":"Point","coordinates":[-81.389261503022212,40.83755275]}},
{"type":"Feature","properties":{"name":null,"religion":"christian","denomination":null,"group":"christian"},"geometry":{"type":"Point","coordinates":[-81.493360907122863,41.12927595]}},
{"type":"Feature","properties":{"name":null,"religion":"christian","denomination":null,"group":"christian"},"geometry":{"type":"Point","coordinates":[-81.487504522840595,41.13585415]}},
{"type":"Feature","properties":{"name":"First Church of Christ Scientist","religion":"christian","denomination":null,"group":"christian"},"geometry":{"type":"Point","coordinates":[-81.48593458336903,41.1402788]}},
{"type":"Feature","properties":{"name":"Church 539","religion":"christian","denomination":null,"group":"christian"},"geometry":{"type":"Point","coordinates":[-81.498302000677313,41.09304885]}},
{"type":"Feature","properties":{"name":"Mercy Temple Church","religion":"christian","denomination":null,"group":"christian"},"geometry":{"type":"Point","coordinates":[-81.48459495,41.07270155]}},
{"type":"Feature","properties":{"name":null,"religion":"christian","denomination":null,"group":"christian"},"geometry":{"type":"Point","coordinates":[-81.478969607397943,41.12967925]}},
{"type":"Feature","properties":{"name":"St. Eugene's Catholic Church","religion":"christian","denomination":"catholic","group":"catholic"},"geometry":{"type":"Point","coordinates":[-81.45810829953092,41.14113415]}},
{"type":"Feature","properties":{"name":"Stow-Falls Baptist Church","religion":"christian","denomination":"baptist","group":"baptist"},"geometry":{"type":"Point","coordinates":[-81.46007010041302,41.14092125]}},
{"type":"Feature","properties":{"name":"Calvary Assembly","religion":"christian","denomination":"assemblies_of_god","group":"assemblies_of_god"},"geometry":{"type":"Point","coordinates":[-81.472807755644467,41.58359905]}},
{"type":"Feature","properties":{"name":"The Redemption Center Church","religion":"christian","denomination":null,"group":"christian"},"geometry":{"type":"Point","coordinates":[-81.522248129528037,41.3806832]}},
{"type":"Feature","properties":{"name":"Bethesda Baptist Church","religion":"christian","denomination":"baptist","group":"baptist"},"geometry":{"type":"Point","coordinates":[-81.528115861085553,41.3850097]}},
{"type":"Feature","properties":{"name":"Cuyahoga Falls Assembly","religion":"christian","denomination":null,"group":"christian"},"geometry":{"type":"Point","coordinates":[-81.459729293472918,41.13565325]}},
{"type":"Feature","properties":{"name":"St. Luke's Lutheran Church","religion":"christian","denomination":"lutheran","group":"lutheran"},"geometry":{"type":"Point","coordinates":[-81.489915668185461,41.13606335]}},
{"type":"Feature","properties":{"name":null,"religion":"muslim","denomination":null,"group":"muslim"},"geometry":{"type":"Point","coordinates":[-81.503135435135093,41.18042395]}},
{"type":"Feature","properties":{"name":null,"religion":"christian","denomination":null,"group":"christian"},"geometry":{"type":"Point","coordinates":[-81.458946693274981,41.15065425]}},
{"type":"Feature","properties":{"name":"Victory Life Church","religion":"christian","denomination":null,"group":"christian"},"geometry":{"type":"Point","coordinates":[-81.476678860434788,41.1736699]}},
{"type":"Feature","properties":{"name":"Holy Trinity Lutheran Church","religion":"christian","denomination":"lutheran","group":"lutheran"},"geometry":{"type":"Point","coordinates":[-81.511521918217397,41.0848076]}},
{"type":"Feature","properties":{"name":null,"religion":"christian","denomination":null,"group":"christian"},"geometry":{"type":"Point","coordinates":[-81.563647862345334,41.54030605]}},
{"type":"Feature","properties":{"name":"Church of the Annunciation","religion":"christian","denomination":null,"group":"christian"},"geometry":{"type":"Point","coordinates":[-81.488228169907842,41.0724837]}},
{"type":"Feature","properties":{"name":"Church on the North Coast - Wickliffe","religion":"christian","denomination":"nondenominational","group":"nondenominational"},"geometry":{"type":"Point","coordinates":[-81.459895167385781,41.6045799]}},
{"type":"Feature","properties":{"name":"Annunciation Greek Orthodox Church","religion":"christian","denomination":"greek_orthodox","group":"greek_orthodox"},"geometry":{"type":"Point","coordinates":[-81.508688097866582,41.078484]}},
{"type":"Feature","properties":{"name":"Chapel of Prayer Baptist Church","religion":"christian","denomination":"baptist","group":"baptist"},"geometry":{"type":"Point","coordinates":[-81.465503647306576,41.112107]}},
{"type":"Feature","properties":{"name":"Faith Community Church","religion":"christian","denomination":"evangelical","group":"evangelical"},"geometry":{"type":"Point","coordinates":[-81.571949088465004,41.41810425]}},
{"type":"Feature","properties":{"name":"Hope Alliance Bible Church","religion":"christian","denomination":null,"group":"christian"},"geometry":{"type":"Point","coordinates":[-81.571570683785481,41.42161295]}},
{"type":"Feature","properties":{"name":"Akron Masjid","religion":"muslim","denomination":"sunni","group":"sunni"},"geometry":{"type":"Point","coordinates":[-81.528696245547337,41.0556897]}},
{"type":"Feature","properties":{"name":"Old South Church","religion":"christian","denomination":null,"group":"christian"},"geometry":{"type":"Point","coordinates":[-81.350346775127591,41.60443095]}},
{"type":"Feature","properties":{"name":"Monroe Presbyterian Church","religion":"christian","denomination":"presbyterian","group":"presbyterian"},"geometry":{"type":"Point","coordinates":[-81.548214168814241,41.09932565]}},
{"type":"Feature","properties":{"name":"United Presbyterian Church of Cuyahoga Falls","religion":"christian","denomination":"presbyterian","group":"presbyterian"},"geometry":{"type":"Point","coordinates":[-81.473164809784578,41.1497636]}},
{"type":"Feature","properties":{"name":"St Stephans Catholic Church","religion":"christian","denomination":"roman_catholic","group":"roman_catholic"},"geometry":{"type":"Point","coordinates":[-82.105760897499096,40.97350655]}},
{"type":"Feature","properties":{"name":"Saint Sebastian Catholic Church","religion":"christian","denomination":"catholic","group":"catholic"},"geometry":{"type":"Point","coordinates":[-81.566522722017112,41.0990157]}},
{"type":"Feature","properties":{"name":"Southwest Church of Christ","religion":"christian","denomination":null,"group":"christian"},"geometry":{"type":"Point","coordinates":[-81.642049567680772,40.9916052]}},
{"type":"Feature","properties":{"name":"Journey","religion":"christian","denomination":null,"group":"christian"},"geometry":{"type":"Point","coordinates":[-81.502330701388573,41.1446895]}},
{"type":"Feature","properties":{"name":null,"religion":"christian","denomination":"methodist","group":"methodist"},"geometry":{"type":"Point","coordinates":[-81.536026398258542,41.1660053]}},
{"type":"Feature","properties":{"name":"Saint Catherine Church","religion":"christian","denomination":"roman_catholic","group":"roman_catholic"},"geometry":{"type":"Point","coordinates":[-80.992327910073712,41.10813725]}},
{"type":"Feature","properties":{"name":"Prince of Peace Church","religion":"christian","denomination":null,"group":"christian"},"geometry":{"type":"Point","coordinates":[-81.377717724066571,41.67589495]}},
{"type":"Feature","properties":{"name":null,"religion":"shinto","denomination":null,"group":"shinto"},"geometry":{"type":"Point","coordinates":[-81.624175687815281,41.3422527]}},
{"type":"Feature","properties":{"name":"Tabernacle","religion":"christian","denomination":"baptist","group":"baptist"},"geometry":{"type":"Point","coordinates":[-81.64712085,40.8097327]}},
{"type":"Feature","properties":{"name":"Wayland Community Church","religion":"christian","denomination":null,"group":"christian"},"geometry":{"type":"Point","coordinates":[-81.071740013090533,41.16302765]}},
{"type":"Feature","properties":{"name":"Bethel Church","religion":"christian","denomination":null,"group":"christian"},"geometry":{"type":"Point","coordinates":[-82.058912331044596,40.8289045]}},
{"type":"Feature","properties":{"name":"Werner Church","religion":"christian","denomination":null,"group":"christian"},"geometry":{"type":"Point","coordinates":[-81.301969564040377,40.89607935]}},
{"type":"Feature","properties":{"name":"Sacred Heart of Mary Catholic Church","religion":"christian","denomination":"catholic","group":"catholic"},"geometry":{"type":"Point","coordinates":[-81.228379320486681,40.8915656]}},
{"type":"Feature","properties":{"name":null,"religion":"christian","denomination":null,"group":"christian"},"geometry":{"type":"Point","coordinates":[-81.437699834111541,41.1454813]}},
{"type":"Feature","properties":{"name":"Zion Christian Fellowship","religion":"christian","denomination":null,"group":"christian"},"geometry":{"type":"Point","coordinates":[-81.089834562543473,41.4492921]}},
{"type":"Feature","properties":{"name":"Garden of Prayer Church of God in Christ","religion":"christian","denomination":null,"group":"christian"},"geometry":{"type":"Point","coordinates":[-81.54540359770732,41.065738]}},
{"type":"Feature","properties":{"name":"Saint Thomas Baptist Church","religion":"christian","denomination":"baptist","group":"baptist"},"geometry":{"type":"Point","coordinates":[-81.542134774762474,41.07574925]}},
{"type":"Feature","properties":{"name":"Rochester United Methodist Church","religion":"christian","denomination":"united_methodist","group":"united_methodist"},"geometry":{"type":"Point","coordinates":[-82.304577248068895,41.12457695]}},
{"type":"Feature","properties":{"name":"Bunker Hill United Methodist Church","religion":"christian","denomination":"methodist","group":"methodist"},"geometry":{"type":"Point","coordinates":[-80.936416746761338,40.9596827]}},
{"type":"Feature","properties":{"name":"United Church of God","religion":"christian","denomination":null,"group":"christian"},"geometry":{"type":"Point","coordinates":[-82.067855731805324,41.2960269]}},
{"type":"Feature","properties":{"name":"South Harpersfield Church","religion":"christian","denomination":null,"group":"christian"},"geometry":{"type":"Point","coordinates":[-80.9508996,41.73036835]}},
{"type":"Feature","properties":{"name":null,"religion":"unknown","denomination":null,"group":"unknown"},"geometry":{"type":"Point","coordinates":[-81.520370848495702,41.1814452]}},
{"type":"Feature","properties":{"name":null,"religion":"unknown","denomination":null,"group":"unknown"},"geometry":{"type":"Point","coordinates":[-81.52038105,41.1814464]}},
{"type":"Feature","properties":{"name":null,"religion":"christian","denomination":"baptist","group":"baptist"},"geometry":{"type":"Point","coordinates":[-81.520229680503945,41.1814464]}},
{"type":"Feature","properties":{"name":null,"religion":"unknown","denomination":null,"group":"unknown"},"geometry":{"type":"Point","coordinates":[-81.52011590020831,41.18150085]}},
{"type":"Feature","properties":{"name":"Sebring Friends Church","religion":"christian","denomination":null,"group":"christian"},"geometry":{"type":"Point","coordinates":[-81.031460580867133,40.91625515]}},
{"type":"Feature","properties":{"name":"Grand Valley Church","religion":"christian","denomination":null,"group":"christian"},"geometry":{"type":"Point","coordinates":[-80.9133185,41.6049025]}},
{"type":"Feature","properties":{"name":null,"religion":"christian","denomination":null,"group":"christian"},"geometry":{"type":"Point","coordinates":[-81.484000910660342,41.15693385]}},
{"type":"Feature","properties":{"name":null,"religion":"christian","denomination":null,"group":"christian"},"geometry":{"type":"Point","coordinates":[-81.482578046161422,41.152929]}},
{"type":"Feature","properties":{"name":"Marshallville Trinity United Methodist Church","religion":"christian","denomination":"united_methodist","group":"united_methodist"},"geometry":{"type":"Point","coordinates":[-81.733374324370828,40.90249675]}},
{"type":"Feature","properties":{"name":"Christ Covenant Church","religion":"christian","denomination":null,"group":"christian"},"geometry":{"type":"Point","coordinates":[-81.056643391401366,41.46317215]}},
{"type":"Feature","properties":{"name":null,"religion":"christian","denomination":null,"group":"christian"},"geometry":{"type":"Point","coordinates":[-81.445149930273601,41.13087755]}},
{"type":"Feature","properties":{"name":null,"religion":"christian","denomination":null,"group":"christian"},"geometry":{"type":"Point","coordinates":[-81.447498869280935,41.13100875]}},
{"type":"Feature","properties":{"name":null,"religion":"christian","denomination":null,"group":"christian"},"geometry":{"type":"Point","coordinates":[-81.460184412870319,41.1319347]}},
{"type":"Feature","properties":{"name":null,"religion":"hindu","denomination":null,"group":"hindu"},"geometry":{"type":"Point","coordinates":[-81.636545348709234,41.25509765]}},
{"type":"Feature","properties":{"name":"Chagrin Valley Islamic Center","religion":"muslim","denomination":null,"group":"muslim"},"geometry":{"type":"Point","coordinates":[-81.419008037003707,41.37046305]}},
{"type":"Feature","properties":{"name":null,"religion":"christian","denomination":null,"group":"christian"},"geometry":{"type":"Point","coordinates":[-81.498586827988333,41.13496285]}},
{"type":"Feature","properties":{"name":"Mentor Presbyterian Church","religion":"christian","denomination":"presbyterian","group":"presbyterian"},"geometry":{"type":"Point","coordinates":[-81.340644206243667,41.7106795]}},
{"type":"Feature","properties":{"name":"Saint Michael's United Church of Christ","religion":"christian","denomination":"united_church_of_christ","group":"united_church_of_christ"},"geometry":{"type":"Point","coordinates":[-81.730879537125432,40.8997219]}},
{"type":"Feature","properties":{"name":"First Baptist Church of Marshallville","religion":"christian","denomination":"baptist","group":"baptist"},"geometry":{"type":"Point","coordinates":[-81.734202791744224,40.9045552]}},
{"type":"Feature","properties":{"name":"The Church in Mentor","religion":"christian","denomination":null,"group":"christian"},"geometry":{"type":"Point","coordinates":[-81.36724356865939,41.70396905]}},
{"type":"Feature","properties":{"name":"Holy Trinity Greek Orthodox Church","religion":"christian","denomination":"greek_orthodox","group":"greek_orthodox"},"geometry":{"type":"Point","coordinates":[-81.377928481921643,40.85041235]}},
{"type":"Feature","properties":{"name":"Friendship Alliance Church","religion":"christian","denomination":null,"group":"christian"},"geometry":{"type":"Point","coordinates":[-81.225437788339946,41.3496906]}},
{"type":"Feature","properties":{"name":"Wakeman Congregational Church","religion":"christian","denomination":"nondenominational","group":"nondenominational"},"geometry":{"type":"Point","coordinates":[-82.40056536231603,41.25225585]}},
{"type":"Feature","properties":{"name":"Saint Paul Greek Orthodox Church","religion":"christian","denomination":"greek_orthodox","group":"greek_orthodox"},"geometry":{"type":"Point","coordinates":[-81.717290364908138,41.33387855]}},
{"type":"Feature","properties":{"name":"Berlin Center United Methodist Church","religion":"christian","denomination":"methodist","group":"methodist"},"geometry":{"type":"Point","coordinates":[-80.945867257905974,41.02424075]}},
{"type":"Feature","properties":{"name":"Community Bible Church","religion":"christian","denomination":null,"group":"christian"},"geometry":{"type":"Point","coordinates":[-81.5867062,40.8867508]}},
{"type":"Feature","properties":{"name":"Journey Church","religion":"christian","denomination":"lutheran","group":"lutheran"},"geometry":{"type":"Point","coordinates":[-82.016905754742766,41.47525395]}},
{"type":"Feature","properties":{"name":"Calvary Apostolic Church","religion":"christian","denomination":null,"group":"christian"},"geometry":{"type":"Point","coordinates":[-81.546343709770497,41.02494545]}},
{"type":"Feature","properties":{"name":"Trinity Lutheran Church of Clinton","religion":"christian","denomination":"lutheran","group":"lutheran"},"geometry":{"type":"Point","coordinates":[-81.628756801875696,40.92600675]}},
{"type":"Feature","properties":{"name":"McLeister Memorial Church","religion":"christian","denomination":null,"group":"christian"},"geometry":{"type":"Point","coordinates":[-81.504560964609055,41.04799445]}},
{"type":"Feature","properties":{"name":"Church of the Master","religion":"christian","denomination":null,"group":"christian"},"geometry":{"type":"Point","coordinates":[-81.493637359881106,41.0740323]}},
{"type":"Feature","properties":{"name":null,"religion":"christian","denomination":null,"group":"christian"},"geometry":{"type":"Point","coordinates":[-81.344645534064213,41.23426225]}},
{"type":"Feature","properties":{"name":null,"religion":"christian","denomination":null,"group":"christian"},"geometry":{"type":"Point","coordinates":[-81.518693788519926,41.5179049]}},
{"type":"Feature","properties":{"name":null,"religion":"jewish","denomination":null,"group":"jewish"},"geometry":{"type":"Point","coordinates":[-81.510188881766908,41.50172975]}},
{"type":"Feature","properties":{"name":null,"religion":"christian","denomination":null,"group":"christian"},"geometry":{"type":"Point","coordinates":[-81.510476114657223,41.50293025]}},
{"type":"Feature","properties":{"name":"Iglesia Templo Jabes","religion":"christian","denomination":null,"group":"christian"},"geometry":{"type":"Point","coordinates":[-81.702963341136922,41.4406469]}},
{"type":"Feature","properties":{"name":"Fairlawn West United Church of Christ","religion":"christian","denomination":null,"group":"christian"},"geometry":{"type":"Point","coordinates":[-81.582469262912667,41.1157825]}},
{"type":"Feature","properties":{"name":null,"religion":"christian","denomination":null,"group":"christian"},"geometry":{"type":"Point","coordinates":[-81.583295212719548,41.099281]}},
{"type":"Feature","properties":{"name":"Heritage Baptist Church","religion":"christian","denomination":"baptist","group":"baptist"},"geometry":{"type":"Point","coordinates":[-81.406024500769718,41.63796595]}},
{"type":"Feature","properties":{"name":"Mentor East Heisley Church of God","religion":"christian","denomination":"church_of_god","group":"church_of_god"},"geometry":{"type":"Point","coordinates":[-81.296979575573999,41.7199964]}},
{"type":"Feature","properties":{"name":"Manchester Church of Christ","religion":"christian","denomination":null,"group":"christian"},"geometry":{"type":"Point","coordinates":[-81.566809512260562,40.9366788]}},
{"type":"Feature","properties":{"name":"Saint Luke the Evangelist Antiochian Orthodox Church","religion":"christian","denomination":"orthodox","group":"orthodox"},"geometry":{"type":"Point","coordinates":[-81.339970478833507,41.377896]}},
{"type":"Feature","properties":{"name":null,"religion":"christian","denomination":null,"group":"christian"},"geometry":{"type":"Point","coordinates":[-80.982162857381283,41.18939985]}},
{"type":"Feature","properties":{"name":null,"religion":"christian","denomination":null,"group":"christian"},"geometry":{"type":"Point","coordinates":[-81.162585253223227,41.3394744]}},
{"type":"Feature","properties":{"name":"Heritage Reformed Baptist Church","religion":"christian","denomination":"baptist","group":"baptist"},"geometry":{"type":"Point","coordinates":[-81.364973572503786,40.86445225]}},
{"type":"Feature","properties":{"name":"New Vision United Church of Christ","religion":"christian","denomination":"united_church_of_christ","group":"united_church_of_christ"},"geometry":{"type":"Point","coordinates":[-81.366434486729133,40.83291305]}},
{"type":"Feature","properties":{"name":"Martinedale Christian Fellowship Church","religion":"christian","denomination":"nondenominational","group":"nondenominational"},"geometry":{"type":"Point","coordinates":[-81.362052499955539,40.83684095]}},
{"type":"Feature","properties":{"name":"Heritage Baptist Church","religion":"christian","denomination":null,"group":"christian"},"geometry":{"type":"Point","coordinates":[-81.391151817317763,41.067621]}},
{"type":"Feature","properties":{"name":null,"religion":"christian","denomination":null,"group":"christian"},"geometry":{"type":"Point","coordinates":[-81.53867304331547,41.09605955]}},
{"type":"Feature","properties":{"name":"True Apostolic Church of Jesus Christ","religion":"christian","denomination":null,"group":"christian"},"geometry":{"type":"Point","coordinates":[-81.521344190019491,41.05609415]}},
{"type":"Feature","properties":{"name":"Kings of Kings Lutheran Church","religion":"christian","denomination":"lutheran","group":"lutheran"},"geometry":{"type":"Point","coordinates":[-81.400452326167567,41.6639253]}},
{"type":"Feature","properties":{"name":"North Lawrence Church","religion":"christian","denomination":null,"group":"christian"},"geometry":{"type":"Point","coordinates":[-81.62200493027612,40.84845315]}},
{"type":"Feature","properties":{"name":"St. Elia the Prophet Orthodox Church","religion":"christian","denomination":"orthodox","group":"orthodox"},"geometry":{"type":"Point","coordinates":[-81.529338274978343,41.0397511]}},
{"type":"Feature","properties":{"name":"Saints Peter and Paul Orthodox Church","religion":"christian","denomination":"orthodox","group":"orthodox"},"geometry":{"type":"Point","coordinates":[-82.11768023236128,41.4413252]}},
{"type":"Feature","properties":{"name":"Saint Nicholas Orthodox Church","religion":"christian","denomination":"orthodox","group":"orthodox"},"geometry":{"type":"Point","coordinates":[-81.293827988143349,41.66586625]}},
{"type":"Feature","properties":{"name":"Archangel Michael Orthodox Church","religion":"christian","denomination":"orthodox","group":"orthodox"},"geometry":{"type":"Point","coordinates":[-81.647738198393313,41.3416989]}},
{"type":"Feature","properties":{"name":"Saint George Antiochian Church","religion":"christian","denomination":"orthodox","group":"orthodox"},"geometry":{"type":"Point","coordinates":[-81.628775286238124,41.10915045]}},
{"type":"Feature","properties":{"name":"Saint Innocent Orthodox Church","religion":"christian","denomination":"orthodox","group":"orthodox"},"geometry":{"type":"Point","coordinates":[-81.909970052796055,41.36812615]}},
{"type":"Feature","properties":{"name":"Htanjanu Ramonnya Temple","religion":"buddhist","denomination":null,"group":"buddhist"},"geometry":{"type":"Point","coordinates":[-81.515684487727029,41.0649267]}},
{"type":"Feature","properties":{"name":"Saint Nikolai Orthodox Mission","religion":"christian","denomination":"orthodox","group":"orthodox"},"geometry":{"type":"Point","coordinates":[-81.211868960972225,40.9004842]}},
{"type":"Feature","properties":{"name":null,"religion":"christian","denomination":null,"group":"christian"},"geometry":{"type":"Point","coordinates":[-80.964900734741036,41.2092658]}},
{"type":"Feature","properties":{"name":"Community Bible Church","religion":"christian","denomination":null,"group":"christian"},"geometry":{"type":"Point","coordinates":[-80.996319527382155,40.9020196]}},
{"type":"Feature","properties":{"name":"Trinity Church","religion":"christian","denomination":null,"group":"christian"},"geometry":{"type":"Point","coordinates":[-81.893657707373805,41.3548879]}},
{"type":"Feature","properties":{"name":"Bethany Mennonite Church","religion":"christian","denomination":"mennonite","group":"mennonite"},"geometry":{"type":"Point","coordinates":[-81.311455573103046,40.9589201]}},
{"type":"Feature","properties":{"name":null,"religion":"christian","denomination":null,"group":"christian"},"geometry":{"type":"Point","coordinates":[-81.68606466809274,41.2972792]}},
{"type":"Feature","properties":{"name":"Lake Avenue United Church of Christ","religion":"christian","denomination":null,"group":"christian"},"geometry":{"type":"Point","coordinates":[-82.118987097513241,41.3747764]}},
{"type":"Feature","properties":{"name":"New Jerusalem Church","religion":"christian","denomination":null,"group":"christian"},"geometry":{"type":"Point","coordinates":[-81.810453648886451,41.4310886]}},
{"type":"Feature","properties":{"name":null,"religion":"jewish","denomination":null,"group":"jewish"},"geometry":{"type":"Point","coordinates":[-81.598063626572326,41.1396346]}},
{"type":"Feature","properties":{"name":null,"religion":"christian","denomination":null,"group":"christian"},"geometry":{"type":"Point","coordinates":[-81.596550132965234,41.13983945]}},
{"type":"Feature","properties":{"name":"First Christian Church","religion":"christian","denomination":"nondenominational","group":"nondenominational"},"geometry":{"type":"Point","coordinates":[-81.360456985163637,40.88223625]}},
{"type":"Feature","properties":{"name":null,"religion":"christian","denomination":null,"group":"christian"},"geometry":{"type":"Point","coordinates":[-81.451371295471461,41.1685554]}},
{"type":"Feature","properties":{"name":"Grace Chruch of Bible","religion":"christian","denomination":null,"group":"christian"},"geometry":{"type":"Point","coordinates":[-81.4247958,41.1662979]}},
{"type":"Feature","properties":{"name":"Broadview Road Church of Christ","religion":"christian","denomination":null,"group":"christian"},"geometry":{"type":"Point","coordinates":[-81.690066781961121,41.4004655]}},
{"type":"Feature","properties":{"name":"Rejoice Lutheran Church","religion":"christian","denomination":"lutheran","group":"lutheran"},"geometry":{"type":"Point","coordinates":[-81.410222872192847,41.27164465]}},
{"type":"Feature","properties":{"name":"Westlake Bible Fellowship","religion":"christian","denomination":"nondenominational","group":"nondenominational"},"geometry":{"type":"Point","coordinates":[-81.932151356739269,41.4565208]}},
{"type":"Feature","properties":{"name":"Canal Fulton Christian Fellowship","religion":"christian","denomination":null,"group":"christian"},"geometry":{"type":"Point","coordinates":[-81.576739601330019,40.8816651]}},
{"type":"Feature","properties":{"name":"Heights Jewish Center","religion":"jewish","denomination":null,"group":"jewish"},"geometry":{"type":"Point","coordinates":[-81.526233631336012,41.501065]}},
{"type":"Feature","properties":{"name":null,"religion":"christian","denomination":null,"group":"christian"},"geometry":{"type":"Point","coordinates":[-81.343584157144619,41.32411495]}},
{"type":"Feature","properties":{"name":"John Knox Presbyterian Church","religion":"christian","denomination":"presbyterian","group":"presbyterian"},"geometry":{"type":"Point","coordinates":[-81.443821839508331,40.8713628]}},
{"type":"Feature","properties":{"name":"Abiding Savior Lutheran Church","religion":"christian","denomination":"evangelical_lutheran","group":"evangelical_lutheran"},"geometry":{"type":"Point","coordinates":[-81.13544407363014,40.9036282]}},
{"type":"Feature","properties":{"name":"Strongsville United Methodist Church","religion":"christian","denomination":"united_methodist","group":"united_methodist"},"geometry":{"type":"Point","coordinates":[-81.789041986424138,41.31480135]}},
{"type":"Feature","properties":{"name":null,"religion":"christian","denomination":null,"group":"christian"},"geometry":{"type":"Point","coordinates":[-81.612914388191228,41.09072425]}}
]
}
